Year,Branch_Name,CAP_Round,College_Code,College_Name,Location,College_Type,Category,Seat_Type,Gender,Rank,Percentile
2022-23,D Pharmacy,CAP Round I,01115,"J.S.P Mandal's Sudhakarrao Naik Institute of Pharmacy, Pusad Dist. Yavatmal",Yavatmal,Unaided,GOPENS,State Level,Any,5686,
2022-23,D Pharmacy,CAP Round I,01115,"J.S.P Mandal's Sudhakarrao Naik Institute of Pharmacy, Pusad Dist. Yavatmal",Yavatmal,Unaided,LOPENS,State Level,Ladies,3260,
2022-23,D Pharmacy,CAP Round I,01115,"J.S.P Mandal's Sudhakarrao Naik Institute of Pharmacy, Pusad Dist. Yavatmal",Yavatmal,Unaided,GSCS,State Level,Any,9875,
2022-23,D Pharmacy,CAP Round I,01115,"J.S.P Mandal's Sudhakarrao Naik Institute of Pharmacy, Pusad Dist. Yavatmal",Yavatmal,Unaided,LSCS,State Level,Ladies,6766,
2022-23,D Pharmacy,CAP Round I,01115,"J.S.P Mandal's Sudhakarrao Naik Institute of Pharmacy, Pusad Dist. Yavatmal",Yavatmal,Unaided,GSTS,State Level,Any,12668,
2022-23,D Pharmacy,CAP Round I,01115,"J.S.P Mandal's Sudhakarrao Naik Institute of Pharmacy, Pusad Dist. Yavatmal",Yavatmal,Unaided,LSTS,State Level,Ladies,12373,
2022-23,D Pharmacy,CAP Round I,01115,"J.S.P Mandal's Sudhakarrao Naik Institute of Pharmacy, Pusad Dist. Yavatmal",Yavatmal,Unaided,GVJS,State Level,Any,6058,
2022-23,D Pharmacy,CAP Round I,01115,"J.S.P Mandal's Sudhakarrao Naik Institute of Pharmacy, Pusad Dist. Yavatmal",Yavatmal,Unaided,GNT1S,State Level,Any,6434,
2022-23,D Pharmacy,CAP Round I,01115,"J.S.P Mandal's Sudhakarrao Naik Institute of Pharmacy, Pusad Dist. Yavatmal",Yavatmal,Unaided,GNT2S,State Level,Any,8343,
2022-23,D Pharmacy,CAP Round I,01115,"J.S.P Mandal's Sudhakarrao Naik Institute of Pharmacy, Pusad Dist. Yavatmal",Yavatmal,Unaided,LNT2S,State Level,Ladies,9365,
2022-23,D Pharmacy,CAP Round I,01115,"J.S.P Mandal's Sudhakarrao Naik Institute of Pharmacy, Pusad Dist. Yavatmal",Yavatmal,Unaided,GNT3S,State Level,Any,20406,
2022-23,D Pharmacy,CAP Round I,01115,"J.S.P Mandal's Sudhakarrao Naik Institute of Pharmacy, Pusad Dist. Yavatmal",Yavatmal,Unaided,GOBCS,State Level,Any,10908,
2022-23,D Pharmacy,CAP Round I,01115,"J.S.P Mandal's Sudhakarrao Naik Institute of Pharmacy, Pusad Dist. Yavatmal",Yavatmal,Unaided,LOBCS,State Level,Ladies,8755,
2022-23,D Pharmacy,CAP Round I,01115,"J.S.P Mandal's Sudhakarrao Naik Institute of Pharmacy, Pusad Dist. Yavatmal",Yavatmal,Unaided,EWS,Special,Any,4491,
2022-23,D Pharmacy,CAP Round I,01115,"J.S.P Mandal's Sudhakarrao Naik Institute of Pharmacy, Pusad Dist. Yavatmal",Yavatmal,Unaided,TFWS,Special,Any,3043,
2022-23,D Pharmacy,CAP Round I,01133,"Anuradha College Of Pharmacy, Chikhli",Buldhana,Unaided,GOPENS,State Level,Any,3534,
2022-23,D Pharmacy,CAP Round I,01133,"Anuradha College Of Pharmacy, Chikhli",Buldhana,Unaided,LOPENS,State Level,Ladies,1783,
2022-23,D Pharmacy,CAP Round I,01133,"Anuradha College Of Pharmacy, Chikhli",Buldhana,Unaided,GSCS,State Level,Any,6429,
2022-23,D Pharmacy,CAP Round I,01133,"Anuradha College Of Pharmacy, Chikhli",Buldhana,Unaided,LSCS,State Level,Ladies,5919,
2022-23,D Pharmacy,CAP Round I,01133,"Anuradha College Of Pharmacy, Chikhli",Buldhana,Unaided,GSTS,State Level,Any,45686,
2022-23,D Pharmacy,CAP Round I,01133,"Anuradha College Of Pharmacy, Chikhli",Buldhana,Unaided,LSTS,State Level,Ladies,50640,
2022-23,D Pharmacy,CAP Round I,01133,"Anuradha College Of Pharmacy, Chikhli",Buldhana,Unaided,GVJS,State Level,Any,4777,
2022-23,D Pharmacy,CAP Round I,01133,"Anuradha College Of Pharmacy, Chikhli",Buldhana,Unaided,GNT1S,State Level,Any,4750,
2022-23,D Pharmacy,CAP Round I,01133,"Anuradha College Of Pharmacy, Chikhli",Buldhana,Unaided,LNT1S,State Level,Ladies,3989,
2022-23,D Pharmacy,CAP Round I,01133,"Anuradha College Of Pharmacy, Chikhli",Buldhana,Unaided,GNT2S,State Level,Any,4411,
2022-23,D Pharmacy,CAP Round I,01133,"Anuradha College Of Pharmacy, Chikhli",Buldhana,Unaided,LNT2S,State Level,Ladies,3235,
2022-23,D Pharmacy,CAP Round I,01133,"Anuradha College Of Pharmacy, Chikhli",Buldhana,Unaided,GNT3S,State Level,Any,3928,
2022-23,D Pharmacy,CAP Round I,01133,"Anuradha College Of Pharmacy, Chikhli",Buldhana,Unaided,GOBCS,State Level,Any,4009,
2022-23,D Pharmacy,CAP Round I,01133,"Anuradha College Of Pharmacy, Chikhli",Buldhana,Unaided,LOBCS,State Level,Ladies,2590,
2022-23,D Pharmacy,CAP Round I,01133,"Anuradha College Of Pharmacy, Chikhli",Buldhana,Unaided,PWDOPENS,State Level,Any,24199,
2022-23,D Pharmacy,CAP Round I,01133,"Anuradha College Of Pharmacy, Chikhli",Buldhana,Unaided,EWS,Special,Any,5722,
2022-23,D Pharmacy,CAP Round I,01133,"Anuradha College Of Pharmacy, Chikhli",Buldhana,Unaided,TFWS,Special,Any,306,
2022-23,D Pharmacy,CAP Round I,01136,"Dr. Rajendra Gode College of Pharmacy,Malkapur",Akola,Unaided,GOPENS,State Level,Any,6107,
2022-23,D Pharmacy,CAP Round I,01136,"Dr. Rajendra Gode College of Pharmacy,Malkapur",Akola,Unaided,LOPENS,State Level,Ladies,2636,
2022-23,D Pharmacy,CAP Round I,01136,"Dr. Rajendra Gode College of Pharmacy,Malkapur",Akola,Unaided,GSCS,State Level,Any,14922,
2022-23,D Pharmacy,CAP Round I,01136,"Dr. Rajendra Gode College of Pharmacy,Malkapur",Akola,Unaided,LSCS,State Level,Ladies,4028,
2022-23,D Pharmacy,CAP Round I,01136,"Dr. Rajendra Gode College of Pharmacy,Malkapur",Akola,Unaided,GSTS,State Level,Any,44665,
2022-23,D Pharmacy,CAP Round I,01136,"Dr. Rajendra Gode College of Pharmacy,Malkapur",Akola,Unaided,LSTS,State Level,Ladies,19905,
2022-23,D Pharmacy,CAP Round I,01136,"Dr. Rajendra Gode College of Pharmacy,Malkapur",Akola,Unaided,GVJS,State Level,Any,14893,
2022-23,D Pharmacy,CAP Round I,01136,"Dr. Rajendra Gode College of Pharmacy,Malkapur",Akola,Unaided,GNT1S,State Level,Any,9193,
2022-23,D Pharmacy,CAP Round I,01136,"Dr. Rajendra Gode College of Pharmacy,Malkapur",Akola,Unaided,LNT1S,State Level,Ladies,3631,
2022-23,D Pharmacy,CAP Round I,01136,"Dr. Rajendra Gode College of Pharmacy,Malkapur",Akola,Unaided,GNT2S,State Level,Any,10737,
2022-23,D Pharmacy,CAP Round I,01136,"Dr. Rajendra Gode College of Pharmacy,Malkapur",Akola,Unaided,LNT2S,State Level,Ladies,22352,
2022-23,D Pharmacy,CAP Round I,01136,"Dr. Rajendra Gode College of Pharmacy,Malkapur",Akola,Unaided,GNT3S,State Level,Any,10096,
2022-23,D Pharmacy,CAP Round I,01136,"Dr. Rajendra Gode College of Pharmacy,Malkapur",Akola,Unaided,GOBCS,State Level,Any,7470,
2022-23,D Pharmacy,CAP Round I,01136,"Dr. Rajendra Gode College of Pharmacy,Malkapur",Akola,Unaided,LOBCS,State Level,Ladies,3647,
2022-23,D Pharmacy,CAP Round I,01136,"Dr. Rajendra Gode College of Pharmacy,Malkapur",Akola,Unaided,PWDOPENS,State Level,Any,64685,
2022-23,D Pharmacy,CAP Round I,01136,"Dr. Rajendra Gode College of Pharmacy,Malkapur",Akola,Unaided,EWS,Special,Any,11057,
2022-23,D Pharmacy,CAP Round I,01136,"Dr. Rajendra Gode College of Pharmacy,Malkapur",Akola,Unaided,TFWS,Special,Any,3708,
2022-23,D Pharmacy,CAP Round I,01155,"Shikshan Prsarak Mandal's Institute of Pharmacy, Wani",Washim,Unaided,GOPENS,State Level,Any,21155,
2022-23,D Pharmacy,CAP Round I,01155,"Shikshan Prsarak Mandal's Institute of Pharmacy, Wani",Washim,Unaided,LOPENS,State Level,Ladies,14294,
2022-23,D Pharmacy,CAP Round I,01155,"Shikshan Prsarak Mandal's Institute of Pharmacy, Wani",Washim,Unaided,GSCS,State Level,Any,32520,
2022-23,D Pharmacy,CAP Round I,01155,"Shikshan Prsarak Mandal's Institute of Pharmacy, Wani",Washim,Unaided,LSCS,State Level,Ladies,27236,
2022-23,D Pharmacy,CAP Round I,01155,"Shikshan Prsarak Mandal's Institute of Pharmacy, Wani",Washim,Unaided,GSTS,State Level,Any,32098,
2022-23,D Pharmacy,CAP Round I,01155,"Shikshan Prsarak Mandal's Institute of Pharmacy, Wani",Washim,Unaided,LSTS,State Level,Ladies,26989,
2022-23,D Pharmacy,CAP Round I,01155,"Shikshan Prsarak Mandal's Institute of Pharmacy, Wani",Washim,Unaided,GVJS,State Level,Any,21905,
2022-23,D Pharmacy,CAP Round I,01155,"Shikshan Prsarak Mandal's Institute of Pharmacy, Wani",Washim,Unaided,GNT1S,State Level,Any,23152,
2022-23,D Pharmacy,CAP Round I,01155,"Shikshan Prsarak Mandal's Institute of Pharmacy, Wani",Washim,Unaided,GNT2S,State Level,Any,29161,
2022-23,D Pharmacy,CAP Round I,01155,"Shikshan Prsarak Mandal's Institute of Pharmacy, Wani",Washim,Unaided,LNT2S,State Level,Ladies,28611,
2022-23,D Pharmacy,CAP Round I,01155,"Shikshan Prsarak Mandal's Institute of Pharmacy, Wani",Washim,Unaided,GNT3S,State Level,Any,25692,
2022-23,D Pharmacy,CAP Round I,01155,"Shikshan Prsarak Mandal's Institute of Pharmacy, Wani",Washim,Unaided,GOBCS,State Level,Any,24415,
2022-23,D Pharmacy,CAP Round I,01155,"Shikshan Prsarak Mandal's Institute of Pharmacy, Wani",Washim,Unaided,LOBCS,State Level,Ladies,21890,
2022-23,D Pharmacy,CAP Round I,01155,"Shikshan Prsarak Mandal's Institute of Pharmacy, Wani",Washim,Unaided,EWS,Special,Any,35282,
2022-23,D Pharmacy,CAP Round I,01155,"Shikshan Prsarak Mandal's Institute of Pharmacy, Wani",Washim,Unaided,TFWS,Special,Any,21649,
2022-23,D Pharmacy,CAP Round I,01156,"Janata Shikshan Prasarak Mandal's Sudhakarrao Naik Institute Of Pharmacy, Pusad",Yavatmal,Unaided,GOPENS,State Level,Any,9650,
2022-23,D Pharmacy,CAP Round I,01156,"Janata Shikshan Prasarak Mandal's Sudhakarrao Naik Institute Of Pharmacy, Pusad",Yavatmal,Unaided,LOPENS,State Level,Ladies,6235,
2022-23,D Pharmacy,CAP Round I,01156,"Janata Shikshan Prasarak Mandal's Sudhakarrao Naik Institute Of Pharmacy, Pusad",Yavatmal,Unaided,GSCS,State Level,Any,13795,
2022-23,D Pharmacy,CAP Round I,01156,"Janata Shikshan Prasarak Mandal's Sudhakarrao Naik Institute Of Pharmacy, Pusad",Yavatmal,Unaided,LSCS,State Level,Ladies,8063,
2022-23,D Pharmacy,CAP Round I,01156,"Janata Shikshan Prasarak Mandal's Sudhakarrao Naik Institute Of Pharmacy, Pusad",Yavatmal,Unaided,GSTS,State Level,Any,21959,
2022-23,D Pharmacy,CAP Round I,01156,"Janata Shikshan Prasarak Mandal's Sudhakarrao Naik Institute Of Pharmacy, Pusad",Yavatmal,Unaided,LSTS,State Level,Ladies,7217,
2022-23,D Pharmacy,CAP Round I,01156,"Janata Shikshan Prasarak Mandal's Sudhakarrao Naik Institute Of Pharmacy, Pusad",Yavatmal,Unaided,GVJS,State Level,Any,10370,
2022-23,D Pharmacy,CAP Round I,01156,"Janata Shikshan Prasarak Mandal's Sudhakarrao Naik Institute Of Pharmacy, Pusad",Yavatmal,Unaided,LVJS,State Level,Ladies,6383,
2022-23,D Pharmacy,CAP Round I,01156,"Janata Shikshan Prasarak Mandal's Sudhakarrao Naik Institute Of Pharmacy, Pusad",Yavatmal,Unaided,LNT1S,State Level,Ladies,6947,
2022-23,D Pharmacy,CAP Round I,01156,"Janata Shikshan Prasarak Mandal's Sudhakarrao Naik Institute Of Pharmacy, Pusad",Yavatmal,Unaided,GNT2S,State Level,Any,11056,
2022-23,D Pharmacy,CAP Round I,01156,"Janata Shikshan Prasarak Mandal's Sudhakarrao Naik Institute Of Pharmacy, Pusad",Yavatmal,Unaided,GNT3S,State Level,Any,28623,
2022-23,D Pharmacy,CAP Round I,01156,"Janata Shikshan Prasarak Mandal's Sudhakarrao Naik Institute Of Pharmacy, Pusad",Yavatmal,Unaided,GOBCS,State Level,Any,16104,
2022-23,D Pharmacy,CAP Round I,01156,"Janata Shikshan Prasarak Mandal's Sudhakarrao Naik Institute Of Pharmacy, Pusad",Yavatmal,Unaided,LOBCS,State Level,Ladies,9564,
2022-23,D Pharmacy,CAP Round I,01156,"Janata Shikshan Prasarak Mandal's Sudhakarrao Naik Institute Of Pharmacy, Pusad",Yavatmal,Unaided,EWS,Special,Any,8159,
2022-23,D Pharmacy,CAP Round I,01156,"Janata Shikshan Prasarak Mandal's Sudhakarrao Naik Institute Of Pharmacy, Pusad",Yavatmal,Unaided,TFWS,Special,Any,1732,
2022-23,D Pharmacy,CAP Round I,01157,"Shri Chhatrapati Shahumaharaj Shikshan Santha's Institute Of Pharmacy, Maregaon",Yavatmal,Unaided,GOPENS,State Level,Any,18731,
2022-23,D Pharmacy,CAP Round I,01157,"Shri Chhatrapati Shahumaharaj Shikshan Santha's Institute Of Pharmacy, Maregaon",Yavatmal,Unaided,LOPENS,State Level,Ladies,14040,
2022-23,D Pharmacy,CAP Round I,01157,"Shri Chhatrapati Shahumaharaj Shikshan Santha's Institute Of Pharmacy, Maregaon",Yavatmal,Unaided,GSCS,State Level,Any,29225,
2022-23,D Pharmacy,CAP Round I,01157,"Shri Chhatrapati Shahumaharaj Shikshan Santha's Institute Of Pharmacy, Maregaon",Yavatmal,Unaided,LSCS,State Level,Ladies,36294,
2022-23,D Pharmacy,CAP Round I,01157,"Shri Chhatrapati Shahumaharaj Shikshan Santha's Institute Of Pharmacy, Maregaon",Yavatmal,Unaided,GSTS,State Level,Any,42016,
2022-23,D Pharmacy,CAP Round I,01157,"Shri Chhatrapati Shahumaharaj Shikshan Santha's Institute Of Pharmacy, Maregaon",Yavatmal,Unaided,LSTS,State Level,Ladies,17507,
2022-23,D Pharmacy,CAP Round I,01157,"Shri Chhatrapati Shahumaharaj Shikshan Santha's Institute Of Pharmacy, Maregaon",Yavatmal,Unaided,GVJS,State Level,Any,21698,
2022-23,D Pharmacy,CAP Round I,01157,"Shri Chhatrapati Shahumaharaj Shikshan Santha's Institute Of Pharmacy, Maregaon",Yavatmal,Unaided,LVJS,State Level,Ladies,16424,
2022-23,D Pharmacy,CAP Round I,01157,"Shri Chhatrapati Shahumaharaj Shikshan Santha's Institute Of Pharmacy, Maregaon",Yavatmal,Unaided,GNT1S,State Level,Any,20935,
2022-23,D Pharmacy,CAP Round I,01157,"Shri Chhatrapati Shahumaharaj Shikshan Santha's Institute Of Pharmacy, Maregaon",Yavatmal,Unaided,GNT2S,State Level,Any,25512,
2022-23,D Pharmacy,CAP Round I,01157,"Shri Chhatrapati Shahumaharaj Shikshan Santha's Institute Of Pharmacy, Maregaon",Yavatmal,Unaided,GNT3S,State Level,Any,30818,
2022-23,D Pharmacy,CAP Round I,01157,"Shri Chhatrapati Shahumaharaj Shikshan Santha's Institute Of Pharmacy, Maregaon",Yavatmal,Unaided,GOBCS,State Level,Any,25185,
2022-23,D Pharmacy,CAP Round I,01157,"Shri Chhatrapati Shahumaharaj Shikshan Santha's Institute Of Pharmacy, Maregaon",Yavatmal,Unaided,LOBCS,State Level,Ladies,16355,
2022-23,D Pharmacy,CAP Round I,01157,"Shri Chhatrapati Shahumaharaj Shikshan Santha's Institute Of Pharmacy, Maregaon",Yavatmal,Unaided,PWDOPENS,State Level,Any,60199,
2022-23,D Pharmacy,CAP Round I,01157,"Shri Chhatrapati Shahumaharaj Shikshan Santha's Institute Of Pharmacy, Maregaon",Yavatmal,Unaided,EWS,Special,Any,28686,
2022-23,D Pharmacy,CAP Round I,01157,"Shri Chhatrapati Shahumaharaj Shikshan Santha's Institute Of Pharmacy, Maregaon",Yavatmal,Unaided,TFWS,Special,Any,22175,
2022-23,D Pharmacy,CAP Round I,01158,"Paramhansa Ramkrishna Maunibaba Shikshan Santha's Anuradha College of Pharmacy, Chikhali",Buldhana,Unaided,GOPENS,State Level,Any,6788,
2022-23,D Pharmacy,CAP Round I,01158,"Paramhansa Ramkrishna Maunibaba Shikshan Santha's Anuradha College of Pharmacy, Chikhali",Buldhana,Unaided,LOPENS,State Level,Ladies,4725,
2022-23,D Pharmacy,CAP Round I,01158,"Paramhansa Ramkrishna Maunibaba Shikshan Santha's Anuradha College of Pharmacy, Chikhali",Buldhana,Unaided,GSCS,State Level,Any,13286,
2022-23,D Pharmacy,CAP Round I,01158,"Paramhansa Ramkrishna Maunibaba Shikshan Santha's Anuradha College of Pharmacy, Chikhali",Buldhana,Unaided,LSCS,State Level,Ladies,7298,
2022-23,D Pharmacy,CAP Round I,01158,"Paramhansa Ramkrishna Maunibaba Shikshan Santha's Anuradha College of Pharmacy, Chikhali",Buldhana,Unaided,GSTS,State Level,Any,11201,
2022-23,D Pharmacy,CAP Round I,01158,"Paramhansa Ramkrishna Maunibaba Shikshan Santha's Anuradha College of Pharmacy, Chikhali",Buldhana,Unaided,GVJS,State Level,Any,7723,
2022-23,D Pharmacy,CAP Round I,01158,"Paramhansa Ramkrishna Maunibaba Shikshan Santha's Anuradha College of Pharmacy, Chikhali",Buldhana,Unaided,GNT1S,State Level,Any,17139,
2022-23,D Pharmacy,CAP Round I,01158,"Paramhansa Ramkrishna Maunibaba Shikshan Santha's Anuradha College of Pharmacy, Chikhali",Buldhana,Unaided,LNT1S,State Level,Ladies,25477,
2022-23,D Pharmacy,CAP Round I,01158,"Paramhansa Ramkrishna Maunibaba Shikshan Santha's Anuradha College of Pharmacy, Chikhali",Buldhana,Unaided,GNT2S,State Level,Any,12551,
2022-23,D Pharmacy,CAP Round I,01158,"Paramhansa Ramkrishna Maunibaba Shikshan Santha's Anuradha College of Pharmacy, Chikhali",Buldhana,Unaided,LNT2S,State Level,Ladies,7219,
2022-23,D Pharmacy,CAP Round I,01158,"Paramhansa Ramkrishna Maunibaba Shikshan Santha's Anuradha College of Pharmacy, Chikhali",Buldhana,Unaided,GNT3S,State Level,Any,6834,
2022-23,D Pharmacy,CAP Round I,01158,"Paramhansa Ramkrishna Maunibaba Shikshan Santha's Anuradha College of Pharmacy, Chikhali",Buldhana,Unaided,LNT3S,State Level,Ladies,10284,
2022-23,D Pharmacy,CAP Round I,01158,"Paramhansa Ramkrishna Maunibaba Shikshan Santha's Anuradha College of Pharmacy, Chikhali",Buldhana,Unaided,GOBCS,State Level,Any,7901,
2022-23,D Pharmacy,CAP Round I,01158,"Paramhansa Ramkrishna Maunibaba Shikshan Santha's Anuradha College of Pharmacy, Chikhali",Buldhana,Unaided,LOBCS,State Level,Ladies,6073,
2022-23,D Pharmacy,CAP Round I,01158,"Paramhansa Ramkrishna Maunibaba Shikshan Santha's Anuradha College of Pharmacy, Chikhali",Buldhana,Unaided,PWDOPENS,State Level,Any,70058,
2022-23,D Pharmacy,CAP Round I,01158,"Paramhansa Ramkrishna Maunibaba Shikshan Santha's Anuradha College of Pharmacy, Chikhali",Buldhana,Unaided,EWS,Special,Any,12638,
2022-23,D Pharmacy,CAP Round I,01158,"Paramhansa Ramkrishna Maunibaba Shikshan Santha's Anuradha College of Pharmacy, Chikhali",Buldhana,Unaided,TFWS,Special,Any,1353,
2022-23,D Pharmacy,CAP Round I,01159,"Navsanjivan Shikshan Mandal's College of Pharmacy, Dharwa",Yavatmal,Unaided,GOPENS,State Level,Any,13323,
2022-23,D Pharmacy,CAP Round I,01159,"Navsanjivan Shikshan Mandal's College of Pharmacy, Dharwa",Yavatmal,Unaided,LOPENS,State Level,Ladies,6550,
2022-23,D Pharmacy,CAP Round I,01159,"Navsanjivan Shikshan Mandal's College of Pharmacy, Dharwa",Yavatmal,Unaided,GSCS,State Level,Any,26640,
2022-23,D Pharmacy,CAP Round I,01159,"Navsanjivan Shikshan Mandal's College of Pharmacy, Dharwa",Yavatmal,Unaided,LSCS,State Level,Ladies,26467,
2022-23,D Pharmacy,CAP Round I,01159,"Navsanjivan Shikshan Mandal's College of Pharmacy, Dharwa",Yavatmal,Unaided,GSTS,State Level,Any,48793,
2022-23,D Pharmacy,CAP Round I,01159,"Navsanjivan Shikshan Mandal's College of Pharmacy, Dharwa",Yavatmal,Unaided,LSTS,State Level,Ladies,43289,
2022-23,D Pharmacy,CAP Round I,01159,"Navsanjivan Shikshan Mandal's College of Pharmacy, Dharwa",Yavatmal,Unaided,GVJS,State Level,Any,13369,
2022-23,D Pharmacy,CAP Round I,01159,"Navsanjivan Shikshan Mandal's College of Pharmacy, Dharwa",Yavatmal,Unaided,GNT1S,State Level,Any,19696,
2022-23,D Pharmacy,CAP Round I,01159,"Navsanjivan Shikshan Mandal's College of Pharmacy, Dharwa",Yavatmal,Unaided,GNT2S,State Level,Any,18438,
2022-23,D Pharmacy,CAP Round I,01159,"Navsanjivan Shikshan Mandal's College of Pharmacy, Dharwa",Yavatmal,Unaided,LNT2S,State Level,Ladies,25973,
2022-23,D Pharmacy,CAP Round I,01159,"Navsanjivan Shikshan Mandal's College of Pharmacy, Dharwa",Yavatmal,Unaided,GOBCS,State Level,Any,17154,
2022-23,D Pharmacy,CAP Round I,01159,"Navsanjivan Shikshan Mandal's College of Pharmacy, Dharwa",Yavatmal,Unaided,LOBCS,State Level,Ladies,11687,
2022-23,D Pharmacy,CAP Round I,01159,"Navsanjivan Shikshan Mandal's College of Pharmacy, Dharwa",Yavatmal,Unaided,PWDOPENS,State Level,Any,35608,
2022-23,D Pharmacy,CAP Round I,01159,"Navsanjivan Shikshan Mandal's College of Pharmacy, Dharwa",Yavatmal,Unaided,EWS,Special,Any,14968,
2022-23,D Pharmacy,CAP Round I,01159,"Navsanjivan Shikshan Mandal's College of Pharmacy, Dharwa",Yavatmal,Unaided,TFWS,Special,Any,853,
2022-23,D Pharmacy,CAP Round I,01160,"Shri.Durgamata Bahuudeshiya Krida and Shaikshanik Sanstha,Ishwar Deshmukh Institute Of Pharmacy, Digras",Yavatmal,Unaided,GOPENS,State Level,Any,11717,
2022-23,D Pharmacy,CAP Round I,01160,"Shri.Durgamata Bahuudeshiya Krida and Shaikshanik Sanstha,Ishwar Deshmukh Institute Of Pharmacy, Digras",Yavatmal,Unaided,LOPENS,State Level,Ladies,7090,
2022-23,D Pharmacy,CAP Round I,01160,"Shri.Durgamata Bahuudeshiya Krida and Shaikshanik Sanstha,Ishwar Deshmukh Institute Of Pharmacy, Digras",Yavatmal,Unaided,GSCS,State Level,Any,19831,
2022-23,D Pharmacy,CAP Round I,01160,"Shri.Durgamata Bahuudeshiya Krida and Shaikshanik Sanstha,Ishwar Deshmukh Institute Of Pharmacy, Digras",Yavatmal,Unaided,LSCS,State Level,Ladies,18709,
2022-23,D Pharmacy,CAP Round I,01160,"Shri.Durgamata Bahuudeshiya Krida and Shaikshanik Sanstha,Ishwar Deshmukh Institute Of Pharmacy, Digras",Yavatmal,Unaided,GSTS,State Level,Any,23005,
2022-23,D Pharmacy,CAP Round I,01160,"Shri.Durgamata Bahuudeshiya Krida and Shaikshanik Sanstha,Ishwar Deshmukh Institute Of Pharmacy, Digras",Yavatmal,Unaided,LSTS,State Level,Ladies,16502,
2022-23,D Pharmacy,CAP Round I,01160,"Shri.Durgamata Bahuudeshiya Krida and Shaikshanik Sanstha,Ishwar Deshmukh Institute Of Pharmacy, Digras",Yavatmal,Unaided,GVJS,State Level,Any,12266,
2022-23,D Pharmacy,CAP Round I,01160,"Shri.Durgamata Bahuudeshiya Krida and Shaikshanik Sanstha,Ishwar Deshmukh Institute Of Pharmacy, Digras",Yavatmal,Unaided,LVJS,State Level,Ladies,8445,
2022-23,D Pharmacy,CAP Round I,01160,"Shri.Durgamata Bahuudeshiya Krida and Shaikshanik Sanstha,Ishwar Deshmukh Institute Of Pharmacy, Digras",Yavatmal,Unaided,GNT1S,State Level,Any,13038,
2022-23,D Pharmacy,CAP Round I,01160,"Shri.Durgamata Bahuudeshiya Krida and Shaikshanik Sanstha,Ishwar Deshmukh Institute Of Pharmacy, Digras",Yavatmal,Unaided,GNT2S,State Level,Any,16333,
2022-23,D Pharmacy,CAP Round I,01160,"Shri.Durgamata Bahuudeshiya Krida and Shaikshanik Sanstha,Ishwar Deshmukh Institute Of Pharmacy, Digras",Yavatmal,Unaided,GNT3S,State Level,Any,17639,
2022-23,D Pharmacy,CAP Round I,01160,"Shri.Durgamata Bahuudeshiya Krida and Shaikshanik Sanstha,Ishwar Deshmukh Institute Of Pharmacy, Digras",Yavatmal,Unaided,GOBCS,State Level,Any,16418,
2022-23,D Pharmacy,CAP Round I,01160,"Shri.Durgamata Bahuudeshiya Krida and Shaikshanik Sanstha,Ishwar Deshmukh Institute Of Pharmacy, Digras",Yavatmal,Unaided,LOBCS,State Level,Ladies,13197,
2022-23,D Pharmacy,CAP Round I,01160,"Shri.Durgamata Bahuudeshiya Krida and Shaikshanik Sanstha,Ishwar Deshmukh Institute Of Pharmacy, Digras",Yavatmal,Unaided,PWDOPENS,State Level,Any,82657,
2022-23,D Pharmacy,CAP Round I,01160,"Shri.Durgamata Bahuudeshiya Krida and Shaikshanik Sanstha,Ishwar Deshmukh Institute Of Pharmacy, Digras",Yavatmal,Unaided,DEFOPENS,State Level,Any,65546,
2022-23,D Pharmacy,CAP Round I,01160,"Shri.Durgamata Bahuudeshiya Krida and Shaikshanik Sanstha,Ishwar Deshmukh Institute Of Pharmacy, Digras",Yavatmal,Unaided,EWS,Special,Any,10253,
2022-23,D Pharmacy,CAP Round I,01160,"Shri.Durgamata Bahuudeshiya Krida and Shaikshanik Sanstha,Ishwar Deshmukh Institute Of Pharmacy, Digras",Yavatmal,Unaided,TFWS,Special,Any,5010,
2022-23,D Pharmacy,CAP Round I,01161,"Matoshri Education Society's Satyajeet College of Pharmacy, Khandala, Akola Road Mehkar, Tq. Mehkar, Dist. Buldhana",Buldhana,Unaided,GOPENS,State Level,Any,9194,
2022-23,D Pharmacy,CAP Round I,01161,"Matoshri Education Society's Satyajeet College of Pharmacy, Khandala, Akola Road Mehkar, Tq. Mehkar, Dist. Buldhana",Buldhana,Unaided,LOPENS,State Level,Ladies,5665,
2022-23,D Pharmacy,CAP Round I,01161,"Matoshri Education Society's Satyajeet College of Pharmacy, Khandala, Akola Road Mehkar, Tq. Mehkar, Dist. Buldhana",Buldhana,Unaided,GSCS,State Level,Any,15435,
2022-23,D Pharmacy,CAP Round I,01161,"Matoshri Education Society's Satyajeet College of Pharmacy, Khandala, Akola Road Mehkar, Tq. Mehkar, Dist. Buldhana",Buldhana,Unaided,LSCS,State Level,Ladies,10340,
2022-23,D Pharmacy,CAP Round I,01161,"Matoshri Education Society's Satyajeet College of Pharmacy, Khandala, Akola Road Mehkar, Tq. Mehkar, Dist. Buldhana",Buldhana,Unaided,GSTS,State Level,Any,45193,
2022-23,D Pharmacy,CAP Round I,01161,"Matoshri Education Society's Satyajeet College of Pharmacy, Khandala, Akola Road Mehkar, Tq. Mehkar, Dist. Buldhana",Buldhana,Unaided,GVJS,State Level,Any,13135,
2022-23,D Pharmacy,CAP Round I,01161,"Matoshri Education Society's Satyajeet College of Pharmacy, Khandala, Akola Road Mehkar, Tq. Mehkar, Dist. Buldhana",Buldhana,Unaided,LVJS,State Level,Ladies,14940,
2022-23,D Pharmacy,CAP Round I,01161,"Matoshri Education Society's Satyajeet College of Pharmacy, Khandala, Akola Road Mehkar, Tq. Mehkar, Dist. Buldhana",Buldhana,Unaided,GNT1S,State Level,Any,15818,
2022-23,D Pharmacy,CAP Round I,01161,"Matoshri Education Society's Satyajeet College of Pharmacy, Khandala, Akola Road Mehkar, Tq. Mehkar, Dist. Buldhana",Buldhana,Unaided,GNT2S,State Level,Any,18670,
2022-23,D Pharmacy,CAP Round I,01161,"Matoshri Education Society's Satyajeet College of Pharmacy, Khandala, Akola Road Mehkar, Tq. Mehkar, Dist. Buldhana",Buldhana,Unaided,GNT3S,State Level,Any,9682,
2022-23,D Pharmacy,CAP Round I,01161,"Matoshri Education Society's Satyajeet College of Pharmacy, Khandala, Akola Road Mehkar, Tq. Mehkar, Dist. Buldhana",Buldhana,Unaided,GOBCS,State Level,Any,10596,
2022-23,D Pharmacy,CAP Round I,01161,"Matoshri Education Society's Satyajeet College of Pharmacy, Khandala, Akola Road Mehkar, Tq. Mehkar, Dist. Buldhana",Buldhana,Unaided,LOBCS,State Level,Ladies,7910,
2022-23,D Pharmacy,CAP Round I,01161,"Matoshri Education Society's Satyajeet College of Pharmacy, Khandala, Akola Road Mehkar, Tq. Mehkar, Dist. Buldhana",Buldhana,Unaided,EWS,Special,Any,16290,
2022-23,D Pharmacy,CAP Round I,01161,"Matoshri Education Society's Satyajeet College of Pharmacy, Khandala, Akola Road Mehkar, Tq. Mehkar, Dist. Buldhana",Buldhana,Unaided,TFWS,Special,Any,4038,
2022-23,D Pharmacy,CAP Round I,01162,"Sanjay Rathod Shikshan Sanstha's Manohar Naik Institute of Pharmacy,Umarkhed",Washim,Unaided,GOPENS,State Level,Any,14434,
2022-23,D Pharmacy,CAP Round I,01162,"Sanjay Rathod Shikshan Sanstha's Manohar Naik Institute of Pharmacy,Umarkhed",Washim,Unaided,LOPENS,State Level,Ladies,3936,
2022-23,D Pharmacy,CAP Round I,01162,"Sanjay Rathod Shikshan Sanstha's Manohar Naik Institute of Pharmacy,Umarkhed",Washim,Unaided,GSCS,State Level,Any,23397,
2022-23,D Pharmacy,CAP Round I,01162,"Sanjay Rathod Shikshan Sanstha's Manohar Naik Institute of Pharmacy,Umarkhed",Washim,Unaided,LSCS,State Level,Ladies,21110,
2022-23,D Pharmacy,CAP Round I,01162,"Sanjay Rathod Shikshan Sanstha's Manohar Naik Institute of Pharmacy,Umarkhed",Washim,Unaided,GSTS,State Level,Any,55570,
2022-23,D Pharmacy,CAP Round I,01162,"Sanjay Rathod Shikshan Sanstha's Manohar Naik Institute of Pharmacy,Umarkhed",Washim,Unaided,LSTS,State Level,Ladies,51001,
2022-23,D Pharmacy,CAP Round I,01162,"Sanjay Rathod Shikshan Sanstha's Manohar Naik Institute of Pharmacy,Umarkhed",Washim,Unaided,GVJS,State Level,Any,14680,
2022-23,D Pharmacy,CAP Round I,01162,"Sanjay Rathod Shikshan Sanstha's Manohar Naik Institute of Pharmacy,Umarkhed",Washim,Unaided,LNT1S,State Level,Ladies,12957,
2022-23,D Pharmacy,CAP Round I,01162,"Sanjay Rathod Shikshan Sanstha's Manohar Naik Institute of Pharmacy,Umarkhed",Washim,Unaided,GNT2S,State Level,Any,15776,
2022-23,D Pharmacy,CAP Round I,01162,"Sanjay Rathod Shikshan Sanstha's Manohar Naik Institute of Pharmacy,Umarkhed",Washim,Unaided,LNT2S,State Level,Ladies,11194,
2022-23,D Pharmacy,CAP Round I,01162,"Sanjay Rathod Shikshan Sanstha's Manohar Naik Institute of Pharmacy,Umarkhed",Washim,Unaided,GNT3S,State Level,Any,29996,
2022-23,D Pharmacy,CAP Round I,01162,"Sanjay Rathod Shikshan Sanstha's Manohar Naik Institute of Pharmacy,Umarkhed",Washim,Unaided,GOBCS,State Level,Any,19913,
2022-23,D Pharmacy,CAP Round I,01162,"Sanjay Rathod Shikshan Sanstha's Manohar Naik Institute of Pharmacy,Umarkhed",Washim,Unaided,LOBCS,State Level,Ladies,17370,
2022-23,D Pharmacy,CAP Round I,01162,"Sanjay Rathod Shikshan Sanstha's Manohar Naik Institute of Pharmacy,Umarkhed",Washim,Unaided,EWS,Special,Any,12437,
2022-23,D Pharmacy,CAP Round I,01162,"Sanjay Rathod Shikshan Sanstha's Manohar Naik Institute of Pharmacy,Umarkhed",Washim,Unaided,TFWS,Special,Any,7153,
2022-23,D Pharmacy,CAP Round I,01163,"Mahila Utkarsha Pratishstan's Pharmacy College, Risod, Dist. Washim",Washim,Unaided,GOPENS,State Level,Any,4297,
2022-23,D Pharmacy,CAP Round I,01163,"Mahila Utkarsha Pratishstan's Pharmacy College, Risod, Dist. Washim",Washim,Unaided,LOPENS,State Level,Ladies,1143,
2022-23,D Pharmacy,CAP Round I,01163,"Mahila Utkarsha Pratishstan's Pharmacy College, Risod, Dist. Washim",Washim,Unaided,GSCS,State Level,Any,10071,
2022-23,D Pharmacy,CAP Round I,01163,"Mahila Utkarsha Pratishstan's Pharmacy College, Risod, Dist. Washim",Washim,Unaided,LSCS,State Level,Ladies,4226,
2022-23,D Pharmacy,CAP Round I,01163,"Mahila Utkarsha Pratishstan's Pharmacy College, Risod, Dist. Washim",Washim,Unaided,GSTS,State Level,Any,57022,
2022-23,D Pharmacy,CAP Round I,01163,"Mahila Utkarsha Pratishstan's Pharmacy College, Risod, Dist. Washim",Washim,Unaided,LSTS,State Level,Ladies,3178,
2022-23,D Pharmacy,CAP Round I,01163,"Mahila Utkarsha Pratishstan's Pharmacy College, Risod, Dist. Washim",Washim,Unaided,GVJS,State Level,Any,9530,
2022-23,D Pharmacy,CAP Round I,01163,"Mahila Utkarsha Pratishstan's Pharmacy College, Risod, Dist. Washim",Washim,Unaided,LVJS,State Level,Ladies,8310,
2022-23,D Pharmacy,CAP Round I,01163,"Mahila Utkarsha Pratishstan's Pharmacy College, Risod, Dist. Washim",Washim,Unaided,GNT1S,State Level,Any,5953,
2022-23,D Pharmacy,CAP Round I,01163,"Mahila Utkarsha Pratishstan's Pharmacy College, Risod, Dist. Washim",Washim,Unaided,GNT2S,State Level,Any,5194,
2022-23,D Pharmacy,CAP Round I,01163,"Mahila Utkarsha Pratishstan's Pharmacy College, Risod, Dist. Washim",Washim,Unaided,LNT2S,State Level,Ladies,1317,
2022-23,D Pharmacy,CAP Round I,01163,"Mahila Utkarsha Pratishstan's Pharmacy College, Risod, Dist. Washim",Washim,Unaided,LNT3S,State Level,Ladies,4733,
2022-23,D Pharmacy,CAP Round I,01163,"Mahila Utkarsha Pratishstan's Pharmacy College, Risod, Dist. Washim",Washim,Unaided,GOBCS,State Level,Any,6770,
2022-23,D Pharmacy,CAP Round I,01163,"Mahila Utkarsha Pratishstan's Pharmacy College, Risod, Dist. Washim",Washim,Unaided,LOBCS,State Level,Ladies,2081,
2022-23,D Pharmacy,CAP Round I,01163,"Mahila Utkarsha Pratishstan's Pharmacy College, Risod, Dist. Washim",Washim,Unaided,PWDOPENS,State Level,Any,33071,
2022-23,D Pharmacy,CAP Round I,01163,"Mahila Utkarsha Pratishstan's Pharmacy College, Risod, Dist. Washim",Washim,Unaided,EWS,Special,Any,5113,
2022-23,D Pharmacy,CAP Round I,01163,"Mahila Utkarsha Pratishstan's Pharmacy College, Risod, Dist. Washim",Washim,Unaided,TFWS,Special,Any,3227,
2022-23,D Pharmacy,CAP Round I,01164,"Shree, Swami Samarth Institute of Pharmacy, at parsodi, Dhamangaon Rly, Dist.Amravati",Amravati,Unaided,GOPENS,State Level,Any,16082,
2022-23,D Pharmacy,CAP Round I,01164,"Shree, Swami Samarth Institute of Pharmacy, at parsodi, Dhamangaon Rly, Dist.Amravati",Amravati,Unaided,LOPENS,State Level,Ladies,12578,
2022-23,D Pharmacy,CAP Round I,01164,"Shree, Swami Samarth Institute of Pharmacy, at parsodi, Dhamangaon Rly, Dist.Amravati",Amravati,Unaided,GSCS,State Level,Any,23706,
2022-23,D Pharmacy,CAP Round I,01164,"Shree, Swami Samarth Institute of Pharmacy, at parsodi, Dhamangaon Rly, Dist.Amravati",Amravati,Unaided,LSCS,State Level,Ladies,23619,
2022-23,D Pharmacy,CAP Round I,01164,"Shree, Swami Samarth Institute of Pharmacy, at parsodi, Dhamangaon Rly, Dist.Amravati",Amravati,Unaided,GSTS,State Level,Any,44318,
2022-23,D Pharmacy,CAP Round I,01164,"Shree, Swami Samarth Institute of Pharmacy, at parsodi, Dhamangaon Rly, Dist.Amravati",Amravati,Unaided,LSTS,State Level,Ladies,43273,
2022-23,D Pharmacy,CAP Round I,01164,"Shree, Swami Samarth Institute of Pharmacy, at parsodi, Dhamangaon Rly, Dist.Amravati",Amravati,Unaided,GVJS,State Level,Any,17771,
2022-23,D Pharmacy,CAP Round I,01164,"Shree, Swami Samarth Institute of Pharmacy, at parsodi, Dhamangaon Rly, Dist.Amravati",Amravati,Unaided,GNT1S,State Level,Any,22149,
2022-23,D Pharmacy,CAP Round I,01164,"Shree, Swami Samarth Institute of Pharmacy, at parsodi, Dhamangaon Rly, Dist.Amravati",Amravati,Unaided,GNT2S,State Level,Any,18616,
2022-23,D Pharmacy,CAP Round I,01164,"Shree, Swami Samarth Institute of Pharmacy, at parsodi, Dhamangaon Rly, Dist.Amravati",Amravati,Unaided,LNT2S,State Level,Ladies,21692,
2022-23,D Pharmacy,CAP Round I,01164,"Shree, Swami Samarth Institute of Pharmacy, at parsodi, Dhamangaon Rly, Dist.Amravati",Amravati,Unaided,GNT3S,State Level,Any,20911,
2022-23,D Pharmacy,CAP Round I,01164,"Shree, Swami Samarth Institute of Pharmacy, at parsodi, Dhamangaon Rly, Dist.Amravati",Amravati,Unaided,GOBCS,State Level,Any,17806,
2022-23,D Pharmacy,CAP Round I,01164,"Shree, Swami Samarth Institute of Pharmacy, at parsodi, Dhamangaon Rly, Dist.Amravati",Amravati,Unaided,LOBCS,State Level,Ladies,17110,
2022-23,D Pharmacy,CAP Round I,01164,"Shree, Swami Samarth Institute of Pharmacy, at parsodi, Dhamangaon Rly, Dist.Amravati",Amravati,Unaided,EWS,Special,Any,16847,
2022-23,D Pharmacy,CAP Round I,01164,"Shree, Swami Samarth Institute of Pharmacy, at parsodi, Dhamangaon Rly, Dist.Amravati",Amravati,Unaided,TFWS,Special,Any,9106,
2022-23,D Pharmacy,CAP Round I,01165,"Dwarka Bahuuddeshiya Gramin Vikas Foundation's Rajashri Shahu College Of Pharmacy, Buldhana",Buldhana,Unaided,GOPENS,State Level,Any,9010,
2022-23,D Pharmacy,CAP Round I,01165,"Dwarka Bahuuddeshiya Gramin Vikas Foundation's Rajashri Shahu College Of Pharmacy, Buldhana",Buldhana,Unaided,LOPENS,State Level,Ladies,3545,
2022-23,D Pharmacy,CAP Round I,01165,"Dwarka Bahuuddeshiya Gramin Vikas Foundation's Rajashri Shahu College Of Pharmacy, Buldhana",Buldhana,Unaided,GSCS,State Level,Any,15642,
2022-23,D Pharmacy,CAP Round I,01165,"Dwarka Bahuuddeshiya Gramin Vikas Foundation's Rajashri Shahu College Of Pharmacy, Buldhana",Buldhana,Unaided,LSCS,State Level,Ladies,13376,
2022-23,D Pharmacy,CAP Round I,01165,"Dwarka Bahuuddeshiya Gramin Vikas Foundation's Rajashri Shahu College Of Pharmacy, Buldhana",Buldhana,Unaided,GVJS,State Level,Any,14054,
2022-23,D Pharmacy,CAP Round I,01165,"Dwarka Bahuuddeshiya Gramin Vikas Foundation's Rajashri Shahu College Of Pharmacy, Buldhana",Buldhana,Unaided,GNT1S,State Level,Any,12255,
2022-23,D Pharmacy,CAP Round I,01165,"Dwarka Bahuuddeshiya Gramin Vikas Foundation's Rajashri Shahu College Of Pharmacy, Buldhana",Buldhana,Unaided,LNT1S,State Level,Ladies,6565,
2022-23,D Pharmacy,CAP Round I,01165,"Dwarka Bahuuddeshiya Gramin Vikas Foundation's Rajashri Shahu College Of Pharmacy, Buldhana",Buldhana,Unaided,GNT2S,State Level,Any,14174,
2022-23,D Pharmacy,CAP Round I,01165,"Dwarka Bahuuddeshiya Gramin Vikas Foundation's Rajashri Shahu College Of Pharmacy, Buldhana",Buldhana,Unaided,LNT2S,State Level,Ladies,21565,
2022-23,D Pharmacy,CAP Round I,01165,"Dwarka Bahuuddeshiya Gramin Vikas Foundation's Rajashri Shahu College Of Pharmacy, Buldhana",Buldhana,Unaided,GNT3S,State Level,Any,9877,
2022-23,D Pharmacy,CAP Round I,01165,"Dwarka Bahuuddeshiya Gramin Vikas Foundation's Rajashri Shahu College Of Pharmacy, Buldhana",Buldhana,Unaided,GOBCS,State Level,Any,11343,
2022-23,D Pharmacy,CAP Round I,01165,"Dwarka Bahuuddeshiya Gramin Vikas Foundation's Rajashri Shahu College Of Pharmacy, Buldhana",Buldhana,Unaided,LOBCS,State Level,Ladies,7616,
2022-23,D Pharmacy,CAP Round I,01165,"Dwarka Bahuuddeshiya Gramin Vikas Foundation's Rajashri Shahu College Of Pharmacy, Buldhana",Buldhana,Unaided,PWDOPENS,State Level,Any,46647,
2022-23,D Pharmacy,CAP Round I,01165,"Dwarka Bahuuddeshiya Gramin Vikas Foundation's Rajashri Shahu College Of Pharmacy, Buldhana",Buldhana,Unaided,EWS,Special,Any,14345,
2022-23,D Pharmacy,CAP Round I,01165,"Dwarka Bahuuddeshiya Gramin Vikas Foundation's Rajashri Shahu College Of Pharmacy, Buldhana",Buldhana,Unaided,TFWS,Special,Any,1806,
2022-23,D Pharmacy,CAP Round I,01171,"Pataldhamal Wadhwani College of Pharmacy, Yavatmal",Yavatmal,Unaided,GOPENS,State Level,Any,14824,
2022-23,D Pharmacy,CAP Round I,01171,"Pataldhamal Wadhwani College of Pharmacy, Yavatmal",Yavatmal,Unaided,LOPENS,State Level,Ladies,13065,
2022-23,D Pharmacy,CAP Round I,01171,"Pataldhamal Wadhwani College of Pharmacy, Yavatmal",Yavatmal,Unaided,GSCS,State Level,Any,25574,
2022-23,D Pharmacy,CAP Round I,01171,"Pataldhamal Wadhwani College of Pharmacy, Yavatmal",Yavatmal,Unaided,LSCS,State Level,Ladies,21501,
2022-23,D Pharmacy,CAP Round I,01171,"Pataldhamal Wadhwani College of Pharmacy, Yavatmal",Yavatmal,Unaided,GSTS,State Level,Any,28216,
2022-23,D Pharmacy,CAP Round I,01171,"Pataldhamal Wadhwani College of Pharmacy, Yavatmal",Yavatmal,Unaided,LSTS,State Level,Ladies,23947,
2022-23,D Pharmacy,CAP Round I,01171,"Pataldhamal Wadhwani College of Pharmacy, Yavatmal",Yavatmal,Unaided,GVJS,State Level,Any,15148,
2022-23,D Pharmacy,CAP Round I,01171,"Pataldhamal Wadhwani College of Pharmacy, Yavatmal",Yavatmal,Unaided,GNT1S,State Level,Any,18358,
2022-23,D Pharmacy,CAP Round I,01171,"Pataldhamal Wadhwani College of Pharmacy, Yavatmal",Yavatmal,Unaided,GNT2S,State Level,Any,17037,
2022-23,D Pharmacy,CAP Round I,01171,"Pataldhamal Wadhwani College of Pharmacy, Yavatmal",Yavatmal,Unaided,LNT2S,State Level,Ladies,17459,
2022-23,D Pharmacy,CAP Round I,01171,"Pataldhamal Wadhwani College of Pharmacy, Yavatmal",Yavatmal,Unaided,GNT3S,State Level,Any,27209,
2022-23,D Pharmacy,CAP Round I,01171,"Pataldhamal Wadhwani College of Pharmacy, Yavatmal",Yavatmal,Unaided,GOBCS,State Level,Any,17300,
2022-23,D Pharmacy,CAP Round I,01171,"Pataldhamal Wadhwani College of Pharmacy, Yavatmal",Yavatmal,Unaided,LOBCS,State Level,Ladies,16652,
2022-23,D Pharmacy,CAP Round I,01171,"Pataldhamal Wadhwani College of Pharmacy, Yavatmal",Yavatmal,Unaided,PWDOPENS,State Level,Any,26771,
2022-23,D Pharmacy,CAP Round I,01171,"Pataldhamal Wadhwani College of Pharmacy, Yavatmal",Yavatmal,Unaided,EWS,Special,Any,17552,
2022-23,D Pharmacy,CAP Round I,01171,"Pataldhamal Wadhwani College of Pharmacy, Yavatmal",Yavatmal,Unaided,TFWS,Special,Any,5701,
2022-23,D Pharmacy,CAP Round I,01279,"Dr.R. N. Lahoti Institute of Pharmacy, Sultanpur",Buldhana,Unaided,GOPENS,State Level,Any,4973,
2022-23,D Pharmacy,CAP Round I,01279,"Dr.R. N. Lahoti Institute of Pharmacy, Sultanpur",Buldhana,Unaided,LOPENS,State Level,Ladies,2072,
2022-23,D Pharmacy,CAP Round I,01279,"Dr.R. N. Lahoti Institute of Pharmacy, Sultanpur",Buldhana,Unaided,GSCS,State Level,Any,10631,
2022-23,D Pharmacy,CAP Round I,01279,"Dr.R. N. Lahoti Institute of Pharmacy, Sultanpur",Buldhana,Unaided,LSCS,State Level,Ladies,5299,
2022-23,D Pharmacy,CAP Round I,01279,"Dr.R. N. Lahoti Institute of Pharmacy, Sultanpur",Buldhana,Unaided,GSTS,State Level,Any,75152,
2022-23,D Pharmacy,CAP Round I,01279,"Dr.R. N. Lahoti Institute of Pharmacy, Sultanpur",Buldhana,Unaided,LSTS,State Level,Ladies,44529,
2022-23,D Pharmacy,CAP Round I,01279,"Dr.R. N. Lahoti Institute of Pharmacy, Sultanpur",Buldhana,Unaided,GVJS,State Level,Any,6562,
2022-23,D Pharmacy,CAP Round I,01279,"Dr.R. N. Lahoti Institute of Pharmacy, Sultanpur",Buldhana,Unaided,LVJS,State Level,Ladies,4596,
2022-23,D Pharmacy,CAP Round I,01279,"Dr.R. N. Lahoti Institute of Pharmacy, Sultanpur",Buldhana,Unaided,GNT1S,State Level,Any,24036,
2022-23,D Pharmacy,CAP Round I,01279,"Dr.R. N. Lahoti Institute of Pharmacy, Sultanpur",Buldhana,Unaided,GNT2S,State Level,Any,16795,
2022-23,D Pharmacy,CAP Round I,01279,"Dr.R. N. Lahoti Institute of Pharmacy, Sultanpur",Buldhana,Unaided,LNT3S,State Level,Ladies,2770,
2022-23,D Pharmacy,CAP Round I,01279,"Dr.R. N. Lahoti Institute of Pharmacy, Sultanpur",Buldhana,Unaided,GOBCS,State Level,Any,6456,
2022-23,D Pharmacy,CAP Round I,01279,"Dr.R. N. Lahoti Institute of Pharmacy, Sultanpur",Buldhana,Unaided,LOBCS,State Level,Ladies,3593,
2022-23,D Pharmacy,CAP Round I,01279,"Dr.R. N. Lahoti Institute of Pharmacy, Sultanpur",Buldhana,Unaided,PWDOPENS,State Level,Any,59476,
2022-23,D Pharmacy,CAP Round I,01279,"Dr.R. N. Lahoti Institute of Pharmacy, Sultanpur",Buldhana,Unaided,EWS,Special,Any,12398,
2022-23,D Pharmacy,CAP Round I,01279,"Dr.R. N. Lahoti Institute of Pharmacy, Sultanpur",Buldhana,Unaided,TFWS,Special,Any,956,
2022-23,D Pharmacy,CAP Round I,01280,"Gawande College of Pharmacy, Sakharkherda",Buldhana,Unaided,GOPENS,State Level,Any,5053,
2022-23,D Pharmacy,CAP Round I,01280,"Gawande College of Pharmacy, Sakharkherda",Buldhana,Unaided,LOPENS,State Level,Ladies,5646,
2022-23,D Pharmacy,CAP Round I,01280,"Gawande College of Pharmacy, Sakharkherda",Buldhana,Unaided,GSCS,State Level,Any,19148,
2022-23,D Pharmacy,CAP Round I,01280,"Gawande College of Pharmacy, Sakharkherda",Buldhana,Unaided,LSCS,State Level,Ladies,21105,
2022-23,D Pharmacy,CAP Round I,01280,"Gawande College of Pharmacy, Sakharkherda",Buldhana,Unaided,GSTS,State Level,Any,63669,
2022-23,D Pharmacy,CAP Round I,01280,"Gawande College of Pharmacy, Sakharkherda",Buldhana,Unaided,LSTS,State Level,Ladies,32807,
2022-23,D Pharmacy,CAP Round I,01280,"Gawande College of Pharmacy, Sakharkherda",Buldhana,Unaided,GVJS,State Level,Any,5477,
2022-23,D Pharmacy,CAP Round I,01280,"Gawande College of Pharmacy, Sakharkherda",Buldhana,Unaided,LNT1S,State Level,Ladies,14382,
2022-23,D Pharmacy,CAP Round I,01280,"Gawande College of Pharmacy, Sakharkherda",Buldhana,Unaided,GNT2S,State Level,Any,11747,
2022-23,D Pharmacy,CAP Round I,01280,"Gawande College of Pharmacy, Sakharkherda",Buldhana,Unaided,GNT3S,State Level,Any,5581,
2022-23,D Pharmacy,CAP Round I,01280,"Gawande College of Pharmacy, Sakharkherda",Buldhana,Unaided,GOBCS,State Level,Any,7846,
2022-23,D Pharmacy,CAP Round I,01280,"Gawande College of Pharmacy, Sakharkherda",Buldhana,Unaided,LOBCS,State Level,Ladies,7719,
2022-23,D Pharmacy,CAP Round I,01280,"Gawande College of Pharmacy, Sakharkherda",Buldhana,Unaided,PWDOPENS,State Level,Any,21654,
2022-23,D Pharmacy,CAP Round I,01280,"Gawande College of Pharmacy, Sakharkherda",Buldhana,Unaided,EWS,Special,Any,10312,
2022-23,D Pharmacy,CAP Round I,01280,"Gawande College of Pharmacy, Sakharkherda",Buldhana,Unaided,TFWS,Special,Any,2224,
2022-23,D Pharmacy,CAP Round I,01281,"Kamalprakash Pharmacy College & Research Centre, Kherda",Ahmednagar,Unaided,GOPENS,State Level,Any,10541,
2022-23,D Pharmacy,CAP Round I,01281,"Kamalprakash Pharmacy College & Research Centre, Kherda",Ahmednagar,Unaided,LOPENS,State Level,Ladies,10087,
2022-23,D Pharmacy,CAP Round I,01281,"Kamalprakash Pharmacy College & Research Centre, Kherda",Ahmednagar,Unaided,GSCS,State Level,Any,16217,
2022-23,D Pharmacy,CAP Round I,01281,"Kamalprakash Pharmacy College & Research Centre, Kherda",Ahmednagar,Unaided,LSCS,State Level,Ladies,12118,
2022-23,D Pharmacy,CAP Round I,01281,"Kamalprakash Pharmacy College & Research Centre, Kherda",Ahmednagar,Unaided,GSTS,State Level,Any,50027,
2022-23,D Pharmacy,CAP Round I,01281,"Kamalprakash Pharmacy College & Research Centre, Kherda",Ahmednagar,Unaided,LSTS,State Level,Ladies,55600,
2022-23,D Pharmacy,CAP Round I,01281,"Kamalprakash Pharmacy College & Research Centre, Kherda",Ahmednagar,Unaided,GVJS,State Level,Any,12821,
2022-23,D Pharmacy,CAP Round I,01281,"Kamalprakash Pharmacy College & Research Centre, Kherda",Ahmednagar,Unaided,LVJS,State Level,Ladies,14658,
2022-23,D Pharmacy,CAP Round I,01281,"Kamalprakash Pharmacy College & Research Centre, Kherda",Ahmednagar,Unaided,GNT1S,State Level,Any,11776,
2022-23,D Pharmacy,CAP Round I,01281,"Kamalprakash Pharmacy College & Research Centre, Kherda",Ahmednagar,Unaided,GNT2S,State Level,Any,14744,
2022-23,D Pharmacy,CAP Round I,01281,"Kamalprakash Pharmacy College & Research Centre, Kherda",Ahmednagar,Unaided,LNT2S,State Level,Ladies,32808,
2022-23,D Pharmacy,CAP Round I,01281,"Kamalprakash Pharmacy College & Research Centre, Kherda",Ahmednagar,Unaided,GNT3S,State Level,Any,12956,
2022-23,D Pharmacy,CAP Round I,01281,"Kamalprakash Pharmacy College & Research Centre, Kherda",Ahmednagar,Unaided,GOBCS,State Level,Any,13918,
2022-23,D Pharmacy,CAP Round I,01281,"Kamalprakash Pharmacy College & Research Centre, Kherda",Ahmednagar,Unaided,LOBCS,State Level,Ladies,11768,
2022-23,D Pharmacy,CAP Round I,01281,"Kamalprakash Pharmacy College & Research Centre, Kherda",Ahmednagar,Unaided,PWDOPENS,State Level,Any,20095,
2022-23,D Pharmacy,CAP Round I,01281,"Kamalprakash Pharmacy College & Research Centre, Kherda",Ahmednagar,Unaided,EWS,Special,Any,18359,
2022-23,D Pharmacy,CAP Round I,01281,"Kamalprakash Pharmacy College & Research Centre, Kherda",Ahmednagar,Unaided,TFWS,Special,Any,2872,
2022-23,D Pharmacy,CAP Round I,01282,"Laddhad College of Pharmacy, Yelgaon, Buldhana",Buldhana,Unaided,GOPENS,State Level,Any,12180,
2022-23,D Pharmacy,CAP Round I,01282,"Laddhad College of Pharmacy, Yelgaon, Buldhana",Buldhana,Unaided,LOPENS,State Level,Ladies,11384,
2022-23,D Pharmacy,CAP Round I,01282,"Laddhad College of Pharmacy, Yelgaon, Buldhana",Buldhana,Unaided,GSCS,State Level,Any,20318,
2022-23,D Pharmacy,CAP Round I,01282,"Laddhad College of Pharmacy, Yelgaon, Buldhana",Buldhana,Unaided,LSCS,State Level,Ladies,17617,
2022-23,D Pharmacy,CAP Round I,01282,"Laddhad College of Pharmacy, Yelgaon, Buldhana",Buldhana,Unaided,GVJS,State Level,Any,13587,
2022-23,D Pharmacy,CAP Round I,01282,"Laddhad College of Pharmacy, Yelgaon, Buldhana",Buldhana,Unaided,GNT1S,State Level,Any,23867,
2022-23,D Pharmacy,CAP Round I,01282,"Laddhad College of Pharmacy, Yelgaon, Buldhana",Buldhana,Unaided,LNT1S,State Level,Ladies,20041,
2022-23,D Pharmacy,CAP Round I,01282,"Laddhad College of Pharmacy, Yelgaon, Buldhana",Buldhana,Unaided,GNT2S,State Level,Any,18467,
2022-23,D Pharmacy,CAP Round I,01282,"Laddhad College of Pharmacy, Yelgaon, Buldhana",Buldhana,Unaided,LNT2S,State Level,Ladies,19602,
2022-23,D Pharmacy,CAP Round I,01282,"Laddhad College of Pharmacy, Yelgaon, Buldhana",Buldhana,Unaided,GNT3S,State Level,Any,15442,
2022-23,D Pharmacy,CAP Round I,01282,"Laddhad College of Pharmacy, Yelgaon, Buldhana",Buldhana,Unaided,GOBCS,State Level,Any,14511,
2022-23,D Pharmacy,CAP Round I,01282,"Laddhad College of Pharmacy, Yelgaon, Buldhana",Buldhana,Unaided,LOBCS,State Level,Ladies,13499,
2022-23,D Pharmacy,CAP Round I,01282,"Laddhad College of Pharmacy, Yelgaon, Buldhana",Buldhana,Unaided,EWS,Special,Any,19674,
2022-23,D Pharmacy,CAP Round I,01282,"Laddhad College of Pharmacy, Yelgaon, Buldhana",Buldhana,Unaided,TFWS,Special,Any,5294,
2022-23,D Pharmacy,CAP Round I,01285,"MES College of Pharmacy, Mehkar",Buldhana,Unaided,GOPENS,State Level,Any,6707,
2022-23,D Pharmacy,CAP Round I,01285,"MES College of Pharmacy, Mehkar",Buldhana,Unaided,LOPENS,State Level,Ladies,1774,
2022-23,D Pharmacy,CAP Round I,01285,"MES College of Pharmacy, Mehkar",Buldhana,Unaided,GSCS,State Level,Any,13519,
2022-23,D Pharmacy,CAP Round I,01285,"MES College of Pharmacy, Mehkar",Buldhana,Unaided,LSCS,State Level,Ladies,4747,
2022-23,D Pharmacy,CAP Round I,01285,"MES College of Pharmacy, Mehkar",Buldhana,Unaided,GVJS,State Level,Any,15005,
2022-23,D Pharmacy,CAP Round I,01285,"MES College of Pharmacy, Mehkar",Buldhana,Unaided,LVJS,State Level,Ladies,17413,
2022-23,D Pharmacy,CAP Round I,01285,"MES College of Pharmacy, Mehkar",Buldhana,Unaided,GNT1S,State Level,Any,10415,
2022-23,D Pharmacy,CAP Round I,01285,"MES College of Pharmacy, Mehkar",Buldhana,Unaided,GNT2S,State Level,Any,19593,
2022-23,D Pharmacy,CAP Round I,01285,"MES College of Pharmacy, Mehkar",Buldhana,Unaided,GNT3S,State Level,Any,7121,
2022-23,D Pharmacy,CAP Round I,01285,"MES College of Pharmacy, Mehkar",Buldhana,Unaided,GOBCS,State Level,Any,8942,
2022-23,D Pharmacy,CAP Round I,01285,"MES College of Pharmacy, Mehkar",Buldhana,Unaided,LOBCS,State Level,Ladies,2254,
2022-23,D Pharmacy,CAP Round I,01285,"MES College of Pharmacy, Mehkar",Buldhana,Unaided,PWDOPENS,State Level,Any,2303,
2022-23,D Pharmacy,CAP Round I,01285,"MES College of Pharmacy, Mehkar",Buldhana,Unaided,EWS,Special,Any,14745,
2022-23,D Pharmacy,CAP Round I,01285,"MES College of Pharmacy, Mehkar",Buldhana,Unaided,TFWS,Special,Any,2270,
2022-23,D Pharmacy,CAP Round I,01287,"Raje Laxmansingh Bhosale College of Pharmacy, Hingna Barlinga",Nagpur,Unaided,GOPENS,State Level,Any,12217,
2022-23,D Pharmacy,CAP Round I,01287,"Raje Laxmansingh Bhosale College of Pharmacy, Hingna Barlinga",Nagpur,Unaided,LOPENS,State Level,Ladies,9788,
2022-23,D Pharmacy,CAP Round I,01287,"Raje Laxmansingh Bhosale College of Pharmacy, Hingna Barlinga",Nagpur,Unaided,GSCS,State Level,Any,18059,
2022-23,D Pharmacy,CAP Round I,01287,"Raje Laxmansingh Bhosale College of Pharmacy, Hingna Barlinga",Nagpur,Unaided,LSCS,State Level,Ladies,19721,
2022-23,D Pharmacy,CAP Round I,01287,"Raje Laxmansingh Bhosale College of Pharmacy, Hingna Barlinga",Nagpur,Unaided,GSTS,State Level,Any,64572,
2022-23,D Pharmacy,CAP Round I,01287,"Raje Laxmansingh Bhosale College of Pharmacy, Hingna Barlinga",Nagpur,Unaided,LSTS,State Level,Ladies,46349,
2022-23,D Pharmacy,CAP Round I,01287,"Raje Laxmansingh Bhosale College of Pharmacy, Hingna Barlinga",Nagpur,Unaided,GVJS,State Level,Any,16317,
2022-23,D Pharmacy,CAP Round I,01287,"Raje Laxmansingh Bhosale College of Pharmacy, Hingna Barlinga",Nagpur,Unaided,GNT1S,State Level,Any,13904,
2022-23,D Pharmacy,CAP Round I,01287,"Raje Laxmansingh Bhosale College of Pharmacy, Hingna Barlinga",Nagpur,Unaided,GNT2S,State Level,Any,22869,
2022-23,D Pharmacy,CAP Round I,01287,"Raje Laxmansingh Bhosale College of Pharmacy, Hingna Barlinga",Nagpur,Unaided,LNT2S,State Level,Ladies,27492,
2022-23,D Pharmacy,CAP Round I,01287,"Raje Laxmansingh Bhosale College of Pharmacy, Hingna Barlinga",Nagpur,Unaided,GNT3S,State Level,Any,17128,
2022-23,D Pharmacy,CAP Round I,01287,"Raje Laxmansingh Bhosale College of Pharmacy, Hingna Barlinga",Nagpur,Unaided,GOBCS,State Level,Any,15418,
2022-23,D Pharmacy,CAP Round I,01287,"Raje Laxmansingh Bhosale College of Pharmacy, Hingna Barlinga",Nagpur,Unaided,LOBCS,State Level,Ladies,14963,
2022-23,D Pharmacy,CAP Round I,01287,"Raje Laxmansingh Bhosale College of Pharmacy, Hingna Barlinga",Nagpur,Unaided,PWDOPENS,State Level,Any,43377,
2022-23,D Pharmacy,CAP Round I,01287,"Raje Laxmansingh Bhosale College of Pharmacy, Hingna Barlinga",Nagpur,Unaided,EWS,Special,Any,9396,
2022-23,D Pharmacy,CAP Round I,01287,"Raje Laxmansingh Bhosale College of Pharmacy, Hingna Barlinga",Nagpur,Unaided,TFWS,Special,Any,4550,
2022-23,D Pharmacy,CAP Round I,01288,"Vardhaman College of Pharmacy, Karanja (LAD), Washim",Washim,Religious Minority - Jain,GOPENS,State Level,Any,13969,
2022-23,D Pharmacy,CAP Round I,01288,"Vardhaman College of Pharmacy, Karanja (LAD), Washim",Washim,Religious Minority - Jain,LOPENS,State Level,Ladies,10185,
2022-23,D Pharmacy,CAP Round I,01288,"Vardhaman College of Pharmacy, Karanja (LAD), Washim",Washim,Religious Minority - Jain,MI,Special,Any,74228,
2022-23,D Pharmacy,CAP Round I,01288,"Vardhaman College of Pharmacy, Karanja (LAD), Washim",Washim,Religious Minority - Jain,TFWS,Special,Any,8092,
2022-23,D Pharmacy,CAP Round I,01290,"Jagadambha Institute Of Pharmacy And Research, Kalamb",Hingoli,Unaided,GOPENS,State Level,Any,20375,
2022-23,D Pharmacy,CAP Round I,01290,"Jagadambha Institute Of Pharmacy And Research, Kalamb",Hingoli,Unaided,LOPENS,State Level,Ladies,18321,
2022-23,D Pharmacy,CAP Round I,01290,"Jagadambha Institute Of Pharmacy And Research, Kalamb",Hingoli,Unaided,GSCS,State Level,Any,32258,
2022-23,D Pharmacy,CAP Round I,01290,"Jagadambha Institute Of Pharmacy And Research, Kalamb",Hingoli,Unaided,LSCS,State Level,Ladies,24509,
2022-23,D Pharmacy,CAP Round I,01290,"Jagadambha Institute Of Pharmacy And Research, Kalamb",Hingoli,Unaided,GSTS,State Level,Any,40937,
2022-23,D Pharmacy,CAP Round I,01290,"Jagadambha Institute Of Pharmacy And Research, Kalamb",Hingoli,Unaided,LSTS,State Level,Ladies,25872,
2022-23,D Pharmacy,CAP Round I,01290,"Jagadambha Institute Of Pharmacy And Research, Kalamb",Hingoli,Unaided,GVJS,State Level,Any,20439,
2022-23,D Pharmacy,CAP Round I,01290,"Jagadambha Institute Of Pharmacy And Research, Kalamb",Hingoli,Unaided,LVJS,State Level,Ladies,18711,
2022-23,D Pharmacy,CAP Round I,01290,"Jagadambha Institute Of Pharmacy And Research, Kalamb",Hingoli,Unaided,GNT1S,State Level,Any,24203,
2022-23,D Pharmacy,CAP Round I,01290,"Jagadambha Institute Of Pharmacy And Research, Kalamb",Hingoli,Unaided,GNT2S,State Level,Any,21983,
2022-23,D Pharmacy,CAP Round I,01290,"Jagadambha Institute Of Pharmacy And Research, Kalamb",Hingoli,Unaided,LNT2S,State Level,Ladies,30668,
2022-23,D Pharmacy,CAP Round I,01290,"Jagadambha Institute Of Pharmacy And Research, Kalamb",Hingoli,Unaided,GNT3S,State Level,Any,42346,
2022-23,D Pharmacy,CAP Round I,01290,"Jagadambha Institute Of Pharmacy And Research, Kalamb",Hingoli,Unaided,GOBCS,State Level,Any,24572,
2022-23,D Pharmacy,CAP Round I,01290,"Jagadambha Institute Of Pharmacy And Research, Kalamb",Hingoli,Unaided,LOBCS,State Level,Ladies,24375,
2022-23,D Pharmacy,CAP Round I,01290,"Jagadambha Institute Of Pharmacy And Research, Kalamb",Hingoli,Unaided,PWDOPENS,State Level,Any,67698,
2022-23,D Pharmacy,CAP Round I,01290,"Jagadambha Institute Of Pharmacy And Research, Kalamb",Hingoli,Unaided,EWS,Special,Any,22724,
2022-23,D Pharmacy,CAP Round I,01290,"Jagadambha Institute Of Pharmacy And Research, Kalamb",Hingoli,Unaided,TFWS,Special,Any,13296,
2022-23,D Pharmacy,CAP Round I,01291,"Shri. Sant Gajanan Maharaj College Of Pharmacy, Buldhana",Buldhana,Unaided,GOPENS,State Level,Any,11365,
2022-23,D Pharmacy,CAP Round I,01291,"Shri. Sant Gajanan Maharaj College Of Pharmacy, Buldhana",Buldhana,Unaided,LOPENS,State Level,Ladies,9473,
2022-23,D Pharmacy,CAP Round I,01291,"Shri. Sant Gajanan Maharaj College Of Pharmacy, Buldhana",Buldhana,Unaided,GSCS,State Level,Any,20140,
2022-23,D Pharmacy,CAP Round I,01291,"Shri. Sant Gajanan Maharaj College Of Pharmacy, Buldhana",Buldhana,Unaided,LSCS,State Level,Ladies,16301,
2022-23,D Pharmacy,CAP Round I,01291,"Shri. Sant Gajanan Maharaj College Of Pharmacy, Buldhana",Buldhana,Unaided,GSTS,State Level,Any,61761,
2022-23,D Pharmacy,CAP Round I,01291,"Shri. Sant Gajanan Maharaj College Of Pharmacy, Buldhana",Buldhana,Unaided,LSTS,State Level,Ladies,71010,
2022-23,D Pharmacy,CAP Round I,01291,"Shri. Sant Gajanan Maharaj College Of Pharmacy, Buldhana",Buldhana,Unaided,GVJS,State Level,Any,12460,
2022-23,D Pharmacy,CAP Round I,01291,"Shri. Sant Gajanan Maharaj College Of Pharmacy, Buldhana",Buldhana,Unaided,LVJS,State Level,Ladies,17847,
2022-23,D Pharmacy,CAP Round I,01291,"Shri. Sant Gajanan Maharaj College Of Pharmacy, Buldhana",Buldhana,Unaided,GNT1S,State Level,Any,18425,
2022-23,D Pharmacy,CAP Round I,01291,"Shri. Sant Gajanan Maharaj College Of Pharmacy, Buldhana",Buldhana,Unaided,GNT2S,State Level,Any,17603,
2022-23,D Pharmacy,CAP Round I,01291,"Shri. Sant Gajanan Maharaj College Of Pharmacy, Buldhana",Buldhana,Unaided,LNT3S,State Level,Ladies,15976,
2022-23,D Pharmacy,CAP Round I,01291,"Shri. Sant Gajanan Maharaj College Of Pharmacy, Buldhana",Buldhana,Unaided,GOBCS,State Level,Any,13317,
2022-23,D Pharmacy,CAP Round I,01291,"Shri. Sant Gajanan Maharaj College Of Pharmacy, Buldhana",Buldhana,Unaided,LOBCS,State Level,Ladies,11515,
2022-23,D Pharmacy,CAP Round I,01291,"Shri. Sant Gajanan Maharaj College Of Pharmacy, Buldhana",Buldhana,Unaided,EWS,Special,Any,19220,
2022-23,D Pharmacy,CAP Round I,01291,"Shri. Sant Gajanan Maharaj College Of Pharmacy, Buldhana",Buldhana,Unaided,TFWS,Special,Any,5171,
2022-23,D Pharmacy,CAP Round I,01293,"Shraddha Institute Of Pharmacy, Washim",Washim,Unaided,GOPENS,State Level,Any,7644,
2022-23,D Pharmacy,CAP Round I,01293,"Shraddha Institute Of Pharmacy, Washim",Washim,Unaided,LOPENS,State Level,Ladies,5297,
2022-23,D Pharmacy,CAP Round I,01293,"Shraddha Institute Of Pharmacy, Washim",Washim,Unaided,GSCS,State Level,Any,17860,
2022-23,D Pharmacy,CAP Round I,01293,"Shraddha Institute Of Pharmacy, Washim",Washim,Unaided,LSCS,State Level,Ladies,16012,
2022-23,D Pharmacy,CAP Round I,01293,"Shraddha Institute Of Pharmacy, Washim",Washim,Unaided,GSTS,State Level,Any,54516,
2022-23,D Pharmacy,CAP Round I,01293,"Shraddha Institute Of Pharmacy, Washim",Washim,Unaided,LSTS,State Level,Ladies,27059,
2022-23,D Pharmacy,CAP Round I,01293,"Shraddha Institute Of Pharmacy, Washim",Washim,Unaided,GVJS,State Level,Any,10824,
2022-23,D Pharmacy,CAP Round I,01293,"Shraddha Institute Of Pharmacy, Washim",Washim,Unaided,LNT1S,State Level,Ladies,19194,
2022-23,D Pharmacy,CAP Round I,01293,"Shraddha Institute Of Pharmacy, Washim",Washim,Unaided,GNT2S,State Level,Any,16610,
2022-23,D Pharmacy,CAP Round I,01293,"Shraddha Institute Of Pharmacy, Washim",Washim,Unaided,LNT2S,State Level,Ladies,10233,
2022-23,D Pharmacy,CAP Round I,01293,"Shraddha Institute Of Pharmacy, Washim",Washim,Unaided,GNT3S,State Level,Any,10252,
2022-23,D Pharmacy,CAP Round I,01293,"Shraddha Institute Of Pharmacy, Washim",Washim,Unaided,GOBCS,State Level,Any,8617,
2022-23,D Pharmacy,CAP Round I,01293,"Shraddha Institute Of Pharmacy, Washim",Washim,Unaided,LOBCS,State Level,Ladies,7088,
2022-23,D Pharmacy,CAP Round I,01293,"Shraddha Institute Of Pharmacy, Washim",Washim,Unaided,EWS,Special,Any,15284,
2022-23,D Pharmacy,CAP Round I,01293,"Shraddha Institute Of Pharmacy, Washim",Washim,Unaided,TFWS,Special,Any,4756,
2022-23,D Pharmacy,CAP Round I,01294,"Samarth College Of Pharmacy, Deulgaon Raja",Buldhana,Unaided,GOPENS,State Level,Any,3721,
2022-23,D Pharmacy,CAP Round I,01294,"Samarth College Of Pharmacy, Deulgaon Raja",Buldhana,Unaided,LOPENS,State Level,Ladies,2040,
2022-23,D Pharmacy,CAP Round I,01294,"Samarth College Of Pharmacy, Deulgaon Raja",Buldhana,Unaided,GSCS,State Level,Any,12048,
2022-23,D Pharmacy,CAP Round I,01294,"Samarth College Of Pharmacy, Deulgaon Raja",Buldhana,Unaided,LSCS,State Level,Ladies,9813,
2022-23,D Pharmacy,CAP Round I,01294,"Samarth College Of Pharmacy, Deulgaon Raja",Buldhana,Unaided,LSTS,State Level,Ladies,43895,
2022-23,D Pharmacy,CAP Round I,01294,"Samarth College Of Pharmacy, Deulgaon Raja",Buldhana,Unaided,GVJS,State Level,Any,4542,
2022-23,D Pharmacy,CAP Round I,01294,"Samarth College Of Pharmacy, Deulgaon Raja",Buldhana,Unaided,GNT1S,State Level,Any,20208,
2022-23,D Pharmacy,CAP Round I,01294,"Samarth College Of Pharmacy, Deulgaon Raja",Buldhana,Unaided,LNT1S,State Level,Ladies,2250,
2022-23,D Pharmacy,CAP Round I,01294,"Samarth College Of Pharmacy, Deulgaon Raja",Buldhana,Unaided,GNT2S,State Level,Any,20624,
2022-23,D Pharmacy,CAP Round I,01294,"Samarth College Of Pharmacy, Deulgaon Raja",Buldhana,Unaided,GNT3S,State Level,Any,3791,
2022-23,D Pharmacy,CAP Round I,01294,"Samarth College Of Pharmacy, Deulgaon Raja",Buldhana,Unaided,GOBCS,State Level,Any,7106,
2022-23,D Pharmacy,CAP Round I,01294,"Samarth College Of Pharmacy, Deulgaon Raja",Buldhana,Unaided,LOBCS,State Level,Ladies,6714,
2022-23,D Pharmacy,CAP Round I,01294,"Samarth College Of Pharmacy, Deulgaon Raja",Buldhana,Unaided,DEFOPENS,State Level,Any,16702,
2022-23,D Pharmacy,CAP Round I,01294,"Samarth College Of Pharmacy, Deulgaon Raja",Buldhana,Unaided,EWS,Special,Any,14568,
2022-23,D Pharmacy,CAP Round I,01294,"Samarth College Of Pharmacy, Deulgaon Raja",Buldhana,Unaided,TFWS,Special,Any,1446,
2022-23,D Pharmacy,CAP Round I,01296,"Dr. Rajendra Gode College Of Pharmacy, Amravati",Amravati,Unaided,GOPENS,State Level,Any,14912,
2022-23,D Pharmacy,CAP Round I,01296,"Dr. Rajendra Gode College Of Pharmacy, Amravati",Amravati,Unaided,LOPENS,State Level,Ladies,13170,
2022-23,D Pharmacy,CAP Round I,01296,"Dr. Rajendra Gode College Of Pharmacy, Amravati",Amravati,Unaided,GSCS,State Level,Any,19094,
2022-23,D Pharmacy,CAP Round I,01296,"Dr. Rajendra Gode College Of Pharmacy, Amravati",Amravati,Unaided,LSCS,State Level,Ladies,16572,
2022-23,D Pharmacy,CAP Round I,01296,"Dr. Rajendra Gode College Of Pharmacy, Amravati",Amravati,Unaided,GSTS,State Level,Any,40745,
2022-23,D Pharmacy,CAP Round I,01296,"Dr. Rajendra Gode College Of Pharmacy, Amravati",Amravati,Unaided,LSTS,State Level,Ladies,20726,
2022-23,D Pharmacy,CAP Round I,01296,"Dr. Rajendra Gode College Of Pharmacy, Amravati",Amravati,Unaided,GVJS,State Level,Any,15446,
2022-23,D Pharmacy,CAP Round I,01296,"Dr. Rajendra Gode College Of Pharmacy, Amravati",Amravati,Unaided,LVJS,State Level,Ladies,16169,
2022-23,D Pharmacy,CAP Round I,01296,"Dr. Rajendra Gode College Of Pharmacy, Amravati",Amravati,Unaided,GNT1S,State Level,Any,17489,
2022-23,D Pharmacy,CAP Round I,01296,"Dr. Rajendra Gode College Of Pharmacy, Amravati",Amravati,Unaided,GNT2S,State Level,Any,18349,
2022-23,D Pharmacy,CAP Round I,01296,"Dr. Rajendra Gode College Of Pharmacy, Amravati",Amravati,Unaided,LNT2S,State Level,Ladies,16914,
2022-23,D Pharmacy,CAP Round I,01296,"Dr. Rajendra Gode College Of Pharmacy, Amravati",Amravati,Unaided,GNT3S,State Level,Any,20195,
2022-23,D Pharmacy,CAP Round I,01296,"Dr. Rajendra Gode College Of Pharmacy, Amravati",Amravati,Unaided,GOBCS,State Level,Any,17129,
2022-23,D Pharmacy,CAP Round I,01296,"Dr. Rajendra Gode College Of Pharmacy, Amravati",Amravati,Unaided,LOBCS,State Level,Ladies,15964,
2022-23,D Pharmacy,CAP Round I,01296,"Dr. Rajendra Gode College Of Pharmacy, Amravati",Amravati,Unaided,PWDOPENS,State Level,Any,80503,
2022-23,D Pharmacy,CAP Round I,01296,"Dr. Rajendra Gode College Of Pharmacy, Amravati",Amravati,Unaided,EWS,Special,Any,15318,
2022-23,D Pharmacy,CAP Round I,01296,"Dr. Rajendra Gode College Of Pharmacy, Amravati",Amravati,Unaided,TFWS,Special,Any,9196,
2022-23,D Pharmacy,CAP Round I,01297,"Vidyaniketan College Of Pharmacy, Anjangaon Surji",Amravati,Religious Minority - Buddhist,GOPENS,State Level,Any,16449,
2022-23,D Pharmacy,CAP Round I,01297,"Vidyaniketan College Of Pharmacy, Anjangaon Surji",Amravati,Religious Minority - Buddhist,LOPENS,State Level,Ladies,16281,
2022-23,D Pharmacy,CAP Round I,01297,"Vidyaniketan College Of Pharmacy, Anjangaon Surji",Amravati,Religious Minority - Buddhist,MI,Special,Any,83394,
2022-23,D Pharmacy,CAP Round I,01297,"Vidyaniketan College Of Pharmacy, Anjangaon Surji",Amravati,Religious Minority - Buddhist,TFWS,Special,Any,10717,
2022-23,D Pharmacy,CAP Round I,02022,Maulana Azad Education Society's Kamla Nehru Polytechnic(Pharmacy) Aurangabad,Chhatrapati Sambhajinagar,Aided,GOPENS,State Level,Any,1372,
2022-23,D Pharmacy,CAP Round I,02022,Maulana Azad Education Society's Kamla Nehru Polytechnic(Pharmacy) Aurangabad,Chhatrapati Sambhajinagar,Aided,LOPENS,State Level,Ladies,584,
2022-23,D Pharmacy,CAP Round I,02022,Maulana Azad Education Society's Kamla Nehru Polytechnic(Pharmacy) Aurangabad,Chhatrapati Sambhajinagar,Aided,MI,Special,Any,5864,
2022-23,D Pharmacy,CAP Round I,02022,Maulana Azad Education Society's Kamla Nehru Polytechnic(Pharmacy) Aurangabad,Chhatrapati Sambhajinagar,Aided,TFWS,Special,Any,675,
2022-23,D Pharmacy,CAP Round I,02022,Maulana Azad Education Society's Kamla Nehru Polytechnic(Pharmacy) Aurangabad,Chhatrapati Sambhajinagar,Religious Minority - Muslim,GOPENS,State Level,Any,5576,
2022-23,D Pharmacy,CAP Round I,02022,Maulana Azad Education Society's Kamla Nehru Polytechnic(Pharmacy) Aurangabad,Chhatrapati Sambhajinagar,Religious Minority - Muslim,LOPENS,State Level,Ladies,3112,
2022-23,D Pharmacy,CAP Round I,02022,Maulana Azad Education Society's Kamla Nehru Polytechnic(Pharmacy) Aurangabad,Chhatrapati Sambhajinagar,Religious Minority - Muslim,MI,Special,Any,13929,
2022-23,D Pharmacy,CAP Round I,02023,"Jai Bhavani Shikshan Prasarak Mandal's Institute Of Pharmacy, Gadhi Georai",Beed,Aided,GOPENS,State Level,Any,2572,
2022-23,D Pharmacy,CAP Round I,02023,"Jai Bhavani Shikshan Prasarak Mandal's Institute Of Pharmacy, Gadhi Georai",Beed,Aided,LOPENS,State Level,Ladies,1159,
2022-23,D Pharmacy,CAP Round I,02023,"Jai Bhavani Shikshan Prasarak Mandal's Institute Of Pharmacy, Gadhi Georai",Beed,Aided,GSCS,State Level,Any,6698,
2022-23,D Pharmacy,CAP Round I,02023,"Jai Bhavani Shikshan Prasarak Mandal's Institute Of Pharmacy, Gadhi Georai",Beed,Aided,LSCS,State Level,Ladies,2186,
2022-23,D Pharmacy,CAP Round I,02023,"Jai Bhavani Shikshan Prasarak Mandal's Institute Of Pharmacy, Gadhi Georai",Beed,Aided,GSTS,State Level,Any,35371,
2022-23,D Pharmacy,CAP Round I,02023,"Jai Bhavani Shikshan Prasarak Mandal's Institute Of Pharmacy, Gadhi Georai",Beed,Aided,LSTS,State Level,Ladies,35337,
2022-23,D Pharmacy,CAP Round I,02023,"Jai Bhavani Shikshan Prasarak Mandal's Institute Of Pharmacy, Gadhi Georai",Beed,Aided,GVJS,State Level,Any,3262,
2022-23,D Pharmacy,CAP Round I,02023,"Jai Bhavani Shikshan Prasarak Mandal's Institute Of Pharmacy, Gadhi Georai",Beed,Aided,LVJS,State Level,Ladies,1944,
2022-23,D Pharmacy,CAP Round I,02023,"Jai Bhavani Shikshan Prasarak Mandal's Institute Of Pharmacy, Gadhi Georai",Beed,Aided,GNT1S,State Level,Any,5348,
2022-23,D Pharmacy,CAP Round I,02023,"Jai Bhavani Shikshan Prasarak Mandal's Institute Of Pharmacy, Gadhi Georai",Beed,Aided,GNT2S,State Level,Any,3884,
2022-23,D Pharmacy,CAP Round I,02023,"Jai Bhavani Shikshan Prasarak Mandal's Institute Of Pharmacy, Gadhi Georai",Beed,Aided,LNT2S,State Level,Ladies,1530,
2022-23,D Pharmacy,CAP Round I,02023,"Jai Bhavani Shikshan Prasarak Mandal's Institute Of Pharmacy, Gadhi Georai",Beed,Aided,LNT3S,State Level,Ladies,1441,
2022-23,D Pharmacy,CAP Round I,02023,"Jai Bhavani Shikshan Prasarak Mandal's Institute Of Pharmacy, Gadhi Georai",Beed,Aided,GOBCS,State Level,Any,5865,
2022-23,D Pharmacy,CAP Round I,02023,"Jai Bhavani Shikshan Prasarak Mandal's Institute Of Pharmacy, Gadhi Georai",Beed,Aided,LOBCS,State Level,Ladies,2864,
2022-23,D Pharmacy,CAP Round I,02023,"Jai Bhavani Shikshan Prasarak Mandal's Institute Of Pharmacy, Gadhi Georai",Beed,Aided,PWDOPENS,State Level,Any,13822,
2022-23,D Pharmacy,CAP Round I,02023,"Jai Bhavani Shikshan Prasarak Mandal's Institute Of Pharmacy, Gadhi Georai",Beed,Aided,DEFOPENS,State Level,Any,69790,
2022-23,D Pharmacy,CAP Round I,02023,"Jai Bhavani Shikshan Prasarak Mandal's Institute Of Pharmacy, Gadhi Georai",Beed,Aided,EWS,Special,Any,994,
2022-23,D Pharmacy,CAP Round I,02023,"Jai Bhavani Shikshan Prasarak Mandal's Institute Of Pharmacy, Gadhi Georai",Beed,Aided,TFWS,Special,Any,2009,
2022-23,D Pharmacy,CAP Round I,02024,"Maharashtra Shikshan Samiti's Maharashtra Polytechnic (D. Pharmacy) Institute, Nilanga, Latur",Latur,Aided,GOPENS,State Level,Any,2361,
2022-23,D Pharmacy,CAP Round I,02024,"Maharashtra Shikshan Samiti's Maharashtra Polytechnic (D. Pharmacy) Institute, Nilanga, Latur",Latur,Aided,LOPENS,State Level,Ladies,1681,
2022-23,D Pharmacy,CAP Round I,02024,"Maharashtra Shikshan Samiti's Maharashtra Polytechnic (D. Pharmacy) Institute, Nilanga, Latur",Latur,Aided,GSCS,State Level,Any,8550,
2022-23,D Pharmacy,CAP Round I,02024,"Maharashtra Shikshan Samiti's Maharashtra Polytechnic (D. Pharmacy) Institute, Nilanga, Latur",Latur,Aided,LSCS,State Level,Ladies,4921,
2022-23,D Pharmacy,CAP Round I,02024,"Maharashtra Shikshan Samiti's Maharashtra Polytechnic (D. Pharmacy) Institute, Nilanga, Latur",Latur,Aided,GSTS,State Level,Any,15070,
2022-23,D Pharmacy,CAP Round I,02024,"Maharashtra Shikshan Samiti's Maharashtra Polytechnic (D. Pharmacy) Institute, Nilanga, Latur",Latur,Aided,LSTS,State Level,Ladies,11644,
2022-23,D Pharmacy,CAP Round I,02024,"Maharashtra Shikshan Samiti's Maharashtra Polytechnic (D. Pharmacy) Institute, Nilanga, Latur",Latur,Aided,GVJS,State Level,Any,3180,
2022-23,D Pharmacy,CAP Round I,02024,"Maharashtra Shikshan Samiti's Maharashtra Polytechnic (D. Pharmacy) Institute, Nilanga, Latur",Latur,Aided,GNT1S,State Level,Any,2847,
2022-23,D Pharmacy,CAP Round I,02024,"Maharashtra Shikshan Samiti's Maharashtra Polytechnic (D. Pharmacy) Institute, Nilanga, Latur",Latur,Aided,LNT1S,State Level,Ladies,11473,
2022-23,D Pharmacy,CAP Round I,02024,"Maharashtra Shikshan Samiti's Maharashtra Polytechnic (D. Pharmacy) Institute, Nilanga, Latur",Latur,Aided,GNT2S,State Level,Any,4804,
2022-23,D Pharmacy,CAP Round I,02024,"Maharashtra Shikshan Samiti's Maharashtra Polytechnic (D. Pharmacy) Institute, Nilanga, Latur",Latur,Aided,LNT2S,State Level,Ladies,3754,
2022-23,D Pharmacy,CAP Round I,02024,"Maharashtra Shikshan Samiti's Maharashtra Polytechnic (D. Pharmacy) Institute, Nilanga, Latur",Latur,Aided,GNT3S,State Level,Any,2478,
2022-23,D Pharmacy,CAP Round I,02024,"Maharashtra Shikshan Samiti's Maharashtra Polytechnic (D. Pharmacy) Institute, Nilanga, Latur",Latur,Aided,GOBCS,State Level,Any,6807,
2022-23,D Pharmacy,CAP Round I,02024,"Maharashtra Shikshan Samiti's Maharashtra Polytechnic (D. Pharmacy) Institute, Nilanga, Latur",Latur,Aided,LOBCS,State Level,Ladies,6288,
2022-23,D Pharmacy,CAP Round I,02024,"Maharashtra Shikshan Samiti's Maharashtra Polytechnic (D. Pharmacy) Institute, Nilanga, Latur",Latur,Aided,PWDOPENS,State Level,Any,70139,
2022-23,D Pharmacy,CAP Round I,02024,"Maharashtra Shikshan Samiti's Maharashtra Polytechnic (D. Pharmacy) Institute, Nilanga, Latur",Latur,Aided,DEFOPENS,State Level,Any,28610,
2022-23,D Pharmacy,CAP Round I,02024,"Maharashtra Shikshan Samiti's Maharashtra Polytechnic (D. Pharmacy) Institute, Nilanga, Latur",Latur,Aided,EWS,Special,Any,1851,
2022-23,D Pharmacy,CAP Round I,02024,"Maharashtra Shikshan Samiti's Maharashtra Polytechnic (D. Pharmacy) Institute, Nilanga, Latur",Latur,Aided,TFWS,Special,Any,585,
2022-23,D Pharmacy,CAP Round I,02027,"Adarsh Shikshan Prasarak Mandal's Diploma In Pharmacy Institute, Osmanabad",Dharashiv,Aided,GOPENS,State Level,Any,3774,
2022-23,D Pharmacy,CAP Round I,02027,"Adarsh Shikshan Prasarak Mandal's Diploma In Pharmacy Institute, Osmanabad",Dharashiv,Aided,LOPENS,State Level,Ladies,2685,
2022-23,D Pharmacy,CAP Round I,02027,"Adarsh Shikshan Prasarak Mandal's Diploma In Pharmacy Institute, Osmanabad",Dharashiv,Aided,GSCS,State Level,Any,11372,
2022-23,D Pharmacy,CAP Round I,02027,"Adarsh Shikshan Prasarak Mandal's Diploma In Pharmacy Institute, Osmanabad",Dharashiv,Aided,LSCS,State Level,Ladies,10083,
2022-23,D Pharmacy,CAP Round I,02027,"Adarsh Shikshan Prasarak Mandal's Diploma In Pharmacy Institute, Osmanabad",Dharashiv,Aided,GSTS,State Level,Any,40340,
2022-23,D Pharmacy,CAP Round I,02027,"Adarsh Shikshan Prasarak Mandal's Diploma In Pharmacy Institute, Osmanabad",Dharashiv,Aided,LSTS,State Level,Ladies,38189,
2022-23,D Pharmacy,CAP Round I,02027,"Adarsh Shikshan Prasarak Mandal's Diploma In Pharmacy Institute, Osmanabad",Dharashiv,Aided,GVJS,State Level,Any,6386,
2022-23,D Pharmacy,CAP Round I,02027,"Adarsh Shikshan Prasarak Mandal's Diploma In Pharmacy Institute, Osmanabad",Dharashiv,Aided,LVJS,State Level,Ladies,7872,
2022-23,D Pharmacy,CAP Round I,02027,"Adarsh Shikshan Prasarak Mandal's Diploma In Pharmacy Institute, Osmanabad",Dharashiv,Aided,GNT1S,State Level,Any,12858,
2022-23,D Pharmacy,CAP Round I,02027,"Adarsh Shikshan Prasarak Mandal's Diploma In Pharmacy Institute, Osmanabad",Dharashiv,Aided,GNT2S,State Level,Any,4441,
2022-23,D Pharmacy,CAP Round I,02027,"Adarsh Shikshan Prasarak Mandal's Diploma In Pharmacy Institute, Osmanabad",Dharashiv,Aided,LNT2S,State Level,Ladies,2730,
2022-23,D Pharmacy,CAP Round I,02027,"Adarsh Shikshan Prasarak Mandal's Diploma In Pharmacy Institute, Osmanabad",Dharashiv,Aided,GNT3S,State Level,Any,4004,
2022-23,D Pharmacy,CAP Round I,02027,"Adarsh Shikshan Prasarak Mandal's Diploma In Pharmacy Institute, Osmanabad",Dharashiv,Aided,GOBCS,State Level,Any,8644,
2022-23,D Pharmacy,CAP Round I,02027,"Adarsh Shikshan Prasarak Mandal's Diploma In Pharmacy Institute, Osmanabad",Dharashiv,Aided,LOBCS,State Level,Ladies,5126,
2022-23,D Pharmacy,CAP Round I,02027,"Adarsh Shikshan Prasarak Mandal's Diploma In Pharmacy Institute, Osmanabad",Dharashiv,Aided,PWDOPENS,State Level,Any,82992,
2022-23,D Pharmacy,CAP Round I,02027,"Adarsh Shikshan Prasarak Mandal's Diploma In Pharmacy Institute, Osmanabad",Dharashiv,Aided,EWS,Special,Any,3355,
2022-23,D Pharmacy,CAP Round I,02027,"Adarsh Shikshan Prasarak Mandal's Diploma In Pharmacy Institute, Osmanabad",Dharashiv,Aided,TFWS,Special,Any,2087,
2022-23,D Pharmacy,CAP Round I,02118,"Shree Bhairavnath Nisarg Mandal.'S Diploma In Pharmacy Institute, Hatta, Tal.Basmat",Hingoli,Unaided,GOPENS,State Level,Any,12242,
2022-23,D Pharmacy,CAP Round I,02118,"Shree Bhairavnath Nisarg Mandal.'S Diploma In Pharmacy Institute, Hatta, Tal.Basmat",Hingoli,Unaided,LOPENS,State Level,Ladies,11921,
2022-23,D Pharmacy,CAP Round I,02118,"Shree Bhairavnath Nisarg Mandal.'S Diploma In Pharmacy Institute, Hatta, Tal.Basmat",Hingoli,Unaided,GSCS,State Level,Any,18367,
2022-23,D Pharmacy,CAP Round I,02118,"Shree Bhairavnath Nisarg Mandal.'S Diploma In Pharmacy Institute, Hatta, Tal.Basmat",Hingoli,Unaided,LSCS,State Level,Ladies,13667,
2022-23,D Pharmacy,CAP Round I,02118,"Shree Bhairavnath Nisarg Mandal.'S Diploma In Pharmacy Institute, Hatta, Tal.Basmat",Hingoli,Unaided,GSTS,State Level,Any,56706,
2022-23,D Pharmacy,CAP Round I,02118,"Shree Bhairavnath Nisarg Mandal.'S Diploma In Pharmacy Institute, Hatta, Tal.Basmat",Hingoli,Unaided,LSTS,State Level,Ladies,58964,
2022-23,D Pharmacy,CAP Round I,02118,"Shree Bhairavnath Nisarg Mandal.'S Diploma In Pharmacy Institute, Hatta, Tal.Basmat",Hingoli,Unaided,GVJS,State Level,Any,15492,
2022-23,D Pharmacy,CAP Round I,02118,"Shree Bhairavnath Nisarg Mandal.'S Diploma In Pharmacy Institute, Hatta, Tal.Basmat",Hingoli,Unaided,GNT1S,State Level,Any,16482,
2022-23,D Pharmacy,CAP Round I,02118,"Shree Bhairavnath Nisarg Mandal.'S Diploma In Pharmacy Institute, Hatta, Tal.Basmat",Hingoli,Unaided,GNT2S,State Level,Any,13682,
2022-23,D Pharmacy,CAP Round I,02118,"Shree Bhairavnath Nisarg Mandal.'S Diploma In Pharmacy Institute, Hatta, Tal.Basmat",Hingoli,Unaided,LNT2S,State Level,Ladies,8286,
2022-23,D Pharmacy,CAP Round I,02118,"Shree Bhairavnath Nisarg Mandal.'S Diploma In Pharmacy Institute, Hatta, Tal.Basmat",Hingoli,Unaided,GNT3S,State Level,Any,16936,
2022-23,D Pharmacy,CAP Round I,02118,"Shree Bhairavnath Nisarg Mandal.'S Diploma In Pharmacy Institute, Hatta, Tal.Basmat",Hingoli,Unaided,GOBCS,State Level,Any,20672,
2022-23,D Pharmacy,CAP Round I,02118,"Shree Bhairavnath Nisarg Mandal.'S Diploma In Pharmacy Institute, Hatta, Tal.Basmat",Hingoli,Unaided,LOBCS,State Level,Ladies,21475,
2022-23,D Pharmacy,CAP Round I,02118,"Shree Bhairavnath Nisarg Mandal.'S Diploma In Pharmacy Institute, Hatta, Tal.Basmat",Hingoli,Unaided,PWDOPENS,State Level,Any,73780,
2022-23,D Pharmacy,CAP Round I,02118,"Shree Bhairavnath Nisarg Mandal.'S Diploma In Pharmacy Institute, Hatta, Tal.Basmat",Hingoli,Unaided,EWS,Special,Any,11113,
2022-23,D Pharmacy,CAP Round I,02118,"Shree Bhairavnath Nisarg Mandal.'S Diploma In Pharmacy Institute, Hatta, Tal.Basmat",Hingoli,Unaided,TFWS,Special,Any,4042,
2022-23,D Pharmacy,CAP Round I,02143,"Shri Dhaneshwari Manav Vikas Mandal's Diploma In Pharmacy Institute, At Post Gevrai Tanda, Paithan Road, Aurangabad.",Chhatrapati Sambhajinagar,Unaided,GOPENS,State Level,Any,8565,
2022-23,D Pharmacy,CAP Round I,02143,"Shri Dhaneshwari Manav Vikas Mandal's Diploma In Pharmacy Institute, At Post Gevrai Tanda, Paithan Road, Aurangabad.",Chhatrapati Sambhajinagar,Unaided,LOPENS,State Level,Ladies,7684,
2022-23,D Pharmacy,CAP Round I,02143,"Shri Dhaneshwari Manav Vikas Mandal's Diploma In Pharmacy Institute, At Post Gevrai Tanda, Paithan Road, Aurangabad.",Chhatrapati Sambhajinagar,Unaided,GSCS,State Level,Any,15196,
2022-23,D Pharmacy,CAP Round I,02143,"Shri Dhaneshwari Manav Vikas Mandal's Diploma In Pharmacy Institute, At Post Gevrai Tanda, Paithan Road, Aurangabad.",Chhatrapati Sambhajinagar,Unaided,LSCS,State Level,Ladies,18577,
2022-23,D Pharmacy,CAP Round I,02143,"Shri Dhaneshwari Manav Vikas Mandal's Diploma In Pharmacy Institute, At Post Gevrai Tanda, Paithan Road, Aurangabad.",Chhatrapati Sambhajinagar,Unaided,GSTS,State Level,Any,22454,
2022-23,D Pharmacy,CAP Round I,02143,"Shri Dhaneshwari Manav Vikas Mandal's Diploma In Pharmacy Institute, At Post Gevrai Tanda, Paithan Road, Aurangabad.",Chhatrapati Sambhajinagar,Unaided,LSTS,State Level,Ladies,34739,
2022-23,D Pharmacy,CAP Round I,02143,"Shri Dhaneshwari Manav Vikas Mandal's Diploma In Pharmacy Institute, At Post Gevrai Tanda, Paithan Road, Aurangabad.",Chhatrapati Sambhajinagar,Unaided,GVJS,State Level,Any,9165,
2022-23,D Pharmacy,CAP Round I,02143,"Shri Dhaneshwari Manav Vikas Mandal's Diploma In Pharmacy Institute, At Post Gevrai Tanda, Paithan Road, Aurangabad.",Chhatrapati Sambhajinagar,Unaided,LVJS,State Level,Ladies,15565,
2022-23,D Pharmacy,CAP Round I,02143,"Shri Dhaneshwari Manav Vikas Mandal's Diploma In Pharmacy Institute, At Post Gevrai Tanda, Paithan Road, Aurangabad.",Chhatrapati Sambhajinagar,Unaided,GNT1S,State Level,Any,16426,
2022-23,D Pharmacy,CAP Round I,02143,"Shri Dhaneshwari Manav Vikas Mandal's Diploma In Pharmacy Institute, At Post Gevrai Tanda, Paithan Road, Aurangabad.",Chhatrapati Sambhajinagar,Unaided,GNT2S,State Level,Any,11790,
2022-23,D Pharmacy,CAP Round I,02143,"Shri Dhaneshwari Manav Vikas Mandal's Diploma In Pharmacy Institute, At Post Gevrai Tanda, Paithan Road, Aurangabad.",Chhatrapati Sambhajinagar,Unaided,LNT2S,State Level,Ladies,16447,
2022-23,D Pharmacy,CAP Round I,02143,"Shri Dhaneshwari Manav Vikas Mandal's Diploma In Pharmacy Institute, At Post Gevrai Tanda, Paithan Road, Aurangabad.",Chhatrapati Sambhajinagar,Unaided,GNT3S,State Level,Any,8667,
2022-23,D Pharmacy,CAP Round I,02143,"Shri Dhaneshwari Manav Vikas Mandal's Diploma In Pharmacy Institute, At Post Gevrai Tanda, Paithan Road, Aurangabad.",Chhatrapati Sambhajinagar,Unaided,GOBCS,State Level,Any,17419,
2022-23,D Pharmacy,CAP Round I,02143,"Shri Dhaneshwari Manav Vikas Mandal's Diploma In Pharmacy Institute, At Post Gevrai Tanda, Paithan Road, Aurangabad.",Chhatrapati Sambhajinagar,Unaided,LOBCS,State Level,Ladies,15913,
2022-23,D Pharmacy,CAP Round I,02143,"Shri Dhaneshwari Manav Vikas Mandal's Diploma In Pharmacy Institute, At Post Gevrai Tanda, Paithan Road, Aurangabad.",Chhatrapati Sambhajinagar,Unaided,PWDOPENS,State Level,Any,27637,
2022-23,D Pharmacy,CAP Round I,02143,"Shri Dhaneshwari Manav Vikas Mandal's Diploma In Pharmacy Institute, At Post Gevrai Tanda, Paithan Road, Aurangabad.",Chhatrapati Sambhajinagar,Unaided,EWS,Special,Any,8995,
2022-23,D Pharmacy,CAP Round I,02143,"Shri Dhaneshwari Manav Vikas Mandal's Diploma In Pharmacy Institute, At Post Gevrai Tanda, Paithan Road, Aurangabad.",Chhatrapati Sambhajinagar,Unaided,TFWS,Special,Any,2378,
2022-23,D Pharmacy,CAP Round I,02152,"Shivlingeshwar College of Pharmacy, Almala, Dist. Latur",Latur,Unaided,GOPENS,State Level,Any,12500,
2022-23,D Pharmacy,CAP Round I,02152,"Shivlingeshwar College of Pharmacy, Almala, Dist. Latur",Latur,Unaided,LOPENS,State Level,Ladies,8455,
2022-23,D Pharmacy,CAP Round I,02152,"Shivlingeshwar College of Pharmacy, Almala, Dist. Latur",Latur,Unaided,GSCS,State Level,Any,17205,
2022-23,D Pharmacy,CAP Round I,02152,"Shivlingeshwar College of Pharmacy, Almala, Dist. Latur",Latur,Unaided,LSCS,State Level,Ladies,18365,
2022-23,D Pharmacy,CAP Round I,02152,"Shivlingeshwar College of Pharmacy, Almala, Dist. Latur",Latur,Unaided,GSTS,State Level,Any,75048,
2022-23,D Pharmacy,CAP Round I,02152,"Shivlingeshwar College of Pharmacy, Almala, Dist. Latur",Latur,Unaided,LSTS,State Level,Ladies,53835,
2022-23,D Pharmacy,CAP Round I,02152,"Shivlingeshwar College of Pharmacy, Almala, Dist. Latur",Latur,Unaided,GVJS,State Level,Any,18641,
2022-23,D Pharmacy,CAP Round I,02152,"Shivlingeshwar College of Pharmacy, Almala, Dist. Latur",Latur,Unaided,LNT1S,State Level,Ladies,43570,
2022-23,D Pharmacy,CAP Round I,02152,"Shivlingeshwar College of Pharmacy, Almala, Dist. Latur",Latur,Unaided,GNT2S,State Level,Any,20215,
2022-23,D Pharmacy,CAP Round I,02152,"Shivlingeshwar College of Pharmacy, Almala, Dist. Latur",Latur,Unaided,GNT3S,State Level,Any,15324,
2022-23,D Pharmacy,CAP Round I,02152,"Shivlingeshwar College of Pharmacy, Almala, Dist. Latur",Latur,Unaided,GOBCS,State Level,Any,24049,
2022-23,D Pharmacy,CAP Round I,02152,"Shivlingeshwar College of Pharmacy, Almala, Dist. Latur",Latur,Unaided,LOBCS,State Level,Ladies,23139,
2022-23,D Pharmacy,CAP Round I,02152,"Shivlingeshwar College of Pharmacy, Almala, Dist. Latur",Latur,Unaided,DEFOPENS,State Level,Any,67093,
2022-23,D Pharmacy,CAP Round I,02152,"Shivlingeshwar College of Pharmacy, Almala, Dist. Latur",Latur,Unaided,EWS,Special,Any,14762,
2022-23,D Pharmacy,CAP Round I,02152,"Shivlingeshwar College of Pharmacy, Almala, Dist. Latur",Latur,Unaided,TFWS,Special,Any,3757,
2022-23,D Pharmacy,CAP Round I,02154,"Shri. Dhaneshwari Manav Vikas Mandal's Dr. Vedprakash Patil Pharmacy, College, Gevrai, Aurangabad.",Chhatrapati Sambhajinagar,Unaided,GOPENS,State Level,Any,12585,
2022-23,D Pharmacy,CAP Round I,02154,"Shri. Dhaneshwari Manav Vikas Mandal's Dr. Vedprakash Patil Pharmacy, College, Gevrai, Aurangabad.",Chhatrapati Sambhajinagar,Unaided,LOPENS,State Level,Ladies,7972,
2022-23,D Pharmacy,CAP Round I,02154,"Shri. Dhaneshwari Manav Vikas Mandal's Dr. Vedprakash Patil Pharmacy, College, Gevrai, Aurangabad.",Chhatrapati Sambhajinagar,Unaided,GSCS,State Level,Any,27418,
2022-23,D Pharmacy,CAP Round I,02154,"Shri. Dhaneshwari Manav Vikas Mandal's Dr. Vedprakash Patil Pharmacy, College, Gevrai, Aurangabad.",Chhatrapati Sambhajinagar,Unaided,LSCS,State Level,Ladies,21496,
2022-23,D Pharmacy,CAP Round I,02154,"Shri. Dhaneshwari Manav Vikas Mandal's Dr. Vedprakash Patil Pharmacy, College, Gevrai, Aurangabad.",Chhatrapati Sambhajinagar,Unaided,GSTS,State Level,Any,28306,
2022-23,D Pharmacy,CAP Round I,02154,"Shri. Dhaneshwari Manav Vikas Mandal's Dr. Vedprakash Patil Pharmacy, College, Gevrai, Aurangabad.",Chhatrapati Sambhajinagar,Unaided,LSTS,State Level,Ladies,9018,
2022-23,D Pharmacy,CAP Round I,02154,"Shri. Dhaneshwari Manav Vikas Mandal's Dr. Vedprakash Patil Pharmacy, College, Gevrai, Aurangabad.",Chhatrapati Sambhajinagar,Unaided,GVJS,State Level,Any,13691,
2022-23,D Pharmacy,CAP Round I,02154,"Shri. Dhaneshwari Manav Vikas Mandal's Dr. Vedprakash Patil Pharmacy, College, Gevrai, Aurangabad.",Chhatrapati Sambhajinagar,Unaided,GNT1S,State Level,Any,17124,
2022-23,D Pharmacy,CAP Round I,02154,"Shri. Dhaneshwari Manav Vikas Mandal's Dr. Vedprakash Patil Pharmacy, College, Gevrai, Aurangabad.",Chhatrapati Sambhajinagar,Unaided,LNT1S,State Level,Ladies,20336,
2022-23,D Pharmacy,CAP Round I,02154,"Shri. Dhaneshwari Manav Vikas Mandal's Dr. Vedprakash Patil Pharmacy, College, Gevrai, Aurangabad.",Chhatrapati Sambhajinagar,Unaided,GNT2S,State Level,Any,15077,
2022-23,D Pharmacy,CAP Round I,02154,"Shri. Dhaneshwari Manav Vikas Mandal's Dr. Vedprakash Patil Pharmacy, College, Gevrai, Aurangabad.",Chhatrapati Sambhajinagar,Unaided,LNT3S,State Level,Ladies,14708,
2022-23,D Pharmacy,CAP Round I,02154,"Shri. Dhaneshwari Manav Vikas Mandal's Dr. Vedprakash Patil Pharmacy, College, Gevrai, Aurangabad.",Chhatrapati Sambhajinagar,Unaided,GOBCS,State Level,Any,21857,
2022-23,D Pharmacy,CAP Round I,02154,"Shri. Dhaneshwari Manav Vikas Mandal's Dr. Vedprakash Patil Pharmacy, College, Gevrai, Aurangabad.",Chhatrapati Sambhajinagar,Unaided,LOBCS,State Level,Ladies,21102,
2022-23,D Pharmacy,CAP Round I,02154,"Shri. Dhaneshwari Manav Vikas Mandal's Dr. Vedprakash Patil Pharmacy, College, Gevrai, Aurangabad.",Chhatrapati Sambhajinagar,Unaided,PWDOPENS,State Level,Any,21436,
2022-23,D Pharmacy,CAP Round I,02154,"Shri. Dhaneshwari Manav Vikas Mandal's Dr. Vedprakash Patil Pharmacy, College, Gevrai, Aurangabad.",Chhatrapati Sambhajinagar,Unaided,EWS,Special,Any,11653,
2022-23,D Pharmacy,CAP Round I,02154,"Shri. Dhaneshwari Manav Vikas Mandal's Dr. Vedprakash Patil Pharmacy, College, Gevrai, Aurangabad.",Chhatrapati Sambhajinagar,Unaided,TFWS,Special,Any,6165,
2022-23,D Pharmacy,CAP Round I,02156,"Dayanand Education Society's Dayanand College of Pharmacy, Latur",Latur,Unaided,GOPENS,State Level,Any,5630,
2022-23,D Pharmacy,CAP Round I,02156,"Dayanand Education Society's Dayanand College of Pharmacy, Latur",Latur,Unaided,LOPENS,State Level,Ladies,4528,
2022-23,D Pharmacy,CAP Round I,02156,"Dayanand Education Society's Dayanand College of Pharmacy, Latur",Latur,Unaided,GSCS,State Level,Any,13306,
2022-23,D Pharmacy,CAP Round I,02156,"Dayanand Education Society's Dayanand College of Pharmacy, Latur",Latur,Unaided,LSCS,State Level,Ladies,11888,
2022-23,D Pharmacy,CAP Round I,02156,"Dayanand Education Society's Dayanand College of Pharmacy, Latur",Latur,Unaided,GSTS,State Level,Any,40007,
2022-23,D Pharmacy,CAP Round I,02156,"Dayanand Education Society's Dayanand College of Pharmacy, Latur",Latur,Unaided,LSTS,State Level,Ladies,61565,
2022-23,D Pharmacy,CAP Round I,02156,"Dayanand Education Society's Dayanand College of Pharmacy, Latur",Latur,Unaided,GVJS,State Level,Any,5812,
2022-23,D Pharmacy,CAP Round I,02156,"Dayanand Education Society's Dayanand College of Pharmacy, Latur",Latur,Unaided,LVJS,State Level,Ladies,5593,
2022-23,D Pharmacy,CAP Round I,02156,"Dayanand Education Society's Dayanand College of Pharmacy, Latur",Latur,Unaided,GNT1S,State Level,Any,12906,
2022-23,D Pharmacy,CAP Round I,02156,"Dayanand Education Society's Dayanand College of Pharmacy, Latur",Latur,Unaided,GNT2S,State Level,Any,5674,
2022-23,D Pharmacy,CAP Round I,02156,"Dayanand Education Society's Dayanand College of Pharmacy, Latur",Latur,Unaided,LNT2S,State Level,Ladies,5310,
2022-23,D Pharmacy,CAP Round I,02156,"Dayanand Education Society's Dayanand College of Pharmacy, Latur",Latur,Unaided,GNT3S,State Level,Any,7141,
2022-23,D Pharmacy,CAP Round I,02156,"Dayanand Education Society's Dayanand College of Pharmacy, Latur",Latur,Unaided,GOBCS,State Level,Any,15606,
2022-23,D Pharmacy,CAP Round I,02156,"Dayanand Education Society's Dayanand College of Pharmacy, Latur",Latur,Unaided,LOBCS,State Level,Ladies,13276,
2022-23,D Pharmacy,CAP Round I,02156,"Dayanand Education Society's Dayanand College of Pharmacy, Latur",Latur,Unaided,PWDOPENS,State Level,Any,54685,
2022-23,D Pharmacy,CAP Round I,02156,"Dayanand Education Society's Dayanand College of Pharmacy, Latur",Latur,Unaided,DEFOPENS,State Level,Any,45395,
2022-23,D Pharmacy,CAP Round I,02156,"Dayanand Education Society's Dayanand College of Pharmacy, Latur",Latur,Unaided,EWS,Special,Any,5399,
2022-23,D Pharmacy,CAP Round I,02156,"Dayanand Education Society's Dayanand College of Pharmacy, Latur",Latur,Unaided,TFWS,Special,Any,2827,
2022-23,D Pharmacy,CAP Round I,02157,"Sahyog Sewabhavi Sanstha's Indira College of Pharmacy, Nanded",Nanded,Unaided,GOPENS,State Level,Any,4124,
2022-23,D Pharmacy,CAP Round I,02157,"Sahyog Sewabhavi Sanstha's Indira College of Pharmacy, Nanded",Nanded,Unaided,LOPENS,State Level,Ladies,3055,
2022-23,D Pharmacy,CAP Round I,02157,"Sahyog Sewabhavi Sanstha's Indira College of Pharmacy, Nanded",Nanded,Unaided,GSCS,State Level,Any,6335,
2022-23,D Pharmacy,CAP Round I,02157,"Sahyog Sewabhavi Sanstha's Indira College of Pharmacy, Nanded",Nanded,Unaided,LSCS,State Level,Ladies,6323,
2022-23,D Pharmacy,CAP Round I,02157,"Sahyog Sewabhavi Sanstha's Indira College of Pharmacy, Nanded",Nanded,Unaided,GSTS,State Level,Any,9538,
2022-23,D Pharmacy,CAP Round I,02157,"Sahyog Sewabhavi Sanstha's Indira College of Pharmacy, Nanded",Nanded,Unaided,LSTS,State Level,Ladies,48650,
2022-23,D Pharmacy,CAP Round I,02157,"Sahyog Sewabhavi Sanstha's Indira College of Pharmacy, Nanded",Nanded,Unaided,GVJS,State Level,Any,4380,
2022-23,D Pharmacy,CAP Round I,02157,"Sahyog Sewabhavi Sanstha's Indira College of Pharmacy, Nanded",Nanded,Unaided,LVJS,State Level,Ladies,6966,
2022-23,D Pharmacy,CAP Round I,02157,"Sahyog Sewabhavi Sanstha's Indira College of Pharmacy, Nanded",Nanded,Unaided,GNT1S,State Level,Any,4442,
2022-23,D Pharmacy,CAP Round I,02157,"Sahyog Sewabhavi Sanstha's Indira College of Pharmacy, Nanded",Nanded,Unaided,GNT2S,State Level,Any,4435,
2022-23,D Pharmacy,CAP Round I,02157,"Sahyog Sewabhavi Sanstha's Indira College of Pharmacy, Nanded",Nanded,Unaided,LNT2S,State Level,Ladies,3061,
2022-23,D Pharmacy,CAP Round I,02157,"Sahyog Sewabhavi Sanstha's Indira College of Pharmacy, Nanded",Nanded,Unaided,GNT3S,State Level,Any,5022,
2022-23,D Pharmacy,CAP Round I,02157,"Sahyog Sewabhavi Sanstha's Indira College of Pharmacy, Nanded",Nanded,Unaided,GOBCS,State Level,Any,12719,
2022-23,D Pharmacy,CAP Round I,02157,"Sahyog Sewabhavi Sanstha's Indira College of Pharmacy, Nanded",Nanded,Unaided,LOBCS,State Level,Ladies,8509,
2022-23,D Pharmacy,CAP Round I,02157,"Sahyog Sewabhavi Sanstha's Indira College of Pharmacy, Nanded",Nanded,Unaided,PWDOPENS,State Level,Any,63246,
2022-23,D Pharmacy,CAP Round I,02157,"Sahyog Sewabhavi Sanstha's Indira College of Pharmacy, Nanded",Nanded,Unaided,EWS,Special,Any,4086,
2022-23,D Pharmacy,CAP Round I,02157,"Sahyog Sewabhavi Sanstha's Indira College of Pharmacy, Nanded",Nanded,Unaided,TFWS,Special,Any,4484,
2022-23,D Pharmacy,CAP Round I,02158,"Ramchandra Sanskritik Krida Mandal's R.D. Bhakt College of Pharmacy, Jalna",Jalna,Unaided,GOPENS,State Level,Any,10545,
2022-23,D Pharmacy,CAP Round I,02158,"Ramchandra Sanskritik Krida Mandal's R.D. Bhakt College of Pharmacy, Jalna",Jalna,Unaided,LOPENS,State Level,Ladies,3914,
2022-23,D Pharmacy,CAP Round I,02158,"Ramchandra Sanskritik Krida Mandal's R.D. Bhakt College of Pharmacy, Jalna",Jalna,Unaided,GSCS,State Level,Any,19662,
2022-23,D Pharmacy,CAP Round I,02158,"Ramchandra Sanskritik Krida Mandal's R.D. Bhakt College of Pharmacy, Jalna",Jalna,Unaided,LSCS,State Level,Ladies,10928,
2022-23,D Pharmacy,CAP Round I,02158,"Ramchandra Sanskritik Krida Mandal's R.D. Bhakt College of Pharmacy, Jalna",Jalna,Unaided,GVJS,State Level,Any,12131,
2022-23,D Pharmacy,CAP Round I,02158,"Ramchandra Sanskritik Krida Mandal's R.D. Bhakt College of Pharmacy, Jalna",Jalna,Unaided,GNT1S,State Level,Any,19472,
2022-23,D Pharmacy,CAP Round I,02158,"Ramchandra Sanskritik Krida Mandal's R.D. Bhakt College of Pharmacy, Jalna",Jalna,Unaided,GNT2S,State Level,Any,20306,
2022-23,D Pharmacy,CAP Round I,02158,"Ramchandra Sanskritik Krida Mandal's R.D. Bhakt College of Pharmacy, Jalna",Jalna,Unaided,LNT3S,State Level,Ladies,4252,
2022-23,D Pharmacy,CAP Round I,02158,"Ramchandra Sanskritik Krida Mandal's R.D. Bhakt College of Pharmacy, Jalna",Jalna,Unaided,GOBCS,State Level,Any,17576,
2022-23,D Pharmacy,CAP Round I,02158,"Ramchandra Sanskritik Krida Mandal's R.D. Bhakt College of Pharmacy, Jalna",Jalna,Unaided,LOBCS,State Level,Ladies,12761,
2022-23,D Pharmacy,CAP Round I,02158,"Ramchandra Sanskritik Krida Mandal's R.D. Bhakt College of Pharmacy, Jalna",Jalna,Unaided,EWS,Special,Any,15633,
2022-23,D Pharmacy,CAP Round I,02158,"Ramchandra Sanskritik Krida Mandal's R.D. Bhakt College of Pharmacy, Jalna",Jalna,Unaided,TFWS,Special,Any,5325,
2022-23,D Pharmacy,CAP Round I,02201,Umer Bin Khattab Welfare Trust Vastanvi College of Pharmacy,Pharmacy,Religious Minority - Muslim,MI,Special,Any,31844,
2022-23,D Pharmacy,CAP Round I,02201,Umer Bin Khattab Welfare Trust Vastanvi College of Pharmacy,Pharmacy,Religious Minority - Muslim,TFWS,Special,Any,7117,
2022-23,D Pharmacy,CAP Round I,02202,"Sayli Charitable Trust's College Of Pharmacy, Mitmita, Aurangabad.",Chhatrapati Sambhajinagar,Unaided,GOPENS,State Level,Any,11960,
2022-23,D Pharmacy,CAP Round I,02202,"Sayli Charitable Trust's College Of Pharmacy, Mitmita, Aurangabad.",Chhatrapati Sambhajinagar,Unaided,LOPENS,State Level,Ladies,4857,
2022-23,D Pharmacy,CAP Round I,02202,"Sayli Charitable Trust's College Of Pharmacy, Mitmita, Aurangabad.",Chhatrapati Sambhajinagar,Unaided,GSCS,State Level,Any,27898,
2022-23,D Pharmacy,CAP Round I,02202,"Sayli Charitable Trust's College Of Pharmacy, Mitmita, Aurangabad.",Chhatrapati Sambhajinagar,Unaided,LSCS,State Level,Ladies,23577,
2022-23,D Pharmacy,CAP Round I,02202,"Sayli Charitable Trust's College Of Pharmacy, Mitmita, Aurangabad.",Chhatrapati Sambhajinagar,Unaided,GSTS,State Level,Any,27481,
2022-23,D Pharmacy,CAP Round I,02202,"Sayli Charitable Trust's College Of Pharmacy, Mitmita, Aurangabad.",Chhatrapati Sambhajinagar,Unaided,LSTS,State Level,Ladies,48013,
2022-23,D Pharmacy,CAP Round I,02202,"Sayli Charitable Trust's College Of Pharmacy, Mitmita, Aurangabad.",Chhatrapati Sambhajinagar,Unaided,GVJS,State Level,Any,13843,
2022-23,D Pharmacy,CAP Round I,02202,"Sayli Charitable Trust's College Of Pharmacy, Mitmita, Aurangabad.",Chhatrapati Sambhajinagar,Unaided,GNT1S,State Level,Any,26028,
2022-23,D Pharmacy,CAP Round I,02202,"Sayli Charitable Trust's College Of Pharmacy, Mitmita, Aurangabad.",Chhatrapati Sambhajinagar,Unaided,LNT1S,State Level,Ladies,5412,
2022-23,D Pharmacy,CAP Round I,02202,"Sayli Charitable Trust's College Of Pharmacy, Mitmita, Aurangabad.",Chhatrapati Sambhajinagar,Unaided,GNT2S,State Level,Any,13869,
2022-23,D Pharmacy,CAP Round I,02202,"Sayli Charitable Trust's College Of Pharmacy, Mitmita, Aurangabad.",Chhatrapati Sambhajinagar,Unaided,GNT3S,State Level,Any,15520,
2022-23,D Pharmacy,CAP Round I,02202,"Sayli Charitable Trust's College Of Pharmacy, Mitmita, Aurangabad.",Chhatrapati Sambhajinagar,Unaided,GOBCS,State Level,Any,17872,
2022-23,D Pharmacy,CAP Round I,02202,"Sayli Charitable Trust's College Of Pharmacy, Mitmita, Aurangabad.",Chhatrapati Sambhajinagar,Unaided,LOBCS,State Level,Ladies,7063,
2022-23,D Pharmacy,CAP Round I,02202,"Sayli Charitable Trust's College Of Pharmacy, Mitmita, Aurangabad.",Chhatrapati Sambhajinagar,Unaided,PWDOPENS,State Level,Any,31393,
2022-23,D Pharmacy,CAP Round I,02202,"Sayli Charitable Trust's College Of Pharmacy, Mitmita, Aurangabad.",Chhatrapati Sambhajinagar,Unaided,DEFOPENS,State Level,Any,24745,
2022-23,D Pharmacy,CAP Round I,02202,"Sayli Charitable Trust's College Of Pharmacy, Mitmita, Aurangabad.",Chhatrapati Sambhajinagar,Unaided,EWS,Special,Any,9429,
2022-23,D Pharmacy,CAP Round I,02202,"Sayli Charitable Trust's College Of Pharmacy, Mitmita, Aurangabad.",Chhatrapati Sambhajinagar,Unaided,TFWS,Special,Any,2897,
2022-23,D Pharmacy,CAP Round I,02205,"Anand Charitable sanstha's College of Pharmacy, Ashti, Dist. Beed",Beed,Unaided,GOPENS,State Level,Any,12020,
2022-23,D Pharmacy,CAP Round I,02205,"Anand Charitable sanstha's College of Pharmacy, Ashti, Dist. Beed",Beed,Unaided,LOPENS,State Level,Ladies,4897,
2022-23,D Pharmacy,CAP Round I,02205,"Anand Charitable sanstha's College of Pharmacy, Ashti, Dist. Beed",Beed,Unaided,GSCS,State Level,Any,48320,
2022-23,D Pharmacy,CAP Round I,02205,"Anand Charitable sanstha's College of Pharmacy, Ashti, Dist. Beed",Beed,Unaided,LSCS,State Level,Ladies,35468,
2022-23,D Pharmacy,CAP Round I,02205,"Anand Charitable sanstha's College of Pharmacy, Ashti, Dist. Beed",Beed,Unaided,GVJS,State Level,Any,19169,
2022-23,D Pharmacy,CAP Round I,02205,"Anand Charitable sanstha's College of Pharmacy, Ashti, Dist. Beed",Beed,Unaided,GNT1S,State Level,Any,23720,
2022-23,D Pharmacy,CAP Round I,02205,"Anand Charitable sanstha's College of Pharmacy, Ashti, Dist. Beed",Beed,Unaided,GNT2S,State Level,Any,12454,
2022-23,D Pharmacy,CAP Round I,02205,"Anand Charitable sanstha's College of Pharmacy, Ashti, Dist. Beed",Beed,Unaided,LNT2S,State Level,Ladies,5185,
2022-23,D Pharmacy,CAP Round I,02205,"Anand Charitable sanstha's College of Pharmacy, Ashti, Dist. Beed",Beed,Unaided,LNT3S,State Level,Ladies,13680,
2022-23,D Pharmacy,CAP Round I,02205,"Anand Charitable sanstha's College of Pharmacy, Ashti, Dist. Beed",Beed,Unaided,GOBCS,State Level,Any,22646,
2022-23,D Pharmacy,CAP Round I,02205,"Anand Charitable sanstha's College of Pharmacy, Ashti, Dist. Beed",Beed,Unaided,LOBCS,State Level,Ladies,9905,
2022-23,D Pharmacy,CAP Round I,02205,"Anand Charitable sanstha's College of Pharmacy, Ashti, Dist. Beed",Beed,Unaided,EWS,Special,Any,10426,
2022-23,D Pharmacy,CAP Round I,02205,"Anand Charitable sanstha's College of Pharmacy, Ashti, Dist. Beed",Beed,Unaided,TFWS,Special,Any,1721,
2022-23,D Pharmacy,CAP Round I,02206,"Adarsh Shikshan Sansta's Colllege of Pharmacy, Beed",Beed,Unaided,GOPENS,State Level,Any,4809,
2022-23,D Pharmacy,CAP Round I,02206,"Adarsh Shikshan Sansta's Colllege of Pharmacy, Beed",Beed,Unaided,LOPENS,State Level,Ladies,2243,
2022-23,D Pharmacy,CAP Round I,02206,"Adarsh Shikshan Sansta's Colllege of Pharmacy, Beed",Beed,Unaided,GSCS,State Level,Any,11913,
2022-23,D Pharmacy,CAP Round I,02206,"Adarsh Shikshan Sansta's Colllege of Pharmacy, Beed",Beed,Unaided,LSCS,State Level,Ladies,4559,
2022-23,D Pharmacy,CAP Round I,02206,"Adarsh Shikshan Sansta's Colllege of Pharmacy, Beed",Beed,Unaided,GVJS,State Level,Any,15744,
2022-23,D Pharmacy,CAP Round I,02206,"Adarsh Shikshan Sansta's Colllege of Pharmacy, Beed",Beed,Unaided,LVJS,State Level,Ladies,9358,
2022-23,D Pharmacy,CAP Round I,02206,"Adarsh Shikshan Sansta's Colllege of Pharmacy, Beed",Beed,Unaided,LNT1S,State Level,Ladies,36619,
2022-23,D Pharmacy,CAP Round I,02206,"Adarsh Shikshan Sansta's Colllege of Pharmacy, Beed",Beed,Unaided,GNT2S,State Level,Any,6481,
2022-23,D Pharmacy,CAP Round I,02206,"Adarsh Shikshan Sansta's Colllege of Pharmacy, Beed",Beed,Unaided,GNT3S,State Level,Any,5190,
2022-23,D Pharmacy,CAP Round I,02206,"Adarsh Shikshan Sansta's Colllege of Pharmacy, Beed",Beed,Unaided,GOBCS,State Level,Any,26091,
2022-23,D Pharmacy,CAP Round I,02206,"Adarsh Shikshan Sansta's Colllege of Pharmacy, Beed",Beed,Unaided,LOBCS,State Level,Ladies,17900,
2022-23,D Pharmacy,CAP Round I,02206,"Adarsh Shikshan Sansta's Colllege of Pharmacy, Beed",Beed,Unaided,DEFOPENS,State Level,Any,27708,
2022-23,D Pharmacy,CAP Round I,02206,"Adarsh Shikshan Sansta's Colllege of Pharmacy, Beed",Beed,Unaided,EWS,Special,Any,4590,
2022-23,D Pharmacy,CAP Round I,02206,"Adarsh Shikshan Sansta's Colllege of Pharmacy, Beed",Beed,Unaided,TFWS,Special,Any,3277,
2022-23,D Pharmacy,CAP Round I,02207,"Shri Amolak Jain Vidya Prasarak Mandal's Pharmacy College, Kada, Ashti, Beed",Beed,Religious Minority - Jain,GOPENS,State Level,Any,10581,
2022-23,D Pharmacy,CAP Round I,02207,"Shri Amolak Jain Vidya Prasarak Mandal's Pharmacy College, Kada, Ashti, Beed",Beed,Religious Minority - Jain,LOPENS,State Level,Ladies,5134,
2022-23,D Pharmacy,CAP Round I,02207,"Shri Amolak Jain Vidya Prasarak Mandal's Pharmacy College, Kada, Ashti, Beed",Beed,Religious Minority - Jain,MI,Special,Any,72539,
2022-23,D Pharmacy,CAP Round I,02207,"Shri Amolak Jain Vidya Prasarak Mandal's Pharmacy College, Kada, Ashti, Beed",Beed,Religious Minority - Jain,TFWS,Special,Any,3793,
2022-23,D Pharmacy,CAP Round I,02208,"Navgan Shikshan Sanstha's P.V.P. College Of Pharmacy, Patoda, Beed",Beed,Unaided,GOPENS,State Level,Any,10503,
2022-23,D Pharmacy,CAP Round I,02208,"Navgan Shikshan Sanstha's P.V.P. College Of Pharmacy, Patoda, Beed",Beed,Unaided,LOPENS,State Level,Ladies,7078,
2022-23,D Pharmacy,CAP Round I,02208,"Navgan Shikshan Sanstha's P.V.P. College Of Pharmacy, Patoda, Beed",Beed,Unaided,GSCS,State Level,Any,44064,
2022-23,D Pharmacy,CAP Round I,02208,"Navgan Shikshan Sanstha's P.V.P. College Of Pharmacy, Patoda, Beed",Beed,Unaided,LSCS,State Level,Ladies,20447,
2022-23,D Pharmacy,CAP Round I,02208,"Navgan Shikshan Sanstha's P.V.P. College Of Pharmacy, Patoda, Beed",Beed,Unaided,GSTS,State Level,Any,11223,
2022-23,D Pharmacy,CAP Round I,02208,"Navgan Shikshan Sanstha's P.V.P. College Of Pharmacy, Patoda, Beed",Beed,Unaided,GVJS,State Level,Any,16719,
2022-23,D Pharmacy,CAP Round I,02208,"Navgan Shikshan Sanstha's P.V.P. College Of Pharmacy, Patoda, Beed",Beed,Unaided,GNT1S,State Level,Any,12565,
2022-23,D Pharmacy,CAP Round I,02208,"Navgan Shikshan Sanstha's P.V.P. College Of Pharmacy, Patoda, Beed",Beed,Unaided,LNT1S,State Level,Ladies,80974,
2022-23,D Pharmacy,CAP Round I,02208,"Navgan Shikshan Sanstha's P.V.P. College Of Pharmacy, Patoda, Beed",Beed,Unaided,GNT2S,State Level,Any,16693,
2022-23,D Pharmacy,CAP Round I,02208,"Navgan Shikshan Sanstha's P.V.P. College Of Pharmacy, Patoda, Beed",Beed,Unaided,GNT3S,State Level,Any,10568,
2022-23,D Pharmacy,CAP Round I,02208,"Navgan Shikshan Sanstha's P.V.P. College Of Pharmacy, Patoda, Beed",Beed,Unaided,GOBCS,State Level,Any,31911,
2022-23,D Pharmacy,CAP Round I,02208,"Navgan Shikshan Sanstha's P.V.P. College Of Pharmacy, Patoda, Beed",Beed,Unaided,LOBCS,State Level,Ladies,30108,
2022-23,D Pharmacy,CAP Round I,02208,"Navgan Shikshan Sanstha's P.V.P. College Of Pharmacy, Patoda, Beed",Beed,Unaided,DEFOPENS,State Level,Any,48033,
2022-23,D Pharmacy,CAP Round I,02208,"Navgan Shikshan Sanstha's P.V.P. College Of Pharmacy, Patoda, Beed",Beed,Unaided,EWS,Special,Any,7824,
2022-23,D Pharmacy,CAP Round I,02208,"Navgan Shikshan Sanstha's P.V.P. College Of Pharmacy, Patoda, Beed",Beed,Unaided,TFWS,Special,Any,4737,
2022-23,D Pharmacy,CAP Round I,02209,"Shree Balaji Shikshan Prasarak's Institute of Pharmacy, Ambejogai, Dist. Beed.",Beed,Unaided,GOPENS,State Level,Any,10384,
2022-23,D Pharmacy,CAP Round I,02209,"Shree Balaji Shikshan Prasarak's Institute of Pharmacy, Ambejogai, Dist. Beed.",Beed,Unaided,LOPENS,State Level,Ladies,5761,
2022-23,D Pharmacy,CAP Round I,02209,"Shree Balaji Shikshan Prasarak's Institute of Pharmacy, Ambejogai, Dist. Beed.",Beed,Unaided,GSCS,State Level,Any,18946,
2022-23,D Pharmacy,CAP Round I,02209,"Shree Balaji Shikshan Prasarak's Institute of Pharmacy, Ambejogai, Dist. Beed.",Beed,Unaided,LSCS,State Level,Ladies,15792,
2022-23,D Pharmacy,CAP Round I,02209,"Shree Balaji Shikshan Prasarak's Institute of Pharmacy, Ambejogai, Dist. Beed.",Beed,Unaided,GVJS,State Level,Any,21622,
2022-23,D Pharmacy,CAP Round I,02209,"Shree Balaji Shikshan Prasarak's Institute of Pharmacy, Ambejogai, Dist. Beed.",Beed,Unaided,LVJS,State Level,Ladies,16478,
2022-23,D Pharmacy,CAP Round I,02209,"Shree Balaji Shikshan Prasarak's Institute of Pharmacy, Ambejogai, Dist. Beed.",Beed,Unaided,GNT1S,State Level,Any,11689,
2022-23,D Pharmacy,CAP Round I,02209,"Shree Balaji Shikshan Prasarak's Institute of Pharmacy, Ambejogai, Dist. Beed.",Beed,Unaided,GNT2S,State Level,Any,15244,
2022-23,D Pharmacy,CAP Round I,02209,"Shree Balaji Shikshan Prasarak's Institute of Pharmacy, Ambejogai, Dist. Beed.",Beed,Unaided,LNT2S,State Level,Ladies,9243,
2022-23,D Pharmacy,CAP Round I,02209,"Shree Balaji Shikshan Prasarak's Institute of Pharmacy, Ambejogai, Dist. Beed.",Beed,Unaided,GNT3S,State Level,Any,11628,
2022-23,D Pharmacy,CAP Round I,02209,"Shree Balaji Shikshan Prasarak's Institute of Pharmacy, Ambejogai, Dist. Beed.",Beed,Unaided,GOBCS,State Level,Any,18830,
2022-23,D Pharmacy,CAP Round I,02209,"Shree Balaji Shikshan Prasarak's Institute of Pharmacy, Ambejogai, Dist. Beed.",Beed,Unaided,LOBCS,State Level,Ladies,10703,
2022-23,D Pharmacy,CAP Round I,02209,"Shree Balaji Shikshan Prasarak's Institute of Pharmacy, Ambejogai, Dist. Beed.",Beed,Unaided,PWDOPENS,State Level,Any,7569,
2022-23,D Pharmacy,CAP Round I,02209,"Shree Balaji Shikshan Prasarak's Institute of Pharmacy, Ambejogai, Dist. Beed.",Beed,Unaided,EWS,Special,Any,5500,
2022-23,D Pharmacy,CAP Round I,02209,"Shree Balaji Shikshan Prasarak's Institute of Pharmacy, Ambejogai, Dist. Beed.",Beed,Unaided,TFWS,Special,Any,3078,
2022-23,D Pharmacy,CAP Round I,02212,"Ramchandra Sansrutik Krida Mandal's C.P.College of Pharmacy, Jalna",Jalna,Unaided,GOPENS,State Level,Any,15018,
2022-23,D Pharmacy,CAP Round I,02212,"Ramchandra Sansrutik Krida Mandal's C.P.College of Pharmacy, Jalna",Jalna,Unaided,LOPENS,State Level,Ladies,8381,
2022-23,D Pharmacy,CAP Round I,02212,"Ramchandra Sansrutik Krida Mandal's C.P.College of Pharmacy, Jalna",Jalna,Unaided,GSCS,State Level,Any,27006,
2022-23,D Pharmacy,CAP Round I,02212,"Ramchandra Sansrutik Krida Mandal's C.P.College of Pharmacy, Jalna",Jalna,Unaided,LSCS,State Level,Ladies,18597,
2022-23,D Pharmacy,CAP Round I,02212,"Ramchandra Sansrutik Krida Mandal's C.P.College of Pharmacy, Jalna",Jalna,Unaided,GVJS,State Level,Any,15257,
2022-23,D Pharmacy,CAP Round I,02212,"Ramchandra Sansrutik Krida Mandal's C.P.College of Pharmacy, Jalna",Jalna,Unaided,GNT1S,State Level,Any,22434,
2022-23,D Pharmacy,CAP Round I,02212,"Ramchandra Sansrutik Krida Mandal's C.P.College of Pharmacy, Jalna",Jalna,Unaided,GNT2S,State Level,Any,20340,
2022-23,D Pharmacy,CAP Round I,02212,"Ramchandra Sansrutik Krida Mandal's C.P.College of Pharmacy, Jalna",Jalna,Unaided,LNT3S,State Level,Ladies,10865,
2022-23,D Pharmacy,CAP Round I,02212,"Ramchandra Sansrutik Krida Mandal's C.P.College of Pharmacy, Jalna",Jalna,Unaided,GOBCS,State Level,Any,25731,
2022-23,D Pharmacy,CAP Round I,02212,"Ramchandra Sansrutik Krida Mandal's C.P.College of Pharmacy, Jalna",Jalna,Unaided,LOBCS,State Level,Ladies,25472,
2022-23,D Pharmacy,CAP Round I,02212,"Ramchandra Sansrutik Krida Mandal's C.P.College of Pharmacy, Jalna",Jalna,Unaided,PWDOPENS,State Level,Any,46301,
2022-23,D Pharmacy,CAP Round I,02212,"Ramchandra Sansrutik Krida Mandal's C.P.College of Pharmacy, Jalna",Jalna,Unaided,EWS,Special,Any,14719,
2022-23,D Pharmacy,CAP Round I,02212,"Ramchandra Sansrutik Krida Mandal's C.P.College of Pharmacy, Jalna",Jalna,Unaided,TFWS,Special,Any,6630,
2022-23,D Pharmacy,CAP Round I,02213,"Jalana Education Society's Institute Of Pharmacy,Jalna",Jalna,Unaided,GOPENS,State Level,Any,10699,
2022-23,D Pharmacy,CAP Round I,02213,"Jalana Education Society's Institute Of Pharmacy,Jalna",Jalna,Unaided,LOPENS,State Level,Ladies,4547,
2022-23,D Pharmacy,CAP Round I,02213,"Jalana Education Society's Institute Of Pharmacy,Jalna",Jalna,Unaided,GSCS,State Level,Any,20358,
2022-23,D Pharmacy,CAP Round I,02213,"Jalana Education Society's Institute Of Pharmacy,Jalna",Jalna,Unaided,LSCS,State Level,Ladies,7314,
2022-23,D Pharmacy,CAP Round I,02213,"Jalana Education Society's Institute Of Pharmacy,Jalna",Jalna,Unaided,GSTS,State Level,Any,47881,
2022-23,D Pharmacy,CAP Round I,02213,"Jalana Education Society's Institute Of Pharmacy,Jalna",Jalna,Unaided,GVJS,State Level,Any,15094,
2022-23,D Pharmacy,CAP Round I,02213,"Jalana Education Society's Institute Of Pharmacy,Jalna",Jalna,Unaided,LVJS,State Level,Ladies,5441,
2022-23,D Pharmacy,CAP Round I,02213,"Jalana Education Society's Institute Of Pharmacy,Jalna",Jalna,Unaided,GNT1S,State Level,Any,11762,
2022-23,D Pharmacy,CAP Round I,02213,"Jalana Education Society's Institute Of Pharmacy,Jalna",Jalna,Unaided,GNT2S,State Level,Any,19218,
2022-23,D Pharmacy,CAP Round I,02213,"Jalana Education Society's Institute Of Pharmacy,Jalna",Jalna,Unaided,LNT2S,State Level,Ladies,14725,
2022-23,D Pharmacy,CAP Round I,02213,"Jalana Education Society's Institute Of Pharmacy,Jalna",Jalna,Unaided,GNT3S,State Level,Any,13511,
2022-23,D Pharmacy,CAP Round I,02213,"Jalana Education Society's Institute Of Pharmacy,Jalna",Jalna,Unaided,GOBCS,State Level,Any,25869,
2022-23,D Pharmacy,CAP Round I,02213,"Jalana Education Society's Institute Of Pharmacy,Jalna",Jalna,Unaided,LOBCS,State Level,Ladies,27012,
2022-23,D Pharmacy,CAP Round I,02213,"Jalana Education Society's Institute Of Pharmacy,Jalna",Jalna,Unaided,EWS,Special,Any,6638,
2022-23,D Pharmacy,CAP Round I,02213,"Jalana Education Society's Institute Of Pharmacy,Jalna",Jalna,Unaided,TFWS,Special,Any,5577,
2022-23,D Pharmacy,CAP Round I,02213,"Jalana Education Society's Institute Of Pharmacy,Jalna",Jalna,Unaided,LSTS,State Level,Ladies,81961,
2022-23,D Pharmacy,CAP Round I,02214,"Mahatma Basveshwar Education Soc., College of Pharmacy, Barshi Road, Latur",Latur,Unaided,GOPENS,State Level,Any,16241,
2022-23,D Pharmacy,CAP Round I,02214,"Mahatma Basveshwar Education Soc., College of Pharmacy, Barshi Road, Latur",Latur,Unaided,LOPENS,State Level,Ladies,15273,
2022-23,D Pharmacy,CAP Round I,02214,"Mahatma Basveshwar Education Soc., College of Pharmacy, Barshi Road, Latur",Latur,Unaided,GSCS,State Level,Any,22813,
2022-23,D Pharmacy,CAP Round I,02214,"Mahatma Basveshwar Education Soc., College of Pharmacy, Barshi Road, Latur",Latur,Unaided,LSCS,State Level,Ladies,19782,
2022-23,D Pharmacy,CAP Round I,02214,"Mahatma Basveshwar Education Soc., College of Pharmacy, Barshi Road, Latur",Latur,Unaided,GSTS,State Level,Any,46793,
2022-23,D Pharmacy,CAP Round I,02214,"Mahatma Basveshwar Education Soc., College of Pharmacy, Barshi Road, Latur",Latur,Unaided,GVJS,State Level,Any,18502,
2022-23,D Pharmacy,CAP Round I,02214,"Mahatma Basveshwar Education Soc., College of Pharmacy, Barshi Road, Latur",Latur,Unaided,LNT1S,State Level,Ladies,42351,
2022-23,D Pharmacy,CAP Round I,02214,"Mahatma Basveshwar Education Soc., College of Pharmacy, Barshi Road, Latur",Latur,Unaided,GNT2S,State Level,Any,17302,
2022-23,D Pharmacy,CAP Round I,02214,"Mahatma Basveshwar Education Soc., College of Pharmacy, Barshi Road, Latur",Latur,Unaided,LNT2S,State Level,Ladies,18167,
2022-23,D Pharmacy,CAP Round I,02214,"Mahatma Basveshwar Education Soc., College of Pharmacy, Barshi Road, Latur",Latur,Unaided,GNT3S,State Level,Any,16888,
2022-23,D Pharmacy,CAP Round I,02214,"Mahatma Basveshwar Education Soc., College of Pharmacy, Barshi Road, Latur",Latur,Unaided,GOBCS,State Level,Any,30613,
2022-23,D Pharmacy,CAP Round I,02214,"Mahatma Basveshwar Education Soc., College of Pharmacy, Barshi Road, Latur",Latur,Unaided,LOBCS,State Level,Ladies,27894,
2022-23,D Pharmacy,CAP Round I,02214,"Mahatma Basveshwar Education Soc., College of Pharmacy, Barshi Road, Latur",Latur,Unaided,EWS,Special,Any,16895,
2022-23,D Pharmacy,CAP Round I,02214,"Mahatma Basveshwar Education Soc., College of Pharmacy, Barshi Road, Latur",Latur,Unaided,TFWS,Special,Any,7343,
2022-23,D Pharmacy,CAP Round I,02215,"Shri Vishweshwar Shikshan Prasarak Mandal's Swa.Dagdojirao Deshmukh D.Pharmacy College, Ausa,(Almala) Dist. Latur",Latur,Unaided,GOPENS,State Level,Any,18111,
2022-23,D Pharmacy,CAP Round I,02215,"Shri Vishweshwar Shikshan Prasarak Mandal's Swa.Dagdojirao Deshmukh D.Pharmacy College, Ausa,(Almala) Dist. Latur",Latur,Unaided,LOPENS,State Level,Ladies,15011,
2022-23,D Pharmacy,CAP Round I,02215,"Shri Vishweshwar Shikshan Prasarak Mandal's Swa.Dagdojirao Deshmukh D.Pharmacy College, Ausa,(Almala) Dist. Latur",Latur,Unaided,GSCS,State Level,Any,29506,
2022-23,D Pharmacy,CAP Round I,02215,"Shri Vishweshwar Shikshan Prasarak Mandal's Swa.Dagdojirao Deshmukh D.Pharmacy College, Ausa,(Almala) Dist. Latur",Latur,Unaided,LSCS,State Level,Ladies,29427,
2022-23,D Pharmacy,CAP Round I,02215,"Shri Vishweshwar Shikshan Prasarak Mandal's Swa.Dagdojirao Deshmukh D.Pharmacy College, Ausa,(Almala) Dist. Latur",Latur,Unaided,GVJS,State Level,Any,25136,
2022-23,D Pharmacy,CAP Round I,02215,"Shri Vishweshwar Shikshan Prasarak Mandal's Swa.Dagdojirao Deshmukh D.Pharmacy College, Ausa,(Almala) Dist. Latur",Latur,Unaided,GNT1S,State Level,Any,24219,
2022-23,D Pharmacy,CAP Round I,02215,"Shri Vishweshwar Shikshan Prasarak Mandal's Swa.Dagdojirao Deshmukh D.Pharmacy College, Ausa,(Almala) Dist. Latur",Latur,Unaided,LNT1S,State Level,Ladies,43683,
2022-23,D Pharmacy,CAP Round I,02215,"Shri Vishweshwar Shikshan Prasarak Mandal's Swa.Dagdojirao Deshmukh D.Pharmacy College, Ausa,(Almala) Dist. Latur",Latur,Unaided,GNT2S,State Level,Any,21535,
2022-23,D Pharmacy,CAP Round I,02215,"Shri Vishweshwar Shikshan Prasarak Mandal's Swa.Dagdojirao Deshmukh D.Pharmacy College, Ausa,(Almala) Dist. Latur",Latur,Unaided,LNT3S,State Level,Ladies,22620,
2022-23,D Pharmacy,CAP Round I,02215,"Shri Vishweshwar Shikshan Prasarak Mandal's Swa.Dagdojirao Deshmukh D.Pharmacy College, Ausa,(Almala) Dist. Latur",Latur,Unaided,GOBCS,State Level,Any,33749,
2022-23,D Pharmacy,CAP Round I,02215,"Shri Vishweshwar Shikshan Prasarak Mandal's Swa.Dagdojirao Deshmukh D.Pharmacy College, Ausa,(Almala) Dist. Latur",Latur,Unaided,LOBCS,State Level,Ladies,34679,
2022-23,D Pharmacy,CAP Round I,02215,"Shri Vishweshwar Shikshan Prasarak Mandal's Swa.Dagdojirao Deshmukh D.Pharmacy College, Ausa,(Almala) Dist. Latur",Latur,Unaided,EWS,Special,Any,16772,
2022-23,D Pharmacy,CAP Round I,02215,"Shri Vishweshwar Shikshan Prasarak Mandal's Swa.Dagdojirao Deshmukh D.Pharmacy College, Ausa,(Almala) Dist. Latur",Latur,Unaided,TFWS,Special,Any,6230,
2022-23,D Pharmacy,CAP Round I,02216,"Sahayog Sevabhavi Sanstha's College of Pharmacy, Vishnupuri, Nanded.",Nanded,Unaided,GOPENS,State Level,Any,6829,
2022-23,D Pharmacy,CAP Round I,02216,"Sahayog Sevabhavi Sanstha's College of Pharmacy, Vishnupuri, Nanded.",Nanded,Unaided,LOPENS,State Level,Ladies,6505,
2022-23,D Pharmacy,CAP Round I,02216,"Sahayog Sevabhavi Sanstha's College of Pharmacy, Vishnupuri, Nanded.",Nanded,Unaided,GSCS,State Level,Any,8545,
2022-23,D Pharmacy,CAP Round I,02216,"Sahayog Sevabhavi Sanstha's College of Pharmacy, Vishnupuri, Nanded.",Nanded,Unaided,LSCS,State Level,Ladies,7383,
2022-23,D Pharmacy,CAP Round I,02216,"Sahayog Sevabhavi Sanstha's College of Pharmacy, Vishnupuri, Nanded.",Nanded,Unaided,GSTS,State Level,Any,21333,
2022-23,D Pharmacy,CAP Round I,02216,"Sahayog Sevabhavi Sanstha's College of Pharmacy, Vishnupuri, Nanded.",Nanded,Unaided,LSTS,State Level,Ladies,12650,
2022-23,D Pharmacy,CAP Round I,02216,"Sahayog Sevabhavi Sanstha's College of Pharmacy, Vishnupuri, Nanded.",Nanded,Unaided,GVJS,State Level,Any,7840,
2022-23,D Pharmacy,CAP Round I,02216,"Sahayog Sevabhavi Sanstha's College of Pharmacy, Vishnupuri, Nanded.",Nanded,Unaided,LVJS,State Level,Ladies,7511,
2022-23,D Pharmacy,CAP Round I,02216,"Sahayog Sevabhavi Sanstha's College of Pharmacy, Vishnupuri, Nanded.",Nanded,Unaided,GNT1S,State Level,Any,7033,
2022-23,D Pharmacy,CAP Round I,02216,"Sahayog Sevabhavi Sanstha's College of Pharmacy, Vishnupuri, Nanded.",Nanded,Unaided,GNT2S,State Level,Any,8172,
2022-23,D Pharmacy,CAP Round I,02216,"Sahayog Sevabhavi Sanstha's College of Pharmacy, Vishnupuri, Nanded.",Nanded,Unaided,LNT2S,State Level,Ladies,5508,
2022-23,D Pharmacy,CAP Round I,02216,"Sahayog Sevabhavi Sanstha's College of Pharmacy, Vishnupuri, Nanded.",Nanded,Unaided,GNT3S,State Level,Any,8033,
2022-23,D Pharmacy,CAP Round I,02216,"Sahayog Sevabhavi Sanstha's College of Pharmacy, Vishnupuri, Nanded.",Nanded,Unaided,GOBCS,State Level,Any,15843,
2022-23,D Pharmacy,CAP Round I,02216,"Sahayog Sevabhavi Sanstha's College of Pharmacy, Vishnupuri, Nanded.",Nanded,Unaided,LOBCS,State Level,Ladies,5739,
2022-23,D Pharmacy,CAP Round I,02216,"Sahayog Sevabhavi Sanstha's College of Pharmacy, Vishnupuri, Nanded.",Nanded,Unaided,PWDOPENS,State Level,Any,84183,
2022-23,D Pharmacy,CAP Round I,02216,"Sahayog Sevabhavi Sanstha's College of Pharmacy, Vishnupuri, Nanded.",Nanded,Unaided,EWS,Special,Any,6244,
2022-23,D Pharmacy,CAP Round I,02216,"Sahayog Sevabhavi Sanstha's College of Pharmacy, Vishnupuri, Nanded.",Nanded,Unaided,TFWS,Special,Any,4694,
2022-23,D Pharmacy,CAP Round I,02217,"Jankalyan Vikas Mandal's Lilawati Satish Avhad D. Pharmacy College, Hokarna Tanda, Khed, Nanded",Nanded,Religious Minority - Buddhist,GOPENS,State Level,Any,13878,
2022-23,D Pharmacy,CAP Round I,02217,"Jankalyan Vikas Mandal's Lilawati Satish Avhad D. Pharmacy College, Hokarna Tanda, Khed, Nanded",Nanded,Religious Minority - Buddhist,LOPENS,State Level,Ladies,13533,
2022-23,D Pharmacy,CAP Round I,02217,"Jankalyan Vikas Mandal's Lilawati Satish Avhad D. Pharmacy College, Hokarna Tanda, Khed, Nanded",Nanded,Religious Minority - Buddhist,MI,Special,Any,83973,
2022-23,D Pharmacy,CAP Round I,02217,"Jankalyan Vikas Mandal's Lilawati Satish Avhad D. Pharmacy College, Hokarna Tanda, Khed, Nanded",Nanded,Religious Minority - Buddhist,TFWS,Special,Any,7637,
2022-23,D Pharmacy,CAP Round I,02218,"Education Society Naigaon Diploma in Pharmacy, Nanded.",Nanded,Unaided,GOPENS,State Level,Any,5332,
2022-23,D Pharmacy,CAP Round I,02218,"Education Society Naigaon Diploma in Pharmacy, Nanded.",Nanded,Unaided,LOPENS,State Level,Ladies,2167,
2022-23,D Pharmacy,CAP Round I,02218,"Education Society Naigaon Diploma in Pharmacy, Nanded.",Nanded,Unaided,GSCS,State Level,Any,9658,
2022-23,D Pharmacy,CAP Round I,02218,"Education Society Naigaon Diploma in Pharmacy, Nanded.",Nanded,Unaided,LSCS,State Level,Ladies,5664,
2022-23,D Pharmacy,CAP Round I,02218,"Education Society Naigaon Diploma in Pharmacy, Nanded.",Nanded,Unaided,GSTS,State Level,Any,60720,
2022-23,D Pharmacy,CAP Round I,02218,"Education Society Naigaon Diploma in Pharmacy, Nanded.",Nanded,Unaided,LSTS,State Level,Ladies,59969,
2022-23,D Pharmacy,CAP Round I,02218,"Education Society Naigaon Diploma in Pharmacy, Nanded.",Nanded,Unaided,GVJS,State Level,Any,7043,
2022-23,D Pharmacy,CAP Round I,02218,"Education Society Naigaon Diploma in Pharmacy, Nanded.",Nanded,Unaided,LNT1S,State Level,Ladies,2564,
2022-23,D Pharmacy,CAP Round I,02218,"Education Society Naigaon Diploma in Pharmacy, Nanded.",Nanded,Unaided,GNT2S,State Level,Any,5661,
2022-23,D Pharmacy,CAP Round I,02218,"Education Society Naigaon Diploma in Pharmacy, Nanded.",Nanded,Unaided,GNT3S,State Level,Any,17990,
2022-23,D Pharmacy,CAP Round I,02218,"Education Society Naigaon Diploma in Pharmacy, Nanded.",Nanded,Unaided,GOBCS,State Level,Any,16042,
2022-23,D Pharmacy,CAP Round I,02218,"Education Society Naigaon Diploma in Pharmacy, Nanded.",Nanded,Unaided,LOBCS,State Level,Ladies,14644,
2022-23,D Pharmacy,CAP Round I,02218,"Education Society Naigaon Diploma in Pharmacy, Nanded.",Nanded,Unaided,EWS,Special,Any,9088,
2022-23,D Pharmacy,CAP Round I,02218,"Education Society Naigaon Diploma in Pharmacy, Nanded.",Nanded,Unaided,TFWS,Special,Any,2731,
2022-23,D Pharmacy,CAP Round I,02219,"Shree Bhairavnath Nisarga Mandal's D. Pharmacy College, Aalani",Ahmednagar,Unaided,GOPENS,State Level,Any,20887,
2022-23,D Pharmacy,CAP Round I,02219,"Shree Bhairavnath Nisarga Mandal's D. Pharmacy College, Aalani",Ahmednagar,Unaided,LOPENS,State Level,Ladies,15833,
2022-23,D Pharmacy,CAP Round I,02219,"Shree Bhairavnath Nisarga Mandal's D. Pharmacy College, Aalani",Ahmednagar,Unaided,GSCS,State Level,Any,33479,
2022-23,D Pharmacy,CAP Round I,02219,"Shree Bhairavnath Nisarga Mandal's D. Pharmacy College, Aalani",Ahmednagar,Unaided,LSCS,State Level,Ladies,16894,
2022-23,D Pharmacy,CAP Round I,02219,"Shree Bhairavnath Nisarga Mandal's D. Pharmacy College, Aalani",Ahmednagar,Unaided,GSTS,State Level,Any,79279,
2022-23,D Pharmacy,CAP Round I,02219,"Shree Bhairavnath Nisarga Mandal's D. Pharmacy College, Aalani",Ahmednagar,Unaided,GVJS,State Level,Any,29560,
2022-23,D Pharmacy,CAP Round I,02219,"Shree Bhairavnath Nisarga Mandal's D. Pharmacy College, Aalani",Ahmednagar,Unaided,LVJS,State Level,Ladies,55417,
2022-23,D Pharmacy,CAP Round I,02219,"Shree Bhairavnath Nisarga Mandal's D. Pharmacy College, Aalani",Ahmednagar,Unaided,GNT1S,State Level,Any,71042,
2022-23,D Pharmacy,CAP Round I,02219,"Shree Bhairavnath Nisarga Mandal's D. Pharmacy College, Aalani",Ahmednagar,Unaided,GNT2S,State Level,Any,24040,
2022-23,D Pharmacy,CAP Round I,02219,"Shree Bhairavnath Nisarga Mandal's D. Pharmacy College, Aalani",Ahmednagar,Unaided,LNT3S,State Level,Ladies,24596,
2022-23,D Pharmacy,CAP Round I,02219,"Shree Bhairavnath Nisarga Mandal's D. Pharmacy College, Aalani",Ahmednagar,Unaided,GOBCS,State Level,Any,37833,
2022-23,D Pharmacy,CAP Round I,02219,"Shree Bhairavnath Nisarga Mandal's D. Pharmacy College, Aalani",Ahmednagar,Unaided,LOBCS,State Level,Ladies,37495,
2022-23,D Pharmacy,CAP Round I,02219,"Shree Bhairavnath Nisarga Mandal's D. Pharmacy College, Aalani",Ahmednagar,Unaided,EWS,Special,Any,15177,
2022-23,D Pharmacy,CAP Round I,02219,"Shree Bhairavnath Nisarga Mandal's D. Pharmacy College, Aalani",Ahmednagar,Unaided,TFWS,Special,Any,5680,
2022-23,D Pharmacy,CAP Round I,02220,"Anandgram Krushi Vikas Mandals Late Maharudra Bappa Mote College of Pharmacy, Girwali Tal. Bhoom",Dharashiv,Unaided,GOPENS,State Level,Any,23096,
2022-23,D Pharmacy,CAP Round I,02220,"Anandgram Krushi Vikas Mandals Late Maharudra Bappa Mote College of Pharmacy, Girwali Tal. Bhoom",Dharashiv,Unaided,LOPENS,State Level,Ladies,11371,
2022-23,D Pharmacy,CAP Round I,02220,"Anandgram Krushi Vikas Mandals Late Maharudra Bappa Mote College of Pharmacy, Girwali Tal. Bhoom",Dharashiv,Unaided,GSCS,State Level,Any,54861,
2022-23,D Pharmacy,CAP Round I,02220,"Anandgram Krushi Vikas Mandals Late Maharudra Bappa Mote College of Pharmacy, Girwali Tal. Bhoom",Dharashiv,Unaided,LSCS,State Level,Ladies,21483,
2022-23,D Pharmacy,CAP Round I,02220,"Anandgram Krushi Vikas Mandals Late Maharudra Bappa Mote College of Pharmacy, Girwali Tal. Bhoom",Dharashiv,Unaided,GVJS,State Level,Any,30545,
2022-23,D Pharmacy,CAP Round I,02220,"Anandgram Krushi Vikas Mandals Late Maharudra Bappa Mote College of Pharmacy, Girwali Tal. Bhoom",Dharashiv,Unaided,GNT1S,State Level,Any,59766,
2022-23,D Pharmacy,CAP Round I,02220,"Anandgram Krushi Vikas Mandals Late Maharudra Bappa Mote College of Pharmacy, Girwali Tal. Bhoom",Dharashiv,Unaided,LNT1S,State Level,Ladies,67752,
2022-23,D Pharmacy,CAP Round I,02220,"Anandgram Krushi Vikas Mandals Late Maharudra Bappa Mote College of Pharmacy, Girwali Tal. Bhoom",Dharashiv,Unaided,GNT2S,State Level,Any,25962,
2022-23,D Pharmacy,CAP Round I,02220,"Anandgram Krushi Vikas Mandals Late Maharudra Bappa Mote College of Pharmacy, Girwali Tal. Bhoom",Dharashiv,Unaided,LNT2S,State Level,Ladies,11958,
2022-23,D Pharmacy,CAP Round I,02220,"Anandgram Krushi Vikas Mandals Late Maharudra Bappa Mote College of Pharmacy, Girwali Tal. Bhoom",Dharashiv,Unaided,GOBCS,State Level,Any,46348,
2022-23,D Pharmacy,CAP Round I,02220,"Anandgram Krushi Vikas Mandals Late Maharudra Bappa Mote College of Pharmacy, Girwali Tal. Bhoom",Dharashiv,Unaided,LOBCS,State Level,Ladies,65607,
2022-23,D Pharmacy,CAP Round I,02220,"Anandgram Krushi Vikas Mandals Late Maharudra Bappa Mote College of Pharmacy, Girwali Tal. Bhoom",Dharashiv,Unaided,PWDOPENS,State Level,Any,69313,
2022-23,D Pharmacy,CAP Round I,02220,"Anandgram Krushi Vikas Mandals Late Maharudra Bappa Mote College of Pharmacy, Girwali Tal. Bhoom",Dharashiv,Unaided,EWS,Special,Any,18638,
2022-23,D Pharmacy,CAP Round I,02220,"Anandgram Krushi Vikas Mandals Late Maharudra Bappa Mote College of Pharmacy, Girwali Tal. Bhoom",Dharashiv,Unaided,TFWS,Special,Any,12333,
2022-23,D Pharmacy,CAP Round I,02222,"Durgamata Institute Of Pharmacy, (D.Pharm), Parbhani",Parbhani,Unaided,GOPENS,State Level,Any,9032,
2022-23,D Pharmacy,CAP Round I,02222,"Durgamata Institute Of Pharmacy, (D.Pharm), Parbhani",Parbhani,Unaided,LOPENS,State Level,Ladies,6139,
2022-23,D Pharmacy,CAP Round I,02222,"Durgamata Institute Of Pharmacy, (D.Pharm), Parbhani",Parbhani,Unaided,GSCS,State Level,Any,27372,
2022-23,D Pharmacy,CAP Round I,02222,"Durgamata Institute Of Pharmacy, (D.Pharm), Parbhani",Parbhani,Unaided,LSCS,State Level,Ladies,23094,
2022-23,D Pharmacy,CAP Round I,02222,"Durgamata Institute Of Pharmacy, (D.Pharm), Parbhani",Parbhani,Unaided,GSTS,State Level,Any,51238,
2022-23,D Pharmacy,CAP Round I,02222,"Durgamata Institute Of Pharmacy, (D.Pharm), Parbhani",Parbhani,Unaided,LSTS,State Level,Ladies,41887,
2022-23,D Pharmacy,CAP Round I,02222,"Durgamata Institute Of Pharmacy, (D.Pharm), Parbhani",Parbhani,Unaided,GVJS,State Level,Any,9680,
2022-23,D Pharmacy,CAP Round I,02222,"Durgamata Institute Of Pharmacy, (D.Pharm), Parbhani",Parbhani,Unaided,GNT1S,State Level,Any,22773,
2022-23,D Pharmacy,CAP Round I,02222,"Durgamata Institute Of Pharmacy, (D.Pharm), Parbhani",Parbhani,Unaided,GNT2S,State Level,Any,9942,
2022-23,D Pharmacy,CAP Round I,02222,"Durgamata Institute Of Pharmacy, (D.Pharm), Parbhani",Parbhani,Unaided,LNT2S,State Level,Ladies,8312,
2022-23,D Pharmacy,CAP Round I,02222,"Durgamata Institute Of Pharmacy, (D.Pharm), Parbhani",Parbhani,Unaided,GNT3S,State Level,Any,9277,
2022-23,D Pharmacy,CAP Round I,02222,"Durgamata Institute Of Pharmacy, (D.Pharm), Parbhani",Parbhani,Unaided,GOBCS,State Level,Any,23492,
2022-23,D Pharmacy,CAP Round I,02222,"Durgamata Institute Of Pharmacy, (D.Pharm), Parbhani",Parbhani,Unaided,LOBCS,State Level,Ladies,16265,
2022-23,D Pharmacy,CAP Round I,02222,"Durgamata Institute Of Pharmacy, (D.Pharm), Parbhani",Parbhani,Unaided,EWS,Special,Any,6815,
2022-23,D Pharmacy,CAP Round I,02222,"Durgamata Institute Of Pharmacy, (D.Pharm), Parbhani",Parbhani,Unaided,TFWS,Special,Any,7372,
2022-23,D Pharmacy,CAP Round I,02223,"Vivekvardhini Sevabhavi Sanstha's Diploma Pharmacy College, Pingali",Parbhani,Unaided,GOPENS,State Level,Any,16552,
2022-23,D Pharmacy,CAP Round I,02223,"Vivekvardhini Sevabhavi Sanstha's Diploma Pharmacy College, Pingali",Parbhani,Unaided,LOPENS,State Level,Ladies,16266,
2022-23,D Pharmacy,CAP Round I,02223,"Vivekvardhini Sevabhavi Sanstha's Diploma Pharmacy College, Pingali",Parbhani,Unaided,GSCS,State Level,Any,32128,
2022-23,D Pharmacy,CAP Round I,02223,"Vivekvardhini Sevabhavi Sanstha's Diploma Pharmacy College, Pingali",Parbhani,Unaided,LSCS,State Level,Ladies,34531,
2022-23,D Pharmacy,CAP Round I,02223,"Vivekvardhini Sevabhavi Sanstha's Diploma Pharmacy College, Pingali",Parbhani,Unaided,GSTS,State Level,Any,77703,
2022-23,D Pharmacy,CAP Round I,02223,"Vivekvardhini Sevabhavi Sanstha's Diploma Pharmacy College, Pingali",Parbhani,Unaided,GVJS,State Level,Any,18671,
2022-23,D Pharmacy,CAP Round I,02223,"Vivekvardhini Sevabhavi Sanstha's Diploma Pharmacy College, Pingali",Parbhani,Unaided,LVJS,State Level,Ladies,24303,
2022-23,D Pharmacy,CAP Round I,02223,"Vivekvardhini Sevabhavi Sanstha's Diploma Pharmacy College, Pingali",Parbhani,Unaided,GNT1S,State Level,Any,24330,
2022-23,D Pharmacy,CAP Round I,02223,"Vivekvardhini Sevabhavi Sanstha's Diploma Pharmacy College, Pingali",Parbhani,Unaided,GNT2S,State Level,Any,21843,
2022-23,D Pharmacy,CAP Round I,02223,"Vivekvardhini Sevabhavi Sanstha's Diploma Pharmacy College, Pingali",Parbhani,Unaided,GNT3S,State Level,Any,19999,
2022-23,D Pharmacy,CAP Round I,02223,"Vivekvardhini Sevabhavi Sanstha's Diploma Pharmacy College, Pingali",Parbhani,Unaided,GOBCS,State Level,Any,35131,
2022-23,D Pharmacy,CAP Round I,02223,"Vivekvardhini Sevabhavi Sanstha's Diploma Pharmacy College, Pingali",Parbhani,Unaided,LOBCS,State Level,Ladies,34076,
2022-23,D Pharmacy,CAP Round I,02223,"Vivekvardhini Sevabhavi Sanstha's Diploma Pharmacy College, Pingali",Parbhani,Unaided,PWDOPENS,State Level,Any,65504,
2022-23,D Pharmacy,CAP Round I,02223,"Vivekvardhini Sevabhavi Sanstha's Diploma Pharmacy College, Pingali",Parbhani,Unaided,EWS,Special,Any,15748,
2022-23,D Pharmacy,CAP Round I,02223,"Vivekvardhini Sevabhavi Sanstha's Diploma Pharmacy College, Pingali",Parbhani,Unaided,TFWS,Special,Any,9764,
2022-23,D Pharmacy,CAP Round I,02223,"Vivekvardhini Sevabhavi Sanstha's Diploma Pharmacy College, Pingali",Parbhani,Unaided,LSTS,State Level,Ladies,79312,
2022-23,D Pharmacy,CAP Round I,02253,"Channabasweshwar Pharmacy College ( Degree), Latur",Latur,Unaided,GOPENS,State Level,Any,7897,
2022-23,D Pharmacy,CAP Round I,02253,"Channabasweshwar Pharmacy College ( Degree), Latur",Latur,Unaided,LOPENS,State Level,Ladies,5324,
2022-23,D Pharmacy,CAP Round I,02253,"Channabasweshwar Pharmacy College ( Degree), Latur",Latur,Unaided,GSCS,State Level,Any,15066,
2022-23,D Pharmacy,CAP Round I,02253,"Channabasweshwar Pharmacy College ( Degree), Latur",Latur,Unaided,LSCS,State Level,Ladies,9823,
2022-23,D Pharmacy,CAP Round I,02253,"Channabasweshwar Pharmacy College ( Degree), Latur",Latur,Unaided,GSTS,State Level,Any,81281,
2022-23,D Pharmacy,CAP Round I,02253,"Channabasweshwar Pharmacy College ( Degree), Latur",Latur,Unaided,LSTS,State Level,Ladies,31699,
2022-23,D Pharmacy,CAP Round I,02253,"Channabasweshwar Pharmacy College ( Degree), Latur",Latur,Unaided,GVJS,State Level,Any,14915,
2022-23,D Pharmacy,CAP Round I,02253,"Channabasweshwar Pharmacy College ( Degree), Latur",Latur,Unaided,LNT1S,State Level,Ladies,12939,
2022-23,D Pharmacy,CAP Round I,02253,"Channabasweshwar Pharmacy College ( Degree), Latur",Latur,Unaided,GNT2S,State Level,Any,8994,
2022-23,D Pharmacy,CAP Round I,02253,"Channabasweshwar Pharmacy College ( Degree), Latur",Latur,Unaided,LNT2S,State Level,Ladies,7959,
2022-23,D Pharmacy,CAP Round I,02253,"Channabasweshwar Pharmacy College ( Degree), Latur",Latur,Unaided,GNT3S,State Level,Any,7928,
2022-23,D Pharmacy,CAP Round I,02253,"Channabasweshwar Pharmacy College ( Degree), Latur",Latur,Unaided,GOBCS,State Level,Any,21595,
2022-23,D Pharmacy,CAP Round I,02253,"Channabasweshwar Pharmacy College ( Degree), Latur",Latur,Unaided,LOBCS,State Level,Ladies,13523,
2022-23,D Pharmacy,CAP Round I,02253,"Channabasweshwar Pharmacy College ( Degree), Latur",Latur,Unaided,EWS,Special,Any,4769,
2022-23,D Pharmacy,CAP Round I,02253,"Channabasweshwar Pharmacy College ( Degree), Latur",Latur,Unaided,TFWS,Special,Any,3058,
2022-23,D Pharmacy,CAP Round I,02514,"Oyster Institute of Pharmacy, Aurangabad.",Chhatrapati Sambhajinagar,Unaided,GOPENS,State Level,Any,15366,
2022-23,D Pharmacy,CAP Round I,02514,"Oyster Institute of Pharmacy, Aurangabad.",Chhatrapati Sambhajinagar,Unaided,LOPENS,State Level,Ladies,8917,
2022-23,D Pharmacy,CAP Round I,02514,"Oyster Institute of Pharmacy, Aurangabad.",Chhatrapati Sambhajinagar,Unaided,GSCS,State Level,Any,23060,
2022-23,D Pharmacy,CAP Round I,02514,"Oyster Institute of Pharmacy, Aurangabad.",Chhatrapati Sambhajinagar,Unaided,LSCS,State Level,Ladies,16887,
2022-23,D Pharmacy,CAP Round I,02514,"Oyster Institute of Pharmacy, Aurangabad.",Chhatrapati Sambhajinagar,Unaided,GSTS,State Level,Any,36456,
2022-23,D Pharmacy,CAP Round I,02514,"Oyster Institute of Pharmacy, Aurangabad.",Chhatrapati Sambhajinagar,Unaided,LSTS,State Level,Ladies,44355,
2022-23,D Pharmacy,CAP Round I,02514,"Oyster Institute of Pharmacy, Aurangabad.",Chhatrapati Sambhajinagar,Unaided,GVJS,State Level,Any,16246,
2022-23,D Pharmacy,CAP Round I,02514,"Oyster Institute of Pharmacy, Aurangabad.",Chhatrapati Sambhajinagar,Unaided,LNT1S,State Level,Ladies,30926,
2022-23,D Pharmacy,CAP Round I,02514,"Oyster Institute of Pharmacy, Aurangabad.",Chhatrapati Sambhajinagar,Unaided,GNT2S,State Level,Any,17611,
2022-23,D Pharmacy,CAP Round I,02514,"Oyster Institute of Pharmacy, Aurangabad.",Chhatrapati Sambhajinagar,Unaided,GNT3S,State Level,Any,17027,
2022-23,D Pharmacy,CAP Round I,02514,"Oyster Institute of Pharmacy, Aurangabad.",Chhatrapati Sambhajinagar,Unaided,GOBCS,State Level,Any,25092,
2022-23,D Pharmacy,CAP Round I,02514,"Oyster Institute of Pharmacy, Aurangabad.",Chhatrapati Sambhajinagar,Unaided,LOBCS,State Level,Ladies,20012,
2022-23,D Pharmacy,CAP Round I,02514,"Oyster Institute of Pharmacy, Aurangabad.",Chhatrapati Sambhajinagar,Unaided,PWDOPENS,State Level,Any,53545,
2022-23,D Pharmacy,CAP Round I,02514,"Oyster Institute of Pharmacy, Aurangabad.",Chhatrapati Sambhajinagar,Unaided,EWS,Special,Any,14543,
2022-23,D Pharmacy,CAP Round I,02514,"Oyster Institute of Pharmacy, Aurangabad.",Chhatrapati Sambhajinagar,Unaided,TFWS,Special,Any,7196,
2022-23,D Pharmacy,CAP Round I,02538,"Latur College of Pharmacy, Latur",Latur,Unaided,GOPENS,State Level,Any,18308,
2022-23,D Pharmacy,CAP Round I,02538,"Latur College of Pharmacy, Latur",Latur,Unaided,LOPENS,State Level,Ladies,17970,
2022-23,D Pharmacy,CAP Round I,02538,"Latur College of Pharmacy, Latur",Latur,Unaided,GSCS,State Level,Any,34261,
2022-23,D Pharmacy,CAP Round I,02538,"Latur College of Pharmacy, Latur",Latur,Unaided,LSCS,State Level,Ladies,25827,
2022-23,D Pharmacy,CAP Round I,02538,"Latur College of Pharmacy, Latur",Latur,Unaided,GSTS,State Level,Any,80321,
2022-23,D Pharmacy,CAP Round I,02538,"Latur College of Pharmacy, Latur",Latur,Unaided,GVJS,State Level,Any,24626,
2022-23,D Pharmacy,CAP Round I,02538,"Latur College of Pharmacy, Latur",Latur,Unaided,LVJS,State Level,Ladies,23571,
2022-23,D Pharmacy,CAP Round I,02538,"Latur College of Pharmacy, Latur",Latur,Unaided,GNT1S,State Level,Any,23236,
2022-23,D Pharmacy,CAP Round I,02538,"Latur College of Pharmacy, Latur",Latur,Unaided,GNT2S,State Level,Any,26293,
2022-23,D Pharmacy,CAP Round I,02538,"Latur College of Pharmacy, Latur",Latur,Unaided,GNT3S,State Level,Any,19126,
2022-23,D Pharmacy,CAP Round I,02538,"Latur College of Pharmacy, Latur",Latur,Unaided,LNT3S,State Level,Ladies,22862,
2022-23,D Pharmacy,CAP Round I,02538,"Latur College of Pharmacy, Latur",Latur,Unaided,GOBCS,State Level,Any,39396,
2022-23,D Pharmacy,CAP Round I,02538,"Latur College of Pharmacy, Latur",Latur,Unaided,LOBCS,State Level,Ladies,38237,
2022-23,D Pharmacy,CAP Round I,02538,"Latur College of Pharmacy, Latur",Latur,Unaided,EWS,Special,Any,13615,
2022-23,D Pharmacy,CAP Round I,02538,"Latur College of Pharmacy, Latur",Latur,Unaided,TFWS,Special,Any,6909,
2022-23,D Pharmacy,CAP Round I,02539,"Rajesh Bhaiyya Tope College of Pharmacy, Aurangabad",Chhatrapati Sambhajinagar,Unaided,GOPENS,State Level,Any,12525,
2022-23,D Pharmacy,CAP Round I,02539,"Rajesh Bhaiyya Tope College of Pharmacy, Aurangabad",Chhatrapati Sambhajinagar,Unaided,LOPENS,State Level,Ladies,8104,
2022-23,D Pharmacy,CAP Round I,02539,"Rajesh Bhaiyya Tope College of Pharmacy, Aurangabad",Chhatrapati Sambhajinagar,Unaided,GSCS,State Level,Any,29519,
2022-23,D Pharmacy,CAP Round I,02539,"Rajesh Bhaiyya Tope College of Pharmacy, Aurangabad",Chhatrapati Sambhajinagar,Unaided,LSCS,State Level,Ladies,26474,
2022-23,D Pharmacy,CAP Round I,02539,"Rajesh Bhaiyya Tope College of Pharmacy, Aurangabad",Chhatrapati Sambhajinagar,Unaided,GSTS,State Level,Any,35045,
2022-23,D Pharmacy,CAP Round I,02539,"Rajesh Bhaiyya Tope College of Pharmacy, Aurangabad",Chhatrapati Sambhajinagar,Unaided,LSTS,State Level,Ladies,25524,
2022-23,D Pharmacy,CAP Round I,02539,"Rajesh Bhaiyya Tope College of Pharmacy, Aurangabad",Chhatrapati Sambhajinagar,Unaided,GVJS,State Level,Any,17513,
2022-23,D Pharmacy,CAP Round I,02539,"Rajesh Bhaiyya Tope College of Pharmacy, Aurangabad",Chhatrapati Sambhajinagar,Unaided,LVJS,State Level,Ladies,16901,
2022-23,D Pharmacy,CAP Round I,02539,"Rajesh Bhaiyya Tope College of Pharmacy, Aurangabad",Chhatrapati Sambhajinagar,Unaided,GNT1S,State Level,Any,14421,
2022-23,D Pharmacy,CAP Round I,02539,"Rajesh Bhaiyya Tope College of Pharmacy, Aurangabad",Chhatrapati Sambhajinagar,Unaided,GNT2S,State Level,Any,14638,
2022-23,D Pharmacy,CAP Round I,02539,"Rajesh Bhaiyya Tope College of Pharmacy, Aurangabad",Chhatrapati Sambhajinagar,Unaided,GNT3S,State Level,Any,14617,
2022-23,D Pharmacy,CAP Round I,02539,"Rajesh Bhaiyya Tope College of Pharmacy, Aurangabad",Chhatrapati Sambhajinagar,Unaided,GOBCS,State Level,Any,19927,
2022-23,D Pharmacy,CAP Round I,02539,"Rajesh Bhaiyya Tope College of Pharmacy, Aurangabad",Chhatrapati Sambhajinagar,Unaided,LOBCS,State Level,Ladies,13723,
2022-23,D Pharmacy,CAP Round I,02539,"Rajesh Bhaiyya Tope College of Pharmacy, Aurangabad",Chhatrapati Sambhajinagar,Unaided,PWDOPENS,State Level,Any,48506,
2022-23,D Pharmacy,CAP Round I,02539,"Rajesh Bhaiyya Tope College of Pharmacy, Aurangabad",Chhatrapati Sambhajinagar,Unaided,EWS,Special,Any,10122,
2022-23,D Pharmacy,CAP Round I,02539,"Rajesh Bhaiyya Tope College of Pharmacy, Aurangabad",Chhatrapati Sambhajinagar,Unaided,TFWS,Special,Any,5667,
2022-23,D Pharmacy,CAP Round I,02541,"Sarswati Institute of Pharmacy, Kurtadi, Hingoli",Hingoli,Unaided,GOPENS,State Level,Any,7366,
2022-23,D Pharmacy,CAP Round I,02541,"Sarswati Institute of Pharmacy, Kurtadi, Hingoli",Hingoli,Unaided,LOPENS,State Level,Ladies,2301,
2022-23,D Pharmacy,CAP Round I,02541,"Sarswati Institute of Pharmacy, Kurtadi, Hingoli",Hingoli,Unaided,GSCS,State Level,Any,18881,
2022-23,D Pharmacy,CAP Round I,02541,"Sarswati Institute of Pharmacy, Kurtadi, Hingoli",Hingoli,Unaided,LSCS,State Level,Ladies,11220,
2022-23,D Pharmacy,CAP Round I,02541,"Sarswati Institute of Pharmacy, Kurtadi, Hingoli",Hingoli,Unaided,GSTS,State Level,Any,45685,
2022-23,D Pharmacy,CAP Round I,02541,"Sarswati Institute of Pharmacy, Kurtadi, Hingoli",Hingoli,Unaided,LSTS,State Level,Ladies,22212,
2022-23,D Pharmacy,CAP Round I,02541,"Sarswati Institute of Pharmacy, Kurtadi, Hingoli",Hingoli,Unaided,GVJS,State Level,Any,8900,
2022-23,D Pharmacy,CAP Round I,02541,"Sarswati Institute of Pharmacy, Kurtadi, Hingoli",Hingoli,Unaided,GNT1S,State Level,Any,10510,
2022-23,D Pharmacy,CAP Round I,02541,"Sarswati Institute of Pharmacy, Kurtadi, Hingoli",Hingoli,Unaided,LNT1S,State Level,Ladies,3469,
2022-23,D Pharmacy,CAP Round I,02541,"Sarswati Institute of Pharmacy, Kurtadi, Hingoli",Hingoli,Unaided,GNT2S,State Level,Any,8951,
2022-23,D Pharmacy,CAP Round I,02541,"Sarswati Institute of Pharmacy, Kurtadi, Hingoli",Hingoli,Unaided,LNT2S,State Level,Ladies,5370,
2022-23,D Pharmacy,CAP Round I,02541,"Sarswati Institute of Pharmacy, Kurtadi, Hingoli",Hingoli,Unaided,GOBCS,State Level,Any,13080,
2022-23,D Pharmacy,CAP Round I,02541,"Sarswati Institute of Pharmacy, Kurtadi, Hingoli",Hingoli,Unaided,LOBCS,State Level,Ladies,8490,
2022-23,D Pharmacy,CAP Round I,02541,"Sarswati Institute of Pharmacy, Kurtadi, Hingoli",Hingoli,Unaided,EWS,Special,Any,11963,
2022-23,D Pharmacy,CAP Round I,02541,"Sarswati Institute of Pharmacy, Kurtadi, Hingoli",Hingoli,Unaided,TFWS,Special,Any,6171,
2022-23,D Pharmacy,CAP Round I,02542,"Aditya Diploma Institute of Pharmacy, Beed",Beed,Unaided,GOPENS,State Level,Any,12111,
2022-23,D Pharmacy,CAP Round I,02542,"Aditya Diploma Institute of Pharmacy, Beed",Beed,Unaided,LOPENS,State Level,Ladies,5466,
2022-23,D Pharmacy,CAP Round I,02542,"Aditya Diploma Institute of Pharmacy, Beed",Beed,Unaided,GSCS,State Level,Any,35254,
2022-23,D Pharmacy,CAP Round I,02542,"Aditya Diploma Institute of Pharmacy, Beed",Beed,Unaided,LSCS,State Level,Ladies,12835,
2022-23,D Pharmacy,CAP Round I,02542,"Aditya Diploma Institute of Pharmacy, Beed",Beed,Unaided,GVJS,State Level,Any,20242,
2022-23,D Pharmacy,CAP Round I,02542,"Aditya Diploma Institute of Pharmacy, Beed",Beed,Unaided,GNT1S,State Level,Any,25164,
2022-23,D Pharmacy,CAP Round I,02542,"Aditya Diploma Institute of Pharmacy, Beed",Beed,Unaided,GNT2S,State Level,Any,13591,
2022-23,D Pharmacy,CAP Round I,02542,"Aditya Diploma Institute of Pharmacy, Beed",Beed,Unaided,LNT2S,State Level,Ladies,8350,
2022-23,D Pharmacy,CAP Round I,02542,"Aditya Diploma Institute of Pharmacy, Beed",Beed,Unaided,GNT3S,State Level,Any,12478,
2022-23,D Pharmacy,CAP Round I,02542,"Aditya Diploma Institute of Pharmacy, Beed",Beed,Unaided,GOBCS,State Level,Any,29586,
2022-23,D Pharmacy,CAP Round I,02542,"Aditya Diploma Institute of Pharmacy, Beed",Beed,Unaided,LOBCS,State Level,Ladies,50474,
2022-23,D Pharmacy,CAP Round I,02542,"Aditya Diploma Institute of Pharmacy, Beed",Beed,Unaided,DEFOPENS,State Level,Any,29503,
2022-23,D Pharmacy,CAP Round I,02542,"Aditya Diploma Institute of Pharmacy, Beed",Beed,Unaided,EWS,Special,Any,10991,
2022-23,D Pharmacy,CAP Round I,02542,"Aditya Diploma Institute of Pharmacy, Beed",Beed,Unaided,TFWS,Special,Any,3421,
2022-23,D Pharmacy,CAP Round I,02543,"Aditya Pharmacy College, Beed",Beed,Unaided,GOPENS,State Level,Any,14607,
2022-23,D Pharmacy,CAP Round I,02543,"Aditya Pharmacy College, Beed",Beed,Unaided,LOPENS,State Level,Ladies,10673,
2022-23,D Pharmacy,CAP Round I,02543,"Aditya Pharmacy College, Beed",Beed,Unaided,GSCS,State Level,Any,40114,
2022-23,D Pharmacy,CAP Round I,02543,"Aditya Pharmacy College, Beed",Beed,Unaided,LSCS,State Level,Ladies,27591,
2022-23,D Pharmacy,CAP Round I,02543,"Aditya Pharmacy College, Beed",Beed,Unaided,GSTS,State Level,Any,72262,
2022-23,D Pharmacy,CAP Round I,02543,"Aditya Pharmacy College, Beed",Beed,Unaided,GVJS,State Level,Any,17598,
2022-23,D Pharmacy,CAP Round I,02543,"Aditya Pharmacy College, Beed",Beed,Unaided,LVJS,State Level,Ladies,15876,
2022-23,D Pharmacy,CAP Round I,02543,"Aditya Pharmacy College, Beed",Beed,Unaided,GNT1S,State Level,Any,30126,
2022-23,D Pharmacy,CAP Round I,02543,"Aditya Pharmacy College, Beed",Beed,Unaided,GNT2S,State Level,Any,15879,
2022-23,D Pharmacy,CAP Round I,02543,"Aditya Pharmacy College, Beed",Beed,Unaided,GNT3S,State Level,Any,14753,
2022-23,D Pharmacy,CAP Round I,02543,"Aditya Pharmacy College, Beed",Beed,Unaided,LNT3S,State Level,Ladies,11766,
2022-23,D Pharmacy,CAP Round I,02543,"Aditya Pharmacy College, Beed",Beed,Unaided,GOBCS,State Level,Any,40466,
2022-23,D Pharmacy,CAP Round I,02543,"Aditya Pharmacy College, Beed",Beed,Unaided,LOBCS,State Level,Ladies,65698,
2022-23,D Pharmacy,CAP Round I,02543,"Aditya Pharmacy College, Beed",Beed,Unaided,EWS,Special,Any,13759,
2022-23,D Pharmacy,CAP Round I,02543,"Aditya Pharmacy College, Beed",Beed,Unaided,TFWS,Special,Any,6399,
2022-23,D Pharmacy,CAP Round I,02544,"Gurukrupa Institute of Pharmacy, Majalgaon",Beed,Unaided,GOPENS,State Level,Any,17033,
2022-23,D Pharmacy,CAP Round I,02544,"Gurukrupa Institute of Pharmacy, Majalgaon",Beed,Unaided,LOPENS,State Level,Ladies,8325,
2022-23,D Pharmacy,CAP Round I,02544,"Gurukrupa Institute of Pharmacy, Majalgaon",Beed,Unaided,GSCS,State Level,Any,42829,
2022-23,D Pharmacy,CAP Round I,02544,"Gurukrupa Institute of Pharmacy, Majalgaon",Beed,Unaided,LSCS,State Level,Ladies,31275,
2022-23,D Pharmacy,CAP Round I,02544,"Gurukrupa Institute of Pharmacy, Majalgaon",Beed,Unaided,GVJS,State Level,Any,19255,
2022-23,D Pharmacy,CAP Round I,02544,"Gurukrupa Institute of Pharmacy, Majalgaon",Beed,Unaided,LNT1S,State Level,Ladies,29230,
2022-23,D Pharmacy,CAP Round I,02544,"Gurukrupa Institute of Pharmacy, Majalgaon",Beed,Unaided,GNT2S,State Level,Any,17407,
2022-23,D Pharmacy,CAP Round I,02544,"Gurukrupa Institute of Pharmacy, Majalgaon",Beed,Unaided,LNT2S,State Level,Ladies,16898,
2022-23,D Pharmacy,CAP Round I,02544,"Gurukrupa Institute of Pharmacy, Majalgaon",Beed,Unaided,GNT3S,State Level,Any,19700,
2022-23,D Pharmacy,CAP Round I,02544,"Gurukrupa Institute of Pharmacy, Majalgaon",Beed,Unaided,GOBCS,State Level,Any,50013,
2022-23,D Pharmacy,CAP Round I,02544,"Gurukrupa Institute of Pharmacy, Majalgaon",Beed,Unaided,LOBCS,State Level,Ladies,16091,
2022-23,D Pharmacy,CAP Round I,02544,"Gurukrupa Institute of Pharmacy, Majalgaon",Beed,Unaided,PWDOPENS,State Level,Any,61603,
2022-23,D Pharmacy,CAP Round I,02544,"Gurukrupa Institute of Pharmacy, Majalgaon",Beed,Unaided,EWS,Special,Any,11157,
2022-23,D Pharmacy,CAP Round I,02544,"Gurukrupa Institute of Pharmacy, Majalgaon",Beed,Unaided,TFWS,Special,Any,8613,
2022-23,D Pharmacy,CAP Round I,02545,"Shriganesh Ramchandra Katruwar College of Pharmacy, Manwath",Parbhani,Unaided,GOPENS,State Level,Any,17589,
2022-23,D Pharmacy,CAP Round I,02545,"Shriganesh Ramchandra Katruwar College of Pharmacy, Manwath",Parbhani,Unaided,LOPENS,State Level,Ladies,17263,
2022-23,D Pharmacy,CAP Round I,02545,"Shriganesh Ramchandra Katruwar College of Pharmacy, Manwath",Parbhani,Unaided,GSCS,State Level,Any,32181,
2022-23,D Pharmacy,CAP Round I,02545,"Shriganesh Ramchandra Katruwar College of Pharmacy, Manwath",Parbhani,Unaided,LSCS,State Level,Ladies,35430,
2022-23,D Pharmacy,CAP Round I,02545,"Shriganesh Ramchandra Katruwar College of Pharmacy, Manwath",Parbhani,Unaided,GSTS,State Level,Any,83487,
2022-23,D Pharmacy,CAP Round I,02545,"Shriganesh Ramchandra Katruwar College of Pharmacy, Manwath",Parbhani,Unaided,LSTS,State Level,Ladies,41769,
2022-23,D Pharmacy,CAP Round I,02545,"Shriganesh Ramchandra Katruwar College of Pharmacy, Manwath",Parbhani,Unaided,GVJS,State Level,Any,19773,
2022-23,D Pharmacy,CAP Round I,02545,"Shriganesh Ramchandra Katruwar College of Pharmacy, Manwath",Parbhani,Unaided,GNT1S,State Level,Any,29193,
2022-23,D Pharmacy,CAP Round I,02545,"Shriganesh Ramchandra Katruwar College of Pharmacy, Manwath",Parbhani,Unaided,GNT2S,State Level,Any,23400,
2022-23,D Pharmacy,CAP Round I,02545,"Shriganesh Ramchandra Katruwar College of Pharmacy, Manwath",Parbhani,Unaided,LNT3S,State Level,Ladies,24699,
2022-23,D Pharmacy,CAP Round I,02545,"Shriganesh Ramchandra Katruwar College of Pharmacy, Manwath",Parbhani,Unaided,GOBCS,State Level,Any,36825,
2022-23,D Pharmacy,CAP Round I,02545,"Shriganesh Ramchandra Katruwar College of Pharmacy, Manwath",Parbhani,Unaided,LOBCS,State Level,Ladies,26154,
2022-23,D Pharmacy,CAP Round I,02545,"Shriganesh Ramchandra Katruwar College of Pharmacy, Manwath",Parbhani,Unaided,EWS,Special,Any,15828,
2022-23,D Pharmacy,CAP Round I,02545,"Shriganesh Ramchandra Katruwar College of Pharmacy, Manwath",Parbhani,Unaided,TFWS,Special,Any,10866,
2022-23,D Pharmacy,CAP Round I,02546,"College of Pharmacy(D.Pharm), Khandala",Satara,Unaided,GOPENS,State Level,Any,22144,
2022-23,D Pharmacy,CAP Round I,02546,"College of Pharmacy(D.Pharm), Khandala",Satara,Unaided,LOPENS,State Level,Ladies,22004,
2022-23,D Pharmacy,CAP Round I,02546,"College of Pharmacy(D.Pharm), Khandala",Satara,Unaided,GSCS,State Level,Any,38558,
2022-23,D Pharmacy,CAP Round I,02546,"College of Pharmacy(D.Pharm), Khandala",Satara,Unaided,LSCS,State Level,Ladies,28007,
2022-23,D Pharmacy,CAP Round I,02546,"College of Pharmacy(D.Pharm), Khandala",Satara,Unaided,GSTS,State Level,Any,43287,
2022-23,D Pharmacy,CAP Round I,02546,"College of Pharmacy(D.Pharm), Khandala",Satara,Unaided,LSTS,State Level,Ladies,50785,
2022-23,D Pharmacy,CAP Round I,02546,"College of Pharmacy(D.Pharm), Khandala",Satara,Unaided,GVJS,State Level,Any,23900,
2022-23,D Pharmacy,CAP Round I,02546,"College of Pharmacy(D.Pharm), Khandala",Satara,Unaided,LVJS,State Level,Ladies,19210,
2022-23,D Pharmacy,CAP Round I,02546,"College of Pharmacy(D.Pharm), Khandala",Satara,Unaided,GNT1S,State Level,Any,44374,
2022-23,D Pharmacy,CAP Round I,02546,"College of Pharmacy(D.Pharm), Khandala",Satara,Unaided,LNT1S,State Level,Ladies,38054,
2022-23,D Pharmacy,CAP Round I,02546,"College of Pharmacy(D.Pharm), Khandala",Satara,Unaided,GNT2S,State Level,Any,32179,
2022-23,D Pharmacy,CAP Round I,02546,"College of Pharmacy(D.Pharm), Khandala",Satara,Unaided,LNT2S,State Level,Ladies,21821,
2022-23,D Pharmacy,CAP Round I,02546,"College of Pharmacy(D.Pharm), Khandala",Satara,Unaided,GNT3S,State Level,Any,22536,
2022-23,D Pharmacy,CAP Round I,02546,"College of Pharmacy(D.Pharm), Khandala",Satara,Unaided,GOBCS,State Level,Any,36406,
2022-23,D Pharmacy,CAP Round I,02546,"College of Pharmacy(D.Pharm), Khandala",Satara,Unaided,LOBCS,State Level,Ladies,33498,
2022-23,D Pharmacy,CAP Round I,02546,"College of Pharmacy(D.Pharm), Khandala",Satara,Unaided,EWS,Special,Any,22103,
2022-23,D Pharmacy,CAP Round I,02546,"College of Pharmacy(D.Pharm), Khandala",Satara,Unaided,TFWS,Special,Any,10869,
2022-23,D Pharmacy,CAP Round I,02547,"Late Bhagirathi Yashwantrao Pathrikar College of D.Pharmacy, Pathri",Parbhani,Unaided,GOPENS,State Level,Any,7708,
2022-23,D Pharmacy,CAP Round I,02547,"Late Bhagirathi Yashwantrao Pathrikar College of D.Pharmacy, Pathri",Parbhani,Unaided,LOPENS,State Level,Ladies,5291,
2022-23,D Pharmacy,CAP Round I,02547,"Late Bhagirathi Yashwantrao Pathrikar College of D.Pharmacy, Pathri",Parbhani,Unaided,GSCS,State Level,Any,27079,
2022-23,D Pharmacy,CAP Round I,02547,"Late Bhagirathi Yashwantrao Pathrikar College of D.Pharmacy, Pathri",Parbhani,Unaided,LSCS,State Level,Ladies,10419,
2022-23,D Pharmacy,CAP Round I,02547,"Late Bhagirathi Yashwantrao Pathrikar College of D.Pharmacy, Pathri",Parbhani,Unaided,GSTS,State Level,Any,79440,
2022-23,D Pharmacy,CAP Round I,02547,"Late Bhagirathi Yashwantrao Pathrikar College of D.Pharmacy, Pathri",Parbhani,Unaided,LSTS,State Level,Ladies,52287,
2022-23,D Pharmacy,CAP Round I,02547,"Late Bhagirathi Yashwantrao Pathrikar College of D.Pharmacy, Pathri",Parbhani,Unaided,GVJS,State Level,Any,11242,
2022-23,D Pharmacy,CAP Round I,02547,"Late Bhagirathi Yashwantrao Pathrikar College of D.Pharmacy, Pathri",Parbhani,Unaided,LVJS,State Level,Ladies,8934,
2022-23,D Pharmacy,CAP Round I,02547,"Late Bhagirathi Yashwantrao Pathrikar College of D.Pharmacy, Pathri",Parbhani,Unaided,GNT1S,State Level,Any,11038,
2022-23,D Pharmacy,CAP Round I,02547,"Late Bhagirathi Yashwantrao Pathrikar College of D.Pharmacy, Pathri",Parbhani,Unaided,GNT2S,State Level,Any,7974,
2022-23,D Pharmacy,CAP Round I,02547,"Late Bhagirathi Yashwantrao Pathrikar College of D.Pharmacy, Pathri",Parbhani,Unaided,GNT3S,State Level,Any,9409,
2022-23,D Pharmacy,CAP Round I,02547,"Late Bhagirathi Yashwantrao Pathrikar College of D.Pharmacy, Pathri",Parbhani,Unaided,GOBCS,State Level,Any,14183,
2022-23,D Pharmacy,CAP Round I,02547,"Late Bhagirathi Yashwantrao Pathrikar College of D.Pharmacy, Pathri",Parbhani,Unaided,LOBCS,State Level,Ladies,10711,
2022-23,D Pharmacy,CAP Round I,02547,"Late Bhagirathi Yashwantrao Pathrikar College of D.Pharmacy, Pathri",Parbhani,Unaided,DEFOPENS,State Level,Any,21593,
2022-23,D Pharmacy,CAP Round I,02547,"Late Bhagirathi Yashwantrao Pathrikar College of D.Pharmacy, Pathri",Parbhani,Unaided,EWS,Special,Any,6157,
2022-23,D Pharmacy,CAP Round I,02547,"Late Bhagirathi Yashwantrao Pathrikar College of D.Pharmacy, Pathri",Parbhani,Unaided,TFWS,Special,Any,1777,
2022-23,D Pharmacy,CAP Round I,02548,"Swargiya Lilawati Satish Awhad D.Pharmacy College(Minority), Kharab Khandgaon.",Buldhana,Religious Minority - Buddhist,GOPENS,State Level,Any,13495,
2022-23,D Pharmacy,CAP Round I,02548,"Swargiya Lilawati Satish Awhad D.Pharmacy College(Minority), Kharab Khandgaon.",Buldhana,Religious Minority - Buddhist,LOPENS,State Level,Ladies,11765,
2022-23,D Pharmacy,CAP Round I,02548,"Swargiya Lilawati Satish Awhad D.Pharmacy College(Minority), Kharab Khandgaon.",Buldhana,Religious Minority - Buddhist,MI,Special,Any,80969,
2022-23,D Pharmacy,CAP Round I,02548,"Swargiya Lilawati Satish Awhad D.Pharmacy College(Minority), Kharab Khandgaon.",Buldhana,Religious Minority - Buddhist,TFWS,Special,Any,13192,
2022-23,D Pharmacy,CAP Round I,02549,"Warpudkar Institute of Pharmacy(D.Pharmacy), Pedgaon",Pune,Unaided,GOPENS,State Level,Any,20367,
2022-23,D Pharmacy,CAP Round I,02549,"Warpudkar Institute of Pharmacy(D.Pharmacy), Pedgaon",Pune,Unaided,LOPENS,State Level,Ladies,19491,
2022-23,D Pharmacy,CAP Round I,02549,"Warpudkar Institute of Pharmacy(D.Pharmacy), Pedgaon",Pune,Unaided,GSCS,State Level,Any,41461,
2022-23,D Pharmacy,CAP Round I,02549,"Warpudkar Institute of Pharmacy(D.Pharmacy), Pedgaon",Pune,Unaided,LSCS,State Level,Ladies,35446,
2022-23,D Pharmacy,CAP Round I,02549,"Warpudkar Institute of Pharmacy(D.Pharmacy), Pedgaon",Pune,Unaided,GVJS,State Level,Any,21776,
2022-23,D Pharmacy,CAP Round I,02549,"Warpudkar Institute of Pharmacy(D.Pharmacy), Pedgaon",Pune,Unaided,GNT1S,State Level,Any,29733,
2022-23,D Pharmacy,CAP Round I,02549,"Warpudkar Institute of Pharmacy(D.Pharmacy), Pedgaon",Pune,Unaided,GNT2S,State Level,Any,23103,
2022-23,D Pharmacy,CAP Round I,02549,"Warpudkar Institute of Pharmacy(D.Pharmacy), Pedgaon",Pune,Unaided,LNT2S,State Level,Ladies,23608,
2022-23,D Pharmacy,CAP Round I,02549,"Warpudkar Institute of Pharmacy(D.Pharmacy), Pedgaon",Pune,Unaided,GNT3S,State Level,Any,23301,
2022-23,D Pharmacy,CAP Round I,02549,"Warpudkar Institute of Pharmacy(D.Pharmacy), Pedgaon",Pune,Unaided,GOBCS,State Level,Any,41537,
2022-23,D Pharmacy,CAP Round I,02549,"Warpudkar Institute of Pharmacy(D.Pharmacy), Pedgaon",Pune,Unaided,LOBCS,State Level,Ladies,40352,
2022-23,D Pharmacy,CAP Round I,02549,"Warpudkar Institute of Pharmacy(D.Pharmacy), Pedgaon",Pune,Unaided,EWS,Special,Any,19470,
2022-23,D Pharmacy,CAP Round I,02549,"Warpudkar Institute of Pharmacy(D.Pharmacy), Pedgaon",Pune,Unaided,TFWS,Special,Any,13223,
2022-23,D Pharmacy,CAP Round I,02551,"College of Pharmacy(D.Pharmacy), Pathri",Parbhani,Unaided,GOPENS,State Level,Any,20671,
2022-23,D Pharmacy,CAP Round I,02551,"College of Pharmacy(D.Pharmacy), Pathri",Parbhani,Unaided,LOPENS,State Level,Ladies,20408,
2022-23,D Pharmacy,CAP Round I,02551,"College of Pharmacy(D.Pharmacy), Pathri",Parbhani,Unaided,GSCS,State Level,Any,37916,
2022-23,D Pharmacy,CAP Round I,02551,"College of Pharmacy(D.Pharmacy), Pathri",Parbhani,Unaided,LSCS,State Level,Ladies,28232,
2022-23,D Pharmacy,CAP Round I,02551,"College of Pharmacy(D.Pharmacy), Pathri",Parbhani,Unaided,GSTS,State Level,Any,78385,
2022-23,D Pharmacy,CAP Round I,02551,"College of Pharmacy(D.Pharmacy), Pathri",Parbhani,Unaided,GVJS,State Level,Any,22430,
2022-23,D Pharmacy,CAP Round I,02551,"College of Pharmacy(D.Pharmacy), Pathri",Parbhani,Unaided,GNT1S,State Level,Any,28551,
2022-23,D Pharmacy,CAP Round I,02551,"College of Pharmacy(D.Pharmacy), Pathri",Parbhani,Unaided,GNT2S,State Level,Any,24876,
2022-23,D Pharmacy,CAP Round I,02551,"College of Pharmacy(D.Pharmacy), Pathri",Parbhani,Unaided,LNT2S,State Level,Ladies,26347,
2022-23,D Pharmacy,CAP Round I,02551,"College of Pharmacy(D.Pharmacy), Pathri",Parbhani,Unaided,GNT3S,State Level,Any,22379,
2022-23,D Pharmacy,CAP Round I,02551,"College of Pharmacy(D.Pharmacy), Pathri",Parbhani,Unaided,GOBCS,State Level,Any,41693,
2022-23,D Pharmacy,CAP Round I,02551,"College of Pharmacy(D.Pharmacy), Pathri",Parbhani,Unaided,LOBCS,State Level,Ladies,38346,
2022-23,D Pharmacy,CAP Round I,02551,"College of Pharmacy(D.Pharmacy), Pathri",Parbhani,Unaided,EWS,Special,Any,13349,
2022-23,D Pharmacy,CAP Round I,02551,"College of Pharmacy(D.Pharmacy), Pathri",Parbhani,Unaided,TFWS,Special,Any,6302,
2022-23,D Pharmacy,CAP Round I,02552,"Savitribai College of Pharmacy, Bamani",Buldhana,Unaided,GOPENS,State Level,Any,198,
2022-23,D Pharmacy,CAP Round I,02552,"Savitribai College of Pharmacy, Bamani",Buldhana,Unaided,LOPENS,State Level,Ladies,159,
2022-23,D Pharmacy,CAP Round I,02552,"Savitribai College of Pharmacy, Bamani",Buldhana,Unaided,GSCS,State Level,Any,2093,
2022-23,D Pharmacy,CAP Round I,02552,"Savitribai College of Pharmacy, Bamani",Buldhana,Unaided,LSCS,State Level,Ladies,441,
2022-23,D Pharmacy,CAP Round I,02552,"Savitribai College of Pharmacy, Bamani",Buldhana,Unaided,GSTS,State Level,Any,47965,
2022-23,D Pharmacy,CAP Round I,02552,"Savitribai College of Pharmacy, Bamani",Buldhana,Unaided,LSTS,State Level,Ladies,38594,
2022-23,D Pharmacy,CAP Round I,02552,"Savitribai College of Pharmacy, Bamani",Buldhana,Unaided,GVJS,State Level,Any,364,
2022-23,D Pharmacy,CAP Round I,02552,"Savitribai College of Pharmacy, Bamani",Buldhana,Unaided,LVJS,State Level,Ladies,373,
2022-23,D Pharmacy,CAP Round I,02552,"Savitribai College of Pharmacy, Bamani",Buldhana,Unaided,GNT1S,State Level,Any,13172,
2022-23,D Pharmacy,CAP Round I,02552,"Savitribai College of Pharmacy, Bamani",Buldhana,Unaided,GNT2S,State Level,Any,259,
2022-23,D Pharmacy,CAP Round I,02552,"Savitribai College of Pharmacy, Bamani",Buldhana,Unaided,GNT3S,State Level,Any,15133,
2022-23,D Pharmacy,CAP Round I,02552,"Savitribai College of Pharmacy, Bamani",Buldhana,Unaided,GOBCS,State Level,Any,4878,
2022-23,D Pharmacy,CAP Round I,02552,"Savitribai College of Pharmacy, Bamani",Buldhana,Unaided,LOBCS,State Level,Ladies,6476,
2022-23,D Pharmacy,CAP Round I,02552,"Savitribai College of Pharmacy, Bamani",Buldhana,Unaided,PWDOPENS,State Level,Any,83882,
2022-23,D Pharmacy,CAP Round I,02552,"Savitribai College of Pharmacy, Bamani",Buldhana,Unaided,EWS,Special,Any,15281,
2022-23,D Pharmacy,CAP Round I,02552,"Savitribai College of Pharmacy, Bamani",Buldhana,Unaided,TFWS,Special,Any,8448,
2022-23,D Pharmacy,CAP Round I,02553,"Latur College of Pharmacy, Gurunathappa Bavage Knowledge City",Latur,Unaided,GOPENS,State Level,Any,23359,
2022-23,D Pharmacy,CAP Round I,02553,"Latur College of Pharmacy, Gurunathappa Bavage Knowledge City",Latur,Unaided,LOPENS,State Level,Ladies,23417,
2022-23,D Pharmacy,CAP Round I,02553,"Latur College of Pharmacy, Gurunathappa Bavage Knowledge City",Latur,Unaided,GSCS,State Level,Any,38146,
2022-23,D Pharmacy,CAP Round I,02553,"Latur College of Pharmacy, Gurunathappa Bavage Knowledge City",Latur,Unaided,LSCS,State Level,Ladies,36571,
2022-23,D Pharmacy,CAP Round I,02553,"Latur College of Pharmacy, Gurunathappa Bavage Knowledge City",Latur,Unaided,GVJS,State Level,Any,25489,
2022-23,D Pharmacy,CAP Round I,02553,"Latur College of Pharmacy, Gurunathappa Bavage Knowledge City",Latur,Unaided,LVJS,State Level,Ladies,24662,
2022-23,D Pharmacy,CAP Round I,02553,"Latur College of Pharmacy, Gurunathappa Bavage Knowledge City",Latur,Unaided,LNT1S,State Level,Ladies,37099,
2022-23,D Pharmacy,CAP Round I,02553,"Latur College of Pharmacy, Gurunathappa Bavage Knowledge City",Latur,Unaided,GNT2S,State Level,Any,29479,
2022-23,D Pharmacy,CAP Round I,02553,"Latur College of Pharmacy, Gurunathappa Bavage Knowledge City",Latur,Unaided,LNT2S,State Level,Ladies,28552,
2022-23,D Pharmacy,CAP Round I,02553,"Latur College of Pharmacy, Gurunathappa Bavage Knowledge City",Latur,Unaided,GNT3S,State Level,Any,24307,
2022-23,D Pharmacy,CAP Round I,02553,"Latur College of Pharmacy, Gurunathappa Bavage Knowledge City",Latur,Unaided,GOBCS,State Level,Any,45368,
2022-23,D Pharmacy,CAP Round I,02553,"Latur College of Pharmacy, Gurunathappa Bavage Knowledge City",Latur,Unaided,LOBCS,State Level,Ladies,43740,
2022-23,D Pharmacy,CAP Round I,02553,"Latur College of Pharmacy, Gurunathappa Bavage Knowledge City",Latur,Unaided,EWS,Special,Any,19568,
2022-23,D Pharmacy,CAP Round I,02553,"Latur College of Pharmacy, Gurunathappa Bavage Knowledge City",Latur,Unaided,TFWS,Special,Any,10738,
2022-23,D Pharmacy,CAP Round I,02554,"Mauli College of Pharmacy(B.Pharm), Tondar, Udgir",Latur,Unaided,GOPENS,State Level,Any,19883,
2022-23,D Pharmacy,CAP Round I,02554,"Mauli College of Pharmacy(B.Pharm), Tondar, Udgir",Latur,Unaided,LOPENS,State Level,Ladies,24350,
2022-23,D Pharmacy,CAP Round I,02554,"Mauli College of Pharmacy(B.Pharm), Tondar, Udgir",Latur,Unaided,GSCS,State Level,Any,43264,
2022-23,D Pharmacy,CAP Round I,02554,"Mauli College of Pharmacy(B.Pharm), Tondar, Udgir",Latur,Unaided,LSCS,State Level,Ladies,39584,
2022-23,D Pharmacy,CAP Round I,02554,"Mauli College of Pharmacy(B.Pharm), Tondar, Udgir",Latur,Unaided,GVJS,State Level,Any,28191,
2022-23,D Pharmacy,CAP Round I,02554,"Mauli College of Pharmacy(B.Pharm), Tondar, Udgir",Latur,Unaided,GNT1S,State Level,Any,28714,
2022-23,D Pharmacy,CAP Round I,02554,"Mauli College of Pharmacy(B.Pharm), Tondar, Udgir",Latur,Unaided,GNT2S,State Level,Any,21332,
2022-23,D Pharmacy,CAP Round I,02554,"Mauli College of Pharmacy(B.Pharm), Tondar, Udgir",Latur,Unaided,LNT2S,State Level,Ladies,31810,
2022-23,D Pharmacy,CAP Round I,02554,"Mauli College of Pharmacy(B.Pharm), Tondar, Udgir",Latur,Unaided,GNT3S,State Level,Any,25676,
2022-23,D Pharmacy,CAP Round I,02554,"Mauli College of Pharmacy(B.Pharm), Tondar, Udgir",Latur,Unaided,GOBCS,State Level,Any,48972,
2022-23,D Pharmacy,CAP Round I,02554,"Mauli College of Pharmacy(B.Pharm), Tondar, Udgir",Latur,Unaided,LOBCS,State Level,Ladies,41806,
2022-23,D Pharmacy,CAP Round I,02554,"Mauli College of Pharmacy(B.Pharm), Tondar, Udgir",Latur,Unaided,EWS,Special,Any,24437,
2022-23,D Pharmacy,CAP Round I,02554,"Mauli College of Pharmacy(B.Pharm), Tondar, Udgir",Latur,Unaided,TFWS,Special,Any,11582,
2022-23,D Pharmacy,CAP Round I,02555,"Aditya Institute of Pharmacutical, Beed",Beed,Unaided,GOPENS,State Level,Any,18253,
2022-23,D Pharmacy,CAP Round I,02555,"Aditya Institute of Pharmacutical, Beed",Beed,Unaided,LOPENS,State Level,Ladies,18414,
2022-23,D Pharmacy,CAP Round I,02555,"Aditya Institute of Pharmacutical, Beed",Beed,Unaided,GSCS,State Level,Any,49230,
2022-23,D Pharmacy,CAP Round I,02555,"Aditya Institute of Pharmacutical, Beed",Beed,Unaided,LSCS,State Level,Ladies,46966,
2022-23,D Pharmacy,CAP Round I,02555,"Aditya Institute of Pharmacutical, Beed",Beed,Unaided,GSTS,State Level,Any,72263,
2022-23,D Pharmacy,CAP Round I,02555,"Aditya Institute of Pharmacutical, Beed",Beed,Unaided,GVJS,State Level,Any,18277,
2022-23,D Pharmacy,CAP Round I,02555,"Aditya Institute of Pharmacutical, Beed",Beed,Unaided,GNT1S,State Level,Any,48176,
2022-23,D Pharmacy,CAP Round I,02555,"Aditya Institute of Pharmacutical, Beed",Beed,Unaided,LNT1S,State Level,Ladies,48047,
2022-23,D Pharmacy,CAP Round I,02555,"Aditya Institute of Pharmacutical, Beed",Beed,Unaided,GNT2S,State Level,Any,19928,
2022-23,D Pharmacy,CAP Round I,02555,"Aditya Institute of Pharmacutical, Beed",Beed,Unaided,GNT3S,State Level,Any,19641,
2022-23,D Pharmacy,CAP Round I,02555,"Aditya Institute of Pharmacutical, Beed",Beed,Unaided,GOBCS,State Level,Any,44979,
2022-23,D Pharmacy,CAP Round I,02555,"Aditya Institute of Pharmacutical, Beed",Beed,Unaided,LOBCS,State Level,Ladies,74230,
2022-23,D Pharmacy,CAP Round I,02555,"Aditya Institute of Pharmacutical, Beed",Beed,Unaided,EWS,Special,Any,15947,
2022-23,D Pharmacy,CAP Round I,02555,"Aditya Institute of Pharmacutical, Beed",Beed,Unaided,TFWS,Special,Any,8432,
2022-23,D Pharmacy,CAP Round I,02556,"Rajashri Shahu College of Pharmacy, Markhel",Nanded,Unaided,GOPENS,State Level,Any,8487,
2022-23,D Pharmacy,CAP Round I,02556,"Rajashri Shahu College of Pharmacy, Markhel",Nanded,Unaided,LOPENS,State Level,Ladies,8143,
2022-23,D Pharmacy,CAP Round I,02556,"Rajashri Shahu College of Pharmacy, Markhel",Nanded,Unaided,GSCS,State Level,Any,16178,
2022-23,D Pharmacy,CAP Round I,02556,"Rajashri Shahu College of Pharmacy, Markhel",Nanded,Unaided,LSCS,State Level,Ladies,14539,
2022-23,D Pharmacy,CAP Round I,02556,"Rajashri Shahu College of Pharmacy, Markhel",Nanded,Unaided,GSTS,State Level,Any,23335,
2022-23,D Pharmacy,CAP Round I,02556,"Rajashri Shahu College of Pharmacy, Markhel",Nanded,Unaided,LSTS,State Level,Ladies,12540,
2022-23,D Pharmacy,CAP Round I,02556,"Rajashri Shahu College of Pharmacy, Markhel",Nanded,Unaided,GVJS,State Level,Any,17980,
2022-23,D Pharmacy,CAP Round I,02556,"Rajashri Shahu College of Pharmacy, Markhel",Nanded,Unaided,LVJS,State Level,Ladies,21366,
2022-23,D Pharmacy,CAP Round I,02556,"Rajashri Shahu College of Pharmacy, Markhel",Nanded,Unaided,GNT1S,State Level,Any,11463,
2022-23,D Pharmacy,CAP Round I,02556,"Rajashri Shahu College of Pharmacy, Markhel",Nanded,Unaided,GNT2S,State Level,Any,8742,
2022-23,D Pharmacy,CAP Round I,02556,"Rajashri Shahu College of Pharmacy, Markhel",Nanded,Unaided,LNT3S,State Level,Ladies,39521,
2022-23,D Pharmacy,CAP Round I,02556,"Rajashri Shahu College of Pharmacy, Markhel",Nanded,Unaided,GOBCS,State Level,Any,23265,
2022-23,D Pharmacy,CAP Round I,02556,"Rajashri Shahu College of Pharmacy, Markhel",Nanded,Unaided,LOBCS,State Level,Ladies,26002,
2022-23,D Pharmacy,CAP Round I,02556,"Rajashri Shahu College of Pharmacy, Markhel",Nanded,Unaided,PWDOPENS,State Level,Any,68347,
2022-23,D Pharmacy,CAP Round I,02556,"Rajashri Shahu College of Pharmacy, Markhel",Nanded,Unaided,EWS,Special,Any,16924,
2022-23,D Pharmacy,CAP Round I,02556,"Rajashri Shahu College of Pharmacy, Markhel",Nanded,Unaided,TFWS,Special,Any,14423,
2022-23,D Pharmacy,CAP Round I,02557,"Anand Charitable Sanstha's Gangai Pharmacy College, Kada",Beed,Unaided,GOPENS,State Level,Any,15058,
2022-23,D Pharmacy,CAP Round I,02557,"Anand Charitable Sanstha's Gangai Pharmacy College, Kada",Beed,Unaided,LOPENS,State Level,Ladies,13838,
2022-23,D Pharmacy,CAP Round I,02557,"Anand Charitable Sanstha's Gangai Pharmacy College, Kada",Beed,Unaided,GSCS,State Level,Any,52646,
2022-23,D Pharmacy,CAP Round I,02557,"Anand Charitable Sanstha's Gangai Pharmacy College, Kada",Beed,Unaided,LSCS,State Level,Ladies,34064,
2022-23,D Pharmacy,CAP Round I,02557,"Anand Charitable Sanstha's Gangai Pharmacy College, Kada",Beed,Unaided,LSTS,State Level,Ladies,61409,
2022-23,D Pharmacy,CAP Round I,02557,"Anand Charitable Sanstha's Gangai Pharmacy College, Kada",Beed,Unaided,GVJS,State Level,Any,24082,
2022-23,D Pharmacy,CAP Round I,02557,"Anand Charitable Sanstha's Gangai Pharmacy College, Kada",Beed,Unaided,LVJS,State Level,Ladies,26515,
2022-23,D Pharmacy,CAP Round I,02557,"Anand Charitable Sanstha's Gangai Pharmacy College, Kada",Beed,Unaided,GNT1S,State Level,Any,16645,
2022-23,D Pharmacy,CAP Round I,02557,"Anand Charitable Sanstha's Gangai Pharmacy College, Kada",Beed,Unaided,GNT2S,State Level,Any,15233,
2022-23,D Pharmacy,CAP Round I,02557,"Anand Charitable Sanstha's Gangai Pharmacy College, Kada",Beed,Unaided,LNT2S,State Level,Ladies,28183,
2022-23,D Pharmacy,CAP Round I,02557,"Anand Charitable Sanstha's Gangai Pharmacy College, Kada",Beed,Unaided,GNT3S,State Level,Any,15154,
2022-23,D Pharmacy,CAP Round I,02557,"Anand Charitable Sanstha's Gangai Pharmacy College, Kada",Beed,Unaided,GOBCS,State Level,Any,27713,
2022-23,D Pharmacy,CAP Round I,02557,"Anand Charitable Sanstha's Gangai Pharmacy College, Kada",Beed,Unaided,LOBCS,State Level,Ladies,22888,
2022-23,D Pharmacy,CAP Round I,02557,"Anand Charitable Sanstha's Gangai Pharmacy College, Kada",Beed,Unaided,DEFOPENS,State Level,Any,43207,
2022-23,D Pharmacy,CAP Round I,02557,"Anand Charitable Sanstha's Gangai Pharmacy College, Kada",Beed,Unaided,EWS,Special,Any,13654,
2022-23,D Pharmacy,CAP Round I,02557,"Anand Charitable Sanstha's Gangai Pharmacy College, Kada",Beed,Unaided,TFWS,Special,Any,4155,
2022-23,D Pharmacy,CAP Round I,02558,"Dnyansadhana Institute of Pharmacy, Dharmapuri",Jalna,Unaided,GOPENS,State Level,Any,13044,
2022-23,D Pharmacy,CAP Round I,02558,"Dnyansadhana Institute of Pharmacy, Dharmapuri",Jalna,Unaided,LOPENS,State Level,Ladies,8468,
2022-23,D Pharmacy,CAP Round I,02558,"Dnyansadhana Institute of Pharmacy, Dharmapuri",Jalna,Unaided,GSCS,State Level,Any,32614,
2022-23,D Pharmacy,CAP Round I,02558,"Dnyansadhana Institute of Pharmacy, Dharmapuri",Jalna,Unaided,LSCS,State Level,Ladies,17366,
2022-23,D Pharmacy,CAP Round I,02558,"Dnyansadhana Institute of Pharmacy, Dharmapuri",Jalna,Unaided,GSTS,State Level,Any,58806,
2022-23,D Pharmacy,CAP Round I,02558,"Dnyansadhana Institute of Pharmacy, Dharmapuri",Jalna,Unaided,LSTS,State Level,Ladies,18708,
2022-23,D Pharmacy,CAP Round I,02558,"Dnyansadhana Institute of Pharmacy, Dharmapuri",Jalna,Unaided,GVJS,State Level,Any,13857,
2022-23,D Pharmacy,CAP Round I,02558,"Dnyansadhana Institute of Pharmacy, Dharmapuri",Jalna,Unaided,GNT1S,State Level,Any,35207,
2022-23,D Pharmacy,CAP Round I,02558,"Dnyansadhana Institute of Pharmacy, Dharmapuri",Jalna,Unaided,LNT1S,State Level,Ladies,42401,
2022-23,D Pharmacy,CAP Round I,02558,"Dnyansadhana Institute of Pharmacy, Dharmapuri",Jalna,Unaided,GNT2S,State Level,Any,13834,
2022-23,D Pharmacy,CAP Round I,02558,"Dnyansadhana Institute of Pharmacy, Dharmapuri",Jalna,Unaided,LNT2S,State Level,Ladies,18719,
2022-23,D Pharmacy,CAP Round I,02558,"Dnyansadhana Institute of Pharmacy, Dharmapuri",Jalna,Unaided,GOBCS,State Level,Any,38095,
2022-23,D Pharmacy,CAP Round I,02558,"Dnyansadhana Institute of Pharmacy, Dharmapuri",Jalna,Unaided,LOBCS,State Level,Ladies,39227,
2022-23,D Pharmacy,CAP Round I,02558,"Dnyansadhana Institute of Pharmacy, Dharmapuri",Jalna,Unaided,EWS,Special,Any,15053,
2022-23,D Pharmacy,CAP Round I,02558,"Dnyansadhana Institute of Pharmacy, Dharmapuri",Jalna,Unaided,TFWS,Special,Any,2718,
2022-23,D Pharmacy,CAP Round I,02559,"Kandhar College of Pharmacy, Kandhar",Nanded,Unaided,GOPENS,State Level,Any,12451,
2022-23,D Pharmacy,CAP Round I,02559,"Kandhar College of Pharmacy, Kandhar",Nanded,Unaided,LOPENS,State Level,Ladies,9128,
2022-23,D Pharmacy,CAP Round I,02559,"Kandhar College of Pharmacy, Kandhar",Nanded,Unaided,GSCS,State Level,Any,16577,
2022-23,D Pharmacy,CAP Round I,02559,"Kandhar College of Pharmacy, Kandhar",Nanded,Unaided,LSCS,State Level,Ladies,18205,
2022-23,D Pharmacy,CAP Round I,02559,"Kandhar College of Pharmacy, Kandhar",Nanded,Unaided,GSTS,State Level,Any,75098,
2022-23,D Pharmacy,CAP Round I,02559,"Kandhar College of Pharmacy, Kandhar",Nanded,Unaided,LSTS,State Level,Ladies,76324,
2022-23,D Pharmacy,CAP Round I,02559,"Kandhar College of Pharmacy, Kandhar",Nanded,Unaided,GVJS,State Level,Any,12465,
2022-23,D Pharmacy,CAP Round I,02559,"Kandhar College of Pharmacy, Kandhar",Nanded,Unaided,GNT1S,State Level,Any,17075,
2022-23,D Pharmacy,CAP Round I,02559,"Kandhar College of Pharmacy, Kandhar",Nanded,Unaided,GNT2S,State Level,Any,15402,
2022-23,D Pharmacy,CAP Round I,02559,"Kandhar College of Pharmacy, Kandhar",Nanded,Unaided,LNT2S,State Level,Ladies,16828,
2022-23,D Pharmacy,CAP Round I,02559,"Kandhar College of Pharmacy, Kandhar",Nanded,Unaided,GNT3S,State Level,Any,16806,
2022-23,D Pharmacy,CAP Round I,02559,"Kandhar College of Pharmacy, Kandhar",Nanded,Unaided,GOBCS,State Level,Any,26271,
2022-23,D Pharmacy,CAP Round I,02559,"Kandhar College of Pharmacy, Kandhar",Nanded,Unaided,LOBCS,State Level,Ladies,20347,
2022-23,D Pharmacy,CAP Round I,02559,"Kandhar College of Pharmacy, Kandhar",Nanded,Unaided,EWS,Special,Any,13963,
2022-23,D Pharmacy,CAP Round I,02559,"Kandhar College of Pharmacy, Kandhar",Nanded,Unaided,TFWS,Special,Any,8101,
2022-23,D Pharmacy,CAP Round I,02561,"Rajesh Bhaiyya Tope College of B Pharmacy, Nipani, Aurangbad",Chhatrapati Sambhajinagar,Unaided,GOPENS,State Level,Any,16279,
2022-23,D Pharmacy,CAP Round I,02561,"Rajesh Bhaiyya Tope College of B Pharmacy, Nipani, Aurangbad",Chhatrapati Sambhajinagar,Unaided,LOPENS,State Level,Ladies,15737,
2022-23,D Pharmacy,CAP Round I,02561,"Rajesh Bhaiyya Tope College of B Pharmacy, Nipani, Aurangbad",Chhatrapati Sambhajinagar,Unaided,GSCS,State Level,Any,34912,
2022-23,D Pharmacy,CAP Round I,02561,"Rajesh Bhaiyya Tope College of B Pharmacy, Nipani, Aurangbad",Chhatrapati Sambhajinagar,Unaided,LSCS,State Level,Ladies,34625,
2022-23,D Pharmacy,CAP Round I,02561,"Rajesh Bhaiyya Tope College of B Pharmacy, Nipani, Aurangbad",Chhatrapati Sambhajinagar,Unaided,GSTS,State Level,Any,48646,
2022-23,D Pharmacy,CAP Round I,02561,"Rajesh Bhaiyya Tope College of B Pharmacy, Nipani, Aurangbad",Chhatrapati Sambhajinagar,Unaided,LSTS,State Level,Ladies,42661,
2022-23,D Pharmacy,CAP Round I,02561,"Rajesh Bhaiyya Tope College of B Pharmacy, Nipani, Aurangbad",Chhatrapati Sambhajinagar,Unaided,GVJS,State Level,Any,18967,
2022-23,D Pharmacy,CAP Round I,02561,"Rajesh Bhaiyya Tope College of B Pharmacy, Nipani, Aurangbad",Chhatrapati Sambhajinagar,Unaided,LVJS,State Level,Ladies,19423,
2022-23,D Pharmacy,CAP Round I,02561,"Rajesh Bhaiyya Tope College of B Pharmacy, Nipani, Aurangbad",Chhatrapati Sambhajinagar,Unaided,GNT1S,State Level,Any,31549,
2022-23,D Pharmacy,CAP Round I,02561,"Rajesh Bhaiyya Tope College of B Pharmacy, Nipani, Aurangbad",Chhatrapati Sambhajinagar,Unaided,GNT2S,State Level,Any,19969,
2022-23,D Pharmacy,CAP Round I,02561,"Rajesh Bhaiyya Tope College of B Pharmacy, Nipani, Aurangbad",Chhatrapati Sambhajinagar,Unaided,LNT2S,State Level,Ladies,21927,
2022-23,D Pharmacy,CAP Round I,02561,"Rajesh Bhaiyya Tope College of B Pharmacy, Nipani, Aurangbad",Chhatrapati Sambhajinagar,Unaided,GNT3S,State Level,Any,16790,
2022-23,D Pharmacy,CAP Round I,02561,"Rajesh Bhaiyya Tope College of B Pharmacy, Nipani, Aurangbad",Chhatrapati Sambhajinagar,Unaided,GOBCS,State Level,Any,34055,
2022-23,D Pharmacy,CAP Round I,02561,"Rajesh Bhaiyya Tope College of B Pharmacy, Nipani, Aurangbad",Chhatrapati Sambhajinagar,Unaided,LOBCS,State Level,Ladies,34510,
2022-23,D Pharmacy,CAP Round I,02561,"Rajesh Bhaiyya Tope College of B Pharmacy, Nipani, Aurangbad",Chhatrapati Sambhajinagar,Unaided,EWS,Special,Any,17558,
2022-23,D Pharmacy,CAP Round I,02561,"Rajesh Bhaiyya Tope College of B Pharmacy, Nipani, Aurangbad",Chhatrapati Sambhajinagar,Unaided,TFWS,Special,Any,8910,
2022-23,D Pharmacy,CAP Round I,02563,"Shri Sai Janvikas Pratisthan's R.P. College of Pharmacy, Osmanabad",Dharashiv,Unaided,GOPENS,State Level,Any,19430,
2022-23,D Pharmacy,CAP Round I,02563,"Shri Sai Janvikas Pratisthan's R.P. College of Pharmacy, Osmanabad",Dharashiv,Unaided,LOPENS,State Level,Ladies,8919,
2022-23,D Pharmacy,CAP Round I,02563,"Shri Sai Janvikas Pratisthan's R.P. College of Pharmacy, Osmanabad",Dharashiv,Unaided,GSCS,State Level,Any,30277,
2022-23,D Pharmacy,CAP Round I,02563,"Shri Sai Janvikas Pratisthan's R.P. College of Pharmacy, Osmanabad",Dharashiv,Unaided,LSCS,State Level,Ladies,21997,
2022-23,D Pharmacy,CAP Round I,02563,"Shri Sai Janvikas Pratisthan's R.P. College of Pharmacy, Osmanabad",Dharashiv,Unaided,GSTS,State Level,Any,63402,
2022-23,D Pharmacy,CAP Round I,02563,"Shri Sai Janvikas Pratisthan's R.P. College of Pharmacy, Osmanabad",Dharashiv,Unaided,LSTS,State Level,Ladies,56932,
2022-23,D Pharmacy,CAP Round I,02563,"Shri Sai Janvikas Pratisthan's R.P. College of Pharmacy, Osmanabad",Dharashiv,Unaided,GVJS,State Level,Any,26750,
2022-23,D Pharmacy,CAP Round I,02563,"Shri Sai Janvikas Pratisthan's R.P. College of Pharmacy, Osmanabad",Dharashiv,Unaided,LNT1S,State Level,Ladies,40915,
2022-23,D Pharmacy,CAP Round I,02563,"Shri Sai Janvikas Pratisthan's R.P. College of Pharmacy, Osmanabad",Dharashiv,Unaided,GNT2S,State Level,Any,26684,
2022-23,D Pharmacy,CAP Round I,02563,"Shri Sai Janvikas Pratisthan's R.P. College of Pharmacy, Osmanabad",Dharashiv,Unaided,LNT2S,State Level,Ladies,26350,
2022-23,D Pharmacy,CAP Round I,02563,"Shri Sai Janvikas Pratisthan's R.P. College of Pharmacy, Osmanabad",Dharashiv,Unaided,LNT3S,State Level,Ladies,25091,
2022-23,D Pharmacy,CAP Round I,02563,"Shri Sai Janvikas Pratisthan's R.P. College of Pharmacy, Osmanabad",Dharashiv,Unaided,GOBCS,State Level,Any,42151,
2022-23,D Pharmacy,CAP Round I,02563,"Shri Sai Janvikas Pratisthan's R.P. College of Pharmacy, Osmanabad",Dharashiv,Unaided,LOBCS,State Level,Ladies,13512,
2022-23,D Pharmacy,CAP Round I,02563,"Shri Sai Janvikas Pratisthan's R.P. College of Pharmacy, Osmanabad",Dharashiv,Unaided,EWS,Special,Any,12156,
2022-23,D Pharmacy,CAP Round I,02563,"Shri Sai Janvikas Pratisthan's R.P. College of Pharmacy, Osmanabad",Dharashiv,Unaided,TFWS,Special,Any,4292,
2022-23,D Pharmacy,CAP Round I,02564,"Shri. Dhaneshwari Manav Vikas Mandal's S.V.P. College of Pharmacy, Hingoli",Hingoli,Unaided,GOPENS,State Level,Any,16214,
2022-23,D Pharmacy,CAP Round I,02564,"Shri. Dhaneshwari Manav Vikas Mandal's S.V.P. College of Pharmacy, Hingoli",Hingoli,Unaided,LOPENS,State Level,Ladies,15990,
2022-23,D Pharmacy,CAP Round I,02564,"Shri. Dhaneshwari Manav Vikas Mandal's S.V.P. College of Pharmacy, Hingoli",Hingoli,Unaided,GSCS,State Level,Any,26229,
2022-23,D Pharmacy,CAP Round I,02564,"Shri. Dhaneshwari Manav Vikas Mandal's S.V.P. College of Pharmacy, Hingoli",Hingoli,Unaided,LSCS,State Level,Ladies,23349,
2022-23,D Pharmacy,CAP Round I,02564,"Shri. Dhaneshwari Manav Vikas Mandal's S.V.P. College of Pharmacy, Hingoli",Hingoli,Unaided,GSTS,State Level,Any,71833,
2022-23,D Pharmacy,CAP Round I,02564,"Shri. Dhaneshwari Manav Vikas Mandal's S.V.P. College of Pharmacy, Hingoli",Hingoli,Unaided,LSTS,State Level,Ladies,68886,
2022-23,D Pharmacy,CAP Round I,02564,"Shri. Dhaneshwari Manav Vikas Mandal's S.V.P. College of Pharmacy, Hingoli",Hingoli,Unaided,GVJS,State Level,Any,20251,
2022-23,D Pharmacy,CAP Round I,02564,"Shri. Dhaneshwari Manav Vikas Mandal's S.V.P. College of Pharmacy, Hingoli",Hingoli,Unaided,LVJS,State Level,Ladies,18861,
2022-23,D Pharmacy,CAP Round I,02564,"Shri. Dhaneshwari Manav Vikas Mandal's S.V.P. College of Pharmacy, Hingoli",Hingoli,Unaided,GNT1S,State Level,Any,25565,
2022-23,D Pharmacy,CAP Round I,02564,"Shri. Dhaneshwari Manav Vikas Mandal's S.V.P. College of Pharmacy, Hingoli",Hingoli,Unaided,GNT2S,State Level,Any,19583,
2022-23,D Pharmacy,CAP Round I,02564,"Shri. Dhaneshwari Manav Vikas Mandal's S.V.P. College of Pharmacy, Hingoli",Hingoli,Unaided,GNT3S,State Level,Any,20800,
2022-23,D Pharmacy,CAP Round I,02564,"Shri. Dhaneshwari Manav Vikas Mandal's S.V.P. College of Pharmacy, Hingoli",Hingoli,Unaided,GOBCS,State Level,Any,24781,
2022-23,D Pharmacy,CAP Round I,02564,"Shri. Dhaneshwari Manav Vikas Mandal's S.V.P. College of Pharmacy, Hingoli",Hingoli,Unaided,LOBCS,State Level,Ladies,18378,
2022-23,D Pharmacy,CAP Round I,02564,"Shri. Dhaneshwari Manav Vikas Mandal's S.V.P. College of Pharmacy, Hingoli",Hingoli,Unaided,PWDOPENS,State Level,Any,61392,
2022-23,D Pharmacy,CAP Round I,02564,"Shri. Dhaneshwari Manav Vikas Mandal's S.V.P. College of Pharmacy, Hingoli",Hingoli,Unaided,EWS,Special,Any,15795,
2022-23,D Pharmacy,CAP Round I,02564,"Shri. Dhaneshwari Manav Vikas Mandal's S.V.P. College of Pharmacy, Hingoli",Hingoli,Unaided,TFWS,Special,Any,9729,
2022-23,D Pharmacy,CAP Round I,02565,"Usha Dwarkadas Pathrikar Institute of Pharmacy, Dongargaon Kawad",Gondia,Unaided,GOPENS,State Level,Any,12728,
2022-23,D Pharmacy,CAP Round I,02565,"Usha Dwarkadas Pathrikar Institute of Pharmacy, Dongargaon Kawad",Gondia,Unaided,LOPENS,State Level,Ladies,10442,
2022-23,D Pharmacy,CAP Round I,02565,"Usha Dwarkadas Pathrikar Institute of Pharmacy, Dongargaon Kawad",Gondia,Unaided,GSCS,State Level,Any,35933,
2022-23,D Pharmacy,CAP Round I,02565,"Usha Dwarkadas Pathrikar Institute of Pharmacy, Dongargaon Kawad",Gondia,Unaided,LSCS,State Level,Ladies,29006,
2022-23,D Pharmacy,CAP Round I,02565,"Usha Dwarkadas Pathrikar Institute of Pharmacy, Dongargaon Kawad",Gondia,Unaided,LSTS,State Level,Ladies,72719,
2022-23,D Pharmacy,CAP Round I,02565,"Usha Dwarkadas Pathrikar Institute of Pharmacy, Dongargaon Kawad",Gondia,Unaided,GVJS,State Level,Any,23835,
2022-23,D Pharmacy,CAP Round I,02565,"Usha Dwarkadas Pathrikar Institute of Pharmacy, Dongargaon Kawad",Gondia,Unaided,GNT1S,State Level,Any,20204,
2022-23,D Pharmacy,CAP Round I,02565,"Usha Dwarkadas Pathrikar Institute of Pharmacy, Dongargaon Kawad",Gondia,Unaided,LNT1S,State Level,Ladies,22023,
2022-23,D Pharmacy,CAP Round I,02565,"Usha Dwarkadas Pathrikar Institute of Pharmacy, Dongargaon Kawad",Gondia,Unaided,GNT2S,State Level,Any,18232,
2022-23,D Pharmacy,CAP Round I,02565,"Usha Dwarkadas Pathrikar Institute of Pharmacy, Dongargaon Kawad",Gondia,Unaided,GNT3S,State Level,Any,18241,
2022-23,D Pharmacy,CAP Round I,02565,"Usha Dwarkadas Pathrikar Institute of Pharmacy, Dongargaon Kawad",Gondia,Unaided,GOBCS,State Level,Any,21664,
2022-23,D Pharmacy,CAP Round I,02565,"Usha Dwarkadas Pathrikar Institute of Pharmacy, Dongargaon Kawad",Gondia,Unaided,LOBCS,State Level,Ladies,18930,
2022-23,D Pharmacy,CAP Round I,02565,"Usha Dwarkadas Pathrikar Institute of Pharmacy, Dongargaon Kawad",Gondia,Unaided,PWDOPENS,State Level,Any,22261,
2022-23,D Pharmacy,CAP Round I,02565,"Usha Dwarkadas Pathrikar Institute of Pharmacy, Dongargaon Kawad",Gondia,Unaided,EWS,Special,Any,9063,
2022-23,D Pharmacy,CAP Round I,02565,"Usha Dwarkadas Pathrikar Institute of Pharmacy, Dongargaon Kawad",Gondia,Unaided,TFWS,Special,Any,5451,
2022-23,D Pharmacy,CAP Round I,02566,"Matoshri Institute of Pharmacy, Vaijapur",Chhatrapati Sambhajinagar,Unaided,GOPENS,State Level,Any,20076,
2022-23,D Pharmacy,CAP Round I,02566,"Matoshri Institute of Pharmacy, Vaijapur",Chhatrapati Sambhajinagar,Unaided,LOPENS,State Level,Ladies,15920,
2022-23,D Pharmacy,CAP Round I,02566,"Matoshri Institute of Pharmacy, Vaijapur",Chhatrapati Sambhajinagar,Unaided,GSCS,State Level,Any,44689,
2022-23,D Pharmacy,CAP Round I,02566,"Matoshri Institute of Pharmacy, Vaijapur",Chhatrapati Sambhajinagar,Unaided,LSCS,State Level,Ladies,34206,
2022-23,D Pharmacy,CAP Round I,02566,"Matoshri Institute of Pharmacy, Vaijapur",Chhatrapati Sambhajinagar,Unaided,GSTS,State Level,Any,70735,
2022-23,D Pharmacy,CAP Round I,02566,"Matoshri Institute of Pharmacy, Vaijapur",Chhatrapati Sambhajinagar,Unaided,LSTS,State Level,Ladies,51041,
2022-23,D Pharmacy,CAP Round I,02566,"Matoshri Institute of Pharmacy, Vaijapur",Chhatrapati Sambhajinagar,Unaided,GVJS,State Level,Any,24019,
2022-23,D Pharmacy,CAP Round I,02566,"Matoshri Institute of Pharmacy, Vaijapur",Chhatrapati Sambhajinagar,Unaided,GNT1S,State Level,Any,37363,
2022-23,D Pharmacy,CAP Round I,02566,"Matoshri Institute of Pharmacy, Vaijapur",Chhatrapati Sambhajinagar,Unaided,GNT2S,State Level,Any,23474,
2022-23,D Pharmacy,CAP Round I,02566,"Matoshri Institute of Pharmacy, Vaijapur",Chhatrapati Sambhajinagar,Unaided,LNT3S,State Level,Ladies,28097,
2022-23,D Pharmacy,CAP Round I,02566,"Matoshri Institute of Pharmacy, Vaijapur",Chhatrapati Sambhajinagar,Unaided,GOBCS,State Level,Any,39380,
2022-23,D Pharmacy,CAP Round I,02566,"Matoshri Institute of Pharmacy, Vaijapur",Chhatrapati Sambhajinagar,Unaided,LOBCS,State Level,Ladies,41942,
2022-23,D Pharmacy,CAP Round I,02566,"Matoshri Institute of Pharmacy, Vaijapur",Chhatrapati Sambhajinagar,Unaided,EWS,Special,Any,14220,
2022-23,D Pharmacy,CAP Round I,02566,"Matoshri Institute of Pharmacy, Vaijapur",Chhatrapati Sambhajinagar,Unaided,TFWS,Special,Any,5420,
2022-23,D Pharmacy,CAP Round I,02567,"Yashodeep Institute of Pharmacy, Pimpalgaon Pandhari, Aurangabad.",Chhatrapati Sambhajinagar,Unaided,GOPENS,State Level,Any,18066,
2022-23,D Pharmacy,CAP Round I,02567,"Yashodeep Institute of Pharmacy, Pimpalgaon Pandhari, Aurangabad.",Chhatrapati Sambhajinagar,Unaided,LOPENS,State Level,Ladies,12639,
2022-23,D Pharmacy,CAP Round I,02567,"Yashodeep Institute of Pharmacy, Pimpalgaon Pandhari, Aurangabad.",Chhatrapati Sambhajinagar,Unaided,GSCS,State Level,Any,40179,
2022-23,D Pharmacy,CAP Round I,02567,"Yashodeep Institute of Pharmacy, Pimpalgaon Pandhari, Aurangabad.",Chhatrapati Sambhajinagar,Unaided,LSCS,State Level,Ladies,38993,
2022-23,D Pharmacy,CAP Round I,02567,"Yashodeep Institute of Pharmacy, Pimpalgaon Pandhari, Aurangabad.",Chhatrapati Sambhajinagar,Unaided,GSTS,State Level,Any,51843,
2022-23,D Pharmacy,CAP Round I,02567,"Yashodeep Institute of Pharmacy, Pimpalgaon Pandhari, Aurangabad.",Chhatrapati Sambhajinagar,Unaided,GVJS,State Level,Any,19208,
2022-23,D Pharmacy,CAP Round I,02567,"Yashodeep Institute of Pharmacy, Pimpalgaon Pandhari, Aurangabad.",Chhatrapati Sambhajinagar,Unaided,LVJS,State Level,Ladies,20648,
2022-23,D Pharmacy,CAP Round I,02567,"Yashodeep Institute of Pharmacy, Pimpalgaon Pandhari, Aurangabad.",Chhatrapati Sambhajinagar,Unaided,GNT1S,State Level,Any,42479,
2022-23,D Pharmacy,CAP Round I,02567,"Yashodeep Institute of Pharmacy, Pimpalgaon Pandhari, Aurangabad.",Chhatrapati Sambhajinagar,Unaided,GNT2S,State Level,Any,23515,
2022-23,D Pharmacy,CAP Round I,02567,"Yashodeep Institute of Pharmacy, Pimpalgaon Pandhari, Aurangabad.",Chhatrapati Sambhajinagar,Unaided,LNT2S,State Level,Ladies,18333,
2022-23,D Pharmacy,CAP Round I,02567,"Yashodeep Institute of Pharmacy, Pimpalgaon Pandhari, Aurangabad.",Chhatrapati Sambhajinagar,Unaided,GNT3S,State Level,Any,18421,
2022-23,D Pharmacy,CAP Round I,02567,"Yashodeep Institute of Pharmacy, Pimpalgaon Pandhari, Aurangabad.",Chhatrapati Sambhajinagar,Unaided,LNT3S,State Level,Ladies,23730,
2022-23,D Pharmacy,CAP Round I,02567,"Yashodeep Institute of Pharmacy, Pimpalgaon Pandhari, Aurangabad.",Chhatrapati Sambhajinagar,Unaided,GOBCS,State Level,Any,38190,
2022-23,D Pharmacy,CAP Round I,02567,"Yashodeep Institute of Pharmacy, Pimpalgaon Pandhari, Aurangabad.",Chhatrapati Sambhajinagar,Unaided,LOBCS,State Level,Ladies,26479,
2022-23,D Pharmacy,CAP Round I,02567,"Yashodeep Institute of Pharmacy, Pimpalgaon Pandhari, Aurangabad.",Chhatrapati Sambhajinagar,Unaided,EWS,Special,Any,18461,
2022-23,D Pharmacy,CAP Round I,02567,"Yashodeep Institute of Pharmacy, Pimpalgaon Pandhari, Aurangabad.",Chhatrapati Sambhajinagar,Unaided,TFWS,Special,Any,11758,
2022-23,D Pharmacy,CAP Round I,02567,"Yashodeep Institute of Pharmacy, Pimpalgaon Pandhari, Aurangabad.",Chhatrapati Sambhajinagar,Unaided,LSTS,State Level,Ladies,64160,
2022-23,D Pharmacy,CAP Round I,02568,"Shreeyash Institute of Pharmacy, Aurangabad",Chhatrapati Sambhajinagar,Unaided,GOPENS,State Level,Any,9988,
2022-23,D Pharmacy,CAP Round I,02568,"Shreeyash Institute of Pharmacy, Aurangabad",Chhatrapati Sambhajinagar,Unaided,LOPENS,State Level,Ladies,6809,
2022-23,D Pharmacy,CAP Round I,02568,"Shreeyash Institute of Pharmacy, Aurangabad",Chhatrapati Sambhajinagar,Unaided,GSCS,State Level,Any,16603,
2022-23,D Pharmacy,CAP Round I,02568,"Shreeyash Institute of Pharmacy, Aurangabad",Chhatrapati Sambhajinagar,Unaided,LSCS,State Level,Ladies,10386,
2022-23,D Pharmacy,CAP Round I,02568,"Shreeyash Institute of Pharmacy, Aurangabad",Chhatrapati Sambhajinagar,Unaided,GSTS,State Level,Any,34989,
2022-23,D Pharmacy,CAP Round I,02568,"Shreeyash Institute of Pharmacy, Aurangabad",Chhatrapati Sambhajinagar,Unaided,LSTS,State Level,Ladies,33727,
2022-23,D Pharmacy,CAP Round I,02568,"Shreeyash Institute of Pharmacy, Aurangabad",Chhatrapati Sambhajinagar,Unaided,GVJS,State Level,Any,12691,
2022-23,D Pharmacy,CAP Round I,02568,"Shreeyash Institute of Pharmacy, Aurangabad",Chhatrapati Sambhajinagar,Unaided,LVJS,State Level,Ladies,9164,
2022-23,D Pharmacy,CAP Round I,02568,"Shreeyash Institute of Pharmacy, Aurangabad",Chhatrapati Sambhajinagar,Unaided,GNT1S,State Level,Any,14858,
2022-23,D Pharmacy,CAP Round I,02568,"Shreeyash Institute of Pharmacy, Aurangabad",Chhatrapati Sambhajinagar,Unaided,LNT1S,State Level,Ladies,23312,
2022-23,D Pharmacy,CAP Round I,02568,"Shreeyash Institute of Pharmacy, Aurangabad",Chhatrapati Sambhajinagar,Unaided,GNT2S,State Level,Any,10469,
2022-23,D Pharmacy,CAP Round I,02568,"Shreeyash Institute of Pharmacy, Aurangabad",Chhatrapati Sambhajinagar,Unaided,LNT2S,State Level,Ladies,7495,
2022-23,D Pharmacy,CAP Round I,02568,"Shreeyash Institute of Pharmacy, Aurangabad",Chhatrapati Sambhajinagar,Unaided,GNT3S,State Level,Any,12747,
2022-23,D Pharmacy,CAP Round I,02568,"Shreeyash Institute of Pharmacy, Aurangabad",Chhatrapati Sambhajinagar,Unaided,GOBCS,State Level,Any,18436,
2022-23,D Pharmacy,CAP Round I,02568,"Shreeyash Institute of Pharmacy, Aurangabad",Chhatrapati Sambhajinagar,Unaided,LOBCS,State Level,Ladies,12927,
2022-23,D Pharmacy,CAP Round I,02568,"Shreeyash Institute of Pharmacy, Aurangabad",Chhatrapati Sambhajinagar,Unaided,PWDOPENS,State Level,Any,60726,
2022-23,D Pharmacy,CAP Round I,02568,"Shreeyash Institute of Pharmacy, Aurangabad",Chhatrapati Sambhajinagar,Unaided,DEFOPENS,State Level,Any,33194,
2022-23,D Pharmacy,CAP Round I,02568,"Shreeyash Institute of Pharmacy, Aurangabad",Chhatrapati Sambhajinagar,Unaided,ORPHAN,Special,Any,77099,
2022-23,D Pharmacy,CAP Round I,02568,"Shreeyash Institute of Pharmacy, Aurangabad",Chhatrapati Sambhajinagar,Unaided,EWS,Special,Any,9837,
2022-23,D Pharmacy,CAP Round I,02568,"Shreeyash Institute of Pharmacy, Aurangabad",Chhatrapati Sambhajinagar,Unaided,TFWS,Special,Any,4396,
2022-23,D Pharmacy,CAP Round I,02572,"Shreeyash Institute of Pharmaceutical Education & Research, Aurangabad",Chhatrapati Sambhajinagar,Unaided,GOPENS,State Level,Any,14199,
2022-23,D Pharmacy,CAP Round I,02572,"Shreeyash Institute of Pharmaceutical Education & Research, Aurangabad",Chhatrapati Sambhajinagar,Unaided,LOPENS,State Level,Ladies,10434,
2022-23,D Pharmacy,CAP Round I,02572,"Shreeyash Institute of Pharmaceutical Education & Research, Aurangabad",Chhatrapati Sambhajinagar,Unaided,GSCS,State Level,Any,23364,
2022-23,D Pharmacy,CAP Round I,02572,"Shreeyash Institute of Pharmaceutical Education & Research, Aurangabad",Chhatrapati Sambhajinagar,Unaided,LSCS,State Level,Ladies,26270,
2022-23,D Pharmacy,CAP Round I,02572,"Shreeyash Institute of Pharmaceutical Education & Research, Aurangabad",Chhatrapati Sambhajinagar,Unaided,GSTS,State Level,Any,36645,
2022-23,D Pharmacy,CAP Round I,02572,"Shreeyash Institute of Pharmaceutical Education & Research, Aurangabad",Chhatrapati Sambhajinagar,Unaided,LSTS,State Level,Ladies,25085,
2022-23,D Pharmacy,CAP Round I,02572,"Shreeyash Institute of Pharmaceutical Education & Research, Aurangabad",Chhatrapati Sambhajinagar,Unaided,GVJS,State Level,Any,18231,
2022-23,D Pharmacy,CAP Round I,02572,"Shreeyash Institute of Pharmaceutical Education & Research, Aurangabad",Chhatrapati Sambhajinagar,Unaided,GNT1S,State Level,Any,25103,
2022-23,D Pharmacy,CAP Round I,02572,"Shreeyash Institute of Pharmaceutical Education & Research, Aurangabad",Chhatrapati Sambhajinagar,Unaided,GNT2S,State Level,Any,16067,
2022-23,D Pharmacy,CAP Round I,02572,"Shreeyash Institute of Pharmaceutical Education & Research, Aurangabad",Chhatrapati Sambhajinagar,Unaided,GNT3S,State Level,Any,17187,
2022-23,D Pharmacy,CAP Round I,02572,"Shreeyash Institute of Pharmaceutical Education & Research, Aurangabad",Chhatrapati Sambhajinagar,Unaided,GOBCS,State Level,Any,25420,
2022-23,D Pharmacy,CAP Round I,02572,"Shreeyash Institute of Pharmaceutical Education & Research, Aurangabad",Chhatrapati Sambhajinagar,Unaided,LOBCS,State Level,Ladies,21148,
2022-23,D Pharmacy,CAP Round I,02572,"Shreeyash Institute of Pharmaceutical Education & Research, Aurangabad",Chhatrapati Sambhajinagar,Unaided,PWDOPENS,State Level,Any,54540,
2022-23,D Pharmacy,CAP Round I,02572,"Shreeyash Institute of Pharmaceutical Education & Research, Aurangabad",Chhatrapati Sambhajinagar,Unaided,EWS,Special,Any,12915,
2022-23,D Pharmacy,CAP Round I,02572,"Shreeyash Institute of Pharmaceutical Education & Research, Aurangabad",Chhatrapati Sambhajinagar,Unaided,TFWS,Special,Any,4599,
2022-23,D Pharmacy,CAP Round I,02575,"Gurukrupa Sevabhavi Sanstha's Gurukrupa Institute of Pharmacy(B.Pharm), Majalegaon, Beed",Beed,Unaided,GOPENS,State Level,Any,23280,
2022-23,D Pharmacy,CAP Round I,02575,"Gurukrupa Sevabhavi Sanstha's Gurukrupa Institute of Pharmacy(B.Pharm), Majalegaon, Beed",Beed,Unaided,LOPENS,State Level,Ladies,23678,
2022-23,D Pharmacy,CAP Round I,02575,"Gurukrupa Sevabhavi Sanstha's Gurukrupa Institute of Pharmacy(B.Pharm), Majalegaon, Beed",Beed,Unaided,GSCS,State Level,Any,53022,
2022-23,D Pharmacy,CAP Round I,02575,"Gurukrupa Sevabhavi Sanstha's Gurukrupa Institute of Pharmacy(B.Pharm), Majalegaon, Beed",Beed,Unaided,LSCS,State Level,Ladies,36758,
2022-23,D Pharmacy,CAP Round I,02575,"Gurukrupa Sevabhavi Sanstha's Gurukrupa Institute of Pharmacy(B.Pharm), Majalegaon, Beed",Beed,Unaided,GVJS,State Level,Any,26729,
2022-23,D Pharmacy,CAP Round I,02575,"Gurukrupa Sevabhavi Sanstha's Gurukrupa Institute of Pharmacy(B.Pharm), Majalegaon, Beed",Beed,Unaided,LVJS,State Level,Ladies,32111,
2022-23,D Pharmacy,CAP Round I,02575,"Gurukrupa Sevabhavi Sanstha's Gurukrupa Institute of Pharmacy(B.Pharm), Majalegaon, Beed",Beed,Unaided,GNT1S,State Level,Any,38776,
2022-23,D Pharmacy,CAP Round I,02575,"Gurukrupa Sevabhavi Sanstha's Gurukrupa Institute of Pharmacy(B.Pharm), Majalegaon, Beed",Beed,Unaided,GNT2S,State Level,Any,23376,
2022-23,D Pharmacy,CAP Round I,02575,"Gurukrupa Sevabhavi Sanstha's Gurukrupa Institute of Pharmacy(B.Pharm), Majalegaon, Beed",Beed,Unaided,LNT2S,State Level,Ladies,24705,
2022-23,D Pharmacy,CAP Round I,02575,"Gurukrupa Sevabhavi Sanstha's Gurukrupa Institute of Pharmacy(B.Pharm), Majalegaon, Beed",Beed,Unaided,GNT3S,State Level,Any,24452,
2022-23,D Pharmacy,CAP Round I,02575,"Gurukrupa Sevabhavi Sanstha's Gurukrupa Institute of Pharmacy(B.Pharm), Majalegaon, Beed",Beed,Unaided,GOBCS,State Level,Any,52517,
2022-23,D Pharmacy,CAP Round I,02575,"Gurukrupa Sevabhavi Sanstha's Gurukrupa Institute of Pharmacy(B.Pharm), Majalegaon, Beed",Beed,Unaided,LOBCS,State Level,Ladies,52173,
2022-23,D Pharmacy,CAP Round I,02575,"Gurukrupa Sevabhavi Sanstha's Gurukrupa Institute of Pharmacy(B.Pharm), Majalegaon, Beed",Beed,Unaided,EWS,Special,Any,26046,
2022-23,D Pharmacy,CAP Round I,02575,"Gurukrupa Sevabhavi Sanstha's Gurukrupa Institute of Pharmacy(B.Pharm), Majalegaon, Beed",Beed,Unaided,TFWS,Special,Any,10723,
2022-23,D Pharmacy,CAP Round I,02576,"VSS Institute of Pharmacy, Badnapur",Jalna,Unaided,GOPENS,State Level,Any,13201,
2022-23,D Pharmacy,CAP Round I,02576,"VSS Institute of Pharmacy, Badnapur",Jalna,Unaided,LOPENS,State Level,Ladies,6591,
2022-23,D Pharmacy,CAP Round I,02576,"VSS Institute of Pharmacy, Badnapur",Jalna,Unaided,GSCS,State Level,Any,30601,
2022-23,D Pharmacy,CAP Round I,02576,"VSS Institute of Pharmacy, Badnapur",Jalna,Unaided,LSCS,State Level,Ladies,22681,
2022-23,D Pharmacy,CAP Round I,02576,"VSS Institute of Pharmacy, Badnapur",Jalna,Unaided,GVJS,State Level,Any,16378,
2022-23,D Pharmacy,CAP Round I,02576,"VSS Institute of Pharmacy, Badnapur",Jalna,Unaided,GNT1S,State Level,Any,28545,
2022-23,D Pharmacy,CAP Round I,02576,"VSS Institute of Pharmacy, Badnapur",Jalna,Unaided,GNT2S,State Level,Any,16299,
2022-23,D Pharmacy,CAP Round I,02576,"VSS Institute of Pharmacy, Badnapur",Jalna,Unaided,LNT2S,State Level,Ladies,17941,
2022-23,D Pharmacy,CAP Round I,02576,"VSS Institute of Pharmacy, Badnapur",Jalna,Unaided,GNT3S,State Level,Any,13798,
2022-23,D Pharmacy,CAP Round I,02576,"VSS Institute of Pharmacy, Badnapur",Jalna,Unaided,GOBCS,State Level,Any,28136,
2022-23,D Pharmacy,CAP Round I,02576,"VSS Institute of Pharmacy, Badnapur",Jalna,Unaided,LOBCS,State Level,Ladies,26821,
2022-23,D Pharmacy,CAP Round I,02576,"VSS Institute of Pharmacy, Badnapur",Jalna,Unaided,PWDOPENS,State Level,Any,36798,
2022-23,D Pharmacy,CAP Round I,02576,"VSS Institute of Pharmacy, Badnapur",Jalna,Unaided,EWS,Special,Any,11311,
2022-23,D Pharmacy,CAP Round I,02576,"VSS Institute of Pharmacy, Badnapur",Jalna,Unaided,TFWS,Special,Any,4465,
2022-23,D Pharmacy,CAP Round I,02577,"Dayanand Education Society's Dayanand Institute of Pharmacy, Latur",Latur,Unaided,GOPENS,State Level,Any,13219,
2022-23,D Pharmacy,CAP Round I,02577,"Dayanand Education Society's Dayanand Institute of Pharmacy, Latur",Latur,Unaided,LOPENS,State Level,Ladies,9482,
2022-23,D Pharmacy,CAP Round I,02577,"Dayanand Education Society's Dayanand Institute of Pharmacy, Latur",Latur,Unaided,GSCS,State Level,Any,23962,
2022-23,D Pharmacy,CAP Round I,02577,"Dayanand Education Society's Dayanand Institute of Pharmacy, Latur",Latur,Unaided,LSCS,State Level,Ladies,16518,
2022-23,D Pharmacy,CAP Round I,02577,"Dayanand Education Society's Dayanand Institute of Pharmacy, Latur",Latur,Unaided,GVJS,State Level,Any,13769,
2022-23,D Pharmacy,CAP Round I,02577,"Dayanand Education Society's Dayanand Institute of Pharmacy, Latur",Latur,Unaided,LVJS,State Level,Ladies,13751,
2022-23,D Pharmacy,CAP Round I,02577,"Dayanand Education Society's Dayanand Institute of Pharmacy, Latur",Latur,Unaided,GNT1S,State Level,Any,29957,
2022-23,D Pharmacy,CAP Round I,02577,"Dayanand Education Society's Dayanand Institute of Pharmacy, Latur",Latur,Unaided,LNT1S,State Level,Ladies,34887,
2022-23,D Pharmacy,CAP Round I,02577,"Dayanand Education Society's Dayanand Institute of Pharmacy, Latur",Latur,Unaided,GNT2S,State Level,Any,15023,
2022-23,D Pharmacy,CAP Round I,02577,"Dayanand Education Society's Dayanand Institute of Pharmacy, Latur",Latur,Unaided,LNT3S,State Level,Ladies,11265,
2022-23,D Pharmacy,CAP Round I,02577,"Dayanand Education Society's Dayanand Institute of Pharmacy, Latur",Latur,Unaided,GOBCS,State Level,Any,34678,
2022-23,D Pharmacy,CAP Round I,02577,"Dayanand Education Society's Dayanand Institute of Pharmacy, Latur",Latur,Unaided,LOBCS,State Level,Ladies,31576,
2022-23,D Pharmacy,CAP Round I,02577,"Dayanand Education Society's Dayanand Institute of Pharmacy, Latur",Latur,Unaided,EWS,Special,Any,10951,
2022-23,D Pharmacy,CAP Round I,02577,"Dayanand Education Society's Dayanand Institute of Pharmacy, Latur",Latur,Unaided,TFWS,Special,Any,3085,
2022-23,D Pharmacy,CAP Round I,02578,"Godavari Institute of Pharmacy, Kolpa, Tal. & Dist. Latur",Latur,Unaided,GOPENS,State Level,Any,26797,
2022-23,D Pharmacy,CAP Round I,02578,"Godavari Institute of Pharmacy, Kolpa, Tal. & Dist. Latur",Latur,Unaided,LOPENS,State Level,Ladies,26469,
2022-23,D Pharmacy,CAP Round I,02578,"Godavari Institute of Pharmacy, Kolpa, Tal. & Dist. Latur",Latur,Unaided,GSCS,State Level,Any,43040,
2022-23,D Pharmacy,CAP Round I,02578,"Godavari Institute of Pharmacy, Kolpa, Tal. & Dist. Latur",Latur,Unaided,LSCS,State Level,Ladies,38901,
2022-23,D Pharmacy,CAP Round I,02578,"Godavari Institute of Pharmacy, Kolpa, Tal. & Dist. Latur",Latur,Unaided,GVJS,State Level,Any,30450,
2022-23,D Pharmacy,CAP Round I,02578,"Godavari Institute of Pharmacy, Kolpa, Tal. & Dist. Latur",Latur,Unaided,LNT1S,State Level,Ladies,48812,
2022-23,D Pharmacy,CAP Round I,02578,"Godavari Institute of Pharmacy, Kolpa, Tal. & Dist. Latur",Latur,Unaided,GNT2S,State Level,Any,28158,
2022-23,D Pharmacy,CAP Round I,02578,"Godavari Institute of Pharmacy, Kolpa, Tal. & Dist. Latur",Latur,Unaided,GNT3S,State Level,Any,28277,
2022-23,D Pharmacy,CAP Round I,02578,"Godavari Institute of Pharmacy, Kolpa, Tal. & Dist. Latur",Latur,Unaided,GOBCS,State Level,Any,54113,
2022-23,D Pharmacy,CAP Round I,02578,"Godavari Institute of Pharmacy, Kolpa, Tal. & Dist. Latur",Latur,Unaided,LOBCS,State Level,Ladies,53694,
2022-23,D Pharmacy,CAP Round I,02578,"Godavari Institute of Pharmacy, Kolpa, Tal. & Dist. Latur",Latur,Unaided,EWS,Special,Any,25602,
2022-23,D Pharmacy,CAP Round I,02578,"Godavari Institute of Pharmacy, Kolpa, Tal. & Dist. Latur",Latur,Unaided,TFWS,Special,Any,11566,
2022-23,D Pharmacy,CAP Round I,02579,"D.K. Patil Institute of Pharmacy, Loha, Nanded",Nanded,Unaided,GOPENS,State Level,Any,14203,
2022-23,D Pharmacy,CAP Round I,02579,"D.K. Patil Institute of Pharmacy, Loha, Nanded",Nanded,Unaided,LOPENS,State Level,Ladies,9826,
2022-23,D Pharmacy,CAP Round I,02579,"D.K. Patil Institute of Pharmacy, Loha, Nanded",Nanded,Unaided,GSCS,State Level,Any,17044,
2022-23,D Pharmacy,CAP Round I,02579,"D.K. Patil Institute of Pharmacy, Loha, Nanded",Nanded,Unaided,LSCS,State Level,Ladies,17751,
2022-23,D Pharmacy,CAP Round I,02579,"D.K. Patil Institute of Pharmacy, Loha, Nanded",Nanded,Unaided,GSTS,State Level,Any,64959,
2022-23,D Pharmacy,CAP Round I,02579,"D.K. Patil Institute of Pharmacy, Loha, Nanded",Nanded,Unaided,LSTS,State Level,Ladies,43145,
2022-23,D Pharmacy,CAP Round I,02579,"D.K. Patil Institute of Pharmacy, Loha, Nanded",Nanded,Unaided,GVJS,State Level,Any,16606,
2022-23,D Pharmacy,CAP Round I,02579,"D.K. Patil Institute of Pharmacy, Loha, Nanded",Nanded,Unaided,LVJS,State Level,Ladies,12432,
2022-23,D Pharmacy,CAP Round I,02579,"D.K. Patil Institute of Pharmacy, Loha, Nanded",Nanded,Unaided,LNT1S,State Level,Ladies,17255,
2022-23,D Pharmacy,CAP Round I,02579,"D.K. Patil Institute of Pharmacy, Loha, Nanded",Nanded,Unaided,GNT2S,State Level,Any,14667,
2022-23,D Pharmacy,CAP Round I,02579,"D.K. Patil Institute of Pharmacy, Loha, Nanded",Nanded,Unaided,LNT2S,State Level,Ladies,25037,
2022-23,D Pharmacy,CAP Round I,02579,"D.K. Patil Institute of Pharmacy, Loha, Nanded",Nanded,Unaided,GNT3S,State Level,Any,19701,
2022-23,D Pharmacy,CAP Round I,02579,"D.K. Patil Institute of Pharmacy, Loha, Nanded",Nanded,Unaided,GOBCS,State Level,Any,28019,
2022-23,D Pharmacy,CAP Round I,02579,"D.K. Patil Institute of Pharmacy, Loha, Nanded",Nanded,Unaided,LOBCS,State Level,Ladies,17208,
2022-23,D Pharmacy,CAP Round I,02579,"D.K. Patil Institute of Pharmacy, Loha, Nanded",Nanded,Unaided,EWS,Special,Any,12935,
2022-23,D Pharmacy,CAP Round I,02579,"D.K. Patil Institute of Pharmacy, Loha, Nanded",Nanded,Unaided,TFWS,Special,Any,8226,
2022-23,D Pharmacy,CAP Round I,02580,"Shri.Ramkrishna Paramhans college of Pharmacy, (D.Pharm), Hasnapur, Parbhani",Parbhani,Unaided,GOPENS,State Level,Any,20870,
2022-23,D Pharmacy,CAP Round I,02580,"Shri.Ramkrishna Paramhans college of Pharmacy, (D.Pharm), Hasnapur, Parbhani",Parbhani,Unaided,LOPENS,State Level,Ladies,18837,
2022-23,D Pharmacy,CAP Round I,02580,"Shri.Ramkrishna Paramhans college of Pharmacy, (D.Pharm), Hasnapur, Parbhani",Parbhani,Unaided,GSCS,State Level,Any,43235,
2022-23,D Pharmacy,CAP Round I,02580,"Shri.Ramkrishna Paramhans college of Pharmacy, (D.Pharm), Hasnapur, Parbhani",Parbhani,Unaided,LSCS,State Level,Ladies,41612,
2022-23,D Pharmacy,CAP Round I,02580,"Shri.Ramkrishna Paramhans college of Pharmacy, (D.Pharm), Hasnapur, Parbhani",Parbhani,Unaided,GSTS,State Level,Any,60173,
2022-23,D Pharmacy,CAP Round I,02580,"Shri.Ramkrishna Paramhans college of Pharmacy, (D.Pharm), Hasnapur, Parbhani",Parbhani,Unaided,LSTS,State Level,Ladies,52610,
2022-23,D Pharmacy,CAP Round I,02580,"Shri.Ramkrishna Paramhans college of Pharmacy, (D.Pharm), Hasnapur, Parbhani",Parbhani,Unaided,GVJS,State Level,Any,23893,
2022-23,D Pharmacy,CAP Round I,02580,"Shri.Ramkrishna Paramhans college of Pharmacy, (D.Pharm), Hasnapur, Parbhani",Parbhani,Unaided,GNT1S,State Level,Any,51534,
2022-23,D Pharmacy,CAP Round I,02580,"Shri.Ramkrishna Paramhans college of Pharmacy, (D.Pharm), Hasnapur, Parbhani",Parbhani,Unaided,LNT1S,State Level,Ladies,58404,
2022-23,D Pharmacy,CAP Round I,02580,"Shri.Ramkrishna Paramhans college of Pharmacy, (D.Pharm), Hasnapur, Parbhani",Parbhani,Unaided,GNT2S,State Level,Any,26660,
2022-23,D Pharmacy,CAP Round I,02580,"Shri.Ramkrishna Paramhans college of Pharmacy, (D.Pharm), Hasnapur, Parbhani",Parbhani,Unaided,LNT3S,State Level,Ladies,29236,
2022-23,D Pharmacy,CAP Round I,02580,"Shri.Ramkrishna Paramhans college of Pharmacy, (D.Pharm), Hasnapur, Parbhani",Parbhani,Unaided,GOBCS,State Level,Any,44166,
2022-23,D Pharmacy,CAP Round I,02580,"Shri.Ramkrishna Paramhans college of Pharmacy, (D.Pharm), Hasnapur, Parbhani",Parbhani,Unaided,LOBCS,State Level,Ladies,44872,
2022-23,D Pharmacy,CAP Round I,02580,"Shri.Ramkrishna Paramhans college of Pharmacy, (D.Pharm), Hasnapur, Parbhani",Parbhani,Unaided,PWDOPENS,State Level,Any,68744,
2022-23,D Pharmacy,CAP Round I,02580,"Shri.Ramkrishna Paramhans college of Pharmacy, (D.Pharm), Hasnapur, Parbhani",Parbhani,Unaided,EWS,Special,Any,18005,
2022-23,D Pharmacy,CAP Round I,02580,"Shri.Ramkrishna Paramhans college of Pharmacy, (D.Pharm), Hasnapur, Parbhani",Parbhani,Unaided,TFWS,Special,Any,5609,
2022-23,D Pharmacy,CAP Round I,02581,"RADHEYA CHARITABLE TRUSTS DINESH BEMBADE COLLEGE OF PHARMACY, MAHALANGRA, TQ CHAKUR",Latur,Unaided,GOPENS,State Level,Any,33045,
2022-23,D Pharmacy,CAP Round I,02581,"RADHEYA CHARITABLE TRUSTS DINESH BEMBADE COLLEGE OF PHARMACY, MAHALANGRA, TQ CHAKUR",Latur,Unaided,LOPENS,State Level,Ladies,30907,
2022-23,D Pharmacy,CAP Round I,02581,"RADHEYA CHARITABLE TRUSTS DINESH BEMBADE COLLEGE OF PHARMACY, MAHALANGRA, TQ CHAKUR",Latur,Unaided,GSCS,State Level,Any,55059,
2022-23,D Pharmacy,CAP Round I,02581,"RADHEYA CHARITABLE TRUSTS DINESH BEMBADE COLLEGE OF PHARMACY, MAHALANGRA, TQ CHAKUR",Latur,Unaided,LSCS,State Level,Ladies,52844,
2022-23,D Pharmacy,CAP Round I,02581,"RADHEYA CHARITABLE TRUSTS DINESH BEMBADE COLLEGE OF PHARMACY, MAHALANGRA, TQ CHAKUR",Latur,Unaided,LSTS,State Level,Ladies,36421,
2022-23,D Pharmacy,CAP Round I,02581,"RADHEYA CHARITABLE TRUSTS DINESH BEMBADE COLLEGE OF PHARMACY, MAHALANGRA, TQ CHAKUR",Latur,Unaided,GVJS,State Level,Any,33235,
2022-23,D Pharmacy,CAP Round I,02581,"RADHEYA CHARITABLE TRUSTS DINESH BEMBADE COLLEGE OF PHARMACY, MAHALANGRA, TQ CHAKUR",Latur,Unaided,GNT1S,State Level,Any,37994,
2022-23,D Pharmacy,CAP Round I,02581,"RADHEYA CHARITABLE TRUSTS DINESH BEMBADE COLLEGE OF PHARMACY, MAHALANGRA, TQ CHAKUR",Latur,Unaided,GNT2S,State Level,Any,37822,
2022-23,D Pharmacy,CAP Round I,02581,"RADHEYA CHARITABLE TRUSTS DINESH BEMBADE COLLEGE OF PHARMACY, MAHALANGRA, TQ CHAKUR",Latur,Unaided,LNT2S,State Level,Ladies,40425,
2022-23,D Pharmacy,CAP Round I,02581,"RADHEYA CHARITABLE TRUSTS DINESH BEMBADE COLLEGE OF PHARMACY, MAHALANGRA, TQ CHAKUR",Latur,Unaided,GNT3S,State Level,Any,34148,
2022-23,D Pharmacy,CAP Round I,02581,"RADHEYA CHARITABLE TRUSTS DINESH BEMBADE COLLEGE OF PHARMACY, MAHALANGRA, TQ CHAKUR",Latur,Unaided,GOBCS,State Level,Any,61784,
2022-23,D Pharmacy,CAP Round I,02581,"RADHEYA CHARITABLE TRUSTS DINESH BEMBADE COLLEGE OF PHARMACY, MAHALANGRA, TQ CHAKUR",Latur,Unaided,LOBCS,State Level,Ladies,61935,
2022-23,D Pharmacy,CAP Round I,02581,"RADHEYA CHARITABLE TRUSTS DINESH BEMBADE COLLEGE OF PHARMACY, MAHALANGRA, TQ CHAKUR",Latur,Unaided,EWS,Special,Any,33120,
2022-23,D Pharmacy,CAP Round I,02581,"RADHEYA CHARITABLE TRUSTS DINESH BEMBADE COLLEGE OF PHARMACY, MAHALANGRA, TQ CHAKUR",Latur,Unaided,TFWS,Special,Any,15641,
2022-23,D Pharmacy,CAP Round I,02583,"Swami Vivekanand College of Pharmacy, Udgir",Latur,Unaided,GOPENS,State Level,Any,23054,
2022-23,D Pharmacy,CAP Round I,02583,"Swami Vivekanand College of Pharmacy, Udgir",Latur,Unaided,LOPENS,State Level,Ladies,13672,
2022-23,D Pharmacy,CAP Round I,02583,"Swami Vivekanand College of Pharmacy, Udgir",Latur,Unaided,GSCS,State Level,Any,39313,
2022-23,D Pharmacy,CAP Round I,02583,"Swami Vivekanand College of Pharmacy, Udgir",Latur,Unaided,LSCS,State Level,Ladies,26755,
2022-23,D Pharmacy,CAP Round I,02583,"Swami Vivekanand College of Pharmacy, Udgir",Latur,Unaided,GSTS,State Level,Any,57361,
2022-23,D Pharmacy,CAP Round I,02583,"Swami Vivekanand College of Pharmacy, Udgir",Latur,Unaided,LSTS,State Level,Ladies,30286,
2022-23,D Pharmacy,CAP Round I,02583,"Swami Vivekanand College of Pharmacy, Udgir",Latur,Unaided,GVJS,State Level,Any,29677,
2022-23,D Pharmacy,CAP Round I,02583,"Swami Vivekanand College of Pharmacy, Udgir",Latur,Unaided,LVJS,State Level,Ladies,16804,
2022-23,D Pharmacy,CAP Round I,02583,"Swami Vivekanand College of Pharmacy, Udgir",Latur,Unaided,GNT1S,State Level,Any,30595,
2022-23,D Pharmacy,CAP Round I,02583,"Swami Vivekanand College of Pharmacy, Udgir",Latur,Unaided,GNT2S,State Level,Any,29093,
2022-23,D Pharmacy,CAP Round I,02583,"Swami Vivekanand College of Pharmacy, Udgir",Latur,Unaided,LNT2S,State Level,Ladies,14896,
2022-23,D Pharmacy,CAP Round I,02583,"Swami Vivekanand College of Pharmacy, Udgir",Latur,Unaided,GNT3S,State Level,Any,27331,
2022-23,D Pharmacy,CAP Round I,02583,"Swami Vivekanand College of Pharmacy, Udgir",Latur,Unaided,GOBCS,State Level,Any,56263,
2022-23,D Pharmacy,CAP Round I,02583,"Swami Vivekanand College of Pharmacy, Udgir",Latur,Unaided,LOBCS,State Level,Ladies,56030,
2022-23,D Pharmacy,CAP Round I,02583,"Swami Vivekanand College of Pharmacy, Udgir",Latur,Unaided,EWS,Special,Any,23458,
2022-23,D Pharmacy,CAP Round I,02583,"Swami Vivekanand College of Pharmacy, Udgir",Latur,Unaided,TFWS,Special,Any,6207,
2022-23,D Pharmacy,CAP Round I,02584,"Srinath College of Pharmacy, Aurangabad",Chhatrapati Sambhajinagar,Unaided,GOPENS,State Level,Any,9233,
2022-23,D Pharmacy,CAP Round I,02584,"Srinath College of Pharmacy, Aurangabad",Chhatrapati Sambhajinagar,Unaided,LOPENS,State Level,Ladies,3422,
2022-23,D Pharmacy,CAP Round I,02584,"Srinath College of Pharmacy, Aurangabad",Chhatrapati Sambhajinagar,Unaided,GSCS,State Level,Any,16377,
2022-23,D Pharmacy,CAP Round I,02584,"Srinath College of Pharmacy, Aurangabad",Chhatrapati Sambhajinagar,Unaided,LSCS,State Level,Ladies,6663,
2022-23,D Pharmacy,CAP Round I,02584,"Srinath College of Pharmacy, Aurangabad",Chhatrapati Sambhajinagar,Unaided,GSTS,State Level,Any,45127,
2022-23,D Pharmacy,CAP Round I,02584,"Srinath College of Pharmacy, Aurangabad",Chhatrapati Sambhajinagar,Unaided,LSTS,State Level,Ladies,36989,
2022-23,D Pharmacy,CAP Round I,02584,"Srinath College of Pharmacy, Aurangabad",Chhatrapati Sambhajinagar,Unaided,GVJS,State Level,Any,13787,
2022-23,D Pharmacy,CAP Round I,02584,"Srinath College of Pharmacy, Aurangabad",Chhatrapati Sambhajinagar,Unaided,LVJS,State Level,Ladies,12611,
2022-23,D Pharmacy,CAP Round I,02584,"Srinath College of Pharmacy, Aurangabad",Chhatrapati Sambhajinagar,Unaided,GNT1S,State Level,Any,13960,
2022-23,D Pharmacy,CAP Round I,02584,"Srinath College of Pharmacy, Aurangabad",Chhatrapati Sambhajinagar,Unaided,GNT2S,State Level,Any,19909,
2022-23,D Pharmacy,CAP Round I,02584,"Srinath College of Pharmacy, Aurangabad",Chhatrapati Sambhajinagar,Unaided,LNT3S,State Level,Ladies,3550,
2022-23,D Pharmacy,CAP Round I,02584,"Srinath College of Pharmacy, Aurangabad",Chhatrapati Sambhajinagar,Unaided,GOBCS,State Level,Any,14803,
2022-23,D Pharmacy,CAP Round I,02584,"Srinath College of Pharmacy, Aurangabad",Chhatrapati Sambhajinagar,Unaided,LOBCS,State Level,Ladies,11087,
2022-23,D Pharmacy,CAP Round I,02584,"Srinath College of Pharmacy, Aurangabad",Chhatrapati Sambhajinagar,Unaided,PWDOPENS,State Level,Any,31952,
2022-23,D Pharmacy,CAP Round I,02584,"Srinath College of Pharmacy, Aurangabad",Chhatrapati Sambhajinagar,Unaided,DEFOPENS,State Level,Any,40744,
2022-23,D Pharmacy,CAP Round I,02584,"Srinath College of Pharmacy, Aurangabad",Chhatrapati Sambhajinagar,Unaided,EWS,Special,Any,7721,
2022-23,D Pharmacy,CAP Round I,02584,"Srinath College of Pharmacy, Aurangabad",Chhatrapati Sambhajinagar,Unaided,TFWS,Special,Any,1082,
2022-23,D Pharmacy,CAP Round I,02586,"Shri. Goraksha College of Pharmacy & Research Centre, Khamgaon, Aurangabad",Chhatrapati Sambhajinagar,Unaided,GOPENS,State Level,Any,6889,
2022-23,D Pharmacy,CAP Round I,02586,"Shri. Goraksha College of Pharmacy & Research Centre, Khamgaon, Aurangabad",Chhatrapati Sambhajinagar,Unaided,LOPENS,State Level,Ladies,2891,
2022-23,D Pharmacy,CAP Round I,02586,"Shri. Goraksha College of Pharmacy & Research Centre, Khamgaon, Aurangabad",Chhatrapati Sambhajinagar,Unaided,GSCS,State Level,Any,28960,
2022-23,D Pharmacy,CAP Round I,02586,"Shri. Goraksha College of Pharmacy & Research Centre, Khamgaon, Aurangabad",Chhatrapati Sambhajinagar,Unaided,LSCS,State Level,Ladies,12532,
2022-23,D Pharmacy,CAP Round I,02586,"Shri. Goraksha College of Pharmacy & Research Centre, Khamgaon, Aurangabad",Chhatrapati Sambhajinagar,Unaided,GSTS,State Level,Any,51850,
2022-23,D Pharmacy,CAP Round I,02586,"Shri. Goraksha College of Pharmacy & Research Centre, Khamgaon, Aurangabad",Chhatrapati Sambhajinagar,Unaided,LSTS,State Level,Ladies,5405,
2022-23,D Pharmacy,CAP Round I,02586,"Shri. Goraksha College of Pharmacy & Research Centre, Khamgaon, Aurangabad",Chhatrapati Sambhajinagar,Unaided,GVJS,State Level,Any,16622,
2022-23,D Pharmacy,CAP Round I,02586,"Shri. Goraksha College of Pharmacy & Research Centre, Khamgaon, Aurangabad",Chhatrapati Sambhajinagar,Unaided,LNT1S,State Level,Ladies,6441,
2022-23,D Pharmacy,CAP Round I,02586,"Shri. Goraksha College of Pharmacy & Research Centre, Khamgaon, Aurangabad",Chhatrapati Sambhajinagar,Unaided,GNT2S,State Level,Any,9425,
2022-23,D Pharmacy,CAP Round I,02586,"Shri. Goraksha College of Pharmacy & Research Centre, Khamgaon, Aurangabad",Chhatrapati Sambhajinagar,Unaided,LNT2S,State Level,Ladies,3566,
2022-23,D Pharmacy,CAP Round I,02586,"Shri. Goraksha College of Pharmacy & Research Centre, Khamgaon, Aurangabad",Chhatrapati Sambhajinagar,Unaided,GNT3S,State Level,Any,18163,
2022-23,D Pharmacy,CAP Round I,02586,"Shri. Goraksha College of Pharmacy & Research Centre, Khamgaon, Aurangabad",Chhatrapati Sambhajinagar,Unaided,GOBCS,State Level,Any,23607,
2022-23,D Pharmacy,CAP Round I,02586,"Shri. Goraksha College of Pharmacy & Research Centre, Khamgaon, Aurangabad",Chhatrapati Sambhajinagar,Unaided,LOBCS,State Level,Ladies,22987,
2022-23,D Pharmacy,CAP Round I,02586,"Shri. Goraksha College of Pharmacy & Research Centre, Khamgaon, Aurangabad",Chhatrapati Sambhajinagar,Unaided,PWDOPENS,State Level,Any,19858,
2022-23,D Pharmacy,CAP Round I,02586,"Shri. Goraksha College of Pharmacy & Research Centre, Khamgaon, Aurangabad",Chhatrapati Sambhajinagar,Unaided,DEFOPENS,State Level,Any,16973,
2022-23,D Pharmacy,CAP Round I,02586,"Shri. Goraksha College of Pharmacy & Research Centre, Khamgaon, Aurangabad",Chhatrapati Sambhajinagar,Unaided,EWS,Special,Any,3156,
2022-23,D Pharmacy,CAP Round I,02586,"Shri. Goraksha College of Pharmacy & Research Centre, Khamgaon, Aurangabad",Chhatrapati Sambhajinagar,Unaided,TFWS,Special,Any,1627,
2022-23,D Pharmacy,CAP Round I,02587,"Nandkumar Shinde College of Pharmacy, Vaijapur",Chhatrapati Sambhajinagar,Unaided,GOPENS,State Level,Any,21396,
2022-23,D Pharmacy,CAP Round I,02587,"Nandkumar Shinde College of Pharmacy, Vaijapur",Chhatrapati Sambhajinagar,Unaided,LOPENS,State Level,Ladies,23616,
2022-23,D Pharmacy,CAP Round I,02587,"Nandkumar Shinde College of Pharmacy, Vaijapur",Chhatrapati Sambhajinagar,Unaided,GSCS,State Level,Any,41588,
2022-23,D Pharmacy,CAP Round I,02587,"Nandkumar Shinde College of Pharmacy, Vaijapur",Chhatrapati Sambhajinagar,Unaided,LSCS,State Level,Ladies,47572,
2022-23,D Pharmacy,CAP Round I,02587,"Nandkumar Shinde College of Pharmacy, Vaijapur",Chhatrapati Sambhajinagar,Unaided,GSTS,State Level,Any,36731,
2022-23,D Pharmacy,CAP Round I,02587,"Nandkumar Shinde College of Pharmacy, Vaijapur",Chhatrapati Sambhajinagar,Unaided,LSTS,State Level,Ladies,74614,
2022-23,D Pharmacy,CAP Round I,02587,"Nandkumar Shinde College of Pharmacy, Vaijapur",Chhatrapati Sambhajinagar,Unaided,GVJS,State Level,Any,26480,
2022-23,D Pharmacy,CAP Round I,02587,"Nandkumar Shinde College of Pharmacy, Vaijapur",Chhatrapati Sambhajinagar,Unaided,GNT1S,State Level,Any,39863,
2022-23,D Pharmacy,CAP Round I,02587,"Nandkumar Shinde College of Pharmacy, Vaijapur",Chhatrapati Sambhajinagar,Unaided,LNT1S,State Level,Ladies,52759,
2022-23,D Pharmacy,CAP Round I,02587,"Nandkumar Shinde College of Pharmacy, Vaijapur",Chhatrapati Sambhajinagar,Unaided,GNT2S,State Level,Any,25904,
2022-23,D Pharmacy,CAP Round I,02587,"Nandkumar Shinde College of Pharmacy, Vaijapur",Chhatrapati Sambhajinagar,Unaided,GNT3S,State Level,Any,23812,
2022-23,D Pharmacy,CAP Round I,02587,"Nandkumar Shinde College of Pharmacy, Vaijapur",Chhatrapati Sambhajinagar,Unaided,GOBCS,State Level,Any,48087,
2022-23,D Pharmacy,CAP Round I,02587,"Nandkumar Shinde College of Pharmacy, Vaijapur",Chhatrapati Sambhajinagar,Unaided,LOBCS,State Level,Ladies,47920,
2022-23,D Pharmacy,CAP Round I,02587,"Nandkumar Shinde College of Pharmacy, Vaijapur",Chhatrapati Sambhajinagar,Unaided,EWS,Special,Any,23692,
2022-23,D Pharmacy,CAP Round I,02587,"Nandkumar Shinde College of Pharmacy, Vaijapur",Chhatrapati Sambhajinagar,Unaided,TFWS,Special,Any,8495,
2022-23,D Pharmacy,CAP Round I,02588,"Shri Sai College of Pharmacy, Khadala, Vaijapur",Chhatrapati Sambhajinagar,Unaided,GOPENS,State Level,Any,25191,
2022-23,D Pharmacy,CAP Round I,02588,"Shri Sai College of Pharmacy, Khadala, Vaijapur",Chhatrapati Sambhajinagar,Unaided,LOPENS,State Level,Ladies,27357,
2022-23,D Pharmacy,CAP Round I,02588,"Shri Sai College of Pharmacy, Khadala, Vaijapur",Chhatrapati Sambhajinagar,Unaided,GSCS,State Level,Any,46398,
2022-23,D Pharmacy,CAP Round I,02588,"Shri Sai College of Pharmacy, Khadala, Vaijapur",Chhatrapati Sambhajinagar,Unaided,LSCS,State Level,Ladies,50958,
2022-23,D Pharmacy,CAP Round I,02588,"Shri Sai College of Pharmacy, Khadala, Vaijapur",Chhatrapati Sambhajinagar,Unaided,GSTS,State Level,Any,64202,
2022-23,D Pharmacy,CAP Round I,02588,"Shri Sai College of Pharmacy, Khadala, Vaijapur",Chhatrapati Sambhajinagar,Unaided,LSTS,State Level,Ladies,79653,
2022-23,D Pharmacy,CAP Round I,02588,"Shri Sai College of Pharmacy, Khadala, Vaijapur",Chhatrapati Sambhajinagar,Unaided,GVJS,State Level,Any,29582,
2022-23,D Pharmacy,CAP Round I,02588,"Shri Sai College of Pharmacy, Khadala, Vaijapur",Chhatrapati Sambhajinagar,Unaided,LVJS,State Level,Ladies,30451,
2022-23,D Pharmacy,CAP Round I,02588,"Shri Sai College of Pharmacy, Khadala, Vaijapur",Chhatrapati Sambhajinagar,Unaided,GNT1S,State Level,Any,28793,
2022-23,D Pharmacy,CAP Round I,02588,"Shri Sai College of Pharmacy, Khadala, Vaijapur",Chhatrapati Sambhajinagar,Unaided,GNT2S,State Level,Any,29656,
2022-23,D Pharmacy,CAP Round I,02588,"Shri Sai College of Pharmacy, Khadala, Vaijapur",Chhatrapati Sambhajinagar,Unaided,LNT2S,State Level,Ladies,37530,
2022-23,D Pharmacy,CAP Round I,02588,"Shri Sai College of Pharmacy, Khadala, Vaijapur",Chhatrapati Sambhajinagar,Unaided,GNT3S,State Level,Any,29273,
2022-23,D Pharmacy,CAP Round I,02588,"Shri Sai College of Pharmacy, Khadala, Vaijapur",Chhatrapati Sambhajinagar,Unaided,GOBCS,State Level,Any,50153,
2022-23,D Pharmacy,CAP Round I,02588,"Shri Sai College of Pharmacy, Khadala, Vaijapur",Chhatrapati Sambhajinagar,Unaided,LOBCS,State Level,Ladies,48167,
2022-23,D Pharmacy,CAP Round I,02588,"Shri Sai College of Pharmacy, Khadala, Vaijapur",Chhatrapati Sambhajinagar,Unaided,EWS,Special,Any,25807,
2022-23,D Pharmacy,CAP Round I,02588,"Shri Sai College of Pharmacy, Khadala, Vaijapur",Chhatrapati Sambhajinagar,Unaided,TFWS,Special,Any,8666,
2022-23,D Pharmacy,CAP Round I,02589,"Shri. Sai Janvikas Pratishthan's OJAS College of Pharmacy, Jalna",Jalna,Unaided,GOPENS,State Level,Any,15997,
2022-23,D Pharmacy,CAP Round I,02589,"Shri. Sai Janvikas Pratishthan's OJAS College of Pharmacy, Jalna",Jalna,Unaided,LOPENS,State Level,Ladies,9019,
2022-23,D Pharmacy,CAP Round I,02589,"Shri. Sai Janvikas Pratishthan's OJAS College of Pharmacy, Jalna",Jalna,Unaided,GSCS,State Level,Any,33722,
2022-23,D Pharmacy,CAP Round I,02589,"Shri. Sai Janvikas Pratishthan's OJAS College of Pharmacy, Jalna",Jalna,Unaided,LSCS,State Level,Ladies,36131,
2022-23,D Pharmacy,CAP Round I,02589,"Shri. Sai Janvikas Pratishthan's OJAS College of Pharmacy, Jalna",Jalna,Unaided,GSTS,State Level,Any,52440,
2022-23,D Pharmacy,CAP Round I,02589,"Shri. Sai Janvikas Pratishthan's OJAS College of Pharmacy, Jalna",Jalna,Unaided,LSTS,State Level,Ladies,78712,
2022-23,D Pharmacy,CAP Round I,02589,"Shri. Sai Janvikas Pratishthan's OJAS College of Pharmacy, Jalna",Jalna,Unaided,GVJS,State Level,Any,18094,
2022-23,D Pharmacy,CAP Round I,02589,"Shri. Sai Janvikas Pratishthan's OJAS College of Pharmacy, Jalna",Jalna,Unaided,GNT1S,State Level,Any,30542,
2022-23,D Pharmacy,CAP Round I,02589,"Shri. Sai Janvikas Pratishthan's OJAS College of Pharmacy, Jalna",Jalna,Unaided,GNT2S,State Level,Any,18209,
2022-23,D Pharmacy,CAP Round I,02589,"Shri. Sai Janvikas Pratishthan's OJAS College of Pharmacy, Jalna",Jalna,Unaided,LNT3S,State Level,Ladies,9117,
2022-23,D Pharmacy,CAP Round I,02589,"Shri. Sai Janvikas Pratishthan's OJAS College of Pharmacy, Jalna",Jalna,Unaided,GOBCS,State Level,Any,25571,
2022-23,D Pharmacy,CAP Round I,02589,"Shri. Sai Janvikas Pratishthan's OJAS College of Pharmacy, Jalna",Jalna,Unaided,LOBCS,State Level,Ladies,25795,
2022-23,D Pharmacy,CAP Round I,02589,"Shri. Sai Janvikas Pratishthan's OJAS College of Pharmacy, Jalna",Jalna,Unaided,PWDOPENS,State Level,Any,69833,
2022-23,D Pharmacy,CAP Round I,02589,"Shri. Sai Janvikas Pratishthan's OJAS College of Pharmacy, Jalna",Jalna,Unaided,EWS,Special,Any,16208,
2022-23,D Pharmacy,CAP Round I,02589,"Shri. Sai Janvikas Pratishthan's OJAS College of Pharmacy, Jalna",Jalna,Unaided,TFWS,Special,Any,1845,
2022-23,D Pharmacy,CAP Round I,02590,"DJP's College of Pharmacy, Pohetakli",Parbhani,Unaided,GOPENS,State Level,Any,22796,
2022-23,D Pharmacy,CAP Round I,02590,"DJP's College of Pharmacy, Pohetakli",Parbhani,Unaided,LOPENS,State Level,Ladies,22343,
2022-23,D Pharmacy,CAP Round I,02590,"DJP's College of Pharmacy, Pohetakli",Parbhani,Unaided,GSCS,State Level,Any,40008,
2022-23,D Pharmacy,CAP Round I,02590,"DJP's College of Pharmacy, Pohetakli",Parbhani,Unaided,LSCS,State Level,Ladies,40793,
2022-23,D Pharmacy,CAP Round I,02590,"DJP's College of Pharmacy, Pohetakli",Parbhani,Unaided,GVJS,State Level,Any,25735,
2022-23,D Pharmacy,CAP Round I,02590,"DJP's College of Pharmacy, Pohetakli",Parbhani,Unaided,GNT1S,State Level,Any,41632,
2022-23,D Pharmacy,CAP Round I,02590,"DJP's College of Pharmacy, Pohetakli",Parbhani,Unaided,GNT2S,State Level,Any,27211,
2022-23,D Pharmacy,CAP Round I,02590,"DJP's College of Pharmacy, Pohetakli",Parbhani,Unaided,LNT2S,State Level,Ladies,23978,
2022-23,D Pharmacy,CAP Round I,02590,"DJP's College of Pharmacy, Pohetakli",Parbhani,Unaided,GNT3S,State Level,Any,24787,
2022-23,D Pharmacy,CAP Round I,02590,"DJP's College of Pharmacy, Pohetakli",Parbhani,Unaided,GOBCS,State Level,Any,49716,
2022-23,D Pharmacy,CAP Round I,02590,"DJP's College of Pharmacy, Pohetakli",Parbhani,Unaided,LOBCS,State Level,Ladies,48208,
2022-23,D Pharmacy,CAP Round I,02590,"DJP's College of Pharmacy, Pohetakli",Parbhani,Unaided,PWDOPENS,State Level,Any,79664,
2022-23,D Pharmacy,CAP Round I,02590,"DJP's College of Pharmacy, Pohetakli",Parbhani,Unaided,EWS,Special,Any,17049,
2022-23,D Pharmacy,CAP Round I,02590,"DJP's College of Pharmacy, Pohetakli",Parbhani,Unaided,TFWS,Special,Any,15671,
2022-23,D Pharmacy,CAP Round I,02591,"DNYANSADHANA COLLEGE OF PHARMACY, DHARMAPURI PATI, PARBHANI",Parbhani,Unaided,GOPENS,State Level,Any,15800,
2022-23,D Pharmacy,CAP Round I,02591,"DNYANSADHANA COLLEGE OF PHARMACY, DHARMAPURI PATI, PARBHANI",Parbhani,Unaided,LOPENS,State Level,Ladies,8117,
2022-23,D Pharmacy,CAP Round I,02591,"DNYANSADHANA COLLEGE OF PHARMACY, DHARMAPURI PATI, PARBHANI",Parbhani,Unaided,GSCS,State Level,Any,28613,
2022-23,D Pharmacy,CAP Round I,02591,"DNYANSADHANA COLLEGE OF PHARMACY, DHARMAPURI PATI, PARBHANI",Parbhani,Unaided,LSCS,State Level,Ladies,32767,
2022-23,D Pharmacy,CAP Round I,02591,"DNYANSADHANA COLLEGE OF PHARMACY, DHARMAPURI PATI, PARBHANI",Parbhani,Unaided,GSTS,State Level,Any,46837,
2022-23,D Pharmacy,CAP Round I,02591,"DNYANSADHANA COLLEGE OF PHARMACY, DHARMAPURI PATI, PARBHANI",Parbhani,Unaided,LSTS,State Level,Ladies,46018,
2022-23,D Pharmacy,CAP Round I,02591,"DNYANSADHANA COLLEGE OF PHARMACY, DHARMAPURI PATI, PARBHANI",Parbhani,Unaided,GVJS,State Level,Any,19738,
2022-23,D Pharmacy,CAP Round I,02591,"DNYANSADHANA COLLEGE OF PHARMACY, DHARMAPURI PATI, PARBHANI",Parbhani,Unaided,GNT1S,State Level,Any,42853,
2022-23,D Pharmacy,CAP Round I,02591,"DNYANSADHANA COLLEGE OF PHARMACY, DHARMAPURI PATI, PARBHANI",Parbhani,Unaided,LNT1S,State Level,Ladies,32253,
2022-23,D Pharmacy,CAP Round I,02591,"DNYANSADHANA COLLEGE OF PHARMACY, DHARMAPURI PATI, PARBHANI",Parbhani,Unaided,GNT2S,State Level,Any,16724,
2022-23,D Pharmacy,CAP Round I,02591,"DNYANSADHANA COLLEGE OF PHARMACY, DHARMAPURI PATI, PARBHANI",Parbhani,Unaided,GNT3S,State Level,Any,21495,
2022-23,D Pharmacy,CAP Round I,02591,"DNYANSADHANA COLLEGE OF PHARMACY, DHARMAPURI PATI, PARBHANI",Parbhani,Unaided,GOBCS,State Level,Any,41786,
2022-23,D Pharmacy,CAP Round I,02591,"DNYANSADHANA COLLEGE OF PHARMACY, DHARMAPURI PATI, PARBHANI",Parbhani,Unaided,LOBCS,State Level,Ladies,41027,
2022-23,D Pharmacy,CAP Round I,02591,"DNYANSADHANA COLLEGE OF PHARMACY, DHARMAPURI PATI, PARBHANI",Parbhani,Unaided,EWS,Special,Any,7336,
2022-23,D Pharmacy,CAP Round I,02591,"DNYANSADHANA COLLEGE OF PHARMACY, DHARMAPURI PATI, PARBHANI",Parbhani,Unaided,TFWS,Special,Any,7182,
2022-23,D Pharmacy,CAP Round I,02592,"GAJANAN MAHARAJ COLLEGE OF PHARMACY, NIPANI, AURANGABAD",Chhatrapati Sambhajinagar,Unaided,GOPENS,State Level,Any,19965,
2022-23,D Pharmacy,CAP Round I,02592,"GAJANAN MAHARAJ COLLEGE OF PHARMACY, NIPANI, AURANGABAD",Chhatrapati Sambhajinagar,Unaided,LOPENS,State Level,Ladies,17358,
2022-23,D Pharmacy,CAP Round I,02592,"GAJANAN MAHARAJ COLLEGE OF PHARMACY, NIPANI, AURANGABAD",Chhatrapati Sambhajinagar,Unaided,GSCS,State Level,Any,33775,
2022-23,D Pharmacy,CAP Round I,02592,"GAJANAN MAHARAJ COLLEGE OF PHARMACY, NIPANI, AURANGABAD",Chhatrapati Sambhajinagar,Unaided,LSCS,State Level,Ladies,26681,
2022-23,D Pharmacy,CAP Round I,02592,"GAJANAN MAHARAJ COLLEGE OF PHARMACY, NIPANI, AURANGABAD",Chhatrapati Sambhajinagar,Unaided,GSTS,State Level,Any,48126,
2022-23,D Pharmacy,CAP Round I,02592,"GAJANAN MAHARAJ COLLEGE OF PHARMACY, NIPANI, AURANGABAD",Chhatrapati Sambhajinagar,Unaided,LSTS,State Level,Ladies,43731,
2022-23,D Pharmacy,CAP Round I,02592,"GAJANAN MAHARAJ COLLEGE OF PHARMACY, NIPANI, AURANGABAD",Chhatrapati Sambhajinagar,Unaided,GVJS,State Level,Any,20936,
2022-23,D Pharmacy,CAP Round I,02592,"GAJANAN MAHARAJ COLLEGE OF PHARMACY, NIPANI, AURANGABAD",Chhatrapati Sambhajinagar,Unaided,GNT1S,State Level,Any,41260,
2022-23,D Pharmacy,CAP Round I,02592,"GAJANAN MAHARAJ COLLEGE OF PHARMACY, NIPANI, AURANGABAD",Chhatrapati Sambhajinagar,Unaided,LNT1S,State Level,Ladies,24970,
2022-23,D Pharmacy,CAP Round I,02592,"GAJANAN MAHARAJ COLLEGE OF PHARMACY, NIPANI, AURANGABAD",Chhatrapati Sambhajinagar,Unaided,GNT2S,State Level,Any,22897,
2022-23,D Pharmacy,CAP Round I,02592,"GAJANAN MAHARAJ COLLEGE OF PHARMACY, NIPANI, AURANGABAD",Chhatrapati Sambhajinagar,Unaided,LNT2S,State Level,Ladies,23066,
2022-23,D Pharmacy,CAP Round I,02592,"GAJANAN MAHARAJ COLLEGE OF PHARMACY, NIPANI, AURANGABAD",Chhatrapati Sambhajinagar,Unaided,GNT3S,State Level,Any,21724,
2022-23,D Pharmacy,CAP Round I,02592,"GAJANAN MAHARAJ COLLEGE OF PHARMACY, NIPANI, AURANGABAD",Chhatrapati Sambhajinagar,Unaided,GOBCS,State Level,Any,37132,
2022-23,D Pharmacy,CAP Round I,02592,"GAJANAN MAHARAJ COLLEGE OF PHARMACY, NIPANI, AURANGABAD",Chhatrapati Sambhajinagar,Unaided,LOBCS,State Level,Ladies,32430,
2022-23,D Pharmacy,CAP Round I,02592,"GAJANAN MAHARAJ COLLEGE OF PHARMACY, NIPANI, AURANGABAD",Chhatrapati Sambhajinagar,Unaided,EWS,Special,Any,18920,
2022-23,D Pharmacy,CAP Round I,02592,"GAJANAN MAHARAJ COLLEGE OF PHARMACY, NIPANI, AURANGABAD",Chhatrapati Sambhajinagar,Unaided,TFWS,Special,Any,6246,
2022-23,D Pharmacy,CAP Round I,02593,"S.R. Institute of Diploma in Pharmacy, Udgir",Latur,Unaided,GOPENS,State Level,Any,26446,
2022-23,D Pharmacy,CAP Round I,02593,"S.R. Institute of Diploma in Pharmacy, Udgir",Latur,Unaided,LOPENS,State Level,Ladies,18514,
2022-23,D Pharmacy,CAP Round I,02593,"S.R. Institute of Diploma in Pharmacy, Udgir",Latur,Unaided,GSCS,State Level,Any,46971,
2022-23,D Pharmacy,CAP Round I,02593,"S.R. Institute of Diploma in Pharmacy, Udgir",Latur,Unaided,LSCS,State Level,Ladies,50186,
2022-23,D Pharmacy,CAP Round I,02593,"S.R. Institute of Diploma in Pharmacy, Udgir",Latur,Unaided,GVJS,State Level,Any,31392,
2022-23,D Pharmacy,CAP Round I,02593,"S.R. Institute of Diploma in Pharmacy, Udgir",Latur,Unaided,LVJS,State Level,Ladies,33842,
2022-23,D Pharmacy,CAP Round I,02593,"S.R. Institute of Diploma in Pharmacy, Udgir",Latur,Unaided,GNT1S,State Level,Any,35096,
2022-23,D Pharmacy,CAP Round I,02593,"S.R. Institute of Diploma in Pharmacy, Udgir",Latur,Unaided,GNT2S,State Level,Any,31294,
2022-23,D Pharmacy,CAP Round I,02593,"S.R. Institute of Diploma in Pharmacy, Udgir",Latur,Unaided,LNT2S,State Level,Ladies,35357,
2022-23,D Pharmacy,CAP Round I,02593,"S.R. Institute of Diploma in Pharmacy, Udgir",Latur,Unaided,LNT3S,State Level,Ladies,37759,
2022-23,D Pharmacy,CAP Round I,02593,"S.R. Institute of Diploma in Pharmacy, Udgir",Latur,Unaided,GOBCS,State Level,Any,62992,
2022-23,D Pharmacy,CAP Round I,02593,"S.R. Institute of Diploma in Pharmacy, Udgir",Latur,Unaided,LOBCS,State Level,Ladies,66640,
2022-23,D Pharmacy,CAP Round I,02593,"S.R. Institute of Diploma in Pharmacy, Udgir",Latur,Unaided,EWS,Special,Any,26004,
2022-23,D Pharmacy,CAP Round I,02593,"S.R. Institute of Diploma in Pharmacy, Udgir",Latur,Unaided,TFWS,Special,Any,5272,
2022-23,D Pharmacy,CAP Round I,02594,"Tatyaraoji More College of Pharmacy, Umerga",Dharashiv,Unaided,GOPENS,State Level,Any,26859,
2022-23,D Pharmacy,CAP Round I,02594,"Tatyaraoji More College of Pharmacy, Umerga",Dharashiv,Unaided,LOPENS,State Level,Ladies,14142,
2022-23,D Pharmacy,CAP Round I,02594,"Tatyaraoji More College of Pharmacy, Umerga",Dharashiv,Unaided,GSCS,State Level,Any,36264,
2022-23,D Pharmacy,CAP Round I,02594,"Tatyaraoji More College of Pharmacy, Umerga",Dharashiv,Unaided,LSCS,State Level,Ladies,27835,
2022-23,D Pharmacy,CAP Round I,02594,"Tatyaraoji More College of Pharmacy, Umerga",Dharashiv,Unaided,GVJS,State Level,Any,30434,
2022-23,D Pharmacy,CAP Round I,02594,"Tatyaraoji More College of Pharmacy, Umerga",Dharashiv,Unaided,LVJS,State Level,Ladies,34437,
2022-23,D Pharmacy,CAP Round I,02594,"Tatyaraoji More College of Pharmacy, Umerga",Dharashiv,Unaided,GNT1S,State Level,Any,61005,
2022-23,D Pharmacy,CAP Round I,02594,"Tatyaraoji More College of Pharmacy, Umerga",Dharashiv,Unaided,GNT2S,State Level,Any,29464,
2022-23,D Pharmacy,CAP Round I,02594,"Tatyaraoji More College of Pharmacy, Umerga",Dharashiv,Unaided,GNT3S,State Level,Any,38158,
2022-23,D Pharmacy,CAP Round I,02594,"Tatyaraoji More College of Pharmacy, Umerga",Dharashiv,Unaided,GOBCS,State Level,Any,50452,
2022-23,D Pharmacy,CAP Round I,02594,"Tatyaraoji More College of Pharmacy, Umerga",Dharashiv,Unaided,LOBCS,State Level,Ladies,27985,
2022-23,D Pharmacy,CAP Round I,02594,"Tatyaraoji More College of Pharmacy, Umerga",Dharashiv,Unaided,EWS,Special,Any,23373,
2022-23,D Pharmacy,CAP Round I,02594,"Tatyaraoji More College of Pharmacy, Umerga",Dharashiv,Unaided,TFWS,Special,Any,5513,
2022-23,D Pharmacy,CAP Round I,02595,"Uttamrao Deshmukh Institute of Pharmacy, Balsond, Hingoli",Hingoli,Unaided,GOPENS,State Level,Any,15480,
2022-23,D Pharmacy,CAP Round I,02595,"Uttamrao Deshmukh Institute of Pharmacy, Balsond, Hingoli",Hingoli,Unaided,LOPENS,State Level,Ladies,9326,
2022-23,D Pharmacy,CAP Round I,02595,"Uttamrao Deshmukh Institute of Pharmacy, Balsond, Hingoli",Hingoli,Unaided,GSCS,State Level,Any,19385,
2022-23,D Pharmacy,CAP Round I,02595,"Uttamrao Deshmukh Institute of Pharmacy, Balsond, Hingoli",Hingoli,Unaided,LSCS,State Level,Ladies,17967,
2022-23,D Pharmacy,CAP Round I,02595,"Uttamrao Deshmukh Institute of Pharmacy, Balsond, Hingoli",Hingoli,Unaided,GSTS,State Level,Any,72274,
2022-23,D Pharmacy,CAP Round I,02595,"Uttamrao Deshmukh Institute of Pharmacy, Balsond, Hingoli",Hingoli,Unaided,LSTS,State Level,Ladies,25451,
2022-23,D Pharmacy,CAP Round I,02595,"Uttamrao Deshmukh Institute of Pharmacy, Balsond, Hingoli",Hingoli,Unaided,GVJS,State Level,Any,17861,
2022-23,D Pharmacy,CAP Round I,02595,"Uttamrao Deshmukh Institute of Pharmacy, Balsond, Hingoli",Hingoli,Unaided,LNT1S,State Level,Ladies,35333,
2022-23,D Pharmacy,CAP Round I,02595,"Uttamrao Deshmukh Institute of Pharmacy, Balsond, Hingoli",Hingoli,Unaided,GNT2S,State Level,Any,16154,
2022-23,D Pharmacy,CAP Round I,02595,"Uttamrao Deshmukh Institute of Pharmacy, Balsond, Hingoli",Hingoli,Unaided,LNT2S,State Level,Ladies,14391,
2022-23,D Pharmacy,CAP Round I,02595,"Uttamrao Deshmukh Institute of Pharmacy, Balsond, Hingoli",Hingoli,Unaided,GNT3S,State Level,Any,16235,
2022-23,D Pharmacy,CAP Round I,02595,"Uttamrao Deshmukh Institute of Pharmacy, Balsond, Hingoli",Hingoli,Unaided,GOBCS,State Level,Any,24001,
2022-23,D Pharmacy,CAP Round I,02595,"Uttamrao Deshmukh Institute of Pharmacy, Balsond, Hingoli",Hingoli,Unaided,LOBCS,State Level,Ladies,15180,
2022-23,D Pharmacy,CAP Round I,02595,"Uttamrao Deshmukh Institute of Pharmacy, Balsond, Hingoli",Hingoli,Unaided,PWDOPENS,State Level,Any,14557,
2022-23,D Pharmacy,CAP Round I,02595,"Uttamrao Deshmukh Institute of Pharmacy, Balsond, Hingoli",Hingoli,Unaided,EWS,Special,Any,9383,
2022-23,D Pharmacy,CAP Round I,02595,"Uttamrao Deshmukh Institute of Pharmacy, Balsond, Hingoli",Hingoli,Unaided,TFWS,Special,Any,11124,
2022-23,D Pharmacy,CAP Round I,02596,"Institute of Pharmacy, Badnapur",Jalna,Unaided,GOPENS,State Level,Any,9897,
2022-23,D Pharmacy,CAP Round I,02596,"Institute of Pharmacy, Badnapur",Jalna,Unaided,LOPENS,State Level,Ladies,7400,
2022-23,D Pharmacy,CAP Round I,02596,"Institute of Pharmacy, Badnapur",Jalna,Unaided,GSCS,State Level,Any,27719,
2022-23,D Pharmacy,CAP Round I,02596,"Institute of Pharmacy, Badnapur",Jalna,Unaided,LSCS,State Level,Ladies,34937,
2022-23,D Pharmacy,CAP Round I,02596,"Institute of Pharmacy, Badnapur",Jalna,Unaided,GVJS,State Level,Any,13606,
2022-23,D Pharmacy,CAP Round I,02596,"Institute of Pharmacy, Badnapur",Jalna,Unaided,GNT1S,State Level,Any,19388,
2022-23,D Pharmacy,CAP Round I,02596,"Institute of Pharmacy, Badnapur",Jalna,Unaided,LNT1S,State Level,Ladies,37245,
2022-23,D Pharmacy,CAP Round I,02596,"Institute of Pharmacy, Badnapur",Jalna,Unaided,GNT2S,State Level,Any,17453,
2022-23,D Pharmacy,CAP Round I,02596,"Institute of Pharmacy, Badnapur",Jalna,Unaided,LNT3S,State Level,Ladies,16003,
2022-23,D Pharmacy,CAP Round I,02596,"Institute of Pharmacy, Badnapur",Jalna,Unaided,GOBCS,State Level,Any,23623,
2022-23,D Pharmacy,CAP Round I,02596,"Institute of Pharmacy, Badnapur",Jalna,Unaided,LOBCS,State Level,Ladies,14164,
2022-23,D Pharmacy,CAP Round I,02596,"Institute of Pharmacy, Badnapur",Jalna,Unaided,EWS,Special,Any,7792,
2022-23,D Pharmacy,CAP Round I,02596,"Institute of Pharmacy, Badnapur",Jalna,Unaided,TFWS,Special,Any,264,
2022-23,D Pharmacy,CAP Round I,02597,"MDA School of Pharmacy, Kolpa",Latur,Unaided,GOPENS,State Level,Any,32100,
2022-23,D Pharmacy,CAP Round I,02597,"MDA School of Pharmacy, Kolpa",Latur,Unaided,LOPENS,State Level,Ladies,28589,
2022-23,D Pharmacy,CAP Round I,02597,"MDA School of Pharmacy, Kolpa",Latur,Unaided,GSCS,State Level,Any,46551,
2022-23,D Pharmacy,CAP Round I,02597,"MDA School of Pharmacy, Kolpa",Latur,Unaided,LSCS,State Level,Ladies,44443,
2022-23,D Pharmacy,CAP Round I,02597,"MDA School of Pharmacy, Kolpa",Latur,Unaided,GVJS,State Level,Any,33666,
2022-23,D Pharmacy,CAP Round I,02597,"MDA School of Pharmacy, Kolpa",Latur,Unaided,GNT1S,State Level,Any,39685,
2022-23,D Pharmacy,CAP Round I,02597,"MDA School of Pharmacy, Kolpa",Latur,Unaided,GNT2S,State Level,Any,32248,
2022-23,D Pharmacy,CAP Round I,02597,"MDA School of Pharmacy, Kolpa",Latur,Unaided,LNT2S,State Level,Ladies,33202,
2022-23,D Pharmacy,CAP Round I,02597,"MDA School of Pharmacy, Kolpa",Latur,Unaided,GNT3S,State Level,Any,33527,
2022-23,D Pharmacy,CAP Round I,02597,"MDA School of Pharmacy, Kolpa",Latur,Unaided,GOBCS,State Level,Any,59767,
2022-23,D Pharmacy,CAP Round I,02597,"MDA School of Pharmacy, Kolpa",Latur,Unaided,LOBCS,State Level,Ladies,58825,
2022-23,D Pharmacy,CAP Round I,02597,"MDA School of Pharmacy, Kolpa",Latur,Unaided,EWS,Special,Any,27539,
2022-23,D Pharmacy,CAP Round I,02597,"MDA School of Pharmacy, Kolpa",Latur,Unaided,TFWS,Special,Any,21669,
2022-23,D Pharmacy,CAP Round I,02598,"Shivai Charitable Trust's College of Pharmacy, Koregaonwadi, Umerga",Dharashiv,Unaided,GOPENS,State Level,Any,32084,
2022-23,D Pharmacy,CAP Round I,02598,"Shivai Charitable Trust's College of Pharmacy, Koregaonwadi, Umerga",Dharashiv,Unaided,LOPENS,State Level,Ladies,26242,
2022-23,D Pharmacy,CAP Round I,02598,"Shivai Charitable Trust's College of Pharmacy, Koregaonwadi, Umerga",Dharashiv,Unaided,GSCS,State Level,Any,50841,
2022-23,D Pharmacy,CAP Round I,02598,"Shivai Charitable Trust's College of Pharmacy, Koregaonwadi, Umerga",Dharashiv,Unaided,LSCS,State Level,Ladies,44520,
2022-23,D Pharmacy,CAP Round I,02598,"Shivai Charitable Trust's College of Pharmacy, Koregaonwadi, Umerga",Dharashiv,Unaided,GVJS,State Level,Any,33678,
2022-23,D Pharmacy,CAP Round I,02598,"Shivai Charitable Trust's College of Pharmacy, Koregaonwadi, Umerga",Dharashiv,Unaided,LVJS,State Level,Ladies,45501,
2022-23,D Pharmacy,CAP Round I,02598,"Shivai Charitable Trust's College of Pharmacy, Koregaonwadi, Umerga",Dharashiv,Unaided,GNT1S,State Level,Any,55924,
2022-23,D Pharmacy,CAP Round I,02598,"Shivai Charitable Trust's College of Pharmacy, Koregaonwadi, Umerga",Dharashiv,Unaided,GNT2S,State Level,Any,34641,
2022-23,D Pharmacy,CAP Round I,02598,"Shivai Charitable Trust's College of Pharmacy, Koregaonwadi, Umerga",Dharashiv,Unaided,GNT3S,State Level,Any,39078,
2022-23,D Pharmacy,CAP Round I,02598,"Shivai Charitable Trust's College of Pharmacy, Koregaonwadi, Umerga",Dharashiv,Unaided,GOBCS,State Level,Any,60167,
2022-23,D Pharmacy,CAP Round I,02598,"Shivai Charitable Trust's College of Pharmacy, Koregaonwadi, Umerga",Dharashiv,Unaided,LOBCS,State Level,Ladies,73532,
2022-23,D Pharmacy,CAP Round I,02598,"Shivai Charitable Trust's College of Pharmacy, Koregaonwadi, Umerga",Dharashiv,Unaided,PWDOPENS,State Level,Any,71104,
2022-23,D Pharmacy,CAP Round I,02598,"Shivai Charitable Trust's College of Pharmacy, Koregaonwadi, Umerga",Dharashiv,Unaided,EWS,Special,Any,29806,
2022-23,D Pharmacy,CAP Round I,02598,"Shivai Charitable Trust's College of Pharmacy, Koregaonwadi, Umerga",Dharashiv,Unaided,TFWS,Special,Any,10018,
2022-23,D Pharmacy,CAP Round I,02600,"Keshavrao Patil Institute of Pharmacy, Osmanabad",Dharashiv,Unaided,GOPENS,State Level,Any,16529,
2022-23,D Pharmacy,CAP Round I,02600,"Keshavrao Patil Institute of Pharmacy, Osmanabad",Dharashiv,Unaided,LOPENS,State Level,Ladies,11187,
2022-23,D Pharmacy,CAP Round I,02600,"Keshavrao Patil Institute of Pharmacy, Osmanabad",Dharashiv,Unaided,GSCS,State Level,Any,32770,
2022-23,D Pharmacy,CAP Round I,02600,"Keshavrao Patil Institute of Pharmacy, Osmanabad",Dharashiv,Unaided,LSCS,State Level,Ladies,31065,
2022-23,D Pharmacy,CAP Round I,02600,"Keshavrao Patil Institute of Pharmacy, Osmanabad",Dharashiv,Unaided,GSTS,State Level,Any,47609,
2022-23,D Pharmacy,CAP Round I,02600,"Keshavrao Patil Institute of Pharmacy, Osmanabad",Dharashiv,Unaided,GVJS,State Level,Any,31475,
2022-23,D Pharmacy,CAP Round I,02600,"Keshavrao Patil Institute of Pharmacy, Osmanabad",Dharashiv,Unaided,LVJS,State Level,Ladies,31865,
2022-23,D Pharmacy,CAP Round I,02600,"Keshavrao Patil Institute of Pharmacy, Osmanabad",Dharashiv,Unaided,GNT1S,State Level,Any,24427,
2022-23,D Pharmacy,CAP Round I,02600,"Keshavrao Patil Institute of Pharmacy, Osmanabad",Dharashiv,Unaided,GNT2S,State Level,Any,22311,
2022-23,D Pharmacy,CAP Round I,02600,"Keshavrao Patil Institute of Pharmacy, Osmanabad",Dharashiv,Unaided,LNT2S,State Level,Ladies,11873,
2022-23,D Pharmacy,CAP Round I,02600,"Keshavrao Patil Institute of Pharmacy, Osmanabad",Dharashiv,Unaided,GNT3S,State Level,Any,16981,
2022-23,D Pharmacy,CAP Round I,02600,"Keshavrao Patil Institute of Pharmacy, Osmanabad",Dharashiv,Unaided,GOBCS,State Level,Any,43205,
2022-23,D Pharmacy,CAP Round I,02600,"Keshavrao Patil Institute of Pharmacy, Osmanabad",Dharashiv,Unaided,LOBCS,State Level,Ladies,13008,
2022-23,D Pharmacy,CAP Round I,02600,"Keshavrao Patil Institute of Pharmacy, Osmanabad",Dharashiv,Unaided,EWS,Special,Any,13082,
2022-23,D Pharmacy,CAP Round I,02600,"Keshavrao Patil Institute of Pharmacy, Osmanabad",Dharashiv,Unaided,TFWS,Special,Any,4985,
2022-23,D Pharmacy,CAP Round I,02600,"Keshavrao Patil Institute of Pharmacy, Osmanabad",Dharashiv,Unaided,LSTS,State Level,Ladies,50910,
2022-23,D Pharmacy,CAP Round I,02601,"Raosaheb Patil Danve College Of Pharmacy, Badnapur",Jalna,Unaided,GOPENS,State Level,Any,13788,
2022-23,D Pharmacy,CAP Round I,02601,"Raosaheb Patil Danve College Of Pharmacy, Badnapur",Jalna,Unaided,LOPENS,State Level,Ladies,7223,
2022-23,D Pharmacy,CAP Round I,02601,"Raosaheb Patil Danve College Of Pharmacy, Badnapur",Jalna,Unaided,GSCS,State Level,Any,27849,
2022-23,D Pharmacy,CAP Round I,02601,"Raosaheb Patil Danve College Of Pharmacy, Badnapur",Jalna,Unaided,LSCS,State Level,Ladies,28785,
2022-23,D Pharmacy,CAP Round I,02601,"Raosaheb Patil Danve College Of Pharmacy, Badnapur",Jalna,Unaided,GVJS,State Level,Any,14704,
2022-23,D Pharmacy,CAP Round I,02601,"Raosaheb Patil Danve College Of Pharmacy, Badnapur",Jalna,Unaided,GNT1S,State Level,Any,18488,
2022-23,D Pharmacy,CAP Round I,02601,"Raosaheb Patil Danve College Of Pharmacy, Badnapur",Jalna,Unaided,GNT2S,State Level,Any,15918,
2022-23,D Pharmacy,CAP Round I,02601,"Raosaheb Patil Danve College Of Pharmacy, Badnapur",Jalna,Unaided,LNT3S,State Level,Ladies,14273,
2022-23,D Pharmacy,CAP Round I,02601,"Raosaheb Patil Danve College Of Pharmacy, Badnapur",Jalna,Unaided,GOBCS,State Level,Any,27421,
2022-23,D Pharmacy,CAP Round I,02601,"Raosaheb Patil Danve College Of Pharmacy, Badnapur",Jalna,Unaided,LOBCS,State Level,Ladies,18912,
2022-23,D Pharmacy,CAP Round I,02601,"Raosaheb Patil Danve College Of Pharmacy, Badnapur",Jalna,Unaided,EWS,Special,Any,8780,
2022-23,D Pharmacy,CAP Round I,02601,"Raosaheb Patil Danve College Of Pharmacy, Badnapur",Jalna,Unaided,TFWS,Special,Any,4187,
2022-23,D Pharmacy,CAP Round I,02602,"Kishori College Of Pharmacy, Beed",Beed,Unaided,GOPENS,State Level,Any,20064,
2022-23,D Pharmacy,CAP Round I,02602,"Kishori College Of Pharmacy, Beed",Beed,Unaided,LOPENS,State Level,Ladies,18874,
2022-23,D Pharmacy,CAP Round I,02602,"Kishori College Of Pharmacy, Beed",Beed,Unaided,GSCS,State Level,Any,49008,
2022-23,D Pharmacy,CAP Round I,02602,"Kishori College Of Pharmacy, Beed",Beed,Unaided,LSCS,State Level,Ladies,36281,
2022-23,D Pharmacy,CAP Round I,02602,"Kishori College Of Pharmacy, Beed",Beed,Unaided,GVJS,State Level,Any,26069,
2022-23,D Pharmacy,CAP Round I,02602,"Kishori College Of Pharmacy, Beed",Beed,Unaided,LVJS,State Level,Ladies,27254,
2022-23,D Pharmacy,CAP Round I,02602,"Kishori College Of Pharmacy, Beed",Beed,Unaided,GNT1S,State Level,Any,38383,
2022-23,D Pharmacy,CAP Round I,02602,"Kishori College Of Pharmacy, Beed",Beed,Unaided,LNT1S,State Level,Ladies,72364,
2022-23,D Pharmacy,CAP Round I,02602,"Kishori College Of Pharmacy, Beed",Beed,Unaided,GNT2S,State Level,Any,22988,
2022-23,D Pharmacy,CAP Round I,02602,"Kishori College Of Pharmacy, Beed",Beed,Unaided,LNT2S,State Level,Ladies,21209,
2022-23,D Pharmacy,CAP Round I,02602,"Kishori College Of Pharmacy, Beed",Beed,Unaided,GNT3S,State Level,Any,21083,
2022-23,D Pharmacy,CAP Round I,02602,"Kishori College Of Pharmacy, Beed",Beed,Unaided,GOBCS,State Level,Any,53590,
2022-23,D Pharmacy,CAP Round I,02602,"Kishori College Of Pharmacy, Beed",Beed,Unaided,LOBCS,State Level,Ladies,40999,
2022-23,D Pharmacy,CAP Round I,02602,"Kishori College Of Pharmacy, Beed",Beed,Unaided,EWS,Special,Any,16718,
2022-23,D Pharmacy,CAP Round I,02602,"Kishori College Of Pharmacy, Beed",Beed,Unaided,TFWS,Special,Any,13335,
2022-23,D Pharmacy,CAP Round I,02603,"Mangaldeep Institute Of Pharmacy, Aurangabad",Chhatrapati Sambhajinagar,Unaided,GOPENS,State Level,Any,20485,
2022-23,D Pharmacy,CAP Round I,02603,"Mangaldeep Institute Of Pharmacy, Aurangabad",Chhatrapati Sambhajinagar,Unaided,LOPENS,State Level,Ladies,18517,
2022-23,D Pharmacy,CAP Round I,02603,"Mangaldeep Institute Of Pharmacy, Aurangabad",Chhatrapati Sambhajinagar,Unaided,GSCS,State Level,Any,37945,
2022-23,D Pharmacy,CAP Round I,02603,"Mangaldeep Institute Of Pharmacy, Aurangabad",Chhatrapati Sambhajinagar,Unaided,LSCS,State Level,Ladies,32600,
2022-23,D Pharmacy,CAP Round I,02603,"Mangaldeep Institute Of Pharmacy, Aurangabad",Chhatrapati Sambhajinagar,Unaided,GSTS,State Level,Any,44487,
2022-23,D Pharmacy,CAP Round I,02603,"Mangaldeep Institute Of Pharmacy, Aurangabad",Chhatrapati Sambhajinagar,Unaided,LSTS,State Level,Ladies,48776,
2022-23,D Pharmacy,CAP Round I,02603,"Mangaldeep Institute Of Pharmacy, Aurangabad",Chhatrapati Sambhajinagar,Unaided,GVJS,State Level,Any,20535,
2022-23,D Pharmacy,CAP Round I,02603,"Mangaldeep Institute Of Pharmacy, Aurangabad",Chhatrapati Sambhajinagar,Unaided,LVJS,State Level,Ladies,22105,
2022-23,D Pharmacy,CAP Round I,02603,"Mangaldeep Institute Of Pharmacy, Aurangabad",Chhatrapati Sambhajinagar,Unaided,GNT1S,State Level,Any,26299,
2022-23,D Pharmacy,CAP Round I,02603,"Mangaldeep Institute Of Pharmacy, Aurangabad",Chhatrapati Sambhajinagar,Unaided,GNT2S,State Level,Any,26692,
2022-23,D Pharmacy,CAP Round I,02603,"Mangaldeep Institute Of Pharmacy, Aurangabad",Chhatrapati Sambhajinagar,Unaided,LNT2S,State Level,Ladies,29826,
2022-23,D Pharmacy,CAP Round I,02603,"Mangaldeep Institute Of Pharmacy, Aurangabad",Chhatrapati Sambhajinagar,Unaided,GNT3S,State Level,Any,20791,
2022-23,D Pharmacy,CAP Round I,02603,"Mangaldeep Institute Of Pharmacy, Aurangabad",Chhatrapati Sambhajinagar,Unaided,GOBCS,State Level,Any,38992,
2022-23,D Pharmacy,CAP Round I,02603,"Mangaldeep Institute Of Pharmacy, Aurangabad",Chhatrapati Sambhajinagar,Unaided,LOBCS,State Level,Ladies,34133,
2022-23,D Pharmacy,CAP Round I,02603,"Mangaldeep Institute Of Pharmacy, Aurangabad",Chhatrapati Sambhajinagar,Unaided,EWS,Special,Any,20018,
2022-23,D Pharmacy,CAP Round I,02603,"Mangaldeep Institute Of Pharmacy, Aurangabad",Chhatrapati Sambhajinagar,Unaided,TFWS,Special,Any,12661,
2022-23,D Pharmacy,CAP Round I,02604,"Nbs Institute Of Pharmacy, Ausa",Latur,Unaided,GOPENS,State Level,Any,26948,
2022-23,D Pharmacy,CAP Round I,02604,"Nbs Institute Of Pharmacy, Ausa",Latur,Unaided,LOPENS,State Level,Ladies,18123,
2022-23,D Pharmacy,CAP Round I,02604,"Nbs Institute Of Pharmacy, Ausa",Latur,Unaided,GSCS,State Level,Any,51025,
2022-23,D Pharmacy,CAP Round I,02604,"Nbs Institute Of Pharmacy, Ausa",Latur,Unaided,LSCS,State Level,Ladies,45220,
2022-23,D Pharmacy,CAP Round I,02604,"Nbs Institute Of Pharmacy, Ausa",Latur,Unaided,GVJS,State Level,Any,27490,
2022-23,D Pharmacy,CAP Round I,02604,"Nbs Institute Of Pharmacy, Ausa",Latur,Unaided,GNT1S,State Level,Any,41501,
2022-23,D Pharmacy,CAP Round I,02604,"Nbs Institute Of Pharmacy, Ausa",Latur,Unaided,LNT1S,State Level,Ladies,47693,
2022-23,D Pharmacy,CAP Round I,02604,"Nbs Institute Of Pharmacy, Ausa",Latur,Unaided,GNT2S,State Level,Any,32323,
2022-23,D Pharmacy,CAP Round I,02604,"Nbs Institute Of Pharmacy, Ausa",Latur,Unaided,LNT3S,State Level,Ladies,23481,
2022-23,D Pharmacy,CAP Round I,02604,"Nbs Institute Of Pharmacy, Ausa",Latur,Unaided,GOBCS,State Level,Any,49730,
2022-23,D Pharmacy,CAP Round I,02604,"Nbs Institute Of Pharmacy, Ausa",Latur,Unaided,LOBCS,State Level,Ladies,46746,
2022-23,D Pharmacy,CAP Round I,02604,"Nbs Institute Of Pharmacy, Ausa",Latur,Unaided,PWDOPENS,State Level,Any,41464,
2022-23,D Pharmacy,CAP Round I,02604,"Nbs Institute Of Pharmacy, Ausa",Latur,Unaided,EWS,Special,Any,24018,
2022-23,D Pharmacy,CAP Round I,02604,"Nbs Institute Of Pharmacy, Ausa",Latur,Unaided,TFWS,Special,Any,7230,
2022-23,D Pharmacy,CAP Round I,02605,"JGVVS's Suyash College Of Pharmacy, Warud, Jafrabad",Jalna,Unaided,GOPENS,State Level,Any,6895,
2022-23,D Pharmacy,CAP Round I,02605,"JGVVS's Suyash College Of Pharmacy, Warud, Jafrabad",Jalna,Unaided,LOPENS,State Level,Ladies,6373,
2022-23,D Pharmacy,CAP Round I,02605,"JGVVS's Suyash College Of Pharmacy, Warud, Jafrabad",Jalna,Unaided,GSCS,State Level,Any,23723,
2022-23,D Pharmacy,CAP Round I,02605,"JGVVS's Suyash College Of Pharmacy, Warud, Jafrabad",Jalna,Unaided,LSCS,State Level,Ladies,20462,
2022-23,D Pharmacy,CAP Round I,02605,"JGVVS's Suyash College Of Pharmacy, Warud, Jafrabad",Jalna,Unaided,GSTS,State Level,Any,29474,
2022-23,D Pharmacy,CAP Round I,02605,"JGVVS's Suyash College Of Pharmacy, Warud, Jafrabad",Jalna,Unaided,GVJS,State Level,Any,18067,
2022-23,D Pharmacy,CAP Round I,02605,"JGVVS's Suyash College Of Pharmacy, Warud, Jafrabad",Jalna,Unaided,LNT1S,State Level,Ladies,47655,
2022-23,D Pharmacy,CAP Round I,02605,"JGVVS's Suyash College Of Pharmacy, Warud, Jafrabad",Jalna,Unaided,GNT2S,State Level,Any,16243,
2022-23,D Pharmacy,CAP Round I,02605,"JGVVS's Suyash College Of Pharmacy, Warud, Jafrabad",Jalna,Unaided,GNT3S,State Level,Any,7012,
2022-23,D Pharmacy,CAP Round I,02605,"JGVVS's Suyash College Of Pharmacy, Warud, Jafrabad",Jalna,Unaided,GOBCS,State Level,Any,14443,
2022-23,D Pharmacy,CAP Round I,02605,"JGVVS's Suyash College Of Pharmacy, Warud, Jafrabad",Jalna,Unaided,LOBCS,State Level,Ladies,10760,
2022-23,D Pharmacy,CAP Round I,02605,"JGVVS's Suyash College Of Pharmacy, Warud, Jafrabad",Jalna,Unaided,PWDOPENS,State Level,Any,56390,
2022-23,D Pharmacy,CAP Round I,02605,"JGVVS's Suyash College Of Pharmacy, Warud, Jafrabad",Jalna,Unaided,EWS,Special,Any,6492,
2022-23,D Pharmacy,CAP Round I,02605,"JGVVS's Suyash College Of Pharmacy, Warud, Jafrabad",Jalna,Unaided,TFWS,Special,Any,646,
2022-23,D Pharmacy,CAP Round I,02606,"Ambadasrao Warpudkar Institute Of Pharmacy, Warpud",Palghar,Unaided,GOPENS,State Level,Any,24908,
2022-23,D Pharmacy,CAP Round I,02606,"Ambadasrao Warpudkar Institute Of Pharmacy, Warpud",Palghar,Unaided,LOPENS,State Level,Ladies,24820,
2022-23,D Pharmacy,CAP Round I,02606,"Ambadasrao Warpudkar Institute Of Pharmacy, Warpud",Palghar,Unaided,GSCS,State Level,Any,48813,
2022-23,D Pharmacy,CAP Round I,02606,"Ambadasrao Warpudkar Institute Of Pharmacy, Warpud",Palghar,Unaided,LSCS,State Level,Ladies,44107,
2022-23,D Pharmacy,CAP Round I,02606,"Ambadasrao Warpudkar Institute Of Pharmacy, Warpud",Palghar,Unaided,GSTS,State Level,Any,81213,
2022-23,D Pharmacy,CAP Round I,02606,"Ambadasrao Warpudkar Institute Of Pharmacy, Warpud",Palghar,Unaided,GVJS,State Level,Any,27404,
2022-23,D Pharmacy,CAP Round I,02606,"Ambadasrao Warpudkar Institute Of Pharmacy, Warpud",Palghar,Unaided,LVJS,State Level,Ladies,33481,
2022-23,D Pharmacy,CAP Round I,02606,"Ambadasrao Warpudkar Institute Of Pharmacy, Warpud",Palghar,Unaided,GNT1S,State Level,Any,46167,
2022-23,D Pharmacy,CAP Round I,02606,"Ambadasrao Warpudkar Institute Of Pharmacy, Warpud",Palghar,Unaided,GNT2S,State Level,Any,31778,
2022-23,D Pharmacy,CAP Round I,02606,"Ambadasrao Warpudkar Institute Of Pharmacy, Warpud",Palghar,Unaided,LNT2S,State Level,Ladies,29315,
2022-23,D Pharmacy,CAP Round I,02606,"Ambadasrao Warpudkar Institute Of Pharmacy, Warpud",Palghar,Unaided,GNT3S,State Level,Any,28498,
2022-23,D Pharmacy,CAP Round I,02606,"Ambadasrao Warpudkar Institute Of Pharmacy, Warpud",Palghar,Unaided,GOBCS,State Level,Any,56749,
2022-23,D Pharmacy,CAP Round I,02606,"Ambadasrao Warpudkar Institute Of Pharmacy, Warpud",Palghar,Unaided,LOBCS,State Level,Ladies,57407,
2022-23,D Pharmacy,CAP Round I,02606,"Ambadasrao Warpudkar Institute Of Pharmacy, Warpud",Palghar,Unaided,EWS,Special,Any,24826,
2022-23,D Pharmacy,CAP Round I,02606,"Ambadasrao Warpudkar Institute Of Pharmacy, Warpud",Palghar,Unaided,TFWS,Special,Any,16926,
2022-23,D Pharmacy,CAP Round I,02607,"Shenfadu Fakirba Sonawane Institute Of Pharmacy, Phulumbri",Chhatrapati Sambhajinagar,Unaided,GOPENS,State Level,Any,13516,
2022-23,D Pharmacy,CAP Round I,02607,"Shenfadu Fakirba Sonawane Institute Of Pharmacy, Phulumbri",Chhatrapati Sambhajinagar,Unaided,LOPENS,State Level,Ladies,8953,
2022-23,D Pharmacy,CAP Round I,02607,"Shenfadu Fakirba Sonawane Institute Of Pharmacy, Phulumbri",Chhatrapati Sambhajinagar,Unaided,GSCS,State Level,Any,37710,
2022-23,D Pharmacy,CAP Round I,02607,"Shenfadu Fakirba Sonawane Institute Of Pharmacy, Phulumbri",Chhatrapati Sambhajinagar,Unaided,LSCS,State Level,Ladies,42578,
2022-23,D Pharmacy,CAP Round I,02607,"Shenfadu Fakirba Sonawane Institute Of Pharmacy, Phulumbri",Chhatrapati Sambhajinagar,Unaided,GVJS,State Level,Any,29508,
2022-23,D Pharmacy,CAP Round I,02607,"Shenfadu Fakirba Sonawane Institute Of Pharmacy, Phulumbri",Chhatrapati Sambhajinagar,Unaided,LVJS,State Level,Ladies,32182,
2022-23,D Pharmacy,CAP Round I,02607,"Shenfadu Fakirba Sonawane Institute Of Pharmacy, Phulumbri",Chhatrapati Sambhajinagar,Unaided,GNT1S,State Level,Any,38498,
2022-23,D Pharmacy,CAP Round I,02607,"Shenfadu Fakirba Sonawane Institute Of Pharmacy, Phulumbri",Chhatrapati Sambhajinagar,Unaided,GNT2S,State Level,Any,14397,
2022-23,D Pharmacy,CAP Round I,02607,"Shenfadu Fakirba Sonawane Institute Of Pharmacy, Phulumbri",Chhatrapati Sambhajinagar,Unaided,LNT3S,State Level,Ladies,22453,
2022-23,D Pharmacy,CAP Round I,02607,"Shenfadu Fakirba Sonawane Institute Of Pharmacy, Phulumbri",Chhatrapati Sambhajinagar,Unaided,GOBCS,State Level,Any,39737,
2022-23,D Pharmacy,CAP Round I,02607,"Shenfadu Fakirba Sonawane Institute Of Pharmacy, Phulumbri",Chhatrapati Sambhajinagar,Unaided,LOBCS,State Level,Ladies,20847,
2022-23,D Pharmacy,CAP Round I,02607,"Shenfadu Fakirba Sonawane Institute Of Pharmacy, Phulumbri",Chhatrapati Sambhajinagar,Unaided,PWDOPENS,State Level,Any,25144,
2022-23,D Pharmacy,CAP Round I,02607,"Shenfadu Fakirba Sonawane Institute Of Pharmacy, Phulumbri",Chhatrapati Sambhajinagar,Unaided,EWS,Special,Any,11015,
2022-23,D Pharmacy,CAP Round I,02607,"Shenfadu Fakirba Sonawane Institute Of Pharmacy, Phulumbri",Chhatrapati Sambhajinagar,Unaided,TFWS,Special,Any,5483,
2022-23,D Pharmacy,CAP Round I,02608,"Shri Sai Institute Of Pharmacy And Research, Aurangabad",Chhatrapati Sambhajinagar,Unaided,GOPENS,State Level,Any,18738,
2022-23,D Pharmacy,CAP Round I,02608,"Shri Sai Institute Of Pharmacy And Research, Aurangabad",Chhatrapati Sambhajinagar,Unaided,LOPENS,State Level,Ladies,13279,
2022-23,D Pharmacy,CAP Round I,02608,"Shri Sai Institute Of Pharmacy And Research, Aurangabad",Chhatrapati Sambhajinagar,Unaided,GSCS,State Level,Any,28899,
2022-23,D Pharmacy,CAP Round I,02608,"Shri Sai Institute Of Pharmacy And Research, Aurangabad",Chhatrapati Sambhajinagar,Unaided,LSCS,State Level,Ladies,19483,
2022-23,D Pharmacy,CAP Round I,02608,"Shri Sai Institute Of Pharmacy And Research, Aurangabad",Chhatrapati Sambhajinagar,Unaided,GSTS,State Level,Any,36985,
2022-23,D Pharmacy,CAP Round I,02608,"Shri Sai Institute Of Pharmacy And Research, Aurangabad",Chhatrapati Sambhajinagar,Unaided,LSTS,State Level,Ladies,36548,
2022-23,D Pharmacy,CAP Round I,02608,"Shri Sai Institute Of Pharmacy And Research, Aurangabad",Chhatrapati Sambhajinagar,Unaided,GVJS,State Level,Any,19911,
2022-23,D Pharmacy,CAP Round I,02608,"Shri Sai Institute Of Pharmacy And Research, Aurangabad",Chhatrapati Sambhajinagar,Unaided,GNT1S,State Level,Any,23677,
2022-23,D Pharmacy,CAP Round I,02608,"Shri Sai Institute Of Pharmacy And Research, Aurangabad",Chhatrapati Sambhajinagar,Unaided,GNT2S,State Level,Any,21539,
2022-23,D Pharmacy,CAP Round I,02608,"Shri Sai Institute Of Pharmacy And Research, Aurangabad",Chhatrapati Sambhajinagar,Unaided,LNT2S,State Level,Ladies,19524,
2022-23,D Pharmacy,CAP Round I,02608,"Shri Sai Institute Of Pharmacy And Research, Aurangabad",Chhatrapati Sambhajinagar,Unaided,GNT3S,State Level,Any,20580,
2022-23,D Pharmacy,CAP Round I,02608,"Shri Sai Institute Of Pharmacy And Research, Aurangabad",Chhatrapati Sambhajinagar,Unaided,GOBCS,State Level,Any,30131,
2022-23,D Pharmacy,CAP Round I,02608,"Shri Sai Institute Of Pharmacy And Research, Aurangabad",Chhatrapati Sambhajinagar,Unaided,LOBCS,State Level,Ladies,29181,
2022-23,D Pharmacy,CAP Round I,02608,"Shri Sai Institute Of Pharmacy And Research, Aurangabad",Chhatrapati Sambhajinagar,Unaided,PWDOPENS,State Level,Any,21239,
2022-23,D Pharmacy,CAP Round I,02608,"Shri Sai Institute Of Pharmacy And Research, Aurangabad",Chhatrapati Sambhajinagar,Unaided,EWS,Special,Any,15110,
2022-23,D Pharmacy,CAP Round I,02608,"Shri Sai Institute Of Pharmacy And Research, Aurangabad",Chhatrapati Sambhajinagar,Unaided,TFWS,Special,Any,6535,
2022-23,D Pharmacy,CAP Round I,02609,Vasant Pharmacy College Kaij,Beed,Unaided,GOPENS,State Level,Any,16399,
2022-23,D Pharmacy,CAP Round I,02609,Vasant Pharmacy College Kaij,Beed,Unaided,LOPENS,State Level,Ladies,8955,
2022-23,D Pharmacy,CAP Round I,02609,Vasant Pharmacy College Kaij,Beed,Unaided,GSCS,State Level,Any,34447,
2022-23,D Pharmacy,CAP Round I,02609,Vasant Pharmacy College Kaij,Beed,Unaided,LSCS,State Level,Ladies,29494,
2022-23,D Pharmacy,CAP Round I,02609,Vasant Pharmacy College Kaij,Beed,Unaided,GVJS,State Level,Any,23550,
2022-23,D Pharmacy,CAP Round I,02609,Vasant Pharmacy College Kaij,Beed,Unaided,GNT1S,State Level,Any,34525,
2022-23,D Pharmacy,CAP Round I,02609,Vasant Pharmacy College Kaij,Beed,Unaided,LNT1S,State Level,Ladies,77252,
2022-23,D Pharmacy,CAP Round I,02609,Vasant Pharmacy College Kaij,Beed,Unaided,GNT2S,State Level,Any,25223,
2022-23,D Pharmacy,CAP Round I,02609,Vasant Pharmacy College Kaij,Beed,Unaided,LNT2S,State Level,Ladies,33884,
2022-23,D Pharmacy,CAP Round I,02609,Vasant Pharmacy College Kaij,Beed,Unaided,GNT3S,State Level,Any,20859,
2022-23,D Pharmacy,CAP Round I,02609,Vasant Pharmacy College Kaij,Beed,Unaided,GOBCS,State Level,Any,38730,
2022-23,D Pharmacy,CAP Round I,02609,Vasant Pharmacy College Kaij,Beed,Unaided,LOBCS,State Level,Ladies,79988,
2022-23,D Pharmacy,CAP Round I,02609,Vasant Pharmacy College Kaij,Beed,Unaided,EWS,Special,Any,18183,
2022-23,D Pharmacy,CAP Round I,02609,Vasant Pharmacy College Kaij,Beed,Unaided,TFWS,Special,Any,7131,
2022-23,D Pharmacy,CAP Round I,02610,"Shivprasad College Of Pharmacy, mukhed",Nanded,Unaided,GOPENS,State Level,Any,10888,
2022-23,D Pharmacy,CAP Round I,02610,"Shivprasad College Of Pharmacy, mukhed",Nanded,Unaided,LOPENS,State Level,Ladies,4198,
2022-23,D Pharmacy,CAP Round I,02610,"Shivprasad College Of Pharmacy, mukhed",Nanded,Unaided,GSCS,State Level,Any,16002,
2022-23,D Pharmacy,CAP Round I,02610,"Shivprasad College Of Pharmacy, mukhed",Nanded,Unaided,LSCS,State Level,Ladies,7416,
2022-23,D Pharmacy,CAP Round I,02610,"Shivprasad College Of Pharmacy, mukhed",Nanded,Unaided,GSTS,State Level,Any,60650,
2022-23,D Pharmacy,CAP Round I,02610,"Shivprasad College Of Pharmacy, mukhed",Nanded,Unaided,LSTS,State Level,Ladies,49902,
2022-23,D Pharmacy,CAP Round I,02610,"Shivprasad College Of Pharmacy, mukhed",Nanded,Unaided,GVJS,State Level,Any,11175,
2022-23,D Pharmacy,CAP Round I,02610,"Shivprasad College Of Pharmacy, mukhed",Nanded,Unaided,GNT1S,State Level,Any,15977,
2022-23,D Pharmacy,CAP Round I,02610,"Shivprasad College Of Pharmacy, mukhed",Nanded,Unaided,GNT2S,State Level,Any,10995,
2022-23,D Pharmacy,CAP Round I,02610,"Shivprasad College Of Pharmacy, mukhed",Nanded,Unaided,LNT2S,State Level,Ladies,4988,
2022-23,D Pharmacy,CAP Round I,02610,"Shivprasad College Of Pharmacy, mukhed",Nanded,Unaided,GNT3S,State Level,Any,11781,
2022-23,D Pharmacy,CAP Round I,02610,"Shivprasad College Of Pharmacy, mukhed",Nanded,Unaided,GOBCS,State Level,Any,31903,
2022-23,D Pharmacy,CAP Round I,02610,"Shivprasad College Of Pharmacy, mukhed",Nanded,Unaided,LOBCS,State Level,Ladies,29199,
2022-23,D Pharmacy,CAP Round I,02610,"Shivprasad College Of Pharmacy, mukhed",Nanded,Unaided,PWDOPENS,State Level,Any,83951,
2022-23,D Pharmacy,CAP Round I,02610,"Shivprasad College Of Pharmacy, mukhed",Nanded,Unaided,EWS,Special,Any,16581,
2022-23,D Pharmacy,CAP Round I,02610,"Shivprasad College Of Pharmacy, mukhed",Nanded,Unaided,TFWS,Special,Any,13300,
2022-23,D Pharmacy,CAP Round I,02611,"Kadam College Of Pharmacy, Vaijapur",Chhatrapati Sambhajinagar,Unaided,GOPENS,State Level,Any,26662,
2022-23,D Pharmacy,CAP Round I,02611,"Kadam College Of Pharmacy, Vaijapur",Chhatrapati Sambhajinagar,Unaided,LOPENS,State Level,Ladies,24727,
2022-23,D Pharmacy,CAP Round I,02611,"Kadam College Of Pharmacy, Vaijapur",Chhatrapati Sambhajinagar,Unaided,GSCS,State Level,Any,51473,
2022-23,D Pharmacy,CAP Round I,02611,"Kadam College Of Pharmacy, Vaijapur",Chhatrapati Sambhajinagar,Unaided,LSCS,State Level,Ladies,44540,
2022-23,D Pharmacy,CAP Round I,02611,"Kadam College Of Pharmacy, Vaijapur",Chhatrapati Sambhajinagar,Unaided,GSTS,State Level,Any,50764,
2022-23,D Pharmacy,CAP Round I,02611,"Kadam College Of Pharmacy, Vaijapur",Chhatrapati Sambhajinagar,Unaided,GVJS,State Level,Any,30617,
2022-23,D Pharmacy,CAP Round I,02611,"Kadam College Of Pharmacy, Vaijapur",Chhatrapati Sambhajinagar,Unaided,LVJS,State Level,Ladies,29577,
2022-23,D Pharmacy,CAP Round I,02611,"Kadam College Of Pharmacy, Vaijapur",Chhatrapati Sambhajinagar,Unaided,GNT1S,State Level,Any,35583,
2022-23,D Pharmacy,CAP Round I,02611,"Kadam College Of Pharmacy, Vaijapur",Chhatrapati Sambhajinagar,Unaided,GNT2S,State Level,Any,28731,
2022-23,D Pharmacy,CAP Round I,02611,"Kadam College Of Pharmacy, Vaijapur",Chhatrapati Sambhajinagar,Unaided,LNT3S,State Level,Ladies,32681,
2022-23,D Pharmacy,CAP Round I,02611,"Kadam College Of Pharmacy, Vaijapur",Chhatrapati Sambhajinagar,Unaided,GOBCS,State Level,Any,50281,
2022-23,D Pharmacy,CAP Round I,02611,"Kadam College Of Pharmacy, Vaijapur",Chhatrapati Sambhajinagar,Unaided,LOBCS,State Level,Ladies,33713,
2022-23,D Pharmacy,CAP Round I,02611,"Kadam College Of Pharmacy, Vaijapur",Chhatrapati Sambhajinagar,Unaided,EWS,Special,Any,23663,
2022-23,D Pharmacy,CAP Round I,02611,"Kadam College Of Pharmacy, Vaijapur",Chhatrapati Sambhajinagar,Unaided,TFWS,Special,Any,6930,
2022-23,D Pharmacy,CAP Round I,02612,"Shrimati Latatai Baburao Patil Institute Of Pharmacy, Khandgaon, Bendri",Amravati,Unaided,GOPENS,State Level,Any,9613,
2022-23,D Pharmacy,CAP Round I,02612,"Shrimati Latatai Baburao Patil Institute Of Pharmacy, Khandgaon, Bendri",Amravati,Unaided,LOPENS,State Level,Ladies,2743,
2022-23,D Pharmacy,CAP Round I,02612,"Shrimati Latatai Baburao Patil Institute Of Pharmacy, Khandgaon, Bendri",Amravati,Unaided,GSCS,State Level,Any,14250,
2022-23,D Pharmacy,CAP Round I,02612,"Shrimati Latatai Baburao Patil Institute Of Pharmacy, Khandgaon, Bendri",Amravati,Unaided,LSCS,State Level,Ladies,11161,
2022-23,D Pharmacy,CAP Round I,02612,"Shrimati Latatai Baburao Patil Institute Of Pharmacy, Khandgaon, Bendri",Amravati,Unaided,GSTS,State Level,Any,75822,
2022-23,D Pharmacy,CAP Round I,02612,"Shrimati Latatai Baburao Patil Institute Of Pharmacy, Khandgaon, Bendri",Amravati,Unaided,LSTS,State Level,Ladies,80412,
2022-23,D Pharmacy,CAP Round I,02612,"Shrimati Latatai Baburao Patil Institute Of Pharmacy, Khandgaon, Bendri",Amravati,Unaided,GVJS,State Level,Any,18334,
2022-23,D Pharmacy,CAP Round I,02612,"Shrimati Latatai Baburao Patil Institute Of Pharmacy, Khandgaon, Bendri",Amravati,Unaided,LVJS,State Level,Ladies,14290,
2022-23,D Pharmacy,CAP Round I,02612,"Shrimati Latatai Baburao Patil Institute Of Pharmacy, Khandgaon, Bendri",Amravati,Unaided,GNT1S,State Level,Any,13604,
2022-23,D Pharmacy,CAP Round I,02612,"Shrimati Latatai Baburao Patil Institute Of Pharmacy, Khandgaon, Bendri",Amravati,Unaided,GNT2S,State Level,Any,10747,
2022-23,D Pharmacy,CAP Round I,02612,"Shrimati Latatai Baburao Patil Institute Of Pharmacy, Khandgaon, Bendri",Amravati,Unaided,LNT2S,State Level,Ladies,9173,
2022-23,D Pharmacy,CAP Round I,02612,"Shrimati Latatai Baburao Patil Institute Of Pharmacy, Khandgaon, Bendri",Amravati,Unaided,GNT3S,State Level,Any,28762,
2022-23,D Pharmacy,CAP Round I,02612,"Shrimati Latatai Baburao Patil Institute Of Pharmacy, Khandgaon, Bendri",Amravati,Unaided,GOBCS,State Level,Any,21152,
2022-23,D Pharmacy,CAP Round I,02612,"Shrimati Latatai Baburao Patil Institute Of Pharmacy, Khandgaon, Bendri",Amravati,Unaided,LOBCS,State Level,Ladies,14794,
2022-23,D Pharmacy,CAP Round I,02612,"Shrimati Latatai Baburao Patil Institute Of Pharmacy, Khandgaon, Bendri",Amravati,Unaided,PWDOPENS,State Level,Any,26107,
2022-23,D Pharmacy,CAP Round I,02612,"Shrimati Latatai Baburao Patil Institute Of Pharmacy, Khandgaon, Bendri",Amravati,Unaided,EWS,Special,Any,13418,
2022-23,D Pharmacy,CAP Round I,02612,"Shrimati Latatai Baburao Patil Institute Of Pharmacy, Khandgaon, Bendri",Amravati,Unaided,TFWS,Special,Any,965,
2022-23,D Pharmacy,CAP Round I,02613,"Valmik Naik College Of Pharmacy, Telwadi, Kannad",Chhatrapati Sambhajinagar,Unaided,GOPENS,State Level,Any,26546,
2022-23,D Pharmacy,CAP Round I,02613,"Valmik Naik College Of Pharmacy, Telwadi, Kannad",Chhatrapati Sambhajinagar,Unaided,LOPENS,State Level,Ladies,19878,
2022-23,D Pharmacy,CAP Round I,02613,"Valmik Naik College Of Pharmacy, Telwadi, Kannad",Chhatrapati Sambhajinagar,Unaided,GSCS,State Level,Any,53524,
2022-23,D Pharmacy,CAP Round I,02613,"Valmik Naik College Of Pharmacy, Telwadi, Kannad",Chhatrapati Sambhajinagar,Unaided,LSCS,State Level,Ladies,51723,
2022-23,D Pharmacy,CAP Round I,02613,"Valmik Naik College Of Pharmacy, Telwadi, Kannad",Chhatrapati Sambhajinagar,Unaided,GSTS,State Level,Any,52022,
2022-23,D Pharmacy,CAP Round I,02613,"Valmik Naik College Of Pharmacy, Telwadi, Kannad",Chhatrapati Sambhajinagar,Unaided,LSTS,State Level,Ladies,52350,
2022-23,D Pharmacy,CAP Round I,02613,"Valmik Naik College Of Pharmacy, Telwadi, Kannad",Chhatrapati Sambhajinagar,Unaided,GVJS,State Level,Any,29858,
2022-23,D Pharmacy,CAP Round I,02613,"Valmik Naik College Of Pharmacy, Telwadi, Kannad",Chhatrapati Sambhajinagar,Unaided,GNT1S,State Level,Any,34336,
2022-23,D Pharmacy,CAP Round I,02613,"Valmik Naik College Of Pharmacy, Telwadi, Kannad",Chhatrapati Sambhajinagar,Unaided,LNT1S,State Level,Ladies,55629,
2022-23,D Pharmacy,CAP Round I,02613,"Valmik Naik College Of Pharmacy, Telwadi, Kannad",Chhatrapati Sambhajinagar,Unaided,GNT2S,State Level,Any,35091,
2022-23,D Pharmacy,CAP Round I,02613,"Valmik Naik College Of Pharmacy, Telwadi, Kannad",Chhatrapati Sambhajinagar,Unaided,LNT2S,State Level,Ladies,29435,
2022-23,D Pharmacy,CAP Round I,02613,"Valmik Naik College Of Pharmacy, Telwadi, Kannad",Chhatrapati Sambhajinagar,Unaided,GNT3S,State Level,Any,34552,
2022-23,D Pharmacy,CAP Round I,02613,"Valmik Naik College Of Pharmacy, Telwadi, Kannad",Chhatrapati Sambhajinagar,Unaided,GOBCS,State Level,Any,50346,
2022-23,D Pharmacy,CAP Round I,02613,"Valmik Naik College Of Pharmacy, Telwadi, Kannad",Chhatrapati Sambhajinagar,Unaided,LOBCS,State Level,Ladies,48465,
2022-23,D Pharmacy,CAP Round I,02613,"Valmik Naik College Of Pharmacy, Telwadi, Kannad",Chhatrapati Sambhajinagar,Unaided,EWS,Special,Any,23888,
2022-23,D Pharmacy,CAP Round I,02613,"Valmik Naik College Of Pharmacy, Telwadi, Kannad",Chhatrapati Sambhajinagar,Unaided,TFWS,Special,Any,14929,
2022-23,D Pharmacy,CAP Round I,02614,"Aurangabad Pharmacy College, Mitmita",Chhatrapati Sambhajinagar,Relogious Minority Muslim & Linguistic Minority Urdu,GOPENS,State Level,Any,14470,
2022-23,D Pharmacy,CAP Round I,02614,"Aurangabad Pharmacy College, Mitmita",Chhatrapati Sambhajinagar,Relogious Minority Muslim & Linguistic Minority Urdu,LOPENS,State Level,Ladies,9095,
2022-23,D Pharmacy,CAP Round I,02614,"Aurangabad Pharmacy College, Mitmita",Chhatrapati Sambhajinagar,Relogious Minority Muslim & Linguistic Minority Urdu,MI,Special,Any,20666,
2022-23,D Pharmacy,CAP Round I,02614,"Aurangabad Pharmacy College, Mitmita",Chhatrapati Sambhajinagar,Relogious Minority Muslim & Linguistic Minority Urdu,TFWS,Special,Any,10325,
2022-23,D Pharmacy,CAP Round I,02615,"Kohinoor Education Society's Kohinoor Institute Of D Pharmacy, Khuldabad",Chhatrapati Sambhajinagar,Religious Minority - Muslim,GOPENS,State Level,Any,23120,
2022-23,D Pharmacy,CAP Round I,02615,"Kohinoor Education Society's Kohinoor Institute Of D Pharmacy, Khuldabad",Chhatrapati Sambhajinagar,Religious Minority - Muslim,LOPENS,State Level,Ladies,22767,
2022-23,D Pharmacy,CAP Round I,02615,"Kohinoor Education Society's Kohinoor Institute Of D Pharmacy, Khuldabad",Chhatrapati Sambhajinagar,Religious Minority - Muslim,MI,Special,Any,27826,
2022-23,D Pharmacy,CAP Round I,02615,"Kohinoor Education Society's Kohinoor Institute Of D Pharmacy, Khuldabad",Chhatrapati Sambhajinagar,Religious Minority - Muslim,TFWS,Special,Any,6179,
2022-23,D Pharmacy,CAP Round I,02617,"Ismail Mehta College Of Pharmacy, Ambad",Jalna,Religious Minority - Muslim,GOPENS,State Level,Any,18572,
2022-23,D Pharmacy,CAP Round I,02617,"Ismail Mehta College Of Pharmacy, Ambad",Jalna,Religious Minority - Muslim,LOPENS,State Level,Ladies,15427,
2022-23,D Pharmacy,CAP Round I,02617,"Ismail Mehta College Of Pharmacy, Ambad",Jalna,Religious Minority - Muslim,MI,Special,Any,40526,
2022-23,D Pharmacy,CAP Round I,02617,"Ismail Mehta College Of Pharmacy, Ambad",Jalna,Religious Minority - Muslim,TFWS,Special,Any,6862,
2022-23,D Pharmacy,CAP Round I,02618,"Shri Sambhaji College Of Pharmacy, Nanded",Nanded,Unaided,GOPENS,State Level,Any,9885,
2022-23,D Pharmacy,CAP Round I,02618,"Shri Sambhaji College Of Pharmacy, Nanded",Nanded,Unaided,LOPENS,State Level,Ladies,9607,
2022-23,D Pharmacy,CAP Round I,02618,"Shri Sambhaji College Of Pharmacy, Nanded",Nanded,Unaided,GSCS,State Level,Any,13187,
2022-23,D Pharmacy,CAP Round I,02618,"Shri Sambhaji College Of Pharmacy, Nanded",Nanded,Unaided,LSCS,State Level,Ladies,10073,
2022-23,D Pharmacy,CAP Round I,02618,"Shri Sambhaji College Of Pharmacy, Nanded",Nanded,Unaided,GSTS,State Level,Any,46791,
2022-23,D Pharmacy,CAP Round I,02618,"Shri Sambhaji College Of Pharmacy, Nanded",Nanded,Unaided,LSTS,State Level,Ladies,12965,
2022-23,D Pharmacy,CAP Round I,02618,"Shri Sambhaji College Of Pharmacy, Nanded",Nanded,Unaided,GVJS,State Level,Any,13427,
2022-23,D Pharmacy,CAP Round I,02618,"Shri Sambhaji College Of Pharmacy, Nanded",Nanded,Unaided,GNT1S,State Level,Any,21324,
2022-23,D Pharmacy,CAP Round I,02618,"Shri Sambhaji College Of Pharmacy, Nanded",Nanded,Unaided,GNT2S,State Level,Any,12393,
2022-23,D Pharmacy,CAP Round I,02618,"Shri Sambhaji College Of Pharmacy, Nanded",Nanded,Unaided,LNT3S,State Level,Ladies,7815,
2022-23,D Pharmacy,CAP Round I,02618,"Shri Sambhaji College Of Pharmacy, Nanded",Nanded,Unaided,GOBCS,State Level,Any,22952,
2022-23,D Pharmacy,CAP Round I,02618,"Shri Sambhaji College Of Pharmacy, Nanded",Nanded,Unaided,LOBCS,State Level,Ladies,17700,
2022-23,D Pharmacy,CAP Round I,02618,"Shri Sambhaji College Of Pharmacy, Nanded",Nanded,Unaided,EWS,Special,Any,8485,
2022-23,D Pharmacy,CAP Round I,02618,"Shri Sambhaji College Of Pharmacy, Nanded",Nanded,Unaided,TFWS,Special,Any,6790,
2022-23,D Pharmacy,CAP Round I,02619,"Shramjivi Shikshan Prasarak Mandals Shramjivi College Of Pharmacy, Umerga",Dharashiv,Unaided,GOPENS,State Level,Any,26742,
2022-23,D Pharmacy,CAP Round I,02619,"Shramjivi Shikshan Prasarak Mandals Shramjivi College Of Pharmacy, Umerga",Dharashiv,Unaided,LOPENS,State Level,Ladies,17456,
2022-23,D Pharmacy,CAP Round I,02619,"Shramjivi Shikshan Prasarak Mandals Shramjivi College Of Pharmacy, Umerga",Dharashiv,Unaided,GSCS,State Level,Any,40205,
2022-23,D Pharmacy,CAP Round I,02619,"Shramjivi Shikshan Prasarak Mandals Shramjivi College Of Pharmacy, Umerga",Dharashiv,Unaided,LSCS,State Level,Ladies,39159,
2022-23,D Pharmacy,CAP Round I,02619,"Shramjivi Shikshan Prasarak Mandals Shramjivi College Of Pharmacy, Umerga",Dharashiv,Unaided,GSTS,State Level,Any,44604,
2022-23,D Pharmacy,CAP Round I,02619,"Shramjivi Shikshan Prasarak Mandals Shramjivi College Of Pharmacy, Umerga",Dharashiv,Unaided,LSTS,State Level,Ladies,27287,
2022-23,D Pharmacy,CAP Round I,02619,"Shramjivi Shikshan Prasarak Mandals Shramjivi College Of Pharmacy, Umerga",Dharashiv,Unaided,GVJS,State Level,Any,28442,
2022-23,D Pharmacy,CAP Round I,02619,"Shramjivi Shikshan Prasarak Mandals Shramjivi College Of Pharmacy, Umerga",Dharashiv,Unaided,LVJS,State Level,Ladies,51052,
2022-23,D Pharmacy,CAP Round I,02619,"Shramjivi Shikshan Prasarak Mandals Shramjivi College Of Pharmacy, Umerga",Dharashiv,Unaided,LNT1S,State Level,Ladies,64377,
2022-23,D Pharmacy,CAP Round I,02619,"Shramjivi Shikshan Prasarak Mandals Shramjivi College Of Pharmacy, Umerga",Dharashiv,Unaided,GNT2S,State Level,Any,28748,
2022-23,D Pharmacy,CAP Round I,02619,"Shramjivi Shikshan Prasarak Mandals Shramjivi College Of Pharmacy, Umerga",Dharashiv,Unaided,LNT2S,State Level,Ladies,21558,
2022-23,D Pharmacy,CAP Round I,02619,"Shramjivi Shikshan Prasarak Mandals Shramjivi College Of Pharmacy, Umerga",Dharashiv,Unaided,GNT3S,State Level,Any,30820,
2022-23,D Pharmacy,CAP Round I,02619,"Shramjivi Shikshan Prasarak Mandals Shramjivi College Of Pharmacy, Umerga",Dharashiv,Unaided,GOBCS,State Level,Any,54917,
2022-23,D Pharmacy,CAP Round I,02619,"Shramjivi Shikshan Prasarak Mandals Shramjivi College Of Pharmacy, Umerga",Dharashiv,Unaided,LOBCS,State Level,Ladies,31583,
2022-23,D Pharmacy,CAP Round I,02619,"Shramjivi Shikshan Prasarak Mandals Shramjivi College Of Pharmacy, Umerga",Dharashiv,Unaided,PWDOPENS,State Level,Any,52715,
2022-23,D Pharmacy,CAP Round I,02619,"Shramjivi Shikshan Prasarak Mandals Shramjivi College Of Pharmacy, Umerga",Dharashiv,Unaided,DEFOPENS,State Level,Any,41926,
2022-23,D Pharmacy,CAP Round I,02619,"Shramjivi Shikshan Prasarak Mandals Shramjivi College Of Pharmacy, Umerga",Dharashiv,Unaided,EWS,Special,Any,25866,
2022-23,D Pharmacy,CAP Round I,02619,"Shramjivi Shikshan Prasarak Mandals Shramjivi College Of Pharmacy, Umerga",Dharashiv,Unaided,TFWS,Special,Any,12424,
2022-23,D Pharmacy,CAP Round I,02620,"Rashtriya College of Pharmacy, Hatnoor, Kannad",Chhatrapati Sambhajinagar,Unaided,GOPENS,State Level,Any,21897,
2022-23,D Pharmacy,CAP Round I,02620,"Rashtriya College of Pharmacy, Hatnoor, Kannad",Chhatrapati Sambhajinagar,Unaided,LOPENS,State Level,Ladies,13948,
2022-23,D Pharmacy,CAP Round I,02620,"Rashtriya College of Pharmacy, Hatnoor, Kannad",Chhatrapati Sambhajinagar,Unaided,GSCS,State Level,Any,43267,
2022-23,D Pharmacy,CAP Round I,02620,"Rashtriya College of Pharmacy, Hatnoor, Kannad",Chhatrapati Sambhajinagar,Unaided,LSCS,State Level,Ladies,30079,
2022-23,D Pharmacy,CAP Round I,02620,"Rashtriya College of Pharmacy, Hatnoor, Kannad",Chhatrapati Sambhajinagar,Unaided,GSTS,State Level,Any,57009,
2022-23,D Pharmacy,CAP Round I,02620,"Rashtriya College of Pharmacy, Hatnoor, Kannad",Chhatrapati Sambhajinagar,Unaided,LSTS,State Level,Ladies,54380,
2022-23,D Pharmacy,CAP Round I,02620,"Rashtriya College of Pharmacy, Hatnoor, Kannad",Chhatrapati Sambhajinagar,Unaided,GVJS,State Level,Any,27086,
2022-23,D Pharmacy,CAP Round I,02620,"Rashtriya College of Pharmacy, Hatnoor, Kannad",Chhatrapati Sambhajinagar,Unaided,LNT1S,State Level,Ladies,65045,
2022-23,D Pharmacy,CAP Round I,02620,"Rashtriya College of Pharmacy, Hatnoor, Kannad",Chhatrapati Sambhajinagar,Unaided,GNT2S,State Level,Any,26521,
2022-23,D Pharmacy,CAP Round I,02620,"Rashtriya College of Pharmacy, Hatnoor, Kannad",Chhatrapati Sambhajinagar,Unaided,GNT3S,State Level,Any,28223,
2022-23,D Pharmacy,CAP Round I,02620,"Rashtriya College of Pharmacy, Hatnoor, Kannad",Chhatrapati Sambhajinagar,Unaided,GOBCS,State Level,Any,49450,
2022-23,D Pharmacy,CAP Round I,02620,"Rashtriya College of Pharmacy, Hatnoor, Kannad",Chhatrapati Sambhajinagar,Unaided,LOBCS,State Level,Ladies,48031,
2022-23,D Pharmacy,CAP Round I,02620,"Rashtriya College of Pharmacy, Hatnoor, Kannad",Chhatrapati Sambhajinagar,Unaided,PWDOPENS,State Level,Any,36156,
2022-23,D Pharmacy,CAP Round I,02620,"Rashtriya College of Pharmacy, Hatnoor, Kannad",Chhatrapati Sambhajinagar,Unaided,EWS,Special,Any,15592,
2022-23,D Pharmacy,CAP Round I,02620,"Rashtriya College of Pharmacy, Hatnoor, Kannad",Chhatrapati Sambhajinagar,Unaided,TFWS,Special,Any,11012,
2022-23,D Pharmacy,CAP Round I,03039,"Hydrabad (Sind) National Collegiate K.M.Kundanani Pharmacy Polytechnic,Ulhasnagar Dist-Thane",Thane,Aided,GOPENS,State Level,Any,7939,
2022-23,D Pharmacy,CAP Round I,03039,"Hydrabad (Sind) National Collegiate K.M.Kundanani Pharmacy Polytechnic,Ulhasnagar Dist-Thane",Thane,Aided,LOPENS,State Level,Ladies,6377,
2022-23,D Pharmacy,CAP Round I,03039,"Hydrabad (Sind) National Collegiate K.M.Kundanani Pharmacy Polytechnic,Ulhasnagar Dist-Thane",Thane,Aided,MI,Special,Any,83914,
2022-23,D Pharmacy,CAP Round I,03039,"Hydrabad (Sind) National Collegiate K.M.Kundanani Pharmacy Polytechnic,Ulhasnagar Dist-Thane",Thane,Aided,TFWS,Special,Any,4932,
2022-23,D Pharmacy,CAP Round I,03163,"Shri Angarsiddha Shikshan Prasarak Mandal's Diploma In Pharmacy Institute,Sangulwadi,Tal-Vaibhavwadi",Sindhudurg,Unaided,GOPENS,State Level,Any,47607,
2022-23,D Pharmacy,CAP Round I,03163,"Shri Angarsiddha Shikshan Prasarak Mandal's Diploma In Pharmacy Institute,Sangulwadi,Tal-Vaibhavwadi",Sindhudurg,Unaided,LOPENS,State Level,Ladies,42505,
2022-23,D Pharmacy,CAP Round I,03163,"Shri Angarsiddha Shikshan Prasarak Mandal's Diploma In Pharmacy Institute,Sangulwadi,Tal-Vaibhavwadi",Sindhudurg,Unaided,GSCS,State Level,Any,65323,
2022-23,D Pharmacy,CAP Round I,03163,"Shri Angarsiddha Shikshan Prasarak Mandal's Diploma In Pharmacy Institute,Sangulwadi,Tal-Vaibhavwadi",Sindhudurg,Unaided,LSCS,State Level,Ladies,54305,
2022-23,D Pharmacy,CAP Round I,03163,"Shri Angarsiddha Shikshan Prasarak Mandal's Diploma In Pharmacy Institute,Sangulwadi,Tal-Vaibhavwadi",Sindhudurg,Unaided,GVJS,State Level,Any,68734,
2022-23,D Pharmacy,CAP Round I,03163,"Shri Angarsiddha Shikshan Prasarak Mandal's Diploma In Pharmacy Institute,Sangulwadi,Tal-Vaibhavwadi",Sindhudurg,Unaided,GNT1S,State Level,Any,50402,
2022-23,D Pharmacy,CAP Round I,03163,"Shri Angarsiddha Shikshan Prasarak Mandal's Diploma In Pharmacy Institute,Sangulwadi,Tal-Vaibhavwadi",Sindhudurg,Unaided,GNT2S,State Level,Any,52714,
2022-23,D Pharmacy,CAP Round I,03163,"Shri Angarsiddha Shikshan Prasarak Mandal's Diploma In Pharmacy Institute,Sangulwadi,Tal-Vaibhavwadi",Sindhudurg,Unaided,LNT2S,State Level,Ladies,56522,
2022-23,D Pharmacy,CAP Round I,03163,"Shri Angarsiddha Shikshan Prasarak Mandal's Diploma In Pharmacy Institute,Sangulwadi,Tal-Vaibhavwadi",Sindhudurg,Unaided,GOBCS,State Level,Any,72910,
2022-23,D Pharmacy,CAP Round I,03163,"Shri Angarsiddha Shikshan Prasarak Mandal's Diploma In Pharmacy Institute,Sangulwadi,Tal-Vaibhavwadi",Sindhudurg,Unaided,LOBCS,State Level,Ladies,73547,
2022-23,D Pharmacy,CAP Round I,03163,"Shri Angarsiddha Shikshan Prasarak Mandal's Diploma In Pharmacy Institute,Sangulwadi,Tal-Vaibhavwadi",Sindhudurg,Unaided,EWS,Special,Any,53671,
2022-23,D Pharmacy,CAP Round I,03163,"Shri Angarsiddha Shikshan Prasarak Mandal's Diploma In Pharmacy Institute,Sangulwadi,Tal-Vaibhavwadi",Sindhudurg,Unaided,TFWS,Special,Any,22803,
2022-23,D Pharmacy,CAP Round I,03163,"Shri Angarsiddha Shikshan Prasarak Mandal's Diploma In Pharmacy Institute,Sangulwadi,Tal-Vaibhavwadi",Sindhudurg,Unaided,LNT3S,State Level,Ladies,67006,
2022-23,D Pharmacy,CAP Round I,03186,"Indrayani Shikshan Prasarak Mandal Shri Pushpasen Sawant College of Pharmacy, Kudal",Sindhudurg,Unaided,GOPENS,State Level,Any,65070,
2022-23,D Pharmacy,CAP Round I,03186,"Indrayani Shikshan Prasarak Mandal Shri Pushpasen Sawant College of Pharmacy, Kudal",Sindhudurg,Unaided,LOPENS,State Level,Ladies,58934,
2022-23,D Pharmacy,CAP Round I,03186,"Indrayani Shikshan Prasarak Mandal Shri Pushpasen Sawant College of Pharmacy, Kudal",Sindhudurg,Unaided,GSCS,State Level,Any,82245,
2022-23,D Pharmacy,CAP Round I,03186,"Indrayani Shikshan Prasarak Mandal Shri Pushpasen Sawant College of Pharmacy, Kudal",Sindhudurg,Unaided,LSCS,State Level,Ladies,75513,
2022-23,D Pharmacy,CAP Round I,03186,"Indrayani Shikshan Prasarak Mandal Shri Pushpasen Sawant College of Pharmacy, Kudal",Sindhudurg,Unaided,GVJS,State Level,Any,76406,
2022-23,D Pharmacy,CAP Round I,03186,"Indrayani Shikshan Prasarak Mandal Shri Pushpasen Sawant College of Pharmacy, Kudal",Sindhudurg,Unaided,GNT2S,State Level,Any,65430,
2022-23,D Pharmacy,CAP Round I,03186,"Indrayani Shikshan Prasarak Mandal Shri Pushpasen Sawant College of Pharmacy, Kudal",Sindhudurg,Unaided,LNT2S,State Level,Ladies,69035,
2022-23,D Pharmacy,CAP Round I,03186,"Indrayani Shikshan Prasarak Mandal Shri Pushpasen Sawant College of Pharmacy, Kudal",Sindhudurg,Unaided,GOBCS,State Level,Any,76835,
2022-23,D Pharmacy,CAP Round I,03186,"Indrayani Shikshan Prasarak Mandal Shri Pushpasen Sawant College of Pharmacy, Kudal",Sindhudurg,Unaided,LOBCS,State Level,Ladies,65715,
2022-23,D Pharmacy,CAP Round I,03186,"Indrayani Shikshan Prasarak Mandal Shri Pushpasen Sawant College of Pharmacy, Kudal",Sindhudurg,Unaided,EWS,Special,Any,62144,
2022-23,D Pharmacy,CAP Round I,03186,"Indrayani Shikshan Prasarak Mandal Shri Pushpasen Sawant College of Pharmacy, Kudal",Sindhudurg,Unaided,TFWS,Special,Any,55311,
2022-23,D Pharmacy,CAP Round I,03186,"Indrayani Shikshan Prasarak Mandal Shri Pushpasen Sawant College of Pharmacy, Kudal",Sindhudurg,Unaided,LNT1S,State Level,Ladies,72235,
2022-23,D Pharmacy,CAP Round I,03205,"Bharati Vidyapeeth College of Pharmacy, Belapur, Navi Mumbai",Mumbai,Unaided,GOPENS,State Level,Any,16119,
2022-23,D Pharmacy,CAP Round I,03205,"Bharati Vidyapeeth College of Pharmacy, Belapur, Navi Mumbai",Mumbai,Unaided,LOPENS,State Level,Ladies,8690,
2022-23,D Pharmacy,CAP Round I,03205,"Bharati Vidyapeeth College of Pharmacy, Belapur, Navi Mumbai",Mumbai,Unaided,GSCS,State Level,Any,32940,
2022-23,D Pharmacy,CAP Round I,03205,"Bharati Vidyapeeth College of Pharmacy, Belapur, Navi Mumbai",Mumbai,Unaided,LSCS,State Level,Ladies,24416,
2022-23,D Pharmacy,CAP Round I,03205,"Bharati Vidyapeeth College of Pharmacy, Belapur, Navi Mumbai",Mumbai,Unaided,GSTS,State Level,Any,39883,
2022-23,D Pharmacy,CAP Round I,03205,"Bharati Vidyapeeth College of Pharmacy, Belapur, Navi Mumbai",Mumbai,Unaided,LSTS,State Level,Ladies,17670,
2022-23,D Pharmacy,CAP Round I,03205,"Bharati Vidyapeeth College of Pharmacy, Belapur, Navi Mumbai",Mumbai,Unaided,GVJS,State Level,Any,22391,
2022-23,D Pharmacy,CAP Round I,03205,"Bharati Vidyapeeth College of Pharmacy, Belapur, Navi Mumbai",Mumbai,Unaided,LVJS,State Level,Ladies,28854,
2022-23,D Pharmacy,CAP Round I,03205,"Bharati Vidyapeeth College of Pharmacy, Belapur, Navi Mumbai",Mumbai,Unaided,GNT1S,State Level,Any,17352,
2022-23,D Pharmacy,CAP Round I,03205,"Bharati Vidyapeeth College of Pharmacy, Belapur, Navi Mumbai",Mumbai,Unaided,GNT2S,State Level,Any,23433,
2022-23,D Pharmacy,CAP Round I,03205,"Bharati Vidyapeeth College of Pharmacy, Belapur, Navi Mumbai",Mumbai,Unaided,GNT3S,State Level,Any,22328,
2022-23,D Pharmacy,CAP Round I,03205,"Bharati Vidyapeeth College of Pharmacy, Belapur, Navi Mumbai",Mumbai,Unaided,GOBCS,State Level,Any,30564,
2022-23,D Pharmacy,CAP Round I,03205,"Bharati Vidyapeeth College of Pharmacy, Belapur, Navi Mumbai",Mumbai,Unaided,LOBCS,State Level,Ladies,28597,
2022-23,D Pharmacy,CAP Round I,03205,"Bharati Vidyapeeth College of Pharmacy, Belapur, Navi Mumbai",Mumbai,Unaided,PWDOPENS,State Level,Any,24798,
2022-23,D Pharmacy,CAP Round I,03205,"Bharati Vidyapeeth College of Pharmacy, Belapur, Navi Mumbai",Mumbai,Unaided,DEFOPENS,State Level,Any,27136,
2022-23,D Pharmacy,CAP Round I,03205,"Bharati Vidyapeeth College of Pharmacy, Belapur, Navi Mumbai",Mumbai,Unaided,EWS,Special,Any,36259,
2022-23,D Pharmacy,CAP Round I,03205,"Bharati Vidyapeeth College of Pharmacy, Belapur, Navi Mumbai",Mumbai,Unaided,TFWS,Special,Any,10360,
2022-23,D Pharmacy,CAP Round I,03225,"Saraswathi Vidya Bhavan's College of Pharmacy, Dombivli",Thane,Linguistic Minority - Tamil,GOPENS,State Level,Any,25099,
2022-23,D Pharmacy,CAP Round I,03225,"Saraswathi Vidya Bhavan's College of Pharmacy, Dombivli",Thane,Linguistic Minority - Tamil,LOPENS,State Level,Ladies,15797,
2022-23,D Pharmacy,CAP Round I,03225,"Saraswathi Vidya Bhavan's College of Pharmacy, Dombivli",Thane,Linguistic Minority - Tamil,TFWS,Special,Any,6034,
2022-23,D Pharmacy,CAP Round I,03233,"Govindrao Nikam College Of Pharmacy, Sawarde",Sindhudurg,Unaided,GOPENS,State Level,Any,38839,
2022-23,D Pharmacy,CAP Round I,03233,"Govindrao Nikam College Of Pharmacy, Sawarde",Sindhudurg,Unaided,LOPENS,State Level,Ladies,44921,
2022-23,D Pharmacy,CAP Round I,03233,"Govindrao Nikam College Of Pharmacy, Sawarde",Sindhudurg,Unaided,GSCS,State Level,Any,54964,
2022-23,D Pharmacy,CAP Round I,03233,"Govindrao Nikam College Of Pharmacy, Sawarde",Sindhudurg,Unaided,LSCS,State Level,Ladies,66866,
2022-23,D Pharmacy,CAP Round I,03233,"Govindrao Nikam College Of Pharmacy, Sawarde",Sindhudurg,Unaided,GVJS,State Level,Any,50665,
2022-23,D Pharmacy,CAP Round I,03233,"Govindrao Nikam College Of Pharmacy, Sawarde",Sindhudurg,Unaided,GNT1S,State Level,Any,55557,
2022-23,D Pharmacy,CAP Round I,03233,"Govindrao Nikam College Of Pharmacy, Sawarde",Sindhudurg,Unaided,LNT1S,State Level,Ladies,47187,
2022-23,D Pharmacy,CAP Round I,03233,"Govindrao Nikam College Of Pharmacy, Sawarde",Sindhudurg,Unaided,GNT2S,State Level,Any,64428,
2022-23,D Pharmacy,CAP Round I,03233,"Govindrao Nikam College Of Pharmacy, Sawarde",Sindhudurg,Unaided,LNT2S,State Level,Ladies,63955,
2022-23,D Pharmacy,CAP Round I,03233,"Govindrao Nikam College Of Pharmacy, Sawarde",Sindhudurg,Unaided,GNT3S,State Level,Any,60459,
2022-23,D Pharmacy,CAP Round I,03233,"Govindrao Nikam College Of Pharmacy, Sawarde",Sindhudurg,Unaided,GOBCS,State Level,Any,55460,
2022-23,D Pharmacy,CAP Round I,03233,"Govindrao Nikam College Of Pharmacy, Sawarde",Sindhudurg,Unaided,LOBCS,State Level,Ladies,51594,
2022-23,D Pharmacy,CAP Round I,03233,"Govindrao Nikam College Of Pharmacy, Sawarde",Sindhudurg,Unaided,PWDOPENS,State Level,Any,70582,
2022-23,D Pharmacy,CAP Round I,03233,"Govindrao Nikam College Of Pharmacy, Sawarde",Sindhudurg,Unaided,EWS,Special,Any,57742,
2022-23,D Pharmacy,CAP Round I,03233,"Govindrao Nikam College Of Pharmacy, Sawarde",Sindhudurg,Unaided,TFWS,Special,Any,23314,
2022-23,D Pharmacy,CAP Round I,03235,"Gahlot Institute of Pharmacy, Koparkhairane, Navi Mumbai",Mumbai,Unaided,GOPENS,State Level,Any,24489,
2022-23,D Pharmacy,CAP Round I,03235,"Gahlot Institute of Pharmacy, Koparkhairane, Navi Mumbai",Mumbai,Unaided,LOPENS,State Level,Ladies,20607,
2022-23,D Pharmacy,CAP Round I,03235,"Gahlot Institute of Pharmacy, Koparkhairane, Navi Mumbai",Mumbai,Unaided,GSCS,State Level,Any,40184,
2022-23,D Pharmacy,CAP Round I,03235,"Gahlot Institute of Pharmacy, Koparkhairane, Navi Mumbai",Mumbai,Unaided,LSCS,State Level,Ladies,33261,
2022-23,D Pharmacy,CAP Round I,03235,"Gahlot Institute of Pharmacy, Koparkhairane, Navi Mumbai",Mumbai,Unaided,GSTS,State Level,Any,47040,
2022-23,D Pharmacy,CAP Round I,03235,"Gahlot Institute of Pharmacy, Koparkhairane, Navi Mumbai",Mumbai,Unaided,LSTS,State Level,Ladies,34647,
2022-23,D Pharmacy,CAP Round I,03235,"Gahlot Institute of Pharmacy, Koparkhairane, Navi Mumbai",Mumbai,Unaided,GVJS,State Level,Any,24942,
2022-23,D Pharmacy,CAP Round I,03235,"Gahlot Institute of Pharmacy, Koparkhairane, Navi Mumbai",Mumbai,Unaided,GNT1S,State Level,Any,26078,
2022-23,D Pharmacy,CAP Round I,03235,"Gahlot Institute of Pharmacy, Koparkhairane, Navi Mumbai",Mumbai,Unaided,GNT2S,State Level,Any,28326,
2022-23,D Pharmacy,CAP Round I,03235,"Gahlot Institute of Pharmacy, Koparkhairane, Navi Mumbai",Mumbai,Unaided,LNT2S,State Level,Ladies,25128,
2022-23,D Pharmacy,CAP Round I,03235,"Gahlot Institute of Pharmacy, Koparkhairane, Navi Mumbai",Mumbai,Unaided,GNT3S,State Level,Any,32089,
2022-23,D Pharmacy,CAP Round I,03235,"Gahlot Institute of Pharmacy, Koparkhairane, Navi Mumbai",Mumbai,Unaided,GOBCS,State Level,Any,49043,
2022-23,D Pharmacy,CAP Round I,03235,"Gahlot Institute of Pharmacy, Koparkhairane, Navi Mumbai",Mumbai,Unaided,LOBCS,State Level,Ladies,39234,
2022-23,D Pharmacy,CAP Round I,03235,"Gahlot Institute of Pharmacy, Koparkhairane, Navi Mumbai",Mumbai,Unaided,PWDOPENS,State Level,Any,42957,
2022-23,D Pharmacy,CAP Round I,03235,"Gahlot Institute of Pharmacy, Koparkhairane, Navi Mumbai",Mumbai,Unaided,DEFOPENS,State Level,Any,1761,
2022-23,D Pharmacy,CAP Round I,03235,"Gahlot Institute of Pharmacy, Koparkhairane, Navi Mumbai",Mumbai,Unaided,EWS,Special,Any,45274,
2022-23,D Pharmacy,CAP Round I,03235,"Gahlot Institute of Pharmacy, Koparkhairane, Navi Mumbai",Mumbai,Unaided,TFWS,Special,Any,14032,
2022-23,D Pharmacy,CAP Round I,03236,"Konkan Gyanpeeth Rahul Dharkar College of Pharmacy & Research Institute, Karjat, Dahivali, Karjat Dist. Raigad",Raigad,Unaided,GOPENS,State Level,Any,38138,
2022-23,D Pharmacy,CAP Round I,03236,"Konkan Gyanpeeth Rahul Dharkar College of Pharmacy & Research Institute, Karjat, Dahivali, Karjat Dist. Raigad",Raigad,Unaided,LOPENS,State Level,Ladies,30917,
2022-23,D Pharmacy,CAP Round I,03236,"Konkan Gyanpeeth Rahul Dharkar College of Pharmacy & Research Institute, Karjat, Dahivali, Karjat Dist. Raigad",Raigad,Unaided,GSCS,State Level,Any,63518,
2022-23,D Pharmacy,CAP Round I,03236,"Konkan Gyanpeeth Rahul Dharkar College of Pharmacy & Research Institute, Karjat, Dahivali, Karjat Dist. Raigad",Raigad,Unaided,LSCS,State Level,Ladies,49066,
2022-23,D Pharmacy,CAP Round I,03236,"Konkan Gyanpeeth Rahul Dharkar College of Pharmacy & Research Institute, Karjat, Dahivali, Karjat Dist. Raigad",Raigad,Unaided,GSTS,State Level,Any,56815,
2022-23,D Pharmacy,CAP Round I,03236,"Konkan Gyanpeeth Rahul Dharkar College of Pharmacy & Research Institute, Karjat, Dahivali, Karjat Dist. Raigad",Raigad,Unaided,LSTS,State Level,Ladies,64734,
2022-23,D Pharmacy,CAP Round I,03236,"Konkan Gyanpeeth Rahul Dharkar College of Pharmacy & Research Institute, Karjat, Dahivali, Karjat Dist. Raigad",Raigad,Unaided,GVJS,State Level,Any,64692,
2022-23,D Pharmacy,CAP Round I,03236,"Konkan Gyanpeeth Rahul Dharkar College of Pharmacy & Research Institute, Karjat, Dahivali, Karjat Dist. Raigad",Raigad,Unaided,LVJS,State Level,Ladies,51277,
2022-23,D Pharmacy,CAP Round I,03236,"Konkan Gyanpeeth Rahul Dharkar College of Pharmacy & Research Institute, Karjat, Dahivali, Karjat Dist. Raigad",Raigad,Unaided,GNT1S,State Level,Any,50180,
2022-23,D Pharmacy,CAP Round I,03236,"Konkan Gyanpeeth Rahul Dharkar College of Pharmacy & Research Institute, Karjat, Dahivali, Karjat Dist. Raigad",Raigad,Unaided,GNT2S,State Level,Any,60953,
2022-23,D Pharmacy,CAP Round I,03236,"Konkan Gyanpeeth Rahul Dharkar College of Pharmacy & Research Institute, Karjat, Dahivali, Karjat Dist. Raigad",Raigad,Unaided,GNT3S,State Level,Any,38512,
2022-23,D Pharmacy,CAP Round I,03236,"Konkan Gyanpeeth Rahul Dharkar College of Pharmacy & Research Institute, Karjat, Dahivali, Karjat Dist. Raigad",Raigad,Unaided,GOBCS,State Level,Any,54355,
2022-23,D Pharmacy,CAP Round I,03236,"Konkan Gyanpeeth Rahul Dharkar College of Pharmacy & Research Institute, Karjat, Dahivali, Karjat Dist. Raigad",Raigad,Unaided,LOBCS,State Level,Ladies,50671,
2022-23,D Pharmacy,CAP Round I,03236,"Konkan Gyanpeeth Rahul Dharkar College of Pharmacy & Research Institute, Karjat, Dahivali, Karjat Dist. Raigad",Raigad,Unaided,EWS,Special,Any,66010,
2022-23,D Pharmacy,CAP Round I,03236,"Konkan Gyanpeeth Rahul Dharkar College of Pharmacy & Research Institute, Karjat, Dahivali, Karjat Dist. Raigad",Raigad,Unaided,TFWS,Special,Any,16853,
2022-23,D Pharmacy,CAP Round I,03239,"Prabhodhan Shikshan Prasarak Sanshta's Indira Institute of Pharmacy, Sadavali",Ratnagiri,Unaided,GOPENS,State Level,Any,52097,
2022-23,D Pharmacy,CAP Round I,03239,"Prabhodhan Shikshan Prasarak Sanshta's Indira Institute of Pharmacy, Sadavali",Ratnagiri,Unaided,LOPENS,State Level,Ladies,35328,
2022-23,D Pharmacy,CAP Round I,03239,"Prabhodhan Shikshan Prasarak Sanshta's Indira Institute of Pharmacy, Sadavali",Ratnagiri,Unaided,GSCS,State Level,Any,70441,
2022-23,D Pharmacy,CAP Round I,03239,"Prabhodhan Shikshan Prasarak Sanshta's Indira Institute of Pharmacy, Sadavali",Ratnagiri,Unaided,LSCS,State Level,Ladies,78531,
2022-23,D Pharmacy,CAP Round I,03239,"Prabhodhan Shikshan Prasarak Sanshta's Indira Institute of Pharmacy, Sadavali",Ratnagiri,Unaided,GVJS,State Level,Any,66734,
2022-23,D Pharmacy,CAP Round I,03239,"Prabhodhan Shikshan Prasarak Sanshta's Indira Institute of Pharmacy, Sadavali",Ratnagiri,Unaided,GNT1S,State Level,Any,54286,
2022-23,D Pharmacy,CAP Round I,03239,"Prabhodhan Shikshan Prasarak Sanshta's Indira Institute of Pharmacy, Sadavali",Ratnagiri,Unaided,GNT2S,State Level,Any,57401,
2022-23,D Pharmacy,CAP Round I,03239,"Prabhodhan Shikshan Prasarak Sanshta's Indira Institute of Pharmacy, Sadavali",Ratnagiri,Unaided,LNT3S,State Level,Ladies,76900,
2022-23,D Pharmacy,CAP Round I,03239,"Prabhodhan Shikshan Prasarak Sanshta's Indira Institute of Pharmacy, Sadavali",Ratnagiri,Unaided,GOBCS,State Level,Any,63031,
2022-23,D Pharmacy,CAP Round I,03239,"Prabhodhan Shikshan Prasarak Sanshta's Indira Institute of Pharmacy, Sadavali",Ratnagiri,Unaided,LOBCS,State Level,Ladies,52796,
2022-23,D Pharmacy,CAP Round I,03239,"Prabhodhan Shikshan Prasarak Sanshta's Indira Institute of Pharmacy, Sadavali",Ratnagiri,Unaided,PWDOPENS,State Level,Any,68668,
2022-23,D Pharmacy,CAP Round I,03239,"Prabhodhan Shikshan Prasarak Sanshta's Indira Institute of Pharmacy, Sadavali",Ratnagiri,Unaided,EWS,Special,Any,67042,
2022-23,D Pharmacy,CAP Round I,03239,"Prabhodhan Shikshan Prasarak Sanshta's Indira Institute of Pharmacy, Sadavali",Ratnagiri,Unaided,TFWS,Special,Any,36770,
2022-23,D Pharmacy,CAP Round I,03239,"Prabhodhan Shikshan Prasarak Sanshta's Indira Institute of Pharmacy, Sadavali",Ratnagiri,Unaided,LVJS,State Level,Ladies,81401,
2022-23,D Pharmacy,CAP Round I,03240,"Aldel Education Trust's St. John Institute of Pharmacy and Research, Vevoor, Palghar",Palghar,Religious Minority - Christian,GOPENS,State Level,Any,17825,
2022-23,D Pharmacy,CAP Round I,03240,"Aldel Education Trust's St. John Institute of Pharmacy and Research, Vevoor, Palghar",Palghar,Religious Minority - Christian,LOPENS,State Level,Ladies,24392,
2022-23,D Pharmacy,CAP Round I,03240,"Aldel Education Trust's St. John Institute of Pharmacy and Research, Vevoor, Palghar",Palghar,Religious Minority - Christian,MI,Special,Any,68493,
2022-23,D Pharmacy,CAP Round I,03240,"Aldel Education Trust's St. John Institute of Pharmacy and Research, Vevoor, Palghar",Palghar,Religious Minority - Christian,TFWS,Special,Any,6836,
2022-23,D Pharmacy,CAP Round I,03241,"Vighnarta Trust, Shivajirao Jondhale College of Pharmacy, Shahapur",Thane,Unaided,GOPENS,State Level,Any,30413,
2022-23,D Pharmacy,CAP Round I,03241,"Vighnarta Trust, Shivajirao Jondhale College of Pharmacy, Shahapur",Thane,Unaided,LOPENS,State Level,Ladies,19827,
2022-23,D Pharmacy,CAP Round I,03241,"Vighnarta Trust, Shivajirao Jondhale College of Pharmacy, Shahapur",Thane,Unaided,GSCS,State Level,Any,43907,
2022-23,D Pharmacy,CAP Round I,03241,"Vighnarta Trust, Shivajirao Jondhale College of Pharmacy, Shahapur",Thane,Unaided,LSCS,State Level,Ladies,35427,
2022-23,D Pharmacy,CAP Round I,03241,"Vighnarta Trust, Shivajirao Jondhale College of Pharmacy, Shahapur",Thane,Unaided,GSTS,State Level,Any,32357,
2022-23,D Pharmacy,CAP Round I,03241,"Vighnarta Trust, Shivajirao Jondhale College of Pharmacy, Shahapur",Thane,Unaided,LSTS,State Level,Ladies,28709,
2022-23,D Pharmacy,CAP Round I,03241,"Vighnarta Trust, Shivajirao Jondhale College of Pharmacy, Shahapur",Thane,Unaided,GVJS,State Level,Any,44891,
2022-23,D Pharmacy,CAP Round I,03241,"Vighnarta Trust, Shivajirao Jondhale College of Pharmacy, Shahapur",Thane,Unaided,GNT1S,State Level,Any,70579,
2022-23,D Pharmacy,CAP Round I,03241,"Vighnarta Trust, Shivajirao Jondhale College of Pharmacy, Shahapur",Thane,Unaided,LNT1S,State Level,Ladies,65154,
2022-23,D Pharmacy,CAP Round I,03241,"Vighnarta Trust, Shivajirao Jondhale College of Pharmacy, Shahapur",Thane,Unaided,GNT2S,State Level,Any,54631,
2022-23,D Pharmacy,CAP Round I,03241,"Vighnarta Trust, Shivajirao Jondhale College of Pharmacy, Shahapur",Thane,Unaided,LNT2S,State Level,Ladies,28055,
2022-23,D Pharmacy,CAP Round I,03241,"Vighnarta Trust, Shivajirao Jondhale College of Pharmacy, Shahapur",Thane,Unaided,GNT3S,State Level,Any,32163,
2022-23,D Pharmacy,CAP Round I,03241,"Vighnarta Trust, Shivajirao Jondhale College of Pharmacy, Shahapur",Thane,Unaided,GOBCS,State Level,Any,41135,
2022-23,D Pharmacy,CAP Round I,03241,"Vighnarta Trust, Shivajirao Jondhale College of Pharmacy, Shahapur",Thane,Unaided,LOBCS,State Level,Ladies,22861,
2022-23,D Pharmacy,CAP Round I,03241,"Vighnarta Trust, Shivajirao Jondhale College of Pharmacy, Shahapur",Thane,Unaided,PWDOPENS,State Level,Any,43427,
2022-23,D Pharmacy,CAP Round I,03241,"Vighnarta Trust, Shivajirao Jondhale College of Pharmacy, Shahapur",Thane,Unaided,EWS,Special,Any,61067,
2022-23,D Pharmacy,CAP Round I,03241,"Vighnarta Trust, Shivajirao Jondhale College of Pharmacy, Shahapur",Thane,Unaided,TFWS,Special,Any,25125,
2022-23,D Pharmacy,CAP Round I,03290,Sahyadri Shikshan Sanstha's College of Pharmacy Sawarde,Sindhudurg,Unaided,GOPENS,State Level,Any,49441,
2022-23,D Pharmacy,CAP Round I,03290,Sahyadri Shikshan Sanstha's College of Pharmacy Sawarde,Sindhudurg,Unaided,LOPENS,State Level,Ladies,45968,
2022-23,D Pharmacy,CAP Round I,03290,Sahyadri Shikshan Sanstha's College of Pharmacy Sawarde,Sindhudurg,Unaided,GSCS,State Level,Any,76279,
2022-23,D Pharmacy,CAP Round I,03290,Sahyadri Shikshan Sanstha's College of Pharmacy Sawarde,Sindhudurg,Unaided,LSCS,State Level,Ladies,70977,
2022-23,D Pharmacy,CAP Round I,03290,Sahyadri Shikshan Sanstha's College of Pharmacy Sawarde,Sindhudurg,Unaided,LSTS,State Level,Ladies,78603,
2022-23,D Pharmacy,CAP Round I,03290,Sahyadri Shikshan Sanstha's College of Pharmacy Sawarde,Sindhudurg,Unaided,GVJS,State Level,Any,62584,
2022-23,D Pharmacy,CAP Round I,03290,Sahyadri Shikshan Sanstha's College of Pharmacy Sawarde,Sindhudurg,Unaided,GNT1S,State Level,Any,66275,
2022-23,D Pharmacy,CAP Round I,03290,Sahyadri Shikshan Sanstha's College of Pharmacy Sawarde,Sindhudurg,Unaided,GNT2S,State Level,Any,68594,
2022-23,D Pharmacy,CAP Round I,03290,Sahyadri Shikshan Sanstha's College of Pharmacy Sawarde,Sindhudurg,Unaided,LNT2S,State Level,Ladies,71694,
2022-23,D Pharmacy,CAP Round I,03290,Sahyadri Shikshan Sanstha's College of Pharmacy Sawarde,Sindhudurg,Unaided,GNT3S,State Level,Any,54840,
2022-23,D Pharmacy,CAP Round I,03290,Sahyadri Shikshan Sanstha's College of Pharmacy Sawarde,Sindhudurg,Unaided,GOBCS,State Level,Any,65001,
2022-23,D Pharmacy,CAP Round I,03290,Sahyadri Shikshan Sanstha's College of Pharmacy Sawarde,Sindhudurg,Unaided,LOBCS,State Level,Ladies,57501,
2022-23,D Pharmacy,CAP Round I,03290,Sahyadri Shikshan Sanstha's College of Pharmacy Sawarde,Sindhudurg,Unaided,EWS,Special,Any,71015,
2022-23,D Pharmacy,CAP Round I,03290,Sahyadri Shikshan Sanstha's College of Pharmacy Sawarde,Sindhudurg,Unaided,TFWS,Special,Any,24620,
2022-23,D Pharmacy,CAP Round I,03291,"Mandar Education Society's College of Pharmacy(Diploma), Pedhambe",Ratnagiri,Unaided,GOPENS,State Level,Any,56776,
2022-23,D Pharmacy,CAP Round I,03291,"Mandar Education Society's College of Pharmacy(Diploma), Pedhambe",Ratnagiri,Unaided,LOPENS,State Level,Ladies,51773,
2022-23,D Pharmacy,CAP Round I,03291,"Mandar Education Society's College of Pharmacy(Diploma), Pedhambe",Ratnagiri,Unaided,GSCS,State Level,Any,81658,
2022-23,D Pharmacy,CAP Round I,03291,"Mandar Education Society's College of Pharmacy(Diploma), Pedhambe",Ratnagiri,Unaided,LSCS,State Level,Ladies,78146,
2022-23,D Pharmacy,CAP Round I,03291,"Mandar Education Society's College of Pharmacy(Diploma), Pedhambe",Ratnagiri,Unaided,GSTS,State Level,Any,72636,
2022-23,D Pharmacy,CAP Round I,03291,"Mandar Education Society's College of Pharmacy(Diploma), Pedhambe",Ratnagiri,Unaided,LNT1S,State Level,Ladies,77276,
2022-23,D Pharmacy,CAP Round I,03291,"Mandar Education Society's College of Pharmacy(Diploma), Pedhambe",Ratnagiri,Unaided,GNT2S,State Level,Any,69986,
2022-23,D Pharmacy,CAP Round I,03291,"Mandar Education Society's College of Pharmacy(Diploma), Pedhambe",Ratnagiri,Unaided,GNT3S,State Level,Any,71873,
2022-23,D Pharmacy,CAP Round I,03291,"Mandar Education Society's College of Pharmacy(Diploma), Pedhambe",Ratnagiri,Unaided,GOBCS,State Level,Any,67521,
2022-23,D Pharmacy,CAP Round I,03291,"Mandar Education Society's College of Pharmacy(Diploma), Pedhambe",Ratnagiri,Unaided,LOBCS,State Level,Ladies,64750,
2022-23,D Pharmacy,CAP Round I,03291,"Mandar Education Society's College of Pharmacy(Diploma), Pedhambe",Ratnagiri,Unaided,EWS,Special,Any,79717,
2022-23,D Pharmacy,CAP Round I,03291,"Mandar Education Society's College of Pharmacy(Diploma), Pedhambe",Ratnagiri,Unaided,TFWS,Special,Any,36502,
2022-23,D Pharmacy,CAP Round I,03291,"Mandar Education Society's College of Pharmacy(Diploma), Pedhambe",Ratnagiri,Unaided,LSTS,State Level,Ladies,81499,
2022-23,D Pharmacy,CAP Round I,03291,"Mandar Education Society's College of Pharmacy(Diploma), Pedhambe",Ratnagiri,Unaided,LNT2S,State Level,Ladies,72250,
2022-23,D Pharmacy,CAP Round I,03292,"Navyug Vidyapeeth Trust's Institute of Pharmacy,Mahad, Raigad",Raigad,Unaided,GOPENS,State Level,Any,59477,
2022-23,D Pharmacy,CAP Round I,03292,"Navyug Vidyapeeth Trust's Institute of Pharmacy,Mahad, Raigad",Raigad,Unaided,LOPENS,State Level,Ladies,49780,
2022-23,D Pharmacy,CAP Round I,03292,"Navyug Vidyapeeth Trust's Institute of Pharmacy,Mahad, Raigad",Raigad,Unaided,GSCS,State Level,Any,70811,
2022-23,D Pharmacy,CAP Round I,03292,"Navyug Vidyapeeth Trust's Institute of Pharmacy,Mahad, Raigad",Raigad,Unaided,LSCS,State Level,Ladies,65244,
2022-23,D Pharmacy,CAP Round I,03292,"Navyug Vidyapeeth Trust's Institute of Pharmacy,Mahad, Raigad",Raigad,Unaided,LVJS,State Level,Ladies,76816,
2022-23,D Pharmacy,CAP Round I,03292,"Navyug Vidyapeeth Trust's Institute of Pharmacy,Mahad, Raigad",Raigad,Unaided,GNT1S,State Level,Any,80874,
2022-23,D Pharmacy,CAP Round I,03292,"Navyug Vidyapeeth Trust's Institute of Pharmacy,Mahad, Raigad",Raigad,Unaided,GNT2S,State Level,Any,62980,
2022-23,D Pharmacy,CAP Round I,03292,"Navyug Vidyapeeth Trust's Institute of Pharmacy,Mahad, Raigad",Raigad,Unaided,GOBCS,State Level,Any,64952,
2022-23,D Pharmacy,CAP Round I,03292,"Navyug Vidyapeeth Trust's Institute of Pharmacy,Mahad, Raigad",Raigad,Unaided,LOBCS,State Level,Ladies,57924,
2022-23,D Pharmacy,CAP Round I,03292,"Navyug Vidyapeeth Trust's Institute of Pharmacy,Mahad, Raigad",Raigad,Unaided,EWS,Special,Any,61426,
2022-23,D Pharmacy,CAP Round I,03292,"Navyug Vidyapeeth Trust's Institute of Pharmacy,Mahad, Raigad",Raigad,Unaided,TFWS,Special,Any,40362,
2022-23,D Pharmacy,CAP Round I,03292,"Navyug Vidyapeeth Trust's Institute of Pharmacy,Mahad, Raigad",Raigad,Unaided,LNT3S,State Level,Ladies,66415,
2022-23,D Pharmacy,CAP Round I,03293,"Mumbai Education Trust's Institute Of Pharmacy, Mumbai",Mumbai,Unaided,GOPENS,State Level,Any,11934,
2022-23,D Pharmacy,CAP Round I,03293,"Mumbai Education Trust's Institute Of Pharmacy, Mumbai",Mumbai,Unaided,LOPENS,State Level,Ladies,10332,
2022-23,D Pharmacy,CAP Round I,03293,"Mumbai Education Trust's Institute Of Pharmacy, Mumbai",Mumbai,Unaided,GSCS,State Level,Any,25746,
2022-23,D Pharmacy,CAP Round I,03293,"Mumbai Education Trust's Institute Of Pharmacy, Mumbai",Mumbai,Unaided,LSCS,State Level,Ladies,18710,
2022-23,D Pharmacy,CAP Round I,03293,"Mumbai Education Trust's Institute Of Pharmacy, Mumbai",Mumbai,Unaided,GSTS,State Level,Any,30432,
2022-23,D Pharmacy,CAP Round I,03293,"Mumbai Education Trust's Institute Of Pharmacy, Mumbai",Mumbai,Unaided,LSTS,State Level,Ladies,40050,
2022-23,D Pharmacy,CAP Round I,03293,"Mumbai Education Trust's Institute Of Pharmacy, Mumbai",Mumbai,Unaided,GVJS,State Level,Any,21131,
2022-23,D Pharmacy,CAP Round I,03293,"Mumbai Education Trust's Institute Of Pharmacy, Mumbai",Mumbai,Unaided,GNT1S,State Level,Any,41687,
2022-23,D Pharmacy,CAP Round I,03293,"Mumbai Education Trust's Institute Of Pharmacy, Mumbai",Mumbai,Unaided,GNT2S,State Level,Any,29401,
2022-23,D Pharmacy,CAP Round I,03293,"Mumbai Education Trust's Institute Of Pharmacy, Mumbai",Mumbai,Unaided,LNT2S,State Level,Ladies,18918,
2022-23,D Pharmacy,CAP Round I,03293,"Mumbai Education Trust's Institute Of Pharmacy, Mumbai",Mumbai,Unaided,GNT3S,State Level,Any,28038,
2022-23,D Pharmacy,CAP Round I,03293,"Mumbai Education Trust's Institute Of Pharmacy, Mumbai",Mumbai,Unaided,GOBCS,State Level,Any,35857,
2022-23,D Pharmacy,CAP Round I,03293,"Mumbai Education Trust's Institute Of Pharmacy, Mumbai",Mumbai,Unaided,LOBCS,State Level,Ladies,30366,
2022-23,D Pharmacy,CAP Round I,03293,"Mumbai Education Trust's Institute Of Pharmacy, Mumbai",Mumbai,Unaided,EWS,Special,Any,40897,
2022-23,D Pharmacy,CAP Round I,03293,"Mumbai Education Trust's Institute Of Pharmacy, Mumbai",Mumbai,Unaided,TFWS,Special,Any,13136,
2022-23,D Pharmacy,CAP Round I,03294,"NCRD's Sterling Institute of Pharmacy, Nerul, Navi Mumbai",Mumbai,Unaided,GOPENS,State Level,Any,25463,
2022-23,D Pharmacy,CAP Round I,03294,"NCRD's Sterling Institute of Pharmacy, Nerul, Navi Mumbai",Mumbai,Unaided,LOPENS,State Level,Ladies,23522,
2022-23,D Pharmacy,CAP Round I,03294,"NCRD's Sterling Institute of Pharmacy, Nerul, Navi Mumbai",Mumbai,Unaided,GSCS,State Level,Any,38466,
2022-23,D Pharmacy,CAP Round I,03294,"NCRD's Sterling Institute of Pharmacy, Nerul, Navi Mumbai",Mumbai,Unaided,LSCS,State Level,Ladies,42648,
2022-23,D Pharmacy,CAP Round I,03294,"NCRD's Sterling Institute of Pharmacy, Nerul, Navi Mumbai",Mumbai,Unaided,GSTS,State Level,Any,56139,
2022-23,D Pharmacy,CAP Round I,03294,"NCRD's Sterling Institute of Pharmacy, Nerul, Navi Mumbai",Mumbai,Unaided,LSTS,State Level,Ladies,57749,
2022-23,D Pharmacy,CAP Round I,03294,"NCRD's Sterling Institute of Pharmacy, Nerul, Navi Mumbai",Mumbai,Unaided,GVJS,State Level,Any,32966,
2022-23,D Pharmacy,CAP Round I,03294,"NCRD's Sterling Institute of Pharmacy, Nerul, Navi Mumbai",Mumbai,Unaided,LVJS,State Level,Ladies,45419,
2022-23,D Pharmacy,CAP Round I,03294,"NCRD's Sterling Institute of Pharmacy, Nerul, Navi Mumbai",Mumbai,Unaided,GNT1S,State Level,Any,51329,
2022-23,D Pharmacy,CAP Round I,03294,"NCRD's Sterling Institute of Pharmacy, Nerul, Navi Mumbai",Mumbai,Unaided,GNT2S,State Level,Any,26589,
2022-23,D Pharmacy,CAP Round I,03294,"NCRD's Sterling Institute of Pharmacy, Nerul, Navi Mumbai",Mumbai,Unaided,LNT2S,State Level,Ladies,32067,
2022-23,D Pharmacy,CAP Round I,03294,"NCRD's Sterling Institute of Pharmacy, Nerul, Navi Mumbai",Mumbai,Unaided,GNT3S,State Level,Any,36235,
2022-23,D Pharmacy,CAP Round I,03294,"NCRD's Sterling Institute of Pharmacy, Nerul, Navi Mumbai",Mumbai,Unaided,GOBCS,State Level,Any,37561,
2022-23,D Pharmacy,CAP Round I,03294,"NCRD's Sterling Institute of Pharmacy, Nerul, Navi Mumbai",Mumbai,Unaided,LOBCS,State Level,Ladies,32024,
2022-23,D Pharmacy,CAP Round I,03294,"NCRD's Sterling Institute of Pharmacy, Nerul, Navi Mumbai",Mumbai,Unaided,PWDOPENS,State Level,Any,76803,
2022-23,D Pharmacy,CAP Round I,03294,"NCRD's Sterling Institute of Pharmacy, Nerul, Navi Mumbai",Mumbai,Unaided,DEFOPENS,State Level,Any,82301,
2022-23,D Pharmacy,CAP Round I,03294,"NCRD's Sterling Institute of Pharmacy, Nerul, Navi Mumbai",Mumbai,Unaided,EWS,Special,Any,58420,
2022-23,D Pharmacy,CAP Round I,03294,"NCRD's Sterling Institute of Pharmacy, Nerul, Navi Mumbai",Mumbai,Unaided,TFWS,Special,Any,18903,
2022-23,D Pharmacy,CAP Round I,03296,"Saraswati Education Society's Yadavrao Tasgaonkar Institute Of Pharmacy(Diploma), Bhivpuri, Karjat",Raigad,Unaided,GOPENS,State Level,Any,53137,
2022-23,D Pharmacy,CAP Round I,03296,"Saraswati Education Society's Yadavrao Tasgaonkar Institute Of Pharmacy(Diploma), Bhivpuri, Karjat",Raigad,Unaided,LOPENS,State Level,Ladies,45638,
2022-23,D Pharmacy,CAP Round I,03296,"Saraswati Education Society's Yadavrao Tasgaonkar Institute Of Pharmacy(Diploma), Bhivpuri, Karjat",Raigad,Unaided,GSCS,State Level,Any,70732,
2022-23,D Pharmacy,CAP Round I,03296,"Saraswati Education Society's Yadavrao Tasgaonkar Institute Of Pharmacy(Diploma), Bhivpuri, Karjat",Raigad,Unaided,LSCS,State Level,Ladies,56602,
2022-23,D Pharmacy,CAP Round I,03296,"Saraswati Education Society's Yadavrao Tasgaonkar Institute Of Pharmacy(Diploma), Bhivpuri, Karjat",Raigad,Unaided,GSTS,State Level,Any,70891,
2022-23,D Pharmacy,CAP Round I,03296,"Saraswati Education Society's Yadavrao Tasgaonkar Institute Of Pharmacy(Diploma), Bhivpuri, Karjat",Raigad,Unaided,LSTS,State Level,Ladies,70765,
2022-23,D Pharmacy,CAP Round I,03296,"Saraswati Education Society's Yadavrao Tasgaonkar Institute Of Pharmacy(Diploma), Bhivpuri, Karjat",Raigad,Unaided,GVJS,State Level,Any,71867,
2022-23,D Pharmacy,CAP Round I,03296,"Saraswati Education Society's Yadavrao Tasgaonkar Institute Of Pharmacy(Diploma), Bhivpuri, Karjat",Raigad,Unaided,LNT1S,State Level,Ladies,68019,
2022-23,D Pharmacy,CAP Round I,03296,"Saraswati Education Society's Yadavrao Tasgaonkar Institute Of Pharmacy(Diploma), Bhivpuri, Karjat",Raigad,Unaided,GNT2S,State Level,Any,54352,
2022-23,D Pharmacy,CAP Round I,03296,"Saraswati Education Society's Yadavrao Tasgaonkar Institute Of Pharmacy(Diploma), Bhivpuri, Karjat",Raigad,Unaided,LNT3S,State Level,Ladies,71334,
2022-23,D Pharmacy,CAP Round I,03296,"Saraswati Education Society's Yadavrao Tasgaonkar Institute Of Pharmacy(Diploma), Bhivpuri, Karjat",Raigad,Unaided,GOBCS,State Level,Any,65828,
2022-23,D Pharmacy,CAP Round I,03296,"Saraswati Education Society's Yadavrao Tasgaonkar Institute Of Pharmacy(Diploma), Bhivpuri, Karjat",Raigad,Unaided,LOBCS,State Level,Ladies,61210,
2022-23,D Pharmacy,CAP Round I,03296,"Saraswati Education Society's Yadavrao Tasgaonkar Institute Of Pharmacy(Diploma), Bhivpuri, Karjat",Raigad,Unaided,EWS,Special,Any,70251,
2022-23,D Pharmacy,CAP Round I,03296,"Saraswati Education Society's Yadavrao Tasgaonkar Institute Of Pharmacy(Diploma), Bhivpuri, Karjat",Raigad,Unaided,TFWS,Special,Any,43715,
2022-23,D Pharmacy,CAP Round I,03297,"Adarsh Shikshan Mandal's Ideal College Of Pharmacy, Kalyan",Thane,Linguistic Minority - Hindi,GOPENS,State Level,Any,29385,
2022-23,D Pharmacy,CAP Round I,03297,"Adarsh Shikshan Mandal's Ideal College Of Pharmacy, Kalyan",Thane,Linguistic Minority - Hindi,LOPENS,State Level,Ladies,27035,
2022-23,D Pharmacy,CAP Round I,03297,"Adarsh Shikshan Mandal's Ideal College Of Pharmacy, Kalyan",Thane,Linguistic Minority - Hindi,MI,Special,Any,83818,
2022-23,D Pharmacy,CAP Round I,03297,"Adarsh Shikshan Mandal's Ideal College Of Pharmacy, Kalyan",Thane,Linguistic Minority - Hindi,TFWS,Special,Any,28612,
2022-23,D Pharmacy,CAP Round I,03298,"Bhartiya Education Soc.'s Institute of Pharmacy, Velshet, Tal. Roha, Dist. Raigad",Raigad,Religious Minority - Jain,GOPENS,State Level,Any,48040,
2022-23,D Pharmacy,CAP Round I,03298,"Bhartiya Education Soc.'s Institute of Pharmacy, Velshet, Tal. Roha, Dist. Raigad",Raigad,Religious Minority - Jain,LOPENS,State Level,Ladies,30785,
2022-23,D Pharmacy,CAP Round I,03298,"Bhartiya Education Soc.'s Institute of Pharmacy, Velshet, Tal. Roha, Dist. Raigad",Raigad,Religious Minority - Jain,MI,Special,Any,80959,
2022-23,D Pharmacy,CAP Round I,03298,"Bhartiya Education Soc.'s Institute of Pharmacy, Velshet, Tal. Roha, Dist. Raigad",Raigad,Religious Minority - Jain,TFWS,Special,Any,50136,
2022-23,D Pharmacy,CAP Round I,03307,Nagrik Shikshan Sanstha's College of Pharmacy,Pharmacy,Unaided,GOPENS,State Level,Any,23424,
2022-23,D Pharmacy,CAP Round I,03307,Nagrik Shikshan Sanstha's College of Pharmacy,Pharmacy,Unaided,LOPENS,State Level,Ladies,21076,
2022-23,D Pharmacy,CAP Round I,03307,Nagrik Shikshan Sanstha's College of Pharmacy,Pharmacy,Unaided,GSCS,State Level,Any,34745,
2022-23,D Pharmacy,CAP Round I,03307,Nagrik Shikshan Sanstha's College of Pharmacy,Pharmacy,Unaided,LSCS,State Level,Ladies,28463,
2022-23,D Pharmacy,CAP Round I,03307,Nagrik Shikshan Sanstha's College of Pharmacy,Pharmacy,Unaided,GSTS,State Level,Any,53930,
2022-23,D Pharmacy,CAP Round I,03307,Nagrik Shikshan Sanstha's College of Pharmacy,Pharmacy,Unaided,LSTS,State Level,Ladies,42707,
2022-23,D Pharmacy,CAP Round I,03307,Nagrik Shikshan Sanstha's College of Pharmacy,Pharmacy,Unaided,GVJS,State Level,Any,28395,
2022-23,D Pharmacy,CAP Round I,03307,Nagrik Shikshan Sanstha's College of Pharmacy,Pharmacy,Unaided,GNT1S,State Level,Any,52666,
2022-23,D Pharmacy,CAP Round I,03307,Nagrik Shikshan Sanstha's College of Pharmacy,Pharmacy,Unaided,LNT1S,State Level,Ladies,56454,
2022-23,D Pharmacy,CAP Round I,03307,Nagrik Shikshan Sanstha's College of Pharmacy,Pharmacy,Unaided,GNT2S,State Level,Any,48933,
2022-23,D Pharmacy,CAP Round I,03307,Nagrik Shikshan Sanstha's College of Pharmacy,Pharmacy,Unaided,GNT3S,State Level,Any,31137,
2022-23,D Pharmacy,CAP Round I,03307,Nagrik Shikshan Sanstha's College of Pharmacy,Pharmacy,Unaided,GOBCS,State Level,Any,50407,
2022-23,D Pharmacy,CAP Round I,03307,Nagrik Shikshan Sanstha's College of Pharmacy,Pharmacy,Unaided,LOBCS,State Level,Ladies,40988,
2022-23,D Pharmacy,CAP Round I,03307,Nagrik Shikshan Sanstha's College of Pharmacy,Pharmacy,Unaided,PWDOPENS,State Level,Any,62575,
2022-23,D Pharmacy,CAP Round I,03307,Nagrik Shikshan Sanstha's College of Pharmacy,Pharmacy,Unaided,DEFOPENS,State Level,Any,81761,
2022-23,D Pharmacy,CAP Round I,03307,Nagrik Shikshan Sanstha's College of Pharmacy,Pharmacy,Unaided,EWS,Special,Any,41557,
2022-23,D Pharmacy,CAP Round I,03307,Nagrik Shikshan Sanstha's College of Pharmacy,Pharmacy,Unaided,TFWS,Special,Any,13978,
2022-23,D Pharmacy,CAP Round I,03428,"Bharati Vidyapeeth Institute of Pharmacy, Belapur Navi Mumbai",Mumbai,Unaided,GOPENS,State Level,Any,27448,
2022-23,D Pharmacy,CAP Round I,03428,"Bharati Vidyapeeth Institute of Pharmacy, Belapur Navi Mumbai",Mumbai,Unaided,LOPENS,State Level,Ladies,23399,
2022-23,D Pharmacy,CAP Round I,03428,"Bharati Vidyapeeth Institute of Pharmacy, Belapur Navi Mumbai",Mumbai,Unaided,GSCS,State Level,Any,37925,
2022-23,D Pharmacy,CAP Round I,03428,"Bharati Vidyapeeth Institute of Pharmacy, Belapur Navi Mumbai",Mumbai,Unaided,LSCS,State Level,Ladies,37613,
2022-23,D Pharmacy,CAP Round I,03428,"Bharati Vidyapeeth Institute of Pharmacy, Belapur Navi Mumbai",Mumbai,Unaided,GSTS,State Level,Any,41956,
2022-23,D Pharmacy,CAP Round I,03428,"Bharati Vidyapeeth Institute of Pharmacy, Belapur Navi Mumbai",Mumbai,Unaided,LSTS,State Level,Ladies,67117,
2022-23,D Pharmacy,CAP Round I,03428,"Bharati Vidyapeeth Institute of Pharmacy, Belapur Navi Mumbai",Mumbai,Unaided,GVJS,State Level,Any,44688,
2022-23,D Pharmacy,CAP Round I,03428,"Bharati Vidyapeeth Institute of Pharmacy, Belapur Navi Mumbai",Mumbai,Unaided,LVJS,State Level,Ladies,36309,
2022-23,D Pharmacy,CAP Round I,03428,"Bharati Vidyapeeth Institute of Pharmacy, Belapur Navi Mumbai",Mumbai,Unaided,GNT1S,State Level,Any,49253,
2022-23,D Pharmacy,CAP Round I,03428,"Bharati Vidyapeeth Institute of Pharmacy, Belapur Navi Mumbai",Mumbai,Unaided,GNT2S,State Level,Any,27817,
2022-23,D Pharmacy,CAP Round I,03428,"Bharati Vidyapeeth Institute of Pharmacy, Belapur Navi Mumbai",Mumbai,Unaided,LNT2S,State Level,Ladies,24106,
2022-23,D Pharmacy,CAP Round I,03428,"Bharati Vidyapeeth Institute of Pharmacy, Belapur Navi Mumbai",Mumbai,Unaided,GNT3S,State Level,Any,32488,
2022-23,D Pharmacy,CAP Round I,03428,"Bharati Vidyapeeth Institute of Pharmacy, Belapur Navi Mumbai",Mumbai,Unaided,GOBCS,State Level,Any,46762,
2022-23,D Pharmacy,CAP Round I,03428,"Bharati Vidyapeeth Institute of Pharmacy, Belapur Navi Mumbai",Mumbai,Unaided,LOBCS,State Level,Ladies,41807,
2022-23,D Pharmacy,CAP Round I,03428,"Bharati Vidyapeeth Institute of Pharmacy, Belapur Navi Mumbai",Mumbai,Unaided,PWDOPENS,State Level,Any,73238,
2022-23,D Pharmacy,CAP Round I,03428,"Bharati Vidyapeeth Institute of Pharmacy, Belapur Navi Mumbai",Mumbai,Unaided,DEFOPENS,State Level,Any,76776,
2022-23,D Pharmacy,CAP Round I,03428,"Bharati Vidyapeeth Institute of Pharmacy, Belapur Navi Mumbai",Mumbai,Unaided,EWS,Special,Any,50898,
2022-23,D Pharmacy,CAP Round I,03428,"Bharati Vidyapeeth Institute of Pharmacy, Belapur Navi Mumbai",Mumbai,Unaided,TFWS,Special,Any,23814,
2022-23,D Pharmacy,CAP Round I,03480,"Yashwantrao Bhonsale College of Pharmacy, A/P Charathe, Sawantwadi",Sindhudurg,Unaided,GOPENS,State Level,Any,62646,
2022-23,D Pharmacy,CAP Round I,03480,"Yashwantrao Bhonsale College of Pharmacy, A/P Charathe, Sawantwadi",Sindhudurg,Unaided,LOPENS,State Level,Ladies,41981,
2022-23,D Pharmacy,CAP Round I,03480,"Yashwantrao Bhonsale College of Pharmacy, A/P Charathe, Sawantwadi",Sindhudurg,Unaided,GSCS,State Level,Any,83196,
2022-23,D Pharmacy,CAP Round I,03480,"Yashwantrao Bhonsale College of Pharmacy, A/P Charathe, Sawantwadi",Sindhudurg,Unaided,LSCS,State Level,Ladies,80233,
2022-23,D Pharmacy,CAP Round I,03480,"Yashwantrao Bhonsale College of Pharmacy, A/P Charathe, Sawantwadi",Sindhudurg,Unaided,GNT1S,State Level,Any,75988,
2022-23,D Pharmacy,CAP Round I,03480,"Yashwantrao Bhonsale College of Pharmacy, A/P Charathe, Sawantwadi",Sindhudurg,Unaided,GNT2S,State Level,Any,67697,
2022-23,D Pharmacy,CAP Round I,03480,"Yashwantrao Bhonsale College of Pharmacy, A/P Charathe, Sawantwadi",Sindhudurg,Unaided,LNT2S,State Level,Ladies,75713,
2022-23,D Pharmacy,CAP Round I,03480,"Yashwantrao Bhonsale College of Pharmacy, A/P Charathe, Sawantwadi",Sindhudurg,Unaided,GOBCS,State Level,Any,77562,
2022-23,D Pharmacy,CAP Round I,03480,"Yashwantrao Bhonsale College of Pharmacy, A/P Charathe, Sawantwadi",Sindhudurg,Unaided,LOBCS,State Level,Ladies,64216,
2022-23,D Pharmacy,CAP Round I,03480,"Yashwantrao Bhonsale College of Pharmacy, A/P Charathe, Sawantwadi",Sindhudurg,Unaided,DEFOPENS,State Level,Any,62097,
2022-23,D Pharmacy,CAP Round I,03480,"Yashwantrao Bhonsale College of Pharmacy, A/P Charathe, Sawantwadi",Sindhudurg,Unaided,EWS,Special,Any,61085,
2022-23,D Pharmacy,CAP Round I,03480,"Yashwantrao Bhonsale College of Pharmacy, A/P Charathe, Sawantwadi",Sindhudurg,Unaided,TFWS,Special,Any,57299,
2022-23,D Pharmacy,CAP Round I,03485,"St. Wilfred's Institute of Pharmacy, Panvel",Raigad,Unaided,GOPENS,State Level,Any,40734,
2022-23,D Pharmacy,CAP Round I,03485,"St. Wilfred's Institute of Pharmacy, Panvel",Raigad,Unaided,LOPENS,State Level,Ladies,35418,
2022-23,D Pharmacy,CAP Round I,03485,"St. Wilfred's Institute of Pharmacy, Panvel",Raigad,Unaided,GSCS,State Level,Any,50258,
2022-23,D Pharmacy,CAP Round I,03485,"St. Wilfred's Institute of Pharmacy, Panvel",Raigad,Unaided,LSCS,State Level,Ladies,46574,
2022-23,D Pharmacy,CAP Round I,03485,"St. Wilfred's Institute of Pharmacy, Panvel",Raigad,Unaided,GSTS,State Level,Any,58092,
2022-23,D Pharmacy,CAP Round I,03485,"St. Wilfred's Institute of Pharmacy, Panvel",Raigad,Unaided,LSTS,State Level,Ladies,36255,
2022-23,D Pharmacy,CAP Round I,03485,"St. Wilfred's Institute of Pharmacy, Panvel",Raigad,Unaided,GVJS,State Level,Any,49904,
2022-23,D Pharmacy,CAP Round I,03485,"St. Wilfred's Institute of Pharmacy, Panvel",Raigad,Unaided,GNT1S,State Level,Any,48563,
2022-23,D Pharmacy,CAP Round I,03485,"St. Wilfred's Institute of Pharmacy, Panvel",Raigad,Unaided,GNT2S,State Level,Any,41327,
2022-23,D Pharmacy,CAP Round I,03485,"St. Wilfred's Institute of Pharmacy, Panvel",Raigad,Unaided,LNT2S,State Level,Ladies,39748,
2022-23,D Pharmacy,CAP Round I,03485,"St. Wilfred's Institute of Pharmacy, Panvel",Raigad,Unaided,GNT3S,State Level,Any,46841,
2022-23,D Pharmacy,CAP Round I,03485,"St. Wilfred's Institute of Pharmacy, Panvel",Raigad,Unaided,GOBCS,State Level,Any,53980,
2022-23,D Pharmacy,CAP Round I,03485,"St. Wilfred's Institute of Pharmacy, Panvel",Raigad,Unaided,LOBCS,State Level,Ladies,48456,
2022-23,D Pharmacy,CAP Round I,03485,"St. Wilfred's Institute of Pharmacy, Panvel",Raigad,Unaided,EWS,Special,Any,64848,
2022-23,D Pharmacy,CAP Round I,03485,"St. Wilfred's Institute of Pharmacy, Panvel",Raigad,Unaided,TFWS,Special,Any,29793,
2022-23,D Pharmacy,CAP Round I,03486,"Shree Saraswati Institute of Pharmacy, At Post Tondavali, Kankavali",Kolhapur,Unaided,GOPENS,State Level,Any,64502,
2022-23,D Pharmacy,CAP Round I,03486,"Shree Saraswati Institute of Pharmacy, At Post Tondavali, Kankavali",Kolhapur,Unaided,LOPENS,State Level,Ladies,60536,
2022-23,D Pharmacy,CAP Round I,03486,"Shree Saraswati Institute of Pharmacy, At Post Tondavali, Kankavali",Kolhapur,Unaided,GSCS,State Level,Any,83570,
2022-23,D Pharmacy,CAP Round I,03486,"Shree Saraswati Institute of Pharmacy, At Post Tondavali, Kankavali",Kolhapur,Unaided,LSCS,State Level,Ladies,80166,
2022-23,D Pharmacy,CAP Round I,03486,"Shree Saraswati Institute of Pharmacy, At Post Tondavali, Kankavali",Kolhapur,Unaided,GNT2S,State Level,Any,68617,
2022-23,D Pharmacy,CAP Round I,03486,"Shree Saraswati Institute of Pharmacy, At Post Tondavali, Kankavali",Kolhapur,Unaided,GNT3S,State Level,Any,80027,
2022-23,D Pharmacy,CAP Round I,03486,"Shree Saraswati Institute of Pharmacy, At Post Tondavali, Kankavali",Kolhapur,Unaided,GOBCS,State Level,Any,82505,
2022-23,D Pharmacy,CAP Round I,03486,"Shree Saraswati Institute of Pharmacy, At Post Tondavali, Kankavali",Kolhapur,Unaided,LOBCS,State Level,Ladies,79408,
2022-23,D Pharmacy,CAP Round I,03486,"Shree Saraswati Institute of Pharmacy, At Post Tondavali, Kankavali",Kolhapur,Unaided,EWS,Special,Any,67644,
2022-23,D Pharmacy,CAP Round I,03486,"Shree Saraswati Institute of Pharmacy, At Post Tondavali, Kankavali",Kolhapur,Unaided,TFWS,Special,Any,32252,
2022-23,D Pharmacy,CAP Round I,03487,"Ideal Institute of Pharmacy, Wada",Palghar,Unaided,GOPENS,State Level,Any,37780,
2022-23,D Pharmacy,CAP Round I,03487,"Ideal Institute of Pharmacy, Wada",Palghar,Unaided,LOPENS,State Level,Ladies,37726,
2022-23,D Pharmacy,CAP Round I,03487,"Ideal Institute of Pharmacy, Wada",Palghar,Unaided,GSCS,State Level,Any,78956,
2022-23,D Pharmacy,CAP Round I,03487,"Ideal Institute of Pharmacy, Wada",Palghar,Unaided,LSCS,State Level,Ladies,68218,
2022-23,D Pharmacy,CAP Round I,03487,"Ideal Institute of Pharmacy, Wada",Palghar,Unaided,GSTS,State Level,Any,43920,
2022-23,D Pharmacy,CAP Round I,03487,"Ideal Institute of Pharmacy, Wada",Palghar,Unaided,LSTS,State Level,Ladies,39614,
2022-23,D Pharmacy,CAP Round I,03487,"Ideal Institute of Pharmacy, Wada",Palghar,Unaided,GVJS,State Level,Any,63484,
2022-23,D Pharmacy,CAP Round I,03487,"Ideal Institute of Pharmacy, Wada",Palghar,Unaided,GNT1S,State Level,Any,73346,
2022-23,D Pharmacy,CAP Round I,03487,"Ideal Institute of Pharmacy, Wada",Palghar,Unaided,LNT1S,State Level,Ladies,57322,
2022-23,D Pharmacy,CAP Round I,03487,"Ideal Institute of Pharmacy, Wada",Palghar,Unaided,GNT2S,State Level,Any,55334,
2022-23,D Pharmacy,CAP Round I,03487,"Ideal Institute of Pharmacy, Wada",Palghar,Unaided,GNT3S,State Level,Any,47540,
2022-23,D Pharmacy,CAP Round I,03487,"Ideal Institute of Pharmacy, Wada",Palghar,Unaided,GOBCS,State Level,Any,57112,
2022-23,D Pharmacy,CAP Round I,03487,"Ideal Institute of Pharmacy, Wada",Palghar,Unaided,LOBCS,State Level,Ladies,44316,
2022-23,D Pharmacy,CAP Round I,03487,"Ideal Institute of Pharmacy, Wada",Palghar,Unaided,PWDOPENS,State Level,Any,82730,
2022-23,D Pharmacy,CAP Round I,03487,"Ideal Institute of Pharmacy, Wada",Palghar,Unaided,EWS,Special,Any,80117,
2022-23,D Pharmacy,CAP Round I,03487,"Ideal Institute of Pharmacy, Wada",Palghar,Unaided,TFWS,Special,Any,37793,
2022-23,D Pharmacy,CAP Round I,03489,"Yashwantrao Bhonsale College of D. Pharmacy, Charathe Vazarwadi",Pune,Unaided,GOPENS,State Level,Any,67714,
2022-23,D Pharmacy,CAP Round I,03489,"Yashwantrao Bhonsale College of D. Pharmacy, Charathe Vazarwadi",Pune,Unaided,LOPENS,State Level,Ladies,53493,
2022-23,D Pharmacy,CAP Round I,03489,"Yashwantrao Bhonsale College of D. Pharmacy, Charathe Vazarwadi",Pune,Unaided,GSCS,State Level,Any,84410,
2022-23,D Pharmacy,CAP Round I,03489,"Yashwantrao Bhonsale College of D. Pharmacy, Charathe Vazarwadi",Pune,Unaided,LSCS,State Level,Ladies,74627,
2022-23,D Pharmacy,CAP Round I,03489,"Yashwantrao Bhonsale College of D. Pharmacy, Charathe Vazarwadi",Pune,Unaided,GVJS,State Level,Any,81412,
2022-23,D Pharmacy,CAP Round I,03489,"Yashwantrao Bhonsale College of D. Pharmacy, Charathe Vazarwadi",Pune,Unaided,GNT1S,State Level,Any,75974,
2022-23,D Pharmacy,CAP Round I,03489,"Yashwantrao Bhonsale College of D. Pharmacy, Charathe Vazarwadi",Pune,Unaided,GNT2S,State Level,Any,72204,
2022-23,D Pharmacy,CAP Round I,03489,"Yashwantrao Bhonsale College of D. Pharmacy, Charathe Vazarwadi",Pune,Unaided,LNT2S,State Level,Ladies,74558,
2022-23,D Pharmacy,CAP Round I,03489,"Yashwantrao Bhonsale College of D. Pharmacy, Charathe Vazarwadi",Pune,Unaided,GOBCS,State Level,Any,83464,
2022-23,D Pharmacy,CAP Round I,03489,"Yashwantrao Bhonsale College of D. Pharmacy, Charathe Vazarwadi",Pune,Unaided,LOBCS,State Level,Ladies,65315,
2022-23,D Pharmacy,CAP Round I,03489,"Yashwantrao Bhonsale College of D. Pharmacy, Charathe Vazarwadi",Pune,Unaided,DEFOPENS,State Level,Any,43020,
2022-23,D Pharmacy,CAP Round I,03489,"Yashwantrao Bhonsale College of D. Pharmacy, Charathe Vazarwadi",Pune,Unaided,EWS,Special,Any,68100,
2022-23,D Pharmacy,CAP Round I,03489,"Yashwantrao Bhonsale College of D. Pharmacy, Charathe Vazarwadi",Pune,Unaided,TFWS,Special,Any,40449,
2022-23,D Pharmacy,CAP Round I,03490,"VP College of Pharmacy, Madkhol, Sawantwadi",Sindhudurg,Unaided,GOPENS,State Level,Any,68307,
2022-23,D Pharmacy,CAP Round I,03490,"VP College of Pharmacy, Madkhol, Sawantwadi",Sindhudurg,Unaided,LOPENS,State Level,Ladies,71421,
2022-23,D Pharmacy,CAP Round I,03490,"VP College of Pharmacy, Madkhol, Sawantwadi",Sindhudurg,Unaided,GSCS,State Level,Any,81474,
2022-23,D Pharmacy,CAP Round I,03490,"VP College of Pharmacy, Madkhol, Sawantwadi",Sindhudurg,Unaided,LSCS,State Level,Ladies,80034,
2022-23,D Pharmacy,CAP Round I,03490,"VP College of Pharmacy, Madkhol, Sawantwadi",Sindhudurg,Unaided,GNT1S,State Level,Any,75447,
2022-23,D Pharmacy,CAP Round I,03490,"VP College of Pharmacy, Madkhol, Sawantwadi",Sindhudurg,Unaided,GNT2S,State Level,Any,70761,
2022-23,D Pharmacy,CAP Round I,03490,"VP College of Pharmacy, Madkhol, Sawantwadi",Sindhudurg,Unaided,LNT2S,State Level,Ladies,74885,
2022-23,D Pharmacy,CAP Round I,03490,"VP College of Pharmacy, Madkhol, Sawantwadi",Sindhudurg,Unaided,GOBCS,State Level,Any,81416,
2022-23,D Pharmacy,CAP Round I,03490,"VP College of Pharmacy, Madkhol, Sawantwadi",Sindhudurg,Unaided,LOBCS,State Level,Ladies,77738,
2022-23,D Pharmacy,CAP Round I,03490,"VP College of Pharmacy, Madkhol, Sawantwadi",Sindhudurg,Unaided,EWS,Special,Any,80165,
2022-23,D Pharmacy,CAP Round I,03490,"VP College of Pharmacy, Madkhol, Sawantwadi",Sindhudurg,Unaided,TFWS,Special,Any,59437,
2022-23,D Pharmacy,CAP Round I,03492,"SBNM College of Pharmacy(D.Pharmacy), Mahad",Raigad,Unaided,GOPENS,State Level,Any,58836,
2022-23,D Pharmacy,CAP Round I,03492,"SBNM College of Pharmacy(D.Pharmacy), Mahad",Raigad,Unaided,LOPENS,State Level,Ladies,53263,
2022-23,D Pharmacy,CAP Round I,03492,"SBNM College of Pharmacy(D.Pharmacy), Mahad",Raigad,Unaided,GSCS,State Level,Any,81266,
2022-23,D Pharmacy,CAP Round I,03492,"SBNM College of Pharmacy(D.Pharmacy), Mahad",Raigad,Unaided,LSCS,State Level,Ladies,61462,
2022-23,D Pharmacy,CAP Round I,03492,"SBNM College of Pharmacy(D.Pharmacy), Mahad",Raigad,Unaided,LSTS,State Level,Ladies,76242,
2022-23,D Pharmacy,CAP Round I,03492,"SBNM College of Pharmacy(D.Pharmacy), Mahad",Raigad,Unaided,GVJS,State Level,Any,63850,
2022-23,D Pharmacy,CAP Round I,03492,"SBNM College of Pharmacy(D.Pharmacy), Mahad",Raigad,Unaided,GNT1S,State Level,Any,66791,
2022-23,D Pharmacy,CAP Round I,03492,"SBNM College of Pharmacy(D.Pharmacy), Mahad",Raigad,Unaided,GNT2S,State Level,Any,59154,
2022-23,D Pharmacy,CAP Round I,03492,"SBNM College of Pharmacy(D.Pharmacy), Mahad",Raigad,Unaided,LNT3S,State Level,Ladies,70201,
2022-23,D Pharmacy,CAP Round I,03492,"SBNM College of Pharmacy(D.Pharmacy), Mahad",Raigad,Unaided,GOBCS,State Level,Any,70983,
2022-23,D Pharmacy,CAP Round I,03492,"SBNM College of Pharmacy(D.Pharmacy), Mahad",Raigad,Unaided,LOBCS,State Level,Ladies,66781,
2022-23,D Pharmacy,CAP Round I,03492,"SBNM College of Pharmacy(D.Pharmacy), Mahad",Raigad,Unaided,EWS,Special,Any,57731,
2022-23,D Pharmacy,CAP Round I,03492,"SBNM College of Pharmacy(D.Pharmacy), Mahad",Raigad,Unaided,TFWS,Special,Any,49483,
2022-23,D Pharmacy,CAP Round I,03493,"Shri Angarsiddha Shikshan Prasarak Mandal's ASPM College of Pharmacy, Sangulwadi",Sindhudurg,Unaided,GOPENS,State Level,Any,57276,
2022-23,D Pharmacy,CAP Round I,03493,"Shri Angarsiddha Shikshan Prasarak Mandal's ASPM College of Pharmacy, Sangulwadi",Sindhudurg,Unaided,LOPENS,State Level,Ladies,54285,
2022-23,D Pharmacy,CAP Round I,03493,"Shri Angarsiddha Shikshan Prasarak Mandal's ASPM College of Pharmacy, Sangulwadi",Sindhudurg,Unaided,GSCS,State Level,Any,80804,
2022-23,D Pharmacy,CAP Round I,03493,"Shri Angarsiddha Shikshan Prasarak Mandal's ASPM College of Pharmacy, Sangulwadi",Sindhudurg,Unaided,GNT2S,State Level,Any,58879,
2022-23,D Pharmacy,CAP Round I,03493,"Shri Angarsiddha Shikshan Prasarak Mandal's ASPM College of Pharmacy, Sangulwadi",Sindhudurg,Unaided,LNT2S,State Level,Ladies,65307,
2022-23,D Pharmacy,CAP Round I,03493,"Shri Angarsiddha Shikshan Prasarak Mandal's ASPM College of Pharmacy, Sangulwadi",Sindhudurg,Unaided,GOBCS,State Level,Any,80681,
2022-23,D Pharmacy,CAP Round I,03493,"Shri Angarsiddha Shikshan Prasarak Mandal's ASPM College of Pharmacy, Sangulwadi",Sindhudurg,Unaided,LOBCS,State Level,Ladies,67919,
2022-23,D Pharmacy,CAP Round I,03493,"Shri Angarsiddha Shikshan Prasarak Mandal's ASPM College of Pharmacy, Sangulwadi",Sindhudurg,Unaided,EWS,Special,Any,59071,
2022-23,D Pharmacy,CAP Round I,03493,"Shri Angarsiddha Shikshan Prasarak Mandal's ASPM College of Pharmacy, Sangulwadi",Sindhudurg,Unaided,TFWS,Special,Any,22555,
2022-23,D Pharmacy,CAP Round I,03499,"M.S. College Of Pharmacy, Devghar",Pune,Religious Minority - Muslim,GOPENS,State Level,Any,47970,
2022-23,D Pharmacy,CAP Round I,03499,"M.S. College Of Pharmacy, Devghar",Pune,Religious Minority - Muslim,LOPENS,State Level,Ladies,44430,
2022-23,D Pharmacy,CAP Round I,03499,"M.S. College Of Pharmacy, Devghar",Pune,Religious Minority - Muslim,MI,Special,Any,72537,
2022-23,D Pharmacy,CAP Round I,03499,"M.S. College Of Pharmacy, Devghar",Pune,Religious Minority - Muslim,TFWS,Special,Any,49979,
2022-23,D Pharmacy,CAP Round I,03500,"Vijayrao Naik College Of Pharmacy, Shirval",Satara,Unaided,GOPENS,State Level,Any,67264,
2022-23,D Pharmacy,CAP Round I,03500,"Vijayrao Naik College Of Pharmacy, Shirval",Satara,Unaided,LOPENS,State Level,Ladies,64034,
2022-23,D Pharmacy,CAP Round I,03500,"Vijayrao Naik College Of Pharmacy, Shirval",Satara,Unaided,GSCS,State Level,Any,83933,
2022-23,D Pharmacy,CAP Round I,03500,"Vijayrao Naik College Of Pharmacy, Shirval",Satara,Unaided,LSCS,State Level,Ladies,83972,
2022-23,D Pharmacy,CAP Round I,03500,"Vijayrao Naik College Of Pharmacy, Shirval",Satara,Unaided,GNT1S,State Level,Any,70629,
2022-23,D Pharmacy,CAP Round I,03500,"Vijayrao Naik College Of Pharmacy, Shirval",Satara,Unaided,GNT2S,State Level,Any,70729,
2022-23,D Pharmacy,CAP Round I,03500,"Vijayrao Naik College Of Pharmacy, Shirval",Satara,Unaided,GOBCS,State Level,Any,81785,
2022-23,D Pharmacy,CAP Round I,03500,"Vijayrao Naik College Of Pharmacy, Shirval",Satara,Unaided,LOBCS,State Level,Ladies,80609,
2022-23,D Pharmacy,CAP Round I,03500,"Vijayrao Naik College Of Pharmacy, Shirval",Satara,Unaided,EWS,Special,Any,82191,
2022-23,D Pharmacy,CAP Round I,03500,"Vijayrao Naik College Of Pharmacy, Shirval",Satara,Unaided,TFWS,Special,Any,56859,
2022-23,D Pharmacy,CAP Round I,03501,"Siddhis Institute Of Pharmacy, Nandgaon",Nashik,Unaided,GOPENS,State Level,Any,43216,
2022-23,D Pharmacy,CAP Round I,03501,"Siddhis Institute Of Pharmacy, Nandgaon",Nashik,Unaided,LOPENS,State Level,Ladies,36127,
2022-23,D Pharmacy,CAP Round I,03501,"Siddhis Institute Of Pharmacy, Nandgaon",Nashik,Unaided,GSCS,State Level,Any,69435,
2022-23,D Pharmacy,CAP Round I,03501,"Siddhis Institute Of Pharmacy, Nandgaon",Nashik,Unaided,LSCS,State Level,Ladies,62091,
2022-23,D Pharmacy,CAP Round I,03501,"Siddhis Institute Of Pharmacy, Nandgaon",Nashik,Unaided,GSTS,State Level,Any,53789,
2022-23,D Pharmacy,CAP Round I,03501,"Siddhis Institute Of Pharmacy, Nandgaon",Nashik,Unaided,LSTS,State Level,Ladies,42815,
2022-23,D Pharmacy,CAP Round I,03501,"Siddhis Institute Of Pharmacy, Nandgaon",Nashik,Unaided,GVJS,State Level,Any,59028,
2022-23,D Pharmacy,CAP Round I,03501,"Siddhis Institute Of Pharmacy, Nandgaon",Nashik,Unaided,LVJS,State Level,Ladies,73144,
2022-23,D Pharmacy,CAP Round I,03501,"Siddhis Institute Of Pharmacy, Nandgaon",Nashik,Unaided,LNT1S,State Level,Ladies,79204,
2022-23,D Pharmacy,CAP Round I,03501,"Siddhis Institute Of Pharmacy, Nandgaon",Nashik,Unaided,GNT2S,State Level,Any,60368,
2022-23,D Pharmacy,CAP Round I,03501,"Siddhis Institute Of Pharmacy, Nandgaon",Nashik,Unaided,LNT2S,State Level,Ladies,61635,
2022-23,D Pharmacy,CAP Round I,03501,"Siddhis Institute Of Pharmacy, Nandgaon",Nashik,Unaided,GNT3S,State Level,Any,45296,
2022-23,D Pharmacy,CAP Round I,03501,"Siddhis Institute Of Pharmacy, Nandgaon",Nashik,Unaided,GOBCS,State Level,Any,46031,
2022-23,D Pharmacy,CAP Round I,03501,"Siddhis Institute Of Pharmacy, Nandgaon",Nashik,Unaided,LOBCS,State Level,Ladies,39242,
2022-23,D Pharmacy,CAP Round I,03501,"Siddhis Institute Of Pharmacy, Nandgaon",Nashik,Unaided,EWS,Special,Any,82916,
2022-23,D Pharmacy,CAP Round I,03501,"Siddhis Institute Of Pharmacy, Nandgaon",Nashik,Unaided,TFWS,Special,Any,36114,
2022-23,D Pharmacy,CAP Round I,03504,"Raigad College Of Pharmacy, Mohopre",Satara,Unaided,GOPENS,State Level,Any,45882,
2022-23,D Pharmacy,CAP Round I,03504,"Raigad College Of Pharmacy, Mohopre",Satara,Unaided,LOPENS,State Level,Ladies,31740,
2022-23,D Pharmacy,CAP Round I,03504,"Raigad College Of Pharmacy, Mohopre",Satara,Unaided,GSCS,State Level,Any,81840,
2022-23,D Pharmacy,CAP Round I,03504,"Raigad College Of Pharmacy, Mohopre",Satara,Unaided,LSCS,State Level,Ladies,67977,
2022-23,D Pharmacy,CAP Round I,03504,"Raigad College Of Pharmacy, Mohopre",Satara,Unaided,LSTS,State Level,Ladies,53840,
2022-23,D Pharmacy,CAP Round I,03504,"Raigad College Of Pharmacy, Mohopre",Satara,Unaided,GVJS,State Level,Any,67861,
2022-23,D Pharmacy,CAP Round I,03504,"Raigad College Of Pharmacy, Mohopre",Satara,Unaided,GNT1S,State Level,Any,53751,
2022-23,D Pharmacy,CAP Round I,03504,"Raigad College Of Pharmacy, Mohopre",Satara,Unaided,GNT2S,State Level,Any,58543,
2022-23,D Pharmacy,CAP Round I,03504,"Raigad College Of Pharmacy, Mohopre",Satara,Unaided,LNT2S,State Level,Ladies,67847,
2022-23,D Pharmacy,CAP Round I,03504,"Raigad College Of Pharmacy, Mohopre",Satara,Unaided,GNT3S,State Level,Any,74446,
2022-23,D Pharmacy,CAP Round I,03504,"Raigad College Of Pharmacy, Mohopre",Satara,Unaided,GOBCS,State Level,Any,64626,
2022-23,D Pharmacy,CAP Round I,03504,"Raigad College Of Pharmacy, Mohopre",Satara,Unaided,LOBCS,State Level,Ladies,46236,
2022-23,D Pharmacy,CAP Round I,03504,"Raigad College Of Pharmacy, Mohopre",Satara,Unaided,EWS,Special,Any,43058,
2022-23,D Pharmacy,CAP Round I,03504,"Raigad College Of Pharmacy, Mohopre",Satara,Unaided,TFWS,Special,Any,42893,
2022-23,D Pharmacy,CAP Round I,03505,"Abhinav Institute Of Pharmacy, Chinchpada",Nandurbar,Unaided,GOPENS,State Level,Any,38272,
2022-23,D Pharmacy,CAP Round I,03505,"Abhinav Institute Of Pharmacy, Chinchpada",Nandurbar,Unaided,LOPENS,State Level,Ladies,35811,
2022-23,D Pharmacy,CAP Round I,03505,"Abhinav Institute Of Pharmacy, Chinchpada",Nandurbar,Unaided,GSCS,State Level,Any,63939,
2022-23,D Pharmacy,CAP Round I,03505,"Abhinav Institute Of Pharmacy, Chinchpada",Nandurbar,Unaided,LSCS,State Level,Ladies,54350,
2022-23,D Pharmacy,CAP Round I,03505,"Abhinav Institute Of Pharmacy, Chinchpada",Nandurbar,Unaided,GSTS,State Level,Any,66318,
2022-23,D Pharmacy,CAP Round I,03505,"Abhinav Institute Of Pharmacy, Chinchpada",Nandurbar,Unaided,LSTS,State Level,Ladies,66589,
2022-23,D Pharmacy,CAP Round I,03505,"Abhinav Institute Of Pharmacy, Chinchpada",Nandurbar,Unaided,GVJS,State Level,Any,45842,
2022-23,D Pharmacy,CAP Round I,03505,"Abhinav Institute Of Pharmacy, Chinchpada",Nandurbar,Unaided,GNT1S,State Level,Any,65912,
2022-23,D Pharmacy,CAP Round I,03505,"Abhinav Institute Of Pharmacy, Chinchpada",Nandurbar,Unaided,LNT1S,State Level,Ladies,81671,
2022-23,D Pharmacy,CAP Round I,03505,"Abhinav Institute Of Pharmacy, Chinchpada",Nandurbar,Unaided,GNT2S,State Level,Any,40316,
2022-23,D Pharmacy,CAP Round I,03505,"Abhinav Institute Of Pharmacy, Chinchpada",Nandurbar,Unaided,GNT3S,State Level,Any,53060,
2022-23,D Pharmacy,CAP Round I,03505,"Abhinav Institute Of Pharmacy, Chinchpada",Nandurbar,Unaided,GOBCS,State Level,Any,49304,
2022-23,D Pharmacy,CAP Round I,03505,"Abhinav Institute Of Pharmacy, Chinchpada",Nandurbar,Unaided,LOBCS,State Level,Ladies,44433,
2022-23,D Pharmacy,CAP Round I,03505,"Abhinav Institute Of Pharmacy, Chinchpada",Nandurbar,Unaided,EWS,Special,Any,77261,
2022-23,D Pharmacy,CAP Round I,03505,"Abhinav Institute Of Pharmacy, Chinchpada",Nandurbar,Unaided,TFWS,Special,Any,37772,
2022-23,D Pharmacy,CAP Round I,03508,"B.K. Patil Institute of Pharmacy, Taloja, Panvel",Raigad,Unaided,GOPENS,State Level,Any,45306,
2022-23,D Pharmacy,CAP Round I,03508,"B.K. Patil Institute of Pharmacy, Taloja, Panvel",Raigad,Unaided,LOPENS,State Level,Ladies,44361,
2022-23,D Pharmacy,CAP Round I,03508,"B.K. Patil Institute of Pharmacy, Taloja, Panvel",Raigad,Unaided,GSCS,State Level,Any,63902,
2022-23,D Pharmacy,CAP Round I,03508,"B.K. Patil Institute of Pharmacy, Taloja, Panvel",Raigad,Unaided,LSCS,State Level,Ladies,55829,
2022-23,D Pharmacy,CAP Round I,03508,"B.K. Patil Institute of Pharmacy, Taloja, Panvel",Raigad,Unaided,GSTS,State Level,Any,62812,
2022-23,D Pharmacy,CAP Round I,03508,"B.K. Patil Institute of Pharmacy, Taloja, Panvel",Raigad,Unaided,LSTS,State Level,Ladies,77082,
2022-23,D Pharmacy,CAP Round I,03508,"B.K. Patil Institute of Pharmacy, Taloja, Panvel",Raigad,Unaided,GVJS,State Level,Any,60203,
2022-23,D Pharmacy,CAP Round I,03508,"B.K. Patil Institute of Pharmacy, Taloja, Panvel",Raigad,Unaided,LVJS,State Level,Ladies,73265,
2022-23,D Pharmacy,CAP Round I,03508,"B.K. Patil Institute of Pharmacy, Taloja, Panvel",Raigad,Unaided,GNT1S,State Level,Any,52211,
2022-23,D Pharmacy,CAP Round I,03508,"B.K. Patil Institute of Pharmacy, Taloja, Panvel",Raigad,Unaided,GNT2S,State Level,Any,48616,
2022-23,D Pharmacy,CAP Round I,03508,"B.K. Patil Institute of Pharmacy, Taloja, Panvel",Raigad,Unaided,GOBCS,State Level,Any,56177,
2022-23,D Pharmacy,CAP Round I,03508,"B.K. Patil Institute of Pharmacy, Taloja, Panvel",Raigad,Unaided,LOBCS,State Level,Ladies,51204,
2022-23,D Pharmacy,CAP Round I,03508,"B.K. Patil Institute of Pharmacy, Taloja, Panvel",Raigad,Unaided,EWS,Special,Any,72752,
2022-23,D Pharmacy,CAP Round I,03508,"B.K. Patil Institute of Pharmacy, Taloja, Panvel",Raigad,Unaided,TFWS,Special,Any,41804,
2022-23,D Pharmacy,CAP Round I,03509,"Indala Institute of Pharmacy, Bapsai, Kalyan",Thane,Unaided,GOPENS,State Level,Any,34276,
2022-23,D Pharmacy,CAP Round I,03509,"Indala Institute of Pharmacy, Bapsai, Kalyan",Thane,Unaided,LOPENS,State Level,Ladies,20732,
2022-23,D Pharmacy,CAP Round I,03509,"Indala Institute of Pharmacy, Bapsai, Kalyan",Thane,Unaided,GSCS,State Level,Any,51878,
2022-23,D Pharmacy,CAP Round I,03509,"Indala Institute of Pharmacy, Bapsai, Kalyan",Thane,Unaided,LSCS,State Level,Ladies,53255,
2022-23,D Pharmacy,CAP Round I,03509,"Indala Institute of Pharmacy, Bapsai, Kalyan",Thane,Unaided,GSTS,State Level,Any,66820,
2022-23,D Pharmacy,CAP Round I,03509,"Indala Institute of Pharmacy, Bapsai, Kalyan",Thane,Unaided,LSTS,State Level,Ladies,65879,
2022-23,D Pharmacy,CAP Round I,03509,"Indala Institute of Pharmacy, Bapsai, Kalyan",Thane,Unaided,GVJS,State Level,Any,45912,
2022-23,D Pharmacy,CAP Round I,03509,"Indala Institute of Pharmacy, Bapsai, Kalyan",Thane,Unaided,LVJS,State Level,Ladies,36488,
2022-23,D Pharmacy,CAP Round I,03509,"Indala Institute of Pharmacy, Bapsai, Kalyan",Thane,Unaided,GNT1S,State Level,Any,57442,
2022-23,D Pharmacy,CAP Round I,03509,"Indala Institute of Pharmacy, Bapsai, Kalyan",Thane,Unaided,GNT2S,State Level,Any,55432,
2022-23,D Pharmacy,CAP Round I,03509,"Indala Institute of Pharmacy, Bapsai, Kalyan",Thane,Unaided,LNT2S,State Level,Ladies,64056,
2022-23,D Pharmacy,CAP Round I,03509,"Indala Institute of Pharmacy, Bapsai, Kalyan",Thane,Unaided,GNT3S,State Level,Any,45228,
2022-23,D Pharmacy,CAP Round I,03509,"Indala Institute of Pharmacy, Bapsai, Kalyan",Thane,Unaided,GOBCS,State Level,Any,42925,
2022-23,D Pharmacy,CAP Round I,03509,"Indala Institute of Pharmacy, Bapsai, Kalyan",Thane,Unaided,LOBCS,State Level,Ladies,28482,
2022-23,D Pharmacy,CAP Round I,03509,"Indala Institute of Pharmacy, Bapsai, Kalyan",Thane,Unaided,EWS,Special,Any,72191,
2022-23,D Pharmacy,CAP Round I,03509,"Indala Institute of Pharmacy, Bapsai, Kalyan",Thane,Unaided,TFWS,Special,Any,36113,
2022-23,D Pharmacy,CAP Round I,04020,"Shikshan Prasarak Mandal's Smt. Kusumtai Wankhede Institute of Pharmacy, Katol",Nagpur,Aided,GOPENS,State Level,Any,6918,
2022-23,D Pharmacy,CAP Round I,04020,"Shikshan Prasarak Mandal's Smt. Kusumtai Wankhede Institute of Pharmacy, Katol",Nagpur,Aided,LOPENS,State Level,Ladies,4246,
2022-23,D Pharmacy,CAP Round I,04020,"Shikshan Prasarak Mandal's Smt. Kusumtai Wankhede Institute of Pharmacy, Katol",Nagpur,Aided,GSCS,State Level,Any,14046,
2022-23,D Pharmacy,CAP Round I,04020,"Shikshan Prasarak Mandal's Smt. Kusumtai Wankhede Institute of Pharmacy, Katol",Nagpur,Aided,LSCS,State Level,Ladies,13108,
2022-23,D Pharmacy,CAP Round I,04020,"Shikshan Prasarak Mandal's Smt. Kusumtai Wankhede Institute of Pharmacy, Katol",Nagpur,Aided,GSTS,State Level,Any,31551,
2022-23,D Pharmacy,CAP Round I,04020,"Shikshan Prasarak Mandal's Smt. Kusumtai Wankhede Institute of Pharmacy, Katol",Nagpur,Aided,LSTS,State Level,Ladies,20699,
2022-23,D Pharmacy,CAP Round I,04020,"Shikshan Prasarak Mandal's Smt. Kusumtai Wankhede Institute of Pharmacy, Katol",Nagpur,Aided,GVJS,State Level,Any,11133,
2022-23,D Pharmacy,CAP Round I,04020,"Shikshan Prasarak Mandal's Smt. Kusumtai Wankhede Institute of Pharmacy, Katol",Nagpur,Aided,LVJS,State Level,Ladies,9335,
2022-23,D Pharmacy,CAP Round I,04020,"Shikshan Prasarak Mandal's Smt. Kusumtai Wankhede Institute of Pharmacy, Katol",Nagpur,Aided,GNT1S,State Level,Any,8574,
2022-23,D Pharmacy,CAP Round I,04020,"Shikshan Prasarak Mandal's Smt. Kusumtai Wankhede Institute of Pharmacy, Katol",Nagpur,Aided,GNT2S,State Level,Any,16832,
2022-23,D Pharmacy,CAP Round I,04020,"Shikshan Prasarak Mandal's Smt. Kusumtai Wankhede Institute of Pharmacy, Katol",Nagpur,Aided,GNT3S,State Level,Any,13295,
2022-23,D Pharmacy,CAP Round I,04020,"Shikshan Prasarak Mandal's Smt. Kusumtai Wankhede Institute of Pharmacy, Katol",Nagpur,Aided,GOBCS,State Level,Any,7728,
2022-23,D Pharmacy,CAP Round I,04020,"Shikshan Prasarak Mandal's Smt. Kusumtai Wankhede Institute of Pharmacy, Katol",Nagpur,Aided,LOBCS,State Level,Ladies,5602,
2022-23,D Pharmacy,CAP Round I,04020,"Shikshan Prasarak Mandal's Smt. Kusumtai Wankhede Institute of Pharmacy, Katol",Nagpur,Aided,EWS,Special,Any,7513,
2022-23,D Pharmacy,CAP Round I,04020,"Shikshan Prasarak Mandal's Smt. Kusumtai Wankhede Institute of Pharmacy, Katol",Nagpur,Aided,TFWS,Special,Any,4075,
2022-23,D Pharmacy,CAP Round I,04021,"Vidharbha Youth Welfare Society's Institute of Diploma in Pharmacy Borgaon Meghe,Wardha",Wardha,Aided,GOPENS,State Level,Any,4722,
2022-23,D Pharmacy,CAP Round I,04021,"Vidharbha Youth Welfare Society's Institute of Diploma in Pharmacy Borgaon Meghe,Wardha",Wardha,Aided,LOPENS,State Level,Ladies,3016,
2022-23,D Pharmacy,CAP Round I,04021,"Vidharbha Youth Welfare Society's Institute of Diploma in Pharmacy Borgaon Meghe,Wardha",Wardha,Aided,GSCS,State Level,Any,12391,
2022-23,D Pharmacy,CAP Round I,04021,"Vidharbha Youth Welfare Society's Institute of Diploma in Pharmacy Borgaon Meghe,Wardha",Wardha,Aided,LSCS,State Level,Ladies,7835,
2022-23,D Pharmacy,CAP Round I,04021,"Vidharbha Youth Welfare Society's Institute of Diploma in Pharmacy Borgaon Meghe,Wardha",Wardha,Aided,GSTS,State Level,Any,24695,
2022-23,D Pharmacy,CAP Round I,04021,"Vidharbha Youth Welfare Society's Institute of Diploma in Pharmacy Borgaon Meghe,Wardha",Wardha,Aided,LSTS,State Level,Ladies,7183,
2022-23,D Pharmacy,CAP Round I,04021,"Vidharbha Youth Welfare Society's Institute of Diploma in Pharmacy Borgaon Meghe,Wardha",Wardha,Aided,GVJS,State Level,Any,5015,
2022-23,D Pharmacy,CAP Round I,04021,"Vidharbha Youth Welfare Society's Institute of Diploma in Pharmacy Borgaon Meghe,Wardha",Wardha,Aided,GNT1S,State Level,Any,11150,
2022-23,D Pharmacy,CAP Round I,04021,"Vidharbha Youth Welfare Society's Institute of Diploma in Pharmacy Borgaon Meghe,Wardha",Wardha,Aided,LNT1S,State Level,Ladies,6635,
2022-23,D Pharmacy,CAP Round I,04021,"Vidharbha Youth Welfare Society's Institute of Diploma in Pharmacy Borgaon Meghe,Wardha",Wardha,Aided,GNT2S,State Level,Any,4746,
2022-23,D Pharmacy,CAP Round I,04021,"Vidharbha Youth Welfare Society's Institute of Diploma in Pharmacy Borgaon Meghe,Wardha",Wardha,Aided,LNT2S,State Level,Ladies,4892,
2022-23,D Pharmacy,CAP Round I,04021,"Vidharbha Youth Welfare Society's Institute of Diploma in Pharmacy Borgaon Meghe,Wardha",Wardha,Aided,LNT3S,State Level,Ladies,6224,
2022-23,D Pharmacy,CAP Round I,04021,"Vidharbha Youth Welfare Society's Institute of Diploma in Pharmacy Borgaon Meghe,Wardha",Wardha,Aided,GOBCS,State Level,Any,5849,
2022-23,D Pharmacy,CAP Round I,04021,"Vidharbha Youth Welfare Society's Institute of Diploma in Pharmacy Borgaon Meghe,Wardha",Wardha,Aided,LOBCS,State Level,Ladies,3918,
2022-23,D Pharmacy,CAP Round I,04021,"Vidharbha Youth Welfare Society's Institute of Diploma in Pharmacy Borgaon Meghe,Wardha",Wardha,Aided,PWDOPENS,State Level,Any,39736,
2022-23,D Pharmacy,CAP Round I,04021,"Vidharbha Youth Welfare Society's Institute of Diploma in Pharmacy Borgaon Meghe,Wardha",Wardha,Aided,EWS,Special,Any,2392,
2022-23,D Pharmacy,CAP Round I,04021,"Vidharbha Youth Welfare Society's Institute of Diploma in Pharmacy Borgaon Meghe,Wardha",Wardha,Aided,TFWS,Special,Any,3314,
2022-23,D Pharmacy,CAP Round I,04161,"Jay Mahakali Shikshan Sanstha's Agnihotri College of Pharmacy, Wardha",Wardha,Unaided,GOPENS,State Level,Any,19450,
2022-23,D Pharmacy,CAP Round I,04161,"Jay Mahakali Shikshan Sanstha's Agnihotri College of Pharmacy, Wardha",Wardha,Unaided,LOPENS,State Level,Ladies,17131,
2022-23,D Pharmacy,CAP Round I,04161,"Jay Mahakali Shikshan Sanstha's Agnihotri College of Pharmacy, Wardha",Wardha,Unaided,GSCS,State Level,Any,33366,
2022-23,D Pharmacy,CAP Round I,04161,"Jay Mahakali Shikshan Sanstha's Agnihotri College of Pharmacy, Wardha",Wardha,Unaided,LSCS,State Level,Ladies,18785,
2022-23,D Pharmacy,CAP Round I,04161,"Jay Mahakali Shikshan Sanstha's Agnihotri College of Pharmacy, Wardha",Wardha,Unaided,GSTS,State Level,Any,62598,
2022-23,D Pharmacy,CAP Round I,04161,"Jay Mahakali Shikshan Sanstha's Agnihotri College of Pharmacy, Wardha",Wardha,Unaided,LSTS,State Level,Ladies,49691,
2022-23,D Pharmacy,CAP Round I,04161,"Jay Mahakali Shikshan Sanstha's Agnihotri College of Pharmacy, Wardha",Wardha,Unaided,GVJS,State Level,Any,20943,
2022-23,D Pharmacy,CAP Round I,04161,"Jay Mahakali Shikshan Sanstha's Agnihotri College of Pharmacy, Wardha",Wardha,Unaided,GNT1S,State Level,Any,28123,
2022-23,D Pharmacy,CAP Round I,04161,"Jay Mahakali Shikshan Sanstha's Agnihotri College of Pharmacy, Wardha",Wardha,Unaided,LNT1S,State Level,Ladies,27350,
2022-23,D Pharmacy,CAP Round I,04161,"Jay Mahakali Shikshan Sanstha's Agnihotri College of Pharmacy, Wardha",Wardha,Unaided,GNT2S,State Level,Any,29621,
2022-23,D Pharmacy,CAP Round I,04161,"Jay Mahakali Shikshan Sanstha's Agnihotri College of Pharmacy, Wardha",Wardha,Unaided,LNT2S,State Level,Ladies,18013,
2022-23,D Pharmacy,CAP Round I,04161,"Jay Mahakali Shikshan Sanstha's Agnihotri College of Pharmacy, Wardha",Wardha,Unaided,GNT3S,State Level,Any,26737,
2022-23,D Pharmacy,CAP Round I,04161,"Jay Mahakali Shikshan Sanstha's Agnihotri College of Pharmacy, Wardha",Wardha,Unaided,GOBCS,State Level,Any,25821,
2022-23,D Pharmacy,CAP Round I,04161,"Jay Mahakali Shikshan Sanstha's Agnihotri College of Pharmacy, Wardha",Wardha,Unaided,LOBCS,State Level,Ladies,24367,
2022-23,D Pharmacy,CAP Round I,04161,"Jay Mahakali Shikshan Sanstha's Agnihotri College of Pharmacy, Wardha",Wardha,Unaided,ORPHAN,Special,Any,53402,
2022-23,D Pharmacy,CAP Round I,04161,"Jay Mahakali Shikshan Sanstha's Agnihotri College of Pharmacy, Wardha",Wardha,Unaided,EWS,Special,Any,23679,
2022-23,D Pharmacy,CAP Round I,04161,"Jay Mahakali Shikshan Sanstha's Agnihotri College of Pharmacy, Wardha",Wardha,Unaided,TFWS,Special,Any,11746,
2022-23,D Pharmacy,CAP Round I,04164,"Lokmanya Tilak Jankalyan Shikshan Sanstha's , Priyadarshini J.L.Chaturvedi College of Pharmacy(Diploma), Nagpur",Nagpur,Linguistic Minority - Hindi,GOPENS,State Level,Any,9381,
2022-23,D Pharmacy,CAP Round I,04164,"Lokmanya Tilak Jankalyan Shikshan Sanstha's , Priyadarshini J.L.Chaturvedi College of Pharmacy(Diploma), Nagpur",Nagpur,Linguistic Minority - Hindi,LOPENS,State Level,Ladies,4106,
2022-23,D Pharmacy,CAP Round I,04164,"Lokmanya Tilak Jankalyan Shikshan Sanstha's , Priyadarshini J.L.Chaturvedi College of Pharmacy(Diploma), Nagpur",Nagpur,Linguistic Minority - Hindi,MI,Special,Any,58497,
2022-23,D Pharmacy,CAP Round I,04164,"Lokmanya Tilak Jankalyan Shikshan Sanstha's , Priyadarshini J.L.Chaturvedi College of Pharmacy(Diploma), Nagpur",Nagpur,Linguistic Minority - Hindi,TFWS,Special,Any,7557,
2022-23,D Pharmacy,CAP Round I,04199,"S.Patil Shikshan Sanstha's Smt. Kishoritai Bhoyar College of Pharmacy,Kamptee",Nagpur,Unaided,GOPENS,State Level,Any,5859,
2022-23,D Pharmacy,CAP Round I,04199,"S.Patil Shikshan Sanstha's Smt. Kishoritai Bhoyar College of Pharmacy,Kamptee",Nagpur,Unaided,LOPENS,State Level,Ladies,1725,
2022-23,D Pharmacy,CAP Round I,04199,"S.Patil Shikshan Sanstha's Smt. Kishoritai Bhoyar College of Pharmacy,Kamptee",Nagpur,Unaided,GSCS,State Level,Any,10905,
2022-23,D Pharmacy,CAP Round I,04199,"S.Patil Shikshan Sanstha's Smt. Kishoritai Bhoyar College of Pharmacy,Kamptee",Nagpur,Unaided,LSCS,State Level,Ladies,2941,
2022-23,D Pharmacy,CAP Round I,04199,"S.Patil Shikshan Sanstha's Smt. Kishoritai Bhoyar College of Pharmacy,Kamptee",Nagpur,Unaided,GSTS,State Level,Any,36749,
2022-23,D Pharmacy,CAP Round I,04199,"S.Patil Shikshan Sanstha's Smt. Kishoritai Bhoyar College of Pharmacy,Kamptee",Nagpur,Unaided,LSTS,State Level,Ladies,14228,
2022-23,D Pharmacy,CAP Round I,04199,"S.Patil Shikshan Sanstha's Smt. Kishoritai Bhoyar College of Pharmacy,Kamptee",Nagpur,Unaided,GVJS,State Level,Any,26061,
2022-23,D Pharmacy,CAP Round I,04199,"S.Patil Shikshan Sanstha's Smt. Kishoritai Bhoyar College of Pharmacy,Kamptee",Nagpur,Unaided,LVJS,State Level,Ladies,25278,
2022-23,D Pharmacy,CAP Round I,04199,"S.Patil Shikshan Sanstha's Smt. Kishoritai Bhoyar College of Pharmacy,Kamptee",Nagpur,Unaided,GNT1S,State Level,Any,8705,
2022-23,D Pharmacy,CAP Round I,04199,"S.Patil Shikshan Sanstha's Smt. Kishoritai Bhoyar College of Pharmacy,Kamptee",Nagpur,Unaided,GNT2S,State Level,Any,29282,
2022-23,D Pharmacy,CAP Round I,04199,"S.Patil Shikshan Sanstha's Smt. Kishoritai Bhoyar College of Pharmacy,Kamptee",Nagpur,Unaided,LNT2S,State Level,Ladies,13973,
2022-23,D Pharmacy,CAP Round I,04199,"S.Patil Shikshan Sanstha's Smt. Kishoritai Bhoyar College of Pharmacy,Kamptee",Nagpur,Unaided,GOBCS,State Level,Any,9969,
2022-23,D Pharmacy,CAP Round I,04199,"S.Patil Shikshan Sanstha's Smt. Kishoritai Bhoyar College of Pharmacy,Kamptee",Nagpur,Unaided,LOBCS,State Level,Ladies,2388,
2022-23,D Pharmacy,CAP Round I,04199,"S.Patil Shikshan Sanstha's Smt. Kishoritai Bhoyar College of Pharmacy,Kamptee",Nagpur,Unaided,PWDOPENS,State Level,Any,32917,
2022-23,D Pharmacy,CAP Round I,04199,"S.Patil Shikshan Sanstha's Smt. Kishoritai Bhoyar College of Pharmacy,Kamptee",Nagpur,Unaided,DEFOPENS,State Level,Any,52340,
2022-23,D Pharmacy,CAP Round I,04199,"S.Patil Shikshan Sanstha's Smt. Kishoritai Bhoyar College of Pharmacy,Kamptee",Nagpur,Unaided,EWS,Special,Any,28026,
2022-23,D Pharmacy,CAP Round I,04199,"S.Patil Shikshan Sanstha's Smt. Kishoritai Bhoyar College of Pharmacy,Kamptee",Nagpur,Unaided,TFWS,Special,Any,2149,
2022-23,D Pharmacy,CAP Round I,04206,"Amar Seva Mandal's, Kamla Nehru College of Pharmacy, Butibori, Nagpur",Nagpur,Unaided,GOPENS,State Level,Any,19836,
2022-23,D Pharmacy,CAP Round I,04206,"Amar Seva Mandal's, Kamla Nehru College of Pharmacy, Butibori, Nagpur",Nagpur,Unaided,LOPENS,State Level,Ladies,15515,
2022-23,D Pharmacy,CAP Round I,04206,"Amar Seva Mandal's, Kamla Nehru College of Pharmacy, Butibori, Nagpur",Nagpur,Unaided,GSCS,State Level,Any,27611,
2022-23,D Pharmacy,CAP Round I,04206,"Amar Seva Mandal's, Kamla Nehru College of Pharmacy, Butibori, Nagpur",Nagpur,Unaided,LSCS,State Level,Ladies,19059,
2022-23,D Pharmacy,CAP Round I,04206,"Amar Seva Mandal's, Kamla Nehru College of Pharmacy, Butibori, Nagpur",Nagpur,Unaided,GSTS,State Level,Any,54989,
2022-23,D Pharmacy,CAP Round I,04206,"Amar Seva Mandal's, Kamla Nehru College of Pharmacy, Butibori, Nagpur",Nagpur,Unaided,LSTS,State Level,Ladies,49297,
2022-23,D Pharmacy,CAP Round I,04206,"Amar Seva Mandal's, Kamla Nehru College of Pharmacy, Butibori, Nagpur",Nagpur,Unaided,GVJS,State Level,Any,23979,
2022-23,D Pharmacy,CAP Round I,04206,"Amar Seva Mandal's, Kamla Nehru College of Pharmacy, Butibori, Nagpur",Nagpur,Unaided,GNT1S,State Level,Any,35954,
2022-23,D Pharmacy,CAP Round I,04206,"Amar Seva Mandal's, Kamla Nehru College of Pharmacy, Butibori, Nagpur",Nagpur,Unaided,GNT2S,State Level,Any,32647,
2022-23,D Pharmacy,CAP Round I,04206,"Amar Seva Mandal's, Kamla Nehru College of Pharmacy, Butibori, Nagpur",Nagpur,Unaided,LNT2S,State Level,Ladies,34125,
2022-23,D Pharmacy,CAP Round I,04206,"Amar Seva Mandal's, Kamla Nehru College of Pharmacy, Butibori, Nagpur",Nagpur,Unaided,GNT3S,State Level,Any,41432,
2022-23,D Pharmacy,CAP Round I,04206,"Amar Seva Mandal's, Kamla Nehru College of Pharmacy, Butibori, Nagpur",Nagpur,Unaided,GOBCS,State Level,Any,23685,
2022-23,D Pharmacy,CAP Round I,04206,"Amar Seva Mandal's, Kamla Nehru College of Pharmacy, Butibori, Nagpur",Nagpur,Unaided,LOBCS,State Level,Ladies,21411,
2022-23,D Pharmacy,CAP Round I,04206,"Amar Seva Mandal's, Kamla Nehru College of Pharmacy, Butibori, Nagpur",Nagpur,Unaided,EWS,Special,Any,36102,
2022-23,D Pharmacy,CAP Round I,04206,"Amar Seva Mandal's, Kamla Nehru College of Pharmacy, Butibori, Nagpur",Nagpur,Unaided,TFWS,Special,Any,11985,
2022-23,D Pharmacy,CAP Round I,04209,"Late Meghraj Ojha Smriti Shikshan Sanstha's, Shree Sainath College of Pharmacy,Nagpur",Nagpur,Unaided,GOPENS,State Level,Any,27689,
2022-23,D Pharmacy,CAP Round I,04209,"Late Meghraj Ojha Smriti Shikshan Sanstha's, Shree Sainath College of Pharmacy,Nagpur",Nagpur,Unaided,LOPENS,State Level,Ladies,26836,
2022-23,D Pharmacy,CAP Round I,04209,"Late Meghraj Ojha Smriti Shikshan Sanstha's, Shree Sainath College of Pharmacy,Nagpur",Nagpur,Unaided,GSCS,State Level,Any,29772,
2022-23,D Pharmacy,CAP Round I,04209,"Late Meghraj Ojha Smriti Shikshan Sanstha's, Shree Sainath College of Pharmacy,Nagpur",Nagpur,Unaided,LSCS,State Level,Ladies,27816,
2022-23,D Pharmacy,CAP Round I,04209,"Late Meghraj Ojha Smriti Shikshan Sanstha's, Shree Sainath College of Pharmacy,Nagpur",Nagpur,Unaided,GSTS,State Level,Any,58204,
2022-23,D Pharmacy,CAP Round I,04209,"Late Meghraj Ojha Smriti Shikshan Sanstha's, Shree Sainath College of Pharmacy,Nagpur",Nagpur,Unaided,LSTS,State Level,Ladies,62997,
2022-23,D Pharmacy,CAP Round I,04209,"Late Meghraj Ojha Smriti Shikshan Sanstha's, Shree Sainath College of Pharmacy,Nagpur",Nagpur,Unaided,GVJS,State Level,Any,28805,
2022-23,D Pharmacy,CAP Round I,04209,"Late Meghraj Ojha Smriti Shikshan Sanstha's, Shree Sainath College of Pharmacy,Nagpur",Nagpur,Unaided,LVJS,State Level,Ladies,27288,
2022-23,D Pharmacy,CAP Round I,04209,"Late Meghraj Ojha Smriti Shikshan Sanstha's, Shree Sainath College of Pharmacy,Nagpur",Nagpur,Unaided,GNT1S,State Level,Any,36053,
2022-23,D Pharmacy,CAP Round I,04209,"Late Meghraj Ojha Smriti Shikshan Sanstha's, Shree Sainath College of Pharmacy,Nagpur",Nagpur,Unaided,GNT2S,State Level,Any,30356,
2022-23,D Pharmacy,CAP Round I,04209,"Late Meghraj Ojha Smriti Shikshan Sanstha's, Shree Sainath College of Pharmacy,Nagpur",Nagpur,Unaided,LNT2S,State Level,Ladies,36838,
2022-23,D Pharmacy,CAP Round I,04209,"Late Meghraj Ojha Smriti Shikshan Sanstha's, Shree Sainath College of Pharmacy,Nagpur",Nagpur,Unaided,GNT3S,State Level,Any,53221,
2022-23,D Pharmacy,CAP Round I,04209,"Late Meghraj Ojha Smriti Shikshan Sanstha's, Shree Sainath College of Pharmacy,Nagpur",Nagpur,Unaided,GOBCS,State Level,Any,29461,
2022-23,D Pharmacy,CAP Round I,04209,"Late Meghraj Ojha Smriti Shikshan Sanstha's, Shree Sainath College of Pharmacy,Nagpur",Nagpur,Unaided,LOBCS,State Level,Ladies,26832,
2022-23,D Pharmacy,CAP Round I,04209,"Late Meghraj Ojha Smriti Shikshan Sanstha's, Shree Sainath College of Pharmacy,Nagpur",Nagpur,Unaided,EWS,Special,Any,53649,
2022-23,D Pharmacy,CAP Round I,04209,"Late Meghraj Ojha Smriti Shikshan Sanstha's, Shree Sainath College of Pharmacy,Nagpur",Nagpur,Unaided,TFWS,Special,Any,18307,
2022-23,D Pharmacy,CAP Round I,04210,"Shree Tuljabhavani Sevabhavi Saikshanik & Samajik Sanstha, Hi-Tech College of Pharmacy, Morwa, Chandrapur",Chandrapur,Unaided,GOPENS,State Level,Any,20232,
2022-23,D Pharmacy,CAP Round I,04210,"Shree Tuljabhavani Sevabhavi Saikshanik & Samajik Sanstha, Hi-Tech College of Pharmacy, Morwa, Chandrapur",Chandrapur,Unaided,LOPENS,State Level,Ladies,13881,
2022-23,D Pharmacy,CAP Round I,04210,"Shree Tuljabhavani Sevabhavi Saikshanik & Samajik Sanstha, Hi-Tech College of Pharmacy, Morwa, Chandrapur",Chandrapur,Unaided,GSCS,State Level,Any,22743,
2022-23,D Pharmacy,CAP Round I,04210,"Shree Tuljabhavani Sevabhavi Saikshanik & Samajik Sanstha, Hi-Tech College of Pharmacy, Morwa, Chandrapur",Chandrapur,Unaided,LSCS,State Level,Ladies,19833,
2022-23,D Pharmacy,CAP Round I,04210,"Shree Tuljabhavani Sevabhavi Saikshanik & Samajik Sanstha, Hi-Tech College of Pharmacy, Morwa, Chandrapur",Chandrapur,Unaided,GSTS,State Level,Any,41469,
2022-23,D Pharmacy,CAP Round I,04210,"Shree Tuljabhavani Sevabhavi Saikshanik & Samajik Sanstha, Hi-Tech College of Pharmacy, Morwa, Chandrapur",Chandrapur,Unaided,LSTS,State Level,Ladies,31868,
2022-23,D Pharmacy,CAP Round I,04210,"Shree Tuljabhavani Sevabhavi Saikshanik & Samajik Sanstha, Hi-Tech College of Pharmacy, Morwa, Chandrapur",Chandrapur,Unaided,GVJS,State Level,Any,28213,
2022-23,D Pharmacy,CAP Round I,04210,"Shree Tuljabhavani Sevabhavi Saikshanik & Samajik Sanstha, Hi-Tech College of Pharmacy, Morwa, Chandrapur",Chandrapur,Unaided,LNT1S,State Level,Ladies,30884,
2022-23,D Pharmacy,CAP Round I,04210,"Shree Tuljabhavani Sevabhavi Saikshanik & Samajik Sanstha, Hi-Tech College of Pharmacy, Morwa, Chandrapur",Chandrapur,Unaided,GNT2S,State Level,Any,25350,
2022-23,D Pharmacy,CAP Round I,04210,"Shree Tuljabhavani Sevabhavi Saikshanik & Samajik Sanstha, Hi-Tech College of Pharmacy, Morwa, Chandrapur",Chandrapur,Unaided,LNT2S,State Level,Ladies,21956,
2022-23,D Pharmacy,CAP Round I,04210,"Shree Tuljabhavani Sevabhavi Saikshanik & Samajik Sanstha, Hi-Tech College of Pharmacy, Morwa, Chandrapur",Chandrapur,Unaided,GOBCS,State Level,Any,24953,
2022-23,D Pharmacy,CAP Round I,04210,"Shree Tuljabhavani Sevabhavi Saikshanik & Samajik Sanstha, Hi-Tech College of Pharmacy, Morwa, Chandrapur",Chandrapur,Unaided,LOBCS,State Level,Ladies,20194,
2022-23,D Pharmacy,CAP Round I,04210,"Shree Tuljabhavani Sevabhavi Saikshanik & Samajik Sanstha, Hi-Tech College of Pharmacy, Morwa, Chandrapur",Chandrapur,Unaided,EWS,Special,Any,35258,
2022-23,D Pharmacy,CAP Round I,04210,"Shree Tuljabhavani Sevabhavi Saikshanik & Samajik Sanstha, Hi-Tech College of Pharmacy, Morwa, Chandrapur",Chandrapur,Unaided,TFWS,Special,Any,21460,
2022-23,D Pharmacy,CAP Round I,04213,"Mahila Vikas Sanstha, Dr. R.G. Bhoyar Institute of Pharmaceutical Education & Research, Wardha",Wardha,Unaided,GOPENS,State Level,Any,26319,
2022-23,D Pharmacy,CAP Round I,04213,"Mahila Vikas Sanstha, Dr. R.G. Bhoyar Institute of Pharmaceutical Education & Research, Wardha",Wardha,Unaided,LOPENS,State Level,Ladies,22178,
2022-23,D Pharmacy,CAP Round I,04213,"Mahila Vikas Sanstha, Dr. R.G. Bhoyar Institute of Pharmaceutical Education & Research, Wardha",Wardha,Unaided,GSCS,State Level,Any,37159,
2022-23,D Pharmacy,CAP Round I,04213,"Mahila Vikas Sanstha, Dr. R.G. Bhoyar Institute of Pharmaceutical Education & Research, Wardha",Wardha,Unaided,LSCS,State Level,Ladies,28010,
2022-23,D Pharmacy,CAP Round I,04213,"Mahila Vikas Sanstha, Dr. R.G. Bhoyar Institute of Pharmaceutical Education & Research, Wardha",Wardha,Unaided,GSTS,State Level,Any,72782,
2022-23,D Pharmacy,CAP Round I,04213,"Mahila Vikas Sanstha, Dr. R.G. Bhoyar Institute of Pharmaceutical Education & Research, Wardha",Wardha,Unaided,LSTS,State Level,Ladies,34830,
2022-23,D Pharmacy,CAP Round I,04213,"Mahila Vikas Sanstha, Dr. R.G. Bhoyar Institute of Pharmaceutical Education & Research, Wardha",Wardha,Unaided,GVJS,State Level,Any,26890,
2022-23,D Pharmacy,CAP Round I,04213,"Mahila Vikas Sanstha, Dr. R.G. Bhoyar Institute of Pharmaceutical Education & Research, Wardha",Wardha,Unaided,LVJS,State Level,Ladies,26036,
2022-23,D Pharmacy,CAP Round I,04213,"Mahila Vikas Sanstha, Dr. R.G. Bhoyar Institute of Pharmaceutical Education & Research, Wardha",Wardha,Unaided,GNT1S,State Level,Any,32295,
2022-23,D Pharmacy,CAP Round I,04213,"Mahila Vikas Sanstha, Dr. R.G. Bhoyar Institute of Pharmaceutical Education & Research, Wardha",Wardha,Unaided,GNT2S,State Level,Any,29752,
2022-23,D Pharmacy,CAP Round I,04213,"Mahila Vikas Sanstha, Dr. R.G. Bhoyar Institute of Pharmaceutical Education & Research, Wardha",Wardha,Unaided,LNT3S,State Level,Ladies,41962,
2022-23,D Pharmacy,CAP Round I,04213,"Mahila Vikas Sanstha, Dr. R.G. Bhoyar Institute of Pharmaceutical Education & Research, Wardha",Wardha,Unaided,GOBCS,State Level,Any,29694,
2022-23,D Pharmacy,CAP Round I,04213,"Mahila Vikas Sanstha, Dr. R.G. Bhoyar Institute of Pharmaceutical Education & Research, Wardha",Wardha,Unaided,LOBCS,State Level,Ladies,26264,
2022-23,D Pharmacy,CAP Round I,04213,"Mahila Vikas Sanstha, Dr. R.G. Bhoyar Institute of Pharmaceutical Education & Research, Wardha",Wardha,Unaided,EWS,Special,Any,40934,
2022-23,D Pharmacy,CAP Round I,04213,"Mahila Vikas Sanstha, Dr. R.G. Bhoyar Institute of Pharmaceutical Education & Research, Wardha",Wardha,Unaided,TFWS,Special,Any,18652,
2022-23,D Pharmacy,CAP Round I,04260,"Sikh Education Society's Gurunanak Technical Institute of Pharmacy, Nagpur",Nagpur,Unaided,GOPENS,State Level,Any,14509,
2022-23,D Pharmacy,CAP Round I,04260,"Sikh Education Society's Gurunanak Technical Institute of Pharmacy, Nagpur",Nagpur,Unaided,LOPENS,State Level,Ladies,8058,
2022-23,D Pharmacy,CAP Round I,04260,"Sikh Education Society's Gurunanak Technical Institute of Pharmacy, Nagpur",Nagpur,Unaided,GSCS,State Level,Any,22130,
2022-23,D Pharmacy,CAP Round I,04260,"Sikh Education Society's Gurunanak Technical Institute of Pharmacy, Nagpur",Nagpur,Unaided,LSCS,State Level,Ladies,9575,
2022-23,D Pharmacy,CAP Round I,04260,"Sikh Education Society's Gurunanak Technical Institute of Pharmacy, Nagpur",Nagpur,Unaided,GSTS,State Level,Any,49485,
2022-23,D Pharmacy,CAP Round I,04260,"Sikh Education Society's Gurunanak Technical Institute of Pharmacy, Nagpur",Nagpur,Unaided,LSTS,State Level,Ladies,28009,
2022-23,D Pharmacy,CAP Round I,04260,"Sikh Education Society's Gurunanak Technical Institute of Pharmacy, Nagpur",Nagpur,Unaided,GVJS,State Level,Any,18166,
2022-23,D Pharmacy,CAP Round I,04260,"Sikh Education Society's Gurunanak Technical Institute of Pharmacy, Nagpur",Nagpur,Unaided,GNT1S,State Level,Any,20658,
2022-23,D Pharmacy,CAP Round I,04260,"Sikh Education Society's Gurunanak Technical Institute of Pharmacy, Nagpur",Nagpur,Unaided,LNT1S,State Level,Ladies,15401,
2022-23,D Pharmacy,CAP Round I,04260,"Sikh Education Society's Gurunanak Technical Institute of Pharmacy, Nagpur",Nagpur,Unaided,GNT2S,State Level,Any,38269,
2022-23,D Pharmacy,CAP Round I,04260,"Sikh Education Society's Gurunanak Technical Institute of Pharmacy, Nagpur",Nagpur,Unaided,GNT3S,State Level,Any,53384,
2022-23,D Pharmacy,CAP Round I,04260,"Sikh Education Society's Gurunanak Technical Institute of Pharmacy, Nagpur",Nagpur,Unaided,GOBCS,State Level,Any,16989,
2022-23,D Pharmacy,CAP Round I,04260,"Sikh Education Society's Gurunanak Technical Institute of Pharmacy, Nagpur",Nagpur,Unaided,LOBCS,State Level,Ladies,11324,
2022-23,D Pharmacy,CAP Round I,04260,"Sikh Education Society's Gurunanak Technical Institute of Pharmacy, Nagpur",Nagpur,Unaided,PWDOPENS,State Level,Any,76288,
2022-23,D Pharmacy,CAP Round I,04260,"Sikh Education Society's Gurunanak Technical Institute of Pharmacy, Nagpur",Nagpur,Unaided,ORPHAN,Special,Any,79675,
2022-23,D Pharmacy,CAP Round I,04260,"Sikh Education Society's Gurunanak Technical Institute of Pharmacy, Nagpur",Nagpur,Unaided,EWS,Special,Any,42072,
2022-23,D Pharmacy,CAP Round I,04260,"Sikh Education Society's Gurunanak Technical Institute of Pharmacy, Nagpur",Nagpur,Unaided,TFWS,Special,Any,4502,
2022-23,D Pharmacy,CAP Round I,04261,"Shri Bhawabhuti Shikshan Sanstha's Shri Laxmanrao Mankar Institute Of Pharmacy, Amgoan",Gondia,Unaided,GOPENS,State Level,Any,12943,
2022-23,D Pharmacy,CAP Round I,04261,"Shri Bhawabhuti Shikshan Sanstha's Shri Laxmanrao Mankar Institute Of Pharmacy, Amgoan",Gondia,Unaided,LOPENS,State Level,Ladies,5156,
2022-23,D Pharmacy,CAP Round I,04261,"Shri Bhawabhuti Shikshan Sanstha's Shri Laxmanrao Mankar Institute Of Pharmacy, Amgoan",Gondia,Unaided,GSCS,State Level,Any,19195,
2022-23,D Pharmacy,CAP Round I,04261,"Shri Bhawabhuti Shikshan Sanstha's Shri Laxmanrao Mankar Institute Of Pharmacy, Amgoan",Gondia,Unaided,LSCS,State Level,Ladies,6801,
2022-23,D Pharmacy,CAP Round I,04261,"Shri Bhawabhuti Shikshan Sanstha's Shri Laxmanrao Mankar Institute Of Pharmacy, Amgoan",Gondia,Unaided,GSTS,State Level,Any,46315,
2022-23,D Pharmacy,CAP Round I,04261,"Shri Bhawabhuti Shikshan Sanstha's Shri Laxmanrao Mankar Institute Of Pharmacy, Amgoan",Gondia,Unaided,LSTS,State Level,Ladies,9275,
2022-23,D Pharmacy,CAP Round I,04261,"Shri Bhawabhuti Shikshan Sanstha's Shri Laxmanrao Mankar Institute Of Pharmacy, Amgoan",Gondia,Unaided,GVJS,State Level,Any,66813,
2022-23,D Pharmacy,CAP Round I,04261,"Shri Bhawabhuti Shikshan Sanstha's Shri Laxmanrao Mankar Institute Of Pharmacy, Amgoan",Gondia,Unaided,GNT1S,State Level,Any,24624,
2022-23,D Pharmacy,CAP Round I,04261,"Shri Bhawabhuti Shikshan Sanstha's Shri Laxmanrao Mankar Institute Of Pharmacy, Amgoan",Gondia,Unaided,GNT2S,State Level,Any,73569,
2022-23,D Pharmacy,CAP Round I,04261,"Shri Bhawabhuti Shikshan Sanstha's Shri Laxmanrao Mankar Institute Of Pharmacy, Amgoan",Gondia,Unaided,GNT3S,State Level,Any,44213,
2022-23,D Pharmacy,CAP Round I,04261,"Shri Bhawabhuti Shikshan Sanstha's Shri Laxmanrao Mankar Institute Of Pharmacy, Amgoan",Gondia,Unaided,GOBCS,State Level,Any,14100,
2022-23,D Pharmacy,CAP Round I,04261,"Shri Bhawabhuti Shikshan Sanstha's Shri Laxmanrao Mankar Institute Of Pharmacy, Amgoan",Gondia,Unaided,LOBCS,State Level,Ladies,8142,
2022-23,D Pharmacy,CAP Round I,04261,"Shri Bhawabhuti Shikshan Sanstha's Shri Laxmanrao Mankar Institute Of Pharmacy, Amgoan",Gondia,Unaided,EWS,Special,Any,73842,
2022-23,D Pharmacy,CAP Round I,04261,"Shri Bhawabhuti Shikshan Sanstha's Shri Laxmanrao Mankar Institute Of Pharmacy, Amgoan",Gondia,Unaided,TFWS,Special,Any,7735,
2022-23,D Pharmacy,CAP Round I,04261,"Shri Bhawabhuti Shikshan Sanstha's Shri Laxmanrao Mankar Institute Of Pharmacy, Amgoan",Gondia,Unaided,LNT2S,State Level,Ladies,74740,
2022-23,D Pharmacy,CAP Round I,04262,"Ravi Bahu-Uddeshiya Shikshan Sanstha's Ravi Institute Of Diploma In Pharmacy, Mahadula, Devi Road, Koradi",Nagpur,Unaided,GOPENS,State Level,Any,26657,
2022-23,D Pharmacy,CAP Round I,04262,"Ravi Bahu-Uddeshiya Shikshan Sanstha's Ravi Institute Of Diploma In Pharmacy, Mahadula, Devi Road, Koradi",Nagpur,Unaided,LOPENS,State Level,Ladies,15458,
2022-23,D Pharmacy,CAP Round I,04262,"Ravi Bahu-Uddeshiya Shikshan Sanstha's Ravi Institute Of Diploma In Pharmacy, Mahadula, Devi Road, Koradi",Nagpur,Unaided,GSCS,State Level,Any,29572,
2022-23,D Pharmacy,CAP Round I,04262,"Ravi Bahu-Uddeshiya Shikshan Sanstha's Ravi Institute Of Diploma In Pharmacy, Mahadula, Devi Road, Koradi",Nagpur,Unaided,LSCS,State Level,Ladies,23073,
2022-23,D Pharmacy,CAP Round I,04262,"Ravi Bahu-Uddeshiya Shikshan Sanstha's Ravi Institute Of Diploma In Pharmacy, Mahadula, Devi Road, Koradi",Nagpur,Unaided,GSTS,State Level,Any,60957,
2022-23,D Pharmacy,CAP Round I,04262,"Ravi Bahu-Uddeshiya Shikshan Sanstha's Ravi Institute Of Diploma In Pharmacy, Mahadula, Devi Road, Koradi",Nagpur,Unaided,LSTS,State Level,Ladies,55868,
2022-23,D Pharmacy,CAP Round I,04262,"Ravi Bahu-Uddeshiya Shikshan Sanstha's Ravi Institute Of Diploma In Pharmacy, Mahadula, Devi Road, Koradi",Nagpur,Unaided,GVJS,State Level,Any,37536,
2022-23,D Pharmacy,CAP Round I,04262,"Ravi Bahu-Uddeshiya Shikshan Sanstha's Ravi Institute Of Diploma In Pharmacy, Mahadula, Devi Road, Koradi",Nagpur,Unaided,GNT1S,State Level,Any,35230,
2022-23,D Pharmacy,CAP Round I,04262,"Ravi Bahu-Uddeshiya Shikshan Sanstha's Ravi Institute Of Diploma In Pharmacy, Mahadula, Devi Road, Koradi",Nagpur,Unaided,LNT1S,State Level,Ladies,36399,
2022-23,D Pharmacy,CAP Round I,04262,"Ravi Bahu-Uddeshiya Shikshan Sanstha's Ravi Institute Of Diploma In Pharmacy, Mahadula, Devi Road, Koradi",Nagpur,Unaided,GNT2S,State Level,Any,39352,
2022-23,D Pharmacy,CAP Round I,04262,"Ravi Bahu-Uddeshiya Shikshan Sanstha's Ravi Institute Of Diploma In Pharmacy, Mahadula, Devi Road, Koradi",Nagpur,Unaided,LNT2S,State Level,Ladies,56125,
2022-23,D Pharmacy,CAP Round I,04262,"Ravi Bahu-Uddeshiya Shikshan Sanstha's Ravi Institute Of Diploma In Pharmacy, Mahadula, Devi Road, Koradi",Nagpur,Unaided,GNT3S,State Level,Any,55882,
2022-23,D Pharmacy,CAP Round I,04262,"Ravi Bahu-Uddeshiya Shikshan Sanstha's Ravi Institute Of Diploma In Pharmacy, Mahadula, Devi Road, Koradi",Nagpur,Unaided,GOBCS,State Level,Any,28932,
2022-23,D Pharmacy,CAP Round I,04262,"Ravi Bahu-Uddeshiya Shikshan Sanstha's Ravi Institute Of Diploma In Pharmacy, Mahadula, Devi Road, Koradi",Nagpur,Unaided,LOBCS,State Level,Ladies,17508,
2022-23,D Pharmacy,CAP Round I,04262,"Ravi Bahu-Uddeshiya Shikshan Sanstha's Ravi Institute Of Diploma In Pharmacy, Mahadula, Devi Road, Koradi",Nagpur,Unaided,EWS,Special,Any,56221,
2022-23,D Pharmacy,CAP Round I,04262,"Ravi Bahu-Uddeshiya Shikshan Sanstha's Ravi Institute Of Diploma In Pharmacy, Mahadula, Devi Road, Koradi",Nagpur,Unaided,TFWS,Special,Any,14866,
2022-23,D Pharmacy,CAP Round I,04263,"S.K.B.College of Pharmacy, Gada, Kamptee",Nagpur,Unaided,GOPENS,State Level,Any,20106,
2022-23,D Pharmacy,CAP Round I,04263,"S.K.B.College of Pharmacy, Gada, Kamptee",Nagpur,Unaided,LOPENS,State Level,Ladies,13689,
2022-23,D Pharmacy,CAP Round I,04263,"S.K.B.College of Pharmacy, Gada, Kamptee",Nagpur,Unaided,GSCS,State Level,Any,24515,
2022-23,D Pharmacy,CAP Round I,04263,"S.K.B.College of Pharmacy, Gada, Kamptee",Nagpur,Unaided,LSCS,State Level,Ladies,17479,
2022-23,D Pharmacy,CAP Round I,04263,"S.K.B.College of Pharmacy, Gada, Kamptee",Nagpur,Unaided,GSTS,State Level,Any,62814,
2022-23,D Pharmacy,CAP Round I,04263,"S.K.B.College of Pharmacy, Gada, Kamptee",Nagpur,Unaided,LSTS,State Level,Ladies,46940,
2022-23,D Pharmacy,CAP Round I,04263,"S.K.B.College of Pharmacy, Gada, Kamptee",Nagpur,Unaided,GVJS,State Level,Any,33942,
2022-23,D Pharmacy,CAP Round I,04263,"S.K.B.College of Pharmacy, Gada, Kamptee",Nagpur,Unaided,LVJS,State Level,Ladies,40113,
2022-23,D Pharmacy,CAP Round I,04263,"S.K.B.College of Pharmacy, Gada, Kamptee",Nagpur,Unaided,GNT1S,State Level,Any,27774,
2022-23,D Pharmacy,CAP Round I,04263,"S.K.B.College of Pharmacy, Gada, Kamptee",Nagpur,Unaided,GNT2S,State Level,Any,60554,
2022-23,D Pharmacy,CAP Round I,04263,"S.K.B.College of Pharmacy, Gada, Kamptee",Nagpur,Unaided,GNT3S,State Level,Any,51259,
2022-23,D Pharmacy,CAP Round I,04263,"S.K.B.College of Pharmacy, Gada, Kamptee",Nagpur,Unaided,GOBCS,State Level,Any,22360,
2022-23,D Pharmacy,CAP Round I,04263,"S.K.B.College of Pharmacy, Gada, Kamptee",Nagpur,Unaided,LOBCS,State Level,Ladies,14962,
2022-23,D Pharmacy,CAP Round I,04263,"S.K.B.College of Pharmacy, Gada, Kamptee",Nagpur,Unaided,EWS,Special,Any,48515,
2022-23,D Pharmacy,CAP Round I,04263,"S.K.B.College of Pharmacy, Gada, Kamptee",Nagpur,Unaided,TFWS,Special,Any,7654,
2022-23,D Pharmacy,CAP Round I,04264,"Gondiya Education Society's Manoharbhai Patel Institute of Pharmacy, Gondia",Gondia,Linguistic Minority - Hindi,GOPENS,State Level,Any,6628,
2022-23,D Pharmacy,CAP Round I,04264,"Gondiya Education Society's Manoharbhai Patel Institute of Pharmacy, Gondia",Gondia,Linguistic Minority - Hindi,LOPENS,State Level,Ladies,2336,
2022-23,D Pharmacy,CAP Round I,04264,"Gondiya Education Society's Manoharbhai Patel Institute of Pharmacy, Gondia",Gondia,Linguistic Minority - Hindi,TFWS,Special,Any,1435,
2022-23,D Pharmacy,CAP Round I,04266,"Mehmuda Shikshan & Mahila Gr. Vikas Bahu. Sanstha's Central India Institute Of Pharmacy, Nagpur",Nagpur,Religious Minority - Muslim,GOPENS,State Level,Any,26635,
2022-23,D Pharmacy,CAP Round I,04266,"Mehmuda Shikshan & Mahila Gr. Vikas Bahu. Sanstha's Central India Institute Of Pharmacy, Nagpur",Nagpur,Religious Minority - Muslim,LOPENS,State Level,Ladies,27471,
2022-23,D Pharmacy,CAP Round I,04266,"Mehmuda Shikshan & Mahila Gr. Vikas Bahu. Sanstha's Central India Institute Of Pharmacy, Nagpur",Nagpur,Religious Minority - Muslim,MI,Special,Any,30426,
2022-23,D Pharmacy,CAP Round I,04266,"Mehmuda Shikshan & Mahila Gr. Vikas Bahu. Sanstha's Central India Institute Of Pharmacy, Nagpur",Nagpur,Religious Minority - Muslim,TFWS,Special,Any,15549,
2022-23,D Pharmacy,CAP Round I,04267,"Yashodhara Bajaj College of Pharmacy, Chandrapur",Chandrapur,Linguistic Minority - Hindi,GOPENS,State Level,Any,18812,
2022-23,D Pharmacy,CAP Round I,04267,"Yashodhara Bajaj College of Pharmacy, Chandrapur",Chandrapur,Linguistic Minority - Hindi,LOPENS,State Level,Ladies,14138,
2022-23,D Pharmacy,CAP Round I,04267,"Yashodhara Bajaj College of Pharmacy, Chandrapur",Chandrapur,Linguistic Minority - Hindi,MI,Special,Any,82423,
2022-23,D Pharmacy,CAP Round I,04267,"Yashodhara Bajaj College of Pharmacy, Chandrapur",Chandrapur,Linguistic Minority - Hindi,TFWS,Special,Any,2795,
2022-23,D Pharmacy,CAP Round I,04268,"Wainganga Bahu-uddeshiya Vikas Sanstha,s Bajiraoji Karanjekar College of Pharmacy, Sakoli",Bhandara,Unaided,GOPENS,State Level,Any,20471,
2022-23,D Pharmacy,CAP Round I,04268,"Wainganga Bahu-uddeshiya Vikas Sanstha,s Bajiraoji Karanjekar College of Pharmacy, Sakoli",Bhandara,Unaided,LOPENS,State Level,Ladies,17834,
2022-23,D Pharmacy,CAP Round I,04268,"Wainganga Bahu-uddeshiya Vikas Sanstha,s Bajiraoji Karanjekar College of Pharmacy, Sakoli",Bhandara,Unaided,GSCS,State Level,Any,31042,
2022-23,D Pharmacy,CAP Round I,04268,"Wainganga Bahu-uddeshiya Vikas Sanstha,s Bajiraoji Karanjekar College of Pharmacy, Sakoli",Bhandara,Unaided,LSCS,State Level,Ladies,25972,
2022-23,D Pharmacy,CAP Round I,04268,"Wainganga Bahu-uddeshiya Vikas Sanstha,s Bajiraoji Karanjekar College of Pharmacy, Sakoli",Bhandara,Unaided,GSTS,State Level,Any,43609,
2022-23,D Pharmacy,CAP Round I,04268,"Wainganga Bahu-uddeshiya Vikas Sanstha,s Bajiraoji Karanjekar College of Pharmacy, Sakoli",Bhandara,Unaided,LSTS,State Level,Ladies,25551,
2022-23,D Pharmacy,CAP Round I,04268,"Wainganga Bahu-uddeshiya Vikas Sanstha,s Bajiraoji Karanjekar College of Pharmacy, Sakoli",Bhandara,Unaided,GVJS,State Level,Any,54038,
2022-23,D Pharmacy,CAP Round I,04268,"Wainganga Bahu-uddeshiya Vikas Sanstha,s Bajiraoji Karanjekar College of Pharmacy, Sakoli",Bhandara,Unaided,LNT1S,State Level,Ladies,25649,
2022-23,D Pharmacy,CAP Round I,04268,"Wainganga Bahu-uddeshiya Vikas Sanstha,s Bajiraoji Karanjekar College of Pharmacy, Sakoli",Bhandara,Unaided,GNT2S,State Level,Any,79919,
2022-23,D Pharmacy,CAP Round I,04268,"Wainganga Bahu-uddeshiya Vikas Sanstha,s Bajiraoji Karanjekar College of Pharmacy, Sakoli",Bhandara,Unaided,LNT2S,State Level,Ladies,76777,
2022-23,D Pharmacy,CAP Round I,04268,"Wainganga Bahu-uddeshiya Vikas Sanstha,s Bajiraoji Karanjekar College of Pharmacy, Sakoli",Bhandara,Unaided,GOBCS,State Level,Any,23240,
2022-23,D Pharmacy,CAP Round I,04268,"Wainganga Bahu-uddeshiya Vikas Sanstha,s Bajiraoji Karanjekar College of Pharmacy, Sakoli",Bhandara,Unaided,LOBCS,State Level,Ladies,20663,
2022-23,D Pharmacy,CAP Round I,04268,"Wainganga Bahu-uddeshiya Vikas Sanstha,s Bajiraoji Karanjekar College of Pharmacy, Sakoli",Bhandara,Unaided,PWDOPENS,State Level,Any,62623,
2022-23,D Pharmacy,CAP Round I,04268,"Wainganga Bahu-uddeshiya Vikas Sanstha,s Bajiraoji Karanjekar College of Pharmacy, Sakoli",Bhandara,Unaided,ORPHAN,Special,Any,54976,
2022-23,D Pharmacy,CAP Round I,04268,"Wainganga Bahu-uddeshiya Vikas Sanstha,s Bajiraoji Karanjekar College of Pharmacy, Sakoli",Bhandara,Unaided,EWS,Special,Any,84094,
2022-23,D Pharmacy,CAP Round I,04268,"Wainganga Bahu-uddeshiya Vikas Sanstha,s Bajiraoji Karanjekar College of Pharmacy, Sakoli",Bhandara,Unaided,TFWS,Special,Any,9119,
2022-23,D Pharmacy,CAP Round I,04269,"Shri.Sadashivrao Patil Shikshan Sanstha's Anurag College Of Pharmacy , Warathi, Bhandara",Bhandara,Unaided,GOPENS,State Level,Any,14851,
2022-23,D Pharmacy,CAP Round I,04269,"Shri.Sadashivrao Patil Shikshan Sanstha's Anurag College Of Pharmacy , Warathi, Bhandara",Bhandara,Unaided,LOPENS,State Level,Ladies,9143,
2022-23,D Pharmacy,CAP Round I,04269,"Shri.Sadashivrao Patil Shikshan Sanstha's Anurag College Of Pharmacy , Warathi, Bhandara",Bhandara,Unaided,GSCS,State Level,Any,22970,
2022-23,D Pharmacy,CAP Round I,04269,"Shri.Sadashivrao Patil Shikshan Sanstha's Anurag College Of Pharmacy , Warathi, Bhandara",Bhandara,Unaided,LSCS,State Level,Ladies,15577,
2022-23,D Pharmacy,CAP Round I,04269,"Shri.Sadashivrao Patil Shikshan Sanstha's Anurag College Of Pharmacy , Warathi, Bhandara",Bhandara,Unaided,GSTS,State Level,Any,59988,
2022-23,D Pharmacy,CAP Round I,04269,"Shri.Sadashivrao Patil Shikshan Sanstha's Anurag College Of Pharmacy , Warathi, Bhandara",Bhandara,Unaided,LSTS,State Level,Ladies,55965,
2022-23,D Pharmacy,CAP Round I,04269,"Shri.Sadashivrao Patil Shikshan Sanstha's Anurag College Of Pharmacy , Warathi, Bhandara",Bhandara,Unaided,GVJS,State Level,Any,52553,
2022-23,D Pharmacy,CAP Round I,04269,"Shri.Sadashivrao Patil Shikshan Sanstha's Anurag College Of Pharmacy , Warathi, Bhandara",Bhandara,Unaided,LVJS,State Level,Ladies,30397,
2022-23,D Pharmacy,CAP Round I,04269,"Shri.Sadashivrao Patil Shikshan Sanstha's Anurag College Of Pharmacy , Warathi, Bhandara",Bhandara,Unaided,GNT1S,State Level,Any,26422,
2022-23,D Pharmacy,CAP Round I,04269,"Shri.Sadashivrao Patil Shikshan Sanstha's Anurag College Of Pharmacy , Warathi, Bhandara",Bhandara,Unaided,GNT2S,State Level,Any,29781,
2022-23,D Pharmacy,CAP Round I,04269,"Shri.Sadashivrao Patil Shikshan Sanstha's Anurag College Of Pharmacy , Warathi, Bhandara",Bhandara,Unaided,GNT3S,State Level,Any,73290,
2022-23,D Pharmacy,CAP Round I,04269,"Shri.Sadashivrao Patil Shikshan Sanstha's Anurag College Of Pharmacy , Warathi, Bhandara",Bhandara,Unaided,GOBCS,State Level,Any,17042,
2022-23,D Pharmacy,CAP Round I,04269,"Shri.Sadashivrao Patil Shikshan Sanstha's Anurag College Of Pharmacy , Warathi, Bhandara",Bhandara,Unaided,LOBCS,State Level,Ladies,10883,
2022-23,D Pharmacy,CAP Round I,04269,"Shri.Sadashivrao Patil Shikshan Sanstha's Anurag College Of Pharmacy , Warathi, Bhandara",Bhandara,Unaided,PWDOPENS,State Level,Any,22503,
2022-23,D Pharmacy,CAP Round I,04269,"Shri.Sadashivrao Patil Shikshan Sanstha's Anurag College Of Pharmacy , Warathi, Bhandara",Bhandara,Unaided,DEFOPENS,State Level,Any,83113,
2022-23,D Pharmacy,CAP Round I,04269,"Shri.Sadashivrao Patil Shikshan Sanstha's Anurag College Of Pharmacy , Warathi, Bhandara",Bhandara,Unaided,EWS,Special,Any,18993,
2022-23,D Pharmacy,CAP Round I,04269,"Shri.Sadashivrao Patil Shikshan Sanstha's Anurag College Of Pharmacy , Warathi, Bhandara",Bhandara,Unaided,TFWS,Special,Any,14456,
2022-23,D Pharmacy,CAP Round I,04270,"Backward Class Youth Relief Committee's Institute of D. Pharmacy, Nagpur",Nagpur,Unaided,GOPENS,State Level,Any,19261,
2022-23,D Pharmacy,CAP Round I,04270,"Backward Class Youth Relief Committee's Institute of D. Pharmacy, Nagpur",Nagpur,Unaided,LOPENS,State Level,Ladies,13281,
2022-23,D Pharmacy,CAP Round I,04270,"Backward Class Youth Relief Committee's Institute of D. Pharmacy, Nagpur",Nagpur,Unaided,GSCS,State Level,Any,25337,
2022-23,D Pharmacy,CAP Round I,04270,"Backward Class Youth Relief Committee's Institute of D. Pharmacy, Nagpur",Nagpur,Unaided,LSCS,State Level,Ladies,18634,
2022-23,D Pharmacy,CAP Round I,04270,"Backward Class Youth Relief Committee's Institute of D. Pharmacy, Nagpur",Nagpur,Unaided,GSTS,State Level,Any,53430,
2022-23,D Pharmacy,CAP Round I,04270,"Backward Class Youth Relief Committee's Institute of D. Pharmacy, Nagpur",Nagpur,Unaided,LSTS,State Level,Ladies,17650,
2022-23,D Pharmacy,CAP Round I,04270,"Backward Class Youth Relief Committee's Institute of D. Pharmacy, Nagpur",Nagpur,Unaided,GVJS,State Level,Any,21346,
2022-23,D Pharmacy,CAP Round I,04270,"Backward Class Youth Relief Committee's Institute of D. Pharmacy, Nagpur",Nagpur,Unaided,GNT1S,State Level,Any,28250,
2022-23,D Pharmacy,CAP Round I,04270,"Backward Class Youth Relief Committee's Institute of D. Pharmacy, Nagpur",Nagpur,Unaided,LNT1S,State Level,Ladies,21197,
2022-23,D Pharmacy,CAP Round I,04270,"Backward Class Youth Relief Committee's Institute of D. Pharmacy, Nagpur",Nagpur,Unaided,GNT2S,State Level,Any,33926,
2022-23,D Pharmacy,CAP Round I,04270,"Backward Class Youth Relief Committee's Institute of D. Pharmacy, Nagpur",Nagpur,Unaided,LNT2S,State Level,Ladies,57494,
2022-23,D Pharmacy,CAP Round I,04270,"Backward Class Youth Relief Committee's Institute of D. Pharmacy, Nagpur",Nagpur,Unaided,LNT3S,State Level,Ladies,52797,
2022-23,D Pharmacy,CAP Round I,04270,"Backward Class Youth Relief Committee's Institute of D. Pharmacy, Nagpur",Nagpur,Unaided,GOBCS,State Level,Any,25323,
2022-23,D Pharmacy,CAP Round I,04270,"Backward Class Youth Relief Committee's Institute of D. Pharmacy, Nagpur",Nagpur,Unaided,LOBCS,State Level,Ladies,17613,
2022-23,D Pharmacy,CAP Round I,04270,"Backward Class Youth Relief Committee's Institute of D. Pharmacy, Nagpur",Nagpur,Unaided,PWDOPENS,State Level,Any,52220,
2022-23,D Pharmacy,CAP Round I,04270,"Backward Class Youth Relief Committee's Institute of D. Pharmacy, Nagpur",Nagpur,Unaided,EWS,Special,Any,57685,
2022-23,D Pharmacy,CAP Round I,04270,"Backward Class Youth Relief Committee's Institute of D. Pharmacy, Nagpur",Nagpur,Unaided,TFWS,Special,Any,11596,
2022-23,D Pharmacy,CAP Round I,04271,"Jai Mahakali Shikshan Sanstha's Agnihotri Institute of Diploma in Pharmacy, Wardha",Wardha,Unaided,GOPENS,State Level,Any,28279,
2022-23,D Pharmacy,CAP Round I,04271,"Jai Mahakali Shikshan Sanstha's Agnihotri Institute of Diploma in Pharmacy, Wardha",Wardha,Unaided,LOPENS,State Level,Ladies,27080,
2022-23,D Pharmacy,CAP Round I,04271,"Jai Mahakali Shikshan Sanstha's Agnihotri Institute of Diploma in Pharmacy, Wardha",Wardha,Unaided,GSCS,State Level,Any,40716,
2022-23,D Pharmacy,CAP Round I,04271,"Jai Mahakali Shikshan Sanstha's Agnihotri Institute of Diploma in Pharmacy, Wardha",Wardha,Unaided,LSCS,State Level,Ladies,43198,
2022-23,D Pharmacy,CAP Round I,04271,"Jai Mahakali Shikshan Sanstha's Agnihotri Institute of Diploma in Pharmacy, Wardha",Wardha,Unaided,GSTS,State Level,Any,83030,
2022-23,D Pharmacy,CAP Round I,04271,"Jai Mahakali Shikshan Sanstha's Agnihotri Institute of Diploma in Pharmacy, Wardha",Wardha,Unaided,LSTS,State Level,Ladies,82744,
2022-23,D Pharmacy,CAP Round I,04271,"Jai Mahakali Shikshan Sanstha's Agnihotri Institute of Diploma in Pharmacy, Wardha",Wardha,Unaided,GVJS,State Level,Any,29393,
2022-23,D Pharmacy,CAP Round I,04271,"Jai Mahakali Shikshan Sanstha's Agnihotri Institute of Diploma in Pharmacy, Wardha",Wardha,Unaided,GNT1S,State Level,Any,32654,
2022-23,D Pharmacy,CAP Round I,04271,"Jai Mahakali Shikshan Sanstha's Agnihotri Institute of Diploma in Pharmacy, Wardha",Wardha,Unaided,GNT2S,State Level,Any,33754,
2022-23,D Pharmacy,CAP Round I,04271,"Jai Mahakali Shikshan Sanstha's Agnihotri Institute of Diploma in Pharmacy, Wardha",Wardha,Unaided,LNT2S,State Level,Ladies,34559,
2022-23,D Pharmacy,CAP Round I,04271,"Jai Mahakali Shikshan Sanstha's Agnihotri Institute of Diploma in Pharmacy, Wardha",Wardha,Unaided,GNT3S,State Level,Any,35277,
2022-23,D Pharmacy,CAP Round I,04271,"Jai Mahakali Shikshan Sanstha's Agnihotri Institute of Diploma in Pharmacy, Wardha",Wardha,Unaided,GOBCS,State Level,Any,31575,
2022-23,D Pharmacy,CAP Round I,04271,"Jai Mahakali Shikshan Sanstha's Agnihotri Institute of Diploma in Pharmacy, Wardha",Wardha,Unaided,LOBCS,State Level,Ladies,29321,
2022-23,D Pharmacy,CAP Round I,04271,"Jai Mahakali Shikshan Sanstha's Agnihotri Institute of Diploma in Pharmacy, Wardha",Wardha,Unaided,EWS,Special,Any,40298,
2022-23,D Pharmacy,CAP Round I,04271,"Jai Mahakali Shikshan Sanstha's Agnihotri Institute of Diploma in Pharmacy, Wardha",Wardha,Unaided,TFWS,Special,Any,19417,
2022-23,D Pharmacy,CAP Round I,04272,"Bhausaheb Mulak Charitable Trust 'S Bhausaheb Mulak College Of D. Pharmacy, Umred, Nagpur",Nagpur,Unaided,GOPENS,State Level,Any,26208,
2022-23,D Pharmacy,CAP Round I,04272,"Bhausaheb Mulak Charitable Trust 'S Bhausaheb Mulak College Of D. Pharmacy, Umred, Nagpur",Nagpur,Unaided,LOPENS,State Level,Ladies,15702,
2022-23,D Pharmacy,CAP Round I,04272,"Bhausaheb Mulak Charitable Trust 'S Bhausaheb Mulak College Of D. Pharmacy, Umred, Nagpur",Nagpur,Unaided,GSCS,State Level,Any,36240,
2022-23,D Pharmacy,CAP Round I,04272,"Bhausaheb Mulak Charitable Trust 'S Bhausaheb Mulak College Of D. Pharmacy, Umred, Nagpur",Nagpur,Unaided,LSCS,State Level,Ladies,31256,
2022-23,D Pharmacy,CAP Round I,04272,"Bhausaheb Mulak Charitable Trust 'S Bhausaheb Mulak College Of D. Pharmacy, Umred, Nagpur",Nagpur,Unaided,GSTS,State Level,Any,53135,
2022-23,D Pharmacy,CAP Round I,04272,"Bhausaheb Mulak Charitable Trust 'S Bhausaheb Mulak College Of D. Pharmacy, Umred, Nagpur",Nagpur,Unaided,LSTS,State Level,Ladies,50922,
2022-23,D Pharmacy,CAP Round I,04272,"Bhausaheb Mulak Charitable Trust 'S Bhausaheb Mulak College Of D. Pharmacy, Umred, Nagpur",Nagpur,Unaided,GVJS,State Level,Any,31925,
2022-23,D Pharmacy,CAP Round I,04272,"Bhausaheb Mulak Charitable Trust 'S Bhausaheb Mulak College Of D. Pharmacy, Umred, Nagpur",Nagpur,Unaided,LVJS,State Level,Ladies,35808,
2022-23,D Pharmacy,CAP Round I,04272,"Bhausaheb Mulak Charitable Trust 'S Bhausaheb Mulak College Of D. Pharmacy, Umred, Nagpur",Nagpur,Unaided,LNT1S,State Level,Ladies,28996,
2022-23,D Pharmacy,CAP Round I,04272,"Bhausaheb Mulak Charitable Trust 'S Bhausaheb Mulak College Of D. Pharmacy, Umred, Nagpur",Nagpur,Unaided,GNT2S,State Level,Any,30114,
2022-23,D Pharmacy,CAP Round I,04272,"Bhausaheb Mulak Charitable Trust 'S Bhausaheb Mulak College Of D. Pharmacy, Umred, Nagpur",Nagpur,Unaided,LNT2S,State Level,Ladies,30828,
2022-23,D Pharmacy,CAP Round I,04272,"Bhausaheb Mulak Charitable Trust 'S Bhausaheb Mulak College Of D. Pharmacy, Umred, Nagpur",Nagpur,Unaided,GNT3S,State Level,Any,60978,
2022-23,D Pharmacy,CAP Round I,04272,"Bhausaheb Mulak Charitable Trust 'S Bhausaheb Mulak College Of D. Pharmacy, Umred, Nagpur",Nagpur,Unaided,GOBCS,State Level,Any,28726,
2022-23,D Pharmacy,CAP Round I,04272,"Bhausaheb Mulak Charitable Trust 'S Bhausaheb Mulak College Of D. Pharmacy, Umred, Nagpur",Nagpur,Unaided,LOBCS,State Level,Ladies,26701,
2022-23,D Pharmacy,CAP Round I,04272,"Bhausaheb Mulak Charitable Trust 'S Bhausaheb Mulak College Of D. Pharmacy, Umred, Nagpur",Nagpur,Unaided,EWS,Special,Any,60608,
2022-23,D Pharmacy,CAP Round I,04272,"Bhausaheb Mulak Charitable Trust 'S Bhausaheb Mulak College Of D. Pharmacy, Umred, Nagpur",Nagpur,Unaided,TFWS,Special,Any,18025,
2022-23,D Pharmacy,CAP Round I,04274,"Abhinav Bahuuddeshiya's Siddhivinayak College Of Pharmacy, Warora, Dist. Chandrapur",Chandrapur,Unaided,GOPENS,State Level,Any,26917,
2022-23,D Pharmacy,CAP Round I,04274,"Abhinav Bahuuddeshiya's Siddhivinayak College Of Pharmacy, Warora, Dist. Chandrapur",Chandrapur,Unaided,LOPENS,State Level,Ladies,23050,
2022-23,D Pharmacy,CAP Round I,04274,"Abhinav Bahuuddeshiya's Siddhivinayak College Of Pharmacy, Warora, Dist. Chandrapur",Chandrapur,Unaided,GSCS,State Level,Any,35412,
2022-23,D Pharmacy,CAP Round I,04274,"Abhinav Bahuuddeshiya's Siddhivinayak College Of Pharmacy, Warora, Dist. Chandrapur",Chandrapur,Unaided,LSCS,State Level,Ladies,26659,
2022-23,D Pharmacy,CAP Round I,04274,"Abhinav Bahuuddeshiya's Siddhivinayak College Of Pharmacy, Warora, Dist. Chandrapur",Chandrapur,Unaided,GSTS,State Level,Any,50904,
2022-23,D Pharmacy,CAP Round I,04274,"Abhinav Bahuuddeshiya's Siddhivinayak College Of Pharmacy, Warora, Dist. Chandrapur",Chandrapur,Unaided,LSTS,State Level,Ladies,52266,
2022-23,D Pharmacy,CAP Round I,04274,"Abhinav Bahuuddeshiya's Siddhivinayak College Of Pharmacy, Warora, Dist. Chandrapur",Chandrapur,Unaided,GVJS,State Level,Any,31429,
2022-23,D Pharmacy,CAP Round I,04274,"Abhinav Bahuuddeshiya's Siddhivinayak College Of Pharmacy, Warora, Dist. Chandrapur",Chandrapur,Unaided,LVJS,State Level,Ladies,34205,
2022-23,D Pharmacy,CAP Round I,04274,"Abhinav Bahuuddeshiya's Siddhivinayak College Of Pharmacy, Warora, Dist. Chandrapur",Chandrapur,Unaided,GNT1S,State Level,Any,28058,
2022-23,D Pharmacy,CAP Round I,04274,"Abhinav Bahuuddeshiya's Siddhivinayak College Of Pharmacy, Warora, Dist. Chandrapur",Chandrapur,Unaided,GNT2S,State Level,Any,36481,
2022-23,D Pharmacy,CAP Round I,04274,"Abhinav Bahuuddeshiya's Siddhivinayak College Of Pharmacy, Warora, Dist. Chandrapur",Chandrapur,Unaided,GOBCS,State Level,Any,29278,
2022-23,D Pharmacy,CAP Round I,04274,"Abhinav Bahuuddeshiya's Siddhivinayak College Of Pharmacy, Warora, Dist. Chandrapur",Chandrapur,Unaided,LOBCS,State Level,Ladies,27190,
2022-23,D Pharmacy,CAP Round I,04274,"Abhinav Bahuuddeshiya's Siddhivinayak College Of Pharmacy, Warora, Dist. Chandrapur",Chandrapur,Unaided,EWS,Special,Any,39622,
2022-23,D Pharmacy,CAP Round I,04274,"Abhinav Bahuuddeshiya's Siddhivinayak College Of Pharmacy, Warora, Dist. Chandrapur",Chandrapur,Unaided,TFWS,Special,Any,21766,
2022-23,D Pharmacy,CAP Round I,04275,"Mahatma Phule Samata Shikshan Sanstha's K.D. Pawar College of Pharmacy, Saoner,Nagpur",Nagpur,Unaided,GOPENS,State Level,Any,27327,
2022-23,D Pharmacy,CAP Round I,04275,"Mahatma Phule Samata Shikshan Sanstha's K.D. Pawar College of Pharmacy, Saoner,Nagpur",Nagpur,Unaided,LOPENS,State Level,Ladies,20937,
2022-23,D Pharmacy,CAP Round I,04275,"Mahatma Phule Samata Shikshan Sanstha's K.D. Pawar College of Pharmacy, Saoner,Nagpur",Nagpur,Unaided,GSCS,State Level,Any,31376,
2022-23,D Pharmacy,CAP Round I,04275,"Mahatma Phule Samata Shikshan Sanstha's K.D. Pawar College of Pharmacy, Saoner,Nagpur",Nagpur,Unaided,LSCS,State Level,Ladies,30513,
2022-23,D Pharmacy,CAP Round I,04275,"Mahatma Phule Samata Shikshan Sanstha's K.D. Pawar College of Pharmacy, Saoner,Nagpur",Nagpur,Unaided,GSTS,State Level,Any,61160,
2022-23,D Pharmacy,CAP Round I,04275,"Mahatma Phule Samata Shikshan Sanstha's K.D. Pawar College of Pharmacy, Saoner,Nagpur",Nagpur,Unaided,LSTS,State Level,Ladies,30193,
2022-23,D Pharmacy,CAP Round I,04275,"Mahatma Phule Samata Shikshan Sanstha's K.D. Pawar College of Pharmacy, Saoner,Nagpur",Nagpur,Unaided,GVJS,State Level,Any,34487,
2022-23,D Pharmacy,CAP Round I,04275,"Mahatma Phule Samata Shikshan Sanstha's K.D. Pawar College of Pharmacy, Saoner,Nagpur",Nagpur,Unaided,GNT1S,State Level,Any,31324,
2022-23,D Pharmacy,CAP Round I,04275,"Mahatma Phule Samata Shikshan Sanstha's K.D. Pawar College of Pharmacy, Saoner,Nagpur",Nagpur,Unaided,GNT2S,State Level,Any,33890,
2022-23,D Pharmacy,CAP Round I,04275,"Mahatma Phule Samata Shikshan Sanstha's K.D. Pawar College of Pharmacy, Saoner,Nagpur",Nagpur,Unaided,LNT2S,State Level,Ladies,60719,
2022-23,D Pharmacy,CAP Round I,04275,"Mahatma Phule Samata Shikshan Sanstha's K.D. Pawar College of Pharmacy, Saoner,Nagpur",Nagpur,Unaided,GOBCS,State Level,Any,29693,
2022-23,D Pharmacy,CAP Round I,04275,"Mahatma Phule Samata Shikshan Sanstha's K.D. Pawar College of Pharmacy, Saoner,Nagpur",Nagpur,Unaided,LOBCS,State Level,Ladies,27272,
2022-23,D Pharmacy,CAP Round I,04275,"Mahatma Phule Samata Shikshan Sanstha's K.D. Pawar College of Pharmacy, Saoner,Nagpur",Nagpur,Unaided,PWDOPENS,State Level,Any,70013,
2022-23,D Pharmacy,CAP Round I,04275,"Mahatma Phule Samata Shikshan Sanstha's K.D. Pawar College of Pharmacy, Saoner,Nagpur",Nagpur,Unaided,DEFOPENS,State Level,Any,72941,
2022-23,D Pharmacy,CAP Round I,04275,"Mahatma Phule Samata Shikshan Sanstha's K.D. Pawar College of Pharmacy, Saoner,Nagpur",Nagpur,Unaided,EWS,Special,Any,64257,
2022-23,D Pharmacy,CAP Round I,04275,"Mahatma Phule Samata Shikshan Sanstha's K.D. Pawar College of Pharmacy, Saoner,Nagpur",Nagpur,Unaided,TFWS,Special,Any,6470,
2022-23,D Pharmacy,CAP Round I,04276,"Mahila Vikas Sanstha's Dr. R.G. Bhoyar Institute Of Pharmacy, Wardha",Wardha,Unaided,GOPENS,State Level,Any,33626,
2022-23,D Pharmacy,CAP Round I,04276,"Mahila Vikas Sanstha's Dr. R.G. Bhoyar Institute Of Pharmacy, Wardha",Wardha,Unaided,LOPENS,State Level,Ladies,31293,
2022-23,D Pharmacy,CAP Round I,04276,"Mahila Vikas Sanstha's Dr. R.G. Bhoyar Institute Of Pharmacy, Wardha",Wardha,Unaided,GSCS,State Level,Any,46180,
2022-23,D Pharmacy,CAP Round I,04276,"Mahila Vikas Sanstha's Dr. R.G. Bhoyar Institute Of Pharmacy, Wardha",Wardha,Unaided,LSCS,State Level,Ladies,43704,
2022-23,D Pharmacy,CAP Round I,04276,"Mahila Vikas Sanstha's Dr. R.G. Bhoyar Institute Of Pharmacy, Wardha",Wardha,Unaided,GSTS,State Level,Any,75207,
2022-23,D Pharmacy,CAP Round I,04276,"Mahila Vikas Sanstha's Dr. R.G. Bhoyar Institute Of Pharmacy, Wardha",Wardha,Unaided,LSTS,State Level,Ladies,83090,
2022-23,D Pharmacy,CAP Round I,04276,"Mahila Vikas Sanstha's Dr. R.G. Bhoyar Institute Of Pharmacy, Wardha",Wardha,Unaided,GVJS,State Level,Any,34277,
2022-23,D Pharmacy,CAP Round I,04276,"Mahila Vikas Sanstha's Dr. R.G. Bhoyar Institute Of Pharmacy, Wardha",Wardha,Unaided,LVJS,State Level,Ladies,28360,
2022-23,D Pharmacy,CAP Round I,04276,"Mahila Vikas Sanstha's Dr. R.G. Bhoyar Institute Of Pharmacy, Wardha",Wardha,Unaided,GNT1S,State Level,Any,35982,
2022-23,D Pharmacy,CAP Round I,04276,"Mahila Vikas Sanstha's Dr. R.G. Bhoyar Institute Of Pharmacy, Wardha",Wardha,Unaided,GNT2S,State Level,Any,46186,
2022-23,D Pharmacy,CAP Round I,04276,"Mahila Vikas Sanstha's Dr. R.G. Bhoyar Institute Of Pharmacy, Wardha",Wardha,Unaided,LNT2S,State Level,Ladies,37171,
2022-23,D Pharmacy,CAP Round I,04276,"Mahila Vikas Sanstha's Dr. R.G. Bhoyar Institute Of Pharmacy, Wardha",Wardha,Unaided,GNT3S,State Level,Any,50065,
2022-23,D Pharmacy,CAP Round I,04276,"Mahila Vikas Sanstha's Dr. R.G. Bhoyar Institute Of Pharmacy, Wardha",Wardha,Unaided,GOBCS,State Level,Any,34602,
2022-23,D Pharmacy,CAP Round I,04276,"Mahila Vikas Sanstha's Dr. R.G. Bhoyar Institute Of Pharmacy, Wardha",Wardha,Unaided,LOBCS,State Level,Ladies,33193,
2022-23,D Pharmacy,CAP Round I,04276,"Mahila Vikas Sanstha's Dr. R.G. Bhoyar Institute Of Pharmacy, Wardha",Wardha,Unaided,EWS,Special,Any,59675,
2022-23,D Pharmacy,CAP Round I,04276,"Mahila Vikas Sanstha's Dr. R.G. Bhoyar Institute Of Pharmacy, Wardha",Wardha,Unaided,TFWS,Special,Any,22187,
2022-23,D Pharmacy,CAP Round I,04277,"Sudam Shikshan Prasarak Mandal's Shree Babasaheb Gharfalkar College Of Pharmacy, Nachangaon, Pulgaon",Nagpur,Unaided,GOPENS,State Level,Any,33804,
2022-23,D Pharmacy,CAP Round I,04277,"Sudam Shikshan Prasarak Mandal's Shree Babasaheb Gharfalkar College Of Pharmacy, Nachangaon, Pulgaon",Nagpur,Unaided,LOPENS,State Level,Ladies,23803,
2022-23,D Pharmacy,CAP Round I,04277,"Sudam Shikshan Prasarak Mandal's Shree Babasaheb Gharfalkar College Of Pharmacy, Nachangaon, Pulgaon",Nagpur,Unaided,GSCS,State Level,Any,46464,
2022-23,D Pharmacy,CAP Round I,04277,"Sudam Shikshan Prasarak Mandal's Shree Babasaheb Gharfalkar College Of Pharmacy, Nachangaon, Pulgaon",Nagpur,Unaided,LSCS,State Level,Ladies,31987,
2022-23,D Pharmacy,CAP Round I,04277,"Sudam Shikshan Prasarak Mandal's Shree Babasaheb Gharfalkar College Of Pharmacy, Nachangaon, Pulgaon",Nagpur,Unaided,GSTS,State Level,Any,45830,
2022-23,D Pharmacy,CAP Round I,04277,"Sudam Shikshan Prasarak Mandal's Shree Babasaheb Gharfalkar College Of Pharmacy, Nachangaon, Pulgaon",Nagpur,Unaided,LSTS,State Level,Ladies,52005,
2022-23,D Pharmacy,CAP Round I,04277,"Sudam Shikshan Prasarak Mandal's Shree Babasaheb Gharfalkar College Of Pharmacy, Nachangaon, Pulgaon",Nagpur,Unaided,GVJS,State Level,Any,35897,
2022-23,D Pharmacy,CAP Round I,04277,"Sudam Shikshan Prasarak Mandal's Shree Babasaheb Gharfalkar College Of Pharmacy, Nachangaon, Pulgaon",Nagpur,Unaided,LNT1S,State Level,Ladies,63693,
2022-23,D Pharmacy,CAP Round I,04277,"Sudam Shikshan Prasarak Mandal's Shree Babasaheb Gharfalkar College Of Pharmacy, Nachangaon, Pulgaon",Nagpur,Unaided,GNT2S,State Level,Any,51428,
2022-23,D Pharmacy,CAP Round I,04277,"Sudam Shikshan Prasarak Mandal's Shree Babasaheb Gharfalkar College Of Pharmacy, Nachangaon, Pulgaon",Nagpur,Unaided,LNT2S,State Level,Ladies,44715,
2022-23,D Pharmacy,CAP Round I,04277,"Sudam Shikshan Prasarak Mandal's Shree Babasaheb Gharfalkar College Of Pharmacy, Nachangaon, Pulgaon",Nagpur,Unaided,LNT3S,State Level,Ladies,83997,
2022-23,D Pharmacy,CAP Round I,04277,"Sudam Shikshan Prasarak Mandal's Shree Babasaheb Gharfalkar College Of Pharmacy, Nachangaon, Pulgaon",Nagpur,Unaided,GOBCS,State Level,Any,37411,
2022-23,D Pharmacy,CAP Round I,04277,"Sudam Shikshan Prasarak Mandal's Shree Babasaheb Gharfalkar College Of Pharmacy, Nachangaon, Pulgaon",Nagpur,Unaided,LOBCS,State Level,Ladies,34164,
2022-23,D Pharmacy,CAP Round I,04277,"Sudam Shikshan Prasarak Mandal's Shree Babasaheb Gharfalkar College Of Pharmacy, Nachangaon, Pulgaon",Nagpur,Unaided,EWS,Special,Any,51924,
2022-23,D Pharmacy,CAP Round I,04277,"Sudam Shikshan Prasarak Mandal's Shree Babasaheb Gharfalkar College Of Pharmacy, Nachangaon, Pulgaon",Nagpur,Unaided,TFWS,Special,Any,25530,
2022-23,D Pharmacy,CAP Round I,04278,"Young Engineers Education Society's Maharashtra Institute Of Pharmacy, Betada, Bramhapuri, Chandrapur",Chandrapur,Unaided,GOPENS,State Level,Any,29992,
2022-23,D Pharmacy,CAP Round I,04278,"Young Engineers Education Society's Maharashtra Institute Of Pharmacy, Betada, Bramhapuri, Chandrapur",Chandrapur,Unaided,LOPENS,State Level,Ladies,14466,
2022-23,D Pharmacy,CAP Round I,04278,"Young Engineers Education Society's Maharashtra Institute Of Pharmacy, Betada, Bramhapuri, Chandrapur",Chandrapur,Unaided,GSCS,State Level,Any,36196,
2022-23,D Pharmacy,CAP Round I,04278,"Young Engineers Education Society's Maharashtra Institute Of Pharmacy, Betada, Bramhapuri, Chandrapur",Chandrapur,Unaided,LSCS,State Level,Ladies,26415,
2022-23,D Pharmacy,CAP Round I,04278,"Young Engineers Education Society's Maharashtra Institute Of Pharmacy, Betada, Bramhapuri, Chandrapur",Chandrapur,Unaided,GSTS,State Level,Any,55780,
2022-23,D Pharmacy,CAP Round I,04278,"Young Engineers Education Society's Maharashtra Institute Of Pharmacy, Betada, Bramhapuri, Chandrapur",Chandrapur,Unaided,LSTS,State Level,Ladies,25423,
2022-23,D Pharmacy,CAP Round I,04278,"Young Engineers Education Society's Maharashtra Institute Of Pharmacy, Betada, Bramhapuri, Chandrapur",Chandrapur,Unaided,GVJS,State Level,Any,34307,
2022-23,D Pharmacy,CAP Round I,04278,"Young Engineers Education Society's Maharashtra Institute Of Pharmacy, Betada, Bramhapuri, Chandrapur",Chandrapur,Unaided,GNT1S,State Level,Any,31220,
2022-23,D Pharmacy,CAP Round I,04278,"Young Engineers Education Society's Maharashtra Institute Of Pharmacy, Betada, Bramhapuri, Chandrapur",Chandrapur,Unaided,LNT1S,State Level,Ladies,27293,
2022-23,D Pharmacy,CAP Round I,04278,"Young Engineers Education Society's Maharashtra Institute Of Pharmacy, Betada, Bramhapuri, Chandrapur",Chandrapur,Unaided,GNT2S,State Level,Any,44143,
2022-23,D Pharmacy,CAP Round I,04278,"Young Engineers Education Society's Maharashtra Institute Of Pharmacy, Betada, Bramhapuri, Chandrapur",Chandrapur,Unaided,GNT3S,State Level,Any,62853,
2022-23,D Pharmacy,CAP Round I,04278,"Young Engineers Education Society's Maharashtra Institute Of Pharmacy, Betada, Bramhapuri, Chandrapur",Chandrapur,Unaided,GOBCS,State Level,Any,31798,
2022-23,D Pharmacy,CAP Round I,04278,"Young Engineers Education Society's Maharashtra Institute Of Pharmacy, Betada, Bramhapuri, Chandrapur",Chandrapur,Unaided,LOBCS,State Level,Ladies,18706,
2022-23,D Pharmacy,CAP Round I,04278,"Young Engineers Education Society's Maharashtra Institute Of Pharmacy, Betada, Bramhapuri, Chandrapur",Chandrapur,Unaided,PWDOPENS,State Level,Any,79013,
2022-23,D Pharmacy,CAP Round I,04278,"Young Engineers Education Society's Maharashtra Institute Of Pharmacy, Betada, Bramhapuri, Chandrapur",Chandrapur,Unaided,DEFOPENS,State Level,Any,77031,
2022-23,D Pharmacy,CAP Round I,04278,"Young Engineers Education Society's Maharashtra Institute Of Pharmacy, Betada, Bramhapuri, Chandrapur",Chandrapur,Unaided,EWS,Special,Any,54126,
2022-23,D Pharmacy,CAP Round I,04278,"Young Engineers Education Society's Maharashtra Institute Of Pharmacy, Betada, Bramhapuri, Chandrapur",Chandrapur,Unaided,TFWS,Special,Any,30241,
2022-23,D Pharmacy,CAP Round I,04279,"Sanmarg Shikshan Sanstha's K.R.Pandav Institute Of Pharmacy, Nagpur",Nagpur,Unaided,GOPENS,State Level,Any,25484,
2022-23,D Pharmacy,CAP Round I,04279,"Sanmarg Shikshan Sanstha's K.R.Pandav Institute Of Pharmacy, Nagpur",Nagpur,Unaided,LOPENS,State Level,Ladies,24246,
2022-23,D Pharmacy,CAP Round I,04279,"Sanmarg Shikshan Sanstha's K.R.Pandav Institute Of Pharmacy, Nagpur",Nagpur,Unaided,GSCS,State Level,Any,28484,
2022-23,D Pharmacy,CAP Round I,04279,"Sanmarg Shikshan Sanstha's K.R.Pandav Institute Of Pharmacy, Nagpur",Nagpur,Unaided,LSCS,State Level,Ladies,20537,
2022-23,D Pharmacy,CAP Round I,04279,"Sanmarg Shikshan Sanstha's K.R.Pandav Institute Of Pharmacy, Nagpur",Nagpur,Unaided,GSTS,State Level,Any,62593,
2022-23,D Pharmacy,CAP Round I,04279,"Sanmarg Shikshan Sanstha's K.R.Pandav Institute Of Pharmacy, Nagpur",Nagpur,Unaided,LSTS,State Level,Ladies,45380,
2022-23,D Pharmacy,CAP Round I,04279,"Sanmarg Shikshan Sanstha's K.R.Pandav Institute Of Pharmacy, Nagpur",Nagpur,Unaided,GVJS,State Level,Any,30707,
2022-23,D Pharmacy,CAP Round I,04279,"Sanmarg Shikshan Sanstha's K.R.Pandav Institute Of Pharmacy, Nagpur",Nagpur,Unaided,LVJS,State Level,Ladies,35364,
2022-23,D Pharmacy,CAP Round I,04279,"Sanmarg Shikshan Sanstha's K.R.Pandav Institute Of Pharmacy, Nagpur",Nagpur,Unaided,GNT1S,State Level,Any,34408,
2022-23,D Pharmacy,CAP Round I,04279,"Sanmarg Shikshan Sanstha's K.R.Pandav Institute Of Pharmacy, Nagpur",Nagpur,Unaided,GNT2S,State Level,Any,31115,
2022-23,D Pharmacy,CAP Round I,04279,"Sanmarg Shikshan Sanstha's K.R.Pandav Institute Of Pharmacy, Nagpur",Nagpur,Unaided,LNT2S,State Level,Ladies,19828,
2022-23,D Pharmacy,CAP Round I,04279,"Sanmarg Shikshan Sanstha's K.R.Pandav Institute Of Pharmacy, Nagpur",Nagpur,Unaided,GOBCS,State Level,Any,27875,
2022-23,D Pharmacy,CAP Round I,04279,"Sanmarg Shikshan Sanstha's K.R.Pandav Institute Of Pharmacy, Nagpur",Nagpur,Unaided,LOBCS,State Level,Ladies,25282,
2022-23,D Pharmacy,CAP Round I,04279,"Sanmarg Shikshan Sanstha's K.R.Pandav Institute Of Pharmacy, Nagpur",Nagpur,Unaided,PWDOPENS,State Level,Any,80544,
2022-23,D Pharmacy,CAP Round I,04279,"Sanmarg Shikshan Sanstha's K.R.Pandav Institute Of Pharmacy, Nagpur",Nagpur,Unaided,EWS,Special,Any,58654,
2022-23,D Pharmacy,CAP Round I,04279,"Sanmarg Shikshan Sanstha's K.R.Pandav Institute Of Pharmacy, Nagpur",Nagpur,Unaided,TFWS,Special,Any,13336,
2022-23,D Pharmacy,CAP Round I,04280,"Krushna Sahyogi Tantra Shikshan Sanstha's Chatrapati Shivaji College Of Pharmacy, Devari, Tal. Devari, Dist.Gondiya",Gondia,Unaided,GOPENS,State Level,Any,20777,
2022-23,D Pharmacy,CAP Round I,04280,"Krushna Sahyogi Tantra Shikshan Sanstha's Chatrapati Shivaji College Of Pharmacy, Devari, Tal. Devari, Dist.Gondiya",Gondia,Unaided,LOPENS,State Level,Ladies,16113,
2022-23,D Pharmacy,CAP Round I,04280,"Krushna Sahyogi Tantra Shikshan Sanstha's Chatrapati Shivaji College Of Pharmacy, Devari, Tal. Devari, Dist.Gondiya",Gondia,Unaided,GSCS,State Level,Any,26940,
2022-23,D Pharmacy,CAP Round I,04280,"Krushna Sahyogi Tantra Shikshan Sanstha's Chatrapati Shivaji College Of Pharmacy, Devari, Tal. Devari, Dist.Gondiya",Gondia,Unaided,LSCS,State Level,Ladies,22827,
2022-23,D Pharmacy,CAP Round I,04280,"Krushna Sahyogi Tantra Shikshan Sanstha's Chatrapati Shivaji College Of Pharmacy, Devari, Tal. Devari, Dist.Gondiya",Gondia,Unaided,GSTS,State Level,Any,42049,
2022-23,D Pharmacy,CAP Round I,04280,"Krushna Sahyogi Tantra Shikshan Sanstha's Chatrapati Shivaji College Of Pharmacy, Devari, Tal. Devari, Dist.Gondiya",Gondia,Unaided,LSTS,State Level,Ladies,19608,
2022-23,D Pharmacy,CAP Round I,04280,"Krushna Sahyogi Tantra Shikshan Sanstha's Chatrapati Shivaji College Of Pharmacy, Devari, Tal. Devari, Dist.Gondiya",Gondia,Unaided,GVJS,State Level,Any,47325,
2022-23,D Pharmacy,CAP Round I,04280,"Krushna Sahyogi Tantra Shikshan Sanstha's Chatrapati Shivaji College Of Pharmacy, Devari, Tal. Devari, Dist.Gondiya",Gondia,Unaided,GNT1S,State Level,Any,22941,
2022-23,D Pharmacy,CAP Round I,04280,"Krushna Sahyogi Tantra Shikshan Sanstha's Chatrapati Shivaji College Of Pharmacy, Devari, Tal. Devari, Dist.Gondiya",Gondia,Unaided,GNT2S,State Level,Any,82786,
2022-23,D Pharmacy,CAP Round I,04280,"Krushna Sahyogi Tantra Shikshan Sanstha's Chatrapati Shivaji College Of Pharmacy, Devari, Tal. Devari, Dist.Gondiya",Gondia,Unaided,GOBCS,State Level,Any,22616,
2022-23,D Pharmacy,CAP Round I,04280,"Krushna Sahyogi Tantra Shikshan Sanstha's Chatrapati Shivaji College Of Pharmacy, Devari, Tal. Devari, Dist.Gondiya",Gondia,Unaided,LOBCS,State Level,Ladies,20385,
2022-23,D Pharmacy,CAP Round I,04280,"Krushna Sahyogi Tantra Shikshan Sanstha's Chatrapati Shivaji College Of Pharmacy, Devari, Tal. Devari, Dist.Gondiya",Gondia,Unaided,EWS,Special,Any,82240,
2022-23,D Pharmacy,CAP Round I,04280,"Krushna Sahyogi Tantra Shikshan Sanstha's Chatrapati Shivaji College Of Pharmacy, Devari, Tal. Devari, Dist.Gondiya",Gondia,Unaided,TFWS,Special,Any,9517,
2022-23,D Pharmacy,CAP Round I,04281,"Shri Sachhidanand Shikshan Santha's Taywade Institute Of Diploma In Pharmacy, Koradi, Kamptee,Dist.Nagpur",Nagpur,Unaided,GOPENS,State Level,Any,21962,
2022-23,D Pharmacy,CAP Round I,04281,"Shri Sachhidanand Shikshan Santha's Taywade Institute Of Diploma In Pharmacy, Koradi, Kamptee,Dist.Nagpur",Nagpur,Unaided,LOPENS,State Level,Ladies,16547,
2022-23,D Pharmacy,CAP Round I,04281,"Shri Sachhidanand Shikshan Santha's Taywade Institute Of Diploma In Pharmacy, Koradi, Kamptee,Dist.Nagpur",Nagpur,Unaided,GSCS,State Level,Any,24413,
2022-23,D Pharmacy,CAP Round I,04281,"Shri Sachhidanand Shikshan Santha's Taywade Institute Of Diploma In Pharmacy, Koradi, Kamptee,Dist.Nagpur",Nagpur,Unaided,LSCS,State Level,Ladies,22682,
2022-23,D Pharmacy,CAP Round I,04281,"Shri Sachhidanand Shikshan Santha's Taywade Institute Of Diploma In Pharmacy, Koradi, Kamptee,Dist.Nagpur",Nagpur,Unaided,GSTS,State Level,Any,57525,
2022-23,D Pharmacy,CAP Round I,04281,"Shri Sachhidanand Shikshan Santha's Taywade Institute Of Diploma In Pharmacy, Koradi, Kamptee,Dist.Nagpur",Nagpur,Unaided,LSTS,State Level,Ladies,46244,
2022-23,D Pharmacy,CAP Round I,04281,"Shri Sachhidanand Shikshan Santha's Taywade Institute Of Diploma In Pharmacy, Koradi, Kamptee,Dist.Nagpur",Nagpur,Unaided,GVJS,State Level,Any,26773,
2022-23,D Pharmacy,CAP Round I,04281,"Shri Sachhidanand Shikshan Santha's Taywade Institute Of Diploma In Pharmacy, Koradi, Kamptee,Dist.Nagpur",Nagpur,Unaided,LVJS,State Level,Ladies,31253,
2022-23,D Pharmacy,CAP Round I,04281,"Shri Sachhidanand Shikshan Santha's Taywade Institute Of Diploma In Pharmacy, Koradi, Kamptee,Dist.Nagpur",Nagpur,Unaided,GNT1S,State Level,Any,27333,
2022-23,D Pharmacy,CAP Round I,04281,"Shri Sachhidanand Shikshan Santha's Taywade Institute Of Diploma In Pharmacy, Koradi, Kamptee,Dist.Nagpur",Nagpur,Unaided,GNT2S,State Level,Any,62840,
2022-23,D Pharmacy,CAP Round I,04281,"Shri Sachhidanand Shikshan Santha's Taywade Institute Of Diploma In Pharmacy, Koradi, Kamptee,Dist.Nagpur",Nagpur,Unaided,GNT3S,State Level,Any,56254,
2022-23,D Pharmacy,CAP Round I,04281,"Shri Sachhidanand Shikshan Santha's Taywade Institute Of Diploma In Pharmacy, Koradi, Kamptee,Dist.Nagpur",Nagpur,Unaided,GOBCS,State Level,Any,24672,
2022-23,D Pharmacy,CAP Round I,04281,"Shri Sachhidanand Shikshan Santha's Taywade Institute Of Diploma In Pharmacy, Koradi, Kamptee,Dist.Nagpur",Nagpur,Unaided,LOBCS,State Level,Ladies,19851,
2022-23,D Pharmacy,CAP Round I,04281,"Shri Sachhidanand Shikshan Santha's Taywade Institute Of Diploma In Pharmacy, Koradi, Kamptee,Dist.Nagpur",Nagpur,Unaided,EWS,Special,Any,62886,
2022-23,D Pharmacy,CAP Round I,04281,"Shri Sachhidanand Shikshan Santha's Taywade Institute Of Diploma In Pharmacy, Koradi, Kamptee,Dist.Nagpur",Nagpur,Unaided,TFWS,Special,Any,15316,
2022-23,D Pharmacy,CAP Round I,04283,"Swa. Madhukarrao Deshmukh Education Society, Shree Sadguru Datta Institute of Pharmacy, Bhajapur",Nagpur,Unaided,GOPENS,State Level,Any,31649,
2022-23,D Pharmacy,CAP Round I,04283,"Swa. Madhukarrao Deshmukh Education Society, Shree Sadguru Datta Institute of Pharmacy, Bhajapur",Nagpur,Unaided,LOPENS,State Level,Ladies,29208,
2022-23,D Pharmacy,CAP Round I,04283,"Swa. Madhukarrao Deshmukh Education Society, Shree Sadguru Datta Institute of Pharmacy, Bhajapur",Nagpur,Unaided,GSCS,State Level,Any,40495,
2022-23,D Pharmacy,CAP Round I,04283,"Swa. Madhukarrao Deshmukh Education Society, Shree Sadguru Datta Institute of Pharmacy, Bhajapur",Nagpur,Unaided,LSCS,State Level,Ladies,40054,
2022-23,D Pharmacy,CAP Round I,04283,"Swa. Madhukarrao Deshmukh Education Society, Shree Sadguru Datta Institute of Pharmacy, Bhajapur",Nagpur,Unaided,GSTS,State Level,Any,73497,
2022-23,D Pharmacy,CAP Round I,04283,"Swa. Madhukarrao Deshmukh Education Society, Shree Sadguru Datta Institute of Pharmacy, Bhajapur",Nagpur,Unaided,LSTS,State Level,Ladies,78092,
2022-23,D Pharmacy,CAP Round I,04283,"Swa. Madhukarrao Deshmukh Education Society, Shree Sadguru Datta Institute of Pharmacy, Bhajapur",Nagpur,Unaided,GVJS,State Level,Any,36673,
2022-23,D Pharmacy,CAP Round I,04283,"Swa. Madhukarrao Deshmukh Education Society, Shree Sadguru Datta Institute of Pharmacy, Bhajapur",Nagpur,Unaided,GNT1S,State Level,Any,43386,
2022-23,D Pharmacy,CAP Round I,04283,"Swa. Madhukarrao Deshmukh Education Society, Shree Sadguru Datta Institute of Pharmacy, Bhajapur",Nagpur,Unaided,LNT1S,State Level,Ladies,38480,
2022-23,D Pharmacy,CAP Round I,04283,"Swa. Madhukarrao Deshmukh Education Society, Shree Sadguru Datta Institute of Pharmacy, Bhajapur",Nagpur,Unaided,GNT2S,State Level,Any,61915,
2022-23,D Pharmacy,CAP Round I,04283,"Swa. Madhukarrao Deshmukh Education Society, Shree Sadguru Datta Institute of Pharmacy, Bhajapur",Nagpur,Unaided,GOBCS,State Level,Any,34252,
2022-23,D Pharmacy,CAP Round I,04283,"Swa. Madhukarrao Deshmukh Education Society, Shree Sadguru Datta Institute of Pharmacy, Bhajapur",Nagpur,Unaided,LOBCS,State Level,Ladies,31295,
2022-23,D Pharmacy,CAP Round I,04283,"Swa. Madhukarrao Deshmukh Education Society, Shree Sadguru Datta Institute of Pharmacy, Bhajapur",Nagpur,Unaided,EWS,Special,Any,67941,
2022-23,D Pharmacy,CAP Round I,04283,"Swa. Madhukarrao Deshmukh Education Society, Shree Sadguru Datta Institute of Pharmacy, Bhajapur",Nagpur,Unaided,TFWS,Special,Any,14827,
2022-23,D Pharmacy,CAP Round I,04640,"Abdul Majeed Central Education Society, Institute of Pharmacy, Lonara",Nagpur,Unaided,GOPENS,State Level,Any,31322,
2022-23,D Pharmacy,CAP Round I,04640,"Abdul Majeed Central Education Society, Institute of Pharmacy, Lonara",Nagpur,Unaided,LOPENS,State Level,Ladies,32601,
2022-23,D Pharmacy,CAP Round I,04640,"Abdul Majeed Central Education Society, Institute of Pharmacy, Lonara",Nagpur,Unaided,GSCS,State Level,Any,35252,
2022-23,D Pharmacy,CAP Round I,04640,"Abdul Majeed Central Education Society, Institute of Pharmacy, Lonara",Nagpur,Unaided,LSCS,State Level,Ladies,39627,
2022-23,D Pharmacy,CAP Round I,04640,"Abdul Majeed Central Education Society, Institute of Pharmacy, Lonara",Nagpur,Unaided,GSTS,State Level,Any,77837,
2022-23,D Pharmacy,CAP Round I,04640,"Abdul Majeed Central Education Society, Institute of Pharmacy, Lonara",Nagpur,Unaided,LSTS,State Level,Ladies,77387,
2022-23,D Pharmacy,CAP Round I,04640,"Abdul Majeed Central Education Society, Institute of Pharmacy, Lonara",Nagpur,Unaided,GVJS,State Level,Any,43531,
2022-23,D Pharmacy,CAP Round I,04640,"Abdul Majeed Central Education Society, Institute of Pharmacy, Lonara",Nagpur,Unaided,GNT1S,State Level,Any,42805,
2022-23,D Pharmacy,CAP Round I,04640,"Abdul Majeed Central Education Society, Institute of Pharmacy, Lonara",Nagpur,Unaided,GNT2S,State Level,Any,60950,
2022-23,D Pharmacy,CAP Round I,04640,"Abdul Majeed Central Education Society, Institute of Pharmacy, Lonara",Nagpur,Unaided,LNT2S,State Level,Ladies,69003,
2022-23,D Pharmacy,CAP Round I,04640,"Abdul Majeed Central Education Society, Institute of Pharmacy, Lonara",Nagpur,Unaided,GOBCS,State Level,Any,35223,
2022-23,D Pharmacy,CAP Round I,04640,"Abdul Majeed Central Education Society, Institute of Pharmacy, Lonara",Nagpur,Unaided,LOBCS,State Level,Ladies,35039,
2022-23,D Pharmacy,CAP Round I,04640,"Abdul Majeed Central Education Society, Institute of Pharmacy, Lonara",Nagpur,Unaided,EWS,Special,Any,40080,
2022-23,D Pharmacy,CAP Round I,04640,"Abdul Majeed Central Education Society, Institute of Pharmacy, Lonara",Nagpur,Unaided,TFWS,Special,Any,17569,
2022-23,D Pharmacy,CAP Round I,04641,"Dr.Babasaheb Ambedkar Institute of D-Pharmacy, Sewagram, Wardha",Wardha,Unaided,GOPENS,State Level,Any,33019,
2022-23,D Pharmacy,CAP Round I,04641,"Dr.Babasaheb Ambedkar Institute of D-Pharmacy, Sewagram, Wardha",Wardha,Unaided,LOPENS,State Level,Ladies,16776,
2022-23,D Pharmacy,CAP Round I,04641,"Dr.Babasaheb Ambedkar Institute of D-Pharmacy, Sewagram, Wardha",Wardha,Unaided,GSCS,State Level,Any,38377,
2022-23,D Pharmacy,CAP Round I,04641,"Dr.Babasaheb Ambedkar Institute of D-Pharmacy, Sewagram, Wardha",Wardha,Unaided,LSCS,State Level,Ladies,34018,
2022-23,D Pharmacy,CAP Round I,04641,"Dr.Babasaheb Ambedkar Institute of D-Pharmacy, Sewagram, Wardha",Wardha,Unaided,GSTS,State Level,Any,80506,
2022-23,D Pharmacy,CAP Round I,04641,"Dr.Babasaheb Ambedkar Institute of D-Pharmacy, Sewagram, Wardha",Wardha,Unaided,LSTS,State Level,Ladies,52882,
2022-23,D Pharmacy,CAP Round I,04641,"Dr.Babasaheb Ambedkar Institute of D-Pharmacy, Sewagram, Wardha",Wardha,Unaided,GVJS,State Level,Any,33714,
2022-23,D Pharmacy,CAP Round I,04641,"Dr.Babasaheb Ambedkar Institute of D-Pharmacy, Sewagram, Wardha",Wardha,Unaided,LVJS,State Level,Ladies,34312,
2022-23,D Pharmacy,CAP Round I,04641,"Dr.Babasaheb Ambedkar Institute of D-Pharmacy, Sewagram, Wardha",Wardha,Unaided,GNT1S,State Level,Any,36018,
2022-23,D Pharmacy,CAP Round I,04641,"Dr.Babasaheb Ambedkar Institute of D-Pharmacy, Sewagram, Wardha",Wardha,Unaided,GNT2S,State Level,Any,39810,
2022-23,D Pharmacy,CAP Round I,04641,"Dr.Babasaheb Ambedkar Institute of D-Pharmacy, Sewagram, Wardha",Wardha,Unaided,LNT2S,State Level,Ladies,35173,
2022-23,D Pharmacy,CAP Round I,04641,"Dr.Babasaheb Ambedkar Institute of D-Pharmacy, Sewagram, Wardha",Wardha,Unaided,GNT3S,State Level,Any,45890,
2022-23,D Pharmacy,CAP Round I,04641,"Dr.Babasaheb Ambedkar Institute of D-Pharmacy, Sewagram, Wardha",Wardha,Unaided,GOBCS,State Level,Any,35702,
2022-23,D Pharmacy,CAP Round I,04641,"Dr.Babasaheb Ambedkar Institute of D-Pharmacy, Sewagram, Wardha",Wardha,Unaided,LOBCS,State Level,Ladies,33037,
2022-23,D Pharmacy,CAP Round I,04641,"Dr.Babasaheb Ambedkar Institute of D-Pharmacy, Sewagram, Wardha",Wardha,Unaided,EWS,Special,Any,53102,
2022-23,D Pharmacy,CAP Round I,04641,"Dr.Babasaheb Ambedkar Institute of D-Pharmacy, Sewagram, Wardha",Wardha,Unaided,TFWS,Special,Any,20395,
2022-23,D Pharmacy,CAP Round I,04643,"Maharashtra Institute of Pharmacy (Betada), Brambhapuri",Chandrapur,Unaided,GOPENS,State Level,Any,29179,
2022-23,D Pharmacy,CAP Round I,04643,"Maharashtra Institute of Pharmacy (Betada), Brambhapuri",Chandrapur,Unaided,LOPENS,State Level,Ladies,17369,
2022-23,D Pharmacy,CAP Round I,04643,"Maharashtra Institute of Pharmacy (Betada), Brambhapuri",Chandrapur,Unaided,GSCS,State Level,Any,33461,
2022-23,D Pharmacy,CAP Round I,04643,"Maharashtra Institute of Pharmacy (Betada), Brambhapuri",Chandrapur,Unaided,LSCS,State Level,Ladies,25052,
2022-23,D Pharmacy,CAP Round I,04643,"Maharashtra Institute of Pharmacy (Betada), Brambhapuri",Chandrapur,Unaided,GSTS,State Level,Any,55145,
2022-23,D Pharmacy,CAP Round I,04643,"Maharashtra Institute of Pharmacy (Betada), Brambhapuri",Chandrapur,Unaided,LSTS,State Level,Ladies,34184,
2022-23,D Pharmacy,CAP Round I,04643,"Maharashtra Institute of Pharmacy (Betada), Brambhapuri",Chandrapur,Unaided,GVJS,State Level,Any,35871,
2022-23,D Pharmacy,CAP Round I,04643,"Maharashtra Institute of Pharmacy (Betada), Brambhapuri",Chandrapur,Unaided,LVJS,State Level,Ladies,45926,
2022-23,D Pharmacy,CAP Round I,04643,"Maharashtra Institute of Pharmacy (Betada), Brambhapuri",Chandrapur,Unaided,LNT1S,State Level,Ladies,23479,
2022-23,D Pharmacy,CAP Round I,04643,"Maharashtra Institute of Pharmacy (Betada), Brambhapuri",Chandrapur,Unaided,GNT2S,State Level,Any,48044,
2022-23,D Pharmacy,CAP Round I,04643,"Maharashtra Institute of Pharmacy (Betada), Brambhapuri",Chandrapur,Unaided,LNT2S,State Level,Ladies,77052,
2022-23,D Pharmacy,CAP Round I,04643,"Maharashtra Institute of Pharmacy (Betada), Brambhapuri",Chandrapur,Unaided,GNT3S,State Level,Any,35205,
2022-23,D Pharmacy,CAP Round I,04643,"Maharashtra Institute of Pharmacy (Betada), Brambhapuri",Chandrapur,Unaided,GOBCS,State Level,Any,32888,
2022-23,D Pharmacy,CAP Round I,04643,"Maharashtra Institute of Pharmacy (Betada), Brambhapuri",Chandrapur,Unaided,LOBCS,State Level,Ladies,19548,
2022-23,D Pharmacy,CAP Round I,04643,"Maharashtra Institute of Pharmacy (Betada), Brambhapuri",Chandrapur,Unaided,EWS,Special,Any,62194,
2022-23,D Pharmacy,CAP Round I,04643,"Maharashtra Institute of Pharmacy (Betada), Brambhapuri",Chandrapur,Unaided,TFWS,Special,Any,29902,
2022-23,D Pharmacy,CAP Round I,04644,"Dadasaheb Balpande College of Diploma in Pharmacy, (DBCDIP) Nagpur",Amravati,Unaided,GOPENS,State Level,Any,11027,
2022-23,D Pharmacy,CAP Round I,04644,"Dadasaheb Balpande College of Diploma in Pharmacy, (DBCDIP) Nagpur",Amravati,Unaided,LOPENS,State Level,Ladies,3005,
2022-23,D Pharmacy,CAP Round I,04644,"Dadasaheb Balpande College of Diploma in Pharmacy, (DBCDIP) Nagpur",Amravati,Unaided,GSCS,State Level,Any,16061,
2022-23,D Pharmacy,CAP Round I,04644,"Dadasaheb Balpande College of Diploma in Pharmacy, (DBCDIP) Nagpur",Amravati,Unaided,LSCS,State Level,Ladies,7722,
2022-23,D Pharmacy,CAP Round I,04644,"Dadasaheb Balpande College of Diploma in Pharmacy, (DBCDIP) Nagpur",Amravati,Unaided,GSTS,State Level,Any,35306,
2022-23,D Pharmacy,CAP Round I,04644,"Dadasaheb Balpande College of Diploma in Pharmacy, (DBCDIP) Nagpur",Amravati,Unaided,LSTS,State Level,Ladies,21338,
2022-23,D Pharmacy,CAP Round I,04644,"Dadasaheb Balpande College of Diploma in Pharmacy, (DBCDIP) Nagpur",Amravati,Unaided,GVJS,State Level,Any,20421,
2022-23,D Pharmacy,CAP Round I,04644,"Dadasaheb Balpande College of Diploma in Pharmacy, (DBCDIP) Nagpur",Amravati,Unaided,GNT1S,State Level,Any,19434,
2022-23,D Pharmacy,CAP Round I,04644,"Dadasaheb Balpande College of Diploma in Pharmacy, (DBCDIP) Nagpur",Amravati,Unaided,GNT2S,State Level,Any,26120,
2022-23,D Pharmacy,CAP Round I,04644,"Dadasaheb Balpande College of Diploma in Pharmacy, (DBCDIP) Nagpur",Amravati,Unaided,LNT2S,State Level,Ladies,15566,
2022-23,D Pharmacy,CAP Round I,04644,"Dadasaheb Balpande College of Diploma in Pharmacy, (DBCDIP) Nagpur",Amravati,Unaided,GNT3S,State Level,Any,31714,
2022-23,D Pharmacy,CAP Round I,04644,"Dadasaheb Balpande College of Diploma in Pharmacy, (DBCDIP) Nagpur",Amravati,Unaided,GOBCS,State Level,Any,14366,
2022-23,D Pharmacy,CAP Round I,04644,"Dadasaheb Balpande College of Diploma in Pharmacy, (DBCDIP) Nagpur",Amravati,Unaided,LOBCS,State Level,Ladies,6498,
2022-23,D Pharmacy,CAP Round I,04644,"Dadasaheb Balpande College of Diploma in Pharmacy, (DBCDIP) Nagpur",Amravati,Unaided,EWS,Special,Any,54332,
2022-23,D Pharmacy,CAP Round I,04644,"Dadasaheb Balpande College of Diploma in Pharmacy, (DBCDIP) Nagpur",Amravati,Unaided,TFWS,Special,Any,4452,
2022-23,D Pharmacy,CAP Round I,04650,"P.R.Patil Institute of Pharmacy, Talegaon(SP),Wardha",Wardha,Unaided,GOPENS,State Level,Any,27392,
2022-23,D Pharmacy,CAP Round I,04650,"P.R.Patil Institute of Pharmacy, Talegaon(SP),Wardha",Wardha,Unaided,LOPENS,State Level,Ladies,19732,
2022-23,D Pharmacy,CAP Round I,04650,"P.R.Patil Institute of Pharmacy, Talegaon(SP),Wardha",Wardha,Unaided,GSCS,State Level,Any,46118,
2022-23,D Pharmacy,CAP Round I,04650,"P.R.Patil Institute of Pharmacy, Talegaon(SP),Wardha",Wardha,Unaided,LSCS,State Level,Ladies,37853,
2022-23,D Pharmacy,CAP Round I,04650,"P.R.Patil Institute of Pharmacy, Talegaon(SP),Wardha",Wardha,Unaided,GSTS,State Level,Any,67686,
2022-23,D Pharmacy,CAP Round I,04650,"P.R.Patil Institute of Pharmacy, Talegaon(SP),Wardha",Wardha,Unaided,LSTS,State Level,Ladies,39570,
2022-23,D Pharmacy,CAP Round I,04650,"P.R.Patil Institute of Pharmacy, Talegaon(SP),Wardha",Wardha,Unaided,GVJS,State Level,Any,29805,
2022-23,D Pharmacy,CAP Round I,04650,"P.R.Patil Institute of Pharmacy, Talegaon(SP),Wardha",Wardha,Unaided,GNT1S,State Level,Any,28261,
2022-23,D Pharmacy,CAP Round I,04650,"P.R.Patil Institute of Pharmacy, Talegaon(SP),Wardha",Wardha,Unaided,LNT1S,State Level,Ladies,45613,
2022-23,D Pharmacy,CAP Round I,04650,"P.R.Patil Institute of Pharmacy, Talegaon(SP),Wardha",Wardha,Unaided,GNT2S,State Level,Any,27948,
2022-23,D Pharmacy,CAP Round I,04650,"P.R.Patil Institute of Pharmacy, Talegaon(SP),Wardha",Wardha,Unaided,LNT3S,State Level,Ladies,51644,
2022-23,D Pharmacy,CAP Round I,04650,"P.R.Patil Institute of Pharmacy, Talegaon(SP),Wardha",Wardha,Unaided,GOBCS,State Level,Any,31342,
2022-23,D Pharmacy,CAP Round I,04650,"P.R.Patil Institute of Pharmacy, Talegaon(SP),Wardha",Wardha,Unaided,LOBCS,State Level,Ladies,26530,
2022-23,D Pharmacy,CAP Round I,04650,"P.R.Patil Institute of Pharmacy, Talegaon(SP),Wardha",Wardha,Unaided,EWS,Special,Any,44680,
2022-23,D Pharmacy,CAP Round I,04650,"P.R.Patil Institute of Pharmacy, Talegaon(SP),Wardha",Wardha,Unaided,TFWS,Special,Any,16159,
2022-23,D Pharmacy,CAP Round I,04651,"Central India College of Pharmacy(D.Pharm), Nagpur",Nagpur,Religious Minority - Muslim,GOPENS,State Level,Any,17077,
2022-23,D Pharmacy,CAP Round I,04651,"Central India College of Pharmacy(D.Pharm), Nagpur",Nagpur,Religious Minority - Muslim,LOPENS,State Level,Ladies,16006,
2022-23,D Pharmacy,CAP Round I,04651,"Central India College of Pharmacy(D.Pharm), Nagpur",Nagpur,Religious Minority - Muslim,MI,Special,Any,36310,
2022-23,D Pharmacy,CAP Round I,04651,"Central India College of Pharmacy(D.Pharm), Nagpur",Nagpur,Religious Minority - Muslim,TFWS,Special,Any,13656,
2022-23,D Pharmacy,CAP Round I,04652,"Mouda College of Pharmacy, Mauda Nagpur",Nagpur,Unaided,GOPENS,State Level,Any,29100,
2022-23,D Pharmacy,CAP Round I,04652,"Mouda College of Pharmacy, Mauda Nagpur",Nagpur,Unaided,LOPENS,State Level,Ladies,22749,
2022-23,D Pharmacy,CAP Round I,04652,"Mouda College of Pharmacy, Mauda Nagpur",Nagpur,Unaided,GSCS,State Level,Any,38017,
2022-23,D Pharmacy,CAP Round I,04652,"Mouda College of Pharmacy, Mauda Nagpur",Nagpur,Unaided,LSCS,State Level,Ladies,30246,
2022-23,D Pharmacy,CAP Round I,04652,"Mouda College of Pharmacy, Mauda Nagpur",Nagpur,Unaided,GSTS,State Level,Any,65007,
2022-23,D Pharmacy,CAP Round I,04652,"Mouda College of Pharmacy, Mauda Nagpur",Nagpur,Unaided,LSTS,State Level,Ladies,62745,
2022-23,D Pharmacy,CAP Round I,04652,"Mouda College of Pharmacy, Mauda Nagpur",Nagpur,Unaided,GVJS,State Level,Any,31485,
2022-23,D Pharmacy,CAP Round I,04652,"Mouda College of Pharmacy, Mauda Nagpur",Nagpur,Unaided,LVJS,State Level,Ladies,24788,
2022-23,D Pharmacy,CAP Round I,04652,"Mouda College of Pharmacy, Mauda Nagpur",Nagpur,Unaided,GNT1S,State Level,Any,39996,
2022-23,D Pharmacy,CAP Round I,04652,"Mouda College of Pharmacy, Mauda Nagpur",Nagpur,Unaided,GNT2S,State Level,Any,54211,
2022-23,D Pharmacy,CAP Round I,04652,"Mouda College of Pharmacy, Mauda Nagpur",Nagpur,Unaided,LNT2S,State Level,Ladies,72177,
2022-23,D Pharmacy,CAP Round I,04652,"Mouda College of Pharmacy, Mauda Nagpur",Nagpur,Unaided,GNT3S,State Level,Any,61978,
2022-23,D Pharmacy,CAP Round I,04652,"Mouda College of Pharmacy, Mauda Nagpur",Nagpur,Unaided,GOBCS,State Level,Any,32117,
2022-23,D Pharmacy,CAP Round I,04652,"Mouda College of Pharmacy, Mauda Nagpur",Nagpur,Unaided,LOBCS,State Level,Ladies,30704,
2022-23,D Pharmacy,CAP Round I,04652,"Mouda College of Pharmacy, Mauda Nagpur",Nagpur,Unaided,EWS,Special,Any,71132,
2022-23,D Pharmacy,CAP Round I,04652,"Mouda College of Pharmacy, Mauda Nagpur",Nagpur,Unaided,TFWS,Special,Any,23044,
2022-23,D Pharmacy,CAP Round I,04654,"NEW MONTFORT INSTITUTE OF PHARMACY, ASHTI",Beed,Religious Minority - Muslim,GOPENS,State Level,Any,40019,
2022-23,D Pharmacy,CAP Round I,04654,"NEW MONTFORT INSTITUTE OF PHARMACY, ASHTI",Beed,Religious Minority - Muslim,LOPENS,State Level,Ladies,38057,
2022-23,D Pharmacy,CAP Round I,04654,"NEW MONTFORT INSTITUTE OF PHARMACY, ASHTI",Beed,Religious Minority - Muslim,MI,Special,Any,73728,
2022-23,D Pharmacy,CAP Round I,04654,"NEW MONTFORT INSTITUTE OF PHARMACY, ASHTI",Beed,Religious Minority - Muslim,TFWS,Special,Any,29681,
2022-23,D Pharmacy,CAP Round I,04655,"Dr.Arun Motghare Diploma in Pharmacy, Kosara, Konda",Sangli,Unaided,GOPENS,State Level,Any,29389,
2022-23,D Pharmacy,CAP Round I,04655,"Dr.Arun Motghare Diploma in Pharmacy, Kosara, Konda",Sangli,Unaided,LOPENS,State Level,Ladies,27213,
2022-23,D Pharmacy,CAP Round I,04655,"Dr.Arun Motghare Diploma in Pharmacy, Kosara, Konda",Sangli,Unaided,GSCS,State Level,Any,38448,
2022-23,D Pharmacy,CAP Round I,04655,"Dr.Arun Motghare Diploma in Pharmacy, Kosara, Konda",Sangli,Unaided,LSCS,State Level,Ladies,32444,
2022-23,D Pharmacy,CAP Round I,04655,"Dr.Arun Motghare Diploma in Pharmacy, Kosara, Konda",Sangli,Unaided,GSTS,State Level,Any,68832,
2022-23,D Pharmacy,CAP Round I,04655,"Dr.Arun Motghare Diploma in Pharmacy, Kosara, Konda",Sangli,Unaided,LSTS,State Level,Ladies,48370,
2022-23,D Pharmacy,CAP Round I,04655,"Dr.Arun Motghare Diploma in Pharmacy, Kosara, Konda",Sangli,Unaided,GVJS,State Level,Any,62192,
2022-23,D Pharmacy,CAP Round I,04655,"Dr.Arun Motghare Diploma in Pharmacy, Kosara, Konda",Sangli,Unaided,LNT1S,State Level,Ladies,28982,
2022-23,D Pharmacy,CAP Round I,04655,"Dr.Arun Motghare Diploma in Pharmacy, Kosara, Konda",Sangli,Unaided,GNT2S,State Level,Any,58430,
2022-23,D Pharmacy,CAP Round I,04655,"Dr.Arun Motghare Diploma in Pharmacy, Kosara, Konda",Sangli,Unaided,GOBCS,State Level,Any,32492,
2022-23,D Pharmacy,CAP Round I,04655,"Dr.Arun Motghare Diploma in Pharmacy, Kosara, Konda",Sangli,Unaided,LOBCS,State Level,Ladies,29219,
2022-23,D Pharmacy,CAP Round I,04655,"Dr.Arun Motghare Diploma in Pharmacy, Kosara, Konda",Sangli,Unaided,PWDOPENS,State Level,Any,57515,
2022-23,D Pharmacy,CAP Round I,04655,"Dr.Arun Motghare Diploma in Pharmacy, Kosara, Konda",Sangli,Unaided,EWS,Special,Any,69505,
2022-23,D Pharmacy,CAP Round I,04655,"Dr.Arun Motghare Diploma in Pharmacy, Kosara, Konda",Sangli,Unaided,TFWS,Special,Any,22668,
2022-23,D Pharmacy,CAP Round I,04656,"Nagpur College Of Pharmacy, Hingana",Nagpur,Unaided,GOPENS,State Level,Any,12655,
2022-23,D Pharmacy,CAP Round I,04656,"Nagpur College Of Pharmacy, Hingana",Nagpur,Unaided,LOPENS,State Level,Ladies,5587,
2022-23,D Pharmacy,CAP Round I,04656,"Nagpur College Of Pharmacy, Hingana",Nagpur,Unaided,GSCS,State Level,Any,21628,
2022-23,D Pharmacy,CAP Round I,04656,"Nagpur College Of Pharmacy, Hingana",Nagpur,Unaided,LSCS,State Level,Ladies,12392,
2022-23,D Pharmacy,CAP Round I,04656,"Nagpur College Of Pharmacy, Hingana",Nagpur,Unaided,GSTS,State Level,Any,38101,
2022-23,D Pharmacy,CAP Round I,04656,"Nagpur College Of Pharmacy, Hingana",Nagpur,Unaided,LSTS,State Level,Ladies,18530,
2022-23,D Pharmacy,CAP Round I,04656,"Nagpur College Of Pharmacy, Hingana",Nagpur,Unaided,GVJS,State Level,Any,35279,
2022-23,D Pharmacy,CAP Round I,04656,"Nagpur College Of Pharmacy, Hingana",Nagpur,Unaided,LVJS,State Level,Ladies,23653,
2022-23,D Pharmacy,CAP Round I,04656,"Nagpur College Of Pharmacy, Hingana",Nagpur,Unaided,GNT1S,State Level,Any,25557,
2022-23,D Pharmacy,CAP Round I,04656,"Nagpur College Of Pharmacy, Hingana",Nagpur,Unaided,GNT2S,State Level,Any,51835,
2022-23,D Pharmacy,CAP Round I,04656,"Nagpur College Of Pharmacy, Hingana",Nagpur,Unaided,LNT2S,State Level,Ladies,48712,
2022-23,D Pharmacy,CAP Round I,04656,"Nagpur College Of Pharmacy, Hingana",Nagpur,Unaided,GOBCS,State Level,Any,15073,
2022-23,D Pharmacy,CAP Round I,04656,"Nagpur College Of Pharmacy, Hingana",Nagpur,Unaided,LOBCS,State Level,Ladies,7056,
2022-23,D Pharmacy,CAP Round I,04656,"Nagpur College Of Pharmacy, Hingana",Nagpur,Unaided,PWDOPENS,State Level,Any,47005,
2022-23,D Pharmacy,CAP Round I,04656,"Nagpur College Of Pharmacy, Hingana",Nagpur,Unaided,EWS,Special,Any,60788,
2022-23,D Pharmacy,CAP Round I,04656,"Nagpur College Of Pharmacy, Hingana",Nagpur,Unaided,TFWS,Special,Any,6995,
2022-23,D Pharmacy,CAP Round I,04657,"Dr R G Bhoyar Institute Of Pharmacy, Seloo, Dist Wardha",Wardha,Unaided,GOPENS,State Level,Any,36639,
2022-23,D Pharmacy,CAP Round I,04657,"Dr R G Bhoyar Institute Of Pharmacy, Seloo, Dist Wardha",Wardha,Unaided,LOPENS,State Level,Ladies,34052,
2022-23,D Pharmacy,CAP Round I,04657,"Dr R G Bhoyar Institute Of Pharmacy, Seloo, Dist Wardha",Wardha,Unaided,GSCS,State Level,Any,50653,
2022-23,D Pharmacy,CAP Round I,04657,"Dr R G Bhoyar Institute Of Pharmacy, Seloo, Dist Wardha",Wardha,Unaided,LSCS,State Level,Ladies,45828,
2022-23,D Pharmacy,CAP Round I,04657,"Dr R G Bhoyar Institute Of Pharmacy, Seloo, Dist Wardha",Wardha,Unaided,GSTS,State Level,Any,81784,
2022-23,D Pharmacy,CAP Round I,04657,"Dr R G Bhoyar Institute Of Pharmacy, Seloo, Dist Wardha",Wardha,Unaided,LSTS,State Level,Ladies,47303,
2022-23,D Pharmacy,CAP Round I,04657,"Dr R G Bhoyar Institute Of Pharmacy, Seloo, Dist Wardha",Wardha,Unaided,GVJS,State Level,Any,41576,
2022-23,D Pharmacy,CAP Round I,04657,"Dr R G Bhoyar Institute Of Pharmacy, Seloo, Dist Wardha",Wardha,Unaided,GNT1S,State Level,Any,43981,
2022-23,D Pharmacy,CAP Round I,04657,"Dr R G Bhoyar Institute Of Pharmacy, Seloo, Dist Wardha",Wardha,Unaided,LNT1S,State Level,Ladies,36560,
2022-23,D Pharmacy,CAP Round I,04657,"Dr R G Bhoyar Institute Of Pharmacy, Seloo, Dist Wardha",Wardha,Unaided,GNT2S,State Level,Any,54162,
2022-23,D Pharmacy,CAP Round I,04657,"Dr R G Bhoyar Institute Of Pharmacy, Seloo, Dist Wardha",Wardha,Unaided,LNT2S,State Level,Ladies,39311,
2022-23,D Pharmacy,CAP Round I,04657,"Dr R G Bhoyar Institute Of Pharmacy, Seloo, Dist Wardha",Wardha,Unaided,GOBCS,State Level,Any,39943,
2022-23,D Pharmacy,CAP Round I,04657,"Dr R G Bhoyar Institute Of Pharmacy, Seloo, Dist Wardha",Wardha,Unaided,LOBCS,State Level,Ladies,38322,
2022-23,D Pharmacy,CAP Round I,04657,"Dr R G Bhoyar Institute Of Pharmacy, Seloo, Dist Wardha",Wardha,Unaided,EWS,Special,Any,61469,
2022-23,D Pharmacy,CAP Round I,04657,"Dr R G Bhoyar Institute Of Pharmacy, Seloo, Dist Wardha",Wardha,Unaided,TFWS,Special,Any,20434,
2022-23,D Pharmacy,CAP Round I,04659,"Shri Sai College Of Pharmacy, Mouda",Nagpur,Unaided,GOPENS,State Level,Any,31199,
2022-23,D Pharmacy,CAP Round I,04659,"Shri Sai College Of Pharmacy, Mouda",Nagpur,Unaided,LOPENS,State Level,Ladies,26646,
2022-23,D Pharmacy,CAP Round I,04659,"Shri Sai College Of Pharmacy, Mouda",Nagpur,Unaided,GSCS,State Level,Any,41471,
2022-23,D Pharmacy,CAP Round I,04659,"Shri Sai College Of Pharmacy, Mouda",Nagpur,Unaided,LSCS,State Level,Ladies,41465,
2022-23,D Pharmacy,CAP Round I,04659,"Shri Sai College Of Pharmacy, Mouda",Nagpur,Unaided,GSTS,State Level,Any,69899,
2022-23,D Pharmacy,CAP Round I,04659,"Shri Sai College Of Pharmacy, Mouda",Nagpur,Unaided,LSTS,State Level,Ladies,70938,
2022-23,D Pharmacy,CAP Round I,04659,"Shri Sai College Of Pharmacy, Mouda",Nagpur,Unaided,GVJS,State Level,Any,41857,
2022-23,D Pharmacy,CAP Round I,04659,"Shri Sai College Of Pharmacy, Mouda",Nagpur,Unaided,GNT1S,State Level,Any,36983,
2022-23,D Pharmacy,CAP Round I,04659,"Shri Sai College Of Pharmacy, Mouda",Nagpur,Unaided,GNT2S,State Level,Any,63834,
2022-23,D Pharmacy,CAP Round I,04659,"Shri Sai College Of Pharmacy, Mouda",Nagpur,Unaided,LNT2S,State Level,Ladies,56240,
2022-23,D Pharmacy,CAP Round I,04659,"Shri Sai College Of Pharmacy, Mouda",Nagpur,Unaided,GNT3S,State Level,Any,54857,
2022-23,D Pharmacy,CAP Round I,04659,"Shri Sai College Of Pharmacy, Mouda",Nagpur,Unaided,GOBCS,State Level,Any,33380,
2022-23,D Pharmacy,CAP Round I,04659,"Shri Sai College Of Pharmacy, Mouda",Nagpur,Unaided,LOBCS,State Level,Ladies,31274,
2022-23,D Pharmacy,CAP Round I,04659,"Shri Sai College Of Pharmacy, Mouda",Nagpur,Unaided,PWDOPENS,State Level,Any,75340,
2022-23,D Pharmacy,CAP Round I,04659,"Shri Sai College Of Pharmacy, Mouda",Nagpur,Unaided,EWS,Special,Any,75133,
2022-23,D Pharmacy,CAP Round I,04659,"Shri Sai College Of Pharmacy, Mouda",Nagpur,Unaided,TFWS,Special,Any,23727,
2022-23,D Pharmacy,CAP Round I,04660,"Gondia College Of Pharmacy, Chulod",Jalgaon,Unaided,GOPENS,State Level,Any,14057,
2022-23,D Pharmacy,CAP Round I,04660,"Gondia College Of Pharmacy, Chulod",Jalgaon,Unaided,LOPENS,State Level,Ladies,10114,
2022-23,D Pharmacy,CAP Round I,04660,"Gondia College Of Pharmacy, Chulod",Jalgaon,Unaided,GSCS,State Level,Any,19901,
2022-23,D Pharmacy,CAP Round I,04660,"Gondia College Of Pharmacy, Chulod",Jalgaon,Unaided,LSCS,State Level,Ladies,10202,
2022-23,D Pharmacy,CAP Round I,04660,"Gondia College Of Pharmacy, Chulod",Jalgaon,Unaided,GSTS,State Level,Any,54472,
2022-23,D Pharmacy,CAP Round I,04660,"Gondia College Of Pharmacy, Chulod",Jalgaon,Unaided,LSTS,State Level,Ladies,29275,
2022-23,D Pharmacy,CAP Round I,04660,"Gondia College Of Pharmacy, Chulod",Jalgaon,Unaided,GVJS,State Level,Any,69698,
2022-23,D Pharmacy,CAP Round I,04660,"Gondia College Of Pharmacy, Chulod",Jalgaon,Unaided,LVJS,State Level,Ladies,28733,
2022-23,D Pharmacy,CAP Round I,04660,"Gondia College Of Pharmacy, Chulod",Jalgaon,Unaided,GNT1S,State Level,Any,14499,
2022-23,D Pharmacy,CAP Round I,04660,"Gondia College Of Pharmacy, Chulod",Jalgaon,Unaided,GNT2S,State Level,Any,77494,
2022-23,D Pharmacy,CAP Round I,04660,"Gondia College Of Pharmacy, Chulod",Jalgaon,Unaided,GOBCS,State Level,Any,16965,
2022-23,D Pharmacy,CAP Round I,04660,"Gondia College Of Pharmacy, Chulod",Jalgaon,Unaided,LOBCS,State Level,Ladies,14889,
2022-23,D Pharmacy,CAP Round I,04660,"Gondia College Of Pharmacy, Chulod",Jalgaon,Unaided,EWS,Special,Any,75876,
2022-23,D Pharmacy,CAP Round I,04660,"Gondia College Of Pharmacy, Chulod",Jalgaon,Unaided,TFWS,Special,Any,5723,
2022-23,D Pharmacy,CAP Round I,04660,"Gondia College Of Pharmacy, Chulod",Jalgaon,Unaided,LNT2S,State Level,Ladies,83276,
2022-23,D Pharmacy,CAP Round I,05005,"NDMVP Samaj's College of Pharmacy, Nashik",Nashik,Unaided,GOPENS,State Level,Any,9374,
2022-23,D Pharmacy,CAP Round I,05005,"NDMVP Samaj's College of Pharmacy, Nashik",Nashik,Unaided,LOPENS,State Level,Ladies,6206,
2022-23,D Pharmacy,CAP Round I,05005,"NDMVP Samaj's College of Pharmacy, Nashik",Nashik,Unaided,GSCS,State Level,Any,15423,
2022-23,D Pharmacy,CAP Round I,05005,"NDMVP Samaj's College of Pharmacy, Nashik",Nashik,Unaided,LSCS,State Level,Ladies,9446,
2022-23,D Pharmacy,CAP Round I,05005,"NDMVP Samaj's College of Pharmacy, Nashik",Nashik,Unaided,GSTS,State Level,Any,17202,
2022-23,D Pharmacy,CAP Round I,05005,"NDMVP Samaj's College of Pharmacy, Nashik",Nashik,Unaided,LSTS,State Level,Ladies,10206,
2022-23,D Pharmacy,CAP Round I,05005,"NDMVP Samaj's College of Pharmacy, Nashik",Nashik,Unaided,GVJS,State Level,Any,18485,
2022-23,D Pharmacy,CAP Round I,05005,"NDMVP Samaj's College of Pharmacy, Nashik",Nashik,Unaided,GNT1S,State Level,Any,13818,
2022-23,D Pharmacy,CAP Round I,05005,"NDMVP Samaj's College of Pharmacy, Nashik",Nashik,Unaided,GNT2S,State Level,Any,17591,
2022-23,D Pharmacy,CAP Round I,05005,"NDMVP Samaj's College of Pharmacy, Nashik",Nashik,Unaided,LNT2S,State Level,Ladies,27704,
2022-23,D Pharmacy,CAP Round I,05005,"NDMVP Samaj's College of Pharmacy, Nashik",Nashik,Unaided,GNT3S,State Level,Any,25954,
2022-23,D Pharmacy,CAP Round I,05005,"NDMVP Samaj's College of Pharmacy, Nashik",Nashik,Unaided,GOBCS,State Level,Any,13239,
2022-23,D Pharmacy,CAP Round I,05005,"NDMVP Samaj's College of Pharmacy, Nashik",Nashik,Unaided,LOBCS,State Level,Ladies,7029,
2022-23,D Pharmacy,CAP Round I,05005,"NDMVP Samaj's College of Pharmacy, Nashik",Nashik,Unaided,PWDOPENS,State Level,Any,18682,
2022-23,D Pharmacy,CAP Round I,05005,"NDMVP Samaj's College of Pharmacy, Nashik",Nashik,Unaided,EWS,Special,Any,8828,
2022-23,D Pharmacy,CAP Round I,05012,"Pravara Rural Education Society's Pravara Rural College Of Pharmacy, Pravaranagar",Ahmednagar,Aided,GOPENS,State Level,Any,5111,
2022-23,D Pharmacy,CAP Round I,05012,"Pravara Rural Education Society's Pravara Rural College Of Pharmacy, Pravaranagar",Ahmednagar,Aided,LOPENS,State Level,Ladies,4046,
2022-23,D Pharmacy,CAP Round I,05012,"Pravara Rural Education Society's Pravara Rural College Of Pharmacy, Pravaranagar",Ahmednagar,Aided,GSCS,State Level,Any,17877,
2022-23,D Pharmacy,CAP Round I,05012,"Pravara Rural Education Society's Pravara Rural College Of Pharmacy, Pravaranagar",Ahmednagar,Aided,LSCS,State Level,Ladies,7768,
2022-23,D Pharmacy,CAP Round I,05012,"Pravara Rural Education Society's Pravara Rural College Of Pharmacy, Pravaranagar",Ahmednagar,Aided,GSTS,State Level,Any,19256,
2022-23,D Pharmacy,CAP Round I,05012,"Pravara Rural Education Society's Pravara Rural College Of Pharmacy, Pravaranagar",Ahmednagar,Aided,LSTS,State Level,Ladies,19599,
2022-23,D Pharmacy,CAP Round I,05012,"Pravara Rural Education Society's Pravara Rural College Of Pharmacy, Pravaranagar",Ahmednagar,Aided,GVJS,State Level,Any,6110,
2022-23,D Pharmacy,CAP Round I,05012,"Pravara Rural Education Society's Pravara Rural College Of Pharmacy, Pravaranagar",Ahmednagar,Aided,LVJS,State Level,Ladies,12240,
2022-23,D Pharmacy,CAP Round I,05012,"Pravara Rural Education Society's Pravara Rural College Of Pharmacy, Pravaranagar",Ahmednagar,Aided,GNT1S,State Level,Any,11836,
2022-23,D Pharmacy,CAP Round I,05012,"Pravara Rural Education Society's Pravara Rural College Of Pharmacy, Pravaranagar",Ahmednagar,Aided,GNT2S,State Level,Any,8148,
2022-23,D Pharmacy,CAP Round I,05012,"Pravara Rural Education Society's Pravara Rural College Of Pharmacy, Pravaranagar",Ahmednagar,Aided,LNT2S,State Level,Ladies,8071,
2022-23,D Pharmacy,CAP Round I,05012,"Pravara Rural Education Society's Pravara Rural College Of Pharmacy, Pravaranagar",Ahmednagar,Aided,GNT3S,State Level,Any,5362,
2022-23,D Pharmacy,CAP Round I,05012,"Pravara Rural Education Society's Pravara Rural College Of Pharmacy, Pravaranagar",Ahmednagar,Aided,GOBCS,State Level,Any,10473,
2022-23,D Pharmacy,CAP Round I,05012,"Pravara Rural Education Society's Pravara Rural College Of Pharmacy, Pravaranagar",Ahmednagar,Aided,LOBCS,State Level,Ladies,8510,
2022-23,D Pharmacy,CAP Round I,05012,"Pravara Rural Education Society's Pravara Rural College Of Pharmacy, Pravaranagar",Ahmednagar,Aided,PWDOPENS,State Level,Any,65809,
2022-23,D Pharmacy,CAP Round I,05012,"Pravara Rural Education Society's Pravara Rural College Of Pharmacy, Pravaranagar",Ahmednagar,Aided,DEFOPENS,State Level,Any,65472,
2022-23,D Pharmacy,CAP Round I,05012,"Pravara Rural Education Society's Pravara Rural College Of Pharmacy, Pravaranagar",Ahmednagar,Aided,DEFROBCS,State Level,Any,66241,
2022-23,D Pharmacy,CAP Round I,05012,"Pravara Rural Education Society's Pravara Rural College Of Pharmacy, Pravaranagar",Ahmednagar,Aided,EWS,Special,Any,3413,
2022-23,D Pharmacy,CAP Round I,05012,"Pravara Rural Education Society's Pravara Rural College Of Pharmacy, Pravaranagar",Ahmednagar,Aided,TFWS,Special,Any,1935,
2022-23,D Pharmacy,CAP Round I,05013,"Mahatma Gandhi Taluka Shikshan Mandal's Sharadchandrika S. Patil Inst of Technology, Chopda",Jalgaon,Aided,GOPENS,State Level,Any,8926,
2022-23,D Pharmacy,CAP Round I,05013,"Mahatma Gandhi Taluka Shikshan Mandal's Sharadchandrika S. Patil Inst of Technology, Chopda",Jalgaon,Aided,LOPENS,State Level,Ladies,5472,
2022-23,D Pharmacy,CAP Round I,05013,"Mahatma Gandhi Taluka Shikshan Mandal's Sharadchandrika S. Patil Inst of Technology, Chopda",Jalgaon,Aided,GSCS,State Level,Any,17056,
2022-23,D Pharmacy,CAP Round I,05013,"Mahatma Gandhi Taluka Shikshan Mandal's Sharadchandrika S. Patil Inst of Technology, Chopda",Jalgaon,Aided,LSCS,State Level,Ladies,10732,
2022-23,D Pharmacy,CAP Round I,05013,"Mahatma Gandhi Taluka Shikshan Mandal's Sharadchandrika S. Patil Inst of Technology, Chopda",Jalgaon,Aided,GSTS,State Level,Any,10836,
2022-23,D Pharmacy,CAP Round I,05013,"Mahatma Gandhi Taluka Shikshan Mandal's Sharadchandrika S. Patil Inst of Technology, Chopda",Jalgaon,Aided,LSTS,State Level,Ladies,8215,
2022-23,D Pharmacy,CAP Round I,05013,"Mahatma Gandhi Taluka Shikshan Mandal's Sharadchandrika S. Patil Inst of Technology, Chopda",Jalgaon,Aided,GVJS,State Level,Any,15345,
2022-23,D Pharmacy,CAP Round I,05013,"Mahatma Gandhi Taluka Shikshan Mandal's Sharadchandrika S. Patil Inst of Technology, Chopda",Jalgaon,Aided,GNT1S,State Level,Any,12019,
2022-23,D Pharmacy,CAP Round I,05013,"Mahatma Gandhi Taluka Shikshan Mandal's Sharadchandrika S. Patil Inst of Technology, Chopda",Jalgaon,Aided,GNT2S,State Level,Any,12430,
2022-23,D Pharmacy,CAP Round I,05013,"Mahatma Gandhi Taluka Shikshan Mandal's Sharadchandrika S. Patil Inst of Technology, Chopda",Jalgaon,Aided,GNT3S,State Level,Any,9662,
2022-23,D Pharmacy,CAP Round I,05013,"Mahatma Gandhi Taluka Shikshan Mandal's Sharadchandrika S. Patil Inst of Technology, Chopda",Jalgaon,Aided,GOBCS,State Level,Any,10744,
2022-23,D Pharmacy,CAP Round I,05013,"Mahatma Gandhi Taluka Shikshan Mandal's Sharadchandrika S. Patil Inst of Technology, Chopda",Jalgaon,Aided,LOBCS,State Level,Ladies,8212,
2022-23,D Pharmacy,CAP Round I,05013,"Mahatma Gandhi Taluka Shikshan Mandal's Sharadchandrika S. Patil Inst of Technology, Chopda",Jalgaon,Aided,PWDOPENS,State Level,Any,36956,
2022-23,D Pharmacy,CAP Round I,05013,"Mahatma Gandhi Taluka Shikshan Mandal's Sharadchandrika S. Patil Inst of Technology, Chopda",Jalgaon,Aided,EWS,Special,Any,7941,
2022-23,D Pharmacy,CAP Round I,05013,"Mahatma Gandhi Taluka Shikshan Mandal's Sharadchandrika S. Patil Inst of Technology, Chopda",Jalgaon,Aided,TFWS,Special,Any,4438,
2022-23,D Pharmacy,CAP Round I,05014,"Anjuman Imdadut Tulba's Institute Of Pharmacy, Malegaon(Nashik)",Nashik,Aided,GOPENS,State Level,Any,10999,
2022-23,D Pharmacy,CAP Round I,05014,"Anjuman Imdadut Tulba's Institute Of Pharmacy, Malegaon(Nashik)",Nashik,Aided,LOPENS,State Level,Ladies,10859,
2022-23,D Pharmacy,CAP Round I,05014,"Anjuman Imdadut Tulba's Institute Of Pharmacy, Malegaon(Nashik)",Nashik,Aided,MI,Special,Any,12830,
2022-23,D Pharmacy,CAP Round I,05014,"Anjuman Imdadut Tulba's Institute Of Pharmacy, Malegaon(Nashik)",Nashik,Aided,TFWS,Special,Any,1985,
2022-23,D Pharmacy,CAP Round I,05154,"Mahatma Gandhi Vidya Mandir's Pharmacy College, Panchavati, Nashik",Nashik,Unaided,GOPENS,State Level,Any,21326,
2022-23,D Pharmacy,CAP Round I,05154,"Mahatma Gandhi Vidya Mandir's Pharmacy College, Panchavati, Nashik",Nashik,Unaided,LOPENS,State Level,Ladies,21419,
2022-23,D Pharmacy,CAP Round I,05154,"Mahatma Gandhi Vidya Mandir's Pharmacy College, Panchavati, Nashik",Nashik,Unaided,GSCS,State Level,Any,44947,
2022-23,D Pharmacy,CAP Round I,05154,"Mahatma Gandhi Vidya Mandir's Pharmacy College, Panchavati, Nashik",Nashik,Unaided,LSCS,State Level,Ladies,31685,
2022-23,D Pharmacy,CAP Round I,05154,"Mahatma Gandhi Vidya Mandir's Pharmacy College, Panchavati, Nashik",Nashik,Unaided,GSTS,State Level,Any,25044,
2022-23,D Pharmacy,CAP Round I,05154,"Mahatma Gandhi Vidya Mandir's Pharmacy College, Panchavati, Nashik",Nashik,Unaided,LSTS,State Level,Ladies,21804,
2022-23,D Pharmacy,CAP Round I,05154,"Mahatma Gandhi Vidya Mandir's Pharmacy College, Panchavati, Nashik",Nashik,Unaided,GVJS,State Level,Any,28933,
2022-23,D Pharmacy,CAP Round I,05154,"Mahatma Gandhi Vidya Mandir's Pharmacy College, Panchavati, Nashik",Nashik,Unaided,LVJS,State Level,Ladies,22650,
2022-23,D Pharmacy,CAP Round I,05154,"Mahatma Gandhi Vidya Mandir's Pharmacy College, Panchavati, Nashik",Nashik,Unaided,GNT1S,State Level,Any,34504,
2022-23,D Pharmacy,CAP Round I,05154,"Mahatma Gandhi Vidya Mandir's Pharmacy College, Panchavati, Nashik",Nashik,Unaided,LNT1S,State Level,Ladies,39648,
2022-23,D Pharmacy,CAP Round I,05154,"Mahatma Gandhi Vidya Mandir's Pharmacy College, Panchavati, Nashik",Nashik,Unaided,GNT2S,State Level,Any,29679,
2022-23,D Pharmacy,CAP Round I,05154,"Mahatma Gandhi Vidya Mandir's Pharmacy College, Panchavati, Nashik",Nashik,Unaided,LNT2S,State Level,Ladies,32555,
2022-23,D Pharmacy,CAP Round I,05154,"Mahatma Gandhi Vidya Mandir's Pharmacy College, Panchavati, Nashik",Nashik,Unaided,LNT3S,State Level,Ladies,35528,
2022-23,D Pharmacy,CAP Round I,05154,"Mahatma Gandhi Vidya Mandir's Pharmacy College, Panchavati, Nashik",Nashik,Unaided,GOBCS,State Level,Any,32242,
2022-23,D Pharmacy,CAP Round I,05154,"Mahatma Gandhi Vidya Mandir's Pharmacy College, Panchavati, Nashik",Nashik,Unaided,LOBCS,State Level,Ladies,26783,
2022-23,D Pharmacy,CAP Round I,05154,"Mahatma Gandhi Vidya Mandir's Pharmacy College, Panchavati, Nashik",Nashik,Unaided,PWDOPENS,State Level,Any,74211,
2022-23,D Pharmacy,CAP Round I,05154,"Mahatma Gandhi Vidya Mandir's Pharmacy College, Panchavati, Nashik",Nashik,Unaided,DEFOPENS,State Level,Any,64726,
2022-23,D Pharmacy,CAP Round I,05154,"Mahatma Gandhi Vidya Mandir's Pharmacy College, Panchavati, Nashik",Nashik,Unaided,EWS,Special,Any,41385,
2022-23,D Pharmacy,CAP Round I,05154,"Mahatma Gandhi Vidya Mandir's Pharmacy College, Panchavati, Nashik",Nashik,Unaided,TFWS,Special,Any,12043,
2022-23,D Pharmacy,CAP Round I,05155,"Dhulia Charitable Society's Annasaheb Ramesh Ajmera College of Pharmacy, Nagaon",Ahmednagar,Unaided,GOPENS,State Level,Any,18504,
2022-23,D Pharmacy,CAP Round I,05155,"Dhulia Charitable Society's Annasaheb Ramesh Ajmera College of Pharmacy, Nagaon",Ahmednagar,Unaided,LOPENS,State Level,Ladies,16534,
2022-23,D Pharmacy,CAP Round I,05155,"Dhulia Charitable Society's Annasaheb Ramesh Ajmera College of Pharmacy, Nagaon",Ahmednagar,Unaided,GSCS,State Level,Any,31832,
2022-23,D Pharmacy,CAP Round I,05155,"Dhulia Charitable Society's Annasaheb Ramesh Ajmera College of Pharmacy, Nagaon",Ahmednagar,Unaided,LSCS,State Level,Ladies,50419,
2022-23,D Pharmacy,CAP Round I,05155,"Dhulia Charitable Society's Annasaheb Ramesh Ajmera College of Pharmacy, Nagaon",Ahmednagar,Unaided,GSTS,State Level,Any,20568,
2022-23,D Pharmacy,CAP Round I,05155,"Dhulia Charitable Society's Annasaheb Ramesh Ajmera College of Pharmacy, Nagaon",Ahmednagar,Unaided,LSTS,State Level,Ladies,24312,
2022-23,D Pharmacy,CAP Round I,05155,"Dhulia Charitable Society's Annasaheb Ramesh Ajmera College of Pharmacy, Nagaon",Ahmednagar,Unaided,GVJS,State Level,Any,19748,
2022-23,D Pharmacy,CAP Round I,05155,"Dhulia Charitable Society's Annasaheb Ramesh Ajmera College of Pharmacy, Nagaon",Ahmednagar,Unaided,GNT1S,State Level,Any,20013,
2022-23,D Pharmacy,CAP Round I,05155,"Dhulia Charitable Society's Annasaheb Ramesh Ajmera College of Pharmacy, Nagaon",Ahmednagar,Unaided,GNT2S,State Level,Any,19624,
2022-23,D Pharmacy,CAP Round I,05155,"Dhulia Charitable Society's Annasaheb Ramesh Ajmera College of Pharmacy, Nagaon",Ahmednagar,Unaided,LNT2S,State Level,Ladies,19179,
2022-23,D Pharmacy,CAP Round I,05155,"Dhulia Charitable Society's Annasaheb Ramesh Ajmera College of Pharmacy, Nagaon",Ahmednagar,Unaided,GNT3S,State Level,Any,19278,
2022-23,D Pharmacy,CAP Round I,05155,"Dhulia Charitable Society's Annasaheb Ramesh Ajmera College of Pharmacy, Nagaon",Ahmednagar,Unaided,GOBCS,State Level,Any,21609,
2022-23,D Pharmacy,CAP Round I,05155,"Dhulia Charitable Society's Annasaheb Ramesh Ajmera College of Pharmacy, Nagaon",Ahmednagar,Unaided,LOBCS,State Level,Ladies,18131,
2022-23,D Pharmacy,CAP Round I,05155,"Dhulia Charitable Society's Annasaheb Ramesh Ajmera College of Pharmacy, Nagaon",Ahmednagar,Unaided,EWS,Special,Any,38358,
2022-23,D Pharmacy,CAP Round I,05155,"Dhulia Charitable Society's Annasaheb Ramesh Ajmera College of Pharmacy, Nagaon",Ahmednagar,Unaided,TFWS,Special,Any,11989,
2022-23,D Pharmacy,CAP Round I,05185,"Pravara Rural Education Society's Pravara Rural College of Pharmacy,Pravararanagar",Ahmednagar,Unaided,GOPENS,State Level,Any,16996,
2022-23,D Pharmacy,CAP Round I,05185,"Pravara Rural Education Society's Pravara Rural College of Pharmacy,Pravararanagar",Ahmednagar,Unaided,LOPENS,State Level,Ladies,13733,
2022-23,D Pharmacy,CAP Round I,05185,"Pravara Rural Education Society's Pravara Rural College of Pharmacy,Pravararanagar",Ahmednagar,Unaided,GSCS,State Level,Any,36474,
2022-23,D Pharmacy,CAP Round I,05185,"Pravara Rural Education Society's Pravara Rural College of Pharmacy,Pravararanagar",Ahmednagar,Unaided,LSCS,State Level,Ladies,31728,
2022-23,D Pharmacy,CAP Round I,05185,"Pravara Rural Education Society's Pravara Rural College of Pharmacy,Pravararanagar",Ahmednagar,Unaided,GSTS,State Level,Any,37000,
2022-23,D Pharmacy,CAP Round I,05185,"Pravara Rural Education Society's Pravara Rural College of Pharmacy,Pravararanagar",Ahmednagar,Unaided,LSTS,State Level,Ladies,20521,
2022-23,D Pharmacy,CAP Round I,05185,"Pravara Rural Education Society's Pravara Rural College of Pharmacy,Pravararanagar",Ahmednagar,Unaided,GVJS,State Level,Any,27270,
2022-23,D Pharmacy,CAP Round I,05185,"Pravara Rural Education Society's Pravara Rural College of Pharmacy,Pravararanagar",Ahmednagar,Unaided,LVJS,State Level,Ladies,38286,
2022-23,D Pharmacy,CAP Round I,05185,"Pravara Rural Education Society's Pravara Rural College of Pharmacy,Pravararanagar",Ahmednagar,Unaided,GNT1S,State Level,Any,31064,
2022-23,D Pharmacy,CAP Round I,05185,"Pravara Rural Education Society's Pravara Rural College of Pharmacy,Pravararanagar",Ahmednagar,Unaided,GNT2S,State Level,Any,19102,
2022-23,D Pharmacy,CAP Round I,05185,"Pravara Rural Education Society's Pravara Rural College of Pharmacy,Pravararanagar",Ahmednagar,Unaided,LNT2S,State Level,Ladies,13755,
2022-23,D Pharmacy,CAP Round I,05185,"Pravara Rural Education Society's Pravara Rural College of Pharmacy,Pravararanagar",Ahmednagar,Unaided,GNT3S,State Level,Any,19539,
2022-23,D Pharmacy,CAP Round I,05185,"Pravara Rural Education Society's Pravara Rural College of Pharmacy,Pravararanagar",Ahmednagar,Unaided,GOBCS,State Level,Any,28574,
2022-23,D Pharmacy,CAP Round I,05185,"Pravara Rural Education Society's Pravara Rural College of Pharmacy,Pravararanagar",Ahmednagar,Unaided,LOBCS,State Level,Ladies,27681,
2022-23,D Pharmacy,CAP Round I,05185,"Pravara Rural Education Society's Pravara Rural College of Pharmacy,Pravararanagar",Ahmednagar,Unaided,PWDOPENS,State Level,Any,62972,
2022-23,D Pharmacy,CAP Round I,05185,"Pravara Rural Education Society's Pravara Rural College of Pharmacy,Pravararanagar",Ahmednagar,Unaided,DEFOPENS,State Level,Any,69499,
2022-23,D Pharmacy,CAP Round I,05185,"Pravara Rural Education Society's Pravara Rural College of Pharmacy,Pravararanagar",Ahmednagar,Unaided,EWS,Special,Any,22662,
2022-23,D Pharmacy,CAP Round I,05185,"Pravara Rural Education Society's Pravara Rural College of Pharmacy,Pravararanagar",Ahmednagar,Unaided,TFWS,Special,Any,12840,
2022-23,D Pharmacy,CAP Round I,05186,"R. C. Patel Institute of Pharmaceutical Education and Research, Shirpur",Dhule,Linguistic Minority - Gujarathi,GOPENS,State Level,Any,5094,
2022-23,D Pharmacy,CAP Round I,05186,"R. C. Patel Institute of Pharmaceutical Education and Research, Shirpur",Dhule,Linguistic Minority - Gujarathi,LOPENS,State Level,Ladies,2214,
2022-23,D Pharmacy,CAP Round I,05186,"R. C. Patel Institute of Pharmaceutical Education and Research, Shirpur",Dhule,Linguistic Minority - Gujarathi,MI,Special,Any,82587,
2022-23,D Pharmacy,CAP Round I,05186,"R. C. Patel Institute of Pharmaceutical Education and Research, Shirpur",Dhule,Linguistic Minority - Gujarathi,TFWS,Special,Any,406,
2022-23,D Pharmacy,CAP Round I,05187,"MGSM's Smt. Sharadchandrika Suresh Patil College of Pharmacy, Chopda",Jalgaon,Unaided,GOPENS,State Level,Any,18433,
2022-23,D Pharmacy,CAP Round I,05187,"MGSM's Smt. Sharadchandrika Suresh Patil College of Pharmacy, Chopda",Jalgaon,Unaided,LOPENS,State Level,Ladies,13389,
2022-23,D Pharmacy,CAP Round I,05187,"MGSM's Smt. Sharadchandrika Suresh Patil College of Pharmacy, Chopda",Jalgaon,Unaided,GSCS,State Level,Any,45312,
2022-23,D Pharmacy,CAP Round I,05187,"MGSM's Smt. Sharadchandrika Suresh Patil College of Pharmacy, Chopda",Jalgaon,Unaided,LSCS,State Level,Ladies,51139,
2022-23,D Pharmacy,CAP Round I,05187,"MGSM's Smt. Sharadchandrika Suresh Patil College of Pharmacy, Chopda",Jalgaon,Unaided,GSTS,State Level,Any,24286,
2022-23,D Pharmacy,CAP Round I,05187,"MGSM's Smt. Sharadchandrika Suresh Patil College of Pharmacy, Chopda",Jalgaon,Unaided,LSTS,State Level,Ladies,20538,
2022-23,D Pharmacy,CAP Round I,05187,"MGSM's Smt. Sharadchandrika Suresh Patil College of Pharmacy, Chopda",Jalgaon,Unaided,GVJS,State Level,Any,23128,
2022-23,D Pharmacy,CAP Round I,05187,"MGSM's Smt. Sharadchandrika Suresh Patil College of Pharmacy, Chopda",Jalgaon,Unaided,GNT2S,State Level,Any,34702,
2022-23,D Pharmacy,CAP Round I,05187,"MGSM's Smt. Sharadchandrika Suresh Patil College of Pharmacy, Chopda",Jalgaon,Unaided,GNT3S,State Level,Any,42367,
2022-23,D Pharmacy,CAP Round I,05187,"MGSM's Smt. Sharadchandrika Suresh Patil College of Pharmacy, Chopda",Jalgaon,Unaided,GOBCS,State Level,Any,21340,
2022-23,D Pharmacy,CAP Round I,05187,"MGSM's Smt. Sharadchandrika Suresh Patil College of Pharmacy, Chopda",Jalgaon,Unaided,LOBCS,State Level,Ladies,15719,
2022-23,D Pharmacy,CAP Round I,05187,"MGSM's Smt. Sharadchandrika Suresh Patil College of Pharmacy, Chopda",Jalgaon,Unaided,EWS,Special,Any,18413,
2022-23,D Pharmacy,CAP Round I,05187,"MGSM's Smt. Sharadchandrika Suresh Patil College of Pharmacy, Chopda",Jalgaon,Unaided,TFWS,Special,Any,17660,
2022-23,D Pharmacy,CAP Round I,05187,"MGSM's Smt. Sharadchandrika Suresh Patil College of Pharmacy, Chopda",Jalgaon,Unaided,LNT1S,State Level,Ladies,35916,
2022-23,D Pharmacy,CAP Round I,05189,"P.S.G.V.P.M.'s College of Pharmacy, Shahada",Nandurbar,Linguistic Minority - Gujar,GOPENS,State Level,Any,12514,
2022-23,D Pharmacy,CAP Round I,05189,"P.S.G.V.P.M.'s College of Pharmacy, Shahada",Nandurbar,Linguistic Minority - Gujar,LOPENS,State Level,Ladies,9437,
2022-23,D Pharmacy,CAP Round I,05189,"P.S.G.V.P.M.'s College of Pharmacy, Shahada",Nandurbar,Linguistic Minority - Gujar,MI,Special,Any,52367,
2022-23,D Pharmacy,CAP Round I,05189,"P.S.G.V.P.M.'s College of Pharmacy, Shahada",Nandurbar,Linguistic Minority - Gujar,TFWS,Special,Any,5891,
2022-23,D Pharmacy,CAP Round I,05192,"SNJB's Shriman Sureshdada Jain College of Pharmacy, Neminagar, Chandwad, Nashik",Nashik,Religious Minority - Jain,GOPENS,State Level,Any,21666,
2022-23,D Pharmacy,CAP Round I,05192,"SNJB's Shriman Sureshdada Jain College of Pharmacy, Neminagar, Chandwad, Nashik",Nashik,Religious Minority - Jain,LOPENS,State Level,Ladies,12707,
2022-23,D Pharmacy,CAP Round I,05192,"SNJB's Shriman Sureshdada Jain College of Pharmacy, Neminagar, Chandwad, Nashik",Nashik,Religious Minority - Jain,MI,Special,Any,78606,
2022-23,D Pharmacy,CAP Round I,05192,"SNJB's Shriman Sureshdada Jain College of Pharmacy, Neminagar, Chandwad, Nashik",Nashik,Religious Minority - Jain,TFWS,Special,Any,7715,
2022-23,D Pharmacy,CAP Round I,05193,Mula Education Society's College of Pharmacy.Sonai,Ahmednagar,Unaided,GOPENS,State Level,Any,21376,
2022-23,D Pharmacy,CAP Round I,05193,Mula Education Society's College of Pharmacy.Sonai,Ahmednagar,Unaided,LOPENS,State Level,Ladies,17504,
2022-23,D Pharmacy,CAP Round I,05193,Mula Education Society's College of Pharmacy.Sonai,Ahmednagar,Unaided,GSCS,State Level,Any,39879,
2022-23,D Pharmacy,CAP Round I,05193,Mula Education Society's College of Pharmacy.Sonai,Ahmednagar,Unaided,LSCS,State Level,Ladies,21527,
2022-23,D Pharmacy,CAP Round I,05193,Mula Education Society's College of Pharmacy.Sonai,Ahmednagar,Unaided,GSTS,State Level,Any,50371,
2022-23,D Pharmacy,CAP Round I,05193,Mula Education Society's College of Pharmacy.Sonai,Ahmednagar,Unaided,LSTS,State Level,Ladies,42152,
2022-23,D Pharmacy,CAP Round I,05193,Mula Education Society's College of Pharmacy.Sonai,Ahmednagar,Unaided,GVJS,State Level,Any,29880,
2022-23,D Pharmacy,CAP Round I,05193,Mula Education Society's College of Pharmacy.Sonai,Ahmednagar,Unaided,GNT1S,State Level,Any,37535,
2022-23,D Pharmacy,CAP Round I,05193,Mula Education Society's College of Pharmacy.Sonai,Ahmednagar,Unaided,LNT1S,State Level,Ladies,39480,
2022-23,D Pharmacy,CAP Round I,05193,Mula Education Society's College of Pharmacy.Sonai,Ahmednagar,Unaided,GNT2S,State Level,Any,22532,
2022-23,D Pharmacy,CAP Round I,05193,Mula Education Society's College of Pharmacy.Sonai,Ahmednagar,Unaided,LNT3S,State Level,Ladies,21963,
2022-23,D Pharmacy,CAP Round I,05193,Mula Education Society's College of Pharmacy.Sonai,Ahmednagar,Unaided,GOBCS,State Level,Any,32134,
2022-23,D Pharmacy,CAP Round I,05193,Mula Education Society's College of Pharmacy.Sonai,Ahmednagar,Unaided,LOBCS,State Level,Ladies,25887,
2022-23,D Pharmacy,CAP Round I,05193,Mula Education Society's College of Pharmacy.Sonai,Ahmednagar,Unaided,PWDOPENS,State Level,Any,34996,
2022-23,D Pharmacy,CAP Round I,05193,Mula Education Society's College of Pharmacy.Sonai,Ahmednagar,Unaided,DEFOPENS,State Level,Any,71243,
2022-23,D Pharmacy,CAP Round I,05193,Mula Education Society's College of Pharmacy.Sonai,Ahmednagar,Unaided,EWS,Special,Any,19625,
2022-23,D Pharmacy,CAP Round I,05193,Mula Education Society's College of Pharmacy.Sonai,Ahmednagar,Unaided,TFWS,Special,Any,2792,
2022-23,D Pharmacy,CAP Round I,05195,"Sanjivani Rural Education Society's Sanjivani College of Pharmaceutical & Research, Kopargaon",Ahmednagar,Unaided,GOPENS,State Level,Any,21178,
2022-23,D Pharmacy,CAP Round I,05195,"Sanjivani Rural Education Society's Sanjivani College of Pharmaceutical & Research, Kopargaon",Ahmednagar,Unaided,LOPENS,State Level,Ladies,15456,
2022-23,D Pharmacy,CAP Round I,05195,"Sanjivani Rural Education Society's Sanjivani College of Pharmaceutical & Research, Kopargaon",Ahmednagar,Unaided,GSCS,State Level,Any,40202,
2022-23,D Pharmacy,CAP Round I,05195,"Sanjivani Rural Education Society's Sanjivani College of Pharmaceutical & Research, Kopargaon",Ahmednagar,Unaided,LSCS,State Level,Ladies,32050,
2022-23,D Pharmacy,CAP Round I,05195,"Sanjivani Rural Education Society's Sanjivani College of Pharmaceutical & Research, Kopargaon",Ahmednagar,Unaided,GSTS,State Level,Any,45051,
2022-23,D Pharmacy,CAP Round I,05195,"Sanjivani Rural Education Society's Sanjivani College of Pharmaceutical & Research, Kopargaon",Ahmednagar,Unaided,LSTS,State Level,Ladies,35419,
2022-23,D Pharmacy,CAP Round I,05195,"Sanjivani Rural Education Society's Sanjivani College of Pharmaceutical & Research, Kopargaon",Ahmednagar,Unaided,GVJS,State Level,Any,33061,
2022-23,D Pharmacy,CAP Round I,05195,"Sanjivani Rural Education Society's Sanjivani College of Pharmaceutical & Research, Kopargaon",Ahmednagar,Unaided,LVJS,State Level,Ladies,42493,
2022-23,D Pharmacy,CAP Round I,05195,"Sanjivani Rural Education Society's Sanjivani College of Pharmaceutical & Research, Kopargaon",Ahmednagar,Unaided,GNT1S,State Level,Any,31118,
2022-23,D Pharmacy,CAP Round I,05195,"Sanjivani Rural Education Society's Sanjivani College of Pharmaceutical & Research, Kopargaon",Ahmednagar,Unaided,GNT2S,State Level,Any,23799,
2022-23,D Pharmacy,CAP Round I,05195,"Sanjivani Rural Education Society's Sanjivani College of Pharmaceutical & Research, Kopargaon",Ahmednagar,Unaided,LNT2S,State Level,Ladies,25650,
2022-23,D Pharmacy,CAP Round I,05195,"Sanjivani Rural Education Society's Sanjivani College of Pharmaceutical & Research, Kopargaon",Ahmednagar,Unaided,GNT3S,State Level,Any,23190,
2022-23,D Pharmacy,CAP Round I,05195,"Sanjivani Rural Education Society's Sanjivani College of Pharmaceutical & Research, Kopargaon",Ahmednagar,Unaided,GOBCS,State Level,Any,32756,
2022-23,D Pharmacy,CAP Round I,05195,"Sanjivani Rural Education Society's Sanjivani College of Pharmaceutical & Research, Kopargaon",Ahmednagar,Unaided,LOBCS,State Level,Ladies,30831,
2022-23,D Pharmacy,CAP Round I,05195,"Sanjivani Rural Education Society's Sanjivani College of Pharmaceutical & Research, Kopargaon",Ahmednagar,Unaided,PWDOPENS,State Level,Any,66177,
2022-23,D Pharmacy,CAP Round I,05195,"Sanjivani Rural Education Society's Sanjivani College of Pharmaceutical & Research, Kopargaon",Ahmednagar,Unaided,DEFOPENS,State Level,Any,57467,
2022-23,D Pharmacy,CAP Round I,05195,"Sanjivani Rural Education Society's Sanjivani College of Pharmaceutical & Research, Kopargaon",Ahmednagar,Unaided,EWS,Special,Any,14538,
2022-23,D Pharmacy,CAP Round I,05195,"Sanjivani Rural Education Society's Sanjivani College of Pharmaceutical & Research, Kopargaon",Ahmednagar,Unaided,TFWS,Special,Any,7623,
2022-23,D Pharmacy,CAP Round I,05197,"Jagdamba Education Soceity,S.N.D. College of Pharmacy Babhulgaon, Nashik",Nashik,Unaided,GOPENS,State Level,Any,29018,
2022-23,D Pharmacy,CAP Round I,05197,"Jagdamba Education Soceity,S.N.D. College of Pharmacy Babhulgaon, Nashik",Nashik,Unaided,LOPENS,State Level,Ladies,15364,
2022-23,D Pharmacy,CAP Round I,05197,"Jagdamba Education Soceity,S.N.D. College of Pharmacy Babhulgaon, Nashik",Nashik,Unaided,GSCS,State Level,Any,54151,
2022-23,D Pharmacy,CAP Round I,05197,"Jagdamba Education Soceity,S.N.D. College of Pharmacy Babhulgaon, Nashik",Nashik,Unaided,LSCS,State Level,Ladies,39744,
2022-23,D Pharmacy,CAP Round I,05197,"Jagdamba Education Soceity,S.N.D. College of Pharmacy Babhulgaon, Nashik",Nashik,Unaided,GSTS,State Level,Any,34765,
2022-23,D Pharmacy,CAP Round I,05197,"Jagdamba Education Soceity,S.N.D. College of Pharmacy Babhulgaon, Nashik",Nashik,Unaided,LSTS,State Level,Ladies,29900,
2022-23,D Pharmacy,CAP Round I,05197,"Jagdamba Education Soceity,S.N.D. College of Pharmacy Babhulgaon, Nashik",Nashik,Unaided,GVJS,State Level,Any,43955,
2022-23,D Pharmacy,CAP Round I,05197,"Jagdamba Education Soceity,S.N.D. College of Pharmacy Babhulgaon, Nashik",Nashik,Unaided,LNT1S,State Level,Ladies,47162,
2022-23,D Pharmacy,CAP Round I,05197,"Jagdamba Education Soceity,S.N.D. College of Pharmacy Babhulgaon, Nashik",Nashik,Unaided,GNT2S,State Level,Any,36349,
2022-23,D Pharmacy,CAP Round I,05197,"Jagdamba Education Soceity,S.N.D. College of Pharmacy Babhulgaon, Nashik",Nashik,Unaided,GNT3S,State Level,Any,37384,
2022-23,D Pharmacy,CAP Round I,05197,"Jagdamba Education Soceity,S.N.D. College of Pharmacy Babhulgaon, Nashik",Nashik,Unaided,GOBCS,State Level,Any,36217,
2022-23,D Pharmacy,CAP Round I,05197,"Jagdamba Education Soceity,S.N.D. College of Pharmacy Babhulgaon, Nashik",Nashik,Unaided,LOBCS,State Level,Ladies,27442,
2022-23,D Pharmacy,CAP Round I,05197,"Jagdamba Education Soceity,S.N.D. College of Pharmacy Babhulgaon, Nashik",Nashik,Unaided,PWDOPENS,State Level,Any,16621,
2022-23,D Pharmacy,CAP Round I,05197,"Jagdamba Education Soceity,S.N.D. College of Pharmacy Babhulgaon, Nashik",Nashik,Unaided,DEFOPENS,State Level,Any,65832,
2022-23,D Pharmacy,CAP Round I,05197,"Jagdamba Education Soceity,S.N.D. College of Pharmacy Babhulgaon, Nashik",Nashik,Unaided,EWS,Special,Any,28817,
2022-23,D Pharmacy,CAP Round I,05197,"Jagdamba Education Soceity,S.N.D. College of Pharmacy Babhulgaon, Nashik",Nashik,Unaided,TFWS,Special,Any,10443,
2022-23,D Pharmacy,CAP Round I,05204,"Nagaon Education Society Gangamai College of Pharmacy, Nagaon,Dhule",Dhule,Unaided,GOPENS,State Level,Any,22325,
2022-23,D Pharmacy,CAP Round I,05204,"Nagaon Education Society Gangamai College of Pharmacy, Nagaon,Dhule",Dhule,Unaided,LOPENS,State Level,Ladies,20130,
2022-23,D Pharmacy,CAP Round I,05204,"Nagaon Education Society Gangamai College of Pharmacy, Nagaon,Dhule",Dhule,Unaided,GSCS,State Level,Any,58994,
2022-23,D Pharmacy,CAP Round I,05204,"Nagaon Education Society Gangamai College of Pharmacy, Nagaon,Dhule",Dhule,Unaided,LSCS,State Level,Ladies,35251,
2022-23,D Pharmacy,CAP Round I,05204,"Nagaon Education Society Gangamai College of Pharmacy, Nagaon,Dhule",Dhule,Unaided,GSTS,State Level,Any,23242,
2022-23,D Pharmacy,CAP Round I,05204,"Nagaon Education Society Gangamai College of Pharmacy, Nagaon,Dhule",Dhule,Unaided,LSTS,State Level,Ladies,23198,
2022-23,D Pharmacy,CAP Round I,05204,"Nagaon Education Society Gangamai College of Pharmacy, Nagaon,Dhule",Dhule,Unaided,GVJS,State Level,Any,27505,
2022-23,D Pharmacy,CAP Round I,05204,"Nagaon Education Society Gangamai College of Pharmacy, Nagaon,Dhule",Dhule,Unaided,GNT1S,State Level,Any,31568,
2022-23,D Pharmacy,CAP Round I,05204,"Nagaon Education Society Gangamai College of Pharmacy, Nagaon,Dhule",Dhule,Unaided,LNT1S,State Level,Ladies,35539,
2022-23,D Pharmacy,CAP Round I,05204,"Nagaon Education Society Gangamai College of Pharmacy, Nagaon,Dhule",Dhule,Unaided,GNT2S,State Level,Any,23167,
2022-23,D Pharmacy,CAP Round I,05204,"Nagaon Education Society Gangamai College of Pharmacy, Nagaon,Dhule",Dhule,Unaided,GNT3S,State Level,Any,31172,
2022-23,D Pharmacy,CAP Round I,05204,"Nagaon Education Society Gangamai College of Pharmacy, Nagaon,Dhule",Dhule,Unaided,GOBCS,State Level,Any,24976,
2022-23,D Pharmacy,CAP Round I,05204,"Nagaon Education Society Gangamai College of Pharmacy, Nagaon,Dhule",Dhule,Unaided,LOBCS,State Level,Ladies,20746,
2022-23,D Pharmacy,CAP Round I,05204,"Nagaon Education Society Gangamai College of Pharmacy, Nagaon,Dhule",Dhule,Unaided,EWS,Special,Any,36607,
2022-23,D Pharmacy,CAP Round I,05204,"Nagaon Education Society Gangamai College of Pharmacy, Nagaon,Dhule",Dhule,Unaided,TFWS,Special,Any,9232,
2022-23,D Pharmacy,CAP Round I,05205,"MGVM's Samajshri Prashantdada Hiray College of Pharmacy, Malegaon Camp, Malegaon",Nashik,Unaided,GOPENS,State Level,Any,26947,
2022-23,D Pharmacy,CAP Round I,05205,"MGVM's Samajshri Prashantdada Hiray College of Pharmacy, Malegaon Camp, Malegaon",Nashik,Unaided,LOPENS,State Level,Ladies,20296,
2022-23,D Pharmacy,CAP Round I,05205,"MGVM's Samajshri Prashantdada Hiray College of Pharmacy, Malegaon Camp, Malegaon",Nashik,Unaided,GSCS,State Level,Any,67803,
2022-23,D Pharmacy,CAP Round I,05205,"MGVM's Samajshri Prashantdada Hiray College of Pharmacy, Malegaon Camp, Malegaon",Nashik,Unaided,LSCS,State Level,Ladies,40424,
2022-23,D Pharmacy,CAP Round I,05205,"MGVM's Samajshri Prashantdada Hiray College of Pharmacy, Malegaon Camp, Malegaon",Nashik,Unaided,GSTS,State Level,Any,39783,
2022-23,D Pharmacy,CAP Round I,05205,"MGVM's Samajshri Prashantdada Hiray College of Pharmacy, Malegaon Camp, Malegaon",Nashik,Unaided,LSTS,State Level,Ladies,41376,
2022-23,D Pharmacy,CAP Round I,05205,"MGVM's Samajshri Prashantdada Hiray College of Pharmacy, Malegaon Camp, Malegaon",Nashik,Unaided,GVJS,State Level,Any,35559,
2022-23,D Pharmacy,CAP Round I,05205,"MGVM's Samajshri Prashantdada Hiray College of Pharmacy, Malegaon Camp, Malegaon",Nashik,Unaided,GNT1S,State Level,Any,38806,
2022-23,D Pharmacy,CAP Round I,05205,"MGVM's Samajshri Prashantdada Hiray College of Pharmacy, Malegaon Camp, Malegaon",Nashik,Unaided,GNT2S,State Level,Any,34564,
2022-23,D Pharmacy,CAP Round I,05205,"MGVM's Samajshri Prashantdada Hiray College of Pharmacy, Malegaon Camp, Malegaon",Nashik,Unaided,LNT2S,State Level,Ladies,35698,
2022-23,D Pharmacy,CAP Round I,05205,"MGVM's Samajshri Prashantdada Hiray College of Pharmacy, Malegaon Camp, Malegaon",Nashik,Unaided,GNT3S,State Level,Any,41280,
2022-23,D Pharmacy,CAP Round I,05205,"MGVM's Samajshri Prashantdada Hiray College of Pharmacy, Malegaon Camp, Malegaon",Nashik,Unaided,GOBCS,State Level,Any,29942,
2022-23,D Pharmacy,CAP Round I,05205,"MGVM's Samajshri Prashantdada Hiray College of Pharmacy, Malegaon Camp, Malegaon",Nashik,Unaided,LOBCS,State Level,Ladies,25356,
2022-23,D Pharmacy,CAP Round I,05205,"MGVM's Samajshri Prashantdada Hiray College of Pharmacy, Malegaon Camp, Malegaon",Nashik,Unaided,EWS,Special,Any,41374,
2022-23,D Pharmacy,CAP Round I,05205,"MGVM's Samajshri Prashantdada Hiray College of Pharmacy, Malegaon Camp, Malegaon",Nashik,Unaided,TFWS,Special,Any,14232,
2022-23,D Pharmacy,CAP Round I,05207,"MET's, Institute of Pharmacy,Bhujbal Knowledge City, Metleague Colleges, Adgaon, Nashik",Nashik,Unaided,GOPENS,State Level,Any,22412,
2022-23,D Pharmacy,CAP Round I,05207,"MET's, Institute of Pharmacy,Bhujbal Knowledge City, Metleague Colleges, Adgaon, Nashik",Nashik,Unaided,LOPENS,State Level,Ladies,13701,
2022-23,D Pharmacy,CAP Round I,05207,"MET's, Institute of Pharmacy,Bhujbal Knowledge City, Metleague Colleges, Adgaon, Nashik",Nashik,Unaided,GSCS,State Level,Any,34131,
2022-23,D Pharmacy,CAP Round I,05207,"MET's, Institute of Pharmacy,Bhujbal Knowledge City, Metleague Colleges, Adgaon, Nashik",Nashik,Unaided,LSCS,State Level,Ladies,37792,
2022-23,D Pharmacy,CAP Round I,05207,"MET's, Institute of Pharmacy,Bhujbal Knowledge City, Metleague Colleges, Adgaon, Nashik",Nashik,Unaided,GSTS,State Level,Any,25504,
2022-23,D Pharmacy,CAP Round I,05207,"MET's, Institute of Pharmacy,Bhujbal Knowledge City, Metleague Colleges, Adgaon, Nashik",Nashik,Unaided,LSTS,State Level,Ladies,24324,
2022-23,D Pharmacy,CAP Round I,05207,"MET's, Institute of Pharmacy,Bhujbal Knowledge City, Metleague Colleges, Adgaon, Nashik",Nashik,Unaided,GVJS,State Level,Any,34848,
2022-23,D Pharmacy,CAP Round I,05207,"MET's, Institute of Pharmacy,Bhujbal Knowledge City, Metleague Colleges, Adgaon, Nashik",Nashik,Unaided,LVJS,State Level,Ladies,22059,
2022-23,D Pharmacy,CAP Round I,05207,"MET's, Institute of Pharmacy,Bhujbal Knowledge City, Metleague Colleges, Adgaon, Nashik",Nashik,Unaided,GNT1S,State Level,Any,35614,
2022-23,D Pharmacy,CAP Round I,05207,"MET's, Institute of Pharmacy,Bhujbal Knowledge City, Metleague Colleges, Adgaon, Nashik",Nashik,Unaided,GNT2S,State Level,Any,29585,
2022-23,D Pharmacy,CAP Round I,05207,"MET's, Institute of Pharmacy,Bhujbal Knowledge City, Metleague Colleges, Adgaon, Nashik",Nashik,Unaided,LNT2S,State Level,Ladies,20605,
2022-23,D Pharmacy,CAP Round I,05207,"MET's, Institute of Pharmacy,Bhujbal Knowledge City, Metleague Colleges, Adgaon, Nashik",Nashik,Unaided,GNT3S,State Level,Any,30392,
2022-23,D Pharmacy,CAP Round I,05207,"MET's, Institute of Pharmacy,Bhujbal Knowledge City, Metleague Colleges, Adgaon, Nashik",Nashik,Unaided,GOBCS,State Level,Any,27520,
2022-23,D Pharmacy,CAP Round I,05207,"MET's, Institute of Pharmacy,Bhujbal Knowledge City, Metleague Colleges, Adgaon, Nashik",Nashik,Unaided,LOBCS,State Level,Ladies,22879,
2022-23,D Pharmacy,CAP Round I,05207,"MET's, Institute of Pharmacy,Bhujbal Knowledge City, Metleague Colleges, Adgaon, Nashik",Nashik,Unaided,PWDOPENS,State Level,Any,51033,
2022-23,D Pharmacy,CAP Round I,05207,"MET's, Institute of Pharmacy,Bhujbal Knowledge City, Metleague Colleges, Adgaon, Nashik",Nashik,Unaided,DEFOPENS,State Level,Any,59698,
2022-23,D Pharmacy,CAP Round I,05207,"MET's, Institute of Pharmacy,Bhujbal Knowledge City, Metleague Colleges, Adgaon, Nashik",Nashik,Unaided,EWS,Special,Any,24117,
2022-23,D Pharmacy,CAP Round I,05207,"MET's, Institute of Pharmacy,Bhujbal Knowledge City, Metleague Colleges, Adgaon, Nashik",Nashik,Unaided,TFWS,Special,Any,10890,
2022-23,D Pharmacy,CAP Round I,05209,"Kai Yashodabai Dagadu Saraf Charitable Trust's College of Pharmacy, Sakegaon",Jalgaon,Unaided,GOPENS,State Level,Any,19097,
2022-23,D Pharmacy,CAP Round I,05209,"Kai Yashodabai Dagadu Saraf Charitable Trust's College of Pharmacy, Sakegaon",Jalgaon,Unaided,LOPENS,State Level,Ladies,14775,
2022-23,D Pharmacy,CAP Round I,05209,"Kai Yashodabai Dagadu Saraf Charitable Trust's College of Pharmacy, Sakegaon",Jalgaon,Unaided,GSCS,State Level,Any,60548,
2022-23,D Pharmacy,CAP Round I,05209,"Kai Yashodabai Dagadu Saraf Charitable Trust's College of Pharmacy, Sakegaon",Jalgaon,Unaided,LSCS,State Level,Ladies,59125,
2022-23,D Pharmacy,CAP Round I,05209,"Kai Yashodabai Dagadu Saraf Charitable Trust's College of Pharmacy, Sakegaon",Jalgaon,Unaided,GSTS,State Level,Any,36611,
2022-23,D Pharmacy,CAP Round I,05209,"Kai Yashodabai Dagadu Saraf Charitable Trust's College of Pharmacy, Sakegaon",Jalgaon,Unaided,LSTS,State Level,Ladies,44065,
2022-23,D Pharmacy,CAP Round I,05209,"Kai Yashodabai Dagadu Saraf Charitable Trust's College of Pharmacy, Sakegaon",Jalgaon,Unaided,GVJS,State Level,Any,19982,
2022-23,D Pharmacy,CAP Round I,05209,"Kai Yashodabai Dagadu Saraf Charitable Trust's College of Pharmacy, Sakegaon",Jalgaon,Unaided,LVJS,State Level,Ladies,24430,
2022-23,D Pharmacy,CAP Round I,05209,"Kai Yashodabai Dagadu Saraf Charitable Trust's College of Pharmacy, Sakegaon",Jalgaon,Unaided,GNT1S,State Level,Any,34155,
2022-23,D Pharmacy,CAP Round I,05209,"Kai Yashodabai Dagadu Saraf Charitable Trust's College of Pharmacy, Sakegaon",Jalgaon,Unaided,GNT2S,State Level,Any,20917,
2022-23,D Pharmacy,CAP Round I,05209,"Kai Yashodabai Dagadu Saraf Charitable Trust's College of Pharmacy, Sakegaon",Jalgaon,Unaided,LNT2S,State Level,Ladies,18346,
2022-23,D Pharmacy,CAP Round I,05209,"Kai Yashodabai Dagadu Saraf Charitable Trust's College of Pharmacy, Sakegaon",Jalgaon,Unaided,GOBCS,State Level,Any,23038,
2022-23,D Pharmacy,CAP Round I,05209,"Kai Yashodabai Dagadu Saraf Charitable Trust's College of Pharmacy, Sakegaon",Jalgaon,Unaided,LOBCS,State Level,Ladies,20842,
2022-23,D Pharmacy,CAP Round I,05209,"Kai Yashodabai Dagadu Saraf Charitable Trust's College of Pharmacy, Sakegaon",Jalgaon,Unaided,EWS,Special,Any,26954,
2022-23,D Pharmacy,CAP Round I,05209,"Kai Yashodabai Dagadu Saraf Charitable Trust's College of Pharmacy, Sakegaon",Jalgaon,Unaided,TFWS,Special,Any,11413,
2022-23,D Pharmacy,CAP Round I,05264,"Adivasi Seva Samiti's Institute Of Industrial & Pharmaceutical Technology, Nashik",Nashik,Unaided,GOPENS,State Level,Any,36123,
2022-23,D Pharmacy,CAP Round I,05264,"Adivasi Seva Samiti's Institute Of Industrial & Pharmaceutical Technology, Nashik",Nashik,Unaided,LOPENS,State Level,Ladies,33376,
2022-23,D Pharmacy,CAP Round I,05264,"Adivasi Seva Samiti's Institute Of Industrial & Pharmaceutical Technology, Nashik",Nashik,Unaided,GSCS,State Level,Any,73826,
2022-23,D Pharmacy,CAP Round I,05264,"Adivasi Seva Samiti's Institute Of Industrial & Pharmaceutical Technology, Nashik",Nashik,Unaided,LSCS,State Level,Ladies,68926,
2022-23,D Pharmacy,CAP Round I,05264,"Adivasi Seva Samiti's Institute Of Industrial & Pharmaceutical Technology, Nashik",Nashik,Unaided,GSTS,State Level,Any,38252,
2022-23,D Pharmacy,CAP Round I,05264,"Adivasi Seva Samiti's Institute Of Industrial & Pharmaceutical Technology, Nashik",Nashik,Unaided,LSTS,State Level,Ladies,32108,
2022-23,D Pharmacy,CAP Round I,05264,"Adivasi Seva Samiti's Institute Of Industrial & Pharmaceutical Technology, Nashik",Nashik,Unaided,GVJS,State Level,Any,45864,
2022-23,D Pharmacy,CAP Round I,05264,"Adivasi Seva Samiti's Institute Of Industrial & Pharmaceutical Technology, Nashik",Nashik,Unaided,LVJS,State Level,Ladies,81656,
2022-23,D Pharmacy,CAP Round I,05264,"Adivasi Seva Samiti's Institute Of Industrial & Pharmaceutical Technology, Nashik",Nashik,Unaided,GNT1S,State Level,Any,43019,
2022-23,D Pharmacy,CAP Round I,05264,"Adivasi Seva Samiti's Institute Of Industrial & Pharmaceutical Technology, Nashik",Nashik,Unaided,GNT2S,State Level,Any,59069,
2022-23,D Pharmacy,CAP Round I,05264,"Adivasi Seva Samiti's Institute Of Industrial & Pharmaceutical Technology, Nashik",Nashik,Unaided,GNT3S,State Level,Any,52426,
2022-23,D Pharmacy,CAP Round I,05264,"Adivasi Seva Samiti's Institute Of Industrial & Pharmaceutical Technology, Nashik",Nashik,Unaided,GOBCS,State Level,Any,44815,
2022-23,D Pharmacy,CAP Round I,05264,"Adivasi Seva Samiti's Institute Of Industrial & Pharmaceutical Technology, Nashik",Nashik,Unaided,LOBCS,State Level,Ladies,46937,
2022-23,D Pharmacy,CAP Round I,05264,"Adivasi Seva Samiti's Institute Of Industrial & Pharmaceutical Technology, Nashik",Nashik,Unaided,EWS,Special,Any,60319,
2022-23,D Pharmacy,CAP Round I,05264,"Adivasi Seva Samiti's Institute Of Industrial & Pharmaceutical Technology, Nashik",Nashik,Unaided,TFWS,Special,Any,27722,
2022-23,D Pharmacy,CAP Round I,05265,"Dhule Charitable Society's Institute of Pharmacy, Dhule",Dhule,Unaided,GOPENS,State Level,Any,20910,
2022-23,D Pharmacy,CAP Round I,05265,"Dhule Charitable Society's Institute of Pharmacy, Dhule",Dhule,Unaided,LOPENS,State Level,Ladies,16678,
2022-23,D Pharmacy,CAP Round I,05265,"Dhule Charitable Society's Institute of Pharmacy, Dhule",Dhule,Unaided,GSCS,State Level,Any,43822,
2022-23,D Pharmacy,CAP Round I,05265,"Dhule Charitable Society's Institute of Pharmacy, Dhule",Dhule,Unaided,LSCS,State Level,Ladies,27368,
2022-23,D Pharmacy,CAP Round I,05265,"Dhule Charitable Society's Institute of Pharmacy, Dhule",Dhule,Unaided,GSTS,State Level,Any,23698,
2022-23,D Pharmacy,CAP Round I,05265,"Dhule Charitable Society's Institute of Pharmacy, Dhule",Dhule,Unaided,LSTS,State Level,Ladies,18245,
2022-23,D Pharmacy,CAP Round I,05265,"Dhule Charitable Society's Institute of Pharmacy, Dhule",Dhule,Unaided,GVJS,State Level,Any,32672,
2022-23,D Pharmacy,CAP Round I,05265,"Dhule Charitable Society's Institute of Pharmacy, Dhule",Dhule,Unaided,GNT1S,State Level,Any,23002,
2022-23,D Pharmacy,CAP Round I,05265,"Dhule Charitable Society's Institute of Pharmacy, Dhule",Dhule,Unaided,GNT2S,State Level,Any,24929,
2022-23,D Pharmacy,CAP Round I,05265,"Dhule Charitable Society's Institute of Pharmacy, Dhule",Dhule,Unaided,GNT3S,State Level,Any,24716,
2022-23,D Pharmacy,CAP Round I,05265,"Dhule Charitable Society's Institute of Pharmacy, Dhule",Dhule,Unaided,GOBCS,State Level,Any,23629,
2022-23,D Pharmacy,CAP Round I,05265,"Dhule Charitable Society's Institute of Pharmacy, Dhule",Dhule,Unaided,LOBCS,State Level,Ladies,19855,
2022-23,D Pharmacy,CAP Round I,05265,"Dhule Charitable Society's Institute of Pharmacy, Dhule",Dhule,Unaided,EWS,Special,Any,37518,
2022-23,D Pharmacy,CAP Round I,05265,"Dhule Charitable Society's Institute of Pharmacy, Dhule",Dhule,Unaided,TFWS,Special,Any,7224,
2022-23,D Pharmacy,CAP Round I,05266,"Tapi Valley Education Society's Institute of Pharmacy,Faizpur",Jalgaon,Unaided,GOPENS,State Level,Any,16671,
2022-23,D Pharmacy,CAP Round I,05266,"Tapi Valley Education Society's Institute of Pharmacy,Faizpur",Jalgaon,Unaided,LOPENS,State Level,Ladies,8939,
2022-23,D Pharmacy,CAP Round I,05266,"Tapi Valley Education Society's Institute of Pharmacy,Faizpur",Jalgaon,Unaided,GSCS,State Level,Any,48769,
2022-23,D Pharmacy,CAP Round I,05266,"Tapi Valley Education Society's Institute of Pharmacy,Faizpur",Jalgaon,Unaided,LSCS,State Level,Ladies,19806,
2022-23,D Pharmacy,CAP Round I,05266,"Tapi Valley Education Society's Institute of Pharmacy,Faizpur",Jalgaon,Unaided,GSTS,State Level,Any,27698,
2022-23,D Pharmacy,CAP Round I,05266,"Tapi Valley Education Society's Institute of Pharmacy,Faizpur",Jalgaon,Unaided,LSTS,State Level,Ladies,12097,
2022-23,D Pharmacy,CAP Round I,05266,"Tapi Valley Education Society's Institute of Pharmacy,Faizpur",Jalgaon,Unaided,GVJS,State Level,Any,20710,
2022-23,D Pharmacy,CAP Round I,05266,"Tapi Valley Education Society's Institute of Pharmacy,Faizpur",Jalgaon,Unaided,GNT1S,State Level,Any,36566,
2022-23,D Pharmacy,CAP Round I,05266,"Tapi Valley Education Society's Institute of Pharmacy,Faizpur",Jalgaon,Unaided,GNT2S,State Level,Any,19945,
2022-23,D Pharmacy,CAP Round I,05266,"Tapi Valley Education Society's Institute of Pharmacy,Faizpur",Jalgaon,Unaided,LNT2S,State Level,Ladies,11937,
2022-23,D Pharmacy,CAP Round I,05266,"Tapi Valley Education Society's Institute of Pharmacy,Faizpur",Jalgaon,Unaided,GNT3S,State Level,Any,26991,
2022-23,D Pharmacy,CAP Round I,05266,"Tapi Valley Education Society's Institute of Pharmacy,Faizpur",Jalgaon,Unaided,GOBCS,State Level,Any,22934,
2022-23,D Pharmacy,CAP Round I,05266,"Tapi Valley Education Society's Institute of Pharmacy,Faizpur",Jalgaon,Unaided,LOBCS,State Level,Ladies,11820,
2022-23,D Pharmacy,CAP Round I,05266,"Tapi Valley Education Society's Institute of Pharmacy,Faizpur",Jalgaon,Unaided,EWS,Special,Any,19958,
2022-23,D Pharmacy,CAP Round I,05266,"Tapi Valley Education Society's Institute of Pharmacy,Faizpur",Jalgaon,Unaided,TFWS,Special,Any,4816,
2022-23,D Pharmacy,CAP Round I,05267,"Kisan Vidya Prasarak Sanstha's Maharani Ahilyabai Holkar College of Pharmacy, Shingave Shivar, Shirpur",Dhule,Unaided,GOPENS,State Level,Any,8859,
2022-23,D Pharmacy,CAP Round I,05267,"Kisan Vidya Prasarak Sanstha's Maharani Ahilyabai Holkar College of Pharmacy, Shingave Shivar, Shirpur",Dhule,Unaided,LOPENS,State Level,Ladies,3530,
2022-23,D Pharmacy,CAP Round I,05267,"Kisan Vidya Prasarak Sanstha's Maharani Ahilyabai Holkar College of Pharmacy, Shingave Shivar, Shirpur",Dhule,Unaided,GSCS,State Level,Any,21550,
2022-23,D Pharmacy,CAP Round I,05267,"Kisan Vidya Prasarak Sanstha's Maharani Ahilyabai Holkar College of Pharmacy, Shingave Shivar, Shirpur",Dhule,Unaided,LSCS,State Level,Ladies,7796,
2022-23,D Pharmacy,CAP Round I,05267,"Kisan Vidya Prasarak Sanstha's Maharani Ahilyabai Holkar College of Pharmacy, Shingave Shivar, Shirpur",Dhule,Unaided,GSTS,State Level,Any,11433,
2022-23,D Pharmacy,CAP Round I,05267,"Kisan Vidya Prasarak Sanstha's Maharani Ahilyabai Holkar College of Pharmacy, Shingave Shivar, Shirpur",Dhule,Unaided,LSTS,State Level,Ladies,3608,
2022-23,D Pharmacy,CAP Round I,05267,"Kisan Vidya Prasarak Sanstha's Maharani Ahilyabai Holkar College of Pharmacy, Shingave Shivar, Shirpur",Dhule,Unaided,GVJS,State Level,Any,10132,
2022-23,D Pharmacy,CAP Round I,05267,"Kisan Vidya Prasarak Sanstha's Maharani Ahilyabai Holkar College of Pharmacy, Shingave Shivar, Shirpur",Dhule,Unaided,GNT1S,State Level,Any,10754,
2022-23,D Pharmacy,CAP Round I,05267,"Kisan Vidya Prasarak Sanstha's Maharani Ahilyabai Holkar College of Pharmacy, Shingave Shivar, Shirpur",Dhule,Unaided,LNT1S,State Level,Ladies,3932,
2022-23,D Pharmacy,CAP Round I,05267,"Kisan Vidya Prasarak Sanstha's Maharani Ahilyabai Holkar College of Pharmacy, Shingave Shivar, Shirpur",Dhule,Unaided,GNT2S,State Level,Any,24706,
2022-23,D Pharmacy,CAP Round I,05267,"Kisan Vidya Prasarak Sanstha's Maharani Ahilyabai Holkar College of Pharmacy, Shingave Shivar, Shirpur",Dhule,Unaided,LNT2S,State Level,Ladies,39119,
2022-23,D Pharmacy,CAP Round I,05267,"Kisan Vidya Prasarak Sanstha's Maharani Ahilyabai Holkar College of Pharmacy, Shingave Shivar, Shirpur",Dhule,Unaided,GOBCS,State Level,Any,11355,
2022-23,D Pharmacy,CAP Round I,05267,"Kisan Vidya Prasarak Sanstha's Maharani Ahilyabai Holkar College of Pharmacy, Shingave Shivar, Shirpur",Dhule,Unaided,LOBCS,State Level,Ladies,6936,
2022-23,D Pharmacy,CAP Round I,05267,"Kisan Vidya Prasarak Sanstha's Maharani Ahilyabai Holkar College of Pharmacy, Shingave Shivar, Shirpur",Dhule,Unaided,EWS,Special,Any,12037,
2022-23,D Pharmacy,CAP Round I,05267,"Kisan Vidya Prasarak Sanstha's Maharani Ahilyabai Holkar College of Pharmacy, Shingave Shivar, Shirpur",Dhule,Unaided,TFWS,Special,Any,5057,
2022-23,D Pharmacy,CAP Round I,05267,"Kisan Vidya Prasarak Sanstha's Maharani Ahilyabai Holkar College of Pharmacy, Shingave Shivar, Shirpur",Dhule,Unaided,LNT3S,State Level,Ladies,28169,
2022-23,D Pharmacy,CAP Round I,05268,"Shree Neminath Jain Brahmacharyashram Jain Gurukul's Shri.Deepchand Fakirchand Lodha Pharmacy Institute, Chandwad",Chhatrapati Sambhajinagar,Religious Minority - Jain,GOPENS,State Level,Any,33663,
2022-23,D Pharmacy,CAP Round I,05268,"Shree Neminath Jain Brahmacharyashram Jain Gurukul's Shri.Deepchand Fakirchand Lodha Pharmacy Institute, Chandwad",Chhatrapati Sambhajinagar,Religious Minority - Jain,LOPENS,State Level,Ladies,21993,
2022-23,D Pharmacy,CAP Round I,05268,"Shree Neminath Jain Brahmacharyashram Jain Gurukul's Shri.Deepchand Fakirchand Lodha Pharmacy Institute, Chandwad",Chhatrapati Sambhajinagar,Religious Minority - Jain,MI,Special,Any,79773,
2022-23,D Pharmacy,CAP Round I,05268,"Shree Neminath Jain Brahmacharyashram Jain Gurukul's Shri.Deepchand Fakirchand Lodha Pharmacy Institute, Chandwad",Chhatrapati Sambhajinagar,Religious Minority - Jain,TFWS,Special,Any,4497,
2022-23,D Pharmacy,CAP Round I,05270,"Shri.Tilok Jain Dnyan Prasarak Mandal's Anand Colleges of Pharmacy, Pathardi, Ahmednagar",Ahmednagar,Religious Minority - Jain,GOPENS,State Level,Any,13639,
2022-23,D Pharmacy,CAP Round I,05270,"Shri.Tilok Jain Dnyan Prasarak Mandal's Anand Colleges of Pharmacy, Pathardi, Ahmednagar",Ahmednagar,Religious Minority - Jain,LOPENS,State Level,Ladies,6586,
2022-23,D Pharmacy,CAP Round I,05270,"Shri.Tilok Jain Dnyan Prasarak Mandal's Anand Colleges of Pharmacy, Pathardi, Ahmednagar",Ahmednagar,Religious Minority - Jain,MI,Special,Any,78695,
2022-23,D Pharmacy,CAP Round I,05270,"Shri.Tilok Jain Dnyan Prasarak Mandal's Anand Colleges of Pharmacy, Pathardi, Ahmednagar",Ahmednagar,Religious Minority - Jain,TFWS,Special,Any,14723,
2022-23,D Pharmacy,CAP Round I,05272,"Nandurbar Taluka Vidhayak Sanstha's Institute of Pharmacy,Nandurbar",Nandurbar,Linguistic Minority - Hindi,GOPENS,State Level,Any,17071,
2022-23,D Pharmacy,CAP Round I,05272,"Nandurbar Taluka Vidhayak Sanstha's Institute of Pharmacy,Nandurbar",Nandurbar,Linguistic Minority - Hindi,LOPENS,State Level,Ladies,14286,
2022-23,D Pharmacy,CAP Round I,05272,"Nandurbar Taluka Vidhayak Sanstha's Institute of Pharmacy,Nandurbar",Nandurbar,Linguistic Minority - Hindi,MI,Special,Any,28410,
2022-23,D Pharmacy,CAP Round I,05272,"Nandurbar Taluka Vidhayak Sanstha's Institute of Pharmacy,Nandurbar",Nandurbar,Linguistic Minority - Hindi,TFWS,Special,Any,20715,
2022-23,D Pharmacy,CAP Round I,05273,"Late Shree Yashwantrao Chavan MMRDF Yashwantrao Chavan College of Pharmacy, Ahmednagar",Ahmednagar,Unaided,GOPENS,State Level,Any,25547,
2022-23,D Pharmacy,CAP Round I,05273,"Late Shree Yashwantrao Chavan MMRDF Yashwantrao Chavan College of Pharmacy, Ahmednagar",Ahmednagar,Unaided,LOPENS,State Level,Ladies,19008,
2022-23,D Pharmacy,CAP Round I,05273,"Late Shree Yashwantrao Chavan MMRDF Yashwantrao Chavan College of Pharmacy, Ahmednagar",Ahmednagar,Unaided,GSCS,State Level,Any,43911,
2022-23,D Pharmacy,CAP Round I,05273,"Late Shree Yashwantrao Chavan MMRDF Yashwantrao Chavan College of Pharmacy, Ahmednagar",Ahmednagar,Unaided,LSCS,State Level,Ladies,37619,
2022-23,D Pharmacy,CAP Round I,05273,"Late Shree Yashwantrao Chavan MMRDF Yashwantrao Chavan College of Pharmacy, Ahmednagar",Ahmednagar,Unaided,GSTS,State Level,Any,36301,
2022-23,D Pharmacy,CAP Round I,05273,"Late Shree Yashwantrao Chavan MMRDF Yashwantrao Chavan College of Pharmacy, Ahmednagar",Ahmednagar,Unaided,LSTS,State Level,Ladies,32792,
2022-23,D Pharmacy,CAP Round I,05273,"Late Shree Yashwantrao Chavan MMRDF Yashwantrao Chavan College of Pharmacy, Ahmednagar",Ahmednagar,Unaided,GVJS,State Level,Any,32556,
2022-23,D Pharmacy,CAP Round I,05273,"Late Shree Yashwantrao Chavan MMRDF Yashwantrao Chavan College of Pharmacy, Ahmednagar",Ahmednagar,Unaided,LVJS,State Level,Ladies,59056,
2022-23,D Pharmacy,CAP Round I,05273,"Late Shree Yashwantrao Chavan MMRDF Yashwantrao Chavan College of Pharmacy, Ahmednagar",Ahmednagar,Unaided,GNT1S,State Level,Any,28849,
2022-23,D Pharmacy,CAP Round I,05273,"Late Shree Yashwantrao Chavan MMRDF Yashwantrao Chavan College of Pharmacy, Ahmednagar",Ahmednagar,Unaided,GNT2S,State Level,Any,30569,
2022-23,D Pharmacy,CAP Round I,05273,"Late Shree Yashwantrao Chavan MMRDF Yashwantrao Chavan College of Pharmacy, Ahmednagar",Ahmednagar,Unaided,GNT3S,State Level,Any,28173,
2022-23,D Pharmacy,CAP Round I,05273,"Late Shree Yashwantrao Chavan MMRDF Yashwantrao Chavan College of Pharmacy, Ahmednagar",Ahmednagar,Unaided,GOBCS,State Level,Any,35394,
2022-23,D Pharmacy,CAP Round I,05273,"Late Shree Yashwantrao Chavan MMRDF Yashwantrao Chavan College of Pharmacy, Ahmednagar",Ahmednagar,Unaided,LOBCS,State Level,Ladies,31116,
2022-23,D Pharmacy,CAP Round I,05273,"Late Shree Yashwantrao Chavan MMRDF Yashwantrao Chavan College of Pharmacy, Ahmednagar",Ahmednagar,Unaided,DEFOPENS,State Level,Any,60896,
2022-23,D Pharmacy,CAP Round I,05273,"Late Shree Yashwantrao Chavan MMRDF Yashwantrao Chavan College of Pharmacy, Ahmednagar",Ahmednagar,Unaided,EWS,Special,Any,31954,
2022-23,D Pharmacy,CAP Round I,05273,"Late Shree Yashwantrao Chavan MMRDF Yashwantrao Chavan College of Pharmacy, Ahmednagar",Ahmednagar,Unaided,TFWS,Special,Any,15397,
2022-23,D Pharmacy,CAP Round I,05274,"Nashik District Maratha Vidya Prasarak Samaj's Institute Of Pharmaceutical Sciences, Adgaon, Nashik",Nashik,Unaided,GOPENS,State Level,Any,30950,
2022-23,D Pharmacy,CAP Round I,05274,"Nashik District Maratha Vidya Prasarak Samaj's Institute Of Pharmaceutical Sciences, Adgaon, Nashik",Nashik,Unaided,LOPENS,State Level,Ladies,18383,
2022-23,D Pharmacy,CAP Round I,05274,"Nashik District Maratha Vidya Prasarak Samaj's Institute Of Pharmaceutical Sciences, Adgaon, Nashik",Nashik,Unaided,GSCS,State Level,Any,45555,
2022-23,D Pharmacy,CAP Round I,05274,"Nashik District Maratha Vidya Prasarak Samaj's Institute Of Pharmaceutical Sciences, Adgaon, Nashik",Nashik,Unaided,LSCS,State Level,Ladies,54042,
2022-23,D Pharmacy,CAP Round I,05274,"Nashik District Maratha Vidya Prasarak Samaj's Institute Of Pharmaceutical Sciences, Adgaon, Nashik",Nashik,Unaided,GSTS,State Level,Any,36142,
2022-23,D Pharmacy,CAP Round I,05274,"Nashik District Maratha Vidya Prasarak Samaj's Institute Of Pharmaceutical Sciences, Adgaon, Nashik",Nashik,Unaided,LSTS,State Level,Ladies,25390,
2022-23,D Pharmacy,CAP Round I,05274,"Nashik District Maratha Vidya Prasarak Samaj's Institute Of Pharmaceutical Sciences, Adgaon, Nashik",Nashik,Unaided,GVJS,State Level,Any,34160,
2022-23,D Pharmacy,CAP Round I,05274,"Nashik District Maratha Vidya Prasarak Samaj's Institute Of Pharmaceutical Sciences, Adgaon, Nashik",Nashik,Unaided,LNT1S,State Level,Ladies,23286,
2022-23,D Pharmacy,CAP Round I,05274,"Nashik District Maratha Vidya Prasarak Samaj's Institute Of Pharmaceutical Sciences, Adgaon, Nashik",Nashik,Unaided,GNT2S,State Level,Any,40488,
2022-23,D Pharmacy,CAP Round I,05274,"Nashik District Maratha Vidya Prasarak Samaj's Institute Of Pharmaceutical Sciences, Adgaon, Nashik",Nashik,Unaided,GNT3S,State Level,Any,35261,
2022-23,D Pharmacy,CAP Round I,05274,"Nashik District Maratha Vidya Prasarak Samaj's Institute Of Pharmaceutical Sciences, Adgaon, Nashik",Nashik,Unaided,GOBCS,State Level,Any,35114,
2022-23,D Pharmacy,CAP Round I,05274,"Nashik District Maratha Vidya Prasarak Samaj's Institute Of Pharmaceutical Sciences, Adgaon, Nashik",Nashik,Unaided,LOBCS,State Level,Ladies,27997,
2022-23,D Pharmacy,CAP Round I,05274,"Nashik District Maratha Vidya Prasarak Samaj's Institute Of Pharmaceutical Sciences, Adgaon, Nashik",Nashik,Unaided,EWS,Special,Any,44703,
2022-23,D Pharmacy,CAP Round I,05274,"Nashik District Maratha Vidya Prasarak Samaj's Institute Of Pharmaceutical Sciences, Adgaon, Nashik",Nashik,Unaided,TFWS,Special,Any,17817,
2022-23,D Pharmacy,CAP Round I,05275,"Kisan Dnanodaya Mandal's Institute Of Pharmacy, Chalisgaon, Jalgaon",Jalgaon,Unaided,GOPENS,State Level,Any,33674,
2022-23,D Pharmacy,CAP Round I,05275,"Kisan Dnanodaya Mandal's Institute Of Pharmacy, Chalisgaon, Jalgaon",Jalgaon,Unaided,LOPENS,State Level,Ladies,33298,
2022-23,D Pharmacy,CAP Round I,05275,"Kisan Dnanodaya Mandal's Institute Of Pharmacy, Chalisgaon, Jalgaon",Jalgaon,Unaided,GSCS,State Level,Any,73572,
2022-23,D Pharmacy,CAP Round I,05275,"Kisan Dnanodaya Mandal's Institute Of Pharmacy, Chalisgaon, Jalgaon",Jalgaon,Unaided,LSCS,State Level,Ladies,81736,
2022-23,D Pharmacy,CAP Round I,05275,"Kisan Dnanodaya Mandal's Institute Of Pharmacy, Chalisgaon, Jalgaon",Jalgaon,Unaided,GSTS,State Level,Any,34293,
2022-23,D Pharmacy,CAP Round I,05275,"Kisan Dnanodaya Mandal's Institute Of Pharmacy, Chalisgaon, Jalgaon",Jalgaon,Unaided,LSTS,State Level,Ladies,43031,
2022-23,D Pharmacy,CAP Round I,05275,"Kisan Dnanodaya Mandal's Institute Of Pharmacy, Chalisgaon, Jalgaon",Jalgaon,Unaided,GVJS,State Level,Any,37238,
2022-23,D Pharmacy,CAP Round I,05275,"Kisan Dnanodaya Mandal's Institute Of Pharmacy, Chalisgaon, Jalgaon",Jalgaon,Unaided,LVJS,State Level,Ladies,37510,
2022-23,D Pharmacy,CAP Round I,05275,"Kisan Dnanodaya Mandal's Institute Of Pharmacy, Chalisgaon, Jalgaon",Jalgaon,Unaided,GNT1S,State Level,Any,35052,
2022-23,D Pharmacy,CAP Round I,05275,"Kisan Dnanodaya Mandal's Institute Of Pharmacy, Chalisgaon, Jalgaon",Jalgaon,Unaided,GNT2S,State Level,Any,45050,
2022-23,D Pharmacy,CAP Round I,05275,"Kisan Dnanodaya Mandal's Institute Of Pharmacy, Chalisgaon, Jalgaon",Jalgaon,Unaided,LNT2S,State Level,Ladies,60271,
2022-23,D Pharmacy,CAP Round I,05275,"Kisan Dnanodaya Mandal's Institute Of Pharmacy, Chalisgaon, Jalgaon",Jalgaon,Unaided,GNT3S,State Level,Any,57448,
2022-23,D Pharmacy,CAP Round I,05275,"Kisan Dnanodaya Mandal's Institute Of Pharmacy, Chalisgaon, Jalgaon",Jalgaon,Unaided,GOBCS,State Level,Any,36408,
2022-23,D Pharmacy,CAP Round I,05275,"Kisan Dnanodaya Mandal's Institute Of Pharmacy, Chalisgaon, Jalgaon",Jalgaon,Unaided,LOBCS,State Level,Ladies,35979,
2022-23,D Pharmacy,CAP Round I,05275,"Kisan Dnanodaya Mandal's Institute Of Pharmacy, Chalisgaon, Jalgaon",Jalgaon,Unaided,EWS,Special,Any,48361,
2022-23,D Pharmacy,CAP Round I,05275,"Kisan Dnanodaya Mandal's Institute Of Pharmacy, Chalisgaon, Jalgaon",Jalgaon,Unaided,TFWS,Special,Any,30476,
2022-23,D Pharmacy,CAP Round I,05276,"Khandesh Education Society's Late Shri. Pandharinath Chhagansheth Bhandarkar College of D. Pharmacy, Amalner",Jalgaon,Unaided,GOPENS,State Level,Any,18087,
2022-23,D Pharmacy,CAP Round I,05276,"Khandesh Education Society's Late Shri. Pandharinath Chhagansheth Bhandarkar College of D. Pharmacy, Amalner",Jalgaon,Unaided,LOPENS,State Level,Ladies,12681,
2022-23,D Pharmacy,CAP Round I,05276,"Khandesh Education Society's Late Shri. Pandharinath Chhagansheth Bhandarkar College of D. Pharmacy, Amalner",Jalgaon,Unaided,GSCS,State Level,Any,58081,
2022-23,D Pharmacy,CAP Round I,05276,"Khandesh Education Society's Late Shri. Pandharinath Chhagansheth Bhandarkar College of D. Pharmacy, Amalner",Jalgaon,Unaided,LSCS,State Level,Ladies,26223,
2022-23,D Pharmacy,CAP Round I,05276,"Khandesh Education Society's Late Shri. Pandharinath Chhagansheth Bhandarkar College of D. Pharmacy, Amalner",Jalgaon,Unaided,GSTS,State Level,Any,25083,
2022-23,D Pharmacy,CAP Round I,05276,"Khandesh Education Society's Late Shri. Pandharinath Chhagansheth Bhandarkar College of D. Pharmacy, Amalner",Jalgaon,Unaided,LSTS,State Level,Ladies,18300,
2022-23,D Pharmacy,CAP Round I,05276,"Khandesh Education Society's Late Shri. Pandharinath Chhagansheth Bhandarkar College of D. Pharmacy, Amalner",Jalgaon,Unaided,GVJS,State Level,Any,24343,
2022-23,D Pharmacy,CAP Round I,05276,"Khandesh Education Society's Late Shri. Pandharinath Chhagansheth Bhandarkar College of D. Pharmacy, Amalner",Jalgaon,Unaided,GNT1S,State Level,Any,24384,
2022-23,D Pharmacy,CAP Round I,05276,"Khandesh Education Society's Late Shri. Pandharinath Chhagansheth Bhandarkar College of D. Pharmacy, Amalner",Jalgaon,Unaided,LNT1S,State Level,Ladies,14180,
2022-23,D Pharmacy,CAP Round I,05276,"Khandesh Education Society's Late Shri. Pandharinath Chhagansheth Bhandarkar College of D. Pharmacy, Amalner",Jalgaon,Unaided,GNT2S,State Level,Any,35827,
2022-23,D Pharmacy,CAP Round I,05276,"Khandesh Education Society's Late Shri. Pandharinath Chhagansheth Bhandarkar College of D. Pharmacy, Amalner",Jalgaon,Unaided,GNT3S,State Level,Any,29937,
2022-23,D Pharmacy,CAP Round I,05276,"Khandesh Education Society's Late Shri. Pandharinath Chhagansheth Bhandarkar College of D. Pharmacy, Amalner",Jalgaon,Unaided,GOBCS,State Level,Any,21733,
2022-23,D Pharmacy,CAP Round I,05276,"Khandesh Education Society's Late Shri. Pandharinath Chhagansheth Bhandarkar College of D. Pharmacy, Amalner",Jalgaon,Unaided,LOBCS,State Level,Ladies,14461,
2022-23,D Pharmacy,CAP Round I,05276,"Khandesh Education Society's Late Shri. Pandharinath Chhagansheth Bhandarkar College of D. Pharmacy, Amalner",Jalgaon,Unaided,EWS,Special,Any,38438,
2022-23,D Pharmacy,CAP Round I,05276,"Khandesh Education Society's Late Shri. Pandharinath Chhagansheth Bhandarkar College of D. Pharmacy, Amalner",Jalgaon,Unaided,TFWS,Special,Any,13572,
2022-23,D Pharmacy,CAP Round I,05277,"Mula Education Soceity,Mula Rural Institute of Pharmacy,Sonai, Tal. Newasa Dist. Ahmednagar",Ahmednagar,Unaided,GOPENS,State Level,Any,28786,
2022-23,D Pharmacy,CAP Round I,05277,"Mula Education Soceity,Mula Rural Institute of Pharmacy,Sonai, Tal. Newasa Dist. Ahmednagar",Ahmednagar,Unaided,LOPENS,State Level,Ladies,24579,
2022-23,D Pharmacy,CAP Round I,05277,"Mula Education Soceity,Mula Rural Institute of Pharmacy,Sonai, Tal. Newasa Dist. Ahmednagar",Ahmednagar,Unaided,GSCS,State Level,Any,45163,
2022-23,D Pharmacy,CAP Round I,05277,"Mula Education Soceity,Mula Rural Institute of Pharmacy,Sonai, Tal. Newasa Dist. Ahmednagar",Ahmednagar,Unaided,LSCS,State Level,Ladies,40532,
2022-23,D Pharmacy,CAP Round I,05277,"Mula Education Soceity,Mula Rural Institute of Pharmacy,Sonai, Tal. Newasa Dist. Ahmednagar",Ahmednagar,Unaided,GSTS,State Level,Any,76409,
2022-23,D Pharmacy,CAP Round I,05277,"Mula Education Soceity,Mula Rural Institute of Pharmacy,Sonai, Tal. Newasa Dist. Ahmednagar",Ahmednagar,Unaided,LSTS,State Level,Ladies,65841,
2022-23,D Pharmacy,CAP Round I,05277,"Mula Education Soceity,Mula Rural Institute of Pharmacy,Sonai, Tal. Newasa Dist. Ahmednagar",Ahmednagar,Unaided,GVJS,State Level,Any,28957,
2022-23,D Pharmacy,CAP Round I,05277,"Mula Education Soceity,Mula Rural Institute of Pharmacy,Sonai, Tal. Newasa Dist. Ahmednagar",Ahmednagar,Unaided,GNT1S,State Level,Any,31162,
2022-23,D Pharmacy,CAP Round I,05277,"Mula Education Soceity,Mula Rural Institute of Pharmacy,Sonai, Tal. Newasa Dist. Ahmednagar",Ahmednagar,Unaided,GNT2S,State Level,Any,33334,
2022-23,D Pharmacy,CAP Round I,05277,"Mula Education Soceity,Mula Rural Institute of Pharmacy,Sonai, Tal. Newasa Dist. Ahmednagar",Ahmednagar,Unaided,LNT2S,State Level,Ladies,32884,
2022-23,D Pharmacy,CAP Round I,05277,"Mula Education Soceity,Mula Rural Institute of Pharmacy,Sonai, Tal. Newasa Dist. Ahmednagar",Ahmednagar,Unaided,GNT3S,State Level,Any,28803,
2022-23,D Pharmacy,CAP Round I,05277,"Mula Education Soceity,Mula Rural Institute of Pharmacy,Sonai, Tal. Newasa Dist. Ahmednagar",Ahmednagar,Unaided,GOBCS,State Level,Any,35416,
2022-23,D Pharmacy,CAP Round I,05277,"Mula Education Soceity,Mula Rural Institute of Pharmacy,Sonai, Tal. Newasa Dist. Ahmednagar",Ahmednagar,Unaided,LOBCS,State Level,Ladies,28416,
2022-23,D Pharmacy,CAP Round I,05277,"Mula Education Soceity,Mula Rural Institute of Pharmacy,Sonai, Tal. Newasa Dist. Ahmednagar",Ahmednagar,Unaided,DEFOPENS,State Level,Any,68977,
2022-23,D Pharmacy,CAP Round I,05277,"Mula Education Soceity,Mula Rural Institute of Pharmacy,Sonai, Tal. Newasa Dist. Ahmednagar",Ahmednagar,Unaided,EWS,Special,Any,35900,
2022-23,D Pharmacy,CAP Round I,05277,"Mula Education Soceity,Mula Rural Institute of Pharmacy,Sonai, Tal. Newasa Dist. Ahmednagar",Ahmednagar,Unaided,TFWS,Special,Any,16285,
2022-23,D Pharmacy,CAP Round I,05278,"The Shirpur Education Society's R.C.Patel Institute Of Pharmacy, Shirpur",Dhule,Linguistic Minority - Gujarathi,GOPENS,State Level,Any,4726,
2022-23,D Pharmacy,CAP Round I,05278,"The Shirpur Education Society's R.C.Patel Institute Of Pharmacy, Shirpur",Dhule,Linguistic Minority - Gujarathi,LOPENS,State Level,Ladies,1568,
2022-23,D Pharmacy,CAP Round I,05278,"The Shirpur Education Society's R.C.Patel Institute Of Pharmacy, Shirpur",Dhule,Linguistic Minority - Gujarathi,TFWS,Special,Any,715,
2022-23,D Pharmacy,CAP Round I,05279,"Jagdamba Education Society's S.N.D. Diploma College of Pharmacy,Yeola",Nashik,Unaided,GOPENS,State Level,Any,28685,
2022-23,D Pharmacy,CAP Round I,05279,"Jagdamba Education Society's S.N.D. Diploma College of Pharmacy,Yeola",Nashik,Unaided,LOPENS,State Level,Ladies,29546,
2022-23,D Pharmacy,CAP Round I,05279,"Jagdamba Education Society's S.N.D. Diploma College of Pharmacy,Yeola",Nashik,Unaided,GSCS,State Level,Any,44989,
2022-23,D Pharmacy,CAP Round I,05279,"Jagdamba Education Society's S.N.D. Diploma College of Pharmacy,Yeola",Nashik,Unaided,LSCS,State Level,Ladies,44227,
2022-23,D Pharmacy,CAP Round I,05279,"Jagdamba Education Society's S.N.D. Diploma College of Pharmacy,Yeola",Nashik,Unaided,GSTS,State Level,Any,29074,
2022-23,D Pharmacy,CAP Round I,05279,"Jagdamba Education Society's S.N.D. Diploma College of Pharmacy,Yeola",Nashik,Unaided,LSTS,State Level,Ladies,35546,
2022-23,D Pharmacy,CAP Round I,05279,"Jagdamba Education Society's S.N.D. Diploma College of Pharmacy,Yeola",Nashik,Unaided,GVJS,State Level,Any,32078,
2022-23,D Pharmacy,CAP Round I,05279,"Jagdamba Education Society's S.N.D. Diploma College of Pharmacy,Yeola",Nashik,Unaided,LVJS,State Level,Ladies,54881,
2022-23,D Pharmacy,CAP Round I,05279,"Jagdamba Education Society's S.N.D. Diploma College of Pharmacy,Yeola",Nashik,Unaided,GNT1S,State Level,Any,34433,
2022-23,D Pharmacy,CAP Round I,05279,"Jagdamba Education Society's S.N.D. Diploma College of Pharmacy,Yeola",Nashik,Unaided,GNT2S,State Level,Any,29129,
2022-23,D Pharmacy,CAP Round I,05279,"Jagdamba Education Society's S.N.D. Diploma College of Pharmacy,Yeola",Nashik,Unaided,LNT2S,State Level,Ladies,33197,
2022-23,D Pharmacy,CAP Round I,05279,"Jagdamba Education Society's S.N.D. Diploma College of Pharmacy,Yeola",Nashik,Unaided,LNT3S,State Level,Ladies,40164,
2022-23,D Pharmacy,CAP Round I,05279,"Jagdamba Education Society's S.N.D. Diploma College of Pharmacy,Yeola",Nashik,Unaided,GOBCS,State Level,Any,38588,
2022-23,D Pharmacy,CAP Round I,05279,"Jagdamba Education Society's S.N.D. Diploma College of Pharmacy,Yeola",Nashik,Unaided,LOBCS,State Level,Ladies,36888,
2022-23,D Pharmacy,CAP Round I,05279,"Jagdamba Education Society's S.N.D. Diploma College of Pharmacy,Yeola",Nashik,Unaided,DEFOPENS,State Level,Any,67938,
2022-23,D Pharmacy,CAP Round I,05279,"Jagdamba Education Society's S.N.D. Diploma College of Pharmacy,Yeola",Nashik,Unaided,EWS,Special,Any,29127,
2022-23,D Pharmacy,CAP Round I,05279,"Jagdamba Education Society's S.N.D. Diploma College of Pharmacy,Yeola",Nashik,Unaided,TFWS,Special,Any,10969,
2022-23,D Pharmacy,CAP Round I,05280,"Sanjivani Rural Education Society's Sanjivani Institute Of Pharmacy And Research, Kopargaon",Ahmednagar,Unaided,GOPENS,State Level,Any,25339,
2022-23,D Pharmacy,CAP Round I,05280,"Sanjivani Rural Education Society's Sanjivani Institute Of Pharmacy And Research, Kopargaon",Ahmednagar,Unaided,LOPENS,State Level,Ladies,18417,
2022-23,D Pharmacy,CAP Round I,05280,"Sanjivani Rural Education Society's Sanjivani Institute Of Pharmacy And Research, Kopargaon",Ahmednagar,Unaided,GSCS,State Level,Any,39784,
2022-23,D Pharmacy,CAP Round I,05280,"Sanjivani Rural Education Society's Sanjivani Institute Of Pharmacy And Research, Kopargaon",Ahmednagar,Unaided,LSCS,State Level,Ladies,35421,
2022-23,D Pharmacy,CAP Round I,05280,"Sanjivani Rural Education Society's Sanjivani Institute Of Pharmacy And Research, Kopargaon",Ahmednagar,Unaided,GSTS,State Level,Any,49950,
2022-23,D Pharmacy,CAP Round I,05280,"Sanjivani Rural Education Society's Sanjivani Institute Of Pharmacy And Research, Kopargaon",Ahmednagar,Unaided,LSTS,State Level,Ladies,29530,
2022-23,D Pharmacy,CAP Round I,05280,"Sanjivani Rural Education Society's Sanjivani Institute Of Pharmacy And Research, Kopargaon",Ahmednagar,Unaided,GVJS,State Level,Any,30482,
2022-23,D Pharmacy,CAP Round I,05280,"Sanjivani Rural Education Society's Sanjivani Institute Of Pharmacy And Research, Kopargaon",Ahmednagar,Unaided,LVJS,State Level,Ladies,46635,
2022-23,D Pharmacy,CAP Round I,05280,"Sanjivani Rural Education Society's Sanjivani Institute Of Pharmacy And Research, Kopargaon",Ahmednagar,Unaided,GNT1S,State Level,Any,29319,
2022-23,D Pharmacy,CAP Round I,05280,"Sanjivani Rural Education Society's Sanjivani Institute Of Pharmacy And Research, Kopargaon",Ahmednagar,Unaided,GNT2S,State Level,Any,26509,
2022-23,D Pharmacy,CAP Round I,05280,"Sanjivani Rural Education Society's Sanjivani Institute Of Pharmacy And Research, Kopargaon",Ahmednagar,Unaided,GNT3S,State Level,Any,27553,
2022-23,D Pharmacy,CAP Round I,05280,"Sanjivani Rural Education Society's Sanjivani Institute Of Pharmacy And Research, Kopargaon",Ahmednagar,Unaided,GOBCS,State Level,Any,36169,
2022-23,D Pharmacy,CAP Round I,05280,"Sanjivani Rural Education Society's Sanjivani Institute Of Pharmacy And Research, Kopargaon",Ahmednagar,Unaided,LOBCS,State Level,Ladies,34100,
2022-23,D Pharmacy,CAP Round I,05280,"Sanjivani Rural Education Society's Sanjivani Institute Of Pharmacy And Research, Kopargaon",Ahmednagar,Unaided,PWDOPENS,State Level,Any,76612,
2022-23,D Pharmacy,CAP Round I,05280,"Sanjivani Rural Education Society's Sanjivani Institute Of Pharmacy And Research, Kopargaon",Ahmednagar,Unaided,DEFOPENS,State Level,Any,51883,
2022-23,D Pharmacy,CAP Round I,05280,"Sanjivani Rural Education Society's Sanjivani Institute Of Pharmacy And Research, Kopargaon",Ahmednagar,Unaided,EWS,Special,Any,28356,
2022-23,D Pharmacy,CAP Round I,05280,"Sanjivani Rural Education Society's Sanjivani Institute Of Pharmacy And Research, Kopargaon",Ahmednagar,Unaided,TFWS,Special,Any,8789,
2022-23,D Pharmacy,CAP Round I,05281,"Mahavir Institute Of Pharmacy, Nashik",Nashik,Unaided,GOPENS,State Level,Any,31866,
2022-23,D Pharmacy,CAP Round I,05281,"Mahavir Institute Of Pharmacy, Nashik",Nashik,Unaided,LOPENS,State Level,Ladies,31219,
2022-23,D Pharmacy,CAP Round I,05281,"Mahavir Institute Of Pharmacy, Nashik",Nashik,Unaided,GSCS,State Level,Any,60802,
2022-23,D Pharmacy,CAP Round I,05281,"Mahavir Institute Of Pharmacy, Nashik",Nashik,Unaided,LSCS,State Level,Ladies,50458,
2022-23,D Pharmacy,CAP Round I,05281,"Mahavir Institute Of Pharmacy, Nashik",Nashik,Unaided,GSTS,State Level,Any,34248,
2022-23,D Pharmacy,CAP Round I,05281,"Mahavir Institute Of Pharmacy, Nashik",Nashik,Unaided,LSTS,State Level,Ladies,36476,
2022-23,D Pharmacy,CAP Round I,05281,"Mahavir Institute Of Pharmacy, Nashik",Nashik,Unaided,GVJS,State Level,Any,36988,
2022-23,D Pharmacy,CAP Round I,05281,"Mahavir Institute Of Pharmacy, Nashik",Nashik,Unaided,LVJS,State Level,Ladies,66412,
2022-23,D Pharmacy,CAP Round I,05281,"Mahavir Institute Of Pharmacy, Nashik",Nashik,Unaided,GNT1S,State Level,Any,41575,
2022-23,D Pharmacy,CAP Round I,05281,"Mahavir Institute Of Pharmacy, Nashik",Nashik,Unaided,LNT1S,State Level,Ladies,62124,
2022-23,D Pharmacy,CAP Round I,05281,"Mahavir Institute Of Pharmacy, Nashik",Nashik,Unaided,GNT2S,State Level,Any,41375,
2022-23,D Pharmacy,CAP Round I,05281,"Mahavir Institute Of Pharmacy, Nashik",Nashik,Unaided,LNT2S,State Level,Ladies,44991,
2022-23,D Pharmacy,CAP Round I,05281,"Mahavir Institute Of Pharmacy, Nashik",Nashik,Unaided,GNT3S,State Level,Any,42974,
2022-23,D Pharmacy,CAP Round I,05281,"Mahavir Institute Of Pharmacy, Nashik",Nashik,Unaided,GOBCS,State Level,Any,42064,
2022-23,D Pharmacy,CAP Round I,05281,"Mahavir Institute Of Pharmacy, Nashik",Nashik,Unaided,LOBCS,State Level,Ladies,42896,
2022-23,D Pharmacy,CAP Round I,05281,"Mahavir Institute Of Pharmacy, Nashik",Nashik,Unaided,PWDOPENS,State Level,Any,65497,
2022-23,D Pharmacy,CAP Round I,05281,"Mahavir Institute Of Pharmacy, Nashik",Nashik,Unaided,EWS,Special,Any,39593,
2022-23,D Pharmacy,CAP Round I,05281,"Mahavir Institute Of Pharmacy, Nashik",Nashik,Unaided,TFWS,Special,Any,27002,
2022-23,D Pharmacy,CAP Round I,05282,"Jamia Isalamia Isha-atul Uloom's Ali-Allana College of Pharmacy, Akkalkuwa",Nandurbar,Religious Minority - Muslim,MI,Special,Any,29788,
2022-23,D Pharmacy,CAP Round I,05282,"Jamia Isalamia Isha-atul Uloom's Ali-Allana College of Pharmacy, Akkalkuwa",Nandurbar,Religious Minority - Muslim,TFWS,Special,Any,14814,
2022-23,D Pharmacy,CAP Round I,05283,"Jijamata Foundation's Shree. P.E. (Tatya) Patil Institute of Pharmacy, Jalgaon",Jalgaon,Unaided,GOPENS,State Level,Any,24658,
2022-23,D Pharmacy,CAP Round I,05283,"Jijamata Foundation's Shree. P.E. (Tatya) Patil Institute of Pharmacy, Jalgaon",Jalgaon,Unaided,LOPENS,State Level,Ladies,25646,
2022-23,D Pharmacy,CAP Round I,05283,"Jijamata Foundation's Shree. P.E. (Tatya) Patil Institute of Pharmacy, Jalgaon",Jalgaon,Unaided,GSCS,State Level,Any,79263,
2022-23,D Pharmacy,CAP Round I,05283,"Jijamata Foundation's Shree. P.E. (Tatya) Patil Institute of Pharmacy, Jalgaon",Jalgaon,Unaided,LSCS,State Level,Ladies,74051,
2022-23,D Pharmacy,CAP Round I,05283,"Jijamata Foundation's Shree. P.E. (Tatya) Patil Institute of Pharmacy, Jalgaon",Jalgaon,Unaided,GSTS,State Level,Any,32844,
2022-23,D Pharmacy,CAP Round I,05283,"Jijamata Foundation's Shree. P.E. (Tatya) Patil Institute of Pharmacy, Jalgaon",Jalgaon,Unaided,LSTS,State Level,Ladies,37802,
2022-23,D Pharmacy,CAP Round I,05283,"Jijamata Foundation's Shree. P.E. (Tatya) Patil Institute of Pharmacy, Jalgaon",Jalgaon,Unaided,GVJS,State Level,Any,27077,
2022-23,D Pharmacy,CAP Round I,05283,"Jijamata Foundation's Shree. P.E. (Tatya) Patil Institute of Pharmacy, Jalgaon",Jalgaon,Unaided,GNT1S,State Level,Any,31081,
2022-23,D Pharmacy,CAP Round I,05283,"Jijamata Foundation's Shree. P.E. (Tatya) Patil Institute of Pharmacy, Jalgaon",Jalgaon,Unaided,GNT2S,State Level,Any,29449,
2022-23,D Pharmacy,CAP Round I,05283,"Jijamata Foundation's Shree. P.E. (Tatya) Patil Institute of Pharmacy, Jalgaon",Jalgaon,Unaided,LNT2S,State Level,Ladies,28965,
2022-23,D Pharmacy,CAP Round I,05283,"Jijamata Foundation's Shree. P.E. (Tatya) Patil Institute of Pharmacy, Jalgaon",Jalgaon,Unaided,GNT3S,State Level,Any,42136,
2022-23,D Pharmacy,CAP Round I,05283,"Jijamata Foundation's Shree. P.E. (Tatya) Patil Institute of Pharmacy, Jalgaon",Jalgaon,Unaided,GOBCS,State Level,Any,27799,
2022-23,D Pharmacy,CAP Round I,05283,"Jijamata Foundation's Shree. P.E. (Tatya) Patil Institute of Pharmacy, Jalgaon",Jalgaon,Unaided,LOBCS,State Level,Ladies,28119,
2022-23,D Pharmacy,CAP Round I,05283,"Jijamata Foundation's Shree. P.E. (Tatya) Patil Institute of Pharmacy, Jalgaon",Jalgaon,Unaided,EWS,Special,Any,28269,
2022-23,D Pharmacy,CAP Round I,05283,"Jijamata Foundation's Shree. P.E. (Tatya) Patil Institute of Pharmacy, Jalgaon",Jalgaon,Unaided,TFWS,Special,Any,18936,
2022-23,D Pharmacy,CAP Round I,05284,"Sau Mathurabai Bhausaheb Thorat Sevabhavi Trust 'S Sau. Mathurabai Bhausaheb Thorat Institute Of D. Pharmacy,",,Unaided,GOPENS,State Level,Any,41087,
2022-23,D Pharmacy,CAP Round I,05284,"Sau Mathurabai Bhausaheb Thorat Sevabhavi Trust 'S Sau. Mathurabai Bhausaheb Thorat Institute Of D. Pharmacy,",,Unaided,LOPENS,State Level,Ladies,22183,
2022-23,D Pharmacy,CAP Round I,05284,"Sau Mathurabai Bhausaheb Thorat Sevabhavi Trust 'S Sau. Mathurabai Bhausaheb Thorat Institute Of D. Pharmacy,",,Unaided,GSCS,State Level,Any,64057,
2022-23,D Pharmacy,CAP Round I,05284,"Sau Mathurabai Bhausaheb Thorat Sevabhavi Trust 'S Sau. Mathurabai Bhausaheb Thorat Institute Of D. Pharmacy,",,Unaided,LSCS,State Level,Ladies,60481,
2022-23,D Pharmacy,CAP Round I,05284,"Sau Mathurabai Bhausaheb Thorat Sevabhavi Trust 'S Sau. Mathurabai Bhausaheb Thorat Institute Of D. Pharmacy,",,Unaided,GSTS,State Level,Any,41416,
2022-23,D Pharmacy,CAP Round I,05284,"Sau Mathurabai Bhausaheb Thorat Sevabhavi Trust 'S Sau. Mathurabai Bhausaheb Thorat Institute Of D. Pharmacy,",,Unaided,LSTS,State Level,Ladies,34050,
2022-23,D Pharmacy,CAP Round I,05284,"Sau Mathurabai Bhausaheb Thorat Sevabhavi Trust 'S Sau. Mathurabai Bhausaheb Thorat Institute Of D. Pharmacy,",,Unaided,GVJS,State Level,Any,42785,
2022-23,D Pharmacy,CAP Round I,05284,"Sau Mathurabai Bhausaheb Thorat Sevabhavi Trust 'S Sau. Mathurabai Bhausaheb Thorat Institute Of D. Pharmacy,",,Unaided,LVJS,State Level,Ladies,82762,
2022-23,D Pharmacy,CAP Round I,05284,"Sau Mathurabai Bhausaheb Thorat Sevabhavi Trust 'S Sau. Mathurabai Bhausaheb Thorat Institute Of D. Pharmacy,",,Unaided,GNT1S,State Level,Any,57133,
2022-23,D Pharmacy,CAP Round I,05284,"Sau Mathurabai Bhausaheb Thorat Sevabhavi Trust 'S Sau. Mathurabai Bhausaheb Thorat Institute Of D. Pharmacy,",,Unaided,GNT2S,State Level,Any,51226,
2022-23,D Pharmacy,CAP Round I,05284,"Sau Mathurabai Bhausaheb Thorat Sevabhavi Trust 'S Sau. Mathurabai Bhausaheb Thorat Institute Of D. Pharmacy,",,Unaided,LNT3S,State Level,Ladies,47820,
2022-23,D Pharmacy,CAP Round I,05284,"Sau Mathurabai Bhausaheb Thorat Sevabhavi Trust 'S Sau. Mathurabai Bhausaheb Thorat Institute Of D. Pharmacy,",,Unaided,GOBCS,State Level,Any,43533,
2022-23,D Pharmacy,CAP Round I,05284,"Sau Mathurabai Bhausaheb Thorat Sevabhavi Trust 'S Sau. Mathurabai Bhausaheb Thorat Institute Of D. Pharmacy,",,Unaided,LOBCS,State Level,Ladies,30459,
2022-23,D Pharmacy,CAP Round I,05284,"Sau Mathurabai Bhausaheb Thorat Sevabhavi Trust 'S Sau. Mathurabai Bhausaheb Thorat Institute Of D. Pharmacy,",,Unaided,PWDOPENS,State Level,Any,59338,
2022-23,D Pharmacy,CAP Round I,05284,"Sau Mathurabai Bhausaheb Thorat Sevabhavi Trust 'S Sau. Mathurabai Bhausaheb Thorat Institute Of D. Pharmacy,",,Unaided,DEFOPENS,State Level,Any,36722,
2022-23,D Pharmacy,CAP Round I,05284,"Sau Mathurabai Bhausaheb Thorat Sevabhavi Trust 'S Sau. Mathurabai Bhausaheb Thorat Institute Of D. Pharmacy,",,Unaided,DEFROBCS,State Level,Any,83540,
2022-23,D Pharmacy,CAP Round I,05284,"Sau Mathurabai Bhausaheb Thorat Sevabhavi Trust 'S Sau. Mathurabai Bhausaheb Thorat Institute Of D. Pharmacy,",,Unaided,EWS,Special,Any,52729,
2022-23,D Pharmacy,CAP Round I,05284,"Sau Mathurabai Bhausaheb Thorat Sevabhavi Trust 'S Sau. Mathurabai Bhausaheb Thorat Institute Of D. Pharmacy,",,Unaided,TFWS,Special,Any,20009,
2022-23,D Pharmacy,CAP Round I,05285,"Kakasaheb Mhaske Memorial Medical Foundation's Kakasaheb Mhaske College Of Pharmacy, Nagapur, Ahmednagar",Ahmednagar,Unaided,GOPENS,State Level,Any,18119,
2022-23,D Pharmacy,CAP Round I,05285,"Kakasaheb Mhaske Memorial Medical Foundation's Kakasaheb Mhaske College Of Pharmacy, Nagapur, Ahmednagar",Ahmednagar,Unaided,LOPENS,State Level,Ladies,13936,
2022-23,D Pharmacy,CAP Round I,05285,"Kakasaheb Mhaske Memorial Medical Foundation's Kakasaheb Mhaske College Of Pharmacy, Nagapur, Ahmednagar",Ahmednagar,Unaided,GSCS,State Level,Any,27423,
2022-23,D Pharmacy,CAP Round I,05285,"Kakasaheb Mhaske Memorial Medical Foundation's Kakasaheb Mhaske College Of Pharmacy, Nagapur, Ahmednagar",Ahmednagar,Unaided,LSCS,State Level,Ladies,30903,
2022-23,D Pharmacy,CAP Round I,05285,"Kakasaheb Mhaske Memorial Medical Foundation's Kakasaheb Mhaske College Of Pharmacy, Nagapur, Ahmednagar",Ahmednagar,Unaided,GSTS,State Level,Any,44625,
2022-23,D Pharmacy,CAP Round I,05285,"Kakasaheb Mhaske Memorial Medical Foundation's Kakasaheb Mhaske College Of Pharmacy, Nagapur, Ahmednagar",Ahmednagar,Unaided,LSTS,State Level,Ladies,40723,
2022-23,D Pharmacy,CAP Round I,05285,"Kakasaheb Mhaske Memorial Medical Foundation's Kakasaheb Mhaske College Of Pharmacy, Nagapur, Ahmednagar",Ahmednagar,Unaided,GVJS,State Level,Any,41834,
2022-23,D Pharmacy,CAP Round I,05285,"Kakasaheb Mhaske Memorial Medical Foundation's Kakasaheb Mhaske College Of Pharmacy, Nagapur, Ahmednagar",Ahmednagar,Unaided,LNT1S,State Level,Ladies,33196,
2022-23,D Pharmacy,CAP Round I,05285,"Kakasaheb Mhaske Memorial Medical Foundation's Kakasaheb Mhaske College Of Pharmacy, Nagapur, Ahmednagar",Ahmednagar,Unaided,GNT2S,State Level,Any,25826,
2022-23,D Pharmacy,CAP Round I,05285,"Kakasaheb Mhaske Memorial Medical Foundation's Kakasaheb Mhaske College Of Pharmacy, Nagapur, Ahmednagar",Ahmednagar,Unaided,LNT2S,State Level,Ladies,26380,
2022-23,D Pharmacy,CAP Round I,05285,"Kakasaheb Mhaske Memorial Medical Foundation's Kakasaheb Mhaske College Of Pharmacy, Nagapur, Ahmednagar",Ahmednagar,Unaided,GNT3S,State Level,Any,21498,
2022-23,D Pharmacy,CAP Round I,05285,"Kakasaheb Mhaske Memorial Medical Foundation's Kakasaheb Mhaske College Of Pharmacy, Nagapur, Ahmednagar",Ahmednagar,Unaided,GOBCS,State Level,Any,24226,
2022-23,D Pharmacy,CAP Round I,05285,"Kakasaheb Mhaske Memorial Medical Foundation's Kakasaheb Mhaske College Of Pharmacy, Nagapur, Ahmednagar",Ahmednagar,Unaided,LOBCS,State Level,Ladies,17737,
2022-23,D Pharmacy,CAP Round I,05285,"Kakasaheb Mhaske Memorial Medical Foundation's Kakasaheb Mhaske College Of Pharmacy, Nagapur, Ahmednagar",Ahmednagar,Unaided,PWDOPENS,State Level,Any,63476,
2022-23,D Pharmacy,CAP Round I,05285,"Kakasaheb Mhaske Memorial Medical Foundation's Kakasaheb Mhaske College Of Pharmacy, Nagapur, Ahmednagar",Ahmednagar,Unaided,DEFOPENS,State Level,Any,16175,
2022-23,D Pharmacy,CAP Round I,05285,"Kakasaheb Mhaske Memorial Medical Foundation's Kakasaheb Mhaske College Of Pharmacy, Nagapur, Ahmednagar",Ahmednagar,Unaided,EWS,Special,Any,26145,
2022-23,D Pharmacy,CAP Round I,05285,"Kakasaheb Mhaske Memorial Medical Foundation's Kakasaheb Mhaske College Of Pharmacy, Nagapur, Ahmednagar",Ahmednagar,Unaided,TFWS,Special,Any,12458,
2022-23,D Pharmacy,CAP Round I,05286,"Swami Vivekanand Sanstha's Insttitute Of Pharmacy, Malegaon",Nashik,Unaided,GOPENS,State Level,Any,26031,
2022-23,D Pharmacy,CAP Round I,05286,"Swami Vivekanand Sanstha's Insttitute Of Pharmacy, Malegaon",Nashik,Unaided,LOPENS,State Level,Ladies,19227,
2022-23,D Pharmacy,CAP Round I,05286,"Swami Vivekanand Sanstha's Insttitute Of Pharmacy, Malegaon",Nashik,Unaided,GSCS,State Level,Any,68724,
2022-23,D Pharmacy,CAP Round I,05286,"Swami Vivekanand Sanstha's Insttitute Of Pharmacy, Malegaon",Nashik,Unaided,LSCS,State Level,Ladies,79541,
2022-23,D Pharmacy,CAP Round I,05286,"Swami Vivekanand Sanstha's Insttitute Of Pharmacy, Malegaon",Nashik,Unaided,GSTS,State Level,Any,42174,
2022-23,D Pharmacy,CAP Round I,05286,"Swami Vivekanand Sanstha's Insttitute Of Pharmacy, Malegaon",Nashik,Unaided,LSTS,State Level,Ladies,32865,
2022-23,D Pharmacy,CAP Round I,05286,"Swami Vivekanand Sanstha's Insttitute Of Pharmacy, Malegaon",Nashik,Unaided,GVJS,State Level,Any,41080,
2022-23,D Pharmacy,CAP Round I,05286,"Swami Vivekanand Sanstha's Insttitute Of Pharmacy, Malegaon",Nashik,Unaided,GNT1S,State Level,Any,32235,
2022-23,D Pharmacy,CAP Round I,05286,"Swami Vivekanand Sanstha's Insttitute Of Pharmacy, Malegaon",Nashik,Unaided,LNT1S,State Level,Ladies,84076,
2022-23,D Pharmacy,CAP Round I,05286,"Swami Vivekanand Sanstha's Insttitute Of Pharmacy, Malegaon",Nashik,Unaided,GNT2S,State Level,Any,31197,
2022-23,D Pharmacy,CAP Round I,05286,"Swami Vivekanand Sanstha's Insttitute Of Pharmacy, Malegaon",Nashik,Unaided,GNT3S,State Level,Any,26119,
2022-23,D Pharmacy,CAP Round I,05286,"Swami Vivekanand Sanstha's Insttitute Of Pharmacy, Malegaon",Nashik,Unaided,GOBCS,State Level,Any,29703,
2022-23,D Pharmacy,CAP Round I,05286,"Swami Vivekanand Sanstha's Insttitute Of Pharmacy, Malegaon",Nashik,Unaided,LOBCS,State Level,Ladies,22089,
2022-23,D Pharmacy,CAP Round I,05286,"Swami Vivekanand Sanstha's Insttitute Of Pharmacy, Malegaon",Nashik,Unaided,EWS,Special,Any,54133,
2022-23,D Pharmacy,CAP Round I,05286,"Swami Vivekanand Sanstha's Insttitute Of Pharmacy, Malegaon",Nashik,Unaided,TFWS,Special,Any,11750,
2022-23,D Pharmacy,CAP Round I,05287,"Amrutvahini Sheti & Shikshan Vikas Sanstha`S Amrutwahini Institute Of Pharmacy, Sangamner",Ahmednagar,Unaided,GOPENS,State Level,Any,27140,
2022-23,D Pharmacy,CAP Round I,05287,"Amrutvahini Sheti & Shikshan Vikas Sanstha`S Amrutwahini Institute Of Pharmacy, Sangamner",Ahmednagar,Unaided,LOPENS,State Level,Ladies,10394,
2022-23,D Pharmacy,CAP Round I,05287,"Amrutvahini Sheti & Shikshan Vikas Sanstha`S Amrutwahini Institute Of Pharmacy, Sangamner",Ahmednagar,Unaided,GSCS,State Level,Any,49634,
2022-23,D Pharmacy,CAP Round I,05287,"Amrutvahini Sheti & Shikshan Vikas Sanstha`S Amrutwahini Institute Of Pharmacy, Sangamner",Ahmednagar,Unaided,LSCS,State Level,Ladies,51492,
2022-23,D Pharmacy,CAP Round I,05287,"Amrutvahini Sheti & Shikshan Vikas Sanstha`S Amrutwahini Institute Of Pharmacy, Sangamner",Ahmednagar,Unaided,GSTS,State Level,Any,37261,
2022-23,D Pharmacy,CAP Round I,05287,"Amrutvahini Sheti & Shikshan Vikas Sanstha`S Amrutwahini Institute Of Pharmacy, Sangamner",Ahmednagar,Unaided,LSTS,State Level,Ladies,29241,
2022-23,D Pharmacy,CAP Round I,05287,"Amrutvahini Sheti & Shikshan Vikas Sanstha`S Amrutwahini Institute Of Pharmacy, Sangamner",Ahmednagar,Unaided,GVJS,State Level,Any,40776,
2022-23,D Pharmacy,CAP Round I,05287,"Amrutvahini Sheti & Shikshan Vikas Sanstha`S Amrutwahini Institute Of Pharmacy, Sangamner",Ahmednagar,Unaided,LVJS,State Level,Ladies,63990,
2022-23,D Pharmacy,CAP Round I,05287,"Amrutvahini Sheti & Shikshan Vikas Sanstha`S Amrutwahini Institute Of Pharmacy, Sangamner",Ahmednagar,Unaided,GNT1S,State Level,Any,35054,
2022-23,D Pharmacy,CAP Round I,05287,"Amrutvahini Sheti & Shikshan Vikas Sanstha`S Amrutwahini Institute Of Pharmacy, Sangamner",Ahmednagar,Unaided,GNT2S,State Level,Any,31006,
2022-23,D Pharmacy,CAP Round I,05287,"Amrutvahini Sheti & Shikshan Vikas Sanstha`S Amrutwahini Institute Of Pharmacy, Sangamner",Ahmednagar,Unaided,LNT2S,State Level,Ladies,29499,
2022-23,D Pharmacy,CAP Round I,05287,"Amrutvahini Sheti & Shikshan Vikas Sanstha`S Amrutwahini Institute Of Pharmacy, Sangamner",Ahmednagar,Unaided,GNT3S,State Level,Any,27813,
2022-23,D Pharmacy,CAP Round I,05287,"Amrutvahini Sheti & Shikshan Vikas Sanstha`S Amrutwahini Institute Of Pharmacy, Sangamner",Ahmednagar,Unaided,GOBCS,State Level,Any,33278,
2022-23,D Pharmacy,CAP Round I,05287,"Amrutvahini Sheti & Shikshan Vikas Sanstha`S Amrutwahini Institute Of Pharmacy, Sangamner",Ahmednagar,Unaided,LOBCS,State Level,Ladies,23833,
2022-23,D Pharmacy,CAP Round I,05287,"Amrutvahini Sheti & Shikshan Vikas Sanstha`S Amrutwahini Institute Of Pharmacy, Sangamner",Ahmednagar,Unaided,PWDOPENS,State Level,Any,80661,
2022-23,D Pharmacy,CAP Round I,05287,"Amrutvahini Sheti & Shikshan Vikas Sanstha`S Amrutwahini Institute Of Pharmacy, Sangamner",Ahmednagar,Unaided,EWS,Special,Any,26408,
2022-23,D Pharmacy,CAP Round I,05287,"Amrutvahini Sheti & Shikshan Vikas Sanstha`S Amrutwahini Institute Of Pharmacy, Sangamner",Ahmednagar,Unaided,TFWS,Special,Any,10158,
2022-23,D Pharmacy,CAP Round I,05288,"Adivasi Deomogara Edu. Society's K. D. Gavit D.Pharmacy College, Pathrai, Tal.Dist.-Nandurbar",Nandurbar,Unaided,GOPENS,State Level,Any,13528,
2022-23,D Pharmacy,CAP Round I,05288,"Adivasi Deomogara Edu. Society's K. D. Gavit D.Pharmacy College, Pathrai, Tal.Dist.-Nandurbar",Nandurbar,Unaided,LOPENS,State Level,Ladies,10412,
2022-23,D Pharmacy,CAP Round I,05288,"Adivasi Deomogara Edu. Society's K. D. Gavit D.Pharmacy College, Pathrai, Tal.Dist.-Nandurbar",Nandurbar,Unaided,GSCS,State Level,Any,27825,
2022-23,D Pharmacy,CAP Round I,05288,"Adivasi Deomogara Edu. Society's K. D. Gavit D.Pharmacy College, Pathrai, Tal.Dist.-Nandurbar",Nandurbar,Unaided,LSCS,State Level,Ladies,20609,
2022-23,D Pharmacy,CAP Round I,05288,"Adivasi Deomogara Edu. Society's K. D. Gavit D.Pharmacy College, Pathrai, Tal.Dist.-Nandurbar",Nandurbar,Unaided,GSTS,State Level,Any,17858,
2022-23,D Pharmacy,CAP Round I,05288,"Adivasi Deomogara Edu. Society's K. D. Gavit D.Pharmacy College, Pathrai, Tal.Dist.-Nandurbar",Nandurbar,Unaided,LSTS,State Level,Ladies,16964,
2022-23,D Pharmacy,CAP Round I,05288,"Adivasi Deomogara Edu. Society's K. D. Gavit D.Pharmacy College, Pathrai, Tal.Dist.-Nandurbar",Nandurbar,Unaided,GVJS,State Level,Any,16809,
2022-23,D Pharmacy,CAP Round I,05288,"Adivasi Deomogara Edu. Society's K. D. Gavit D.Pharmacy College, Pathrai, Tal.Dist.-Nandurbar",Nandurbar,Unaided,LNT1S,State Level,Ladies,43043,
2022-23,D Pharmacy,CAP Round I,05288,"Adivasi Deomogara Edu. Society's K. D. Gavit D.Pharmacy College, Pathrai, Tal.Dist.-Nandurbar",Nandurbar,Unaided,GNT2S,State Level,Any,26086,
2022-23,D Pharmacy,CAP Round I,05288,"Adivasi Deomogara Edu. Society's K. D. Gavit D.Pharmacy College, Pathrai, Tal.Dist.-Nandurbar",Nandurbar,Unaided,GNT3S,State Level,Any,20606,
2022-23,D Pharmacy,CAP Round I,05288,"Adivasi Deomogara Edu. Society's K. D. Gavit D.Pharmacy College, Pathrai, Tal.Dist.-Nandurbar",Nandurbar,Unaided,GOBCS,State Level,Any,28511,
2022-23,D Pharmacy,CAP Round I,05288,"Adivasi Deomogara Edu. Society's K. D. Gavit D.Pharmacy College, Pathrai, Tal.Dist.-Nandurbar",Nandurbar,Unaided,LOBCS,State Level,Ladies,18815,
2022-23,D Pharmacy,CAP Round I,05288,"Adivasi Deomogara Edu. Society's K. D. Gavit D.Pharmacy College, Pathrai, Tal.Dist.-Nandurbar",Nandurbar,Unaided,PWDOPENS,State Level,Any,39085,
2022-23,D Pharmacy,CAP Round I,05288,"Adivasi Deomogara Edu. Society's K. D. Gavit D.Pharmacy College, Pathrai, Tal.Dist.-Nandurbar",Nandurbar,Unaided,EWS,Special,Any,29732,
2022-23,D Pharmacy,CAP Round I,05288,"Adivasi Deomogara Edu. Society's K. D. Gavit D.Pharmacy College, Pathrai, Tal.Dist.-Nandurbar",Nandurbar,Unaided,TFWS,Special,Any,12213,
2022-23,D Pharmacy,CAP Round I,05289,"Shree Gurudatta shikshan sanstha's Pharmacy College, Kalwan, Dist. Nashik",Nashik,Unaided,GOPENS,State Level,Any,26026,
2022-23,D Pharmacy,CAP Round I,05289,"Shree Gurudatta shikshan sanstha's Pharmacy College, Kalwan, Dist. Nashik",Nashik,Unaided,LOPENS,State Level,Ladies,14036,
2022-23,D Pharmacy,CAP Round I,05289,"Shree Gurudatta shikshan sanstha's Pharmacy College, Kalwan, Dist. Nashik",Nashik,Unaided,GSCS,State Level,Any,81419,
2022-23,D Pharmacy,CAP Round I,05289,"Shree Gurudatta shikshan sanstha's Pharmacy College, Kalwan, Dist. Nashik",Nashik,Unaided,LSCS,State Level,Ladies,74923,
2022-23,D Pharmacy,CAP Round I,05289,"Shree Gurudatta shikshan sanstha's Pharmacy College, Kalwan, Dist. Nashik",Nashik,Unaided,GSTS,State Level,Any,28013,
2022-23,D Pharmacy,CAP Round I,05289,"Shree Gurudatta shikshan sanstha's Pharmacy College, Kalwan, Dist. Nashik",Nashik,Unaided,LSTS,State Level,Ladies,14861,
2022-23,D Pharmacy,CAP Round I,05289,"Shree Gurudatta shikshan sanstha's Pharmacy College, Kalwan, Dist. Nashik",Nashik,Unaided,GVJS,State Level,Any,48909,
2022-23,D Pharmacy,CAP Round I,05289,"Shree Gurudatta shikshan sanstha's Pharmacy College, Kalwan, Dist. Nashik",Nashik,Unaided,LVJS,State Level,Ladies,42706,
2022-23,D Pharmacy,CAP Round I,05289,"Shree Gurudatta shikshan sanstha's Pharmacy College, Kalwan, Dist. Nashik",Nashik,Unaided,GNT1S,State Level,Any,37352,
2022-23,D Pharmacy,CAP Round I,05289,"Shree Gurudatta shikshan sanstha's Pharmacy College, Kalwan, Dist. Nashik",Nashik,Unaided,LNT1S,State Level,Ladies,27356,
2022-23,D Pharmacy,CAP Round I,05289,"Shree Gurudatta shikshan sanstha's Pharmacy College, Kalwan, Dist. Nashik",Nashik,Unaided,GNT2S,State Level,Any,51952,
2022-23,D Pharmacy,CAP Round I,05289,"Shree Gurudatta shikshan sanstha's Pharmacy College, Kalwan, Dist. Nashik",Nashik,Unaided,LNT2S,State Level,Ladies,28409,
2022-23,D Pharmacy,CAP Round I,05289,"Shree Gurudatta shikshan sanstha's Pharmacy College, Kalwan, Dist. Nashik",Nashik,Unaided,GNT3S,State Level,Any,48871,
2022-23,D Pharmacy,CAP Round I,05289,"Shree Gurudatta shikshan sanstha's Pharmacy College, Kalwan, Dist. Nashik",Nashik,Unaided,GOBCS,State Level,Any,30701,
2022-23,D Pharmacy,CAP Round I,05289,"Shree Gurudatta shikshan sanstha's Pharmacy College, Kalwan, Dist. Nashik",Nashik,Unaided,LOBCS,State Level,Ladies,19852,
2022-23,D Pharmacy,CAP Round I,05289,"Shree Gurudatta shikshan sanstha's Pharmacy College, Kalwan, Dist. Nashik",Nashik,Unaided,EWS,Special,Any,62796,
2022-23,D Pharmacy,CAP Round I,05289,"Shree Gurudatta shikshan sanstha's Pharmacy College, Kalwan, Dist. Nashik",Nashik,Unaided,TFWS,Special,Any,15653,
2022-23,D Pharmacy,CAP Round I,05290,"Shellino Education Society's NanaSaheb R.G.Patil Institute Of Pharmacy,Mamurabad, Jalgaon",Jalgaon,Unaided,GOPENS,State Level,Any,26366,
2022-23,D Pharmacy,CAP Round I,05290,"Shellino Education Society's NanaSaheb R.G.Patil Institute Of Pharmacy,Mamurabad, Jalgaon",Jalgaon,Unaided,LOPENS,State Level,Ladies,21205,
2022-23,D Pharmacy,CAP Round I,05290,"Shellino Education Society's NanaSaheb R.G.Patil Institute Of Pharmacy,Mamurabad, Jalgaon",Jalgaon,Unaided,GSCS,State Level,Any,70749,
2022-23,D Pharmacy,CAP Round I,05290,"Shellino Education Society's NanaSaheb R.G.Patil Institute Of Pharmacy,Mamurabad, Jalgaon",Jalgaon,Unaided,LSCS,State Level,Ladies,83036,
2022-23,D Pharmacy,CAP Round I,05290,"Shellino Education Society's NanaSaheb R.G.Patil Institute Of Pharmacy,Mamurabad, Jalgaon",Jalgaon,Unaided,GSTS,State Level,Any,39346,
2022-23,D Pharmacy,CAP Round I,05290,"Shellino Education Society's NanaSaheb R.G.Patil Institute Of Pharmacy,Mamurabad, Jalgaon",Jalgaon,Unaided,LSTS,State Level,Ladies,25722,
2022-23,D Pharmacy,CAP Round I,05290,"Shellino Education Society's NanaSaheb R.G.Patil Institute Of Pharmacy,Mamurabad, Jalgaon",Jalgaon,Unaided,GVJS,State Level,Any,34099,
2022-23,D Pharmacy,CAP Round I,05290,"Shellino Education Society's NanaSaheb R.G.Patil Institute Of Pharmacy,Mamurabad, Jalgaon",Jalgaon,Unaided,GNT1S,State Level,Any,33554,
2022-23,D Pharmacy,CAP Round I,05290,"Shellino Education Society's NanaSaheb R.G.Patil Institute Of Pharmacy,Mamurabad, Jalgaon",Jalgaon,Unaided,GNT2S,State Level,Any,33237,
2022-23,D Pharmacy,CAP Round I,05290,"Shellino Education Society's NanaSaheb R.G.Patil Institute Of Pharmacy,Mamurabad, Jalgaon",Jalgaon,Unaided,GOBCS,State Level,Any,29413,
2022-23,D Pharmacy,CAP Round I,05290,"Shellino Education Society's NanaSaheb R.G.Patil Institute Of Pharmacy,Mamurabad, Jalgaon",Jalgaon,Unaided,LOBCS,State Level,Ladies,28241,
2022-23,D Pharmacy,CAP Round I,05290,"Shellino Education Society's NanaSaheb R.G.Patil Institute Of Pharmacy,Mamurabad, Jalgaon",Jalgaon,Unaided,PWDOPENS,State Level,Any,25308,
2022-23,D Pharmacy,CAP Round I,05290,"Shellino Education Society's NanaSaheb R.G.Patil Institute Of Pharmacy,Mamurabad, Jalgaon",Jalgaon,Unaided,EWS,Special,Any,24675,
2022-23,D Pharmacy,CAP Round I,05290,"Shellino Education Society's NanaSaheb R.G.Patil Institute Of Pharmacy,Mamurabad, Jalgaon",Jalgaon,Unaided,TFWS,Special,Any,10097,
2022-23,D Pharmacy,CAP Round I,05290,"Shellino Education Society's NanaSaheb R.G.Patil Institute Of Pharmacy,Mamurabad, Jalgaon",Jalgaon,Unaided,LNT3S,State Level,Ladies,46785,
2022-23,D Pharmacy,CAP Round I,05291,"Shirpur Education Society's H.R. Patel Institute of Pharmacy, Shirpur, Dhule",Dhule,Linguistic Minority - Gujarathi,GOPENS,State Level,Any,7456,
2022-23,D Pharmacy,CAP Round I,05291,"Shirpur Education Society's H.R. Patel Institute of Pharmacy, Shirpur, Dhule",Dhule,Linguistic Minority - Gujarathi,LOPENS,State Level,Ladies,3578,
2022-23,D Pharmacy,CAP Round I,05291,"Shirpur Education Society's H.R. Patel Institute of Pharmacy, Shirpur, Dhule",Dhule,Linguistic Minority - Gujarathi,TFWS,Special,Any,1123,
2022-23,D Pharmacy,CAP Round I,05292,"Matoshri Education Society's MABD Diploma College Of Pharmacy,Bhabulgaon, Yeola, Dist. Nashik",Nashik,Unaided,GOPENS,State Level,Any,36522,
2022-23,D Pharmacy,CAP Round I,05292,"Matoshri Education Society's MABD Diploma College Of Pharmacy,Bhabulgaon, Yeola, Dist. Nashik",Nashik,Unaided,LOPENS,State Level,Ladies,29447,
2022-23,D Pharmacy,CAP Round I,05292,"Matoshri Education Society's MABD Diploma College Of Pharmacy,Bhabulgaon, Yeola, Dist. Nashik",Nashik,Unaided,GSCS,State Level,Any,64495,
2022-23,D Pharmacy,CAP Round I,05292,"Matoshri Education Society's MABD Diploma College Of Pharmacy,Bhabulgaon, Yeola, Dist. Nashik",Nashik,Unaided,LSCS,State Level,Ladies,50930,
2022-23,D Pharmacy,CAP Round I,05292,"Matoshri Education Society's MABD Diploma College Of Pharmacy,Bhabulgaon, Yeola, Dist. Nashik",Nashik,Unaided,GSTS,State Level,Any,43496,
2022-23,D Pharmacy,CAP Round I,05292,"Matoshri Education Society's MABD Diploma College Of Pharmacy,Bhabulgaon, Yeola, Dist. Nashik",Nashik,Unaided,LSTS,State Level,Ladies,39694,
2022-23,D Pharmacy,CAP Round I,05292,"Matoshri Education Society's MABD Diploma College Of Pharmacy,Bhabulgaon, Yeola, Dist. Nashik",Nashik,Unaided,GVJS,State Level,Any,40176,
2022-23,D Pharmacy,CAP Round I,05292,"Matoshri Education Society's MABD Diploma College Of Pharmacy,Bhabulgaon, Yeola, Dist. Nashik",Nashik,Unaided,GNT1S,State Level,Any,63019,
2022-23,D Pharmacy,CAP Round I,05292,"Matoshri Education Society's MABD Diploma College Of Pharmacy,Bhabulgaon, Yeola, Dist. Nashik",Nashik,Unaided,GNT2S,State Level,Any,39953,
2022-23,D Pharmacy,CAP Round I,05292,"Matoshri Education Society's MABD Diploma College Of Pharmacy,Bhabulgaon, Yeola, Dist. Nashik",Nashik,Unaided,LNT2S,State Level,Ladies,35908,
2022-23,D Pharmacy,CAP Round I,05292,"Matoshri Education Society's MABD Diploma College Of Pharmacy,Bhabulgaon, Yeola, Dist. Nashik",Nashik,Unaided,GNT3S,State Level,Any,39817,
2022-23,D Pharmacy,CAP Round I,05292,"Matoshri Education Society's MABD Diploma College Of Pharmacy,Bhabulgaon, Yeola, Dist. Nashik",Nashik,Unaided,GOBCS,State Level,Any,41700,
2022-23,D Pharmacy,CAP Round I,05292,"Matoshri Education Society's MABD Diploma College Of Pharmacy,Bhabulgaon, Yeola, Dist. Nashik",Nashik,Unaided,LOBCS,State Level,Ladies,32695,
2022-23,D Pharmacy,CAP Round I,05292,"Matoshri Education Society's MABD Diploma College Of Pharmacy,Bhabulgaon, Yeola, Dist. Nashik",Nashik,Unaided,EWS,Special,Any,31241,
2022-23,D Pharmacy,CAP Round I,05292,"Matoshri Education Society's MABD Diploma College Of Pharmacy,Bhabulgaon, Yeola, Dist. Nashik",Nashik,Unaided,TFWS,Special,Any,22631,
2022-23,D Pharmacy,CAP Round I,05293,"Nagaon Education Soc., Gangamai Institute of Pharmacy, Nagaon, Dist. Dhule",Dhule,Unaided,GOPENS,State Level,Any,16193,
2022-23,D Pharmacy,CAP Round I,05293,"Nagaon Education Soc., Gangamai Institute of Pharmacy, Nagaon, Dist. Dhule",Dhule,Unaided,LOPENS,State Level,Ladies,19190,
2022-23,D Pharmacy,CAP Round I,05293,"Nagaon Education Soc., Gangamai Institute of Pharmacy, Nagaon, Dist. Dhule",Dhule,Unaided,GSCS,State Level,Any,57997,
2022-23,D Pharmacy,CAP Round I,05293,"Nagaon Education Soc., Gangamai Institute of Pharmacy, Nagaon, Dist. Dhule",Dhule,Unaided,LSCS,State Level,Ladies,27750,
2022-23,D Pharmacy,CAP Round I,05293,"Nagaon Education Soc., Gangamai Institute of Pharmacy, Nagaon, Dist. Dhule",Dhule,Unaided,GSTS,State Level,Any,22852,
2022-23,D Pharmacy,CAP Round I,05293,"Nagaon Education Soc., Gangamai Institute of Pharmacy, Nagaon, Dist. Dhule",Dhule,Unaided,LSTS,State Level,Ladies,22341,
2022-23,D Pharmacy,CAP Round I,05293,"Nagaon Education Soc., Gangamai Institute of Pharmacy, Nagaon, Dist. Dhule",Dhule,Unaided,GVJS,State Level,Any,21457,
2022-23,D Pharmacy,CAP Round I,05293,"Nagaon Education Soc., Gangamai Institute of Pharmacy, Nagaon, Dist. Dhule",Dhule,Unaided,LVJS,State Level,Ladies,51330,
2022-23,D Pharmacy,CAP Round I,05293,"Nagaon Education Soc., Gangamai Institute of Pharmacy, Nagaon, Dist. Dhule",Dhule,Unaided,GNT1S,State Level,Any,29775,
2022-23,D Pharmacy,CAP Round I,05293,"Nagaon Education Soc., Gangamai Institute of Pharmacy, Nagaon, Dist. Dhule",Dhule,Unaided,GNT2S,State Level,Any,23153,
2022-23,D Pharmacy,CAP Round I,05293,"Nagaon Education Soc., Gangamai Institute of Pharmacy, Nagaon, Dist. Dhule",Dhule,Unaided,LNT2S,State Level,Ladies,25638,
2022-23,D Pharmacy,CAP Round I,05293,"Nagaon Education Soc., Gangamai Institute of Pharmacy, Nagaon, Dist. Dhule",Dhule,Unaided,GNT3S,State Level,Any,23307,
2022-23,D Pharmacy,CAP Round I,05293,"Nagaon Education Soc., Gangamai Institute of Pharmacy, Nagaon, Dist. Dhule",Dhule,Unaided,GOBCS,State Level,Any,23221,
2022-23,D Pharmacy,CAP Round I,05293,"Nagaon Education Soc., Gangamai Institute of Pharmacy, Nagaon, Dist. Dhule",Dhule,Unaided,LOBCS,State Level,Ladies,26080,
2022-23,D Pharmacy,CAP Round I,05293,"Nagaon Education Soc., Gangamai Institute of Pharmacy, Nagaon, Dist. Dhule",Dhule,Unaided,EWS,Special,Any,40136,
2022-23,D Pharmacy,CAP Round I,05293,"Nagaon Education Soc., Gangamai Institute of Pharmacy, Nagaon, Dist. Dhule",Dhule,Unaided,TFWS,Special,Any,12653,
2022-23,D Pharmacy,CAP Round I,05294,"Godavari Shikshan Mandal's Asian Institute of Pharmacy, Nashik.",Nashik,Unaided,GOPENS,State Level,Any,39264,
2022-23,D Pharmacy,CAP Round I,05294,"Godavari Shikshan Mandal's Asian Institute of Pharmacy, Nashik.",Nashik,Unaided,LOPENS,State Level,Ladies,37362,
2022-23,D Pharmacy,CAP Round I,05294,"Godavari Shikshan Mandal's Asian Institute of Pharmacy, Nashik.",Nashik,Unaided,GSCS,State Level,Any,66773,
2022-23,D Pharmacy,CAP Round I,05294,"Godavari Shikshan Mandal's Asian Institute of Pharmacy, Nashik.",Nashik,Unaided,LSCS,State Level,Ladies,59465,
2022-23,D Pharmacy,CAP Round I,05294,"Godavari Shikshan Mandal's Asian Institute of Pharmacy, Nashik.",Nashik,Unaided,GSTS,State Level,Any,39940,
2022-23,D Pharmacy,CAP Round I,05294,"Godavari Shikshan Mandal's Asian Institute of Pharmacy, Nashik.",Nashik,Unaided,LSTS,State Level,Ladies,47212,
2022-23,D Pharmacy,CAP Round I,05294,"Godavari Shikshan Mandal's Asian Institute of Pharmacy, Nashik.",Nashik,Unaided,GVJS,State Level,Any,41827,
2022-23,D Pharmacy,CAP Round I,05294,"Godavari Shikshan Mandal's Asian Institute of Pharmacy, Nashik.",Nashik,Unaided,LNT1S,State Level,Ladies,63961,
2022-23,D Pharmacy,CAP Round I,05294,"Godavari Shikshan Mandal's Asian Institute of Pharmacy, Nashik.",Nashik,Unaided,GNT2S,State Level,Any,45317,
2022-23,D Pharmacy,CAP Round I,05294,"Godavari Shikshan Mandal's Asian Institute of Pharmacy, Nashik.",Nashik,Unaided,GNT3S,State Level,Any,51398,
2022-23,D Pharmacy,CAP Round I,05294,"Godavari Shikshan Mandal's Asian Institute of Pharmacy, Nashik.",Nashik,Unaided,GOBCS,State Level,Any,44600,
2022-23,D Pharmacy,CAP Round I,05294,"Godavari Shikshan Mandal's Asian Institute of Pharmacy, Nashik.",Nashik,Unaided,LOBCS,State Level,Ladies,44453,
2022-23,D Pharmacy,CAP Round I,05294,"Godavari Shikshan Mandal's Asian Institute of Pharmacy, Nashik.",Nashik,Unaided,EWS,Special,Any,53500,
2022-23,D Pharmacy,CAP Round I,05294,"Godavari Shikshan Mandal's Asian Institute of Pharmacy, Nashik.",Nashik,Unaided,TFWS,Special,Any,31808,
2022-23,D Pharmacy,CAP Round I,05295,"Sanjay Education Society's Institute of Pharmacy, Navalnagar, Dhule",Dhule,Unaided,GOPENS,State Level,Any,28671,
2022-23,D Pharmacy,CAP Round I,05295,"Sanjay Education Society's Institute of Pharmacy, Navalnagar, Dhule",Dhule,Unaided,LOPENS,State Level,Ladies,28087,
2022-23,D Pharmacy,CAP Round I,05295,"Sanjay Education Society's Institute of Pharmacy, Navalnagar, Dhule",Dhule,Unaided,GSCS,State Level,Any,47352,
2022-23,D Pharmacy,CAP Round I,05295,"Sanjay Education Society's Institute of Pharmacy, Navalnagar, Dhule",Dhule,Unaided,LSCS,State Level,Ladies,64461,
2022-23,D Pharmacy,CAP Round I,05295,"Sanjay Education Society's Institute of Pharmacy, Navalnagar, Dhule",Dhule,Unaided,GSTS,State Level,Any,30596,
2022-23,D Pharmacy,CAP Round I,05295,"Sanjay Education Society's Institute of Pharmacy, Navalnagar, Dhule",Dhule,Unaided,LSTS,State Level,Ladies,30292,
2022-23,D Pharmacy,CAP Round I,05295,"Sanjay Education Society's Institute of Pharmacy, Navalnagar, Dhule",Dhule,Unaided,GVJS,State Level,Any,35597,
2022-23,D Pharmacy,CAP Round I,05295,"Sanjay Education Society's Institute of Pharmacy, Navalnagar, Dhule",Dhule,Unaided,LVJS,State Level,Ladies,36448,
2022-23,D Pharmacy,CAP Round I,05295,"Sanjay Education Society's Institute of Pharmacy, Navalnagar, Dhule",Dhule,Unaided,GNT1S,State Level,Any,34159,
2022-23,D Pharmacy,CAP Round I,05295,"Sanjay Education Society's Institute of Pharmacy, Navalnagar, Dhule",Dhule,Unaided,GNT2S,State Level,Any,30696,
2022-23,D Pharmacy,CAP Round I,05295,"Sanjay Education Society's Institute of Pharmacy, Navalnagar, Dhule",Dhule,Unaided,GOBCS,State Level,Any,32023,
2022-23,D Pharmacy,CAP Round I,05295,"Sanjay Education Society's Institute of Pharmacy, Navalnagar, Dhule",Dhule,Unaided,LOBCS,State Level,Ladies,30280,
2022-23,D Pharmacy,CAP Round I,05295,"Sanjay Education Society's Institute of Pharmacy, Navalnagar, Dhule",Dhule,Unaided,EWS,Special,Any,66000,
2022-23,D Pharmacy,CAP Round I,05295,"Sanjay Education Society's Institute of Pharmacy, Navalnagar, Dhule",Dhule,Unaided,TFWS,Special,Any,14778,
2022-23,D Pharmacy,CAP Round I,05295,"Sanjay Education Society's Institute of Pharmacy, Navalnagar, Dhule",Dhule,Unaided,LNT3S,State Level,Ladies,52415,
2022-23,D Pharmacy,CAP Round I,05296,"Navmaharahstra Shikshan Mandal's Abasaheb kakade Pharmacy College, Bodhegaon, Ahmednagar",Ahmednagar,Unaided,GOPENS,State Level,Any,8720,
2022-23,D Pharmacy,CAP Round I,05296,"Navmaharahstra Shikshan Mandal's Abasaheb kakade Pharmacy College, Bodhegaon, Ahmednagar",Ahmednagar,Unaided,LOPENS,State Level,Ladies,6133,
2022-23,D Pharmacy,CAP Round I,05296,"Navmaharahstra Shikshan Mandal's Abasaheb kakade Pharmacy College, Bodhegaon, Ahmednagar",Ahmednagar,Unaided,GSCS,State Level,Any,23452,
2022-23,D Pharmacy,CAP Round I,05296,"Navmaharahstra Shikshan Mandal's Abasaheb kakade Pharmacy College, Bodhegaon, Ahmednagar",Ahmednagar,Unaided,LSCS,State Level,Ladies,21552,
2022-23,D Pharmacy,CAP Round I,05296,"Navmaharahstra Shikshan Mandal's Abasaheb kakade Pharmacy College, Bodhegaon, Ahmednagar",Ahmednagar,Unaided,LSTS,State Level,Ladies,20555,
2022-23,D Pharmacy,CAP Round I,05296,"Navmaharahstra Shikshan Mandal's Abasaheb kakade Pharmacy College, Bodhegaon, Ahmednagar",Ahmednagar,Unaided,GVJS,State Level,Any,20119,
2022-23,D Pharmacy,CAP Round I,05296,"Navmaharahstra Shikshan Mandal's Abasaheb kakade Pharmacy College, Bodhegaon, Ahmednagar",Ahmednagar,Unaided,GNT1S,State Level,Any,16025,
2022-23,D Pharmacy,CAP Round I,05296,"Navmaharahstra Shikshan Mandal's Abasaheb kakade Pharmacy College, Bodhegaon, Ahmednagar",Ahmednagar,Unaided,LNT1S,State Level,Ladies,19257,
2022-23,D Pharmacy,CAP Round I,05296,"Navmaharahstra Shikshan Mandal's Abasaheb kakade Pharmacy College, Bodhegaon, Ahmednagar",Ahmednagar,Unaided,GNT2S,State Level,Any,9518,
2022-23,D Pharmacy,CAP Round I,05296,"Navmaharahstra Shikshan Mandal's Abasaheb kakade Pharmacy College, Bodhegaon, Ahmednagar",Ahmednagar,Unaided,LNT3S,State Level,Ladies,8134,
2022-23,D Pharmacy,CAP Round I,05296,"Navmaharahstra Shikshan Mandal's Abasaheb kakade Pharmacy College, Bodhegaon, Ahmednagar",Ahmednagar,Unaided,GOBCS,State Level,Any,19660,
2022-23,D Pharmacy,CAP Round I,05296,"Navmaharahstra Shikshan Mandal's Abasaheb kakade Pharmacy College, Bodhegaon, Ahmednagar",Ahmednagar,Unaided,LOBCS,State Level,Ladies,11895,
2022-23,D Pharmacy,CAP Round I,05296,"Navmaharahstra Shikshan Mandal's Abasaheb kakade Pharmacy College, Bodhegaon, Ahmednagar",Ahmednagar,Unaided,PWDOPENS,State Level,Any,33575,
2022-23,D Pharmacy,CAP Round I,05296,"Navmaharahstra Shikshan Mandal's Abasaheb kakade Pharmacy College, Bodhegaon, Ahmednagar",Ahmednagar,Unaided,DEFOPENS,State Level,Any,51961,
2022-23,D Pharmacy,CAP Round I,05296,"Navmaharahstra Shikshan Mandal's Abasaheb kakade Pharmacy College, Bodhegaon, Ahmednagar",Ahmednagar,Unaided,EWS,Special,Any,6933,
2022-23,D Pharmacy,CAP Round I,05296,"Navmaharahstra Shikshan Mandal's Abasaheb kakade Pharmacy College, Bodhegaon, Ahmednagar",Ahmednagar,Unaided,TFWS,Special,Any,4786,
2022-23,D Pharmacy,CAP Round I,05297,"Sangamner Medical foundation & Research Institute, Wamanrao Ithape Pharmacy College, Sangamner, Dist. Ahmednagar",Ahmednagar,Unaided,GOPENS,State Level,Any,38711,
2022-23,D Pharmacy,CAP Round I,05297,"Sangamner Medical foundation & Research Institute, Wamanrao Ithape Pharmacy College, Sangamner, Dist. Ahmednagar",Ahmednagar,Unaided,LOPENS,State Level,Ladies,36958,
2022-23,D Pharmacy,CAP Round I,05297,"Sangamner Medical foundation & Research Institute, Wamanrao Ithape Pharmacy College, Sangamner, Dist. Ahmednagar",Ahmednagar,Unaided,GSCS,State Level,Any,60971,
2022-23,D Pharmacy,CAP Round I,05297,"Sangamner Medical foundation & Research Institute, Wamanrao Ithape Pharmacy College, Sangamner, Dist. Ahmednagar",Ahmednagar,Unaided,LSCS,State Level,Ladies,69179,
2022-23,D Pharmacy,CAP Round I,05297,"Sangamner Medical foundation & Research Institute, Wamanrao Ithape Pharmacy College, Sangamner, Dist. Ahmednagar",Ahmednagar,Unaided,GSTS,State Level,Any,54013,
2022-23,D Pharmacy,CAP Round I,05297,"Sangamner Medical foundation & Research Institute, Wamanrao Ithape Pharmacy College, Sangamner, Dist. Ahmednagar",Ahmednagar,Unaided,LSTS,State Level,Ladies,62491,
2022-23,D Pharmacy,CAP Round I,05297,"Sangamner Medical foundation & Research Institute, Wamanrao Ithape Pharmacy College, Sangamner, Dist. Ahmednagar",Ahmednagar,Unaided,GVJS,State Level,Any,47438,
2022-23,D Pharmacy,CAP Round I,05297,"Sangamner Medical foundation & Research Institute, Wamanrao Ithape Pharmacy College, Sangamner, Dist. Ahmednagar",Ahmednagar,Unaided,LVJS,State Level,Ladies,80588,
2022-23,D Pharmacy,CAP Round I,05297,"Sangamner Medical foundation & Research Institute, Wamanrao Ithape Pharmacy College, Sangamner, Dist. Ahmednagar",Ahmednagar,Unaided,GNT1S,State Level,Any,42230,
2022-23,D Pharmacy,CAP Round I,05297,"Sangamner Medical foundation & Research Institute, Wamanrao Ithape Pharmacy College, Sangamner, Dist. Ahmednagar",Ahmednagar,Unaided,GNT2S,State Level,Any,39269,
2022-23,D Pharmacy,CAP Round I,05297,"Sangamner Medical foundation & Research Institute, Wamanrao Ithape Pharmacy College, Sangamner, Dist. Ahmednagar",Ahmednagar,Unaided,LNT2S,State Level,Ladies,43096,
2022-23,D Pharmacy,CAP Round I,05297,"Sangamner Medical foundation & Research Institute, Wamanrao Ithape Pharmacy College, Sangamner, Dist. Ahmednagar",Ahmednagar,Unaided,GNT3S,State Level,Any,40598,
2022-23,D Pharmacy,CAP Round I,05297,"Sangamner Medical foundation & Research Institute, Wamanrao Ithape Pharmacy College, Sangamner, Dist. Ahmednagar",Ahmednagar,Unaided,GOBCS,State Level,Any,46969,
2022-23,D Pharmacy,CAP Round I,05297,"Sangamner Medical foundation & Research Institute, Wamanrao Ithape Pharmacy College, Sangamner, Dist. Ahmednagar",Ahmednagar,Unaided,LOBCS,State Level,Ladies,46296,
2022-23,D Pharmacy,CAP Round I,05297,"Sangamner Medical foundation & Research Institute, Wamanrao Ithape Pharmacy College, Sangamner, Dist. Ahmednagar",Ahmednagar,Unaided,EWS,Special,Any,38989,
2022-23,D Pharmacy,CAP Round I,05297,"Sangamner Medical foundation & Research Institute, Wamanrao Ithape Pharmacy College, Sangamner, Dist. Ahmednagar",Ahmednagar,Unaided,TFWS,Special,Any,27226,
2022-23,D Pharmacy,CAP Round I,05300,"Shraddha Rural Medical Social Welfare & Education's Sahakar Maharshi Kisanrao Varal Patil College Of Pharmacy, Nighoj, Tal.Parner, Dist. Ahmednagar",Ahmednagar,Unaided,GOPENS,State Level,Any,40553,
2022-23,D Pharmacy,CAP Round I,05300,"Shraddha Rural Medical Social Welfare & Education's Sahakar Maharshi Kisanrao Varal Patil College Of Pharmacy, Nighoj, Tal.Parner, Dist. Ahmednagar",Ahmednagar,Unaided,LOPENS,State Level,Ladies,35488,
2022-23,D Pharmacy,CAP Round I,05300,"Shraddha Rural Medical Social Welfare & Education's Sahakar Maharshi Kisanrao Varal Patil College Of Pharmacy, Nighoj, Tal.Parner, Dist. Ahmednagar",Ahmednagar,Unaided,GSCS,State Level,Any,65492,
2022-23,D Pharmacy,CAP Round I,05300,"Shraddha Rural Medical Social Welfare & Education's Sahakar Maharshi Kisanrao Varal Patil College Of Pharmacy, Nighoj, Tal.Parner, Dist. Ahmednagar",Ahmednagar,Unaided,LSCS,State Level,Ladies,57899,
2022-23,D Pharmacy,CAP Round I,05300,"Shraddha Rural Medical Social Welfare & Education's Sahakar Maharshi Kisanrao Varal Patil College Of Pharmacy, Nighoj, Tal.Parner, Dist. Ahmednagar",Ahmednagar,Unaided,GSTS,State Level,Any,68186,
2022-23,D Pharmacy,CAP Round I,05300,"Shraddha Rural Medical Social Welfare & Education's Sahakar Maharshi Kisanrao Varal Patil College Of Pharmacy, Nighoj, Tal.Parner, Dist. Ahmednagar",Ahmednagar,Unaided,GVJS,State Level,Any,43402,
2022-23,D Pharmacy,CAP Round I,05300,"Shraddha Rural Medical Social Welfare & Education's Sahakar Maharshi Kisanrao Varal Patil College Of Pharmacy, Nighoj, Tal.Parner, Dist. Ahmednagar",Ahmednagar,Unaided,GNT1S,State Level,Any,49120,
2022-23,D Pharmacy,CAP Round I,05300,"Shraddha Rural Medical Social Welfare & Education's Sahakar Maharshi Kisanrao Varal Patil College Of Pharmacy, Nighoj, Tal.Parner, Dist. Ahmednagar",Ahmednagar,Unaided,GNT2S,State Level,Any,41268,
2022-23,D Pharmacy,CAP Round I,05300,"Shraddha Rural Medical Social Welfare & Education's Sahakar Maharshi Kisanrao Varal Patil College Of Pharmacy, Nighoj, Tal.Parner, Dist. Ahmednagar",Ahmednagar,Unaided,LNT2S,State Level,Ladies,37212,
2022-23,D Pharmacy,CAP Round I,05300,"Shraddha Rural Medical Social Welfare & Education's Sahakar Maharshi Kisanrao Varal Patil College Of Pharmacy, Nighoj, Tal.Parner, Dist. Ahmednagar",Ahmednagar,Unaided,GNT3S,State Level,Any,42750,
2022-23,D Pharmacy,CAP Round I,05300,"Shraddha Rural Medical Social Welfare & Education's Sahakar Maharshi Kisanrao Varal Patil College Of Pharmacy, Nighoj, Tal.Parner, Dist. Ahmednagar",Ahmednagar,Unaided,GOBCS,State Level,Any,49380,
2022-23,D Pharmacy,CAP Round I,05300,"Shraddha Rural Medical Social Welfare & Education's Sahakar Maharshi Kisanrao Varal Patil College Of Pharmacy, Nighoj, Tal.Parner, Dist. Ahmednagar",Ahmednagar,Unaided,LOBCS,State Level,Ladies,49463,
2022-23,D Pharmacy,CAP Round I,05300,"Shraddha Rural Medical Social Welfare & Education's Sahakar Maharshi Kisanrao Varal Patil College Of Pharmacy, Nighoj, Tal.Parner, Dist. Ahmednagar",Ahmednagar,Unaided,EWS,Special,Any,40074,
2022-23,D Pharmacy,CAP Round I,05300,"Shraddha Rural Medical Social Welfare & Education's Sahakar Maharshi Kisanrao Varal Patil College Of Pharmacy, Nighoj, Tal.Parner, Dist. Ahmednagar",Ahmednagar,Unaided,TFWS,Special,Any,16206,
2022-23,D Pharmacy,CAP Round I,05301,"Shri.Krishna Educational & Cultural Mandal,Shri.Gulabrao Deokar Institute of Pharmacy & Research Centre, Jalgaon",Jalgaon,Unaided,GOPENS,State Level,Any,28417,
2022-23,D Pharmacy,CAP Round I,05301,"Shri.Krishna Educational & Cultural Mandal,Shri.Gulabrao Deokar Institute of Pharmacy & Research Centre, Jalgaon",Jalgaon,Unaided,LOPENS,State Level,Ladies,24543,
2022-23,D Pharmacy,CAP Round I,05301,"Shri.Krishna Educational & Cultural Mandal,Shri.Gulabrao Deokar Institute of Pharmacy & Research Centre, Jalgaon",Jalgaon,Unaided,GSCS,State Level,Any,67103,
2022-23,D Pharmacy,CAP Round I,05301,"Shri.Krishna Educational & Cultural Mandal,Shri.Gulabrao Deokar Institute of Pharmacy & Research Centre, Jalgaon",Jalgaon,Unaided,LSCS,State Level,Ladies,45896,
2022-23,D Pharmacy,CAP Round I,05301,"Shri.Krishna Educational & Cultural Mandal,Shri.Gulabrao Deokar Institute of Pharmacy & Research Centre, Jalgaon",Jalgaon,Unaided,GSTS,State Level,Any,40127,
2022-23,D Pharmacy,CAP Round I,05301,"Shri.Krishna Educational & Cultural Mandal,Shri.Gulabrao Deokar Institute of Pharmacy & Research Centre, Jalgaon",Jalgaon,Unaided,LSTS,State Level,Ladies,30859,
2022-23,D Pharmacy,CAP Round I,05301,"Shri.Krishna Educational & Cultural Mandal,Shri.Gulabrao Deokar Institute of Pharmacy & Research Centre, Jalgaon",Jalgaon,Unaided,GVJS,State Level,Any,31033,
2022-23,D Pharmacy,CAP Round I,05301,"Shri.Krishna Educational & Cultural Mandal,Shri.Gulabrao Deokar Institute of Pharmacy & Research Centre, Jalgaon",Jalgaon,Unaided,LVJS,State Level,Ladies,29969,
2022-23,D Pharmacy,CAP Round I,05301,"Shri.Krishna Educational & Cultural Mandal,Shri.Gulabrao Deokar Institute of Pharmacy & Research Centre, Jalgaon",Jalgaon,Unaided,GNT1S,State Level,Any,38853,
2022-23,D Pharmacy,CAP Round I,05301,"Shri.Krishna Educational & Cultural Mandal,Shri.Gulabrao Deokar Institute of Pharmacy & Research Centre, Jalgaon",Jalgaon,Unaided,GNT2S,State Level,Any,32296,
2022-23,D Pharmacy,CAP Round I,05301,"Shri.Krishna Educational & Cultural Mandal,Shri.Gulabrao Deokar Institute of Pharmacy & Research Centre, Jalgaon",Jalgaon,Unaided,LNT2S,State Level,Ladies,27947,
2022-23,D Pharmacy,CAP Round I,05301,"Shri.Krishna Educational & Cultural Mandal,Shri.Gulabrao Deokar Institute of Pharmacy & Research Centre, Jalgaon",Jalgaon,Unaided,GNT3S,State Level,Any,50660,
2022-23,D Pharmacy,CAP Round I,05301,"Shri.Krishna Educational & Cultural Mandal,Shri.Gulabrao Deokar Institute of Pharmacy & Research Centre, Jalgaon",Jalgaon,Unaided,GOBCS,State Level,Any,29620,
2022-23,D Pharmacy,CAP Round I,05301,"Shri.Krishna Educational & Cultural Mandal,Shri.Gulabrao Deokar Institute of Pharmacy & Research Centre, Jalgaon",Jalgaon,Unaided,LOBCS,State Level,Ladies,28230,
2022-23,D Pharmacy,CAP Round I,05301,"Shri.Krishna Educational & Cultural Mandal,Shri.Gulabrao Deokar Institute of Pharmacy & Research Centre, Jalgaon",Jalgaon,Unaided,EWS,Special,Any,30050,
2022-23,D Pharmacy,CAP Round I,05301,"Shri.Krishna Educational & Cultural Mandal,Shri.Gulabrao Deokar Institute of Pharmacy & Research Centre, Jalgaon",Jalgaon,Unaided,TFWS,Special,Any,19237,
2022-23,D Pharmacy,CAP Round I,05301,"Shri.Krishna Educational & Cultural Mandal,Shri.Gulabrao Deokar Institute of Pharmacy & Research Centre, Jalgaon",Jalgaon,Unaided,LSCS,State Level,Ladies,68047,
2022-23,D Pharmacy,CAP Round I,05303,"Hon. Shri. Babanrao Pachpute Vichardhara Trust, Group of Institutions (Integrated Campus)-Parikrama, Kashti Shrigondha,",,Unaided,GOPENS,State Level,Any,27430,
2022-23,D Pharmacy,CAP Round I,05303,"Hon. Shri. Babanrao Pachpute Vichardhara Trust, Group of Institutions (Integrated Campus)-Parikrama, Kashti Shrigondha,",,Unaided,LOPENS,State Level,Ladies,12304,
2022-23,D Pharmacy,CAP Round I,05303,"Hon. Shri. Babanrao Pachpute Vichardhara Trust, Group of Institutions (Integrated Campus)-Parikrama, Kashti Shrigondha,",,Unaided,GSCS,State Level,Any,54402,
2022-23,D Pharmacy,CAP Round I,05303,"Hon. Shri. Babanrao Pachpute Vichardhara Trust, Group of Institutions (Integrated Campus)-Parikrama, Kashti Shrigondha,",,Unaided,LSCS,State Level,Ladies,51747,
2022-23,D Pharmacy,CAP Round I,05303,"Hon. Shri. Babanrao Pachpute Vichardhara Trust, Group of Institutions (Integrated Campus)-Parikrama, Kashti Shrigondha,",,Unaided,GVJS,State Level,Any,36575,
2022-23,D Pharmacy,CAP Round I,05303,"Hon. Shri. Babanrao Pachpute Vichardhara Trust, Group of Institutions (Integrated Campus)-Parikrama, Kashti Shrigondha,",,Unaided,GNT1S,State Level,Any,38363,
2022-23,D Pharmacy,CAP Round I,05303,"Hon. Shri. Babanrao Pachpute Vichardhara Trust, Group of Institutions (Integrated Campus)-Parikrama, Kashti Shrigondha,",,Unaided,LNT1S,State Level,Ladies,65639,
2022-23,D Pharmacy,CAP Round I,05303,"Hon. Shri. Babanrao Pachpute Vichardhara Trust, Group of Institutions (Integrated Campus)-Parikrama, Kashti Shrigondha,",,Unaided,GNT2S,State Level,Any,30323,
2022-23,D Pharmacy,CAP Round I,05303,"Hon. Shri. Babanrao Pachpute Vichardhara Trust, Group of Institutions (Integrated Campus)-Parikrama, Kashti Shrigondha,",,Unaided,GNT3S,State Level,Any,29457,
2022-23,D Pharmacy,CAP Round I,05303,"Hon. Shri. Babanrao Pachpute Vichardhara Trust, Group of Institutions (Integrated Campus)-Parikrama, Kashti Shrigondha,",,Unaided,GOBCS,State Level,Any,45165,
2022-23,D Pharmacy,CAP Round I,05303,"Hon. Shri. Babanrao Pachpute Vichardhara Trust, Group of Institutions (Integrated Campus)-Parikrama, Kashti Shrigondha,",,Unaided,LOBCS,State Level,Ladies,46002,
2022-23,D Pharmacy,CAP Round I,05303,"Hon. Shri. Babanrao Pachpute Vichardhara Trust, Group of Institutions (Integrated Campus)-Parikrama, Kashti Shrigondha,",,Unaided,PWDOPENS,State Level,Any,28159,
2022-23,D Pharmacy,CAP Round I,05303,"Hon. Shri. Babanrao Pachpute Vichardhara Trust, Group of Institutions (Integrated Campus)-Parikrama, Kashti Shrigondha,",,Unaided,DEFOPENS,State Level,Any,79977,
2022-23,D Pharmacy,CAP Round I,05303,"Hon. Shri. Babanrao Pachpute Vichardhara Trust, Group of Institutions (Integrated Campus)-Parikrama, Kashti Shrigondha,",,Unaided,EWS,Special,Any,37789,
2022-23,D Pharmacy,CAP Round I,05303,"Hon. Shri. Babanrao Pachpute Vichardhara Trust, Group of Institutions (Integrated Campus)-Parikrama, Kashti Shrigondha,",,Unaided,TFWS,Special,Any,8578,
2022-23,D Pharmacy,CAP Round I,05379,"Jamia Isalamia Isha-atul Uloom's Jamia College of Pharmacy, Akkalkuwa.",Nandurbar,Religious Minority - Muslim,MI,Special,Any,34317,
2022-23,D Pharmacy,CAP Round I,05379,"Jamia Isalamia Isha-atul Uloom's Jamia College of Pharmacy, Akkalkuwa.",Nandurbar,Religious Minority - Muslim,TFWS,Special,Any,13642,
2022-23,D Pharmacy,CAP Round I,05391,"Sandip Institute of Pharmaceutical Science, Nashik.",Nashik,Unaided,GOPENS,State Level,Any,23533,
2022-23,D Pharmacy,CAP Round I,05391,"Sandip Institute of Pharmaceutical Science, Nashik.",Nashik,Unaided,LOPENS,State Level,Ladies,29868,
2022-23,D Pharmacy,CAP Round I,05391,"Sandip Institute of Pharmaceutical Science, Nashik.",Nashik,Unaided,GSCS,State Level,Any,43516,
2022-23,D Pharmacy,CAP Round I,05391,"Sandip Institute of Pharmaceutical Science, Nashik.",Nashik,Unaided,LSCS,State Level,Ladies,41474,
2022-23,D Pharmacy,CAP Round I,05391,"Sandip Institute of Pharmaceutical Science, Nashik.",Nashik,Unaided,GSTS,State Level,Any,29548,
2022-23,D Pharmacy,CAP Round I,05391,"Sandip Institute of Pharmaceutical Science, Nashik.",Nashik,Unaided,LSTS,State Level,Ladies,33385,
2022-23,D Pharmacy,CAP Round I,05391,"Sandip Institute of Pharmaceutical Science, Nashik.",Nashik,Unaided,GVJS,State Level,Any,30561,
2022-23,D Pharmacy,CAP Round I,05391,"Sandip Institute of Pharmaceutical Science, Nashik.",Nashik,Unaided,LVJS,State Level,Ladies,35884,
2022-23,D Pharmacy,CAP Round I,05391,"Sandip Institute of Pharmaceutical Science, Nashik.",Nashik,Unaided,GNT1S,State Level,Any,28314,
2022-23,D Pharmacy,CAP Round I,05391,"Sandip Institute of Pharmaceutical Science, Nashik.",Nashik,Unaided,GNT2S,State Level,Any,31347,
2022-23,D Pharmacy,CAP Round I,05391,"Sandip Institute of Pharmaceutical Science, Nashik.",Nashik,Unaided,LNT2S,State Level,Ladies,38786,
2022-23,D Pharmacy,CAP Round I,05391,"Sandip Institute of Pharmaceutical Science, Nashik.",Nashik,Unaided,GNT3S,State Level,Any,34933,
2022-23,D Pharmacy,CAP Round I,05391,"Sandip Institute of Pharmaceutical Science, Nashik.",Nashik,Unaided,GOBCS,State Level,Any,32924,
2022-23,D Pharmacy,CAP Round I,05391,"Sandip Institute of Pharmaceutical Science, Nashik.",Nashik,Unaided,LOBCS,State Level,Ladies,34661,
2022-23,D Pharmacy,CAP Round I,05391,"Sandip Institute of Pharmaceutical Science, Nashik.",Nashik,Unaided,EWS,Special,Any,38124,
2022-23,D Pharmacy,CAP Round I,05391,"Sandip Institute of Pharmaceutical Science, Nashik.",Nashik,Unaided,TFWS,Special,Any,15819,
2022-23,D Pharmacy,CAP Round I,05403,"Samarth Institute of Pharmacy, Kavathe",Kolhapur,Unaided,GOPENS,State Level,Any,28977,
2022-23,D Pharmacy,CAP Round I,05403,"Samarth Institute of Pharmacy, Kavathe",Kolhapur,Unaided,LOPENS,State Level,Ladies,24853,
2022-23,D Pharmacy,CAP Round I,05403,"Samarth Institute of Pharmacy, Kavathe",Kolhapur,Unaided,GSCS,State Level,Any,68629,
2022-23,D Pharmacy,CAP Round I,05403,"Samarth Institute of Pharmacy, Kavathe",Kolhapur,Unaided,LSCS,State Level,Ladies,73447,
2022-23,D Pharmacy,CAP Round I,05403,"Samarth Institute of Pharmacy, Kavathe",Kolhapur,Unaided,GSTS,State Level,Any,35589,
2022-23,D Pharmacy,CAP Round I,05403,"Samarth Institute of Pharmacy, Kavathe",Kolhapur,Unaided,LSTS,State Level,Ladies,27365,
2022-23,D Pharmacy,CAP Round I,05403,"Samarth Institute of Pharmacy, Kavathe",Kolhapur,Unaided,GVJS,State Level,Any,39252,
2022-23,D Pharmacy,CAP Round I,05403,"Samarth Institute of Pharmacy, Kavathe",Kolhapur,Unaided,GNT1S,State Level,Any,33217,
2022-23,D Pharmacy,CAP Round I,05403,"Samarth Institute of Pharmacy, Kavathe",Kolhapur,Unaided,GNT2S,State Level,Any,30686,
2022-23,D Pharmacy,CAP Round I,05403,"Samarth Institute of Pharmacy, Kavathe",Kolhapur,Unaided,GOBCS,State Level,Any,36224,
2022-23,D Pharmacy,CAP Round I,05403,"Samarth Institute of Pharmacy, Kavathe",Kolhapur,Unaided,LOBCS,State Level,Ladies,34000,
2022-23,D Pharmacy,CAP Round I,05403,"Samarth Institute of Pharmacy, Kavathe",Kolhapur,Unaided,EWS,Special,Any,82527,
2022-23,D Pharmacy,CAP Round I,05403,"Samarth Institute of Pharmacy, Kavathe",Kolhapur,Unaided,TFWS,Special,Any,9262,
2022-23,D Pharmacy,CAP Round I,05403,"Samarth Institute of Pharmacy, Kavathe",Kolhapur,Unaided,LNT3S,State Level,Ladies,52313,
2022-23,D Pharmacy,CAP Round I,05405,"Matoshri College of Pharmacy, Eklahare, Nashik",Nashik,Unaided,GOPENS,State Level,Any,36913,
2022-23,D Pharmacy,CAP Round I,05405,"Matoshri College of Pharmacy, Eklahare, Nashik",Nashik,Unaided,LOPENS,State Level,Ladies,27265,
2022-23,D Pharmacy,CAP Round I,05405,"Matoshri College of Pharmacy, Eklahare, Nashik",Nashik,Unaided,GSCS,State Level,Any,59961,
2022-23,D Pharmacy,CAP Round I,05405,"Matoshri College of Pharmacy, Eklahare, Nashik",Nashik,Unaided,LSCS,State Level,Ladies,31264,
2022-23,D Pharmacy,CAP Round I,05405,"Matoshri College of Pharmacy, Eklahare, Nashik",Nashik,Unaided,GSTS,State Level,Any,37168,
2022-23,D Pharmacy,CAP Round I,05405,"Matoshri College of Pharmacy, Eklahare, Nashik",Nashik,Unaided,LSTS,State Level,Ladies,31804,
2022-23,D Pharmacy,CAP Round I,05405,"Matoshri College of Pharmacy, Eklahare, Nashik",Nashik,Unaided,GVJS,State Level,Any,43073,
2022-23,D Pharmacy,CAP Round I,05405,"Matoshri College of Pharmacy, Eklahare, Nashik",Nashik,Unaided,LVJS,State Level,Ladies,43602,
2022-23,D Pharmacy,CAP Round I,05405,"Matoshri College of Pharmacy, Eklahare, Nashik",Nashik,Unaided,LNT1S,State Level,Ladies,60430,
2022-23,D Pharmacy,CAP Round I,05405,"Matoshri College of Pharmacy, Eklahare, Nashik",Nashik,Unaided,GNT2S,State Level,Any,44923,
2022-23,D Pharmacy,CAP Round I,05405,"Matoshri College of Pharmacy, Eklahare, Nashik",Nashik,Unaided,LNT2S,State Level,Ladies,43765,
2022-23,D Pharmacy,CAP Round I,05405,"Matoshri College of Pharmacy, Eklahare, Nashik",Nashik,Unaided,GNT3S,State Level,Any,39656,
2022-23,D Pharmacy,CAP Round I,05405,"Matoshri College of Pharmacy, Eklahare, Nashik",Nashik,Unaided,GOBCS,State Level,Any,40552,
2022-23,D Pharmacy,CAP Round I,05405,"Matoshri College of Pharmacy, Eklahare, Nashik",Nashik,Unaided,LOBCS,State Level,Ladies,38543,
2022-23,D Pharmacy,CAP Round I,05405,"Matoshri College of Pharmacy, Eklahare, Nashik",Nashik,Unaided,DEFOPENS,State Level,Any,40736,
2022-23,D Pharmacy,CAP Round I,05405,"Matoshri College of Pharmacy, Eklahare, Nashik",Nashik,Unaided,EWS,Special,Any,47518,
2022-23,D Pharmacy,CAP Round I,05405,"Matoshri College of Pharmacy, Eklahare, Nashik",Nashik,Unaided,TFWS,Special,Any,14321,
2022-23,D Pharmacy,CAP Round I,05407,"J.E.S.S. College of Pharmacy, Nandurbar",Nandurbar,Unaided,GOPENS,State Level,Any,19185,
2022-23,D Pharmacy,CAP Round I,05407,"J.E.S.S. College of Pharmacy, Nandurbar",Nandurbar,Unaided,LOPENS,State Level,Ladies,18889,
2022-23,D Pharmacy,CAP Round I,05407,"J.E.S.S. College of Pharmacy, Nandurbar",Nandurbar,Unaided,GSCS,State Level,Any,32630,
2022-23,D Pharmacy,CAP Round I,05407,"J.E.S.S. College of Pharmacy, Nandurbar",Nandurbar,Unaided,LSCS,State Level,Ladies,25767,
2022-23,D Pharmacy,CAP Round I,05407,"J.E.S.S. College of Pharmacy, Nandurbar",Nandurbar,Unaided,GSTS,State Level,Any,19792,
2022-23,D Pharmacy,CAP Round I,05407,"J.E.S.S. College of Pharmacy, Nandurbar",Nandurbar,Unaided,LSTS,State Level,Ladies,18547,
2022-23,D Pharmacy,CAP Round I,05407,"J.E.S.S. College of Pharmacy, Nandurbar",Nandurbar,Unaided,GVJS,State Level,Any,33008,
2022-23,D Pharmacy,CAP Round I,05407,"J.E.S.S. College of Pharmacy, Nandurbar",Nandurbar,Unaided,GNT1S,State Level,Any,39409,
2022-23,D Pharmacy,CAP Round I,05407,"J.E.S.S. College of Pharmacy, Nandurbar",Nandurbar,Unaided,LNT1S,State Level,Ladies,33750,
2022-23,D Pharmacy,CAP Round I,05407,"J.E.S.S. College of Pharmacy, Nandurbar",Nandurbar,Unaided,GNT2S,State Level,Any,20456,
2022-23,D Pharmacy,CAP Round I,05407,"J.E.S.S. College of Pharmacy, Nandurbar",Nandurbar,Unaided,GNT3S,State Level,Any,27706,
2022-23,D Pharmacy,CAP Round I,05407,"J.E.S.S. College of Pharmacy, Nandurbar",Nandurbar,Unaided,GOBCS,State Level,Any,26134,
2022-23,D Pharmacy,CAP Round I,05407,"J.E.S.S. College of Pharmacy, Nandurbar",Nandurbar,Unaided,LOBCS,State Level,Ladies,25407,
2022-23,D Pharmacy,CAP Round I,05407,"J.E.S.S. College of Pharmacy, Nandurbar",Nandurbar,Unaided,PWDOPENS,State Level,Any,48486,
2022-23,D Pharmacy,CAP Round I,05407,"J.E.S.S. College of Pharmacy, Nandurbar",Nandurbar,Unaided,DEFOPENS,State Level,Any,51260,
2022-23,D Pharmacy,CAP Round I,05407,"J.E.S.S. College of Pharmacy, Nandurbar",Nandurbar,Unaided,EWS,Special,Any,21098,
2022-23,D Pharmacy,CAP Round I,05407,"J.E.S.S. College of Pharmacy, Nandurbar",Nandurbar,Unaided,TFWS,Special,Any,15211,
2022-23,D Pharmacy,CAP Round I,05410,"Gokhale Education Society's Sir Dr. M.S.Gosavi College of Pharmaceutical Education & Research, Nashik",Nashik,Unaided,GOPENS,State Level,Any,28499,
2022-23,D Pharmacy,CAP Round I,05410,"Gokhale Education Society's Sir Dr. M.S.Gosavi College of Pharmaceutical Education & Research, Nashik",Nashik,Unaided,LOPENS,State Level,Ladies,19429,
2022-23,D Pharmacy,CAP Round I,05410,"Gokhale Education Society's Sir Dr. M.S.Gosavi College of Pharmaceutical Education & Research, Nashik",Nashik,Unaided,GSCS,State Level,Any,51865,
2022-23,D Pharmacy,CAP Round I,05410,"Gokhale Education Society's Sir Dr. M.S.Gosavi College of Pharmaceutical Education & Research, Nashik",Nashik,Unaided,LSCS,State Level,Ladies,43656,
2022-23,D Pharmacy,CAP Round I,05410,"Gokhale Education Society's Sir Dr. M.S.Gosavi College of Pharmaceutical Education & Research, Nashik",Nashik,Unaided,GSTS,State Level,Any,33286,
2022-23,D Pharmacy,CAP Round I,05410,"Gokhale Education Society's Sir Dr. M.S.Gosavi College of Pharmaceutical Education & Research, Nashik",Nashik,Unaided,LSTS,State Level,Ladies,22520,
2022-23,D Pharmacy,CAP Round I,05410,"Gokhale Education Society's Sir Dr. M.S.Gosavi College of Pharmaceutical Education & Research, Nashik",Nashik,Unaided,GVJS,State Level,Any,37720,
2022-23,D Pharmacy,CAP Round I,05410,"Gokhale Education Society's Sir Dr. M.S.Gosavi College of Pharmaceutical Education & Research, Nashik",Nashik,Unaided,GNT1S,State Level,Any,39868,
2022-23,D Pharmacy,CAP Round I,05410,"Gokhale Education Society's Sir Dr. M.S.Gosavi College of Pharmaceutical Education & Research, Nashik",Nashik,Unaided,GNT2S,State Level,Any,31310,
2022-23,D Pharmacy,CAP Round I,05410,"Gokhale Education Society's Sir Dr. M.S.Gosavi College of Pharmaceutical Education & Research, Nashik",Nashik,Unaided,LNT2S,State Level,Ladies,28011,
2022-23,D Pharmacy,CAP Round I,05410,"Gokhale Education Society's Sir Dr. M.S.Gosavi College of Pharmaceutical Education & Research, Nashik",Nashik,Unaided,GNT3S,State Level,Any,35577,
2022-23,D Pharmacy,CAP Round I,05410,"Gokhale Education Society's Sir Dr. M.S.Gosavi College of Pharmaceutical Education & Research, Nashik",Nashik,Unaided,GOBCS,State Level,Any,34219,
2022-23,D Pharmacy,CAP Round I,05410,"Gokhale Education Society's Sir Dr. M.S.Gosavi College of Pharmaceutical Education & Research, Nashik",Nashik,Unaided,LOBCS,State Level,Ladies,23413,
2022-23,D Pharmacy,CAP Round I,05410,"Gokhale Education Society's Sir Dr. M.S.Gosavi College of Pharmaceutical Education & Research, Nashik",Nashik,Unaided,EWS,Special,Any,42461,
2022-23,D Pharmacy,CAP Round I,05410,"Gokhale Education Society's Sir Dr. M.S.Gosavi College of Pharmaceutical Education & Research, Nashik",Nashik,Unaided,TFWS,Special,Any,6374,
2022-23,D Pharmacy,CAP Round I,05421,"Pravara Rural Education Society's College of PHarmacy (D.Pharm), Chincholi",Chandrapur,Unaided,GOPENS,State Level,Any,40678,
2022-23,D Pharmacy,CAP Round I,05421,"Pravara Rural Education Society's College of PHarmacy (D.Pharm), Chincholi",Chandrapur,Unaided,LOPENS,State Level,Ladies,26138,
2022-23,D Pharmacy,CAP Round I,05421,"Pravara Rural Education Society's College of PHarmacy (D.Pharm), Chincholi",Chandrapur,Unaided,GSCS,State Level,Any,65949,
2022-23,D Pharmacy,CAP Round I,05421,"Pravara Rural Education Society's College of PHarmacy (D.Pharm), Chincholi",Chandrapur,Unaided,LSCS,State Level,Ladies,34558,
2022-23,D Pharmacy,CAP Round I,05421,"Pravara Rural Education Society's College of PHarmacy (D.Pharm), Chincholi",Chandrapur,Unaided,GSTS,State Level,Any,53746,
2022-23,D Pharmacy,CAP Round I,05421,"Pravara Rural Education Society's College of PHarmacy (D.Pharm), Chincholi",Chandrapur,Unaided,LSTS,State Level,Ladies,61234,
2022-23,D Pharmacy,CAP Round I,05421,"Pravara Rural Education Society's College of PHarmacy (D.Pharm), Chincholi",Chandrapur,Unaided,GVJS,State Level,Any,48531,
2022-23,D Pharmacy,CAP Round I,05421,"Pravara Rural Education Society's College of PHarmacy (D.Pharm), Chincholi",Chandrapur,Unaided,GNT1S,State Level,Any,52912,
2022-23,D Pharmacy,CAP Round I,05421,"Pravara Rural Education Society's College of PHarmacy (D.Pharm), Chincholi",Chandrapur,Unaided,GNT2S,State Level,Any,44513,
2022-23,D Pharmacy,CAP Round I,05421,"Pravara Rural Education Society's College of PHarmacy (D.Pharm), Chincholi",Chandrapur,Unaided,LNT3S,State Level,Ladies,29907,
2022-23,D Pharmacy,CAP Round I,05421,"Pravara Rural Education Society's College of PHarmacy (D.Pharm), Chincholi",Chandrapur,Unaided,GOBCS,State Level,Any,45243,
2022-23,D Pharmacy,CAP Round I,05421,"Pravara Rural Education Society's College of PHarmacy (D.Pharm), Chincholi",Chandrapur,Unaided,LOBCS,State Level,Ladies,35525,
2022-23,D Pharmacy,CAP Round I,05421,"Pravara Rural Education Society's College of PHarmacy (D.Pharm), Chincholi",Chandrapur,Unaided,EWS,Special,Any,52223,
2022-23,D Pharmacy,CAP Round I,05421,"Pravara Rural Education Society's College of PHarmacy (D.Pharm), Chincholi",Chandrapur,Unaided,TFWS,Special,Any,34044,
2022-23,D Pharmacy,CAP Round I,05421,"Pravara Rural Education Society's College of PHarmacy (D.Pharm), Chincholi",Chandrapur,Unaided,LVJS,State Level,Ladies,58774,
2022-23,D Pharmacy,CAP Round I,05422,"Parikrama Diploma in Pharmaceutical Science, Kashti, Tal Shrigonda",Ahmednagar,Unaided,GOPENS,State Level,Any,25130,
2022-23,D Pharmacy,CAP Round I,05422,"Parikrama Diploma in Pharmaceutical Science, Kashti, Tal Shrigonda",Ahmednagar,Unaided,LOPENS,State Level,Ladies,19654,
2022-23,D Pharmacy,CAP Round I,05422,"Parikrama Diploma in Pharmaceutical Science, Kashti, Tal Shrigonda",Ahmednagar,Unaided,GSCS,State Level,Any,38979,
2022-23,D Pharmacy,CAP Round I,05422,"Parikrama Diploma in Pharmaceutical Science, Kashti, Tal Shrigonda",Ahmednagar,Unaided,LSCS,State Level,Ladies,33240,
2022-23,D Pharmacy,CAP Round I,05422,"Parikrama Diploma in Pharmaceutical Science, Kashti, Tal Shrigonda",Ahmednagar,Unaided,GSTS,State Level,Any,72231,
2022-23,D Pharmacy,CAP Round I,05422,"Parikrama Diploma in Pharmaceutical Science, Kashti, Tal Shrigonda",Ahmednagar,Unaided,GVJS,State Level,Any,30576,
2022-23,D Pharmacy,CAP Round I,05422,"Parikrama Diploma in Pharmaceutical Science, Kashti, Tal Shrigonda",Ahmednagar,Unaided,LVJS,State Level,Ladies,30461,
2022-23,D Pharmacy,CAP Round I,05422,"Parikrama Diploma in Pharmaceutical Science, Kashti, Tal Shrigonda",Ahmednagar,Unaided,GNT1S,State Level,Any,39479,
2022-23,D Pharmacy,CAP Round I,05422,"Parikrama Diploma in Pharmaceutical Science, Kashti, Tal Shrigonda",Ahmednagar,Unaided,GNT2S,State Level,Any,27921,
2022-23,D Pharmacy,CAP Round I,05422,"Parikrama Diploma in Pharmaceutical Science, Kashti, Tal Shrigonda",Ahmednagar,Unaided,LNT2S,State Level,Ladies,27022,
2022-23,D Pharmacy,CAP Round I,05422,"Parikrama Diploma in Pharmaceutical Science, Kashti, Tal Shrigonda",Ahmednagar,Unaided,GNT3S,State Level,Any,31424,
2022-23,D Pharmacy,CAP Round I,05422,"Parikrama Diploma in Pharmaceutical Science, Kashti, Tal Shrigonda",Ahmednagar,Unaided,GOBCS,State Level,Any,41259,
2022-23,D Pharmacy,CAP Round I,05422,"Parikrama Diploma in Pharmaceutical Science, Kashti, Tal Shrigonda",Ahmednagar,Unaided,LOBCS,State Level,Ladies,27649,
2022-23,D Pharmacy,CAP Round I,05422,"Parikrama Diploma in Pharmaceutical Science, Kashti, Tal Shrigonda",Ahmednagar,Unaided,DEFOPENS,State Level,Any,57847,
2022-23,D Pharmacy,CAP Round I,05422,"Parikrama Diploma in Pharmaceutical Science, Kashti, Tal Shrigonda",Ahmednagar,Unaided,EWS,Special,Any,27634,
2022-23,D Pharmacy,CAP Round I,05422,"Parikrama Diploma in Pharmaceutical Science, Kashti, Tal Shrigonda",Ahmednagar,Unaided,TFWS,Special,Any,6530,
2022-23,D Pharmacy,CAP Round I,05424,"Pratibhatai Pawer College of Pharmacy, Shrirampur",Ahmednagar,Unaided,GOPENS,State Level,Any,33464,
2022-23,D Pharmacy,CAP Round I,05424,"Pratibhatai Pawer College of Pharmacy, Shrirampur",Ahmednagar,Unaided,LOPENS,State Level,Ladies,21944,
2022-23,D Pharmacy,CAP Round I,05424,"Pratibhatai Pawer College of Pharmacy, Shrirampur",Ahmednagar,Unaided,GSCS,State Level,Any,49838,
2022-23,D Pharmacy,CAP Round I,05424,"Pratibhatai Pawer College of Pharmacy, Shrirampur",Ahmednagar,Unaided,LSCS,State Level,Ladies,43462,
2022-23,D Pharmacy,CAP Round I,05424,"Pratibhatai Pawer College of Pharmacy, Shrirampur",Ahmednagar,Unaided,GSTS,State Level,Any,74421,
2022-23,D Pharmacy,CAP Round I,05424,"Pratibhatai Pawer College of Pharmacy, Shrirampur",Ahmednagar,Unaided,LSTS,State Level,Ladies,29260,
2022-23,D Pharmacy,CAP Round I,05424,"Pratibhatai Pawer College of Pharmacy, Shrirampur",Ahmednagar,Unaided,GVJS,State Level,Any,41403,
2022-23,D Pharmacy,CAP Round I,05424,"Pratibhatai Pawer College of Pharmacy, Shrirampur",Ahmednagar,Unaided,LNT1S,State Level,Ladies,45256,
2022-23,D Pharmacy,CAP Round I,05424,"Pratibhatai Pawer College of Pharmacy, Shrirampur",Ahmednagar,Unaided,GNT2S,State Level,Any,33992,
2022-23,D Pharmacy,CAP Round I,05424,"Pratibhatai Pawer College of Pharmacy, Shrirampur",Ahmednagar,Unaided,LNT2S,State Level,Ladies,41159,
2022-23,D Pharmacy,CAP Round I,05424,"Pratibhatai Pawer College of Pharmacy, Shrirampur",Ahmednagar,Unaided,GNT3S,State Level,Any,34889,
2022-23,D Pharmacy,CAP Round I,05424,"Pratibhatai Pawer College of Pharmacy, Shrirampur",Ahmednagar,Unaided,GOBCS,State Level,Any,44293,
2022-23,D Pharmacy,CAP Round I,05424,"Pratibhatai Pawer College of Pharmacy, Shrirampur",Ahmednagar,Unaided,LOBCS,State Level,Ladies,28316,
2022-23,D Pharmacy,CAP Round I,05424,"Pratibhatai Pawer College of Pharmacy, Shrirampur",Ahmednagar,Unaided,EWS,Special,Any,39919,
2022-23,D Pharmacy,CAP Round I,05424,"Pratibhatai Pawer College of Pharmacy, Shrirampur",Ahmednagar,Unaided,TFWS,Special,Any,27367,
2022-23,D Pharmacy,CAP Round I,05425,"Pravara Rural Education Society's Institute of Pharmacy, Loni Kd",Ahmednagar,Unaided,GOPENS,State Level,Any,26526,
2022-23,D Pharmacy,CAP Round I,05425,"Pravara Rural Education Society's Institute of Pharmacy, Loni Kd",Ahmednagar,Unaided,LOPENS,State Level,Ladies,16870,
2022-23,D Pharmacy,CAP Round I,05425,"Pravara Rural Education Society's Institute of Pharmacy, Loni Kd",Ahmednagar,Unaided,GSCS,State Level,Any,46583,
2022-23,D Pharmacy,CAP Round I,05425,"Pravara Rural Education Society's Institute of Pharmacy, Loni Kd",Ahmednagar,Unaided,LSCS,State Level,Ladies,34468,
2022-23,D Pharmacy,CAP Round I,05425,"Pravara Rural Education Society's Institute of Pharmacy, Loni Kd",Ahmednagar,Unaided,GSTS,State Level,Any,52713,
2022-23,D Pharmacy,CAP Round I,05425,"Pravara Rural Education Society's Institute of Pharmacy, Loni Kd",Ahmednagar,Unaided,LSTS,State Level,Ladies,63962,
2022-23,D Pharmacy,CAP Round I,05425,"Pravara Rural Education Society's Institute of Pharmacy, Loni Kd",Ahmednagar,Unaided,GVJS,State Level,Any,48452,
2022-23,D Pharmacy,CAP Round I,05425,"Pravara Rural Education Society's Institute of Pharmacy, Loni Kd",Ahmednagar,Unaided,GNT1S,State Level,Any,39815,
2022-23,D Pharmacy,CAP Round I,05425,"Pravara Rural Education Society's Institute of Pharmacy, Loni Kd",Ahmednagar,Unaided,LNT1S,State Level,Ladies,51171,
2022-23,D Pharmacy,CAP Round I,05425,"Pravara Rural Education Society's Institute of Pharmacy, Loni Kd",Ahmednagar,Unaided,GNT2S,State Level,Any,27020,
2022-23,D Pharmacy,CAP Round I,05425,"Pravara Rural Education Society's Institute of Pharmacy, Loni Kd",Ahmednagar,Unaided,LNT3S,State Level,Ladies,21363,
2022-23,D Pharmacy,CAP Round I,05425,"Pravara Rural Education Society's Institute of Pharmacy, Loni Kd",Ahmednagar,Unaided,GOBCS,State Level,Any,39937,
2022-23,D Pharmacy,CAP Round I,05425,"Pravara Rural Education Society's Institute of Pharmacy, Loni Kd",Ahmednagar,Unaided,LOBCS,State Level,Ladies,34231,
2022-23,D Pharmacy,CAP Round I,05425,"Pravara Rural Education Society's Institute of Pharmacy, Loni Kd",Ahmednagar,Unaided,PWDOPENS,State Level,Any,82842,
2022-23,D Pharmacy,CAP Round I,05425,"Pravara Rural Education Society's Institute of Pharmacy, Loni Kd",Ahmednagar,Unaided,DEFOPENS,State Level,Any,71269,
2022-23,D Pharmacy,CAP Round I,05425,"Pravara Rural Education Society's Institute of Pharmacy, Loni Kd",Ahmednagar,Unaided,EWS,Special,Any,27797,
2022-23,D Pharmacy,CAP Round I,05425,"Pravara Rural Education Society's Institute of Pharmacy, Loni Kd",Ahmednagar,Unaided,TFWS,Special,Any,22355,
2022-23,D Pharmacy,CAP Round I,05427,"R.G.Sapkal Institute of Pharmacy, Anjaneri",Nashik,Unaided,GOPENS,State Level,Any,41118,
2022-23,D Pharmacy,CAP Round I,05427,"R.G.Sapkal Institute of Pharmacy, Anjaneri",Nashik,Unaided,LOPENS,State Level,Ladies,36061,
2022-23,D Pharmacy,CAP Round I,05427,"R.G.Sapkal Institute of Pharmacy, Anjaneri",Nashik,Unaided,GSCS,State Level,Any,64153,
2022-23,D Pharmacy,CAP Round I,05427,"R.G.Sapkal Institute of Pharmacy, Anjaneri",Nashik,Unaided,LSCS,State Level,Ladies,50644,
2022-23,D Pharmacy,CAP Round I,05427,"R.G.Sapkal Institute of Pharmacy, Anjaneri",Nashik,Unaided,GSTS,State Level,Any,44347,
2022-23,D Pharmacy,CAP Round I,05427,"R.G.Sapkal Institute of Pharmacy, Anjaneri",Nashik,Unaided,LSTS,State Level,Ladies,39274,
2022-23,D Pharmacy,CAP Round I,05427,"R.G.Sapkal Institute of Pharmacy, Anjaneri",Nashik,Unaided,GVJS,State Level,Any,44651,
2022-23,D Pharmacy,CAP Round I,05427,"R.G.Sapkal Institute of Pharmacy, Anjaneri",Nashik,Unaided,LVJS,State Level,Ladies,50779,
2022-23,D Pharmacy,CAP Round I,05427,"R.G.Sapkal Institute of Pharmacy, Anjaneri",Nashik,Unaided,GNT1S,State Level,Any,41390,
2022-23,D Pharmacy,CAP Round I,05427,"R.G.Sapkal Institute of Pharmacy, Anjaneri",Nashik,Unaided,GNT2S,State Level,Any,45631,
2022-23,D Pharmacy,CAP Round I,05427,"R.G.Sapkal Institute of Pharmacy, Anjaneri",Nashik,Unaided,LNT2S,State Level,Ladies,53613,
2022-23,D Pharmacy,CAP Round I,05427,"R.G.Sapkal Institute of Pharmacy, Anjaneri",Nashik,Unaided,GNT3S,State Level,Any,44990,
2022-23,D Pharmacy,CAP Round I,05427,"R.G.Sapkal Institute of Pharmacy, Anjaneri",Nashik,Unaided,GOBCS,State Level,Any,44236,
2022-23,D Pharmacy,CAP Round I,05427,"R.G.Sapkal Institute of Pharmacy, Anjaneri",Nashik,Unaided,LOBCS,State Level,Ladies,38800,
2022-23,D Pharmacy,CAP Round I,05427,"R.G.Sapkal Institute of Pharmacy, Anjaneri",Nashik,Unaided,EWS,Special,Any,55543,
2022-23,D Pharmacy,CAP Round I,05427,"R.G.Sapkal Institute of Pharmacy, Anjaneri",Nashik,Unaided,TFWS,Special,Any,24255,
2022-23,D Pharmacy,CAP Round I,05428,"Ahinsa Institute of Pharmacy, Dondaicha",Dhule,Religious Minority - Jain,GOPENS,State Level,Any,16077,
2022-23,D Pharmacy,CAP Round I,05428,"Ahinsa Institute of Pharmacy, Dondaicha",Dhule,Religious Minority - Jain,LOPENS,State Level,Ladies,7787,
2022-23,D Pharmacy,CAP Round I,05428,"Ahinsa Institute of Pharmacy, Dondaicha",Dhule,Religious Minority - Jain,MI,Special,Any,75675,
2022-23,D Pharmacy,CAP Round I,05428,"Ahinsa Institute of Pharmacy, Dondaicha",Dhule,Religious Minority - Jain,TFWS,Special,Any,7852,
2022-23,D Pharmacy,CAP Round I,05429,Nimgaon Gramin Shikshan Prasarak Mandal's Institute of Pharmacy D.Pharmacy,D.Pharmacy,Unaided,GOPENS,State Level,Any,28351,
2022-23,D Pharmacy,CAP Round I,05429,Nimgaon Gramin Shikshan Prasarak Mandal's Institute of Pharmacy D.Pharmacy,D.Pharmacy,Unaided,LOPENS,State Level,Ladies,14105,
2022-23,D Pharmacy,CAP Round I,05429,Nimgaon Gramin Shikshan Prasarak Mandal's Institute of Pharmacy D.Pharmacy,D.Pharmacy,Unaided,GSCS,State Level,Any,83994,
2022-23,D Pharmacy,CAP Round I,05429,Nimgaon Gramin Shikshan Prasarak Mandal's Institute of Pharmacy D.Pharmacy,D.Pharmacy,Unaided,LSCS,State Level,Ladies,83841,
2022-23,D Pharmacy,CAP Round I,05429,Nimgaon Gramin Shikshan Prasarak Mandal's Institute of Pharmacy D.Pharmacy,D.Pharmacy,Unaided,GSTS,State Level,Any,58174,
2022-23,D Pharmacy,CAP Round I,05429,Nimgaon Gramin Shikshan Prasarak Mandal's Institute of Pharmacy D.Pharmacy,D.Pharmacy,Unaided,LSTS,State Level,Ladies,50581,
2022-23,D Pharmacy,CAP Round I,05429,Nimgaon Gramin Shikshan Prasarak Mandal's Institute of Pharmacy D.Pharmacy,D.Pharmacy,Unaided,GVJS,State Level,Any,50786,
2022-23,D Pharmacy,CAP Round I,05429,Nimgaon Gramin Shikshan Prasarak Mandal's Institute of Pharmacy D.Pharmacy,D.Pharmacy,Unaided,LVJS,State Level,Ladies,20778,
2022-23,D Pharmacy,CAP Round I,05429,Nimgaon Gramin Shikshan Prasarak Mandal's Institute of Pharmacy D.Pharmacy,D.Pharmacy,Unaided,GNT1S,State Level,Any,33454,
2022-23,D Pharmacy,CAP Round I,05429,Nimgaon Gramin Shikshan Prasarak Mandal's Institute of Pharmacy D.Pharmacy,D.Pharmacy,Unaided,GNT2S,State Level,Any,33495,
2022-23,D Pharmacy,CAP Round I,05429,Nimgaon Gramin Shikshan Prasarak Mandal's Institute of Pharmacy D.Pharmacy,D.Pharmacy,Unaided,GNT3S,State Level,Any,61162,
2022-23,D Pharmacy,CAP Round I,05429,Nimgaon Gramin Shikshan Prasarak Mandal's Institute of Pharmacy D.Pharmacy,D.Pharmacy,Unaided,GOBCS,State Level,Any,33308,
2022-23,D Pharmacy,CAP Round I,05429,Nimgaon Gramin Shikshan Prasarak Mandal's Institute of Pharmacy D.Pharmacy,D.Pharmacy,Unaided,LOBCS,State Level,Ladies,20838,
2022-23,D Pharmacy,CAP Round I,05429,Nimgaon Gramin Shikshan Prasarak Mandal's Institute of Pharmacy D.Pharmacy,D.Pharmacy,Unaided,PWDOPENS,State Level,Any,21563,
2022-23,D Pharmacy,CAP Round I,05429,Nimgaon Gramin Shikshan Prasarak Mandal's Institute of Pharmacy D.Pharmacy,D.Pharmacy,Unaided,EWS,Special,Any,47028,
2022-23,D Pharmacy,CAP Round I,05429,Nimgaon Gramin Shikshan Prasarak Mandal's Institute of Pharmacy D.Pharmacy,D.Pharmacy,Unaided,TFWS,Special,Any,5204,
2022-23,D Pharmacy,CAP Round I,05430,"Swami Institute of Pharmacy, Abhona",Nashik,Unaided,GOPENS,State Level,Any,32773,
2022-23,D Pharmacy,CAP Round I,05430,"Swami Institute of Pharmacy, Abhona",Nashik,Unaided,LOPENS,State Level,Ladies,24799,
2022-23,D Pharmacy,CAP Round I,05430,"Swami Institute of Pharmacy, Abhona",Nashik,Unaided,GSCS,State Level,Any,72541,
2022-23,D Pharmacy,CAP Round I,05430,"Swami Institute of Pharmacy, Abhona",Nashik,Unaided,LSCS,State Level,Ladies,49049,
2022-23,D Pharmacy,CAP Round I,05430,"Swami Institute of Pharmacy, Abhona",Nashik,Unaided,GSTS,State Level,Any,34369,
2022-23,D Pharmacy,CAP Round I,05430,"Swami Institute of Pharmacy, Abhona",Nashik,Unaided,LSTS,State Level,Ladies,33728,
2022-23,D Pharmacy,CAP Round I,05430,"Swami Institute of Pharmacy, Abhona",Nashik,Unaided,GVJS,State Level,Any,60454,
2022-23,D Pharmacy,CAP Round I,05430,"Swami Institute of Pharmacy, Abhona",Nashik,Unaided,GNT1S,State Level,Any,41676,
2022-23,D Pharmacy,CAP Round I,05430,"Swami Institute of Pharmacy, Abhona",Nashik,Unaided,GNT2S,State Level,Any,41207,
2022-23,D Pharmacy,CAP Round I,05430,"Swami Institute of Pharmacy, Abhona",Nashik,Unaided,LNT2S,State Level,Ladies,74796,
2022-23,D Pharmacy,CAP Round I,05430,"Swami Institute of Pharmacy, Abhona",Nashik,Unaided,LNT3S,State Level,Ladies,71141,
2022-23,D Pharmacy,CAP Round I,05430,"Swami Institute of Pharmacy, Abhona",Nashik,Unaided,GOBCS,State Level,Any,37871,
2022-23,D Pharmacy,CAP Round I,05430,"Swami Institute of Pharmacy, Abhona",Nashik,Unaided,LOBCS,State Level,Ladies,35121,
2022-23,D Pharmacy,CAP Round I,05430,"Swami Institute of Pharmacy, Abhona",Nashik,Unaided,PWDOPENS,State Level,Any,32804,
2022-23,D Pharmacy,CAP Round I,05430,"Swami Institute of Pharmacy, Abhona",Nashik,Unaided,EWS,Special,Any,72125,
2022-23,D Pharmacy,CAP Round I,05430,"Swami Institute of Pharmacy, Abhona",Nashik,Unaided,TFWS,Special,Any,18279,
2022-23,D Pharmacy,CAP Round I,05432,"R.M.S. Institute of Pharmacy, Sayane Khurd",Nashik,Religious Minority - Muslim,GOPENS,State Level,Any,33695,
2022-23,D Pharmacy,CAP Round I,05432,"R.M.S. Institute of Pharmacy, Sayane Khurd",Nashik,Religious Minority - Muslim,LOPENS,State Level,Ladies,36174,
2022-23,D Pharmacy,CAP Round I,05432,"R.M.S. Institute of Pharmacy, Sayane Khurd",Nashik,Religious Minority - Muslim,MI,Special,Any,30219,
2022-23,D Pharmacy,CAP Round I,05432,"R.M.S. Institute of Pharmacy, Sayane Khurd",Nashik,Religious Minority - Muslim,TFWS,Special,Any,13940,
2022-23,D Pharmacy,CAP Round I,05435,"Prof. Ravindra Nikam College of Pharmacy, Gondur, Dhule",Dhule,Unaided,GOPENS,State Level,Any,23633,
2022-23,D Pharmacy,CAP Round I,05435,"Prof. Ravindra Nikam College of Pharmacy, Gondur, Dhule",Dhule,Unaided,LOPENS,State Level,Ladies,28887,
2022-23,D Pharmacy,CAP Round I,05435,"Prof. Ravindra Nikam College of Pharmacy, Gondur, Dhule",Dhule,Unaided,GSCS,State Level,Any,53970,
2022-23,D Pharmacy,CAP Round I,05435,"Prof. Ravindra Nikam College of Pharmacy, Gondur, Dhule",Dhule,Unaided,LSCS,State Level,Ladies,73818,
2022-23,D Pharmacy,CAP Round I,05435,"Prof. Ravindra Nikam College of Pharmacy, Gondur, Dhule",Dhule,Unaided,GSTS,State Level,Any,28502,
2022-23,D Pharmacy,CAP Round I,05435,"Prof. Ravindra Nikam College of Pharmacy, Gondur, Dhule",Dhule,Unaided,LSTS,State Level,Ladies,31807,
2022-23,D Pharmacy,CAP Round I,05435,"Prof. Ravindra Nikam College of Pharmacy, Gondur, Dhule",Dhule,Unaided,GVJS,State Level,Any,36270,
2022-23,D Pharmacy,CAP Round I,05435,"Prof. Ravindra Nikam College of Pharmacy, Gondur, Dhule",Dhule,Unaided,GNT1S,State Level,Any,31558,
2022-23,D Pharmacy,CAP Round I,05435,"Prof. Ravindra Nikam College of Pharmacy, Gondur, Dhule",Dhule,Unaided,LNT1S,State Level,Ladies,42757,
2022-23,D Pharmacy,CAP Round I,05435,"Prof. Ravindra Nikam College of Pharmacy, Gondur, Dhule",Dhule,Unaided,GNT2S,State Level,Any,25467,
2022-23,D Pharmacy,CAP Round I,05435,"Prof. Ravindra Nikam College of Pharmacy, Gondur, Dhule",Dhule,Unaided,GNT3S,State Level,Any,34390,
2022-23,D Pharmacy,CAP Round I,05435,"Prof. Ravindra Nikam College of Pharmacy, Gondur, Dhule",Dhule,Unaided,GOBCS,State Level,Any,28337,
2022-23,D Pharmacy,CAP Round I,05435,"Prof. Ravindra Nikam College of Pharmacy, Gondur, Dhule",Dhule,Unaided,LOBCS,State Level,Ladies,33928,
2022-23,D Pharmacy,CAP Round I,05435,"Prof. Ravindra Nikam College of Pharmacy, Gondur, Dhule",Dhule,Unaided,PWDOPENS,State Level,Any,20820,
2022-23,D Pharmacy,CAP Round I,05435,"Prof. Ravindra Nikam College of Pharmacy, Gondur, Dhule",Dhule,Unaided,EWS,Special,Any,45122,
2022-23,D Pharmacy,CAP Round I,05435,"Prof. Ravindra Nikam College of Pharmacy, Gondur, Dhule",Dhule,Unaided,TFWS,Special,Any,13597,
2022-23,D Pharmacy,CAP Round I,05436,"Seva Shikshan Prasarak Mandal's Dr. N.J. Paulbudhe College of Pharmacy (Diploma), Ahmednagar",Ahmednagar,Unaided,GOPENS,State Level,Any,29258,
2022-23,D Pharmacy,CAP Round I,05436,"Seva Shikshan Prasarak Mandal's Dr. N.J. Paulbudhe College of Pharmacy (Diploma), Ahmednagar",Ahmednagar,Unaided,LOPENS,State Level,Ladies,21146,
2022-23,D Pharmacy,CAP Round I,05436,"Seva Shikshan Prasarak Mandal's Dr. N.J. Paulbudhe College of Pharmacy (Diploma), Ahmednagar",Ahmednagar,Unaided,GSCS,State Level,Any,49617,
2022-23,D Pharmacy,CAP Round I,05436,"Seva Shikshan Prasarak Mandal's Dr. N.J. Paulbudhe College of Pharmacy (Diploma), Ahmednagar",Ahmednagar,Unaided,LSCS,State Level,Ladies,21311,
2022-23,D Pharmacy,CAP Round I,05436,"Seva Shikshan Prasarak Mandal's Dr. N.J. Paulbudhe College of Pharmacy (Diploma), Ahmednagar",Ahmednagar,Unaided,GSTS,State Level,Any,47517,
2022-23,D Pharmacy,CAP Round I,05436,"Seva Shikshan Prasarak Mandal's Dr. N.J. Paulbudhe College of Pharmacy (Diploma), Ahmednagar",Ahmednagar,Unaided,LSTS,State Level,Ladies,66257,
2022-23,D Pharmacy,CAP Round I,05436,"Seva Shikshan Prasarak Mandal's Dr. N.J. Paulbudhe College of Pharmacy (Diploma), Ahmednagar",Ahmednagar,Unaided,GVJS,State Level,Any,48921,
2022-23,D Pharmacy,CAP Round I,05436,"Seva Shikshan Prasarak Mandal's Dr. N.J. Paulbudhe College of Pharmacy (Diploma), Ahmednagar",Ahmednagar,Unaided,LVJS,State Level,Ladies,79039,
2022-23,D Pharmacy,CAP Round I,05436,"Seva Shikshan Prasarak Mandal's Dr. N.J. Paulbudhe College of Pharmacy (Diploma), Ahmednagar",Ahmednagar,Unaided,GNT1S,State Level,Any,37832,
2022-23,D Pharmacy,CAP Round I,05436,"Seva Shikshan Prasarak Mandal's Dr. N.J. Paulbudhe College of Pharmacy (Diploma), Ahmednagar",Ahmednagar,Unaided,GNT2S,State Level,Any,31823,
2022-23,D Pharmacy,CAP Round I,05436,"Seva Shikshan Prasarak Mandal's Dr. N.J. Paulbudhe College of Pharmacy (Diploma), Ahmednagar",Ahmednagar,Unaided,LNT2S,State Level,Ladies,28655,
2022-23,D Pharmacy,CAP Round I,05436,"Seva Shikshan Prasarak Mandal's Dr. N.J. Paulbudhe College of Pharmacy (Diploma), Ahmednagar",Ahmednagar,Unaided,GNT3S,State Level,Any,31389,
2022-23,D Pharmacy,CAP Round I,05436,"Seva Shikshan Prasarak Mandal's Dr. N.J. Paulbudhe College of Pharmacy (Diploma), Ahmednagar",Ahmednagar,Unaided,GOBCS,State Level,Any,34358,
2022-23,D Pharmacy,CAP Round I,05436,"Seva Shikshan Prasarak Mandal's Dr. N.J. Paulbudhe College of Pharmacy (Diploma), Ahmednagar",Ahmednagar,Unaided,LOBCS,State Level,Ladies,31130,
2022-23,D Pharmacy,CAP Round I,05436,"Seva Shikshan Prasarak Mandal's Dr. N.J. Paulbudhe College of Pharmacy (Diploma), Ahmednagar",Ahmednagar,Unaided,PWDOPENS,State Level,Any,51438,
2022-23,D Pharmacy,CAP Round I,05436,"Seva Shikshan Prasarak Mandal's Dr. N.J. Paulbudhe College of Pharmacy (Diploma), Ahmednagar",Ahmednagar,Unaided,DEFOPENS,State Level,Any,21307,
2022-23,D Pharmacy,CAP Round I,05436,"Seva Shikshan Prasarak Mandal's Dr. N.J. Paulbudhe College of Pharmacy (Diploma), Ahmednagar",Ahmednagar,Unaided,EWS,Special,Any,38972,
2022-23,D Pharmacy,CAP Round I,05436,"Seva Shikshan Prasarak Mandal's Dr. N.J. Paulbudhe College of Pharmacy (Diploma), Ahmednagar",Ahmednagar,Unaided,TFWS,Special,Any,16043,
2022-23,D Pharmacy,CAP Round I,05437,"Trimurti Institute of Pharmacy, Paldhi (BK), Jalgaon",Jalgaon,Unaided,GOPENS,State Level,Any,15112,
2022-23,D Pharmacy,CAP Round I,05437,"Trimurti Institute of Pharmacy, Paldhi (BK), Jalgaon",Jalgaon,Unaided,LOPENS,State Level,Ladies,14711,
2022-23,D Pharmacy,CAP Round I,05437,"Trimurti Institute of Pharmacy, Paldhi (BK), Jalgaon",Jalgaon,Unaided,GSCS,State Level,Any,68382,
2022-23,D Pharmacy,CAP Round I,05437,"Trimurti Institute of Pharmacy, Paldhi (BK), Jalgaon",Jalgaon,Unaided,LSCS,State Level,Ladies,68473,
2022-23,D Pharmacy,CAP Round I,05437,"Trimurti Institute of Pharmacy, Paldhi (BK), Jalgaon",Jalgaon,Unaided,GSTS,State Level,Any,21767,
2022-23,D Pharmacy,CAP Round I,05437,"Trimurti Institute of Pharmacy, Paldhi (BK), Jalgaon",Jalgaon,Unaided,LSTS,State Level,Ladies,30625,
2022-23,D Pharmacy,CAP Round I,05437,"Trimurti Institute of Pharmacy, Paldhi (BK), Jalgaon",Jalgaon,Unaided,GVJS,State Level,Any,24791,
2022-23,D Pharmacy,CAP Round I,05437,"Trimurti Institute of Pharmacy, Paldhi (BK), Jalgaon",Jalgaon,Unaided,GNT1S,State Level,Any,30772,
2022-23,D Pharmacy,CAP Round I,05437,"Trimurti Institute of Pharmacy, Paldhi (BK), Jalgaon",Jalgaon,Unaided,GNT2S,State Level,Any,38045,
2022-23,D Pharmacy,CAP Round I,05437,"Trimurti Institute of Pharmacy, Paldhi (BK), Jalgaon",Jalgaon,Unaided,GOBCS,State Level,Any,22427,
2022-23,D Pharmacy,CAP Round I,05437,"Trimurti Institute of Pharmacy, Paldhi (BK), Jalgaon",Jalgaon,Unaided,LOBCS,State Level,Ladies,21512,
2022-23,D Pharmacy,CAP Round I,05437,"Trimurti Institute of Pharmacy, Paldhi (BK), Jalgaon",Jalgaon,Unaided,EWS,Special,Any,33943,
2022-23,D Pharmacy,CAP Round I,05437,"Trimurti Institute of Pharmacy, Paldhi (BK), Jalgaon",Jalgaon,Unaided,TFWS,Special,Any,11770,
2022-23,D Pharmacy,CAP Round I,05437,"Trimurti Institute of Pharmacy, Paldhi (BK), Jalgaon",Jalgaon,Unaided,LNT3S,State Level,Ladies,66073,
2022-23,D Pharmacy,CAP Round I,05438,"N D Kasar College of Pharmacy, Walki, Ahmednagar",Ahmednagar,Unaided,GOPENS,State Level,Any,23033,
2022-23,D Pharmacy,CAP Round I,05438,"N D Kasar College of Pharmacy, Walki, Ahmednagar",Ahmednagar,Unaided,LOPENS,State Level,Ladies,16041,
2022-23,D Pharmacy,CAP Round I,05438,"N D Kasar College of Pharmacy, Walki, Ahmednagar",Ahmednagar,Unaided,GSCS,State Level,Any,51892,
2022-23,D Pharmacy,CAP Round I,05438,"N D Kasar College of Pharmacy, Walki, Ahmednagar",Ahmednagar,Unaided,LSCS,State Level,Ladies,50897,
2022-23,D Pharmacy,CAP Round I,05438,"N D Kasar College of Pharmacy, Walki, Ahmednagar",Ahmednagar,Unaided,GSTS,State Level,Any,40869,
2022-23,D Pharmacy,CAP Round I,05438,"N D Kasar College of Pharmacy, Walki, Ahmednagar",Ahmednagar,Unaided,GVJS,State Level,Any,30855,
2022-23,D Pharmacy,CAP Round I,05438,"N D Kasar College of Pharmacy, Walki, Ahmednagar",Ahmednagar,Unaided,LNT1S,State Level,Ladies,42963,
2022-23,D Pharmacy,CAP Round I,05438,"N D Kasar College of Pharmacy, Walki, Ahmednagar",Ahmednagar,Unaided,GNT2S,State Level,Any,30222,
2022-23,D Pharmacy,CAP Round I,05438,"N D Kasar College of Pharmacy, Walki, Ahmednagar",Ahmednagar,Unaided,GNT3S,State Level,Any,29089,
2022-23,D Pharmacy,CAP Round I,05438,"N D Kasar College of Pharmacy, Walki, Ahmednagar",Ahmednagar,Unaided,GOBCS,State Level,Any,42056,
2022-23,D Pharmacy,CAP Round I,05438,"N D Kasar College of Pharmacy, Walki, Ahmednagar",Ahmednagar,Unaided,LOBCS,State Level,Ladies,43962,
2022-23,D Pharmacy,CAP Round I,05438,"N D Kasar College of Pharmacy, Walki, Ahmednagar",Ahmednagar,Unaided,PWDOPENS,State Level,Any,47393,
2022-23,D Pharmacy,CAP Round I,05438,"N D Kasar College of Pharmacy, Walki, Ahmednagar",Ahmednagar,Unaided,DEFOPENS,State Level,Any,33466,
2022-23,D Pharmacy,CAP Round I,05438,"N D Kasar College of Pharmacy, Walki, Ahmednagar",Ahmednagar,Unaided,EWS,Special,Any,43846,
2022-23,D Pharmacy,CAP Round I,05438,"N D Kasar College of Pharmacy, Walki, Ahmednagar",Ahmednagar,Unaided,TFWS,Special,Any,12564,
2022-23,D Pharmacy,CAP Round I,05438,"N D Kasar College of Pharmacy, Walki, Ahmednagar",Ahmednagar,Unaided,LSTS,State Level,Ladies,59813,
2022-23,D Pharmacy,CAP Round I,05438,"N D Kasar College of Pharmacy, Walki, Ahmednagar",Ahmednagar,Unaided,LVJS,State Level,Ladies,49004,
2022-23,D Pharmacy,CAP Round I,05439,"Dr Naikwadi College of D Pharmacy, Jamgaon Sinnar",Ahmednagar,Unaided,GOPENS,State Level,Any,47431,
2022-23,D Pharmacy,CAP Round I,05439,"Dr Naikwadi College of D Pharmacy, Jamgaon Sinnar",Ahmednagar,Unaided,LOPENS,State Level,Ladies,43350,
2022-23,D Pharmacy,CAP Round I,05439,"Dr Naikwadi College of D Pharmacy, Jamgaon Sinnar",Ahmednagar,Unaided,GSCS,State Level,Any,78102,
2022-23,D Pharmacy,CAP Round I,05439,"Dr Naikwadi College of D Pharmacy, Jamgaon Sinnar",Ahmednagar,Unaided,LSCS,State Level,Ladies,76485,
2022-23,D Pharmacy,CAP Round I,05439,"Dr Naikwadi College of D Pharmacy, Jamgaon Sinnar",Ahmednagar,Unaided,GSTS,State Level,Any,53946,
2022-23,D Pharmacy,CAP Round I,05439,"Dr Naikwadi College of D Pharmacy, Jamgaon Sinnar",Ahmednagar,Unaided,LSTS,State Level,Ladies,43791,
2022-23,D Pharmacy,CAP Round I,05439,"Dr Naikwadi College of D Pharmacy, Jamgaon Sinnar",Ahmednagar,Unaided,GVJS,State Level,Any,48378,
2022-23,D Pharmacy,CAP Round I,05439,"Dr Naikwadi College of D Pharmacy, Jamgaon Sinnar",Ahmednagar,Unaided,GNT1S,State Level,Any,72925,
2022-23,D Pharmacy,CAP Round I,05439,"Dr Naikwadi College of D Pharmacy, Jamgaon Sinnar",Ahmednagar,Unaided,LNT1S,State Level,Ladies,70639,
2022-23,D Pharmacy,CAP Round I,05439,"Dr Naikwadi College of D Pharmacy, Jamgaon Sinnar",Ahmednagar,Unaided,GNT2S,State Level,Any,49421,
2022-23,D Pharmacy,CAP Round I,05439,"Dr Naikwadi College of D Pharmacy, Jamgaon Sinnar",Ahmednagar,Unaided,LNT2S,State Level,Ladies,44918,
2022-23,D Pharmacy,CAP Round I,05439,"Dr Naikwadi College of D Pharmacy, Jamgaon Sinnar",Ahmednagar,Unaided,GOBCS,State Level,Any,54240,
2022-23,D Pharmacy,CAP Round I,05439,"Dr Naikwadi College of D Pharmacy, Jamgaon Sinnar",Ahmednagar,Unaided,LOBCS,State Level,Ladies,53132,
2022-23,D Pharmacy,CAP Round I,05439,"Dr Naikwadi College of D Pharmacy, Jamgaon Sinnar",Ahmednagar,Unaided,EWS,Special,Any,59250,
2022-23,D Pharmacy,CAP Round I,05439,"Dr Naikwadi College of D Pharmacy, Jamgaon Sinnar",Ahmednagar,Unaided,TFWS,Special,Any,35736,
2022-23,D Pharmacy,CAP Round I,05440,"Shaineshwar Shikshan Prasarak Mandal's College of D. Pharmacy, Laling, Dhule",Dhule,Unaided,GOPENS,State Level,Any,32859,
2022-23,D Pharmacy,CAP Round I,05440,"Shaineshwar Shikshan Prasarak Mandal's College of D. Pharmacy, Laling, Dhule",Dhule,Unaided,LOPENS,State Level,Ladies,32677,
2022-23,D Pharmacy,CAP Round I,05440,"Shaineshwar Shikshan Prasarak Mandal's College of D. Pharmacy, Laling, Dhule",Dhule,Unaided,GSCS,State Level,Any,79950,
2022-23,D Pharmacy,CAP Round I,05440,"Shaineshwar Shikshan Prasarak Mandal's College of D. Pharmacy, Laling, Dhule",Dhule,Unaided,LSCS,State Level,Ladies,71811,
2022-23,D Pharmacy,CAP Round I,05440,"Shaineshwar Shikshan Prasarak Mandal's College of D. Pharmacy, Laling, Dhule",Dhule,Unaided,GSTS,State Level,Any,38424,
2022-23,D Pharmacy,CAP Round I,05440,"Shaineshwar Shikshan Prasarak Mandal's College of D. Pharmacy, Laling, Dhule",Dhule,Unaided,LSTS,State Level,Ladies,36443,
2022-23,D Pharmacy,CAP Round I,05440,"Shaineshwar Shikshan Prasarak Mandal's College of D. Pharmacy, Laling, Dhule",Dhule,Unaided,GVJS,State Level,Any,39807,
2022-23,D Pharmacy,CAP Round I,05440,"Shaineshwar Shikshan Prasarak Mandal's College of D. Pharmacy, Laling, Dhule",Dhule,Unaided,GNT1S,State Level,Any,36040,
2022-23,D Pharmacy,CAP Round I,05440,"Shaineshwar Shikshan Prasarak Mandal's College of D. Pharmacy, Laling, Dhule",Dhule,Unaided,GNT2S,State Level,Any,33752,
2022-23,D Pharmacy,CAP Round I,05440,"Shaineshwar Shikshan Prasarak Mandal's College of D. Pharmacy, Laling, Dhule",Dhule,Unaided,LNT2S,State Level,Ladies,36199,
2022-23,D Pharmacy,CAP Round I,05440,"Shaineshwar Shikshan Prasarak Mandal's College of D. Pharmacy, Laling, Dhule",Dhule,Unaided,GNT3S,State Level,Any,50758,
2022-23,D Pharmacy,CAP Round I,05440,"Shaineshwar Shikshan Prasarak Mandal's College of D. Pharmacy, Laling, Dhule",Dhule,Unaided,GOBCS,State Level,Any,36714,
2022-23,D Pharmacy,CAP Round I,05440,"Shaineshwar Shikshan Prasarak Mandal's College of D. Pharmacy, Laling, Dhule",Dhule,Unaided,LOBCS,State Level,Ladies,38587,
2022-23,D Pharmacy,CAP Round I,05440,"Shaineshwar Shikshan Prasarak Mandal's College of D. Pharmacy, Laling, Dhule",Dhule,Unaided,PWDOPENS,State Level,Any,74640,
2022-23,D Pharmacy,CAP Round I,05440,"Shaineshwar Shikshan Prasarak Mandal's College of D. Pharmacy, Laling, Dhule",Dhule,Unaided,EWS,Special,Any,61042,
2022-23,D Pharmacy,CAP Round I,05440,"Shaineshwar Shikshan Prasarak Mandal's College of D. Pharmacy, Laling, Dhule",Dhule,Unaided,TFWS,Special,Any,23660,
2022-23,D Pharmacy,CAP Round I,05442,"MET's Institute of D. Pharmacy, Adgaon, Nashik",Nashik,Unaided,GOPENS,State Level,Any,28853,
2022-23,D Pharmacy,CAP Round I,05442,"MET's Institute of D. Pharmacy, Adgaon, Nashik",Nashik,Unaided,LOPENS,State Level,Ladies,18923,
2022-23,D Pharmacy,CAP Round I,05442,"MET's Institute of D. Pharmacy, Adgaon, Nashik",Nashik,Unaided,GSCS,State Level,Any,37861,
2022-23,D Pharmacy,CAP Round I,05442,"MET's Institute of D. Pharmacy, Adgaon, Nashik",Nashik,Unaided,LSCS,State Level,Ladies,27208,
2022-23,D Pharmacy,CAP Round I,05442,"MET's Institute of D. Pharmacy, Adgaon, Nashik",Nashik,Unaided,GSTS,State Level,Any,31856,
2022-23,D Pharmacy,CAP Round I,05442,"MET's Institute of D. Pharmacy, Adgaon, Nashik",Nashik,Unaided,LSTS,State Level,Ladies,19871,
2022-23,D Pharmacy,CAP Round I,05442,"MET's Institute of D. Pharmacy, Adgaon, Nashik",Nashik,Unaided,GVJS,State Level,Any,35676,
2022-23,D Pharmacy,CAP Round I,05442,"MET's Institute of D. Pharmacy, Adgaon, Nashik",Nashik,Unaided,LVJS,State Level,Ladies,34930,
2022-23,D Pharmacy,CAP Round I,05442,"MET's Institute of D. Pharmacy, Adgaon, Nashik",Nashik,Unaided,GNT1S,State Level,Any,38386,
2022-23,D Pharmacy,CAP Round I,05442,"MET's Institute of D. Pharmacy, Adgaon, Nashik",Nashik,Unaided,GNT2S,State Level,Any,40665,
2022-23,D Pharmacy,CAP Round I,05442,"MET's Institute of D. Pharmacy, Adgaon, Nashik",Nashik,Unaided,GNT3S,State Level,Any,28981,
2022-23,D Pharmacy,CAP Round I,05442,"MET's Institute of D. Pharmacy, Adgaon, Nashik",Nashik,Unaided,GOBCS,State Level,Any,32650,
2022-23,D Pharmacy,CAP Round I,05442,"MET's Institute of D. Pharmacy, Adgaon, Nashik",Nashik,Unaided,LOBCS,State Level,Ladies,24923,
2022-23,D Pharmacy,CAP Round I,05442,"MET's Institute of D. Pharmacy, Adgaon, Nashik",Nashik,Unaided,PWDOPENS,State Level,Any,24598,
2022-23,D Pharmacy,CAP Round I,05442,"MET's Institute of D. Pharmacy, Adgaon, Nashik",Nashik,Unaided,DEFOPENS,State Level,Any,49645,
2022-23,D Pharmacy,CAP Round I,05442,"MET's Institute of D. Pharmacy, Adgaon, Nashik",Nashik,Unaided,EWS,Special,Any,47177,
2022-23,D Pharmacy,CAP Round I,05442,"MET's Institute of D. Pharmacy, Adgaon, Nashik",Nashik,Unaided,TFWS,Special,Any,7982,
2022-23,D Pharmacy,CAP Round I,05443,"Divine College of Pharmacy, Satana",Nashik,Unaided,GOPENS,State Level,Any,35985,
2022-23,D Pharmacy,CAP Round I,05443,"Divine College of Pharmacy, Satana",Nashik,Unaided,LOPENS,State Level,Ladies,25215,
2022-23,D Pharmacy,CAP Round I,05443,"Divine College of Pharmacy, Satana",Nashik,Unaided,GSCS,State Level,Any,54373,
2022-23,D Pharmacy,CAP Round I,05443,"Divine College of Pharmacy, Satana",Nashik,Unaided,LSCS,State Level,Ladies,36369,
2022-23,D Pharmacy,CAP Round I,05443,"Divine College of Pharmacy, Satana",Nashik,Unaided,GSTS,State Level,Any,40447,
2022-23,D Pharmacy,CAP Round I,05443,"Divine College of Pharmacy, Satana",Nashik,Unaided,LSTS,State Level,Ladies,26561,
2022-23,D Pharmacy,CAP Round I,05443,"Divine College of Pharmacy, Satana",Nashik,Unaided,GVJS,State Level,Any,47917,
2022-23,D Pharmacy,CAP Round I,05443,"Divine College of Pharmacy, Satana",Nashik,Unaided,GNT1S,State Level,Any,59181,
2022-23,D Pharmacy,CAP Round I,05443,"Divine College of Pharmacy, Satana",Nashik,Unaided,GNT2S,State Level,Any,39419,
2022-23,D Pharmacy,CAP Round I,05443,"Divine College of Pharmacy, Satana",Nashik,Unaided,LNT2S,State Level,Ladies,39720,
2022-23,D Pharmacy,CAP Round I,05443,"Divine College of Pharmacy, Satana",Nashik,Unaided,LNT3S,State Level,Ladies,41371,
2022-23,D Pharmacy,CAP Round I,05443,"Divine College of Pharmacy, Satana",Nashik,Unaided,GOBCS,State Level,Any,38985,
2022-23,D Pharmacy,CAP Round I,05443,"Divine College of Pharmacy, Satana",Nashik,Unaided,LOBCS,State Level,Ladies,32156,
2022-23,D Pharmacy,CAP Round I,05443,"Divine College of Pharmacy, Satana",Nashik,Unaided,EWS,Special,Any,70551,
2022-23,D Pharmacy,CAP Round I,05443,"Divine College of Pharmacy, Satana",Nashik,Unaided,TFWS,Special,Any,24659,
2022-23,D Pharmacy,CAP Round I,05446,"Matoshri Miratai Aher College of Pharmacy, Karjule Harya Taluka Parner",Ahmednagar,Unaided,GOPENS,State Level,Any,42771,
2022-23,D Pharmacy,CAP Round I,05446,"Matoshri Miratai Aher College of Pharmacy, Karjule Harya Taluka Parner",Ahmednagar,Unaided,LOPENS,State Level,Ladies,39004,
2022-23,D Pharmacy,CAP Round I,05446,"Matoshri Miratai Aher College of Pharmacy, Karjule Harya Taluka Parner",Ahmednagar,Unaided,GSCS,State Level,Any,71575,
2022-23,D Pharmacy,CAP Round I,05446,"Matoshri Miratai Aher College of Pharmacy, Karjule Harya Taluka Parner",Ahmednagar,Unaided,LSCS,State Level,Ladies,65287,
2022-23,D Pharmacy,CAP Round I,05446,"Matoshri Miratai Aher College of Pharmacy, Karjule Harya Taluka Parner",Ahmednagar,Unaided,GVJS,State Level,Any,56964,
2022-23,D Pharmacy,CAP Round I,05446,"Matoshri Miratai Aher College of Pharmacy, Karjule Harya Taluka Parner",Ahmednagar,Unaided,LVJS,State Level,Ladies,54501,
2022-23,D Pharmacy,CAP Round I,05446,"Matoshri Miratai Aher College of Pharmacy, Karjule Harya Taluka Parner",Ahmednagar,Unaided,GNT1S,State Level,Any,52405,
2022-23,D Pharmacy,CAP Round I,05446,"Matoshri Miratai Aher College of Pharmacy, Karjule Harya Taluka Parner",Ahmednagar,Unaided,GNT2S,State Level,Any,43770,
2022-23,D Pharmacy,CAP Round I,05446,"Matoshri Miratai Aher College of Pharmacy, Karjule Harya Taluka Parner",Ahmednagar,Unaided,LNT2S,State Level,Ladies,41108,
2022-23,D Pharmacy,CAP Round I,05446,"Matoshri Miratai Aher College of Pharmacy, Karjule Harya Taluka Parner",Ahmednagar,Unaided,GNT3S,State Level,Any,43393,
2022-23,D Pharmacy,CAP Round I,05446,"Matoshri Miratai Aher College of Pharmacy, Karjule Harya Taluka Parner",Ahmednagar,Unaided,GOBCS,State Level,Any,56048,
2022-23,D Pharmacy,CAP Round I,05446,"Matoshri Miratai Aher College of Pharmacy, Karjule Harya Taluka Parner",Ahmednagar,Unaided,LOBCS,State Level,Ladies,52298,
2022-23,D Pharmacy,CAP Round I,05446,"Matoshri Miratai Aher College of Pharmacy, Karjule Harya Taluka Parner",Ahmednagar,Unaided,DEFOPENS,State Level,Any,72246,
2022-23,D Pharmacy,CAP Round I,05446,"Matoshri Miratai Aher College of Pharmacy, Karjule Harya Taluka Parner",Ahmednagar,Unaided,EWS,Special,Any,44675,
2022-23,D Pharmacy,CAP Round I,05446,"Matoshri Miratai Aher College of Pharmacy, Karjule Harya Taluka Parner",Ahmednagar,Unaided,TFWS,Special,Any,31329,
2022-23,D Pharmacy,CAP Round I,05446,"Matoshri Miratai Aher College of Pharmacy, Karjule Harya Taluka Parner",Ahmednagar,Unaided,LNT1S,State Level,Ladies,66440,
2022-23,D Pharmacy,CAP Round I,05448,"Shri Vile Parle Kelavani Mandal's Institute of Pharmacy, Dhule",Dhule,Linguistic Minority - Gujarathi,GOPENS,State Level,Any,12796,
2022-23,D Pharmacy,CAP Round I,05448,"Shri Vile Parle Kelavani Mandal's Institute of Pharmacy, Dhule",Dhule,Linguistic Minority - Gujarathi,LOPENS,State Level,Ladies,10589,
2022-23,D Pharmacy,CAP Round I,05448,"Shri Vile Parle Kelavani Mandal's Institute of Pharmacy, Dhule",Dhule,Linguistic Minority - Gujarathi,TFWS,Special,Any,3924,
2022-23,D Pharmacy,CAP Round I,05450,"K. K. Wagh College of Pharmacy, Nashik",Nashik,Unaided,GOPENS,State Level,Any,13927,
2022-23,D Pharmacy,CAP Round I,05450,"K. K. Wagh College of Pharmacy, Nashik",Nashik,Unaided,LOPENS,State Level,Ladies,4762,
2022-23,D Pharmacy,CAP Round I,05450,"K. K. Wagh College of Pharmacy, Nashik",Nashik,Unaided,GSCS,State Level,Any,24552,
2022-23,D Pharmacy,CAP Round I,05450,"K. K. Wagh College of Pharmacy, Nashik",Nashik,Unaided,LSCS,State Level,Ladies,10635,
2022-23,D Pharmacy,CAP Round I,05450,"K. K. Wagh College of Pharmacy, Nashik",Nashik,Unaided,GSTS,State Level,Any,19028,
2022-23,D Pharmacy,CAP Round I,05450,"K. K. Wagh College of Pharmacy, Nashik",Nashik,Unaided,LSTS,State Level,Ladies,8265,
2022-23,D Pharmacy,CAP Round I,05450,"K. K. Wagh College of Pharmacy, Nashik",Nashik,Unaided,GVJS,State Level,Any,16928,
2022-23,D Pharmacy,CAP Round I,05450,"K. K. Wagh College of Pharmacy, Nashik",Nashik,Unaided,GNT1S,State Level,Any,18804,
2022-23,D Pharmacy,CAP Round I,05450,"K. K. Wagh College of Pharmacy, Nashik",Nashik,Unaided,GNT2S,State Level,Any,22304,
2022-23,D Pharmacy,CAP Round I,05450,"K. K. Wagh College of Pharmacy, Nashik",Nashik,Unaided,LNT2S,State Level,Ladies,25924,
2022-23,D Pharmacy,CAP Round I,05450,"K. K. Wagh College of Pharmacy, Nashik",Nashik,Unaided,GNT3S,State Level,Any,24891,
2022-23,D Pharmacy,CAP Round I,05450,"K. K. Wagh College of Pharmacy, Nashik",Nashik,Unaided,GOBCS,State Level,Any,18996,
2022-23,D Pharmacy,CAP Round I,05450,"K. K. Wagh College of Pharmacy, Nashik",Nashik,Unaided,LOBCS,State Level,Ladies,9379,
2022-23,D Pharmacy,CAP Round I,05450,"K. K. Wagh College of Pharmacy, Nashik",Nashik,Unaided,DEFOPENS,State Level,Any,12781,
2022-23,D Pharmacy,CAP Round I,05450,"K. K. Wagh College of Pharmacy, Nashik",Nashik,Unaided,DEFROBCS,State Level,Any,25258,
2022-23,D Pharmacy,CAP Round I,05450,"K. K. Wagh College of Pharmacy, Nashik",Nashik,Unaided,EWS,Special,Any,30177,
2022-23,D Pharmacy,CAP Round I,05450,"K. K. Wagh College of Pharmacy, Nashik",Nashik,Unaided,TFWS,Special,Any,5494,
2022-23,D Pharmacy,CAP Round I,05452,"Rupesh Badhan Institute of Pharmacy, Pimpalner",Dhule,Unaided,GOPENS,State Level,Any,28436,
2022-23,D Pharmacy,CAP Round I,05452,"Rupesh Badhan Institute of Pharmacy, Pimpalner",Dhule,Unaided,LOPENS,State Level,Ladies,16354,
2022-23,D Pharmacy,CAP Round I,05452,"Rupesh Badhan Institute of Pharmacy, Pimpalner",Dhule,Unaided,GSCS,State Level,Any,80456,
2022-23,D Pharmacy,CAP Round I,05452,"Rupesh Badhan Institute of Pharmacy, Pimpalner",Dhule,Unaided,LSCS,State Level,Ladies,82670,
2022-23,D Pharmacy,CAP Round I,05452,"Rupesh Badhan Institute of Pharmacy, Pimpalner",Dhule,Unaided,GSTS,State Level,Any,32233,
2022-23,D Pharmacy,CAP Round I,05452,"Rupesh Badhan Institute of Pharmacy, Pimpalner",Dhule,Unaided,LSTS,State Level,Ladies,26759,
2022-23,D Pharmacy,CAP Round I,05452,"Rupesh Badhan Institute of Pharmacy, Pimpalner",Dhule,Unaided,GVJS,State Level,Any,40583,
2022-23,D Pharmacy,CAP Round I,05452,"Rupesh Badhan Institute of Pharmacy, Pimpalner",Dhule,Unaided,LNT1S,State Level,Ladies,18931,
2022-23,D Pharmacy,CAP Round I,05452,"Rupesh Badhan Institute of Pharmacy, Pimpalner",Dhule,Unaided,GNT2S,State Level,Any,29701,
2022-23,D Pharmacy,CAP Round I,05452,"Rupesh Badhan Institute of Pharmacy, Pimpalner",Dhule,Unaided,GNT3S,State Level,Any,59614,
2022-23,D Pharmacy,CAP Round I,05452,"Rupesh Badhan Institute of Pharmacy, Pimpalner",Dhule,Unaided,GOBCS,State Level,Any,40523,
2022-23,D Pharmacy,CAP Round I,05452,"Rupesh Badhan Institute of Pharmacy, Pimpalner",Dhule,Unaided,LOBCS,State Level,Ladies,38460,
2022-23,D Pharmacy,CAP Round I,05452,"Rupesh Badhan Institute of Pharmacy, Pimpalner",Dhule,Unaided,EWS,Special,Any,83363,
2022-23,D Pharmacy,CAP Round I,05452,"Rupesh Badhan Institute of Pharmacy, Pimpalner",Dhule,Unaided,TFWS,Special,Any,20562,
2022-23,D Pharmacy,CAP Round I,05454,"Shantiniketan College of Pharmacy, Ahmednagar",Ahmednagar,Unaided,GOPENS,State Level,Any,32204,
2022-23,D Pharmacy,CAP Round I,05454,"Shantiniketan College of Pharmacy, Ahmednagar",Ahmednagar,Unaided,LOPENS,State Level,Ladies,27943,
2022-23,D Pharmacy,CAP Round I,05454,"Shantiniketan College of Pharmacy, Ahmednagar",Ahmednagar,Unaided,GSCS,State Level,Any,59435,
2022-23,D Pharmacy,CAP Round I,05454,"Shantiniketan College of Pharmacy, Ahmednagar",Ahmednagar,Unaided,LSCS,State Level,Ladies,50096,
2022-23,D Pharmacy,CAP Round I,05454,"Shantiniketan College of Pharmacy, Ahmednagar",Ahmednagar,Unaided,GSTS,State Level,Any,65473,
2022-23,D Pharmacy,CAP Round I,05454,"Shantiniketan College of Pharmacy, Ahmednagar",Ahmednagar,Unaided,LSTS,State Level,Ladies,81549,
2022-23,D Pharmacy,CAP Round I,05454,"Shantiniketan College of Pharmacy, Ahmednagar",Ahmednagar,Unaided,GVJS,State Level,Any,45749,
2022-23,D Pharmacy,CAP Round I,05454,"Shantiniketan College of Pharmacy, Ahmednagar",Ahmednagar,Unaided,LVJS,State Level,Ladies,46010,
2022-23,D Pharmacy,CAP Round I,05454,"Shantiniketan College of Pharmacy, Ahmednagar",Ahmednagar,Unaided,LNT1S,State Level,Ladies,43833,
2022-23,D Pharmacy,CAP Round I,05454,"Shantiniketan College of Pharmacy, Ahmednagar",Ahmednagar,Unaided,GNT2S,State Level,Any,35521,
2022-23,D Pharmacy,CAP Round I,05454,"Shantiniketan College of Pharmacy, Ahmednagar",Ahmednagar,Unaided,LNT2S,State Level,Ladies,35524,
2022-23,D Pharmacy,CAP Round I,05454,"Shantiniketan College of Pharmacy, Ahmednagar",Ahmednagar,Unaided,GNT3S,State Level,Any,32937,
2022-23,D Pharmacy,CAP Round I,05454,"Shantiniketan College of Pharmacy, Ahmednagar",Ahmednagar,Unaided,GOBCS,State Level,Any,47345,
2022-23,D Pharmacy,CAP Round I,05454,"Shantiniketan College of Pharmacy, Ahmednagar",Ahmednagar,Unaided,LOBCS,State Level,Ladies,42002,
2022-23,D Pharmacy,CAP Round I,05454,"Shantiniketan College of Pharmacy, Ahmednagar",Ahmednagar,Unaided,PWDOPENS,State Level,Any,48134,
2022-23,D Pharmacy,CAP Round I,05454,"Shantiniketan College of Pharmacy, Ahmednagar",Ahmednagar,Unaided,DEFOPENS,State Level,Any,48765,
2022-23,D Pharmacy,CAP Round I,05454,"Shantiniketan College of Pharmacy, Ahmednagar",Ahmednagar,Unaided,EWS,Special,Any,45374,
2022-23,D Pharmacy,CAP Round I,05454,"Shantiniketan College of Pharmacy, Ahmednagar",Ahmednagar,Unaided,TFWS,Special,Any,18033,
2022-23,D Pharmacy,CAP Round I,05455,"Shram Sadhana Bombay Trust's Institute of Pharmacy, Bambhori, Jalgaon",Jalgaon,Unaided,GOPENS,State Level,Any,18260,
2022-23,D Pharmacy,CAP Round I,05455,"Shram Sadhana Bombay Trust's Institute of Pharmacy, Bambhori, Jalgaon",Jalgaon,Unaided,LOPENS,State Level,Ladies,16505,
2022-23,D Pharmacy,CAP Round I,05455,"Shram Sadhana Bombay Trust's Institute of Pharmacy, Bambhori, Jalgaon",Jalgaon,Unaided,GSCS,State Level,Any,51567,
2022-23,D Pharmacy,CAP Round I,05455,"Shram Sadhana Bombay Trust's Institute of Pharmacy, Bambhori, Jalgaon",Jalgaon,Unaided,LSCS,State Level,Ladies,25056,
2022-23,D Pharmacy,CAP Round I,05455,"Shram Sadhana Bombay Trust's Institute of Pharmacy, Bambhori, Jalgaon",Jalgaon,Unaided,GSTS,State Level,Any,25168,
2022-23,D Pharmacy,CAP Round I,05455,"Shram Sadhana Bombay Trust's Institute of Pharmacy, Bambhori, Jalgaon",Jalgaon,Unaided,LSTS,State Level,Ladies,17400,
2022-23,D Pharmacy,CAP Round I,05455,"Shram Sadhana Bombay Trust's Institute of Pharmacy, Bambhori, Jalgaon",Jalgaon,Unaided,GVJS,State Level,Any,23632,
2022-23,D Pharmacy,CAP Round I,05455,"Shram Sadhana Bombay Trust's Institute of Pharmacy, Bambhori, Jalgaon",Jalgaon,Unaided,GNT1S,State Level,Any,22484,
2022-23,D Pharmacy,CAP Round I,05455,"Shram Sadhana Bombay Trust's Institute of Pharmacy, Bambhori, Jalgaon",Jalgaon,Unaided,LNT1S,State Level,Ladies,34463,
2022-23,D Pharmacy,CAP Round I,05455,"Shram Sadhana Bombay Trust's Institute of Pharmacy, Bambhori, Jalgaon",Jalgaon,Unaided,GNT2S,State Level,Any,21729,
2022-23,D Pharmacy,CAP Round I,05455,"Shram Sadhana Bombay Trust's Institute of Pharmacy, Bambhori, Jalgaon",Jalgaon,Unaided,GNT3S,State Level,Any,49612,
2022-23,D Pharmacy,CAP Round I,05455,"Shram Sadhana Bombay Trust's Institute of Pharmacy, Bambhori, Jalgaon",Jalgaon,Unaided,GOBCS,State Level,Any,20096,
2022-23,D Pharmacy,CAP Round I,05455,"Shram Sadhana Bombay Trust's Institute of Pharmacy, Bambhori, Jalgaon",Jalgaon,Unaided,LOBCS,State Level,Ladies,18375,
2022-23,D Pharmacy,CAP Round I,05455,"Shram Sadhana Bombay Trust's Institute of Pharmacy, Bambhori, Jalgaon",Jalgaon,Unaided,EWS,Special,Any,33614,
2022-23,D Pharmacy,CAP Round I,05455,"Shram Sadhana Bombay Trust's Institute of Pharmacy, Bambhori, Jalgaon",Jalgaon,Unaided,TFWS,Special,Any,12001,
2022-23,D Pharmacy,CAP Round I,05458,"Shri. Prakashchand Jain College of Pharmacy & Research, Palaskheda",Jalgaon,Religious Minority - Jain,GOPENS,State Level,Any,18520,
2022-23,D Pharmacy,CAP Round I,05458,"Shri. Prakashchand Jain College of Pharmacy & Research, Palaskheda",Jalgaon,Religious Minority - Jain,LOPENS,State Level,Ladies,10251,
2022-23,D Pharmacy,CAP Round I,05458,"Shri. Prakashchand Jain College of Pharmacy & Research, Palaskheda",Jalgaon,Religious Minority - Jain,MI,Special,Any,42191,
2022-23,D Pharmacy,CAP Round I,05458,"Shri. Prakashchand Jain College of Pharmacy & Research, Palaskheda",Jalgaon,Religious Minority - Jain,TFWS,Special,Any,5260,
2022-23,D Pharmacy,CAP Round I,05459,"SHRI GULABRAO DEOKAR COLLEGE OF PHARMACY,SHIRSOLY ROAD, JALGAON",Jalgaon,Unaided,GOPENS,State Level,Any,21297,
2022-23,D Pharmacy,CAP Round I,05459,"SHRI GULABRAO DEOKAR COLLEGE OF PHARMACY,SHIRSOLY ROAD, JALGAON",Jalgaon,Unaided,LOPENS,State Level,Ladies,12705,
2022-23,D Pharmacy,CAP Round I,05459,"SHRI GULABRAO DEOKAR COLLEGE OF PHARMACY,SHIRSOLY ROAD, JALGAON",Jalgaon,Unaided,GSCS,State Level,Any,39723,
2022-23,D Pharmacy,CAP Round I,05459,"SHRI GULABRAO DEOKAR COLLEGE OF PHARMACY,SHIRSOLY ROAD, JALGAON",Jalgaon,Unaided,LSCS,State Level,Ladies,28156,
2022-23,D Pharmacy,CAP Round I,05459,"SHRI GULABRAO DEOKAR COLLEGE OF PHARMACY,SHIRSOLY ROAD, JALGAON",Jalgaon,Unaided,GSTS,State Level,Any,28459,
2022-23,D Pharmacy,CAP Round I,05459,"SHRI GULABRAO DEOKAR COLLEGE OF PHARMACY,SHIRSOLY ROAD, JALGAON",Jalgaon,Unaided,LSTS,State Level,Ladies,34686,
2022-23,D Pharmacy,CAP Round I,05459,"SHRI GULABRAO DEOKAR COLLEGE OF PHARMACY,SHIRSOLY ROAD, JALGAON",Jalgaon,Unaided,GVJS,State Level,Any,23019,
2022-23,D Pharmacy,CAP Round I,05459,"SHRI GULABRAO DEOKAR COLLEGE OF PHARMACY,SHIRSOLY ROAD, JALGAON",Jalgaon,Unaided,GNT1S,State Level,Any,30178,
2022-23,D Pharmacy,CAP Round I,05459,"SHRI GULABRAO DEOKAR COLLEGE OF PHARMACY,SHIRSOLY ROAD, JALGAON",Jalgaon,Unaided,GNT2S,State Level,Any,25853,
2022-23,D Pharmacy,CAP Round I,05459,"SHRI GULABRAO DEOKAR COLLEGE OF PHARMACY,SHIRSOLY ROAD, JALGAON",Jalgaon,Unaided,LNT2S,State Level,Ladies,22706,
2022-23,D Pharmacy,CAP Round I,05459,"SHRI GULABRAO DEOKAR COLLEGE OF PHARMACY,SHIRSOLY ROAD, JALGAON",Jalgaon,Unaided,GNT3S,State Level,Any,51369,
2022-23,D Pharmacy,CAP Round I,05459,"SHRI GULABRAO DEOKAR COLLEGE OF PHARMACY,SHIRSOLY ROAD, JALGAON",Jalgaon,Unaided,GOBCS,State Level,Any,25166,
2022-23,D Pharmacy,CAP Round I,05459,"SHRI GULABRAO DEOKAR COLLEGE OF PHARMACY,SHIRSOLY ROAD, JALGAON",Jalgaon,Unaided,LOBCS,State Level,Ladies,16250,
2022-23,D Pharmacy,CAP Round I,05459,"SHRI GULABRAO DEOKAR COLLEGE OF PHARMACY,SHIRSOLY ROAD, JALGAON",Jalgaon,Unaided,EWS,Special,Any,28489,
2022-23,D Pharmacy,CAP Round I,05459,"SHRI GULABRAO DEOKAR COLLEGE OF PHARMACY,SHIRSOLY ROAD, JALGAON",Jalgaon,Unaided,TFWS,Special,Any,17028,
2022-23,D Pharmacy,CAP Round I,05460,"Dr. Kolpe Institute of Pharmacy, Kolpewadi",Ahmednagar,Unaided,GOPENS,State Level,Any,46210,
2022-23,D Pharmacy,CAP Round I,05460,"Dr. Kolpe Institute of Pharmacy, Kolpewadi",Ahmednagar,Unaided,LOPENS,State Level,Ladies,49675,
2022-23,D Pharmacy,CAP Round I,05460,"Dr. Kolpe Institute of Pharmacy, Kolpewadi",Ahmednagar,Unaided,GSCS,State Level,Any,70684,
2022-23,D Pharmacy,CAP Round I,05460,"Dr. Kolpe Institute of Pharmacy, Kolpewadi",Ahmednagar,Unaided,LSCS,State Level,Ladies,63453,
2022-23,D Pharmacy,CAP Round I,05460,"Dr. Kolpe Institute of Pharmacy, Kolpewadi",Ahmednagar,Unaided,GSTS,State Level,Any,77611,
2022-23,D Pharmacy,CAP Round I,05460,"Dr. Kolpe Institute of Pharmacy, Kolpewadi",Ahmednagar,Unaided,LSTS,State Level,Ladies,58663,
2022-23,D Pharmacy,CAP Round I,05460,"Dr. Kolpe Institute of Pharmacy, Kolpewadi",Ahmednagar,Unaided,GVJS,State Level,Any,62073,
2022-23,D Pharmacy,CAP Round I,05460,"Dr. Kolpe Institute of Pharmacy, Kolpewadi",Ahmednagar,Unaided,LVJS,State Level,Ladies,80585,
2022-23,D Pharmacy,CAP Round I,05460,"Dr. Kolpe Institute of Pharmacy, Kolpewadi",Ahmednagar,Unaided,GNT1S,State Level,Any,56172,
2022-23,D Pharmacy,CAP Round I,05460,"Dr. Kolpe Institute of Pharmacy, Kolpewadi",Ahmednagar,Unaided,GNT2S,State Level,Any,49446,
2022-23,D Pharmacy,CAP Round I,05460,"Dr. Kolpe Institute of Pharmacy, Kolpewadi",Ahmednagar,Unaided,LNT2S,State Level,Ladies,50864,
2022-23,D Pharmacy,CAP Round I,05460,"Dr. Kolpe Institute of Pharmacy, Kolpewadi",Ahmednagar,Unaided,LNT3S,State Level,Ladies,62993,
2022-23,D Pharmacy,CAP Round I,05460,"Dr. Kolpe Institute of Pharmacy, Kolpewadi",Ahmednagar,Unaided,GOBCS,State Level,Any,57053,
2022-23,D Pharmacy,CAP Round I,05460,"Dr. Kolpe Institute of Pharmacy, Kolpewadi",Ahmednagar,Unaided,LOBCS,State Level,Ladies,57430,
2022-23,D Pharmacy,CAP Round I,05460,"Dr. Kolpe Institute of Pharmacy, Kolpewadi",Ahmednagar,Unaided,EWS,Special,Any,50088,
2022-23,D Pharmacy,CAP Round I,05460,"Dr. Kolpe Institute of Pharmacy, Kolpewadi",Ahmednagar,Unaided,TFWS,Special,Any,28364,
2022-23,D Pharmacy,CAP Round I,05461,"Arihant College of Pharmacy, Ahmednagar",Ahmednagar,Unaided,GOPENS,State Level,Any,28893,
2022-23,D Pharmacy,CAP Round I,05461,"Arihant College of Pharmacy, Ahmednagar",Ahmednagar,Unaided,LOPENS,State Level,Ladies,19479,
2022-23,D Pharmacy,CAP Round I,05461,"Arihant College of Pharmacy, Ahmednagar",Ahmednagar,Unaided,GSCS,State Level,Any,50533,
2022-23,D Pharmacy,CAP Round I,05461,"Arihant College of Pharmacy, Ahmednagar",Ahmednagar,Unaided,LSCS,State Level,Ladies,39062,
2022-23,D Pharmacy,CAP Round I,05461,"Arihant College of Pharmacy, Ahmednagar",Ahmednagar,Unaided,GSTS,State Level,Any,49591,
2022-23,D Pharmacy,CAP Round I,05461,"Arihant College of Pharmacy, Ahmednagar",Ahmednagar,Unaided,LSTS,State Level,Ladies,77499,
2022-23,D Pharmacy,CAP Round I,05461,"Arihant College of Pharmacy, Ahmednagar",Ahmednagar,Unaided,GVJS,State Level,Any,35219,
2022-23,D Pharmacy,CAP Round I,05461,"Arihant College of Pharmacy, Ahmednagar",Ahmednagar,Unaided,GNT1S,State Level,Any,32674,
2022-23,D Pharmacy,CAP Round I,05461,"Arihant College of Pharmacy, Ahmednagar",Ahmednagar,Unaided,GNT2S,State Level,Any,35818,
2022-23,D Pharmacy,CAP Round I,05461,"Arihant College of Pharmacy, Ahmednagar",Ahmednagar,Unaided,LNT2S,State Level,Ladies,30379,
2022-23,D Pharmacy,CAP Round I,05461,"Arihant College of Pharmacy, Ahmednagar",Ahmednagar,Unaided,GNT3S,State Level,Any,29997,
2022-23,D Pharmacy,CAP Round I,05461,"Arihant College of Pharmacy, Ahmednagar",Ahmednagar,Unaided,GOBCS,State Level,Any,43076,
2022-23,D Pharmacy,CAP Round I,05461,"Arihant College of Pharmacy, Ahmednagar",Ahmednagar,Unaided,LOBCS,State Level,Ladies,34870,
2022-23,D Pharmacy,CAP Round I,05461,"Arihant College of Pharmacy, Ahmednagar",Ahmednagar,Unaided,DEFOPENS,State Level,Any,61983,
2022-23,D Pharmacy,CAP Round I,05461,"Arihant College of Pharmacy, Ahmednagar",Ahmednagar,Unaided,EWS,Special,Any,43671,
2022-23,D Pharmacy,CAP Round I,05461,"Arihant College of Pharmacy, Ahmednagar",Ahmednagar,Unaided,TFWS,Special,Any,6026,
2022-23,D Pharmacy,CAP Round I,05463,"K. K. Wagh Institute of Pharmacy, Chandori",Nashik,Unaided,GOPENS,State Level,Any,39170,
2022-23,D Pharmacy,CAP Round I,05463,"K. K. Wagh Institute of Pharmacy, Chandori",Nashik,Unaided,LOPENS,State Level,Ladies,34049,
2022-23,D Pharmacy,CAP Round I,05463,"K. K. Wagh Institute of Pharmacy, Chandori",Nashik,Unaided,GSCS,State Level,Any,67547,
2022-23,D Pharmacy,CAP Round I,05463,"K. K. Wagh Institute of Pharmacy, Chandori",Nashik,Unaided,LSCS,State Level,Ladies,54527,
2022-23,D Pharmacy,CAP Round I,05463,"K. K. Wagh Institute of Pharmacy, Chandori",Nashik,Unaided,GSTS,State Level,Any,46411,
2022-23,D Pharmacy,CAP Round I,05463,"K. K. Wagh Institute of Pharmacy, Chandori",Nashik,Unaided,LSTS,State Level,Ladies,43065,
2022-23,D Pharmacy,CAP Round I,05463,"K. K. Wagh Institute of Pharmacy, Chandori",Nashik,Unaided,GVJS,State Level,Any,43290,
2022-23,D Pharmacy,CAP Round I,05463,"K. K. Wagh Institute of Pharmacy, Chandori",Nashik,Unaided,LVJS,State Level,Ladies,60667,
2022-23,D Pharmacy,CAP Round I,05463,"K. K. Wagh Institute of Pharmacy, Chandori",Nashik,Unaided,GNT1S,State Level,Any,40722,
2022-23,D Pharmacy,CAP Round I,05463,"K. K. Wagh Institute of Pharmacy, Chandori",Nashik,Unaided,GNT2S,State Level,Any,39820,
2022-23,D Pharmacy,CAP Round I,05463,"K. K. Wagh Institute of Pharmacy, Chandori",Nashik,Unaided,GNT3S,State Level,Any,43677,
2022-23,D Pharmacy,CAP Round I,05463,"K. K. Wagh Institute of Pharmacy, Chandori",Nashik,Unaided,GOBCS,State Level,Any,41081,
2022-23,D Pharmacy,CAP Round I,05463,"K. K. Wagh Institute of Pharmacy, Chandori",Nashik,Unaided,LOBCS,State Level,Ladies,38611,
2022-23,D Pharmacy,CAP Round I,05463,"K. K. Wagh Institute of Pharmacy, Chandori",Nashik,Unaided,EWS,Special,Any,48608,
2022-23,D Pharmacy,CAP Round I,05463,"K. K. Wagh Institute of Pharmacy, Chandori",Nashik,Unaided,TFWS,Special,Any,16060,
2022-23,D Pharmacy,CAP Round I,05464,"Vidya Niketan Institute of Pharmacy & Research Center, Bota",Ahmednagar,Unaided,GOPENS,State Level,Any,51141,
2022-23,D Pharmacy,CAP Round I,05464,"Vidya Niketan Institute of Pharmacy & Research Center, Bota",Ahmednagar,Unaided,LOPENS,State Level,Ladies,50505,
2022-23,D Pharmacy,CAP Round I,05464,"Vidya Niketan Institute of Pharmacy & Research Center, Bota",Ahmednagar,Unaided,GSCS,State Level,Any,78771,
2022-23,D Pharmacy,CAP Round I,05464,"Vidya Niketan Institute of Pharmacy & Research Center, Bota",Ahmednagar,Unaided,LSCS,State Level,Ladies,74665,
2022-23,D Pharmacy,CAP Round I,05464,"Vidya Niketan Institute of Pharmacy & Research Center, Bota",Ahmednagar,Unaided,GSTS,State Level,Any,73548,
2022-23,D Pharmacy,CAP Round I,05464,"Vidya Niketan Institute of Pharmacy & Research Center, Bota",Ahmednagar,Unaided,LSTS,State Level,Ladies,71195,
2022-23,D Pharmacy,CAP Round I,05464,"Vidya Niketan Institute of Pharmacy & Research Center, Bota",Ahmednagar,Unaided,GVJS,State Level,Any,63067,
2022-23,D Pharmacy,CAP Round I,05464,"Vidya Niketan Institute of Pharmacy & Research Center, Bota",Ahmednagar,Unaided,GNT1S,State Level,Any,55180,
2022-23,D Pharmacy,CAP Round I,05464,"Vidya Niketan Institute of Pharmacy & Research Center, Bota",Ahmednagar,Unaided,LNT1S,State Level,Ladies,74915,
2022-23,D Pharmacy,CAP Round I,05464,"Vidya Niketan Institute of Pharmacy & Research Center, Bota",Ahmednagar,Unaided,GNT2S,State Level,Any,52378,
2022-23,D Pharmacy,CAP Round I,05464,"Vidya Niketan Institute of Pharmacy & Research Center, Bota",Ahmednagar,Unaided,LNT2S,State Level,Ladies,54323,
2022-23,D Pharmacy,CAP Round I,05464,"Vidya Niketan Institute of Pharmacy & Research Center, Bota",Ahmednagar,Unaided,LNT3S,State Level,Ladies,45087,
2022-23,D Pharmacy,CAP Round I,05464,"Vidya Niketan Institute of Pharmacy & Research Center, Bota",Ahmednagar,Unaided,GOBCS,State Level,Any,65751,
2022-23,D Pharmacy,CAP Round I,05464,"Vidya Niketan Institute of Pharmacy & Research Center, Bota",Ahmednagar,Unaided,LOBCS,State Level,Ladies,61905,
2022-23,D Pharmacy,CAP Round I,05464,"Vidya Niketan Institute of Pharmacy & Research Center, Bota",Ahmednagar,Unaided,EWS,Special,Any,51122,
2022-23,D Pharmacy,CAP Round I,05464,"Vidya Niketan Institute of Pharmacy & Research Center, Bota",Ahmednagar,Unaided,TFWS,Special,Any,45411,
2022-23,D Pharmacy,CAP Round I,05465,"Ratnadeep College of Pharmacy, Ratnapur, Taluka Jamkhed, Dist. Ahmednagar",Ahmednagar,Unaided,GOPENS,State Level,Any,34578,
2022-23,D Pharmacy,CAP Round I,05465,"Ratnadeep College of Pharmacy, Ratnapur, Taluka Jamkhed, Dist. Ahmednagar",Ahmednagar,Unaided,LOPENS,State Level,Ladies,31009,
2022-23,D Pharmacy,CAP Round I,05465,"Ratnadeep College of Pharmacy, Ratnapur, Taluka Jamkhed, Dist. Ahmednagar",Ahmednagar,Unaided,GSCS,State Level,Any,63999,
2022-23,D Pharmacy,CAP Round I,05465,"Ratnadeep College of Pharmacy, Ratnapur, Taluka Jamkhed, Dist. Ahmednagar",Ahmednagar,Unaided,LSCS,State Level,Ladies,65676,
2022-23,D Pharmacy,CAP Round I,05465,"Ratnadeep College of Pharmacy, Ratnapur, Taluka Jamkhed, Dist. Ahmednagar",Ahmednagar,Unaided,GSTS,State Level,Any,56946,
2022-23,D Pharmacy,CAP Round I,05465,"Ratnadeep College of Pharmacy, Ratnapur, Taluka Jamkhed, Dist. Ahmednagar",Ahmednagar,Unaided,GVJS,State Level,Any,65920,
2022-23,D Pharmacy,CAP Round I,05465,"Ratnadeep College of Pharmacy, Ratnapur, Taluka Jamkhed, Dist. Ahmednagar",Ahmednagar,Unaided,GNT1S,State Level,Any,47036,
2022-23,D Pharmacy,CAP Round I,05465,"Ratnadeep College of Pharmacy, Ratnapur, Taluka Jamkhed, Dist. Ahmednagar",Ahmednagar,Unaided,LNT1S,State Level,Ladies,48434,
2022-23,D Pharmacy,CAP Round I,05465,"Ratnadeep College of Pharmacy, Ratnapur, Taluka Jamkhed, Dist. Ahmednagar",Ahmednagar,Unaided,GNT2S,State Level,Any,40318,
2022-23,D Pharmacy,CAP Round I,05465,"Ratnadeep College of Pharmacy, Ratnapur, Taluka Jamkhed, Dist. Ahmednagar",Ahmednagar,Unaided,LNT2S,State Level,Ladies,39989,
2022-23,D Pharmacy,CAP Round I,05465,"Ratnadeep College of Pharmacy, Ratnapur, Taluka Jamkhed, Dist. Ahmednagar",Ahmednagar,Unaided,GNT3S,State Level,Any,36642,
2022-23,D Pharmacy,CAP Round I,05465,"Ratnadeep College of Pharmacy, Ratnapur, Taluka Jamkhed, Dist. Ahmednagar",Ahmednagar,Unaided,LNT3S,State Level,Ladies,32407,
2022-23,D Pharmacy,CAP Round I,05465,"Ratnadeep College of Pharmacy, Ratnapur, Taluka Jamkhed, Dist. Ahmednagar",Ahmednagar,Unaided,GOBCS,State Level,Any,50861,
2022-23,D Pharmacy,CAP Round I,05465,"Ratnadeep College of Pharmacy, Ratnapur, Taluka Jamkhed, Dist. Ahmednagar",Ahmednagar,Unaided,LOBCS,State Level,Ladies,55708,
2022-23,D Pharmacy,CAP Round I,05465,"Ratnadeep College of Pharmacy, Ratnapur, Taluka Jamkhed, Dist. Ahmednagar",Ahmednagar,Unaided,EWS,Special,Any,29166,
2022-23,D Pharmacy,CAP Round I,05465,"Ratnadeep College of Pharmacy, Ratnapur, Taluka Jamkhed, Dist. Ahmednagar",Ahmednagar,Unaided,TFWS,Special,Any,28949,
2022-23,D Pharmacy,CAP Round I,05465,"Ratnadeep College of Pharmacy, Ratnapur, Taluka Jamkhed, Dist. Ahmednagar",Ahmednagar,Unaided,LVJS,State Level,Ladies,71828,
2022-23,D Pharmacy,CAP Round I,05466,"Shiva Trust, Shivajirao Pawar College of Pharmacy, At-Pachegaon, Tq.Newsa, Ahmednagar",Ahmednagar,Unaided,GOPENS,State Level,Any,43860,
2022-23,D Pharmacy,CAP Round I,05466,"Shiva Trust, Shivajirao Pawar College of Pharmacy, At-Pachegaon, Tq.Newsa, Ahmednagar",Ahmednagar,Unaided,LOPENS,State Level,Ladies,43535,
2022-23,D Pharmacy,CAP Round I,05466,"Shiva Trust, Shivajirao Pawar College of Pharmacy, At-Pachegaon, Tq.Newsa, Ahmednagar",Ahmednagar,Unaided,GSCS,State Level,Any,60005,
2022-23,D Pharmacy,CAP Round I,05466,"Shiva Trust, Shivajirao Pawar College of Pharmacy, At-Pachegaon, Tq.Newsa, Ahmednagar",Ahmednagar,Unaided,LSCS,State Level,Ladies,76251,
2022-23,D Pharmacy,CAP Round I,05466,"Shiva Trust, Shivajirao Pawar College of Pharmacy, At-Pachegaon, Tq.Newsa, Ahmednagar",Ahmednagar,Unaided,GSTS,State Level,Any,81551,
2022-23,D Pharmacy,CAP Round I,05466,"Shiva Trust, Shivajirao Pawar College of Pharmacy, At-Pachegaon, Tq.Newsa, Ahmednagar",Ahmednagar,Unaided,LSTS,State Level,Ladies,77601,
2022-23,D Pharmacy,CAP Round I,05466,"Shiva Trust, Shivajirao Pawar College of Pharmacy, At-Pachegaon, Tq.Newsa, Ahmednagar",Ahmednagar,Unaided,GVJS,State Level,Any,45123,
2022-23,D Pharmacy,CAP Round I,05466,"Shiva Trust, Shivajirao Pawar College of Pharmacy, At-Pachegaon, Tq.Newsa, Ahmednagar",Ahmednagar,Unaided,GNT1S,State Level,Any,67222,
2022-23,D Pharmacy,CAP Round I,05466,"Shiva Trust, Shivajirao Pawar College of Pharmacy, At-Pachegaon, Tq.Newsa, Ahmednagar",Ahmednagar,Unaided,GNT2S,State Level,Any,47206,
2022-23,D Pharmacy,CAP Round I,05466,"Shiva Trust, Shivajirao Pawar College of Pharmacy, At-Pachegaon, Tq.Newsa, Ahmednagar",Ahmednagar,Unaided,LNT2S,State Level,Ladies,47164,
2022-23,D Pharmacy,CAP Round I,05466,"Shiva Trust, Shivajirao Pawar College of Pharmacy, At-Pachegaon, Tq.Newsa, Ahmednagar",Ahmednagar,Unaided,GNT3S,State Level,Any,50219,
2022-23,D Pharmacy,CAP Round I,05466,"Shiva Trust, Shivajirao Pawar College of Pharmacy, At-Pachegaon, Tq.Newsa, Ahmednagar",Ahmednagar,Unaided,GOBCS,State Level,Any,49702,
2022-23,D Pharmacy,CAP Round I,05466,"Shiva Trust, Shivajirao Pawar College of Pharmacy, At-Pachegaon, Tq.Newsa, Ahmednagar",Ahmednagar,Unaided,LOBCS,State Level,Ladies,37584,
2022-23,D Pharmacy,CAP Round I,05466,"Shiva Trust, Shivajirao Pawar College of Pharmacy, At-Pachegaon, Tq.Newsa, Ahmednagar",Ahmednagar,Unaided,EWS,Special,Any,57089,
2022-23,D Pharmacy,CAP Round I,05466,"Shiva Trust, Shivajirao Pawar College of Pharmacy, At-Pachegaon, Tq.Newsa, Ahmednagar",Ahmednagar,Unaided,TFWS,Special,Any,32931,
2022-23,D Pharmacy,CAP Round I,05467,"Shastry Institute of Pharmacy, Erandol",Jalgaon,Unaided,GOPENS,State Level,Any,29610,
2022-23,D Pharmacy,CAP Round I,05467,"Shastry Institute of Pharmacy, Erandol",Jalgaon,Unaided,LOPENS,State Level,Ladies,28920,
2022-23,D Pharmacy,CAP Round I,05467,"Shastry Institute of Pharmacy, Erandol",Jalgaon,Unaided,GSCS,State Level,Any,81263,
2022-23,D Pharmacy,CAP Round I,05467,"Shastry Institute of Pharmacy, Erandol",Jalgaon,Unaided,LSCS,State Level,Ladies,57356,
2022-23,D Pharmacy,CAP Round I,05467,"Shastry Institute of Pharmacy, Erandol",Jalgaon,Unaided,GSTS,State Level,Any,44965,
2022-23,D Pharmacy,CAP Round I,05467,"Shastry Institute of Pharmacy, Erandol",Jalgaon,Unaided,LSTS,State Level,Ladies,32938,
2022-23,D Pharmacy,CAP Round I,05467,"Shastry Institute of Pharmacy, Erandol",Jalgaon,Unaided,GVJS,State Level,Any,36237,
2022-23,D Pharmacy,CAP Round I,05467,"Shastry Institute of Pharmacy, Erandol",Jalgaon,Unaided,LVJS,State Level,Ladies,24406,
2022-23,D Pharmacy,CAP Round I,05467,"Shastry Institute of Pharmacy, Erandol",Jalgaon,Unaided,GNT1S,State Level,Any,36283,
2022-23,D Pharmacy,CAP Round I,05467,"Shastry Institute of Pharmacy, Erandol",Jalgaon,Unaided,GNT2S,State Level,Any,29613,
2022-23,D Pharmacy,CAP Round I,05467,"Shastry Institute of Pharmacy, Erandol",Jalgaon,Unaided,GNT3S,State Level,Any,36468,
2022-23,D Pharmacy,CAP Round I,05467,"Shastry Institute of Pharmacy, Erandol",Jalgaon,Unaided,GOBCS,State Level,Any,31119,
2022-23,D Pharmacy,CAP Round I,05467,"Shastry Institute of Pharmacy, Erandol",Jalgaon,Unaided,LOBCS,State Level,Ladies,25536,
2022-23,D Pharmacy,CAP Round I,05467,"Shastry Institute of Pharmacy, Erandol",Jalgaon,Unaided,PWDOPENS,State Level,Any,30351,
2022-23,D Pharmacy,CAP Round I,05467,"Shastry Institute of Pharmacy, Erandol",Jalgaon,Unaided,EWS,Special,Any,41198,
2022-23,D Pharmacy,CAP Round I,05467,"Shastry Institute of Pharmacy, Erandol",Jalgaon,Unaided,TFWS,Special,Any,29547,
2022-23,D Pharmacy,CAP Round I,05468,"Matoshri Education Society's Matoshri Institute of Pharmacy, Dhanore",Pune,Unaided,GOPENS,State Level,Any,35862,
2022-23,D Pharmacy,CAP Round I,05468,"Matoshri Education Society's Matoshri Institute of Pharmacy, Dhanore",Pune,Unaided,LOPENS,State Level,Ladies,22758,
2022-23,D Pharmacy,CAP Round I,05468,"Matoshri Education Society's Matoshri Institute of Pharmacy, Dhanore",Pune,Unaided,GSCS,State Level,Any,71124,
2022-23,D Pharmacy,CAP Round I,05468,"Matoshri Education Society's Matoshri Institute of Pharmacy, Dhanore",Pune,Unaided,LSCS,State Level,Ladies,73424,
2022-23,D Pharmacy,CAP Round I,05468,"Matoshri Education Society's Matoshri Institute of Pharmacy, Dhanore",Pune,Unaided,GSTS,State Level,Any,46903,
2022-23,D Pharmacy,CAP Round I,05468,"Matoshri Education Society's Matoshri Institute of Pharmacy, Dhanore",Pune,Unaided,LSTS,State Level,Ladies,28938,
2022-23,D Pharmacy,CAP Round I,05468,"Matoshri Education Society's Matoshri Institute of Pharmacy, Dhanore",Pune,Unaided,GVJS,State Level,Any,52411,
2022-23,D Pharmacy,CAP Round I,05468,"Matoshri Education Society's Matoshri Institute of Pharmacy, Dhanore",Pune,Unaided,GNT1S,State Level,Any,44413,
2022-23,D Pharmacy,CAP Round I,05468,"Matoshri Education Society's Matoshri Institute of Pharmacy, Dhanore",Pune,Unaided,GNT2S,State Level,Any,37221,
2022-23,D Pharmacy,CAP Round I,05468,"Matoshri Education Society's Matoshri Institute of Pharmacy, Dhanore",Pune,Unaided,LNT2S,State Level,Ladies,34822,
2022-23,D Pharmacy,CAP Round I,05468,"Matoshri Education Society's Matoshri Institute of Pharmacy, Dhanore",Pune,Unaided,GNT3S,State Level,Any,46885,
2022-23,D Pharmacy,CAP Round I,05468,"Matoshri Education Society's Matoshri Institute of Pharmacy, Dhanore",Pune,Unaided,GOBCS,State Level,Any,41963,
2022-23,D Pharmacy,CAP Round I,05468,"Matoshri Education Society's Matoshri Institute of Pharmacy, Dhanore",Pune,Unaided,LOBCS,State Level,Ladies,29545,
2022-23,D Pharmacy,CAP Round I,05468,"Matoshri Education Society's Matoshri Institute of Pharmacy, Dhanore",Pune,Unaided,EWS,Special,Any,39378,
2022-23,D Pharmacy,CAP Round I,05468,"Matoshri Education Society's Matoshri Institute of Pharmacy, Dhanore",Pune,Unaided,TFWS,Special,Any,11381,
2022-23,D Pharmacy,CAP Round I,05468,"Matoshri Education Society's Matoshri Institute of Pharmacy, Dhanore",Pune,Unaided,LVJS,State Level,Ladies,58906,
2022-23,D Pharmacy,CAP Round I,05469,"P. G. College Of Pharmaceutical Science And Research, Chaupale",Nandurbar,Unaided,GOPENS,State Level,Any,23890,
2022-23,D Pharmacy,CAP Round I,05469,"P. G. College Of Pharmaceutical Science And Research, Chaupale",Nandurbar,Unaided,LOPENS,State Level,Ladies,20928,
2022-23,D Pharmacy,CAP Round I,05469,"P. G. College Of Pharmaceutical Science And Research, Chaupale",Nandurbar,Unaided,GSCS,State Level,Any,46092,
2022-23,D Pharmacy,CAP Round I,05469,"P. G. College Of Pharmaceutical Science And Research, Chaupale",Nandurbar,Unaided,LSCS,State Level,Ladies,41195,
2022-23,D Pharmacy,CAP Round I,05469,"P. G. College Of Pharmaceutical Science And Research, Chaupale",Nandurbar,Unaided,GSTS,State Level,Any,24981,
2022-23,D Pharmacy,CAP Round I,05469,"P. G. College Of Pharmaceutical Science And Research, Chaupale",Nandurbar,Unaided,LSTS,State Level,Ladies,21296,
2022-23,D Pharmacy,CAP Round I,05469,"P. G. College Of Pharmaceutical Science And Research, Chaupale",Nandurbar,Unaided,GVJS,State Level,Any,27554,
2022-23,D Pharmacy,CAP Round I,05469,"P. G. College Of Pharmaceutical Science And Research, Chaupale",Nandurbar,Unaided,GNT1S,State Level,Any,28049,
2022-23,D Pharmacy,CAP Round I,05469,"P. G. College Of Pharmaceutical Science And Research, Chaupale",Nandurbar,Unaided,GNT2S,State Level,Any,26593,
2022-23,D Pharmacy,CAP Round I,05469,"P. G. College Of Pharmaceutical Science And Research, Chaupale",Nandurbar,Unaided,LNT3S,State Level,Ladies,38781,
2022-23,D Pharmacy,CAP Round I,05469,"P. G. College Of Pharmaceutical Science And Research, Chaupale",Nandurbar,Unaided,GOBCS,State Level,Any,30118,
2022-23,D Pharmacy,CAP Round I,05469,"P. G. College Of Pharmaceutical Science And Research, Chaupale",Nandurbar,Unaided,LOBCS,State Level,Ladies,27845,
2022-23,D Pharmacy,CAP Round I,05469,"P. G. College Of Pharmaceutical Science And Research, Chaupale",Nandurbar,Unaided,PWDOPENS,State Level,Any,52016,
2022-23,D Pharmacy,CAP Round I,05469,"P. G. College Of Pharmaceutical Science And Research, Chaupale",Nandurbar,Unaided,EWS,Special,Any,41427,
2022-23,D Pharmacy,CAP Round I,05469,"P. G. College Of Pharmaceutical Science And Research, Chaupale",Nandurbar,Unaided,TFWS,Special,Any,8054,
2022-23,D Pharmacy,CAP Round I,05470,"Bankar Patil College Of Pharmacy, Yeola",Nashik,Unaided,GOPENS,State Level,Any,35939,
2022-23,D Pharmacy,CAP Round I,05470,"Bankar Patil College Of Pharmacy, Yeola",Nashik,Unaided,LOPENS,State Level,Ladies,20611,
2022-23,D Pharmacy,CAP Round I,05470,"Bankar Patil College Of Pharmacy, Yeola",Nashik,Unaided,GSCS,State Level,Any,74678,
2022-23,D Pharmacy,CAP Round I,05470,"Bankar Patil College Of Pharmacy, Yeola",Nashik,Unaided,LSCS,State Level,Ladies,67550,
2022-23,D Pharmacy,CAP Round I,05470,"Bankar Patil College Of Pharmacy, Yeola",Nashik,Unaided,GSTS,State Level,Any,52470,
2022-23,D Pharmacy,CAP Round I,05470,"Bankar Patil College Of Pharmacy, Yeola",Nashik,Unaided,LSTS,State Level,Ladies,48678,
2022-23,D Pharmacy,CAP Round I,05470,"Bankar Patil College Of Pharmacy, Yeola",Nashik,Unaided,GVJS,State Level,Any,56912,
2022-23,D Pharmacy,CAP Round I,05470,"Bankar Patil College Of Pharmacy, Yeola",Nashik,Unaided,LVJS,State Level,Ladies,23756,
2022-23,D Pharmacy,CAP Round I,05470,"Bankar Patil College Of Pharmacy, Yeola",Nashik,Unaided,GNT1S,State Level,Any,58533,
2022-23,D Pharmacy,CAP Round I,05470,"Bankar Patil College Of Pharmacy, Yeola",Nashik,Unaided,GNT2S,State Level,Any,42485,
2022-23,D Pharmacy,CAP Round I,05470,"Bankar Patil College Of Pharmacy, Yeola",Nashik,Unaided,LNT2S,State Level,Ladies,40009,
2022-23,D Pharmacy,CAP Round I,05470,"Bankar Patil College Of Pharmacy, Yeola",Nashik,Unaided,GNT3S,State Level,Any,43173,
2022-23,D Pharmacy,CAP Round I,05470,"Bankar Patil College Of Pharmacy, Yeola",Nashik,Unaided,GOBCS,State Level,Any,47007,
2022-23,D Pharmacy,CAP Round I,05470,"Bankar Patil College Of Pharmacy, Yeola",Nashik,Unaided,LOBCS,State Level,Ladies,23140,
2022-23,D Pharmacy,CAP Round I,05470,"Bankar Patil College Of Pharmacy, Yeola",Nashik,Unaided,PWDOPENS,State Level,Any,61822,
2022-23,D Pharmacy,CAP Round I,05470,"Bankar Patil College Of Pharmacy, Yeola",Nashik,Unaided,EWS,Special,Any,39140,
2022-23,D Pharmacy,CAP Round I,05470,"Bankar Patil College Of Pharmacy, Yeola",Nashik,Unaided,TFWS,Special,Any,13287,
2022-23,D Pharmacy,CAP Round I,05471,"Saikrupa Institute Of Pharmacy, Ghargaon, Tal.Shrigonda",Ahmednagar,Unaided,GOPENS,State Level,Any,41536,
2022-23,D Pharmacy,CAP Round I,05471,"Saikrupa Institute Of Pharmacy, Ghargaon, Tal.Shrigonda",Ahmednagar,Unaided,LOPENS,State Level,Ladies,37779,
2022-23,D Pharmacy,CAP Round I,05471,"Saikrupa Institute Of Pharmacy, Ghargaon, Tal.Shrigonda",Ahmednagar,Unaided,GSCS,State Level,Any,64807,
2022-23,D Pharmacy,CAP Round I,05471,"Saikrupa Institute Of Pharmacy, Ghargaon, Tal.Shrigonda",Ahmednagar,Unaided,LSCS,State Level,Ladies,62564,
2022-23,D Pharmacy,CAP Round I,05471,"Saikrupa Institute Of Pharmacy, Ghargaon, Tal.Shrigonda",Ahmednagar,Unaided,GSTS,State Level,Any,77428,
2022-23,D Pharmacy,CAP Round I,05471,"Saikrupa Institute Of Pharmacy, Ghargaon, Tal.Shrigonda",Ahmednagar,Unaided,GVJS,State Level,Any,61889,
2022-23,D Pharmacy,CAP Round I,05471,"Saikrupa Institute Of Pharmacy, Ghargaon, Tal.Shrigonda",Ahmednagar,Unaided,GNT1S,State Level,Any,57048,
2022-23,D Pharmacy,CAP Round I,05471,"Saikrupa Institute Of Pharmacy, Ghargaon, Tal.Shrigonda",Ahmednagar,Unaided,LNT1S,State Level,Ladies,76306,
2022-23,D Pharmacy,CAP Round I,05471,"Saikrupa Institute Of Pharmacy, Ghargaon, Tal.Shrigonda",Ahmednagar,Unaided,GNT2S,State Level,Any,47911,
2022-23,D Pharmacy,CAP Round I,05471,"Saikrupa Institute Of Pharmacy, Ghargaon, Tal.Shrigonda",Ahmednagar,Unaided,LNT2S,State Level,Ladies,43982,
2022-23,D Pharmacy,CAP Round I,05471,"Saikrupa Institute Of Pharmacy, Ghargaon, Tal.Shrigonda",Ahmednagar,Unaided,GOBCS,State Level,Any,49011,
2022-23,D Pharmacy,CAP Round I,05471,"Saikrupa Institute Of Pharmacy, Ghargaon, Tal.Shrigonda",Ahmednagar,Unaided,LOBCS,State Level,Ladies,41028,
2022-23,D Pharmacy,CAP Round I,05471,"Saikrupa Institute Of Pharmacy, Ghargaon, Tal.Shrigonda",Ahmednagar,Unaided,EWS,Special,Any,45904,
2022-23,D Pharmacy,CAP Round I,05471,"Saikrupa Institute Of Pharmacy, Ghargaon, Tal.Shrigonda",Ahmednagar,Unaided,TFWS,Special,Any,23859,
2022-23,D Pharmacy,CAP Round I,05472,"Sumantai Institute Of Pharmacy, Bamrud(Kh)",Jalgaon,Unaided,GOPENS,State Level,Any,29663,
2022-23,D Pharmacy,CAP Round I,05472,"Sumantai Institute Of Pharmacy, Bamrud(Kh)",Jalgaon,Unaided,LOPENS,State Level,Ladies,17784,
2022-23,D Pharmacy,CAP Round I,05472,"Sumantai Institute Of Pharmacy, Bamrud(Kh)",Jalgaon,Unaided,GSCS,State Level,Any,76536,
2022-23,D Pharmacy,CAP Round I,05472,"Sumantai Institute Of Pharmacy, Bamrud(Kh)",Jalgaon,Unaided,LSCS,State Level,Ladies,79174,
2022-23,D Pharmacy,CAP Round I,05472,"Sumantai Institute Of Pharmacy, Bamrud(Kh)",Jalgaon,Unaided,GSTS,State Level,Any,64155,
2022-23,D Pharmacy,CAP Round I,05472,"Sumantai Institute Of Pharmacy, Bamrud(Kh)",Jalgaon,Unaided,GVJS,State Level,Any,34004,
2022-23,D Pharmacy,CAP Round I,05472,"Sumantai Institute Of Pharmacy, Bamrud(Kh)",Jalgaon,Unaided,GNT1S,State Level,Any,36618,
2022-23,D Pharmacy,CAP Round I,05472,"Sumantai Institute Of Pharmacy, Bamrud(Kh)",Jalgaon,Unaided,GNT2S,State Level,Any,32850,
2022-23,D Pharmacy,CAP Round I,05472,"Sumantai Institute Of Pharmacy, Bamrud(Kh)",Jalgaon,Unaided,LNT2S,State Level,Ladies,26812,
2022-23,D Pharmacy,CAP Round I,05472,"Sumantai Institute Of Pharmacy, Bamrud(Kh)",Jalgaon,Unaided,GNT3S,State Level,Any,60425,
2022-23,D Pharmacy,CAP Round I,05472,"Sumantai Institute Of Pharmacy, Bamrud(Kh)",Jalgaon,Unaided,GOBCS,State Level,Any,31839,
2022-23,D Pharmacy,CAP Round I,05472,"Sumantai Institute Of Pharmacy, Bamrud(Kh)",Jalgaon,Unaided,LOBCS,State Level,Ladies,26815,
2022-23,D Pharmacy,CAP Round I,05472,"Sumantai Institute Of Pharmacy, Bamrud(Kh)",Jalgaon,Unaided,PWDOPENS,State Level,Any,74036,
2022-23,D Pharmacy,CAP Round I,05472,"Sumantai Institute Of Pharmacy, Bamrud(Kh)",Jalgaon,Unaided,EWS,Special,Any,50708,
2022-23,D Pharmacy,CAP Round I,05472,"Sumantai Institute Of Pharmacy, Bamrud(Kh)",Jalgaon,Unaided,TFWS,Special,Any,22589,
2022-23,D Pharmacy,CAP Round I,05472,"Sumantai Institute Of Pharmacy, Bamrud(Kh)",Jalgaon,Unaided,LSTS,State Level,Ladies,64497,
2022-23,D Pharmacy,CAP Round I,05473,Dr Uttamrao Mahajan College Of B Pharmacy Chalisgaon,Jalgaon,Unaided,GOPENS,State Level,Any,33353,
2022-23,D Pharmacy,CAP Round I,05473,Dr Uttamrao Mahajan College Of B Pharmacy Chalisgaon,Jalgaon,Unaided,LOPENS,State Level,Ladies,36205,
2022-23,D Pharmacy,CAP Round I,05473,Dr Uttamrao Mahajan College Of B Pharmacy Chalisgaon,Jalgaon,Unaided,GSCS,State Level,Any,77793,
2022-23,D Pharmacy,CAP Round I,05473,Dr Uttamrao Mahajan College Of B Pharmacy Chalisgaon,Jalgaon,Unaided,LSCS,State Level,Ladies,71091,
2022-23,D Pharmacy,CAP Round I,05473,Dr Uttamrao Mahajan College Of B Pharmacy Chalisgaon,Jalgaon,Unaided,GSTS,State Level,Any,40683,
2022-23,D Pharmacy,CAP Round I,05473,Dr Uttamrao Mahajan College Of B Pharmacy Chalisgaon,Jalgaon,Unaided,LSTS,State Level,Ladies,41788,
2022-23,D Pharmacy,CAP Round I,05473,Dr Uttamrao Mahajan College Of B Pharmacy Chalisgaon,Jalgaon,Unaided,GVJS,State Level,Any,35861,
2022-23,D Pharmacy,CAP Round I,05473,Dr Uttamrao Mahajan College Of B Pharmacy Chalisgaon,Jalgaon,Unaided,LVJS,State Level,Ladies,39696,
2022-23,D Pharmacy,CAP Round I,05473,Dr Uttamrao Mahajan College Of B Pharmacy Chalisgaon,Jalgaon,Unaided,GNT1S,State Level,Any,48371,
2022-23,D Pharmacy,CAP Round I,05473,Dr Uttamrao Mahajan College Of B Pharmacy Chalisgaon,Jalgaon,Unaided,GNT2S,State Level,Any,43068,
2022-23,D Pharmacy,CAP Round I,05473,Dr Uttamrao Mahajan College Of B Pharmacy Chalisgaon,Jalgaon,Unaided,LNT2S,State Level,Ladies,57974,
2022-23,D Pharmacy,CAP Round I,05473,Dr Uttamrao Mahajan College Of B Pharmacy Chalisgaon,Jalgaon,Unaided,GNT3S,State Level,Any,49033,
2022-23,D Pharmacy,CAP Round I,05473,Dr Uttamrao Mahajan College Of B Pharmacy Chalisgaon,Jalgaon,Unaided,GOBCS,State Level,Any,38120,
2022-23,D Pharmacy,CAP Round I,05473,Dr Uttamrao Mahajan College Of B Pharmacy Chalisgaon,Jalgaon,Unaided,LOBCS,State Level,Ladies,37768,
2022-23,D Pharmacy,CAP Round I,05473,Dr Uttamrao Mahajan College Of B Pharmacy Chalisgaon,Jalgaon,Unaided,PWDOPENS,State Level,Any,56014,
2022-23,D Pharmacy,CAP Round I,05473,Dr Uttamrao Mahajan College Of B Pharmacy Chalisgaon,Jalgaon,Unaided,EWS,Special,Any,58920,
2022-23,D Pharmacy,CAP Round I,05473,Dr Uttamrao Mahajan College Of B Pharmacy Chalisgaon,Jalgaon,Unaided,TFWS,Special,Any,26417,
2022-23,D Pharmacy,CAP Round I,05474,Kvn Naik S P Santha's Institute Of Pharmaceutical Education And Research Nashik,Nashik,Unaided,GOPENS,State Level,Any,34434,
2022-23,D Pharmacy,CAP Round I,05474,Kvn Naik S P Santha's Institute Of Pharmaceutical Education And Research Nashik,Nashik,Unaided,LOPENS,State Level,Ladies,25912,
2022-23,D Pharmacy,CAP Round I,05474,Kvn Naik S P Santha's Institute Of Pharmaceutical Education And Research Nashik,Nashik,Unaided,GSCS,State Level,Any,55148,
2022-23,D Pharmacy,CAP Round I,05474,Kvn Naik S P Santha's Institute Of Pharmaceutical Education And Research Nashik,Nashik,Unaided,LSCS,State Level,Ladies,54953,
2022-23,D Pharmacy,CAP Round I,05474,Kvn Naik S P Santha's Institute Of Pharmaceutical Education And Research Nashik,Nashik,Unaided,GSTS,State Level,Any,36880,
2022-23,D Pharmacy,CAP Round I,05474,Kvn Naik S P Santha's Institute Of Pharmaceutical Education And Research Nashik,Nashik,Unaided,LSTS,State Level,Ladies,31292,
2022-23,D Pharmacy,CAP Round I,05474,Kvn Naik S P Santha's Institute Of Pharmaceutical Education And Research Nashik,Nashik,Unaided,GVJS,State Level,Any,34660,
2022-23,D Pharmacy,CAP Round I,05474,Kvn Naik S P Santha's Institute Of Pharmaceutical Education And Research Nashik,Nashik,Unaided,LNT1S,State Level,Ladies,42368,
2022-23,D Pharmacy,CAP Round I,05474,Kvn Naik S P Santha's Institute Of Pharmaceutical Education And Research Nashik,Nashik,Unaided,GNT2S,State Level,Any,41267,
2022-23,D Pharmacy,CAP Round I,05474,Kvn Naik S P Santha's Institute Of Pharmaceutical Education And Research Nashik,Nashik,Unaided,LNT2S,State Level,Ladies,41825,
2022-23,D Pharmacy,CAP Round I,05474,Kvn Naik S P Santha's Institute Of Pharmaceutical Education And Research Nashik,Nashik,Unaided,LNT3S,State Level,Ladies,30949,
2022-23,D Pharmacy,CAP Round I,05474,Kvn Naik S P Santha's Institute Of Pharmaceutical Education And Research Nashik,Nashik,Unaided,GOBCS,State Level,Any,39466,
2022-23,D Pharmacy,CAP Round I,05474,Kvn Naik S P Santha's Institute Of Pharmaceutical Education And Research Nashik,Nashik,Unaided,LOBCS,State Level,Ladies,36386,
2022-23,D Pharmacy,CAP Round I,05474,Kvn Naik S P Santha's Institute Of Pharmaceutical Education And Research Nashik,Nashik,Unaided,EWS,Special,Any,47768,
2022-23,D Pharmacy,CAP Round I,05474,Kvn Naik S P Santha's Institute Of Pharmaceutical Education And Research Nashik,Nashik,Unaided,TFWS,Special,Any,25749,
2022-23,D Pharmacy,CAP Round I,05475,Ravindra Vidya Prasarak Mandal,Pune,Unaided,GOPENS,State Level,Any,49807,
2022-23,D Pharmacy,CAP Round I,05475,Ravindra Vidya Prasarak Mandal,Pune,Unaided,LOPENS,State Level,Ladies,39785,
2022-23,D Pharmacy,CAP Round I,05475,Ravindra Vidya Prasarak Mandal,Pune,Unaided,GSCS,State Level,Any,76892,
2022-23,D Pharmacy,CAP Round I,05475,Ravindra Vidya Prasarak Mandal,Pune,Unaided,LSCS,State Level,Ladies,82482,
2022-23,D Pharmacy,CAP Round I,05475,Ravindra Vidya Prasarak Mandal,Pune,Unaided,GSTS,State Level,Any,51210,
2022-23,D Pharmacy,CAP Round I,05475,Ravindra Vidya Prasarak Mandal,Pune,Unaided,LSTS,State Level,Ladies,41796,
2022-23,D Pharmacy,CAP Round I,05475,Ravindra Vidya Prasarak Mandal,Pune,Unaided,GVJS,State Level,Any,52737,
2022-23,D Pharmacy,CAP Round I,05475,Ravindra Vidya Prasarak Mandal,Pune,Unaided,LVJS,State Level,Ladies,52496,
2022-23,D Pharmacy,CAP Round I,05475,Ravindra Vidya Prasarak Mandal,Pune,Unaided,GNT1S,State Level,Any,58649,
2022-23,D Pharmacy,CAP Round I,05475,Ravindra Vidya Prasarak Mandal,Pune,Unaided,GNT2S,State Level,Any,63102,
2022-23,D Pharmacy,CAP Round I,05475,Ravindra Vidya Prasarak Mandal,Pune,Unaided,GNT3S,State Level,Any,52272,
2022-23,D Pharmacy,CAP Round I,05475,Ravindra Vidya Prasarak Mandal,Pune,Unaided,GOBCS,State Level,Any,56880,
2022-23,D Pharmacy,CAP Round I,05475,Ravindra Vidya Prasarak Mandal,Pune,Unaided,LOBCS,State Level,Ladies,54500,
2022-23,D Pharmacy,CAP Round I,05475,Ravindra Vidya Prasarak Mandal,Pune,Unaided,EWS,Special,Any,61367,
2022-23,D Pharmacy,CAP Round I,05475,Ravindra Vidya Prasarak Mandal,Pune,Unaided,TFWS,Special,Any,37069,
2022-23,D Pharmacy,CAP Round I,05476,"Jmct Institute Of Pharmacy, Nashik",Nashik,Religious Minority - Muslim,GOPENS,State Level,Any,43304,
2022-23,D Pharmacy,CAP Round I,05476,"Jmct Institute Of Pharmacy, Nashik",Nashik,Religious Minority - Muslim,LOPENS,State Level,Ladies,39981,
2022-23,D Pharmacy,CAP Round I,05476,"Jmct Institute Of Pharmacy, Nashik",Nashik,Religious Minority - Muslim,MI,Special,Any,42818,
2022-23,D Pharmacy,CAP Round I,05476,"Jmct Institute Of Pharmacy, Nashik",Nashik,Religious Minority - Muslim,TFWS,Special,Any,23995,
2022-23,D Pharmacy,CAP Round I,05477,"Rashtrasant Janardhan Swami College Of Pharmacy, Kokamthan",Ahmednagar,Unaided,GOPENS,State Level,Any,50112,
2022-23,D Pharmacy,CAP Round I,05477,"Rashtrasant Janardhan Swami College Of Pharmacy, Kokamthan",Ahmednagar,Unaided,LOPENS,State Level,Ladies,45694,
2022-23,D Pharmacy,CAP Round I,05477,"Rashtrasant Janardhan Swami College Of Pharmacy, Kokamthan",Ahmednagar,Unaided,GSCS,State Level,Any,64239,
2022-23,D Pharmacy,CAP Round I,05477,"Rashtrasant Janardhan Swami College Of Pharmacy, Kokamthan",Ahmednagar,Unaided,LSCS,State Level,Ladies,57985,
2022-23,D Pharmacy,CAP Round I,05477,"Rashtrasant Janardhan Swami College Of Pharmacy, Kokamthan",Ahmednagar,Unaided,GSTS,State Level,Any,71964,
2022-23,D Pharmacy,CAP Round I,05477,"Rashtrasant Janardhan Swami College Of Pharmacy, Kokamthan",Ahmednagar,Unaided,LSTS,State Level,Ladies,67226,
2022-23,D Pharmacy,CAP Round I,05477,"Rashtrasant Janardhan Swami College Of Pharmacy, Kokamthan",Ahmednagar,Unaided,GVJS,State Level,Any,73285,
2022-23,D Pharmacy,CAP Round I,05477,"Rashtrasant Janardhan Swami College Of Pharmacy, Kokamthan",Ahmednagar,Unaided,GNT1S,State Level,Any,71957,
2022-23,D Pharmacy,CAP Round I,05477,"Rashtrasant Janardhan Swami College Of Pharmacy, Kokamthan",Ahmednagar,Unaided,LNT1S,State Level,Ladies,45697,
2022-23,D Pharmacy,CAP Round I,05477,"Rashtrasant Janardhan Swami College Of Pharmacy, Kokamthan",Ahmednagar,Unaided,GNT2S,State Level,Any,56388,
2022-23,D Pharmacy,CAP Round I,05477,"Rashtrasant Janardhan Swami College Of Pharmacy, Kokamthan",Ahmednagar,Unaided,LNT2S,State Level,Ladies,53904,
2022-23,D Pharmacy,CAP Round I,05477,"Rashtrasant Janardhan Swami College Of Pharmacy, Kokamthan",Ahmednagar,Unaided,GNT3S,State Level,Any,51391,
2022-23,D Pharmacy,CAP Round I,05477,"Rashtrasant Janardhan Swami College Of Pharmacy, Kokamthan",Ahmednagar,Unaided,LNT3S,State Level,Ladies,59096,
2022-23,D Pharmacy,CAP Round I,05477,"Rashtrasant Janardhan Swami College Of Pharmacy, Kokamthan",Ahmednagar,Unaided,GOBCS,State Level,Any,59952,
2022-23,D Pharmacy,CAP Round I,05477,"Rashtrasant Janardhan Swami College Of Pharmacy, Kokamthan",Ahmednagar,Unaided,LOBCS,State Level,Ladies,51190,
2022-23,D Pharmacy,CAP Round I,05477,"Rashtrasant Janardhan Swami College Of Pharmacy, Kokamthan",Ahmednagar,Unaided,EWS,Special,Any,49969,
2022-23,D Pharmacy,CAP Round I,05477,"Rashtrasant Janardhan Swami College Of Pharmacy, Kokamthan",Ahmednagar,Unaided,TFWS,Special,Any,25488,
2022-23,D Pharmacy,CAP Round I,05478,"Rashtriya Shikshan Mandal N N Sattha College Of Pharmacy, Ahmednagar",Ahmednagar,Unaided,GOPENS,State Level,Any,25950,
2022-23,D Pharmacy,CAP Round I,05478,"Rashtriya Shikshan Mandal N N Sattha College Of Pharmacy, Ahmednagar",Ahmednagar,Unaided,LOPENS,State Level,Ladies,14944,
2022-23,D Pharmacy,CAP Round I,05478,"Rashtriya Shikshan Mandal N N Sattha College Of Pharmacy, Ahmednagar",Ahmednagar,Unaided,GSCS,State Level,Any,45687,
2022-23,D Pharmacy,CAP Round I,05478,"Rashtriya Shikshan Mandal N N Sattha College Of Pharmacy, Ahmednagar",Ahmednagar,Unaided,LSCS,State Level,Ladies,25538,
2022-23,D Pharmacy,CAP Round I,05478,"Rashtriya Shikshan Mandal N N Sattha College Of Pharmacy, Ahmednagar",Ahmednagar,Unaided,GSTS,State Level,Any,70824,
2022-23,D Pharmacy,CAP Round I,05478,"Rashtriya Shikshan Mandal N N Sattha College Of Pharmacy, Ahmednagar",Ahmednagar,Unaided,GVJS,State Level,Any,38296,
2022-23,D Pharmacy,CAP Round I,05478,"Rashtriya Shikshan Mandal N N Sattha College Of Pharmacy, Ahmednagar",Ahmednagar,Unaided,GNT1S,State Level,Any,32336,
2022-23,D Pharmacy,CAP Round I,05478,"Rashtriya Shikshan Mandal N N Sattha College Of Pharmacy, Ahmednagar",Ahmednagar,Unaided,GNT2S,State Level,Any,30042,
2022-23,D Pharmacy,CAP Round I,05478,"Rashtriya Shikshan Mandal N N Sattha College Of Pharmacy, Ahmednagar",Ahmednagar,Unaided,GNT3S,State Level,Any,30518,
2022-23,D Pharmacy,CAP Round I,05478,"Rashtriya Shikshan Mandal N N Sattha College Of Pharmacy, Ahmednagar",Ahmednagar,Unaided,GOBCS,State Level,Any,38035,
2022-23,D Pharmacy,CAP Round I,05478,"Rashtriya Shikshan Mandal N N Sattha College Of Pharmacy, Ahmednagar",Ahmednagar,Unaided,LOBCS,State Level,Ladies,28061,
2022-23,D Pharmacy,CAP Round I,05478,"Rashtriya Shikshan Mandal N N Sattha College Of Pharmacy, Ahmednagar",Ahmednagar,Unaided,DEFOPENS,State Level,Any,49903,
2022-23,D Pharmacy,CAP Round I,05478,"Rashtriya Shikshan Mandal N N Sattha College Of Pharmacy, Ahmednagar",Ahmednagar,Unaided,EWS,Special,Any,41003,
2022-23,D Pharmacy,CAP Round I,05478,"Rashtriya Shikshan Mandal N N Sattha College Of Pharmacy, Ahmednagar",Ahmednagar,Unaided,TFWS,Special,Any,9881,
2022-23,D Pharmacy,CAP Round I,05479,"Ashvin College of Pharmacy, Manchi Hill",Ahmednagar,Unaided,GOPENS,State Level,Any,53450,
2022-23,D Pharmacy,CAP Round I,05479,"Ashvin College of Pharmacy, Manchi Hill",Ahmednagar,Unaided,LOPENS,State Level,Ladies,49391,
2022-23,D Pharmacy,CAP Round I,05479,"Ashvin College of Pharmacy, Manchi Hill",Ahmednagar,Unaided,GSCS,State Level,Any,80835,
2022-23,D Pharmacy,CAP Round I,05479,"Ashvin College of Pharmacy, Manchi Hill",Ahmednagar,Unaided,LSCS,State Level,Ladies,71439,
2022-23,D Pharmacy,CAP Round I,05479,"Ashvin College of Pharmacy, Manchi Hill",Ahmednagar,Unaided,GSTS,State Level,Any,83186,
2022-23,D Pharmacy,CAP Round I,05479,"Ashvin College of Pharmacy, Manchi Hill",Ahmednagar,Unaided,GVJS,State Level,Any,76584,
2022-23,D Pharmacy,CAP Round I,05479,"Ashvin College of Pharmacy, Manchi Hill",Ahmednagar,Unaided,LVJS,State Level,Ladies,66416,
2022-23,D Pharmacy,CAP Round I,05479,"Ashvin College of Pharmacy, Manchi Hill",Ahmednagar,Unaided,GNT2S,State Level,Any,54605,
2022-23,D Pharmacy,CAP Round I,05479,"Ashvin College of Pharmacy, Manchi Hill",Ahmednagar,Unaided,LNT2S,State Level,Ladies,53556,
2022-23,D Pharmacy,CAP Round I,05479,"Ashvin College of Pharmacy, Manchi Hill",Ahmednagar,Unaided,GNT3S,State Level,Any,56355,
2022-23,D Pharmacy,CAP Round I,05479,"Ashvin College of Pharmacy, Manchi Hill",Ahmednagar,Unaided,GOBCS,State Level,Any,66802,
2022-23,D Pharmacy,CAP Round I,05479,"Ashvin College of Pharmacy, Manchi Hill",Ahmednagar,Unaided,LOBCS,State Level,Ladies,57823,
2022-23,D Pharmacy,CAP Round I,05479,"Ashvin College of Pharmacy, Manchi Hill",Ahmednagar,Unaided,EWS,Special,Any,61988,
2022-23,D Pharmacy,CAP Round I,05479,"Ashvin College of Pharmacy, Manchi Hill",Ahmednagar,Unaided,TFWS,Special,Any,40980,
2022-23,D Pharmacy,CAP Round I,05480,"Matoshri Radha College Of D.Pharmacy, Virgaon",Nashik,Unaided,GOPENS,State Level,Any,56974,
2022-23,D Pharmacy,CAP Round I,05480,"Matoshri Radha College Of D.Pharmacy, Virgaon",Nashik,Unaided,LOPENS,State Level,Ladies,49142,
2022-23,D Pharmacy,CAP Round I,05480,"Matoshri Radha College Of D.Pharmacy, Virgaon",Nashik,Unaided,GSCS,State Level,Any,82622,
2022-23,D Pharmacy,CAP Round I,05480,"Matoshri Radha College Of D.Pharmacy, Virgaon",Nashik,Unaided,LSCS,State Level,Ladies,75557,
2022-23,D Pharmacy,CAP Round I,05480,"Matoshri Radha College Of D.Pharmacy, Virgaon",Nashik,Unaided,GSTS,State Level,Any,69904,
2022-23,D Pharmacy,CAP Round I,05480,"Matoshri Radha College Of D.Pharmacy, Virgaon",Nashik,Unaided,LSTS,State Level,Ladies,49876,
2022-23,D Pharmacy,CAP Round I,05480,"Matoshri Radha College Of D.Pharmacy, Virgaon",Nashik,Unaided,GVJS,State Level,Any,63210,
2022-23,D Pharmacy,CAP Round I,05480,"Matoshri Radha College Of D.Pharmacy, Virgaon",Nashik,Unaided,LNT1S,State Level,Ladies,69163,
2022-23,D Pharmacy,CAP Round I,05480,"Matoshri Radha College Of D.Pharmacy, Virgaon",Nashik,Unaided,GNT2S,State Level,Any,58049,
2022-23,D Pharmacy,CAP Round I,05480,"Matoshri Radha College Of D.Pharmacy, Virgaon",Nashik,Unaided,LNT2S,State Level,Ladies,51751,
2022-23,D Pharmacy,CAP Round I,05480,"Matoshri Radha College Of D.Pharmacy, Virgaon",Nashik,Unaided,GOBCS,State Level,Any,69539,
2022-23,D Pharmacy,CAP Round I,05480,"Matoshri Radha College Of D.Pharmacy, Virgaon",Nashik,Unaided,LOBCS,State Level,Ladies,59454,
2022-23,D Pharmacy,CAP Round I,05480,"Matoshri Radha College Of D.Pharmacy, Virgaon",Nashik,Unaided,EWS,Special,Any,67112,
2022-23,D Pharmacy,CAP Round I,05480,"Matoshri Radha College Of D.Pharmacy, Virgaon",Nashik,Unaided,TFWS,Special,Any,38453,
2022-23,D Pharmacy,CAP Round I,05481,"Mrs. Saraswati Wani College Of D. Pharmacy, At Ganegaon",Pune,Unaided,GOPENS,State Level,Any,56920,
2022-23,D Pharmacy,CAP Round I,05481,"Mrs. Saraswati Wani College Of D. Pharmacy, At Ganegaon",Pune,Unaided,LOPENS,State Level,Ladies,39675,
2022-23,D Pharmacy,CAP Round I,05481,"Mrs. Saraswati Wani College Of D. Pharmacy, At Ganegaon",Pune,Unaided,GSCS,State Level,Any,82100,
2022-23,D Pharmacy,CAP Round I,05481,"Mrs. Saraswati Wani College Of D. Pharmacy, At Ganegaon",Pune,Unaided,LSCS,State Level,Ladies,74996,
2022-23,D Pharmacy,CAP Round I,05481,"Mrs. Saraswati Wani College Of D. Pharmacy, At Ganegaon",Pune,Unaided,LSTS,State Level,Ladies,84209,
2022-23,D Pharmacy,CAP Round I,05481,"Mrs. Saraswati Wani College Of D. Pharmacy, At Ganegaon",Pune,Unaided,GVJS,State Level,Any,58037,
2022-23,D Pharmacy,CAP Round I,05481,"Mrs. Saraswati Wani College Of D. Pharmacy, At Ganegaon",Pune,Unaided,GNT1S,State Level,Any,65941,
2022-23,D Pharmacy,CAP Round I,05481,"Mrs. Saraswati Wani College Of D. Pharmacy, At Ganegaon",Pune,Unaided,GNT2S,State Level,Any,58621,
2022-23,D Pharmacy,CAP Round I,05481,"Mrs. Saraswati Wani College Of D. Pharmacy, At Ganegaon",Pune,Unaided,LNT2S,State Level,Ladies,39779,
2022-23,D Pharmacy,CAP Round I,05481,"Mrs. Saraswati Wani College Of D. Pharmacy, At Ganegaon",Pune,Unaided,GNT3S,State Level,Any,60749,
2022-23,D Pharmacy,CAP Round I,05481,"Mrs. Saraswati Wani College Of D. Pharmacy, At Ganegaon",Pune,Unaided,GOBCS,State Level,Any,62498,
2022-23,D Pharmacy,CAP Round I,05481,"Mrs. Saraswati Wani College Of D. Pharmacy, At Ganegaon",Pune,Unaided,LOBCS,State Level,Ladies,59528,
2022-23,D Pharmacy,CAP Round I,05481,"Mrs. Saraswati Wani College Of D. Pharmacy, At Ganegaon",Pune,Unaided,EWS,Special,Any,65063,
2022-23,D Pharmacy,CAP Round I,05481,"Mrs. Saraswati Wani College Of D. Pharmacy, At Ganegaon",Pune,Unaided,TFWS,Special,Any,34169,
2022-23,D Pharmacy,CAP Round I,05482,Dr Ithape Institute Of D Pharmacy Sangamner,Ahmednagar,Unaided,GOPENS,State Level,Any,45775,
2022-23,D Pharmacy,CAP Round I,05482,Dr Ithape Institute Of D Pharmacy Sangamner,Ahmednagar,Unaided,LOPENS,State Level,Ladies,51836,
2022-23,D Pharmacy,CAP Round I,05482,Dr Ithape Institute Of D Pharmacy Sangamner,Ahmednagar,Unaided,GSCS,State Level,Any,82304,
2022-23,D Pharmacy,CAP Round I,05482,Dr Ithape Institute Of D Pharmacy Sangamner,Ahmednagar,Unaided,LSCS,State Level,Ladies,73806,
2022-23,D Pharmacy,CAP Round I,05482,Dr Ithape Institute Of D Pharmacy Sangamner,Ahmednagar,Unaided,GSTS,State Level,Any,72770,
2022-23,D Pharmacy,CAP Round I,05482,Dr Ithape Institute Of D Pharmacy Sangamner,Ahmednagar,Unaided,LSTS,State Level,Ladies,70128,
2022-23,D Pharmacy,CAP Round I,05482,Dr Ithape Institute Of D Pharmacy Sangamner,Ahmednagar,Unaided,GVJS,State Level,Any,46237,
2022-23,D Pharmacy,CAP Round I,05482,Dr Ithape Institute Of D Pharmacy Sangamner,Ahmednagar,Unaided,GNT1S,State Level,Any,63525,
2022-23,D Pharmacy,CAP Round I,05482,Dr Ithape Institute Of D Pharmacy Sangamner,Ahmednagar,Unaided,GNT2S,State Level,Any,46298,
2022-23,D Pharmacy,CAP Round I,05482,Dr Ithape Institute Of D Pharmacy Sangamner,Ahmednagar,Unaided,LNT3S,State Level,Ladies,57232,
2022-23,D Pharmacy,CAP Round I,05482,Dr Ithape Institute Of D Pharmacy Sangamner,Ahmednagar,Unaided,GOBCS,State Level,Any,62280,
2022-23,D Pharmacy,CAP Round I,05482,Dr Ithape Institute Of D Pharmacy Sangamner,Ahmednagar,Unaided,LOBCS,State Level,Ladies,61651,
2022-23,D Pharmacy,CAP Round I,05482,Dr Ithape Institute Of D Pharmacy Sangamner,Ahmednagar,Unaided,PWDOPENS,State Level,Any,79465,
2022-23,D Pharmacy,CAP Round I,05482,Dr Ithape Institute Of D Pharmacy Sangamner,Ahmednagar,Unaided,EWS,Special,Any,60908,
2022-23,D Pharmacy,CAP Round I,05482,Dr Ithape Institute Of D Pharmacy Sangamner,Ahmednagar,Unaided,TFWS,Special,Any,36971,
2022-23,D Pharmacy,CAP Round I,05482,Dr Ithape Institute Of D Pharmacy Sangamner,Ahmednagar,Unaided,LVJS,State Level,Ladies,52042,
2022-23,D Pharmacy,CAP Round I,05483,"Pravara Medical Trust College Of Pharmacy, Shevgaon",Ahmednagar,Unaided,GOPENS,State Level,Any,15138,
2022-23,D Pharmacy,CAP Round I,05483,"Pravara Medical Trust College Of Pharmacy, Shevgaon",Ahmednagar,Unaided,LOPENS,State Level,Ladies,12059,
2022-23,D Pharmacy,CAP Round I,05483,"Pravara Medical Trust College Of Pharmacy, Shevgaon",Ahmednagar,Unaided,GSCS,State Level,Any,42730,
2022-23,D Pharmacy,CAP Round I,05483,"Pravara Medical Trust College Of Pharmacy, Shevgaon",Ahmednagar,Unaided,LSCS,State Level,Ladies,25196,
2022-23,D Pharmacy,CAP Round I,05483,"Pravara Medical Trust College Of Pharmacy, Shevgaon",Ahmednagar,Unaided,GSTS,State Level,Any,73293,
2022-23,D Pharmacy,CAP Round I,05483,"Pravara Medical Trust College Of Pharmacy, Shevgaon",Ahmednagar,Unaided,LSTS,State Level,Ladies,41518,
2022-23,D Pharmacy,CAP Round I,05483,"Pravara Medical Trust College Of Pharmacy, Shevgaon",Ahmednagar,Unaided,GVJS,State Level,Any,19272,
2022-23,D Pharmacy,CAP Round I,05483,"Pravara Medical Trust College Of Pharmacy, Shevgaon",Ahmednagar,Unaided,LNT1S,State Level,Ladies,18179,
2022-23,D Pharmacy,CAP Round I,05483,"Pravara Medical Trust College Of Pharmacy, Shevgaon",Ahmednagar,Unaided,GNT2S,State Level,Any,19822,
2022-23,D Pharmacy,CAP Round I,05483,"Pravara Medical Trust College Of Pharmacy, Shevgaon",Ahmednagar,Unaided,LNT2S,State Level,Ladies,16192,
2022-23,D Pharmacy,CAP Round I,05483,"Pravara Medical Trust College Of Pharmacy, Shevgaon",Ahmednagar,Unaided,GNT3S,State Level,Any,15816,
2022-23,D Pharmacy,CAP Round I,05483,"Pravara Medical Trust College Of Pharmacy, Shevgaon",Ahmednagar,Unaided,GOBCS,State Level,Any,23251,
2022-23,D Pharmacy,CAP Round I,05483,"Pravara Medical Trust College Of Pharmacy, Shevgaon",Ahmednagar,Unaided,LOBCS,State Level,Ladies,19994,
2022-23,D Pharmacy,CAP Round I,05483,"Pravara Medical Trust College Of Pharmacy, Shevgaon",Ahmednagar,Unaided,PWDOPENS,State Level,Any,66442,
2022-23,D Pharmacy,CAP Round I,05483,"Pravara Medical Trust College Of Pharmacy, Shevgaon",Ahmednagar,Unaided,DEFOPENS,State Level,Any,26628,
2022-23,D Pharmacy,CAP Round I,05483,"Pravara Medical Trust College Of Pharmacy, Shevgaon",Ahmednagar,Unaided,EWS,Special,Any,20460,
2022-23,D Pharmacy,CAP Round I,05483,"Pravara Medical Trust College Of Pharmacy, Shevgaon",Ahmednagar,Unaided,TFWS,Special,Any,12634,
2022-23,D Pharmacy,CAP Round I,05484,"Shri Swami Samarth Institute Of Pharmacy, Malwadi, Bota",Ahmednagar,Unaided,GOPENS,State Level,Any,56363,
2022-23,D Pharmacy,CAP Round I,05484,"Shri Swami Samarth Institute Of Pharmacy, Malwadi, Bota",Ahmednagar,Unaided,LOPENS,State Level,Ladies,53787,
2022-23,D Pharmacy,CAP Round I,05484,"Shri Swami Samarth Institute Of Pharmacy, Malwadi, Bota",Ahmednagar,Unaided,GSCS,State Level,Any,84077,
2022-23,D Pharmacy,CAP Round I,05484,"Shri Swami Samarth Institute Of Pharmacy, Malwadi, Bota",Ahmednagar,Unaided,LSCS,State Level,Ladies,79080,
2022-23,D Pharmacy,CAP Round I,05484,"Shri Swami Samarth Institute Of Pharmacy, Malwadi, Bota",Ahmednagar,Unaided,GSTS,State Level,Any,64793,
2022-23,D Pharmacy,CAP Round I,05484,"Shri Swami Samarth Institute Of Pharmacy, Malwadi, Bota",Ahmednagar,Unaided,LSTS,State Level,Ladies,58347,
2022-23,D Pharmacy,CAP Round I,05484,"Shri Swami Samarth Institute Of Pharmacy, Malwadi, Bota",Ahmednagar,Unaided,GVJS,State Level,Any,58143,
2022-23,D Pharmacy,CAP Round I,05484,"Shri Swami Samarth Institute Of Pharmacy, Malwadi, Bota",Ahmednagar,Unaided,GNT2S,State Level,Any,57130,
2022-23,D Pharmacy,CAP Round I,05484,"Shri Swami Samarth Institute Of Pharmacy, Malwadi, Bota",Ahmednagar,Unaided,GNT3S,State Level,Any,59448,
2022-23,D Pharmacy,CAP Round I,05484,"Shri Swami Samarth Institute Of Pharmacy, Malwadi, Bota",Ahmednagar,Unaided,GOBCS,State Level,Any,69909,
2022-23,D Pharmacy,CAP Round I,05484,"Shri Swami Samarth Institute Of Pharmacy, Malwadi, Bota",Ahmednagar,Unaided,LOBCS,State Level,Ladies,68864,
2022-23,D Pharmacy,CAP Round I,05484,"Shri Swami Samarth Institute Of Pharmacy, Malwadi, Bota",Ahmednagar,Unaided,EWS,Special,Any,61964,
2022-23,D Pharmacy,CAP Round I,05484,"Shri Swami Samarth Institute Of Pharmacy, Malwadi, Bota",Ahmednagar,Unaided,TFWS,Special,Any,43586,
2022-23,D Pharmacy,CAP Round I,05484,"Shri Swami Samarth Institute Of Pharmacy, Malwadi, Bota",Ahmednagar,Unaided,LVJS,State Level,Ladies,62359,
2022-23,D Pharmacy,CAP Round I,05485,"Mula Education Society's Sharda College Of Pharmacy, Vadgaon Gupta",Pune,Unaided,GOPENS,State Level,Any,34798,
2022-23,D Pharmacy,CAP Round I,05485,"Mula Education Society's Sharda College Of Pharmacy, Vadgaon Gupta",Pune,Unaided,LOPENS,State Level,Ladies,31140,
2022-23,D Pharmacy,CAP Round I,05485,"Mula Education Society's Sharda College Of Pharmacy, Vadgaon Gupta",Pune,Unaided,GSCS,State Level,Any,55848,
2022-23,D Pharmacy,CAP Round I,05485,"Mula Education Society's Sharda College Of Pharmacy, Vadgaon Gupta",Pune,Unaided,LSCS,State Level,Ladies,44377,
2022-23,D Pharmacy,CAP Round I,05485,"Mula Education Society's Sharda College Of Pharmacy, Vadgaon Gupta",Pune,Unaided,GVJS,State Level,Any,63497,
2022-23,D Pharmacy,CAP Round I,05485,"Mula Education Society's Sharda College Of Pharmacy, Vadgaon Gupta",Pune,Unaided,GNT1S,State Level,Any,56103,
2022-23,D Pharmacy,CAP Round I,05485,"Mula Education Society's Sharda College Of Pharmacy, Vadgaon Gupta",Pune,Unaided,LNT1S,State Level,Ladies,42528,
2022-23,D Pharmacy,CAP Round I,05485,"Mula Education Society's Sharda College Of Pharmacy, Vadgaon Gupta",Pune,Unaided,GNT2S,State Level,Any,35896,
2022-23,D Pharmacy,CAP Round I,05485,"Mula Education Society's Sharda College Of Pharmacy, Vadgaon Gupta",Pune,Unaided,LNT2S,State Level,Ladies,35888,
2022-23,D Pharmacy,CAP Round I,05485,"Mula Education Society's Sharda College Of Pharmacy, Vadgaon Gupta",Pune,Unaided,LNT3S,State Level,Ladies,33486,
2022-23,D Pharmacy,CAP Round I,05485,"Mula Education Society's Sharda College Of Pharmacy, Vadgaon Gupta",Pune,Unaided,GOBCS,State Level,Any,47349,
2022-23,D Pharmacy,CAP Round I,05485,"Mula Education Society's Sharda College Of Pharmacy, Vadgaon Gupta",Pune,Unaided,LOBCS,State Level,Ladies,43636,
2022-23,D Pharmacy,CAP Round I,05485,"Mula Education Society's Sharda College Of Pharmacy, Vadgaon Gupta",Pune,Unaided,DEFOPENS,State Level,Any,47439,
2022-23,D Pharmacy,CAP Round I,05485,"Mula Education Society's Sharda College Of Pharmacy, Vadgaon Gupta",Pune,Unaided,EWS,Special,Any,42923,
2022-23,D Pharmacy,CAP Round I,05485,"Mula Education Society's Sharda College Of Pharmacy, Vadgaon Gupta",Pune,Unaided,TFWS,Special,Any,18587,
2022-23,D Pharmacy,CAP Round I,05486,"Aditya Institute of Pharmacy, Chalisgaon",Jalgaon,Unaided,GOPENS,State Level,Any,32011,
2022-23,D Pharmacy,CAP Round I,05486,"Aditya Institute of Pharmacy, Chalisgaon",Jalgaon,Unaided,LOPENS,State Level,Ladies,22133,
2022-23,D Pharmacy,CAP Round I,05486,"Aditya Institute of Pharmacy, Chalisgaon",Jalgaon,Unaided,GSCS,State Level,Any,83738,
2022-23,D Pharmacy,CAP Round I,05486,"Aditya Institute of Pharmacy, Chalisgaon",Jalgaon,Unaided,LSCS,State Level,Ladies,58438,
2022-23,D Pharmacy,CAP Round I,05486,"Aditya Institute of Pharmacy, Chalisgaon",Jalgaon,Unaided,GSTS,State Level,Any,44534,
2022-23,D Pharmacy,CAP Round I,05486,"Aditya Institute of Pharmacy, Chalisgaon",Jalgaon,Unaided,LSTS,State Level,Ladies,49778,
2022-23,D Pharmacy,CAP Round I,05486,"Aditya Institute of Pharmacy, Chalisgaon",Jalgaon,Unaided,GVJS,State Level,Any,32049,
2022-23,D Pharmacy,CAP Round I,05486,"Aditya Institute of Pharmacy, Chalisgaon",Jalgaon,Unaided,LNT1S,State Level,Ladies,57542,
2022-23,D Pharmacy,CAP Round I,05486,"Aditya Institute of Pharmacy, Chalisgaon",Jalgaon,Unaided,GNT2S,State Level,Any,43721,
2022-23,D Pharmacy,CAP Round I,05486,"Aditya Institute of Pharmacy, Chalisgaon",Jalgaon,Unaided,GNT3S,State Level,Any,55578,
2022-23,D Pharmacy,CAP Round I,05486,"Aditya Institute of Pharmacy, Chalisgaon",Jalgaon,Unaided,GOBCS,State Level,Any,35584,
2022-23,D Pharmacy,CAP Round I,05486,"Aditya Institute of Pharmacy, Chalisgaon",Jalgaon,Unaided,LOBCS,State Level,Ladies,33462,
2022-23,D Pharmacy,CAP Round I,05486,"Aditya Institute of Pharmacy, Chalisgaon",Jalgaon,Unaided,EWS,Special,Any,63844,
2022-23,D Pharmacy,CAP Round I,05486,"Aditya Institute of Pharmacy, Chalisgaon",Jalgaon,Unaided,TFWS,Special,Any,14822,
2022-23,D Pharmacy,CAP Round I,05487,"Shri. Sai Samarth Institute of Pharmacy, Bhadgaon",Jalgaon,Unaided,GOPENS,State Level,Any,29075,
2022-23,D Pharmacy,CAP Round I,05487,"Shri. Sai Samarth Institute of Pharmacy, Bhadgaon",Jalgaon,Unaided,LOPENS,State Level,Ladies,19872,
2022-23,D Pharmacy,CAP Round I,05487,"Shri. Sai Samarth Institute of Pharmacy, Bhadgaon",Jalgaon,Unaided,LSCS,State Level,Ladies,36326,
2022-23,D Pharmacy,CAP Round I,05487,"Shri. Sai Samarth Institute of Pharmacy, Bhadgaon",Jalgaon,Unaided,GSTS,State Level,Any,57486,
2022-23,D Pharmacy,CAP Round I,05487,"Shri. Sai Samarth Institute of Pharmacy, Bhadgaon",Jalgaon,Unaided,LSTS,State Level,Ladies,48720,
2022-23,D Pharmacy,CAP Round I,05487,"Shri. Sai Samarth Institute of Pharmacy, Bhadgaon",Jalgaon,Unaided,GVJS,State Level,Any,31594,
2022-23,D Pharmacy,CAP Round I,05487,"Shri. Sai Samarth Institute of Pharmacy, Bhadgaon",Jalgaon,Unaided,LVJS,State Level,Ladies,40157,
2022-23,D Pharmacy,CAP Round I,05487,"Shri. Sai Samarth Institute of Pharmacy, Bhadgaon",Jalgaon,Unaided,GNT1S,State Level,Any,37943,
2022-23,D Pharmacy,CAP Round I,05487,"Shri. Sai Samarth Institute of Pharmacy, Bhadgaon",Jalgaon,Unaided,GNT2S,State Level,Any,43607,
2022-23,D Pharmacy,CAP Round I,05487,"Shri. Sai Samarth Institute of Pharmacy, Bhadgaon",Jalgaon,Unaided,LNT2S,State Level,Ladies,51509,
2022-23,D Pharmacy,CAP Round I,05487,"Shri. Sai Samarth Institute of Pharmacy, Bhadgaon",Jalgaon,Unaided,GOBCS,State Level,Any,34778,
2022-23,D Pharmacy,CAP Round I,05487,"Shri. Sai Samarth Institute of Pharmacy, Bhadgaon",Jalgaon,Unaided,LOBCS,State Level,Ladies,28400,
2022-23,D Pharmacy,CAP Round I,05487,"Shri. Sai Samarth Institute of Pharmacy, Bhadgaon",Jalgaon,Unaided,EWS,Special,Any,48483,
2022-23,D Pharmacy,CAP Round I,05487,"Shri. Sai Samarth Institute of Pharmacy, Bhadgaon",Jalgaon,Unaided,TFWS,Special,Any,28117,
2022-23,D Pharmacy,CAP Round I,05488,"Shree Panchavati Education Society's Institute of Pharmacy, Nashik",Nashik,Linguistic Minority - Gujarathi,GOPENS,State Level,Any,34288,
2022-23,D Pharmacy,CAP Round I,05488,"Shree Panchavati Education Society's Institute of Pharmacy, Nashik",Nashik,Linguistic Minority - Gujarathi,LOPENS,State Level,Ladies,30766,
2022-23,D Pharmacy,CAP Round I,05488,"Shree Panchavati Education Society's Institute of Pharmacy, Nashik",Nashik,Linguistic Minority - Gujarathi,TFWS,Special,Any,22086,
2022-23,D Pharmacy,CAP Round I,05489,"Ratnadeep Pharmacy College, Ratnapur, Taluka Jamkhed, Dist. Ahmednagar",Ahmednagar,Unaided,GOPENS,State Level,Any,43327,
2022-23,D Pharmacy,CAP Round I,05489,"Ratnadeep Pharmacy College, Ratnapur, Taluka Jamkhed, Dist. Ahmednagar",Ahmednagar,Unaided,LOPENS,State Level,Ladies,40438,
2022-23,D Pharmacy,CAP Round I,05489,"Ratnadeep Pharmacy College, Ratnapur, Taluka Jamkhed, Dist. Ahmednagar",Ahmednagar,Unaided,GSCS,State Level,Any,81261,
2022-23,D Pharmacy,CAP Round I,05489,"Ratnadeep Pharmacy College, Ratnapur, Taluka Jamkhed, Dist. Ahmednagar",Ahmednagar,Unaided,LSCS,State Level,Ladies,54886,
2022-23,D Pharmacy,CAP Round I,05489,"Ratnadeep Pharmacy College, Ratnapur, Taluka Jamkhed, Dist. Ahmednagar",Ahmednagar,Unaided,GSTS,State Level,Any,80330,
2022-23,D Pharmacy,CAP Round I,05489,"Ratnadeep Pharmacy College, Ratnapur, Taluka Jamkhed, Dist. Ahmednagar",Ahmednagar,Unaided,GVJS,State Level,Any,46419,
2022-23,D Pharmacy,CAP Round I,05489,"Ratnadeep Pharmacy College, Ratnapur, Taluka Jamkhed, Dist. Ahmednagar",Ahmednagar,Unaided,GNT1S,State Level,Any,52246,
2022-23,D Pharmacy,CAP Round I,05489,"Ratnadeep Pharmacy College, Ratnapur, Taluka Jamkhed, Dist. Ahmednagar",Ahmednagar,Unaided,GNT2S,State Level,Any,48034,
2022-23,D Pharmacy,CAP Round I,05489,"Ratnadeep Pharmacy College, Ratnapur, Taluka Jamkhed, Dist. Ahmednagar",Ahmednagar,Unaided,GNT3S,State Level,Any,43410,
2022-23,D Pharmacy,CAP Round I,05489,"Ratnadeep Pharmacy College, Ratnapur, Taluka Jamkhed, Dist. Ahmednagar",Ahmednagar,Unaided,GOBCS,State Level,Any,65783,
2022-23,D Pharmacy,CAP Round I,05489,"Ratnadeep Pharmacy College, Ratnapur, Taluka Jamkhed, Dist. Ahmednagar",Ahmednagar,Unaided,LOBCS,State Level,Ladies,66571,
2022-23,D Pharmacy,CAP Round I,05489,"Ratnadeep Pharmacy College, Ratnapur, Taluka Jamkhed, Dist. Ahmednagar",Ahmednagar,Unaided,EWS,Special,Any,43725,
2022-23,D Pharmacy,CAP Round I,05489,"Ratnadeep Pharmacy College, Ratnapur, Taluka Jamkhed, Dist. Ahmednagar",Ahmednagar,Unaided,TFWS,Special,Any,25432,
2022-23,D Pharmacy,CAP Round I,05489,"Ratnadeep Pharmacy College, Ratnapur, Taluka Jamkhed, Dist. Ahmednagar",Ahmednagar,Unaided,LVJS,State Level,Ladies,59620,
2022-23,D Pharmacy,CAP Round I,06025,"Shri Swami Vivekanand Shikshan Santha's Institute Of Pharmacy,Miraj",Sangli,Aided,GOPENS,State Level,Any,10690,
2022-23,D Pharmacy,CAP Round I,06025,"Shri Swami Vivekanand Shikshan Santha's Institute Of Pharmacy,Miraj",Sangli,Aided,LOPENS,State Level,Ladies,7370,
2022-23,D Pharmacy,CAP Round I,06025,"Shri Swami Vivekanand Shikshan Santha's Institute Of Pharmacy,Miraj",Sangli,Aided,GSCS,State Level,Any,20615,
2022-23,D Pharmacy,CAP Round I,06025,"Shri Swami Vivekanand Shikshan Santha's Institute Of Pharmacy,Miraj",Sangli,Aided,LSCS,State Level,Ladies,18900,
2022-23,D Pharmacy,CAP Round I,06025,"Shri Swami Vivekanand Shikshan Santha's Institute Of Pharmacy,Miraj",Sangli,Aided,GSTS,State Level,Any,44422,
2022-23,D Pharmacy,CAP Round I,06025,"Shri Swami Vivekanand Shikshan Santha's Institute Of Pharmacy,Miraj",Sangli,Aided,LSTS,State Level,Ladies,51759,
2022-23,D Pharmacy,CAP Round I,06025,"Shri Swami Vivekanand Shikshan Santha's Institute Of Pharmacy,Miraj",Sangli,Aided,GVJS,State Level,Any,14468,
2022-23,D Pharmacy,CAP Round I,06025,"Shri Swami Vivekanand Shikshan Santha's Institute Of Pharmacy,Miraj",Sangli,Aided,LVJS,State Level,Ladies,21216,
2022-23,D Pharmacy,CAP Round I,06025,"Shri Swami Vivekanand Shikshan Santha's Institute Of Pharmacy,Miraj",Sangli,Aided,GNT1S,State Level,Any,11650,
2022-23,D Pharmacy,CAP Round I,06025,"Shri Swami Vivekanand Shikshan Santha's Institute Of Pharmacy,Miraj",Sangli,Aided,LNT1S,State Level,Ladies,21168,
2022-23,D Pharmacy,CAP Round I,06025,"Shri Swami Vivekanand Shikshan Santha's Institute Of Pharmacy,Miraj",Sangli,Aided,GNT2S,State Level,Any,15319,
2022-23,D Pharmacy,CAP Round I,06025,"Shri Swami Vivekanand Shikshan Santha's Institute Of Pharmacy,Miraj",Sangli,Aided,GNT3S,State Level,Any,14073,
2022-23,D Pharmacy,CAP Round I,06025,"Shri Swami Vivekanand Shikshan Santha's Institute Of Pharmacy,Miraj",Sangli,Aided,GOBCS,State Level,Any,15232,
2022-23,D Pharmacy,CAP Round I,06025,"Shri Swami Vivekanand Shikshan Santha's Institute Of Pharmacy,Miraj",Sangli,Aided,LOBCS,State Level,Ladies,12234,
2022-23,D Pharmacy,CAP Round I,06025,"Shri Swami Vivekanand Shikshan Santha's Institute Of Pharmacy,Miraj",Sangli,Aided,PWDOPENS,State Level,Any,45148,
2022-23,D Pharmacy,CAP Round I,06025,"Shri Swami Vivekanand Shikshan Santha's Institute Of Pharmacy,Miraj",Sangli,Aided,DEFOPENS,State Level,Any,58381,
2022-23,D Pharmacy,CAP Round I,06025,"Shri Swami Vivekanand Shikshan Santha's Institute Of Pharmacy,Miraj",Sangli,Aided,EWS,Special,Any,7122,
2022-23,D Pharmacy,CAP Round I,06025,"Shri Swami Vivekanand Shikshan Santha's Institute Of Pharmacy,Miraj",Sangli,Aided,TFWS,Special,Any,3664,
2022-23,D Pharmacy,CAP Round I,06026,"Dakshin Solapur Taluka Shikshan Mandal's College Of Pharmacy (Poly), Solapur",Solapur,Aided,GOPENS,State Level,Any,3492,
2022-23,D Pharmacy,CAP Round I,06026,"Dakshin Solapur Taluka Shikshan Mandal's College Of Pharmacy (Poly), Solapur",Solapur,Aided,LOPENS,State Level,Ladies,1312,
2022-23,D Pharmacy,CAP Round I,06026,"Dakshin Solapur Taluka Shikshan Mandal's College Of Pharmacy (Poly), Solapur",Solapur,Aided,GSCS,State Level,Any,11514,
2022-23,D Pharmacy,CAP Round I,06026,"Dakshin Solapur Taluka Shikshan Mandal's College Of Pharmacy (Poly), Solapur",Solapur,Aided,LSCS,State Level,Ladies,10468,
2022-23,D Pharmacy,CAP Round I,06026,"Dakshin Solapur Taluka Shikshan Mandal's College Of Pharmacy (Poly), Solapur",Solapur,Aided,GSTS,State Level,Any,42021,
2022-23,D Pharmacy,CAP Round I,06026,"Dakshin Solapur Taluka Shikshan Mandal's College Of Pharmacy (Poly), Solapur",Solapur,Aided,LSTS,State Level,Ladies,62012,
2022-23,D Pharmacy,CAP Round I,06026,"Dakshin Solapur Taluka Shikshan Mandal's College Of Pharmacy (Poly), Solapur",Solapur,Aided,GVJS,State Level,Any,11978,
2022-23,D Pharmacy,CAP Round I,06026,"Dakshin Solapur Taluka Shikshan Mandal's College Of Pharmacy (Poly), Solapur",Solapur,Aided,LVJS,State Level,Ladies,3802,
2022-23,D Pharmacy,CAP Round I,06026,"Dakshin Solapur Taluka Shikshan Mandal's College Of Pharmacy (Poly), Solapur",Solapur,Aided,GNT1S,State Level,Any,13360,
2022-23,D Pharmacy,CAP Round I,06026,"Dakshin Solapur Taluka Shikshan Mandal's College Of Pharmacy (Poly), Solapur",Solapur,Aided,GNT2S,State Level,Any,6730,
2022-23,D Pharmacy,CAP Round I,06026,"Dakshin Solapur Taluka Shikshan Mandal's College Of Pharmacy (Poly), Solapur",Solapur,Aided,LNT2S,State Level,Ladies,3126,
2022-23,D Pharmacy,CAP Round I,06026,"Dakshin Solapur Taluka Shikshan Mandal's College Of Pharmacy (Poly), Solapur",Solapur,Aided,GNT3S,State Level,Any,9366,
2022-23,D Pharmacy,CAP Round I,06026,"Dakshin Solapur Taluka Shikshan Mandal's College Of Pharmacy (Poly), Solapur",Solapur,Aided,LNT3S,State Level,Ladies,5789,
2022-23,D Pharmacy,CAP Round I,06026,"Dakshin Solapur Taluka Shikshan Mandal's College Of Pharmacy (Poly), Solapur",Solapur,Aided,GOBCS,State Level,Any,7220,
2022-23,D Pharmacy,CAP Round I,06026,"Dakshin Solapur Taluka Shikshan Mandal's College Of Pharmacy (Poly), Solapur",Solapur,Aided,LOBCS,State Level,Ladies,4556,
2022-23,D Pharmacy,CAP Round I,06026,"Dakshin Solapur Taluka Shikshan Mandal's College Of Pharmacy (Poly), Solapur",Solapur,Aided,PWDOPENS,State Level,Any,68464,
2022-23,D Pharmacy,CAP Round I,06026,"Dakshin Solapur Taluka Shikshan Mandal's College Of Pharmacy (Poly), Solapur",Solapur,Aided,DEFOPENS,State Level,Any,82813,
2022-23,D Pharmacy,CAP Round I,06026,"Dakshin Solapur Taluka Shikshan Mandal's College Of Pharmacy (Poly), Solapur",Solapur,Aided,EWS,Special,Any,3607,
2022-23,D Pharmacy,CAP Round I,06026,"Dakshin Solapur Taluka Shikshan Mandal's College Of Pharmacy (Poly), Solapur",Solapur,Aided,TFWS,Special,Any,311,
2022-23,D Pharmacy,CAP Round I,06125,"Poona District Education Association, Shankarrao Ursal College of Pharmacy(Diploma), Kharadi, Tal: Haveli",Pune,Unaided,GOPENS,State Level,Any,11666,
2022-23,D Pharmacy,CAP Round I,06125,"Poona District Education Association, Shankarrao Ursal College of Pharmacy(Diploma), Kharadi, Tal: Haveli",Pune,Unaided,LOPENS,State Level,Ladies,10364,
2022-23,D Pharmacy,CAP Round I,06125,"Poona District Education Association, Shankarrao Ursal College of Pharmacy(Diploma), Kharadi, Tal: Haveli",Pune,Unaided,GSCS,State Level,Any,23426,
2022-23,D Pharmacy,CAP Round I,06125,"Poona District Education Association, Shankarrao Ursal College of Pharmacy(Diploma), Kharadi, Tal: Haveli",Pune,Unaided,LSCS,State Level,Ladies,21902,
2022-23,D Pharmacy,CAP Round I,06125,"Poona District Education Association, Shankarrao Ursal College of Pharmacy(Diploma), Kharadi, Tal: Haveli",Pune,Unaided,GSTS,State Level,Any,30035,
2022-23,D Pharmacy,CAP Round I,06125,"Poona District Education Association, Shankarrao Ursal College of Pharmacy(Diploma), Kharadi, Tal: Haveli",Pune,Unaided,LSTS,State Level,Ladies,19770,
2022-23,D Pharmacy,CAP Round I,06125,"Poona District Education Association, Shankarrao Ursal College of Pharmacy(Diploma), Kharadi, Tal: Haveli",Pune,Unaided,GVJS,State Level,Any,13174,
2022-23,D Pharmacy,CAP Round I,06125,"Poona District Education Association, Shankarrao Ursal College of Pharmacy(Diploma), Kharadi, Tal: Haveli",Pune,Unaided,GNT1S,State Level,Any,12402,
2022-23,D Pharmacy,CAP Round I,06125,"Poona District Education Association, Shankarrao Ursal College of Pharmacy(Diploma), Kharadi, Tal: Haveli",Pune,Unaided,GNT2S,State Level,Any,11752,
2022-23,D Pharmacy,CAP Round I,06125,"Poona District Education Association, Shankarrao Ursal College of Pharmacy(Diploma), Kharadi, Tal: Haveli",Pune,Unaided,LNT2S,State Level,Ladies,11048,
2022-23,D Pharmacy,CAP Round I,06125,"Poona District Education Association, Shankarrao Ursal College of Pharmacy(Diploma), Kharadi, Tal: Haveli",Pune,Unaided,GNT3S,State Level,Any,15185,
2022-23,D Pharmacy,CAP Round I,06125,"Poona District Education Association, Shankarrao Ursal College of Pharmacy(Diploma), Kharadi, Tal: Haveli",Pune,Unaided,GOBCS,State Level,Any,20137,
2022-23,D Pharmacy,CAP Round I,06125,"Poona District Education Association, Shankarrao Ursal College of Pharmacy(Diploma), Kharadi, Tal: Haveli",Pune,Unaided,LOBCS,State Level,Ladies,14682,
2022-23,D Pharmacy,CAP Round I,06125,"Poona District Education Association, Shankarrao Ursal College of Pharmacy(Diploma), Kharadi, Tal: Haveli",Pune,Unaided,EWS,Special,Any,10400,
2022-23,D Pharmacy,CAP Round I,06125,"Poona District Education Association, Shankarrao Ursal College of Pharmacy(Diploma), Kharadi, Tal: Haveli",Pune,Unaided,TFWS,Special,Any,6473,
2022-23,D Pharmacy,CAP Round I,06126,"Shree Santkrupa Shikshan Sanstha's College of Pharmacy(Diploma),Ghogaon,Satara",Satara,Unaided,GOPENS,State Level,Any,48493,
2022-23,D Pharmacy,CAP Round I,06126,"Shree Santkrupa Shikshan Sanstha's College of Pharmacy(Diploma),Ghogaon,Satara",Satara,Unaided,LOPENS,State Level,Ladies,39983,
2022-23,D Pharmacy,CAP Round I,06126,"Shree Santkrupa Shikshan Sanstha's College of Pharmacy(Diploma),Ghogaon,Satara",Satara,Unaided,GSCS,State Level,Any,65701,
2022-23,D Pharmacy,CAP Round I,06126,"Shree Santkrupa Shikshan Sanstha's College of Pharmacy(Diploma),Ghogaon,Satara",Satara,Unaided,LSCS,State Level,Ladies,60118,
2022-23,D Pharmacy,CAP Round I,06126,"Shree Santkrupa Shikshan Sanstha's College of Pharmacy(Diploma),Ghogaon,Satara",Satara,Unaided,GVJS,State Level,Any,49196,
2022-23,D Pharmacy,CAP Round I,06126,"Shree Santkrupa Shikshan Sanstha's College of Pharmacy(Diploma),Ghogaon,Satara",Satara,Unaided,GNT1S,State Level,Any,52291,
2022-23,D Pharmacy,CAP Round I,06126,"Shree Santkrupa Shikshan Sanstha's College of Pharmacy(Diploma),Ghogaon,Satara",Satara,Unaided,GNT2S,State Level,Any,48728,
2022-23,D Pharmacy,CAP Round I,06126,"Shree Santkrupa Shikshan Sanstha's College of Pharmacy(Diploma),Ghogaon,Satara",Satara,Unaided,GNT3S,State Level,Any,52837,
2022-23,D Pharmacy,CAP Round I,06126,"Shree Santkrupa Shikshan Sanstha's College of Pharmacy(Diploma),Ghogaon,Satara",Satara,Unaided,GOBCS,State Level,Any,66064,
2022-23,D Pharmacy,CAP Round I,06126,"Shree Santkrupa Shikshan Sanstha's College of Pharmacy(Diploma),Ghogaon,Satara",Satara,Unaided,LOBCS,State Level,Ladies,47981,
2022-23,D Pharmacy,CAP Round I,06126,"Shree Santkrupa Shikshan Sanstha's College of Pharmacy(Diploma),Ghogaon,Satara",Satara,Unaided,EWS,Special,Any,34727,
2022-23,D Pharmacy,CAP Round I,06126,"Shree Santkrupa Shikshan Sanstha's College of Pharmacy(Diploma),Ghogaon,Satara",Satara,Unaided,TFWS,Special,Any,18055,
2022-23,D Pharmacy,CAP Round I,06126,"Shree Santkrupa Shikshan Sanstha's College of Pharmacy(Diploma),Ghogaon,Satara",Satara,Unaided,LVJS,State Level,Ladies,72830,
2022-23,D Pharmacy,CAP Round I,06256,"Bharati Vidyapeeth's College of Pharmacy, Kolhapur",Kolhapur,Unaided,GOPENS,State Level,Any,21829,
2022-23,D Pharmacy,CAP Round I,06256,"Bharati Vidyapeeth's College of Pharmacy, Kolhapur",Kolhapur,Unaided,LOPENS,State Level,Ladies,8581,
2022-23,D Pharmacy,CAP Round I,06256,"Bharati Vidyapeeth's College of Pharmacy, Kolhapur",Kolhapur,Unaided,GSCS,State Level,Any,31895,
2022-23,D Pharmacy,CAP Round I,06256,"Bharati Vidyapeeth's College of Pharmacy, Kolhapur",Kolhapur,Unaided,LSCS,State Level,Ladies,28593,
2022-23,D Pharmacy,CAP Round I,06256,"Bharati Vidyapeeth's College of Pharmacy, Kolhapur",Kolhapur,Unaided,GSTS,State Level,Any,54018,
2022-23,D Pharmacy,CAP Round I,06256,"Bharati Vidyapeeth's College of Pharmacy, Kolhapur",Kolhapur,Unaided,LSTS,State Level,Ladies,68101,
2022-23,D Pharmacy,CAP Round I,06256,"Bharati Vidyapeeth's College of Pharmacy, Kolhapur",Kolhapur,Unaided,GVJS,State Level,Any,26074,
2022-23,D Pharmacy,CAP Round I,06256,"Bharati Vidyapeeth's College of Pharmacy, Kolhapur",Kolhapur,Unaided,LVJS,State Level,Ladies,60204,
2022-23,D Pharmacy,CAP Round I,06256,"Bharati Vidyapeeth's College of Pharmacy, Kolhapur",Kolhapur,Unaided,GNT1S,State Level,Any,31570,
2022-23,D Pharmacy,CAP Round I,06256,"Bharati Vidyapeeth's College of Pharmacy, Kolhapur",Kolhapur,Unaided,GNT2S,State Level,Any,30120,
2022-23,D Pharmacy,CAP Round I,06256,"Bharati Vidyapeeth's College of Pharmacy, Kolhapur",Kolhapur,Unaided,LNT3S,State Level,Ladies,64992,
2022-23,D Pharmacy,CAP Round I,06256,"Bharati Vidyapeeth's College of Pharmacy, Kolhapur",Kolhapur,Unaided,GOBCS,State Level,Any,42038,
2022-23,D Pharmacy,CAP Round I,06256,"Bharati Vidyapeeth's College of Pharmacy, Kolhapur",Kolhapur,Unaided,LOBCS,State Level,Ladies,33249,
2022-23,D Pharmacy,CAP Round I,06256,"Bharati Vidyapeeth's College of Pharmacy, Kolhapur",Kolhapur,Unaided,PWDOPENS,State Level,Any,45782,
2022-23,D Pharmacy,CAP Round I,06256,"Bharati Vidyapeeth's College of Pharmacy, Kolhapur",Kolhapur,Unaided,DEFOPENS,State Level,Any,30531,
2022-23,D Pharmacy,CAP Round I,06256,"Bharati Vidyapeeth's College of Pharmacy, Kolhapur",Kolhapur,Unaided,EWS,Special,Any,21066,
2022-23,D Pharmacy,CAP Round I,06256,"Bharati Vidyapeeth's College of Pharmacy, Kolhapur",Kolhapur,Unaided,TFWS,Special,Any,5251,
2022-23,D Pharmacy,CAP Round I,06260,"Rajgad Dnyanpeeth's College of Pharmacy, Bhor",Pune,Unaided,GOPENS,State Level,Any,24909,
2022-23,D Pharmacy,CAP Round I,06260,"Rajgad Dnyanpeeth's College of Pharmacy, Bhor",Pune,Unaided,LOPENS,State Level,Ladies,23272,
2022-23,D Pharmacy,CAP Round I,06260,"Rajgad Dnyanpeeth's College of Pharmacy, Bhor",Pune,Unaided,GSCS,State Level,Any,41619,
2022-23,D Pharmacy,CAP Round I,06260,"Rajgad Dnyanpeeth's College of Pharmacy, Bhor",Pune,Unaided,LSCS,State Level,Ladies,42193,
2022-23,D Pharmacy,CAP Round I,06260,"Rajgad Dnyanpeeth's College of Pharmacy, Bhor",Pune,Unaided,GSTS,State Level,Any,79796,
2022-23,D Pharmacy,CAP Round I,06260,"Rajgad Dnyanpeeth's College of Pharmacy, Bhor",Pune,Unaided,GVJS,State Level,Any,24928,
2022-23,D Pharmacy,CAP Round I,06260,"Rajgad Dnyanpeeth's College of Pharmacy, Bhor",Pune,Unaided,GNT1S,State Level,Any,32183,
2022-23,D Pharmacy,CAP Round I,06260,"Rajgad Dnyanpeeth's College of Pharmacy, Bhor",Pune,Unaided,GNT2S,State Level,Any,31692,
2022-23,D Pharmacy,CAP Round I,06260,"Rajgad Dnyanpeeth's College of Pharmacy, Bhor",Pune,Unaided,LNT2S,State Level,Ladies,28578,
2022-23,D Pharmacy,CAP Round I,06260,"Rajgad Dnyanpeeth's College of Pharmacy, Bhor",Pune,Unaided,GNT3S,State Level,Any,30028,
2022-23,D Pharmacy,CAP Round I,06260,"Rajgad Dnyanpeeth's College of Pharmacy, Bhor",Pune,Unaided,GOBCS,State Level,Any,39929,
2022-23,D Pharmacy,CAP Round I,06260,"Rajgad Dnyanpeeth's College of Pharmacy, Bhor",Pune,Unaided,LOBCS,State Level,Ladies,47384,
2022-23,D Pharmacy,CAP Round I,06260,"Rajgad Dnyanpeeth's College of Pharmacy, Bhor",Pune,Unaided,EWS,Special,Any,22780,
2022-23,D Pharmacy,CAP Round I,06260,"Rajgad Dnyanpeeth's College of Pharmacy, Bhor",Pune,Unaided,TFWS,Special,Any,13708,
2022-23,D Pharmacy,CAP Round I,06260,"Rajgad Dnyanpeeth's College of Pharmacy, Bhor",Pune,Unaided,LSTS,State Level,Ladies,81463,
2022-23,D Pharmacy,CAP Round I,06355,"Shri Balasaheb Mane Shikshan Prasarak Mandal's Ashokrao Mane College of Pharmacy,Peth Vadgaon, Kolhapur",Kolhapur,Unaided,GOPENS,State Level,Any,34811,
2022-23,D Pharmacy,CAP Round I,06355,"Shri Balasaheb Mane Shikshan Prasarak Mandal's Ashokrao Mane College of Pharmacy,Peth Vadgaon, Kolhapur",Kolhapur,Unaided,LOPENS,State Level,Ladies,28221,
2022-23,D Pharmacy,CAP Round I,06355,"Shri Balasaheb Mane Shikshan Prasarak Mandal's Ashokrao Mane College of Pharmacy,Peth Vadgaon, Kolhapur",Kolhapur,Unaided,GSCS,State Level,Any,42061,
2022-23,D Pharmacy,CAP Round I,06355,"Shri Balasaheb Mane Shikshan Prasarak Mandal's Ashokrao Mane College of Pharmacy,Peth Vadgaon, Kolhapur",Kolhapur,Unaided,LSCS,State Level,Ladies,40399,
2022-23,D Pharmacy,CAP Round I,06355,"Shri Balasaheb Mane Shikshan Prasarak Mandal's Ashokrao Mane College of Pharmacy,Peth Vadgaon, Kolhapur",Kolhapur,Unaided,GSTS,State Level,Any,65549,
2022-23,D Pharmacy,CAP Round I,06355,"Shri Balasaheb Mane Shikshan Prasarak Mandal's Ashokrao Mane College of Pharmacy,Peth Vadgaon, Kolhapur",Kolhapur,Unaided,GVJS,State Level,Any,50218,
2022-23,D Pharmacy,CAP Round I,06355,"Shri Balasaheb Mane Shikshan Prasarak Mandal's Ashokrao Mane College of Pharmacy,Peth Vadgaon, Kolhapur",Kolhapur,Unaided,LVJS,State Level,Ladies,51408,
2022-23,D Pharmacy,CAP Round I,06355,"Shri Balasaheb Mane Shikshan Prasarak Mandal's Ashokrao Mane College of Pharmacy,Peth Vadgaon, Kolhapur",Kolhapur,Unaided,GNT1S,State Level,Any,60218,
2022-23,D Pharmacy,CAP Round I,06355,"Shri Balasaheb Mane Shikshan Prasarak Mandal's Ashokrao Mane College of Pharmacy,Peth Vadgaon, Kolhapur",Kolhapur,Unaided,GNT2S,State Level,Any,44009,
2022-23,D Pharmacy,CAP Round I,06355,"Shri Balasaheb Mane Shikshan Prasarak Mandal's Ashokrao Mane College of Pharmacy,Peth Vadgaon, Kolhapur",Kolhapur,Unaided,GOBCS,State Level,Any,57180,
2022-23,D Pharmacy,CAP Round I,06355,"Shri Balasaheb Mane Shikshan Prasarak Mandal's Ashokrao Mane College of Pharmacy,Peth Vadgaon, Kolhapur",Kolhapur,Unaided,LOBCS,State Level,Ladies,51616,
2022-23,D Pharmacy,CAP Round I,06355,"Shri Balasaheb Mane Shikshan Prasarak Mandal's Ashokrao Mane College of Pharmacy,Peth Vadgaon, Kolhapur",Kolhapur,Unaided,PWDOPENS,State Level,Any,81537,
2022-23,D Pharmacy,CAP Round I,06355,"Shri Balasaheb Mane Shikshan Prasarak Mandal's Ashokrao Mane College of Pharmacy,Peth Vadgaon, Kolhapur",Kolhapur,Unaided,DEFOPENS,State Level,Any,60964,
2022-23,D Pharmacy,CAP Round I,06355,"Shri Balasaheb Mane Shikshan Prasarak Mandal's Ashokrao Mane College of Pharmacy,Peth Vadgaon, Kolhapur",Kolhapur,Unaided,EWS,Special,Any,37893,
2022-23,D Pharmacy,CAP Round I,06355,"Shri Balasaheb Mane Shikshan Prasarak Mandal's Ashokrao Mane College of Pharmacy,Peth Vadgaon, Kolhapur",Kolhapur,Unaided,TFWS,Special,Any,13861,
2022-23,D Pharmacy,CAP Round I,06355,"Shri Balasaheb Mane Shikshan Prasarak Mandal's Ashokrao Mane College of Pharmacy,Peth Vadgaon, Kolhapur",Kolhapur,Unaided,LNT3S,State Level,Ladies,34853,
2022-23,D Pharmacy,CAP Round I,06357,"Tatyasaheb Kore College of Pharmacy (Diploma), Warananagar",Kolhapur,Unaided,GOPENS,State Level,Any,33975,
2022-23,D Pharmacy,CAP Round I,06357,"Tatyasaheb Kore College of Pharmacy (Diploma), Warananagar",Kolhapur,Unaided,LOPENS,State Level,Ladies,26489,
2022-23,D Pharmacy,CAP Round I,06357,"Tatyasaheb Kore College of Pharmacy (Diploma), Warananagar",Kolhapur,Unaided,GSCS,State Level,Any,49094,
2022-23,D Pharmacy,CAP Round I,06357,"Tatyasaheb Kore College of Pharmacy (Diploma), Warananagar",Kolhapur,Unaided,LSCS,State Level,Ladies,30487,
2022-23,D Pharmacy,CAP Round I,06357,"Tatyasaheb Kore College of Pharmacy (Diploma), Warananagar",Kolhapur,Unaided,GSTS,State Level,Any,43416,
2022-23,D Pharmacy,CAP Round I,06357,"Tatyasaheb Kore College of Pharmacy (Diploma), Warananagar",Kolhapur,Unaided,GVJS,State Level,Any,56738,
2022-23,D Pharmacy,CAP Round I,06357,"Tatyasaheb Kore College of Pharmacy (Diploma), Warananagar",Kolhapur,Unaided,GNT1S,State Level,Any,58352,
2022-23,D Pharmacy,CAP Round I,06357,"Tatyasaheb Kore College of Pharmacy (Diploma), Warananagar",Kolhapur,Unaided,LNT1S,State Level,Ladies,51370,
2022-23,D Pharmacy,CAP Round I,06357,"Tatyasaheb Kore College of Pharmacy (Diploma), Warananagar",Kolhapur,Unaided,GNT2S,State Level,Any,37258,
2022-23,D Pharmacy,CAP Round I,06357,"Tatyasaheb Kore College of Pharmacy (Diploma), Warananagar",Kolhapur,Unaided,GNT3S,State Level,Any,38925,
2022-23,D Pharmacy,CAP Round I,06357,"Tatyasaheb Kore College of Pharmacy (Diploma), Warananagar",Kolhapur,Unaided,GOBCS,State Level,Any,57935,
2022-23,D Pharmacy,CAP Round I,06357,"Tatyasaheb Kore College of Pharmacy (Diploma), Warananagar",Kolhapur,Unaided,LOBCS,State Level,Ladies,48902,
2022-23,D Pharmacy,CAP Round I,06357,"Tatyasaheb Kore College of Pharmacy (Diploma), Warananagar",Kolhapur,Unaided,DEFOPENS,State Level,Any,54303,
2022-23,D Pharmacy,CAP Round I,06357,"Tatyasaheb Kore College of Pharmacy (Diploma), Warananagar",Kolhapur,Unaided,EWS,Special,Any,26352,
2022-23,D Pharmacy,CAP Round I,06357,"Tatyasaheb Kore College of Pharmacy (Diploma), Warananagar",Kolhapur,Unaided,TFWS,Special,Any,2227,
2022-23,D Pharmacy,CAP Round I,06359,"Alard Charitable Trust's Alard College of Pharmacy, Marunje, Hinjewadi, Pune",Pune,Linguistic Minority - Hindi,GOPENS,State Level,Any,20269,
2022-23,D Pharmacy,CAP Round I,06359,"Alard Charitable Trust's Alard College of Pharmacy, Marunje, Hinjewadi, Pune",Pune,Linguistic Minority - Hindi,LOPENS,State Level,Ladies,14900,
2022-23,D Pharmacy,CAP Round I,06359,"Alard Charitable Trust's Alard College of Pharmacy, Marunje, Hinjewadi, Pune",Pune,Linguistic Minority - Hindi,MI,Special,Any,83907,
2022-23,D Pharmacy,CAP Round I,06359,"Alard Charitable Trust's Alard College of Pharmacy, Marunje, Hinjewadi, Pune",Pune,Linguistic Minority - Hindi,TFWS,Special,Any,15929,
2022-23,D Pharmacy,CAP Round I,06360,"Chanakya Education. Soceity's, Indira College of Pharmacy, Tathawade, Pune",Pune,Unaided,GOPENS,State Level,Any,16897,
2022-23,D Pharmacy,CAP Round I,06360,"Chanakya Education. Soceity's, Indira College of Pharmacy, Tathawade, Pune",Pune,Unaided,LOPENS,State Level,Ladies,20397,
2022-23,D Pharmacy,CAP Round I,06360,"Chanakya Education. Soceity's, Indira College of Pharmacy, Tathawade, Pune",Pune,Unaided,GSCS,State Level,Any,27009,
2022-23,D Pharmacy,CAP Round I,06360,"Chanakya Education. Soceity's, Indira College of Pharmacy, Tathawade, Pune",Pune,Unaided,LSCS,State Level,Ladies,33230,
2022-23,D Pharmacy,CAP Round I,06360,"Chanakya Education. Soceity's, Indira College of Pharmacy, Tathawade, Pune",Pune,Unaided,GSTS,State Level,Any,57940,
2022-23,D Pharmacy,CAP Round I,06360,"Chanakya Education. Soceity's, Indira College of Pharmacy, Tathawade, Pune",Pune,Unaided,LSTS,State Level,Ladies,54835,
2022-23,D Pharmacy,CAP Round I,06360,"Chanakya Education. Soceity's, Indira College of Pharmacy, Tathawade, Pune",Pune,Unaided,GVJS,State Level,Any,24028,
2022-23,D Pharmacy,CAP Round I,06360,"Chanakya Education. Soceity's, Indira College of Pharmacy, Tathawade, Pune",Pune,Unaided,LVJS,State Level,Ladies,32239,
2022-23,D Pharmacy,CAP Round I,06360,"Chanakya Education. Soceity's, Indira College of Pharmacy, Tathawade, Pune",Pune,Unaided,GNT1S,State Level,Any,47666,
2022-23,D Pharmacy,CAP Round I,06360,"Chanakya Education. Soceity's, Indira College of Pharmacy, Tathawade, Pune",Pune,Unaided,GNT2S,State Level,Any,17836,
2022-23,D Pharmacy,CAP Round I,06360,"Chanakya Education. Soceity's, Indira College of Pharmacy, Tathawade, Pune",Pune,Unaided,LNT2S,State Level,Ladies,20919,
2022-23,D Pharmacy,CAP Round I,06360,"Chanakya Education. Soceity's, Indira College of Pharmacy, Tathawade, Pune",Pune,Unaided,GNT3S,State Level,Any,18147,
2022-23,D Pharmacy,CAP Round I,06360,"Chanakya Education. Soceity's, Indira College of Pharmacy, Tathawade, Pune",Pune,Unaided,GOBCS,State Level,Any,31084,
2022-23,D Pharmacy,CAP Round I,06360,"Chanakya Education. Soceity's, Indira College of Pharmacy, Tathawade, Pune",Pune,Unaided,LOBCS,State Level,Ladies,29977,
2022-23,D Pharmacy,CAP Round I,06360,"Chanakya Education. Soceity's, Indira College of Pharmacy, Tathawade, Pune",Pune,Unaided,DEFOPENS,State Level,Any,83675,
2022-23,D Pharmacy,CAP Round I,06360,"Chanakya Education. Soceity's, Indira College of Pharmacy, Tathawade, Pune",Pune,Unaided,EWS,Special,Any,19312,
2022-23,D Pharmacy,CAP Round I,06360,"Chanakya Education. Soceity's, Indira College of Pharmacy, Tathawade, Pune",Pune,Unaided,TFWS,Special,Any,8678,
2022-23,D Pharmacy,CAP Round I,06364,"Progressive Education Society's Modern College of Pharmacy( for Women), Moshi.(Tal.Haveli)",Pune,Unaided,LOPENS,State Level,Ladies,22892,
2022-23,D Pharmacy,CAP Round I,06364,"Progressive Education Society's Modern College of Pharmacy( for Women), Moshi.(Tal.Haveli)",Pune,Unaided,LSCS,State Level,Ladies,36054,
2022-23,D Pharmacy,CAP Round I,06364,"Progressive Education Society's Modern College of Pharmacy( for Women), Moshi.(Tal.Haveli)",Pune,Unaided,LSTS,State Level,Ladies,74708,
2022-23,D Pharmacy,CAP Round I,06364,"Progressive Education Society's Modern College of Pharmacy( for Women), Moshi.(Tal.Haveli)",Pune,Unaided,LVJS,State Level,Ladies,37662,
2022-23,D Pharmacy,CAP Round I,06364,"Progressive Education Society's Modern College of Pharmacy( for Women), Moshi.(Tal.Haveli)",Pune,Unaided,LNT1S,State Level,Ladies,23287,
2022-23,D Pharmacy,CAP Round I,06364,"Progressive Education Society's Modern College of Pharmacy( for Women), Moshi.(Tal.Haveli)",Pune,Unaided,LNT2S,State Level,Ladies,32532,
2022-23,D Pharmacy,CAP Round I,06364,"Progressive Education Society's Modern College of Pharmacy( for Women), Moshi.(Tal.Haveli)",Pune,Unaided,LNT3S,State Level,Ladies,23565,
2022-23,D Pharmacy,CAP Round I,06364,"Progressive Education Society's Modern College of Pharmacy( for Women), Moshi.(Tal.Haveli)",Pune,Unaided,LOBCS,State Level,Ladies,38743,
2022-23,D Pharmacy,CAP Round I,06364,"Progressive Education Society's Modern College of Pharmacy( for Women), Moshi.(Tal.Haveli)",Pune,Unaided,EWS,Special,Any,26904,
2022-23,D Pharmacy,CAP Round I,06371,"Dr. D.Y. Patil College of Pharmacy , Akurdi, Pune",Pune,Unaided,GOPENS,State Level,Any,4043,
2022-23,D Pharmacy,CAP Round I,06371,"Dr. D.Y. Patil College of Pharmacy , Akurdi, Pune",Pune,Unaided,LOPENS,State Level,Ladies,2522,
2022-23,D Pharmacy,CAP Round I,06371,"Dr. D.Y. Patil College of Pharmacy , Akurdi, Pune",Pune,Unaided,GSCS,State Level,Any,10903,
2022-23,D Pharmacy,CAP Round I,06371,"Dr. D.Y. Patil College of Pharmacy , Akurdi, Pune",Pune,Unaided,LSCS,State Level,Ladies,6799,
2022-23,D Pharmacy,CAP Round I,06371,"Dr. D.Y. Patil College of Pharmacy , Akurdi, Pune",Pune,Unaided,GSTS,State Level,Any,12881,
2022-23,D Pharmacy,CAP Round I,06371,"Dr. D.Y. Patil College of Pharmacy , Akurdi, Pune",Pune,Unaided,LSTS,State Level,Ladies,5315,
2022-23,D Pharmacy,CAP Round I,06371,"Dr. D.Y. Patil College of Pharmacy , Akurdi, Pune",Pune,Unaided,GVJS,State Level,Any,6088,
2022-23,D Pharmacy,CAP Round I,06371,"Dr. D.Y. Patil College of Pharmacy , Akurdi, Pune",Pune,Unaided,LVJS,State Level,Ladies,8463,
2022-23,D Pharmacy,CAP Round I,06371,"Dr. D.Y. Patil College of Pharmacy , Akurdi, Pune",Pune,Unaided,GNT1S,State Level,Any,7984,
2022-23,D Pharmacy,CAP Round I,06371,"Dr. D.Y. Patil College of Pharmacy , Akurdi, Pune",Pune,Unaided,GNT2S,State Level,Any,5382,
2022-23,D Pharmacy,CAP Round I,06371,"Dr. D.Y. Patil College of Pharmacy , Akurdi, Pune",Pune,Unaided,LNT3S,State Level,Ladies,4880,
2022-23,D Pharmacy,CAP Round I,06371,"Dr. D.Y. Patil College of Pharmacy , Akurdi, Pune",Pune,Unaided,GOBCS,State Level,Any,7391,
2022-23,D Pharmacy,CAP Round I,06371,"Dr. D.Y. Patil College of Pharmacy , Akurdi, Pune",Pune,Unaided,LOBCS,State Level,Ladies,6430,
2022-23,D Pharmacy,CAP Round I,06371,"Dr. D.Y. Patil College of Pharmacy , Akurdi, Pune",Pune,Unaided,DEFOPENS,State Level,Any,68165,
2022-23,D Pharmacy,CAP Round I,06371,"Dr. D.Y. Patil College of Pharmacy , Akurdi, Pune",Pune,Unaided,DEFROBCS,State Level,Any,68578,
2022-23,D Pharmacy,CAP Round I,06371,"Dr. D.Y. Patil College of Pharmacy , Akurdi, Pune",Pune,Unaided,EWS,Special,Any,5328,
2022-23,D Pharmacy,CAP Round I,06371,"Dr. D.Y. Patil College of Pharmacy , Akurdi, Pune",Pune,Unaided,TFWS,Special,Any,2882,
2022-23,D Pharmacy,CAP Round I,06372,"Poona District Education Association's Seth Govind Raghunath Sable College of Pharmacy , Saswad, Pune",Pune,Unaided,GOPENS,State Level,Any,16726,
2022-23,D Pharmacy,CAP Round I,06372,"Poona District Education Association's Seth Govind Raghunath Sable College of Pharmacy , Saswad, Pune",Pune,Unaided,LOPENS,State Level,Ladies,9678,
2022-23,D Pharmacy,CAP Round I,06372,"Poona District Education Association's Seth Govind Raghunath Sable College of Pharmacy , Saswad, Pune",Pune,Unaided,GSCS,State Level,Any,30964,
2022-23,D Pharmacy,CAP Round I,06372,"Poona District Education Association's Seth Govind Raghunath Sable College of Pharmacy , Saswad, Pune",Pune,Unaided,LSCS,State Level,Ladies,39228,
2022-23,D Pharmacy,CAP Round I,06372,"Poona District Education Association's Seth Govind Raghunath Sable College of Pharmacy , Saswad, Pune",Pune,Unaided,GSTS,State Level,Any,50030,
2022-23,D Pharmacy,CAP Round I,06372,"Poona District Education Association's Seth Govind Raghunath Sable College of Pharmacy , Saswad, Pune",Pune,Unaided,LSTS,State Level,Ladies,36248,
2022-23,D Pharmacy,CAP Round I,06372,"Poona District Education Association's Seth Govind Raghunath Sable College of Pharmacy , Saswad, Pune",Pune,Unaided,GVJS,State Level,Any,17651,
2022-23,D Pharmacy,CAP Round I,06372,"Poona District Education Association's Seth Govind Raghunath Sable College of Pharmacy , Saswad, Pune",Pune,Unaided,LNT1S,State Level,Ladies,58971,
2022-23,D Pharmacy,CAP Round I,06372,"Poona District Education Association's Seth Govind Raghunath Sable College of Pharmacy , Saswad, Pune",Pune,Unaided,GNT2S,State Level,Any,18267,
2022-23,D Pharmacy,CAP Round I,06372,"Poona District Education Association's Seth Govind Raghunath Sable College of Pharmacy , Saswad, Pune",Pune,Unaided,GOBCS,State Level,Any,25877,
2022-23,D Pharmacy,CAP Round I,06372,"Poona District Education Association's Seth Govind Raghunath Sable College of Pharmacy , Saswad, Pune",Pune,Unaided,LOBCS,State Level,Ladies,17213,
2022-23,D Pharmacy,CAP Round I,06372,"Poona District Education Association's Seth Govind Raghunath Sable College of Pharmacy , Saswad, Pune",Pune,Unaided,DEFOPENS,State Level,Any,73349,
2022-23,D Pharmacy,CAP Round I,06372,"Poona District Education Association's Seth Govind Raghunath Sable College of Pharmacy , Saswad, Pune",Pune,Unaided,EWS,Special,Any,16387,
2022-23,D Pharmacy,CAP Round I,06372,"Poona District Education Association's Seth Govind Raghunath Sable College of Pharmacy , Saswad, Pune",Pune,Unaided,TFWS,Special,Any,7186,
2022-23,D Pharmacy,CAP Round I,06373,"Shri Chatrapati Sambhaji Shikshan Sanstha's Sitabai Thite College of Pharmarcy, Shirur, (Ghodnadi). Pune",Pune,Unaided,GOPENS,State Level,Any,25510,
2022-23,D Pharmacy,CAP Round I,06373,"Shri Chatrapati Sambhaji Shikshan Sanstha's Sitabai Thite College of Pharmarcy, Shirur, (Ghodnadi). Pune",Pune,Unaided,LOPENS,State Level,Ladies,18752,
2022-23,D Pharmacy,CAP Round I,06373,"Shri Chatrapati Sambhaji Shikshan Sanstha's Sitabai Thite College of Pharmarcy, Shirur, (Ghodnadi). Pune",Pune,Unaided,GSCS,State Level,Any,36101,
2022-23,D Pharmacy,CAP Round I,06373,"Shri Chatrapati Sambhaji Shikshan Sanstha's Sitabai Thite College of Pharmarcy, Shirur, (Ghodnadi). Pune",Pune,Unaided,LSCS,State Level,Ladies,21872,
2022-23,D Pharmacy,CAP Round I,06373,"Shri Chatrapati Sambhaji Shikshan Sanstha's Sitabai Thite College of Pharmarcy, Shirur, (Ghodnadi). Pune",Pune,Unaided,GSTS,State Level,Any,64011,
2022-23,D Pharmacy,CAP Round I,06373,"Shri Chatrapati Sambhaji Shikshan Sanstha's Sitabai Thite College of Pharmarcy, Shirur, (Ghodnadi). Pune",Pune,Unaided,LSTS,State Level,Ladies,80431,
2022-23,D Pharmacy,CAP Round I,06373,"Shri Chatrapati Sambhaji Shikshan Sanstha's Sitabai Thite College of Pharmarcy, Shirur, (Ghodnadi). Pune",Pune,Unaided,GVJS,State Level,Any,28657,
2022-23,D Pharmacy,CAP Round I,06373,"Shri Chatrapati Sambhaji Shikshan Sanstha's Sitabai Thite College of Pharmarcy, Shirur, (Ghodnadi). Pune",Pune,Unaided,GNT1S,State Level,Any,30387,
2022-23,D Pharmacy,CAP Round I,06373,"Shri Chatrapati Sambhaji Shikshan Sanstha's Sitabai Thite College of Pharmarcy, Shirur, (Ghodnadi). Pune",Pune,Unaided,LNT1S,State Level,Ladies,29269,
2022-23,D Pharmacy,CAP Round I,06373,"Shri Chatrapati Sambhaji Shikshan Sanstha's Sitabai Thite College of Pharmarcy, Shirur, (Ghodnadi). Pune",Pune,Unaided,GNT2S,State Level,Any,28302,
2022-23,D Pharmacy,CAP Round I,06373,"Shri Chatrapati Sambhaji Shikshan Sanstha's Sitabai Thite College of Pharmarcy, Shirur, (Ghodnadi). Pune",Pune,Unaided,LNT2S,State Level,Ladies,24934,
2022-23,D Pharmacy,CAP Round I,06373,"Shri Chatrapati Sambhaji Shikshan Sanstha's Sitabai Thite College of Pharmarcy, Shirur, (Ghodnadi). Pune",Pune,Unaided,GNT3S,State Level,Any,31939,
2022-23,D Pharmacy,CAP Round I,06373,"Shri Chatrapati Sambhaji Shikshan Sanstha's Sitabai Thite College of Pharmarcy, Shirur, (Ghodnadi). Pune",Pune,Unaided,GOBCS,State Level,Any,31327,
2022-23,D Pharmacy,CAP Round I,06373,"Shri Chatrapati Sambhaji Shikshan Sanstha's Sitabai Thite College of Pharmarcy, Shirur, (Ghodnadi). Pune",Pune,Unaided,LOBCS,State Level,Ladies,27225,
2022-23,D Pharmacy,CAP Round I,06373,"Shri Chatrapati Sambhaji Shikshan Sanstha's Sitabai Thite College of Pharmarcy, Shirur, (Ghodnadi). Pune",Pune,Unaided,PWDOPENS,State Level,Any,79602,
2022-23,D Pharmacy,CAP Round I,06373,"Shri Chatrapati Sambhaji Shikshan Sanstha's Sitabai Thite College of Pharmarcy, Shirur, (Ghodnadi). Pune",Pune,Unaided,DEFOPENS,State Level,Any,46270,
2022-23,D Pharmacy,CAP Round I,06373,"Shri Chatrapati Sambhaji Shikshan Sanstha's Sitabai Thite College of Pharmarcy, Shirur, (Ghodnadi). Pune",Pune,Unaided,EWS,Special,Any,21345,
2022-23,D Pharmacy,CAP Round I,06373,"Shri Chatrapati Sambhaji Shikshan Sanstha's Sitabai Thite College of Pharmarcy, Shirur, (Ghodnadi). Pune",Pune,Unaided,TFWS,Special,Any,10292,
2022-23,D Pharmacy,CAP Round I,06375,"Dr. D.Y. Patil Unitech Society's Dr. D.Y. Patil Institute of Pharmaceutical Science & Research, Pimpri, Pune",Pune,Unaided,GOPENS,State Level,Any,7395,
2022-23,D Pharmacy,CAP Round I,06375,"Dr. D.Y. Patil Unitech Society's Dr. D.Y. Patil Institute of Pharmaceutical Science & Research, Pimpri, Pune",Pune,Unaided,LOPENS,State Level,Ladies,7340,
2022-23,D Pharmacy,CAP Round I,06375,"Dr. D.Y. Patil Unitech Society's Dr. D.Y. Patil Institute of Pharmaceutical Science & Research, Pimpri, Pune",Pune,Unaided,GSCS,State Level,Any,12515,
2022-23,D Pharmacy,CAP Round I,06375,"Dr. D.Y. Patil Unitech Society's Dr. D.Y. Patil Institute of Pharmaceutical Science & Research, Pimpri, Pune",Pune,Unaided,LSCS,State Level,Ladies,8665,
2022-23,D Pharmacy,CAP Round I,06375,"Dr. D.Y. Patil Unitech Society's Dr. D.Y. Patil Institute of Pharmaceutical Science & Research, Pimpri, Pune",Pune,Unaided,GSTS,State Level,Any,19501,
2022-23,D Pharmacy,CAP Round I,06375,"Dr. D.Y. Patil Unitech Society's Dr. D.Y. Patil Institute of Pharmaceutical Science & Research, Pimpri, Pune",Pune,Unaided,LSTS,State Level,Ladies,26552,
2022-23,D Pharmacy,CAP Round I,06375,"Dr. D.Y. Patil Unitech Society's Dr. D.Y. Patil Institute of Pharmaceutical Science & Research, Pimpri, Pune",Pune,Unaided,GVJS,State Level,Any,9890,
2022-23,D Pharmacy,CAP Round I,06375,"Dr. D.Y. Patil Unitech Society's Dr. D.Y. Patil Institute of Pharmaceutical Science & Research, Pimpri, Pune",Pune,Unaided,LVJS,State Level,Ladies,33090,
2022-23,D Pharmacy,CAP Round I,06375,"Dr. D.Y. Patil Unitech Society's Dr. D.Y. Patil Institute of Pharmaceutical Science & Research, Pimpri, Pune",Pune,Unaided,GNT1S,State Level,Any,9745,
2022-23,D Pharmacy,CAP Round I,06375,"Dr. D.Y. Patil Unitech Society's Dr. D.Y. Patil Institute of Pharmaceutical Science & Research, Pimpri, Pune",Pune,Unaided,GNT2S,State Level,Any,8182,
2022-23,D Pharmacy,CAP Round I,06375,"Dr. D.Y. Patil Unitech Society's Dr. D.Y. Patil Institute of Pharmaceutical Science & Research, Pimpri, Pune",Pune,Unaided,GNT3S,State Level,Any,7962,
2022-23,D Pharmacy,CAP Round I,06375,"Dr. D.Y. Patil Unitech Society's Dr. D.Y. Patil Institute of Pharmaceutical Science & Research, Pimpri, Pune",Pune,Unaided,GOBCS,State Level,Any,11798,
2022-23,D Pharmacy,CAP Round I,06375,"Dr. D.Y. Patil Unitech Society's Dr. D.Y. Patil Institute of Pharmaceutical Science & Research, Pimpri, Pune",Pune,Unaided,LOBCS,State Level,Ladies,8991,
2022-23,D Pharmacy,CAP Round I,06375,"Dr. D.Y. Patil Unitech Society's Dr. D.Y. Patil Institute of Pharmaceutical Science & Research, Pimpri, Pune",Pune,Unaided,PWDOPENS,State Level,Any,72708,
2022-23,D Pharmacy,CAP Round I,06375,"Dr. D.Y. Patil Unitech Society's Dr. D.Y. Patil Institute of Pharmaceutical Science & Research, Pimpri, Pune",Pune,Unaided,DEFOPENS,State Level,Any,7981,
2022-23,D Pharmacy,CAP Round I,06375,"Dr. D.Y. Patil Unitech Society's Dr. D.Y. Patil Institute of Pharmaceutical Science & Research, Pimpri, Pune",Pune,Unaided,EWS,Special,Any,5842,
2022-23,D Pharmacy,CAP Round I,06375,"Dr. D.Y. Patil Unitech Society's Dr. D.Y. Patil Institute of Pharmaceutical Science & Research, Pimpri, Pune",Pune,Unaided,TFWS,Special,Any,2166,
2022-23,D Pharmacy,CAP Round I,06380,"Marathwada Mitra Mandal's College of Pharmacy,Thergaon( Kalewadi) ,Pune",Pune,Unaided,GOPENS,State Level,Any,21377,
2022-23,D Pharmacy,CAP Round I,06380,"Marathwada Mitra Mandal's College of Pharmacy,Thergaon( Kalewadi) ,Pune",Pune,Unaided,LOPENS,State Level,Ladies,16234,
2022-23,D Pharmacy,CAP Round I,06380,"Marathwada Mitra Mandal's College of Pharmacy,Thergaon( Kalewadi) ,Pune",Pune,Unaided,GSCS,State Level,Any,26017,
2022-23,D Pharmacy,CAP Round I,06380,"Marathwada Mitra Mandal's College of Pharmacy,Thergaon( Kalewadi) ,Pune",Pune,Unaided,LSCS,State Level,Ladies,23736,
2022-23,D Pharmacy,CAP Round I,06380,"Marathwada Mitra Mandal's College of Pharmacy,Thergaon( Kalewadi) ,Pune",Pune,Unaided,GSTS,State Level,Any,57034,
2022-23,D Pharmacy,CAP Round I,06380,"Marathwada Mitra Mandal's College of Pharmacy,Thergaon( Kalewadi) ,Pune",Pune,Unaided,LSTS,State Level,Ladies,24752,
2022-23,D Pharmacy,CAP Round I,06380,"Marathwada Mitra Mandal's College of Pharmacy,Thergaon( Kalewadi) ,Pune",Pune,Unaided,GVJS,State Level,Any,22419,
2022-23,D Pharmacy,CAP Round I,06380,"Marathwada Mitra Mandal's College of Pharmacy,Thergaon( Kalewadi) ,Pune",Pune,Unaided,GNT1S,State Level,Any,35603,
2022-23,D Pharmacy,CAP Round I,06380,"Marathwada Mitra Mandal's College of Pharmacy,Thergaon( Kalewadi) ,Pune",Pune,Unaided,GNT2S,State Level,Any,23125,
2022-23,D Pharmacy,CAP Round I,06380,"Marathwada Mitra Mandal's College of Pharmacy,Thergaon( Kalewadi) ,Pune",Pune,Unaided,LNT2S,State Level,Ladies,23072,
2022-23,D Pharmacy,CAP Round I,06380,"Marathwada Mitra Mandal's College of Pharmacy,Thergaon( Kalewadi) ,Pune",Pune,Unaided,GNT3S,State Level,Any,24822,
2022-23,D Pharmacy,CAP Round I,06380,"Marathwada Mitra Mandal's College of Pharmacy,Thergaon( Kalewadi) ,Pune",Pune,Unaided,GOBCS,State Level,Any,32860,
2022-23,D Pharmacy,CAP Round I,06380,"Marathwada Mitra Mandal's College of Pharmacy,Thergaon( Kalewadi) ,Pune",Pune,Unaided,LOBCS,State Level,Ladies,34689,
2022-23,D Pharmacy,CAP Round I,06380,"Marathwada Mitra Mandal's College of Pharmacy,Thergaon( Kalewadi) ,Pune",Pune,Unaided,DEFOPENS,State Level,Any,18843,
2022-23,D Pharmacy,CAP Round I,06380,"Marathwada Mitra Mandal's College of Pharmacy,Thergaon( Kalewadi) ,Pune",Pune,Unaided,DEFRSCS,State Level,Any,79849,
2022-23,D Pharmacy,CAP Round I,06380,"Marathwada Mitra Mandal's College of Pharmacy,Thergaon( Kalewadi) ,Pune",Pune,Unaided,EWS,Special,Any,20915,
2022-23,D Pharmacy,CAP Round I,06380,"Marathwada Mitra Mandal's College of Pharmacy,Thergaon( Kalewadi) ,Pune",Pune,Unaided,TFWS,Special,Any,9896,
2022-23,D Pharmacy,CAP Round I,06383,"Kasturi Shikshan Sansthas College of Pharmacy, Shikrapur",Pune,Unaided,GOPENS,State Level,Any,35115,
2022-23,D Pharmacy,CAP Round I,06383,"Kasturi Shikshan Sansthas College of Pharmacy, Shikrapur",Pune,Unaided,LOPENS,State Level,Ladies,25988,
2022-23,D Pharmacy,CAP Round I,06383,"Kasturi Shikshan Sansthas College of Pharmacy, Shikrapur",Pune,Unaided,GSCS,State Level,Any,52574,
2022-23,D Pharmacy,CAP Round I,06383,"Kasturi Shikshan Sansthas College of Pharmacy, Shikrapur",Pune,Unaided,LSCS,State Level,Ladies,54786,
2022-23,D Pharmacy,CAP Round I,06383,"Kasturi Shikshan Sansthas College of Pharmacy, Shikrapur",Pune,Unaided,GVJS,State Level,Any,40881,
2022-23,D Pharmacy,CAP Round I,06383,"Kasturi Shikshan Sansthas College of Pharmacy, Shikrapur",Pune,Unaided,LVJS,State Level,Ladies,49109,
2022-23,D Pharmacy,CAP Round I,06383,"Kasturi Shikshan Sansthas College of Pharmacy, Shikrapur",Pune,Unaided,GNT1S,State Level,Any,48234,
2022-23,D Pharmacy,CAP Round I,06383,"Kasturi Shikshan Sansthas College of Pharmacy, Shikrapur",Pune,Unaided,GNT2S,State Level,Any,44275,
2022-23,D Pharmacy,CAP Round I,06383,"Kasturi Shikshan Sansthas College of Pharmacy, Shikrapur",Pune,Unaided,LNT2S,State Level,Ladies,31014,
2022-23,D Pharmacy,CAP Round I,06383,"Kasturi Shikshan Sansthas College of Pharmacy, Shikrapur",Pune,Unaided,GNT3S,State Level,Any,36821,
2022-23,D Pharmacy,CAP Round I,06383,"Kasturi Shikshan Sansthas College of Pharmacy, Shikrapur",Pune,Unaided,GOBCS,State Level,Any,50328,
2022-23,D Pharmacy,CAP Round I,06383,"Kasturi Shikshan Sansthas College of Pharmacy, Shikrapur",Pune,Unaided,LOBCS,State Level,Ladies,39670,
2022-23,D Pharmacy,CAP Round I,06383,"Kasturi Shikshan Sansthas College of Pharmacy, Shikrapur",Pune,Unaided,EWS,Special,Any,32392,
2022-23,D Pharmacy,CAP Round I,06383,"Kasturi Shikshan Sansthas College of Pharmacy, Shikrapur",Pune,Unaided,TFWS,Special,Any,15475,
2022-23,D Pharmacy,CAP Round I,06384,"Genba Education Trust, Genba Sopanrao Moze College of Pharmacy, Wagholi",Pune,Unaided,GOPENS,State Level,Any,8505,
2022-23,D Pharmacy,CAP Round I,06384,"Genba Education Trust, Genba Sopanrao Moze College of Pharmacy, Wagholi",Pune,Unaided,LOPENS,State Level,Ladies,743,
2022-23,D Pharmacy,CAP Round I,06384,"Genba Education Trust, Genba Sopanrao Moze College of Pharmacy, Wagholi",Pune,Unaided,GSCS,State Level,Any,35662,
2022-23,D Pharmacy,CAP Round I,06384,"Genba Education Trust, Genba Sopanrao Moze College of Pharmacy, Wagholi",Pune,Unaided,LSCS,State Level,Ladies,11838,
2022-23,D Pharmacy,CAP Round I,06384,"Genba Education Trust, Genba Sopanrao Moze College of Pharmacy, Wagholi",Pune,Unaided,GSTS,State Level,Any,52337,
2022-23,D Pharmacy,CAP Round I,06384,"Genba Education Trust, Genba Sopanrao Moze College of Pharmacy, Wagholi",Pune,Unaided,LSTS,State Level,Ladies,50915,
2022-23,D Pharmacy,CAP Round I,06384,"Genba Education Trust, Genba Sopanrao Moze College of Pharmacy, Wagholi",Pune,Unaided,GVJS,State Level,Any,10105,
2022-23,D Pharmacy,CAP Round I,06384,"Genba Education Trust, Genba Sopanrao Moze College of Pharmacy, Wagholi",Pune,Unaided,LNT1S,State Level,Ladies,27261,
2022-23,D Pharmacy,CAP Round I,06384,"Genba Education Trust, Genba Sopanrao Moze College of Pharmacy, Wagholi",Pune,Unaided,GNT2S,State Level,Any,16019,
2022-23,D Pharmacy,CAP Round I,06384,"Genba Education Trust, Genba Sopanrao Moze College of Pharmacy, Wagholi",Pune,Unaided,GNT3S,State Level,Any,15115,
2022-23,D Pharmacy,CAP Round I,06384,"Genba Education Trust, Genba Sopanrao Moze College of Pharmacy, Wagholi",Pune,Unaided,GOBCS,State Level,Any,28917,
2022-23,D Pharmacy,CAP Round I,06384,"Genba Education Trust, Genba Sopanrao Moze College of Pharmacy, Wagholi",Pune,Unaided,LOBCS,State Level,Ladies,9351,
2022-23,D Pharmacy,CAP Round I,06384,"Genba Education Trust, Genba Sopanrao Moze College of Pharmacy, Wagholi",Pune,Unaided,DEFOPENS,State Level,Any,61820,
2022-23,D Pharmacy,CAP Round I,06384,"Genba Education Trust, Genba Sopanrao Moze College of Pharmacy, Wagholi",Pune,Unaided,EWS,Special,Any,21372,
2022-23,D Pharmacy,CAP Round I,06384,"Genba Education Trust, Genba Sopanrao Moze College of Pharmacy, Wagholi",Pune,Unaided,TFWS,Special,Any,11139,
2022-23,D Pharmacy,CAP Round I,06385,"Poona District Education Association, Shankarrao Ursal College of Pharmaceutical Sciences & Research Centre, Kharadi, Tal: Haveli",Pune,Unaided,GOPENS,State Level,Any,24957,
2022-23,D Pharmacy,CAP Round I,06385,"Poona District Education Association, Shankarrao Ursal College of Pharmaceutical Sciences & Research Centre, Kharadi, Tal: Haveli",Pune,Unaided,LOPENS,State Level,Ladies,21192,
2022-23,D Pharmacy,CAP Round I,06385,"Poona District Education Association, Shankarrao Ursal College of Pharmaceutical Sciences & Research Centre, Kharadi, Tal: Haveli",Pune,Unaided,GSCS,State Level,Any,39032,
2022-23,D Pharmacy,CAP Round I,06385,"Poona District Education Association, Shankarrao Ursal College of Pharmaceutical Sciences & Research Centre, Kharadi, Tal: Haveli",Pune,Unaided,LSCS,State Level,Ladies,37213,
2022-23,D Pharmacy,CAP Round I,06385,"Poona District Education Association, Shankarrao Ursal College of Pharmaceutical Sciences & Research Centre, Kharadi, Tal: Haveli",Pune,Unaided,GSTS,State Level,Any,47770,
2022-23,D Pharmacy,CAP Round I,06385,"Poona District Education Association, Shankarrao Ursal College of Pharmaceutical Sciences & Research Centre, Kharadi, Tal: Haveli",Pune,Unaided,LSTS,State Level,Ladies,22444,
2022-23,D Pharmacy,CAP Round I,06385,"Poona District Education Association, Shankarrao Ursal College of Pharmaceutical Sciences & Research Centre, Kharadi, Tal: Haveli",Pune,Unaided,GVJS,State Level,Any,25966,
2022-23,D Pharmacy,CAP Round I,06385,"Poona District Education Association, Shankarrao Ursal College of Pharmaceutical Sciences & Research Centre, Kharadi, Tal: Haveli",Pune,Unaided,LVJS,State Level,Ladies,29596,
2022-23,D Pharmacy,CAP Round I,06385,"Poona District Education Association, Shankarrao Ursal College of Pharmaceutical Sciences & Research Centre, Kharadi, Tal: Haveli",Pune,Unaided,GNT1S,State Level,Any,32673,
2022-23,D Pharmacy,CAP Round I,06385,"Poona District Education Association, Shankarrao Ursal College of Pharmaceutical Sciences & Research Centre, Kharadi, Tal: Haveli",Pune,Unaided,GNT2S,State Level,Any,25726,
2022-23,D Pharmacy,CAP Round I,06385,"Poona District Education Association, Shankarrao Ursal College of Pharmaceutical Sciences & Research Centre, Kharadi, Tal: Haveli",Pune,Unaided,GNT3S,State Level,Any,25313,
2022-23,D Pharmacy,CAP Round I,06385,"Poona District Education Association, Shankarrao Ursal College of Pharmaceutical Sciences & Research Centre, Kharadi, Tal: Haveli",Pune,Unaided,GOBCS,State Level,Any,50199,
2022-23,D Pharmacy,CAP Round I,06385,"Poona District Education Association, Shankarrao Ursal College of Pharmaceutical Sciences & Research Centre, Kharadi, Tal: Haveli",Pune,Unaided,LOBCS,State Level,Ladies,42943,
2022-23,D Pharmacy,CAP Round I,06385,"Poona District Education Association, Shankarrao Ursal College of Pharmaceutical Sciences & Research Centre, Kharadi, Tal: Haveli",Pune,Unaided,DEFOPENS,State Level,Any,72439,
2022-23,D Pharmacy,CAP Round I,06385,"Poona District Education Association, Shankarrao Ursal College of Pharmaceutical Sciences & Research Centre, Kharadi, Tal: Haveli",Pune,Unaided,EWS,Special,Any,26993,
2022-23,D Pharmacy,CAP Round I,06385,"Poona District Education Association, Shankarrao Ursal College of Pharmaceutical Sciences & Research Centre, Kharadi, Tal: Haveli",Pune,Unaided,TFWS,Special,Any,11920,
2022-23,D Pharmacy,CAP Round I,06388,"Shri Appasaheb Birnale College of Pharmacy, Sangli",Sangli,Unaided,GOPENS,State Level,Any,22752,
2022-23,D Pharmacy,CAP Round I,06388,"Shri Appasaheb Birnale College of Pharmacy, Sangli",Sangli,Unaided,LOPENS,State Level,Ladies,10485,
2022-23,D Pharmacy,CAP Round I,06388,"Shri Appasaheb Birnale College of Pharmacy, Sangli",Sangli,Unaided,GSCS,State Level,Any,33287,
2022-23,D Pharmacy,CAP Round I,06388,"Shri Appasaheb Birnale College of Pharmacy, Sangli",Sangli,Unaided,LSCS,State Level,Ladies,18030,
2022-23,D Pharmacy,CAP Round I,06388,"Shri Appasaheb Birnale College of Pharmacy, Sangli",Sangli,Unaided,GVJS,State Level,Any,29855,
2022-23,D Pharmacy,CAP Round I,06388,"Shri Appasaheb Birnale College of Pharmacy, Sangli",Sangli,Unaided,GNT1S,State Level,Any,27688,
2022-23,D Pharmacy,CAP Round I,06388,"Shri Appasaheb Birnale College of Pharmacy, Sangli",Sangli,Unaided,LNT1S,State Level,Ladies,30693,
2022-23,D Pharmacy,CAP Round I,06388,"Shri Appasaheb Birnale College of Pharmacy, Sangli",Sangli,Unaided,GNT2S,State Level,Any,24202,
2022-23,D Pharmacy,CAP Round I,06388,"Shri Appasaheb Birnale College of Pharmacy, Sangli",Sangli,Unaided,LNT2S,State Level,Ladies,16400,
2022-23,D Pharmacy,CAP Round I,06388,"Shri Appasaheb Birnale College of Pharmacy, Sangli",Sangli,Unaided,GNT3S,State Level,Any,52914,
2022-23,D Pharmacy,CAP Round I,06388,"Shri Appasaheb Birnale College of Pharmacy, Sangli",Sangli,Unaided,GOBCS,State Level,Any,29609,
2022-23,D Pharmacy,CAP Round I,06388,"Shri Appasaheb Birnale College of Pharmacy, Sangli",Sangli,Unaided,LOBCS,State Level,Ladies,29310,
2022-23,D Pharmacy,CAP Round I,06388,"Shri Appasaheb Birnale College of Pharmacy, Sangli",Sangli,Unaided,DEFOPENS,State Level,Any,70178,
2022-23,D Pharmacy,CAP Round I,06388,"Shri Appasaheb Birnale College of Pharmacy, Sangli",Sangli,Unaided,EWS,Special,Any,22388,
2022-23,D Pharmacy,CAP Round I,06388,"Shri Appasaheb Birnale College of Pharmacy, Sangli",Sangli,Unaided,TFWS,Special,Any,8614,
2022-23,D Pharmacy,CAP Round I,06389,"K.E. Socities. Rajarambapu College of Pharmacy, Kasegaon, Sangli",Sangli,Unaided,GOPENS,State Level,Any,32066,
2022-23,D Pharmacy,CAP Round I,06389,"K.E. Socities. Rajarambapu College of Pharmacy, Kasegaon, Sangli",Sangli,Unaided,LOPENS,State Level,Ladies,29391,
2022-23,D Pharmacy,CAP Round I,06389,"K.E. Socities. Rajarambapu College of Pharmacy, Kasegaon, Sangli",Sangli,Unaided,GSCS,State Level,Any,54369,
2022-23,D Pharmacy,CAP Round I,06389,"K.E. Socities. Rajarambapu College of Pharmacy, Kasegaon, Sangli",Sangli,Unaided,LSCS,State Level,Ladies,46297,
2022-23,D Pharmacy,CAP Round I,06389,"K.E. Socities. Rajarambapu College of Pharmacy, Kasegaon, Sangli",Sangli,Unaided,GSTS,State Level,Any,65621,
2022-23,D Pharmacy,CAP Round I,06389,"K.E. Socities. Rajarambapu College of Pharmacy, Kasegaon, Sangli",Sangli,Unaided,LSTS,State Level,Ladies,51951,
2022-23,D Pharmacy,CAP Round I,06389,"K.E. Socities. Rajarambapu College of Pharmacy, Kasegaon, Sangli",Sangli,Unaided,GVJS,State Level,Any,64724,
2022-23,D Pharmacy,CAP Round I,06389,"K.E. Socities. Rajarambapu College of Pharmacy, Kasegaon, Sangli",Sangli,Unaided,GNT1S,State Level,Any,62655,
2022-23,D Pharmacy,CAP Round I,06389,"K.E. Socities. Rajarambapu College of Pharmacy, Kasegaon, Sangli",Sangli,Unaided,GNT2S,State Level,Any,40584,
2022-23,D Pharmacy,CAP Round I,06389,"K.E. Socities. Rajarambapu College of Pharmacy, Kasegaon, Sangli",Sangli,Unaided,LNT2S,State Level,Ladies,36096,
2022-23,D Pharmacy,CAP Round I,06389,"K.E. Socities. Rajarambapu College of Pharmacy, Kasegaon, Sangli",Sangli,Unaided,GNT3S,State Level,Any,83785,
2022-23,D Pharmacy,CAP Round I,06389,"K.E. Socities. Rajarambapu College of Pharmacy, Kasegaon, Sangli",Sangli,Unaided,GOBCS,State Level,Any,50502,
2022-23,D Pharmacy,CAP Round I,06389,"K.E. Socities. Rajarambapu College of Pharmacy, Kasegaon, Sangli",Sangli,Unaided,LOBCS,State Level,Ladies,37830,
2022-23,D Pharmacy,CAP Round I,06389,"K.E. Socities. Rajarambapu College of Pharmacy, Kasegaon, Sangli",Sangli,Unaided,EWS,Special,Any,24107,
2022-23,D Pharmacy,CAP Round I,06389,"K.E. Socities. Rajarambapu College of Pharmacy, Kasegaon, Sangli",Sangli,Unaided,TFWS,Special,Any,11643,
2022-23,D Pharmacy,CAP Round I,06393,"Samarth Education Trust Arvind Gavali college of Pharmacy, Satara",Satara,Unaided,GOPENS,State Level,Any,42769,
2022-23,D Pharmacy,CAP Round I,06393,"Samarth Education Trust Arvind Gavali college of Pharmacy, Satara",Satara,Unaided,LOPENS,State Level,Ladies,19541,
2022-23,D Pharmacy,CAP Round I,06393,"Samarth Education Trust Arvind Gavali college of Pharmacy, Satara",Satara,Unaided,GSCS,State Level,Any,54083,
2022-23,D Pharmacy,CAP Round I,06393,"Samarth Education Trust Arvind Gavali college of Pharmacy, Satara",Satara,Unaided,LSCS,State Level,Ladies,60717,
2022-23,D Pharmacy,CAP Round I,06393,"Samarth Education Trust Arvind Gavali college of Pharmacy, Satara",Satara,Unaided,GSTS,State Level,Any,71783,
2022-23,D Pharmacy,CAP Round I,06393,"Samarth Education Trust Arvind Gavali college of Pharmacy, Satara",Satara,Unaided,GVJS,State Level,Any,51201,
2022-23,D Pharmacy,CAP Round I,06393,"Samarth Education Trust Arvind Gavali college of Pharmacy, Satara",Satara,Unaided,LVJS,State Level,Ladies,81599,
2022-23,D Pharmacy,CAP Round I,06393,"Samarth Education Trust Arvind Gavali college of Pharmacy, Satara",Satara,Unaided,GNT1S,State Level,Any,63037,
2022-23,D Pharmacy,CAP Round I,06393,"Samarth Education Trust Arvind Gavali college of Pharmacy, Satara",Satara,Unaided,GNT2S,State Level,Any,43489,
2022-23,D Pharmacy,CAP Round I,06393,"Samarth Education Trust Arvind Gavali college of Pharmacy, Satara",Satara,Unaided,GNT3S,State Level,Any,60746,
2022-23,D Pharmacy,CAP Round I,06393,"Samarth Education Trust Arvind Gavali college of Pharmacy, Satara",Satara,Unaided,GOBCS,State Level,Any,71675,
2022-23,D Pharmacy,CAP Round I,06393,"Samarth Education Trust Arvind Gavali college of Pharmacy, Satara",Satara,Unaided,LOBCS,State Level,Ladies,62517,
2022-23,D Pharmacy,CAP Round I,06393,"Samarth Education Trust Arvind Gavali college of Pharmacy, Satara",Satara,Unaided,PWDOPENS,State Level,Any,53538,
2022-23,D Pharmacy,CAP Round I,06393,"Samarth Education Trust Arvind Gavali college of Pharmacy, Satara",Satara,Unaided,EWS,Special,Any,48882,
2022-23,D Pharmacy,CAP Round I,06393,"Samarth Education Trust Arvind Gavali college of Pharmacy, Satara",Satara,Unaided,TFWS,Special,Any,33922,
2022-23,D Pharmacy,CAP Round I,06394,"Shree Santkrupa College of Pharmacy, Ghogaon,Satara",Satara,Unaided,GOPENS,State Level,Any,53955,
2022-23,D Pharmacy,CAP Round I,06394,"Shree Santkrupa College of Pharmacy, Ghogaon,Satara",Satara,Unaided,LOPENS,State Level,Ladies,53267,
2022-23,D Pharmacy,CAP Round I,06394,"Shree Santkrupa College of Pharmacy, Ghogaon,Satara",Satara,Unaided,GSCS,State Level,Any,68160,
2022-23,D Pharmacy,CAP Round I,06394,"Shree Santkrupa College of Pharmacy, Ghogaon,Satara",Satara,Unaided,LSCS,State Level,Ladies,63868,
2022-23,D Pharmacy,CAP Round I,06394,"Shree Santkrupa College of Pharmacy, Ghogaon,Satara",Satara,Unaided,GVJS,State Level,Any,73138,
2022-23,D Pharmacy,CAP Round I,06394,"Shree Santkrupa College of Pharmacy, Ghogaon,Satara",Satara,Unaided,GNT1S,State Level,Any,61567,
2022-23,D Pharmacy,CAP Round I,06394,"Shree Santkrupa College of Pharmacy, Ghogaon,Satara",Satara,Unaided,GNT2S,State Level,Any,55948,
2022-23,D Pharmacy,CAP Round I,06394,"Shree Santkrupa College of Pharmacy, Ghogaon,Satara",Satara,Unaided,GNT3S,State Level,Any,63127,
2022-23,D Pharmacy,CAP Round I,06394,"Shree Santkrupa College of Pharmacy, Ghogaon,Satara",Satara,Unaided,GOBCS,State Level,Any,75301,
2022-23,D Pharmacy,CAP Round I,06394,"Shree Santkrupa College of Pharmacy, Ghogaon,Satara",Satara,Unaided,LOBCS,State Level,Ladies,69321,
2022-23,D Pharmacy,CAP Round I,06394,"Shree Santkrupa College of Pharmacy, Ghogaon,Satara",Satara,Unaided,PWDOPENS,State Level,Any,78849,
2022-23,D Pharmacy,CAP Round I,06394,"Shree Santkrupa College of Pharmacy, Ghogaon,Satara",Satara,Unaided,EWS,Special,Any,51417,
2022-23,D Pharmacy,CAP Round I,06394,"Shree Santkrupa College of Pharmacy, Ghogaon,Satara",Satara,Unaided,TFWS,Special,Any,35044,
2022-23,D Pharmacy,CAP Round I,06394,"Shree Santkrupa College of Pharmacy, Ghogaon,Satara",Satara,Unaided,LVJS,State Level,Ladies,73582,
2022-23,D Pharmacy,CAP Round I,06397,"Shri. Vitthal Edu. & Research's College of Pharmacy, Gopalpur, Pandharpur",Solapur,Unaided,GOPENS,State Level,Any,11988,
2022-23,D Pharmacy,CAP Round I,06397,"Shri. Vitthal Edu. & Research's College of Pharmacy, Gopalpur, Pandharpur",Solapur,Unaided,LOPENS,State Level,Ladies,5342,
2022-23,D Pharmacy,CAP Round I,06397,"Shri. Vitthal Edu. & Research's College of Pharmacy, Gopalpur, Pandharpur",Solapur,Unaided,GSCS,State Level,Any,25048,
2022-23,D Pharmacy,CAP Round I,06397,"Shri. Vitthal Edu. & Research's College of Pharmacy, Gopalpur, Pandharpur",Solapur,Unaided,LSCS,State Level,Ladies,17899,
2022-23,D Pharmacy,CAP Round I,06397,"Shri. Vitthal Edu. & Research's College of Pharmacy, Gopalpur, Pandharpur",Solapur,Unaided,GSTS,State Level,Any,21834,
2022-23,D Pharmacy,CAP Round I,06397,"Shri. Vitthal Edu. & Research's College of Pharmacy, Gopalpur, Pandharpur",Solapur,Unaided,LSTS,State Level,Ladies,19475,
2022-23,D Pharmacy,CAP Round I,06397,"Shri. Vitthal Edu. & Research's College of Pharmacy, Gopalpur, Pandharpur",Solapur,Unaided,GVJS,State Level,Any,15894,
2022-23,D Pharmacy,CAP Round I,06397,"Shri. Vitthal Edu. & Research's College of Pharmacy, Gopalpur, Pandharpur",Solapur,Unaided,LNT1S,State Level,Ladies,25664,
2022-23,D Pharmacy,CAP Round I,06397,"Shri. Vitthal Edu. & Research's College of Pharmacy, Gopalpur, Pandharpur",Solapur,Unaided,GNT2S,State Level,Any,13087,
2022-23,D Pharmacy,CAP Round I,06397,"Shri. Vitthal Edu. & Research's College of Pharmacy, Gopalpur, Pandharpur",Solapur,Unaided,LNT2S,State Level,Ladies,10080,
2022-23,D Pharmacy,CAP Round I,06397,"Shri. Vitthal Edu. & Research's College of Pharmacy, Gopalpur, Pandharpur",Solapur,Unaided,GNT3S,State Level,Any,27877,
2022-23,D Pharmacy,CAP Round I,06397,"Shri. Vitthal Edu. & Research's College of Pharmacy, Gopalpur, Pandharpur",Solapur,Unaided,GOBCS,State Level,Any,18394,
2022-23,D Pharmacy,CAP Round I,06397,"Shri. Vitthal Edu. & Research's College of Pharmacy, Gopalpur, Pandharpur",Solapur,Unaided,LOBCS,State Level,Ladies,9436,
2022-23,D Pharmacy,CAP Round I,06397,"Shri. Vitthal Edu. & Research's College of Pharmacy, Gopalpur, Pandharpur",Solapur,Unaided,PWDOPENS,State Level,Any,77455,
2022-23,D Pharmacy,CAP Round I,06397,"Shri. Vitthal Edu. & Research's College of Pharmacy, Gopalpur, Pandharpur",Solapur,Unaided,DEFOPENS,State Level,Any,65267,
2022-23,D Pharmacy,CAP Round I,06397,"Shri. Vitthal Edu. & Research's College of Pharmacy, Gopalpur, Pandharpur",Solapur,Unaided,EWS,Special,Any,4715,
2022-23,D Pharmacy,CAP Round I,06397,"Shri. Vitthal Edu. & Research's College of Pharmacy, Gopalpur, Pandharpur",Solapur,Unaided,TFWS,Special,Any,4192,
2022-23,D Pharmacy,CAP Round I,06398,"Shikshan & Krishi Vikas Pratishtan's Sahyadri College of Pharmacy, Methavade, Ta.:Sangola, Dist.: Solapur",Solapur,Unaided,GOPENS,State Level,Any,19305,
2022-23,D Pharmacy,CAP Round I,06398,"Shikshan & Krishi Vikas Pratishtan's Sahyadri College of Pharmacy, Methavade, Ta.:Sangola, Dist.: Solapur",Solapur,Unaided,LOPENS,State Level,Ladies,15228,
2022-23,D Pharmacy,CAP Round I,06398,"Shikshan & Krishi Vikas Pratishtan's Sahyadri College of Pharmacy, Methavade, Ta.:Sangola, Dist.: Solapur",Solapur,Unaided,GSCS,State Level,Any,21928,
2022-23,D Pharmacy,CAP Round I,06398,"Shikshan & Krishi Vikas Pratishtan's Sahyadri College of Pharmacy, Methavade, Ta.:Sangola, Dist.: Solapur",Solapur,Unaided,LSCS,State Level,Ladies,17423,
2022-23,D Pharmacy,CAP Round I,06398,"Shikshan & Krishi Vikas Pratishtan's Sahyadri College of Pharmacy, Methavade, Ta.:Sangola, Dist.: Solapur",Solapur,Unaided,GVJS,State Level,Any,22666,
2022-23,D Pharmacy,CAP Round I,06398,"Shikshan & Krishi Vikas Pratishtan's Sahyadri College of Pharmacy, Methavade, Ta.:Sangola, Dist.: Solapur",Solapur,Unaided,GNT1S,State Level,Any,40896,
2022-23,D Pharmacy,CAP Round I,06398,"Shikshan & Krishi Vikas Pratishtan's Sahyadri College of Pharmacy, Methavade, Ta.:Sangola, Dist.: Solapur",Solapur,Unaided,LNT1S,State Level,Ladies,36974,
2022-23,D Pharmacy,CAP Round I,06398,"Shikshan & Krishi Vikas Pratishtan's Sahyadri College of Pharmacy, Methavade, Ta.:Sangola, Dist.: Solapur",Solapur,Unaided,GNT2S,State Level,Any,21670,
2022-23,D Pharmacy,CAP Round I,06398,"Shikshan & Krishi Vikas Pratishtan's Sahyadri College of Pharmacy, Methavade, Ta.:Sangola, Dist.: Solapur",Solapur,Unaided,GNT3S,State Level,Any,50283,
2022-23,D Pharmacy,CAP Round I,06398,"Shikshan & Krishi Vikas Pratishtan's Sahyadri College of Pharmacy, Methavade, Ta.:Sangola, Dist.: Solapur",Solapur,Unaided,GOBCS,State Level,Any,34671,
2022-23,D Pharmacy,CAP Round I,06398,"Shikshan & Krishi Vikas Pratishtan's Sahyadri College of Pharmacy, Methavade, Ta.:Sangola, Dist.: Solapur",Solapur,Unaided,LOBCS,State Level,Ladies,22542,
2022-23,D Pharmacy,CAP Round I,06398,"Shikshan & Krishi Vikas Pratishtan's Sahyadri College of Pharmacy, Methavade, Ta.:Sangola, Dist.: Solapur",Solapur,Unaided,EWS,Special,Any,19199,
2022-23,D Pharmacy,CAP Round I,06398,"Shikshan & Krishi Vikas Pratishtan's Sahyadri College of Pharmacy, Methavade, Ta.:Sangola, Dist.: Solapur",Solapur,Unaided,TFWS,Special,Any,12978,
2022-23,D Pharmacy,CAP Round I,06401,"Shikshan Prasarak Mandal's College of Pharmacy, Akluj",Solapur,Unaided,GOPENS,State Level,Any,21360,
2022-23,D Pharmacy,CAP Round I,06401,"Shikshan Prasarak Mandal's College of Pharmacy, Akluj",Solapur,Unaided,LOPENS,State Level,Ladies,13160,
2022-23,D Pharmacy,CAP Round I,06401,"Shikshan Prasarak Mandal's College of Pharmacy, Akluj",Solapur,Unaided,GSCS,State Level,Any,32686,
2022-23,D Pharmacy,CAP Round I,06401,"Shikshan Prasarak Mandal's College of Pharmacy, Akluj",Solapur,Unaided,LSCS,State Level,Ladies,25064,
2022-23,D Pharmacy,CAP Round I,06401,"Shikshan Prasarak Mandal's College of Pharmacy, Akluj",Solapur,Unaided,GVJS,State Level,Any,30963,
2022-23,D Pharmacy,CAP Round I,06401,"Shikshan Prasarak Mandal's College of Pharmacy, Akluj",Solapur,Unaided,LVJS,State Level,Ladies,49285,
2022-23,D Pharmacy,CAP Round I,06401,"Shikshan Prasarak Mandal's College of Pharmacy, Akluj",Solapur,Unaided,GNT1S,State Level,Any,44698,
2022-23,D Pharmacy,CAP Round I,06401,"Shikshan Prasarak Mandal's College of Pharmacy, Akluj",Solapur,Unaided,GNT2S,State Level,Any,22021,
2022-23,D Pharmacy,CAP Round I,06401,"Shikshan Prasarak Mandal's College of Pharmacy, Akluj",Solapur,Unaided,LNT2S,State Level,Ladies,18244,
2022-23,D Pharmacy,CAP Round I,06401,"Shikshan Prasarak Mandal's College of Pharmacy, Akluj",Solapur,Unaided,GNT3S,State Level,Any,39626,
2022-23,D Pharmacy,CAP Round I,06401,"Shikshan Prasarak Mandal's College of Pharmacy, Akluj",Solapur,Unaided,GOBCS,State Level,Any,35224,
2022-23,D Pharmacy,CAP Round I,06401,"Shikshan Prasarak Mandal's College of Pharmacy, Akluj",Solapur,Unaided,LOBCS,State Level,Ladies,27956,
2022-23,D Pharmacy,CAP Round I,06401,"Shikshan Prasarak Mandal's College of Pharmacy, Akluj",Solapur,Unaided,EWS,Special,Any,15457,
2022-23,D Pharmacy,CAP Round I,06401,"Shikshan Prasarak Mandal's College of Pharmacy, Akluj",Solapur,Unaided,TFWS,Special,Any,6823,
2022-23,D Pharmacy,CAP Round I,06478,"Bharti Vidyapeeths Institute of Pharmacy (Un Aided Wing), Pune",Pune,Unaided,GOPENS,State Level,Any,14442,
2022-23,D Pharmacy,CAP Round I,06478,"Bharti Vidyapeeths Institute of Pharmacy (Un Aided Wing), Pune",Pune,Unaided,LOPENS,State Level,Ladies,11705,
2022-23,D Pharmacy,CAP Round I,06478,"Bharti Vidyapeeths Institute of Pharmacy (Un Aided Wing), Pune",Pune,Unaided,GSCS,State Level,Any,23909,
2022-23,D Pharmacy,CAP Round I,06478,"Bharti Vidyapeeths Institute of Pharmacy (Un Aided Wing), Pune",Pune,Unaided,LSCS,State Level,Ladies,22466,
2022-23,D Pharmacy,CAP Round I,06478,"Bharti Vidyapeeths Institute of Pharmacy (Un Aided Wing), Pune",Pune,Unaided,GSTS,State Level,Any,41800,
2022-23,D Pharmacy,CAP Round I,06478,"Bharti Vidyapeeths Institute of Pharmacy (Un Aided Wing), Pune",Pune,Unaided,LSTS,State Level,Ladies,42420,
2022-23,D Pharmacy,CAP Round I,06478,"Bharti Vidyapeeths Institute of Pharmacy (Un Aided Wing), Pune",Pune,Unaided,GVJS,State Level,Any,36170,
2022-23,D Pharmacy,CAP Round I,06478,"Bharti Vidyapeeths Institute of Pharmacy (Un Aided Wing), Pune",Pune,Unaided,LVJS,State Level,Ladies,39818,
2022-23,D Pharmacy,CAP Round I,06478,"Bharti Vidyapeeths Institute of Pharmacy (Un Aided Wing), Pune",Pune,Unaided,GNT1S,State Level,Any,33647,
2022-23,D Pharmacy,CAP Round I,06478,"Bharti Vidyapeeths Institute of Pharmacy (Un Aided Wing), Pune",Pune,Unaided,GNT2S,State Level,Any,14739,
2022-23,D Pharmacy,CAP Round I,06478,"Bharti Vidyapeeths Institute of Pharmacy (Un Aided Wing), Pune",Pune,Unaided,LNT3S,State Level,Ladies,27181,
2022-23,D Pharmacy,CAP Round I,06478,"Bharti Vidyapeeths Institute of Pharmacy (Un Aided Wing), Pune",Pune,Unaided,GOBCS,State Level,Any,23885,
2022-23,D Pharmacy,CAP Round I,06478,"Bharti Vidyapeeths Institute of Pharmacy (Un Aided Wing), Pune",Pune,Unaided,LOBCS,State Level,Ladies,18842,
2022-23,D Pharmacy,CAP Round I,06478,"Bharti Vidyapeeths Institute of Pharmacy (Un Aided Wing), Pune",Pune,Unaided,PWDOPENS,State Level,Any,51673,
2022-23,D Pharmacy,CAP Round I,06478,"Bharti Vidyapeeths Institute of Pharmacy (Un Aided Wing), Pune",Pune,Unaided,DEFOPENS,State Level,Any,58249,
2022-23,D Pharmacy,CAP Round I,06478,"Bharti Vidyapeeths Institute of Pharmacy (Un Aided Wing), Pune",Pune,Unaided,DEFRSCS,State Level,Any,66121,
2022-23,D Pharmacy,CAP Round I,06478,"Bharti Vidyapeeths Institute of Pharmacy (Un Aided Wing), Pune",Pune,Unaided,EWS,Special,Any,9684,
2022-23,D Pharmacy,CAP Round I,06478,"Bharti Vidyapeeths Institute of Pharmacy (Un Aided Wing), Pune",Pune,Unaided,TFWS,Special,Any,4123,
2022-23,D Pharmacy,CAP Round I,06479,"Satara Education Society's Late Suman Dhekane Department Of Pharmacy, Satara",Satara,Unaided,GOPENS,State Level,Any,56762,
2022-23,D Pharmacy,CAP Round I,06479,"Satara Education Society's Late Suman Dhekane Department Of Pharmacy, Satara",Satara,Unaided,LOPENS,State Level,Ladies,56288,
2022-23,D Pharmacy,CAP Round I,06479,"Satara Education Society's Late Suman Dhekane Department Of Pharmacy, Satara",Satara,Unaided,GSCS,State Level,Any,70513,
2022-23,D Pharmacy,CAP Round I,06479,"Satara Education Society's Late Suman Dhekane Department Of Pharmacy, Satara",Satara,Unaided,LSCS,State Level,Ladies,69165,
2022-23,D Pharmacy,CAP Round I,06479,"Satara Education Society's Late Suman Dhekane Department Of Pharmacy, Satara",Satara,Unaided,GSTS,State Level,Any,57673,
2022-23,D Pharmacy,CAP Round I,06479,"Satara Education Society's Late Suman Dhekane Department Of Pharmacy, Satara",Satara,Unaided,LSTS,State Level,Ladies,69964,
2022-23,D Pharmacy,CAP Round I,06479,"Satara Education Society's Late Suman Dhekane Department Of Pharmacy, Satara",Satara,Unaided,GVJS,State Level,Any,77330,
2022-23,D Pharmacy,CAP Round I,06479,"Satara Education Society's Late Suman Dhekane Department Of Pharmacy, Satara",Satara,Unaided,GNT1S,State Level,Any,74922,
2022-23,D Pharmacy,CAP Round I,06479,"Satara Education Society's Late Suman Dhekane Department Of Pharmacy, Satara",Satara,Unaided,GNT2S,State Level,Any,58336,
2022-23,D Pharmacy,CAP Round I,06479,"Satara Education Society's Late Suman Dhekane Department Of Pharmacy, Satara",Satara,Unaided,LNT2S,State Level,Ladies,57236,
2022-23,D Pharmacy,CAP Round I,06479,"Satara Education Society's Late Suman Dhekane Department Of Pharmacy, Satara",Satara,Unaided,GNT3S,State Level,Any,61352,
2022-23,D Pharmacy,CAP Round I,06479,"Satara Education Society's Late Suman Dhekane Department Of Pharmacy, Satara",Satara,Unaided,GOBCS,State Level,Any,74032,
2022-23,D Pharmacy,CAP Round I,06479,"Satara Education Society's Late Suman Dhekane Department Of Pharmacy, Satara",Satara,Unaided,LOBCS,State Level,Ladies,74498,
2022-23,D Pharmacy,CAP Round I,06479,"Satara Education Society's Late Suman Dhekane Department Of Pharmacy, Satara",Satara,Unaided,EWS,Special,Any,56689,
2022-23,D Pharmacy,CAP Round I,06479,"Satara Education Society's Late Suman Dhekane Department Of Pharmacy, Satara",Satara,Unaided,TFWS,Special,Any,30856,
2022-23,D Pharmacy,CAP Round I,06480,"Poona District Education Association Seth Govind Raghunath Sable College of Pharmacy(Poly),Saswad, Pune",Pune,Unaided,GOPENS,State Level,Any,26713,
2022-23,D Pharmacy,CAP Round I,06480,"Poona District Education Association Seth Govind Raghunath Sable College of Pharmacy(Poly),Saswad, Pune",Pune,Unaided,LOPENS,State Level,Ladies,22009,
2022-23,D Pharmacy,CAP Round I,06480,"Poona District Education Association Seth Govind Raghunath Sable College of Pharmacy(Poly),Saswad, Pune",Pune,Unaided,GSCS,State Level,Any,41695,
2022-23,D Pharmacy,CAP Round I,06480,"Poona District Education Association Seth Govind Raghunath Sable College of Pharmacy(Poly),Saswad, Pune",Pune,Unaided,LSCS,State Level,Ladies,41029,
2022-23,D Pharmacy,CAP Round I,06480,"Poona District Education Association Seth Govind Raghunath Sable College of Pharmacy(Poly),Saswad, Pune",Pune,Unaided,GSTS,State Level,Any,51281,
2022-23,D Pharmacy,CAP Round I,06480,"Poona District Education Association Seth Govind Raghunath Sable College of Pharmacy(Poly),Saswad, Pune",Pune,Unaided,GVJS,State Level,Any,27169,
2022-23,D Pharmacy,CAP Round I,06480,"Poona District Education Association Seth Govind Raghunath Sable College of Pharmacy(Poly),Saswad, Pune",Pune,Unaided,GNT1S,State Level,Any,30350,
2022-23,D Pharmacy,CAP Round I,06480,"Poona District Education Association Seth Govind Raghunath Sable College of Pharmacy(Poly),Saswad, Pune",Pune,Unaided,LNT1S,State Level,Ladies,39523,
2022-23,D Pharmacy,CAP Round I,06480,"Poona District Education Association Seth Govind Raghunath Sable College of Pharmacy(Poly),Saswad, Pune",Pune,Unaided,GNT2S,State Level,Any,29619,
2022-23,D Pharmacy,CAP Round I,06480,"Poona District Education Association Seth Govind Raghunath Sable College of Pharmacy(Poly),Saswad, Pune",Pune,Unaided,LNT2S,State Level,Ladies,25290,
2022-23,D Pharmacy,CAP Round I,06480,"Poona District Education Association Seth Govind Raghunath Sable College of Pharmacy(Poly),Saswad, Pune",Pune,Unaided,GNT3S,State Level,Any,29123,
2022-23,D Pharmacy,CAP Round I,06480,"Poona District Education Association Seth Govind Raghunath Sable College of Pharmacy(Poly),Saswad, Pune",Pune,Unaided,GOBCS,State Level,Any,40338,
2022-23,D Pharmacy,CAP Round I,06480,"Poona District Education Association Seth Govind Raghunath Sable College of Pharmacy(Poly),Saswad, Pune",Pune,Unaided,LOBCS,State Level,Ladies,34677,
2022-23,D Pharmacy,CAP Round I,06480,"Poona District Education Association Seth Govind Raghunath Sable College of Pharmacy(Poly),Saswad, Pune",Pune,Unaided,EWS,Special,Any,24142,
2022-23,D Pharmacy,CAP Round I,06480,"Poona District Education Association Seth Govind Raghunath Sable College of Pharmacy(Poly),Saswad, Pune",Pune,Unaided,TFWS,Special,Any,10930,
2022-23,D Pharmacy,CAP Round I,06480,"Poona District Education Association Seth Govind Raghunath Sable College of Pharmacy(Poly),Saswad, Pune",Pune,Unaided,LSTS,State Level,Ladies,52777,
2022-23,D Pharmacy,CAP Round I,06481,"Shahu Chatrapati Shikshan Sanstha's Rajarshi Shahu Chhatrapati Institute Of Pharmacy, Kolhapur",Kolhapur,Unaided,GOPENS,State Level,Any,36146,
2022-23,D Pharmacy,CAP Round I,06481,"Shahu Chatrapati Shikshan Sanstha's Rajarshi Shahu Chhatrapati Institute Of Pharmacy, Kolhapur",Kolhapur,Unaided,LOPENS,State Level,Ladies,19645,
2022-23,D Pharmacy,CAP Round I,06481,"Shahu Chatrapati Shikshan Sanstha's Rajarshi Shahu Chhatrapati Institute Of Pharmacy, Kolhapur",Kolhapur,Unaided,GSCS,State Level,Any,48363,
2022-23,D Pharmacy,CAP Round I,06481,"Shahu Chatrapati Shikshan Sanstha's Rajarshi Shahu Chhatrapati Institute Of Pharmacy, Kolhapur",Kolhapur,Unaided,LSCS,State Level,Ladies,39812,
2022-23,D Pharmacy,CAP Round I,06481,"Shahu Chatrapati Shikshan Sanstha's Rajarshi Shahu Chhatrapati Institute Of Pharmacy, Kolhapur",Kolhapur,Unaided,GSTS,State Level,Any,83582,
2022-23,D Pharmacy,CAP Round I,06481,"Shahu Chatrapati Shikshan Sanstha's Rajarshi Shahu Chhatrapati Institute Of Pharmacy, Kolhapur",Kolhapur,Unaided,LSTS,State Level,Ladies,83302,
2022-23,D Pharmacy,CAP Round I,06481,"Shahu Chatrapati Shikshan Sanstha's Rajarshi Shahu Chhatrapati Institute Of Pharmacy, Kolhapur",Kolhapur,Unaided,GVJS,State Level,Any,44055,
2022-23,D Pharmacy,CAP Round I,06481,"Shahu Chatrapati Shikshan Sanstha's Rajarshi Shahu Chhatrapati Institute Of Pharmacy, Kolhapur",Kolhapur,Unaided,GNT1S,State Level,Any,48284,
2022-23,D Pharmacy,CAP Round I,06481,"Shahu Chatrapati Shikshan Sanstha's Rajarshi Shahu Chhatrapati Institute Of Pharmacy, Kolhapur",Kolhapur,Unaided,GNT2S,State Level,Any,37715,
2022-23,D Pharmacy,CAP Round I,06481,"Shahu Chatrapati Shikshan Sanstha's Rajarshi Shahu Chhatrapati Institute Of Pharmacy, Kolhapur",Kolhapur,Unaided,GOBCS,State Level,Any,48051,
2022-23,D Pharmacy,CAP Round I,06481,"Shahu Chatrapati Shikshan Sanstha's Rajarshi Shahu Chhatrapati Institute Of Pharmacy, Kolhapur",Kolhapur,Unaided,LOBCS,State Level,Ladies,35627,
2022-23,D Pharmacy,CAP Round I,06481,"Shahu Chatrapati Shikshan Sanstha's Rajarshi Shahu Chhatrapati Institute Of Pharmacy, Kolhapur",Kolhapur,Unaided,DEFOPENS,State Level,Any,78851,
2022-23,D Pharmacy,CAP Round I,06481,"Shahu Chatrapati Shikshan Sanstha's Rajarshi Shahu Chhatrapati Institute Of Pharmacy, Kolhapur",Kolhapur,Unaided,EWS,Special,Any,32558,
2022-23,D Pharmacy,CAP Round I,06481,"Shahu Chatrapati Shikshan Sanstha's Rajarshi Shahu Chhatrapati Institute Of Pharmacy, Kolhapur",Kolhapur,Unaided,TFWS,Special,Any,20636,
2022-23,D Pharmacy,CAP Round I,06481,"Shahu Chatrapati Shikshan Sanstha's Rajarshi Shahu Chhatrapati Institute Of Pharmacy, Kolhapur",Kolhapur,Unaided,LNT3S,State Level,Ladies,46833,
2022-23,D Pharmacy,CAP Round I,06482,"Shri. Balasaheb Mane Shikshan Prasarak Mandal Ambap's, Ashokrao Mane Institute of Diploma in Pharmacy, Vadgaon",Pune,Unaided,GOPENS,State Level,Any,40590,
2022-23,D Pharmacy,CAP Round I,06482,"Shri. Balasaheb Mane Shikshan Prasarak Mandal Ambap's, Ashokrao Mane Institute of Diploma in Pharmacy, Vadgaon",Pune,Unaided,LOPENS,State Level,Ladies,39788,
2022-23,D Pharmacy,CAP Round I,06482,"Shri. Balasaheb Mane Shikshan Prasarak Mandal Ambap's, Ashokrao Mane Institute of Diploma in Pharmacy, Vadgaon",Pune,Unaided,GSCS,State Level,Any,53893,
2022-23,D Pharmacy,CAP Round I,06482,"Shri. Balasaheb Mane Shikshan Prasarak Mandal Ambap's, Ashokrao Mane Institute of Diploma in Pharmacy, Vadgaon",Pune,Unaided,LSCS,State Level,Ladies,51061,
2022-23,D Pharmacy,CAP Round I,06482,"Shri. Balasaheb Mane Shikshan Prasarak Mandal Ambap's, Ashokrao Mane Institute of Diploma in Pharmacy, Vadgaon",Pune,Unaided,GVJS,State Level,Any,62147,
2022-23,D Pharmacy,CAP Round I,06482,"Shri. Balasaheb Mane Shikshan Prasarak Mandal Ambap's, Ashokrao Mane Institute of Diploma in Pharmacy, Vadgaon",Pune,Unaided,LVJS,State Level,Ladies,57046,
2022-23,D Pharmacy,CAP Round I,06482,"Shri. Balasaheb Mane Shikshan Prasarak Mandal Ambap's, Ashokrao Mane Institute of Diploma in Pharmacy, Vadgaon",Pune,Unaided,GNT1S,State Level,Any,44589,
2022-23,D Pharmacy,CAP Round I,06482,"Shri. Balasaheb Mane Shikshan Prasarak Mandal Ambap's, Ashokrao Mane Institute of Diploma in Pharmacy, Vadgaon",Pune,Unaided,GNT2S,State Level,Any,43811,
2022-23,D Pharmacy,CAP Round I,06482,"Shri. Balasaheb Mane Shikshan Prasarak Mandal Ambap's, Ashokrao Mane Institute of Diploma in Pharmacy, Vadgaon",Pune,Unaided,GNT3S,State Level,Any,48411,
2022-23,D Pharmacy,CAP Round I,06482,"Shri. Balasaheb Mane Shikshan Prasarak Mandal Ambap's, Ashokrao Mane Institute of Diploma in Pharmacy, Vadgaon",Pune,Unaided,GOBCS,State Level,Any,58785,
2022-23,D Pharmacy,CAP Round I,06482,"Shri. Balasaheb Mane Shikshan Prasarak Mandal Ambap's, Ashokrao Mane Institute of Diploma in Pharmacy, Vadgaon",Pune,Unaided,LOBCS,State Level,Ladies,53639,
2022-23,D Pharmacy,CAP Round I,06482,"Shri. Balasaheb Mane Shikshan Prasarak Mandal Ambap's, Ashokrao Mane Institute of Diploma in Pharmacy, Vadgaon",Pune,Unaided,PWDOPENS,State Level,Any,18214,
2022-23,D Pharmacy,CAP Round I,06482,"Shri. Balasaheb Mane Shikshan Prasarak Mandal Ambap's, Ashokrao Mane Institute of Diploma in Pharmacy, Vadgaon",Pune,Unaided,DEFOPENS,State Level,Any,55757,
2022-23,D Pharmacy,CAP Round I,06482,"Shri. Balasaheb Mane Shikshan Prasarak Mandal Ambap's, Ashokrao Mane Institute of Diploma in Pharmacy, Vadgaon",Pune,Unaided,EWS,Special,Any,39018,
2022-23,D Pharmacy,CAP Round I,06482,"Shri. Balasaheb Mane Shikshan Prasarak Mandal Ambap's, Ashokrao Mane Institute of Diploma in Pharmacy, Vadgaon",Pune,Unaided,TFWS,Special,Any,12986,
2022-23,D Pharmacy,CAP Round I,06483,Dr. J. J. Magdum Charitable Trust's Dr. J.J. Magdum Pharmacy College,College,Unaided,GOPENS,State Level,Any,40867,
2022-23,D Pharmacy,CAP Round I,06483,Dr. J. J. Magdum Charitable Trust's Dr. J.J. Magdum Pharmacy College,College,Unaided,LOPENS,State Level,Ladies,32396,
2022-23,D Pharmacy,CAP Round I,06483,Dr. J. J. Magdum Charitable Trust's Dr. J.J. Magdum Pharmacy College,College,Unaided,GSCS,State Level,Any,57349,
2022-23,D Pharmacy,CAP Round I,06483,Dr. J. J. Magdum Charitable Trust's Dr. J.J. Magdum Pharmacy College,College,Unaided,LSCS,State Level,Ladies,55874,
2022-23,D Pharmacy,CAP Round I,06483,Dr. J. J. Magdum Charitable Trust's Dr. J.J. Magdum Pharmacy College,College,Unaided,GVJS,State Level,Any,62922,
2022-23,D Pharmacy,CAP Round I,06483,Dr. J. J. Magdum Charitable Trust's Dr. J.J. Magdum Pharmacy College,College,Unaided,LVJS,State Level,Ladies,50231,
2022-23,D Pharmacy,CAP Round I,06483,Dr. J. J. Magdum Charitable Trust's Dr. J.J. Magdum Pharmacy College,College,Unaided,LNT1S,State Level,Ladies,60916,
2022-23,D Pharmacy,CAP Round I,06483,Dr. J. J. Magdum Charitable Trust's Dr. J.J. Magdum Pharmacy College,College,Unaided,GNT2S,State Level,Any,42052,
2022-23,D Pharmacy,CAP Round I,06483,Dr. J. J. Magdum Charitable Trust's Dr. J.J. Magdum Pharmacy College,College,Unaided,GNT3S,State Level,Any,48629,
2022-23,D Pharmacy,CAP Round I,06483,Dr. J. J. Magdum Charitable Trust's Dr. J.J. Magdum Pharmacy College,College,Unaided,GOBCS,State Level,Any,59515,
2022-23,D Pharmacy,CAP Round I,06483,Dr. J. J. Magdum Charitable Trust's Dr. J.J. Magdum Pharmacy College,College,Unaided,LOBCS,State Level,Ladies,54768,
2022-23,D Pharmacy,CAP Round I,06483,Dr. J. J. Magdum Charitable Trust's Dr. J.J. Magdum Pharmacy College,College,Unaided,PWDOPENS,State Level,Any,59654,
2022-23,D Pharmacy,CAP Round I,06483,Dr. J. J. Magdum Charitable Trust's Dr. J.J. Magdum Pharmacy College,College,Unaided,EWS,Special,Any,43664,
2022-23,D Pharmacy,CAP Round I,06483,Dr. J. J. Magdum Charitable Trust's Dr. J.J. Magdum Pharmacy College,College,Unaided,TFWS,Special,Any,21810,
2022-23,D Pharmacy,CAP Round I,06485,"Vishal Junnar Seva Mandal's Institute of Pharmacy,Ale, Pune",Pune,Unaided,GOPENS,State Level,Any,41339,
2022-23,D Pharmacy,CAP Round I,06485,"Vishal Junnar Seva Mandal's Institute of Pharmacy,Ale, Pune",Pune,Unaided,LOPENS,State Level,Ladies,39294,
2022-23,D Pharmacy,CAP Round I,06485,"Vishal Junnar Seva Mandal's Institute of Pharmacy,Ale, Pune",Pune,Unaided,GSCS,State Level,Any,55640,
2022-23,D Pharmacy,CAP Round I,06485,"Vishal Junnar Seva Mandal's Institute of Pharmacy,Ale, Pune",Pune,Unaided,LSCS,State Level,Ladies,54267,
2022-23,D Pharmacy,CAP Round I,06485,"Vishal Junnar Seva Mandal's Institute of Pharmacy,Ale, Pune",Pune,Unaided,GSTS,State Level,Any,82554,
2022-23,D Pharmacy,CAP Round I,06485,"Vishal Junnar Seva Mandal's Institute of Pharmacy,Ale, Pune",Pune,Unaided,LSTS,State Level,Ladies,66871,
2022-23,D Pharmacy,CAP Round I,06485,"Vishal Junnar Seva Mandal's Institute of Pharmacy,Ale, Pune",Pune,Unaided,GVJS,State Level,Any,45212,
2022-23,D Pharmacy,CAP Round I,06485,"Vishal Junnar Seva Mandal's Institute of Pharmacy,Ale, Pune",Pune,Unaided,GNT1S,State Level,Any,55191,
2022-23,D Pharmacy,CAP Round I,06485,"Vishal Junnar Seva Mandal's Institute of Pharmacy,Ale, Pune",Pune,Unaided,GNT2S,State Level,Any,44691,
2022-23,D Pharmacy,CAP Round I,06485,"Vishal Junnar Seva Mandal's Institute of Pharmacy,Ale, Pune",Pune,Unaided,LNT2S,State Level,Ladies,46265,
2022-23,D Pharmacy,CAP Round I,06485,"Vishal Junnar Seva Mandal's Institute of Pharmacy,Ale, Pune",Pune,Unaided,LNT3S,State Level,Ladies,61411,
2022-23,D Pharmacy,CAP Round I,06485,"Vishal Junnar Seva Mandal's Institute of Pharmacy,Ale, Pune",Pune,Unaided,GOBCS,State Level,Any,54877,
2022-23,D Pharmacy,CAP Round I,06485,"Vishal Junnar Seva Mandal's Institute of Pharmacy,Ale, Pune",Pune,Unaided,LOBCS,State Level,Ladies,52816,
2022-23,D Pharmacy,CAP Round I,06485,"Vishal Junnar Seva Mandal's Institute of Pharmacy,Ale, Pune",Pune,Unaided,EWS,Special,Any,37506,
2022-23,D Pharmacy,CAP Round I,06485,"Vishal Junnar Seva Mandal's Institute of Pharmacy,Ale, Pune",Pune,Unaided,TFWS,Special,Any,15476,
2022-23,D Pharmacy,CAP Round I,06487,"Jayawant Shikshan Prasarak Mandal's Jayawant Institute Of Pharmacy, Pune",Pune,Unaided,GOPENS,State Level,Any,21090,
2022-23,D Pharmacy,CAP Round I,06487,"Jayawant Shikshan Prasarak Mandal's Jayawant Institute Of Pharmacy, Pune",Pune,Unaided,LOPENS,State Level,Ladies,15062,
2022-23,D Pharmacy,CAP Round I,06487,"Jayawant Shikshan Prasarak Mandal's Jayawant Institute Of Pharmacy, Pune",Pune,Unaided,GSCS,State Level,Any,31165,
2022-23,D Pharmacy,CAP Round I,06487,"Jayawant Shikshan Prasarak Mandal's Jayawant Institute Of Pharmacy, Pune",Pune,Unaided,LSCS,State Level,Ladies,32082,
2022-23,D Pharmacy,CAP Round I,06487,"Jayawant Shikshan Prasarak Mandal's Jayawant Institute Of Pharmacy, Pune",Pune,Unaided,GSTS,State Level,Any,27635,
2022-23,D Pharmacy,CAP Round I,06487,"Jayawant Shikshan Prasarak Mandal's Jayawant Institute Of Pharmacy, Pune",Pune,Unaided,LSTS,State Level,Ladies,38829,
2022-23,D Pharmacy,CAP Round I,06487,"Jayawant Shikshan Prasarak Mandal's Jayawant Institute Of Pharmacy, Pune",Pune,Unaided,GVJS,State Level,Any,25114,
2022-23,D Pharmacy,CAP Round I,06487,"Jayawant Shikshan Prasarak Mandal's Jayawant Institute Of Pharmacy, Pune",Pune,Unaided,GNT1S,State Level,Any,46288,
2022-23,D Pharmacy,CAP Round I,06487,"Jayawant Shikshan Prasarak Mandal's Jayawant Institute Of Pharmacy, Pune",Pune,Unaided,LNT1S,State Level,Ladies,23348,
2022-23,D Pharmacy,CAP Round I,06487,"Jayawant Shikshan Prasarak Mandal's Jayawant Institute Of Pharmacy, Pune",Pune,Unaided,GNT2S,State Level,Any,23396,
2022-23,D Pharmacy,CAP Round I,06487,"Jayawant Shikshan Prasarak Mandal's Jayawant Institute Of Pharmacy, Pune",Pune,Unaided,LNT2S,State Level,Ladies,16506,
2022-23,D Pharmacy,CAP Round I,06487,"Jayawant Shikshan Prasarak Mandal's Jayawant Institute Of Pharmacy, Pune",Pune,Unaided,GNT3S,State Level,Any,27308,
2022-23,D Pharmacy,CAP Round I,06487,"Jayawant Shikshan Prasarak Mandal's Jayawant Institute Of Pharmacy, Pune",Pune,Unaided,GOBCS,State Level,Any,33032,
2022-23,D Pharmacy,CAP Round I,06487,"Jayawant Shikshan Prasarak Mandal's Jayawant Institute Of Pharmacy, Pune",Pune,Unaided,LOBCS,State Level,Ladies,29550,
2022-23,D Pharmacy,CAP Round I,06487,"Jayawant Shikshan Prasarak Mandal's Jayawant Institute Of Pharmacy, Pune",Pune,Unaided,DEFOPENS,State Level,Any,83235,
2022-23,D Pharmacy,CAP Round I,06487,"Jayawant Shikshan Prasarak Mandal's Jayawant Institute Of Pharmacy, Pune",Pune,Unaided,EWS,Special,Any,15928,
2022-23,D Pharmacy,CAP Round I,06487,"Jayawant Shikshan Prasarak Mandal's Jayawant Institute Of Pharmacy, Pune",Pune,Unaided,TFWS,Special,Any,10294,
2022-23,D Pharmacy,CAP Round I,06488,Mayani Bhag Shikshan Prasark Mandal's College Of Pharmacy (D.Pharm.) Mayani Tal-Khatav Dist-Satara,Satara,Unaided,GOPENS,State Level,Any,54237,
2022-23,D Pharmacy,CAP Round I,06488,Mayani Bhag Shikshan Prasark Mandal's College Of Pharmacy (D.Pharm.) Mayani Tal-Khatav Dist-Satara,Satara,Unaided,LOPENS,State Level,Ladies,46518,
2022-23,D Pharmacy,CAP Round I,06488,Mayani Bhag Shikshan Prasark Mandal's College Of Pharmacy (D.Pharm.) Mayani Tal-Khatav Dist-Satara,Satara,Unaided,GSCS,State Level,Any,67181,
2022-23,D Pharmacy,CAP Round I,06488,Mayani Bhag Shikshan Prasark Mandal's College Of Pharmacy (D.Pharm.) Mayani Tal-Khatav Dist-Satara,Satara,Unaided,LSCS,State Level,Ladies,64846,
2022-23,D Pharmacy,CAP Round I,06488,Mayani Bhag Shikshan Prasark Mandal's College Of Pharmacy (D.Pharm.) Mayani Tal-Khatav Dist-Satara,Satara,Unaided,GVJS,State Level,Any,79240,
2022-23,D Pharmacy,CAP Round I,06488,Mayani Bhag Shikshan Prasark Mandal's College Of Pharmacy (D.Pharm.) Mayani Tal-Khatav Dist-Satara,Satara,Unaided,GNT1S,State Level,Any,69371,
2022-23,D Pharmacy,CAP Round I,06488,Mayani Bhag Shikshan Prasark Mandal's College Of Pharmacy (D.Pharm.) Mayani Tal-Khatav Dist-Satara,Satara,Unaided,GNT2S,State Level,Any,54385,
2022-23,D Pharmacy,CAP Round I,06488,Mayani Bhag Shikshan Prasark Mandal's College Of Pharmacy (D.Pharm.) Mayani Tal-Khatav Dist-Satara,Satara,Unaided,LNT2S,State Level,Ladies,46678,
2022-23,D Pharmacy,CAP Round I,06488,Mayani Bhag Shikshan Prasark Mandal's College Of Pharmacy (D.Pharm.) Mayani Tal-Khatav Dist-Satara,Satara,Unaided,GNT3S,State Level,Any,61650,
2022-23,D Pharmacy,CAP Round I,06488,Mayani Bhag Shikshan Prasark Mandal's College Of Pharmacy (D.Pharm.) Mayani Tal-Khatav Dist-Satara,Satara,Unaided,GOBCS,State Level,Any,69635,
2022-23,D Pharmacy,CAP Round I,06488,Mayani Bhag Shikshan Prasark Mandal's College Of Pharmacy (D.Pharm.) Mayani Tal-Khatav Dist-Satara,Satara,Unaided,LOBCS,State Level,Ladies,58382,
2022-23,D Pharmacy,CAP Round I,06488,Mayani Bhag Shikshan Prasark Mandal's College Of Pharmacy (D.Pharm.) Mayani Tal-Khatav Dist-Satara,Satara,Unaided,EWS,Special,Any,58330,
2022-23,D Pharmacy,CAP Round I,06488,Mayani Bhag Shikshan Prasark Mandal's College Of Pharmacy (D.Pharm.) Mayani Tal-Khatav Dist-Satara,Satara,Unaided,TFWS,Special,Any,48863,
2022-23,D Pharmacy,CAP Round I,06489,"Gourishankar Education Society's College Of Pharmacy (D.Pharm.), Degaon, Satara",Satara,Unaided,GOPENS,State Level,Any,53167,
2022-23,D Pharmacy,CAP Round I,06489,"Gourishankar Education Society's College Of Pharmacy (D.Pharm.), Degaon, Satara",Satara,Unaided,LOPENS,State Level,Ladies,43624,
2022-23,D Pharmacy,CAP Round I,06489,"Gourishankar Education Society's College Of Pharmacy (D.Pharm.), Degaon, Satara",Satara,Unaided,GSCS,State Level,Any,69690,
2022-23,D Pharmacy,CAP Round I,06489,"Gourishankar Education Society's College Of Pharmacy (D.Pharm.), Degaon, Satara",Satara,Unaided,LSCS,State Level,Ladies,64324,
2022-23,D Pharmacy,CAP Round I,06489,"Gourishankar Education Society's College Of Pharmacy (D.Pharm.), Degaon, Satara",Satara,Unaided,GVJS,State Level,Any,59374,
2022-23,D Pharmacy,CAP Round I,06489,"Gourishankar Education Society's College Of Pharmacy (D.Pharm.), Degaon, Satara",Satara,Unaided,GNT1S,State Level,Any,68645,
2022-23,D Pharmacy,CAP Round I,06489,"Gourishankar Education Society's College Of Pharmacy (D.Pharm.), Degaon, Satara",Satara,Unaided,GNT2S,State Level,Any,54566,
2022-23,D Pharmacy,CAP Round I,06489,"Gourishankar Education Society's College Of Pharmacy (D.Pharm.), Degaon, Satara",Satara,Unaided,GNT3S,State Level,Any,64137,
2022-23,D Pharmacy,CAP Round I,06489,"Gourishankar Education Society's College Of Pharmacy (D.Pharm.), Degaon, Satara",Satara,Unaided,GOBCS,State Level,Any,70872,
2022-23,D Pharmacy,CAP Round I,06489,"Gourishankar Education Society's College Of Pharmacy (D.Pharm.), Degaon, Satara",Satara,Unaided,LOBCS,State Level,Ladies,59210,
2022-23,D Pharmacy,CAP Round I,06489,"Gourishankar Education Society's College Of Pharmacy (D.Pharm.), Degaon, Satara",Satara,Unaided,PWDOPENS,State Level,Any,78831,
2022-23,D Pharmacy,CAP Round I,06489,"Gourishankar Education Society's College Of Pharmacy (D.Pharm.), Degaon, Satara",Satara,Unaided,EWS,Special,Any,53443,
2022-23,D Pharmacy,CAP Round I,06489,"Gourishankar Education Society's College Of Pharmacy (D.Pharm.), Degaon, Satara",Satara,Unaided,TFWS,Special,Any,28592,
2022-23,D Pharmacy,CAP Round I,06489,"Gourishankar Education Society's College Of Pharmacy (D.Pharm.), Degaon, Satara",Satara,Unaided,LVJS,State Level,Ladies,75984,
2022-23,D Pharmacy,CAP Round I,06490,"Gouri Shankar Education Society's College Of Pharmacy (D. Pharm.), Limb, Satara",Satara,Unaided,GOPENS,State Level,Any,54933,
2022-23,D Pharmacy,CAP Round I,06490,"Gouri Shankar Education Society's College Of Pharmacy (D. Pharm.), Limb, Satara",Satara,Unaided,LOPENS,State Level,Ladies,40322,
2022-23,D Pharmacy,CAP Round I,06490,"Gouri Shankar Education Society's College Of Pharmacy (D. Pharm.), Limb, Satara",Satara,Unaided,GSCS,State Level,Any,71352,
2022-23,D Pharmacy,CAP Round I,06490,"Gouri Shankar Education Society's College Of Pharmacy (D. Pharm.), Limb, Satara",Satara,Unaided,LSCS,State Level,Ladies,69367,
2022-23,D Pharmacy,CAP Round I,06490,"Gouri Shankar Education Society's College Of Pharmacy (D. Pharm.), Limb, Satara",Satara,Unaided,GSTS,State Level,Any,72034,
2022-23,D Pharmacy,CAP Round I,06490,"Gouri Shankar Education Society's College Of Pharmacy (D. Pharm.), Limb, Satara",Satara,Unaided,GVJS,State Level,Any,58159,
2022-23,D Pharmacy,CAP Round I,06490,"Gouri Shankar Education Society's College Of Pharmacy (D. Pharm.), Limb, Satara",Satara,Unaided,LVJS,State Level,Ladies,65659,
2022-23,D Pharmacy,CAP Round I,06490,"Gouri Shankar Education Society's College Of Pharmacy (D. Pharm.), Limb, Satara",Satara,Unaided,GNT1S,State Level,Any,64084,
2022-23,D Pharmacy,CAP Round I,06490,"Gouri Shankar Education Society's College Of Pharmacy (D. Pharm.), Limb, Satara",Satara,Unaided,GNT2S,State Level,Any,55339,
2022-23,D Pharmacy,CAP Round I,06490,"Gouri Shankar Education Society's College Of Pharmacy (D. Pharm.), Limb, Satara",Satara,Unaided,GOBCS,State Level,Any,71364,
2022-23,D Pharmacy,CAP Round I,06490,"Gouri Shankar Education Society's College Of Pharmacy (D. Pharm.), Limb, Satara",Satara,Unaided,LOBCS,State Level,Ladies,66984,
2022-23,D Pharmacy,CAP Round I,06490,"Gouri Shankar Education Society's College Of Pharmacy (D. Pharm.), Limb, Satara",Satara,Unaided,EWS,Special,Any,56796,
2022-23,D Pharmacy,CAP Round I,06490,"Gouri Shankar Education Society's College Of Pharmacy (D. Pharm.), Limb, Satara",Satara,Unaided,TFWS,Special,Any,19492,
2022-23,D Pharmacy,CAP Round I,06490,"Gouri Shankar Education Society's College Of Pharmacy (D. Pharm.), Limb, Satara",Satara,Unaided,LNT3S,State Level,Ladies,69203,
2022-23,D Pharmacy,CAP Round I,06491,"Shri Y.S.P.Mandal's Vasantidevi Patil Institute of Pharmacy , Kodoli, Dist.Kolhapur",Kolhapur,Unaided,GOPENS,State Level,Any,49616,
2022-23,D Pharmacy,CAP Round I,06491,"Shri Y.S.P.Mandal's Vasantidevi Patil Institute of Pharmacy , Kodoli, Dist.Kolhapur",Kolhapur,Unaided,LOPENS,State Level,Ladies,42020,
2022-23,D Pharmacy,CAP Round I,06491,"Shri Y.S.P.Mandal's Vasantidevi Patil Institute of Pharmacy , Kodoli, Dist.Kolhapur",Kolhapur,Unaided,GSCS,State Level,Any,60948,
2022-23,D Pharmacy,CAP Round I,06491,"Shri Y.S.P.Mandal's Vasantidevi Patil Institute of Pharmacy , Kodoli, Dist.Kolhapur",Kolhapur,Unaided,LSCS,State Level,Ladies,59918,
2022-23,D Pharmacy,CAP Round I,06491,"Shri Y.S.P.Mandal's Vasantidevi Patil Institute of Pharmacy , Kodoli, Dist.Kolhapur",Kolhapur,Unaided,GVJS,State Level,Any,78825,
2022-23,D Pharmacy,CAP Round I,06491,"Shri Y.S.P.Mandal's Vasantidevi Patil Institute of Pharmacy , Kodoli, Dist.Kolhapur",Kolhapur,Unaided,LNT1S,State Level,Ladies,59382,
2022-23,D Pharmacy,CAP Round I,06491,"Shri Y.S.P.Mandal's Vasantidevi Patil Institute of Pharmacy , Kodoli, Dist.Kolhapur",Kolhapur,Unaided,GNT2S,State Level,Any,53833,
2022-23,D Pharmacy,CAP Round I,06491,"Shri Y.S.P.Mandal's Vasantidevi Patil Institute of Pharmacy , Kodoli, Dist.Kolhapur",Kolhapur,Unaided,LNT2S,State Level,Ladies,50670,
2022-23,D Pharmacy,CAP Round I,06491,"Shri Y.S.P.Mandal's Vasantidevi Patil Institute of Pharmacy , Kodoli, Dist.Kolhapur",Kolhapur,Unaided,GOBCS,State Level,Any,69708,
2022-23,D Pharmacy,CAP Round I,06491,"Shri Y.S.P.Mandal's Vasantidevi Patil Institute of Pharmacy , Kodoli, Dist.Kolhapur",Kolhapur,Unaided,LOBCS,State Level,Ladies,60765,
2022-23,D Pharmacy,CAP Round I,06491,"Shri Y.S.P.Mandal's Vasantidevi Patil Institute of Pharmacy , Kodoli, Dist.Kolhapur",Kolhapur,Unaided,DEFOPENS,State Level,Any,50725,
2022-23,D Pharmacy,CAP Round I,06491,"Shri Y.S.P.Mandal's Vasantidevi Patil Institute of Pharmacy , Kodoli, Dist.Kolhapur",Kolhapur,Unaided,EWS,Special,Any,46487,
2022-23,D Pharmacy,CAP Round I,06491,"Shri Y.S.P.Mandal's Vasantidevi Patil Institute of Pharmacy , Kodoli, Dist.Kolhapur",Kolhapur,Unaided,TFWS,Special,Any,31538,
2022-23,D Pharmacy,CAP Round I,06492,"Samarth Educational Trust's, Sawkar Pharmacy College, Jaitapur, Satara 415004",Satara,Unaided,GOPENS,State Level,Any,58829,
2022-23,D Pharmacy,CAP Round I,06492,"Samarth Educational Trust's, Sawkar Pharmacy College, Jaitapur, Satara 415004",Satara,Unaided,LOPENS,State Level,Ladies,57569,
2022-23,D Pharmacy,CAP Round I,06492,"Samarth Educational Trust's, Sawkar Pharmacy College, Jaitapur, Satara 415004",Satara,Unaided,GSCS,State Level,Any,71657,
2022-23,D Pharmacy,CAP Round I,06492,"Samarth Educational Trust's, Sawkar Pharmacy College, Jaitapur, Satara 415004",Satara,Unaided,LSCS,State Level,Ladies,64902,
2022-23,D Pharmacy,CAP Round I,06492,"Samarth Educational Trust's, Sawkar Pharmacy College, Jaitapur, Satara 415004",Satara,Unaided,GVJS,State Level,Any,83521,
2022-23,D Pharmacy,CAP Round I,06492,"Samarth Educational Trust's, Sawkar Pharmacy College, Jaitapur, Satara 415004",Satara,Unaided,GNT1S,State Level,Any,72145,
2022-23,D Pharmacy,CAP Round I,06492,"Samarth Educational Trust's, Sawkar Pharmacy College, Jaitapur, Satara 415004",Satara,Unaided,LNT1S,State Level,Ladies,71778,
2022-23,D Pharmacy,CAP Round I,06492,"Samarth Educational Trust's, Sawkar Pharmacy College, Jaitapur, Satara 415004",Satara,Unaided,GNT2S,State Level,Any,60148,
2022-23,D Pharmacy,CAP Round I,06492,"Samarth Educational Trust's, Sawkar Pharmacy College, Jaitapur, Satara 415004",Satara,Unaided,LNT2S,State Level,Ladies,59193,
2022-23,D Pharmacy,CAP Round I,06492,"Samarth Educational Trust's, Sawkar Pharmacy College, Jaitapur, Satara 415004",Satara,Unaided,GNT3S,State Level,Any,79232,
2022-23,D Pharmacy,CAP Round I,06492,"Samarth Educational Trust's, Sawkar Pharmacy College, Jaitapur, Satara 415004",Satara,Unaided,GOBCS,State Level,Any,73528,
2022-23,D Pharmacy,CAP Round I,06492,"Samarth Educational Trust's, Sawkar Pharmacy College, Jaitapur, Satara 415004",Satara,Unaided,LOBCS,State Level,Ladies,67967,
2022-23,D Pharmacy,CAP Round I,06492,"Samarth Educational Trust's, Sawkar Pharmacy College, Jaitapur, Satara 415004",Satara,Unaided,EWS,Special,Any,56170,
2022-23,D Pharmacy,CAP Round I,06492,"Samarth Educational Trust's, Sawkar Pharmacy College, Jaitapur, Satara 415004",Satara,Unaided,TFWS,Special,Any,45641,
2022-23,D Pharmacy,CAP Round I,06493,"Vishal Junner Seva Mandal's Institute of Pharmacy for Women, Ale,Pune",Pune,Unaided,LOPENS,State Level,Ladies,48318,
2022-23,D Pharmacy,CAP Round I,06493,"Vishal Junner Seva Mandal's Institute of Pharmacy for Women, Ale,Pune",Pune,Unaided,LSCS,State Level,Ladies,64489,
2022-23,D Pharmacy,CAP Round I,06493,"Vishal Junner Seva Mandal's Institute of Pharmacy for Women, Ale,Pune",Pune,Unaided,LSTS,State Level,Ladies,79712,
2022-23,D Pharmacy,CAP Round I,06493,"Vishal Junner Seva Mandal's Institute of Pharmacy for Women, Ale,Pune",Pune,Unaided,LVJS,State Level,Ladies,59829,
2022-23,D Pharmacy,CAP Round I,06493,"Vishal Junner Seva Mandal's Institute of Pharmacy for Women, Ale,Pune",Pune,Unaided,LNT1S,State Level,Ladies,55439,
2022-23,D Pharmacy,CAP Round I,06493,"Vishal Junner Seva Mandal's Institute of Pharmacy for Women, Ale,Pune",Pune,Unaided,LNT2S,State Level,Ladies,49104,
2022-23,D Pharmacy,CAP Round I,06493,"Vishal Junner Seva Mandal's Institute of Pharmacy for Women, Ale,Pune",Pune,Unaided,LNT3S,State Level,Ladies,52237,
2022-23,D Pharmacy,CAP Round I,06493,"Vishal Junner Seva Mandal's Institute of Pharmacy for Women, Ale,Pune",Pune,Unaided,LOBCS,State Level,Ladies,61188,
2022-23,D Pharmacy,CAP Round I,06493,"Vishal Junner Seva Mandal's Institute of Pharmacy for Women, Ale,Pune",Pune,Unaided,EWS,Special,Any,52645,
2022-23,D Pharmacy,CAP Round I,06494,"Dr J J Magdum Trust's Anil Alias Pintu Magdum Memorial Pharmacy College, Dharangutti,Tal-Shirol, Dist, Kolhapur",Kolhapur,Unaided,GOPENS,State Level,Any,49522,
2022-23,D Pharmacy,CAP Round I,06494,"Dr J J Magdum Trust's Anil Alias Pintu Magdum Memorial Pharmacy College, Dharangutti,Tal-Shirol, Dist, Kolhapur",Kolhapur,Unaided,LOPENS,State Level,Ladies,35977,
2022-23,D Pharmacy,CAP Round I,06494,"Dr J J Magdum Trust's Anil Alias Pintu Magdum Memorial Pharmacy College, Dharangutti,Tal-Shirol, Dist, Kolhapur",Kolhapur,Unaided,GSCS,State Level,Any,61618,
2022-23,D Pharmacy,CAP Round I,06494,"Dr J J Magdum Trust's Anil Alias Pintu Magdum Memorial Pharmacy College, Dharangutti,Tal-Shirol, Dist, Kolhapur",Kolhapur,Unaided,LSCS,State Level,Ladies,59246,
2022-23,D Pharmacy,CAP Round I,06494,"Dr J J Magdum Trust's Anil Alias Pintu Magdum Memorial Pharmacy College, Dharangutti,Tal-Shirol, Dist, Kolhapur",Kolhapur,Unaided,GVJS,State Level,Any,54417,
2022-23,D Pharmacy,CAP Round I,06494,"Dr J J Magdum Trust's Anil Alias Pintu Magdum Memorial Pharmacy College, Dharangutti,Tal-Shirol, Dist, Kolhapur",Kolhapur,Unaided,GNT1S,State Level,Any,67658,
2022-23,D Pharmacy,CAP Round I,06494,"Dr J J Magdum Trust's Anil Alias Pintu Magdum Memorial Pharmacy College, Dharangutti,Tal-Shirol, Dist, Kolhapur",Kolhapur,Unaided,GNT2S,State Level,Any,57079,
2022-23,D Pharmacy,CAP Round I,06494,"Dr J J Magdum Trust's Anil Alias Pintu Magdum Memorial Pharmacy College, Dharangutti,Tal-Shirol, Dist, Kolhapur",Kolhapur,Unaided,LNT2S,State Level,Ladies,53145,
2022-23,D Pharmacy,CAP Round I,06494,"Dr J J Magdum Trust's Anil Alias Pintu Magdum Memorial Pharmacy College, Dharangutti,Tal-Shirol, Dist, Kolhapur",Kolhapur,Unaided,GNT3S,State Level,Any,83604,
2022-23,D Pharmacy,CAP Round I,06494,"Dr J J Magdum Trust's Anil Alias Pintu Magdum Memorial Pharmacy College, Dharangutti,Tal-Shirol, Dist, Kolhapur",Kolhapur,Unaided,GOBCS,State Level,Any,68192,
2022-23,D Pharmacy,CAP Round I,06494,"Dr J J Magdum Trust's Anil Alias Pintu Magdum Memorial Pharmacy College, Dharangutti,Tal-Shirol, Dist, Kolhapur",Kolhapur,Unaided,LOBCS,State Level,Ladies,63354,
2022-23,D Pharmacy,CAP Round I,06494,"Dr J J Magdum Trust's Anil Alias Pintu Magdum Memorial Pharmacy College, Dharangutti,Tal-Shirol, Dist, Kolhapur",Kolhapur,Unaided,EWS,Special,Any,49376,
2022-23,D Pharmacy,CAP Round I,06494,"Dr J J Magdum Trust's Anil Alias Pintu Magdum Memorial Pharmacy College, Dharangutti,Tal-Shirol, Dist, Kolhapur",Kolhapur,Unaided,TFWS,Special,Any,24065,
2022-23,D Pharmacy,CAP Round I,06495,"Dr. D. Y. Patil Pratishthan's Dr. D. Y. Patil Institute Of Pharmacy, Akurdi, Pune",Pune,Unaided,GOPENS,State Level,Any,10318,
2022-23,D Pharmacy,CAP Round I,06495,"Dr. D. Y. Patil Pratishthan's Dr. D. Y. Patil Institute Of Pharmacy, Akurdi, Pune",Pune,Unaided,LOPENS,State Level,Ladies,8210,
2022-23,D Pharmacy,CAP Round I,06495,"Dr. D. Y. Patil Pratishthan's Dr. D. Y. Patil Institute Of Pharmacy, Akurdi, Pune",Pune,Unaided,GSCS,State Level,Any,20393,
2022-23,D Pharmacy,CAP Round I,06495,"Dr. D. Y. Patil Pratishthan's Dr. D. Y. Patil Institute Of Pharmacy, Akurdi, Pune",Pune,Unaided,LSCS,State Level,Ladies,13930,
2022-23,D Pharmacy,CAP Round I,06495,"Dr. D. Y. Patil Pratishthan's Dr. D. Y. Patil Institute Of Pharmacy, Akurdi, Pune",Pune,Unaided,GSTS,State Level,Any,35461,
2022-23,D Pharmacy,CAP Round I,06495,"Dr. D. Y. Patil Pratishthan's Dr. D. Y. Patil Institute Of Pharmacy, Akurdi, Pune",Pune,Unaided,LSTS,State Level,Ladies,38637,
2022-23,D Pharmacy,CAP Round I,06495,"Dr. D. Y. Patil Pratishthan's Dr. D. Y. Patil Institute Of Pharmacy, Akurdi, Pune",Pune,Unaided,GVJS,State Level,Any,21327,
2022-23,D Pharmacy,CAP Round I,06495,"Dr. D. Y. Patil Pratishthan's Dr. D. Y. Patil Institute Of Pharmacy, Akurdi, Pune",Pune,Unaided,LVJS,State Level,Ladies,27187,
2022-23,D Pharmacy,CAP Round I,06495,"Dr. D. Y. Patil Pratishthan's Dr. D. Y. Patil Institute Of Pharmacy, Akurdi, Pune",Pune,Unaided,GNT1S,State Level,Any,11274,
2022-23,D Pharmacy,CAP Round I,06495,"Dr. D. Y. Patil Pratishthan's Dr. D. Y. Patil Institute Of Pharmacy, Akurdi, Pune",Pune,Unaided,GNT2S,State Level,Any,15082,
2022-23,D Pharmacy,CAP Round I,06495,"Dr. D. Y. Patil Pratishthan's Dr. D. Y. Patil Institute Of Pharmacy, Akurdi, Pune",Pune,Unaided,LNT3S,State Level,Ladies,22765,
2022-23,D Pharmacy,CAP Round I,06495,"Dr. D. Y. Patil Pratishthan's Dr. D. Y. Patil Institute Of Pharmacy, Akurdi, Pune",Pune,Unaided,GOBCS,State Level,Any,15213,
2022-23,D Pharmacy,CAP Round I,06495,"Dr. D. Y. Patil Pratishthan's Dr. D. Y. Patil Institute Of Pharmacy, Akurdi, Pune",Pune,Unaided,LOBCS,State Level,Ladies,10012,
2022-23,D Pharmacy,CAP Round I,06495,"Dr. D. Y. Patil Pratishthan's Dr. D. Y. Patil Institute Of Pharmacy, Akurdi, Pune",Pune,Unaided,DEFOPENS,State Level,Any,77782,
2022-23,D Pharmacy,CAP Round I,06495,"Dr. D. Y. Patil Pratishthan's Dr. D. Y. Patil Institute Of Pharmacy, Akurdi, Pune",Pune,Unaided,EWS,Special,Any,10785,
2022-23,D Pharmacy,CAP Round I,06495,"Dr. D. Y. Patil Pratishthan's Dr. D. Y. Patil Institute Of Pharmacy, Akurdi, Pune",Pune,Unaided,TFWS,Special,Any,5200,
2022-23,D Pharmacy,CAP Round I,06496,"Meruling Shikshan Sanstha's Diploma In Pharmacy, Medha,Satara",Satara,Unaided,GOPENS,State Level,Any,58522,
2022-23,D Pharmacy,CAP Round I,06496,"Meruling Shikshan Sanstha's Diploma In Pharmacy, Medha,Satara",Satara,Unaided,LOPENS,State Level,Ladies,57331,
2022-23,D Pharmacy,CAP Round I,06496,"Meruling Shikshan Sanstha's Diploma In Pharmacy, Medha,Satara",Satara,Unaided,GSCS,State Level,Any,70758,
2022-23,D Pharmacy,CAP Round I,06496,"Meruling Shikshan Sanstha's Diploma In Pharmacy, Medha,Satara",Satara,Unaided,LSCS,State Level,Ladies,56335,
2022-23,D Pharmacy,CAP Round I,06496,"Meruling Shikshan Sanstha's Diploma In Pharmacy, Medha,Satara",Satara,Unaided,GVJS,State Level,Any,62309,
2022-23,D Pharmacy,CAP Round I,06496,"Meruling Shikshan Sanstha's Diploma In Pharmacy, Medha,Satara",Satara,Unaided,GNT1S,State Level,Any,80802,
2022-23,D Pharmacy,CAP Round I,06496,"Meruling Shikshan Sanstha's Diploma In Pharmacy, Medha,Satara",Satara,Unaided,LNT1S,State Level,Ladies,81584,
2022-23,D Pharmacy,CAP Round I,06496,"Meruling Shikshan Sanstha's Diploma In Pharmacy, Medha,Satara",Satara,Unaided,GNT2S,State Level,Any,58805,
2022-23,D Pharmacy,CAP Round I,06496,"Meruling Shikshan Sanstha's Diploma In Pharmacy, Medha,Satara",Satara,Unaided,GNT3S,State Level,Any,80128,
2022-23,D Pharmacy,CAP Round I,06496,"Meruling Shikshan Sanstha's Diploma In Pharmacy, Medha,Satara",Satara,Unaided,GOBCS,State Level,Any,77760,
2022-23,D Pharmacy,CAP Round I,06496,"Meruling Shikshan Sanstha's Diploma In Pharmacy, Medha,Satara",Satara,Unaided,LOBCS,State Level,Ladies,77323,
2022-23,D Pharmacy,CAP Round I,06496,"Meruling Shikshan Sanstha's Diploma In Pharmacy, Medha,Satara",Satara,Unaided,PWDOPENS,State Level,Any,82785,
2022-23,D Pharmacy,CAP Round I,06496,"Meruling Shikshan Sanstha's Diploma In Pharmacy, Medha,Satara",Satara,Unaided,EWS,Special,Any,52186,
2022-23,D Pharmacy,CAP Round I,06496,"Meruling Shikshan Sanstha's Diploma In Pharmacy, Medha,Satara",Satara,Unaided,TFWS,Special,Any,39027,
2022-23,D Pharmacy,CAP Round I,06497,"Gulabrao Patil Memorial Trust, Gulabrao Patil College of Pharmacy, Miraj",Sangli,Unaided,GOPENS,State Level,Any,38262,
2022-23,D Pharmacy,CAP Round I,06497,"Gulabrao Patil Memorial Trust, Gulabrao Patil College of Pharmacy, Miraj",Sangli,Unaided,LOPENS,State Level,Ladies,24078,
2022-23,D Pharmacy,CAP Round I,06497,"Gulabrao Patil Memorial Trust, Gulabrao Patil College of Pharmacy, Miraj",Sangli,Unaided,GSCS,State Level,Any,52200,
2022-23,D Pharmacy,CAP Round I,06497,"Gulabrao Patil Memorial Trust, Gulabrao Patil College of Pharmacy, Miraj",Sangli,Unaided,LSCS,State Level,Ladies,39502,
2022-23,D Pharmacy,CAP Round I,06497,"Gulabrao Patil Memorial Trust, Gulabrao Patil College of Pharmacy, Miraj",Sangli,Unaided,GVJS,State Level,Any,62199,
2022-23,D Pharmacy,CAP Round I,06497,"Gulabrao Patil Memorial Trust, Gulabrao Patil College of Pharmacy, Miraj",Sangli,Unaided,GNT1S,State Level,Any,42858,
2022-23,D Pharmacy,CAP Round I,06497,"Gulabrao Patil Memorial Trust, Gulabrao Patil College of Pharmacy, Miraj",Sangli,Unaided,GNT2S,State Level,Any,41969,
2022-23,D Pharmacy,CAP Round I,06497,"Gulabrao Patil Memorial Trust, Gulabrao Patil College of Pharmacy, Miraj",Sangli,Unaided,LNT2S,State Level,Ladies,26536,
2022-23,D Pharmacy,CAP Round I,06497,"Gulabrao Patil Memorial Trust, Gulabrao Patil College of Pharmacy, Miraj",Sangli,Unaided,GNT3S,State Level,Any,74514,
2022-23,D Pharmacy,CAP Round I,06497,"Gulabrao Patil Memorial Trust, Gulabrao Patil College of Pharmacy, Miraj",Sangli,Unaided,GOBCS,State Level,Any,49437,
2022-23,D Pharmacy,CAP Round I,06497,"Gulabrao Patil Memorial Trust, Gulabrao Patil College of Pharmacy, Miraj",Sangli,Unaided,LOBCS,State Level,Ladies,43620,
2022-23,D Pharmacy,CAP Round I,06497,"Gulabrao Patil Memorial Trust, Gulabrao Patil College of Pharmacy, Miraj",Sangli,Unaided,DEFOPENS,State Level,Any,48000,
2022-23,D Pharmacy,CAP Round I,06497,"Gulabrao Patil Memorial Trust, Gulabrao Patil College of Pharmacy, Miraj",Sangli,Unaided,EWS,Special,Any,37743,
2022-23,D Pharmacy,CAP Round I,06497,"Gulabrao Patil Memorial Trust, Gulabrao Patil College of Pharmacy, Miraj",Sangli,Unaided,TFWS,Special,Any,13088,
2022-23,D Pharmacy,CAP Round I,06498,"Sharadchandra Pawar Institute of Pharmacy,Dhumberwadi, Junnar",Pune,Unaided,GOPENS,State Level,Any,48092,
2022-23,D Pharmacy,CAP Round I,06498,"Sharadchandra Pawar Institute of Pharmacy,Dhumberwadi, Junnar",Pune,Unaided,LOPENS,State Level,Ladies,46677,
2022-23,D Pharmacy,CAP Round I,06498,"Sharadchandra Pawar Institute of Pharmacy,Dhumberwadi, Junnar",Pune,Unaided,GSCS,State Level,Any,57215,
2022-23,D Pharmacy,CAP Round I,06498,"Sharadchandra Pawar Institute of Pharmacy,Dhumberwadi, Junnar",Pune,Unaided,LSCS,State Level,Ladies,67637,
2022-23,D Pharmacy,CAP Round I,06498,"Sharadchandra Pawar Institute of Pharmacy,Dhumberwadi, Junnar",Pune,Unaided,GSTS,State Level,Any,84302,
2022-23,D Pharmacy,CAP Round I,06498,"Sharadchandra Pawar Institute of Pharmacy,Dhumberwadi, Junnar",Pune,Unaided,LSTS,State Level,Ladies,65954,
2022-23,D Pharmacy,CAP Round I,06498,"Sharadchandra Pawar Institute of Pharmacy,Dhumberwadi, Junnar",Pune,Unaided,GVJS,State Level,Any,48733,
2022-23,D Pharmacy,CAP Round I,06498,"Sharadchandra Pawar Institute of Pharmacy,Dhumberwadi, Junnar",Pune,Unaided,LVJS,State Level,Ladies,60220,
2022-23,D Pharmacy,CAP Round I,06498,"Sharadchandra Pawar Institute of Pharmacy,Dhumberwadi, Junnar",Pune,Unaided,LNT1S,State Level,Ladies,64608,
2022-23,D Pharmacy,CAP Round I,06498,"Sharadchandra Pawar Institute of Pharmacy,Dhumberwadi, Junnar",Pune,Unaided,GNT2S,State Level,Any,48340,
2022-23,D Pharmacy,CAP Round I,06498,"Sharadchandra Pawar Institute of Pharmacy,Dhumberwadi, Junnar",Pune,Unaided,LNT2S,State Level,Ladies,51016,
2022-23,D Pharmacy,CAP Round I,06498,"Sharadchandra Pawar Institute of Pharmacy,Dhumberwadi, Junnar",Pune,Unaided,GNT3S,State Level,Any,60174,
2022-23,D Pharmacy,CAP Round I,06498,"Sharadchandra Pawar Institute of Pharmacy,Dhumberwadi, Junnar",Pune,Unaided,GOBCS,State Level,Any,59493,
2022-23,D Pharmacy,CAP Round I,06498,"Sharadchandra Pawar Institute of Pharmacy,Dhumberwadi, Junnar",Pune,Unaided,LOBCS,State Level,Ladies,59853,
2022-23,D Pharmacy,CAP Round I,06498,"Sharadchandra Pawar Institute of Pharmacy,Dhumberwadi, Junnar",Pune,Unaided,EWS,Special,Any,44251,
2022-23,D Pharmacy,CAP Round I,06498,"Sharadchandra Pawar Institute of Pharmacy,Dhumberwadi, Junnar",Pune,Unaided,TFWS,Special,Any,24847,
2022-23,D Pharmacy,CAP Round I,06499,"Shri. Jain Vidya Prasarak Mandal, Rasiklal M.Dhariwal College Of Pharmacy, Pune",Pune,Religious Minority - Jain,GOPENS,State Level,Any,29666,
2022-23,D Pharmacy,CAP Round I,06499,"Shri. Jain Vidya Prasarak Mandal, Rasiklal M.Dhariwal College Of Pharmacy, Pune",Pune,Religious Minority - Jain,LOPENS,State Level,Ladies,27551,
2022-23,D Pharmacy,CAP Round I,06499,"Shri. Jain Vidya Prasarak Mandal, Rasiklal M.Dhariwal College Of Pharmacy, Pune",Pune,Religious Minority - Jain,MI,Special,Any,80167,
2022-23,D Pharmacy,CAP Round I,06499,"Shri. Jain Vidya Prasarak Mandal, Rasiklal M.Dhariwal College Of Pharmacy, Pune",Pune,Religious Minority - Jain,TFWS,Special,Any,14873,
2022-23,D Pharmacy,CAP Round I,06501,"Shri Dhanlaxmi Foundation, Karad's Late Adv. Dadasaheb Chavan Memorial Institute of Pharmacy, Malwadi-Masur",Satara,Unaided,GOPENS,State Level,Any,50214,
2022-23,D Pharmacy,CAP Round I,06501,"Shri Dhanlaxmi Foundation, Karad's Late Adv. Dadasaheb Chavan Memorial Institute of Pharmacy, Malwadi-Masur",Satara,Unaided,LOPENS,State Level,Ladies,42547,
2022-23,D Pharmacy,CAP Round I,06501,"Shri Dhanlaxmi Foundation, Karad's Late Adv. Dadasaheb Chavan Memorial Institute of Pharmacy, Malwadi-Masur",Satara,Unaided,GSCS,State Level,Any,70020,
2022-23,D Pharmacy,CAP Round I,06501,"Shri Dhanlaxmi Foundation, Karad's Late Adv. Dadasaheb Chavan Memorial Institute of Pharmacy, Malwadi-Masur",Satara,Unaided,LSCS,State Level,Ladies,61634,
2022-23,D Pharmacy,CAP Round I,06501,"Shri Dhanlaxmi Foundation, Karad's Late Adv. Dadasaheb Chavan Memorial Institute of Pharmacy, Malwadi-Masur",Satara,Unaided,GSTS,State Level,Any,65769,
2022-23,D Pharmacy,CAP Round I,06501,"Shri Dhanlaxmi Foundation, Karad's Late Adv. Dadasaheb Chavan Memorial Institute of Pharmacy, Malwadi-Masur",Satara,Unaided,GVJS,State Level,Any,80689,
2022-23,D Pharmacy,CAP Round I,06501,"Shri Dhanlaxmi Foundation, Karad's Late Adv. Dadasaheb Chavan Memorial Institute of Pharmacy, Malwadi-Masur",Satara,Unaided,GNT1S,State Level,Any,50831,
2022-23,D Pharmacy,CAP Round I,06501,"Shri Dhanlaxmi Foundation, Karad's Late Adv. Dadasaheb Chavan Memorial Institute of Pharmacy, Malwadi-Masur",Satara,Unaided,GNT2S,State Level,Any,56283,
2022-23,D Pharmacy,CAP Round I,06501,"Shri Dhanlaxmi Foundation, Karad's Late Adv. Dadasaheb Chavan Memorial Institute of Pharmacy, Malwadi-Masur",Satara,Unaided,LNT2S,State Level,Ladies,56805,
2022-23,D Pharmacy,CAP Round I,06501,"Shri Dhanlaxmi Foundation, Karad's Late Adv. Dadasaheb Chavan Memorial Institute of Pharmacy, Malwadi-Masur",Satara,Unaided,GOBCS,State Level,Any,74406,
2022-23,D Pharmacy,CAP Round I,06501,"Shri Dhanlaxmi Foundation, Karad's Late Adv. Dadasaheb Chavan Memorial Institute of Pharmacy, Malwadi-Masur",Satara,Unaided,LOBCS,State Level,Ladies,56890,
2022-23,D Pharmacy,CAP Round I,06501,"Shri Dhanlaxmi Foundation, Karad's Late Adv. Dadasaheb Chavan Memorial Institute of Pharmacy, Malwadi-Masur",Satara,Unaided,EWS,Special,Any,34747,
2022-23,D Pharmacy,CAP Round I,06501,"Shri Dhanlaxmi Foundation, Karad's Late Adv. Dadasaheb Chavan Memorial Institute of Pharmacy, Malwadi-Masur",Satara,Unaided,TFWS,Special,Any,15805,
2022-23,D Pharmacy,CAP Round I,06503,"Shree Ambabai Talim Sanstha's Diploma In Pharmacy ,Wanlesswadi, Miraj, Sangli",Sangli,Unaided,GOPENS,State Level,Any,45041,
2022-23,D Pharmacy,CAP Round I,06503,"Shree Ambabai Talim Sanstha's Diploma In Pharmacy ,Wanlesswadi, Miraj, Sangli",Sangli,Unaided,LOPENS,State Level,Ladies,44944,
2022-23,D Pharmacy,CAP Round I,06503,"Shree Ambabai Talim Sanstha's Diploma In Pharmacy ,Wanlesswadi, Miraj, Sangli",Sangli,Unaided,GSCS,State Level,Any,59752,
2022-23,D Pharmacy,CAP Round I,06503,"Shree Ambabai Talim Sanstha's Diploma In Pharmacy ,Wanlesswadi, Miraj, Sangli",Sangli,Unaided,LSCS,State Level,Ladies,59049,
2022-23,D Pharmacy,CAP Round I,06503,"Shree Ambabai Talim Sanstha's Diploma In Pharmacy ,Wanlesswadi, Miraj, Sangli",Sangli,Unaided,GVJS,State Level,Any,64801,
2022-23,D Pharmacy,CAP Round I,06503,"Shree Ambabai Talim Sanstha's Diploma In Pharmacy ,Wanlesswadi, Miraj, Sangli",Sangli,Unaided,LVJS,State Level,Ladies,58411,
2022-23,D Pharmacy,CAP Round I,06503,"Shree Ambabai Talim Sanstha's Diploma In Pharmacy ,Wanlesswadi, Miraj, Sangli",Sangli,Unaided,GNT1S,State Level,Any,56742,
2022-23,D Pharmacy,CAP Round I,06503,"Shree Ambabai Talim Sanstha's Diploma In Pharmacy ,Wanlesswadi, Miraj, Sangli",Sangli,Unaided,GNT2S,State Level,Any,45333,
2022-23,D Pharmacy,CAP Round I,06503,"Shree Ambabai Talim Sanstha's Diploma In Pharmacy ,Wanlesswadi, Miraj, Sangli",Sangli,Unaided,GNT3S,State Level,Any,61974,
2022-23,D Pharmacy,CAP Round I,06503,"Shree Ambabai Talim Sanstha's Diploma In Pharmacy ,Wanlesswadi, Miraj, Sangli",Sangli,Unaided,GOBCS,State Level,Any,62289,
2022-23,D Pharmacy,CAP Round I,06503,"Shree Ambabai Talim Sanstha's Diploma In Pharmacy ,Wanlesswadi, Miraj, Sangli",Sangli,Unaided,LOBCS,State Level,Ladies,56424,
2022-23,D Pharmacy,CAP Round I,06503,"Shree Ambabai Talim Sanstha's Diploma In Pharmacy ,Wanlesswadi, Miraj, Sangli",Sangli,Unaided,EWS,Special,Any,51247,
2022-23,D Pharmacy,CAP Round I,06503,"Shree Ambabai Talim Sanstha's Diploma In Pharmacy ,Wanlesswadi, Miraj, Sangli",Sangli,Unaided,TFWS,Special,Any,23437,
2022-23,D Pharmacy,CAP Round I,06504,"Yashoda Shikshan Prasarak mandal's Sojar College of Pharmacy, Khandvi, Barshi, Solapur",Solapur,Unaided,GOPENS,State Level,Any,21806,
2022-23,D Pharmacy,CAP Round I,06504,"Yashoda Shikshan Prasarak mandal's Sojar College of Pharmacy, Khandvi, Barshi, Solapur",Solapur,Unaided,LOPENS,State Level,Ladies,11334,
2022-23,D Pharmacy,CAP Round I,06504,"Yashoda Shikshan Prasarak mandal's Sojar College of Pharmacy, Khandvi, Barshi, Solapur",Solapur,Unaided,GSCS,State Level,Any,33363,
2022-23,D Pharmacy,CAP Round I,06504,"Yashoda Shikshan Prasarak mandal's Sojar College of Pharmacy, Khandvi, Barshi, Solapur",Solapur,Unaided,LSCS,State Level,Ladies,33904,
2022-23,D Pharmacy,CAP Round I,06504,"Yashoda Shikshan Prasarak mandal's Sojar College of Pharmacy, Khandvi, Barshi, Solapur",Solapur,Unaided,GSTS,State Level,Any,76277,
2022-23,D Pharmacy,CAP Round I,06504,"Yashoda Shikshan Prasarak mandal's Sojar College of Pharmacy, Khandvi, Barshi, Solapur",Solapur,Unaided,GVJS,State Level,Any,35516,
2022-23,D Pharmacy,CAP Round I,06504,"Yashoda Shikshan Prasarak mandal's Sojar College of Pharmacy, Khandvi, Barshi, Solapur",Solapur,Unaided,GNT1S,State Level,Any,31023,
2022-23,D Pharmacy,CAP Round I,06504,"Yashoda Shikshan Prasarak mandal's Sojar College of Pharmacy, Khandvi, Barshi, Solapur",Solapur,Unaided,LNT1S,State Level,Ladies,11472,
2022-23,D Pharmacy,CAP Round I,06504,"Yashoda Shikshan Prasarak mandal's Sojar College of Pharmacy, Khandvi, Barshi, Solapur",Solapur,Unaided,GNT2S,State Level,Any,26177,
2022-23,D Pharmacy,CAP Round I,06504,"Yashoda Shikshan Prasarak mandal's Sojar College of Pharmacy, Khandvi, Barshi, Solapur",Solapur,Unaided,LNT3S,State Level,Ladies,30361,
2022-23,D Pharmacy,CAP Round I,06504,"Yashoda Shikshan Prasarak mandal's Sojar College of Pharmacy, Khandvi, Barshi, Solapur",Solapur,Unaided,GOBCS,State Level,Any,31523,
2022-23,D Pharmacy,CAP Round I,06504,"Yashoda Shikshan Prasarak mandal's Sojar College of Pharmacy, Khandvi, Barshi, Solapur",Solapur,Unaided,LOBCS,State Level,Ladies,17325,
2022-23,D Pharmacy,CAP Round I,06504,"Yashoda Shikshan Prasarak mandal's Sojar College of Pharmacy, Khandvi, Barshi, Solapur",Solapur,Unaided,EWS,Special,Any,21805,
2022-23,D Pharmacy,CAP Round I,06504,"Yashoda Shikshan Prasarak mandal's Sojar College of Pharmacy, Khandvi, Barshi, Solapur",Solapur,Unaided,TFWS,Special,Any,9740,
2022-23,D Pharmacy,CAP Round I,06505,"Shri Vithal Education & Research Institute's, College of Pharmacy(Poly.), Pandharpur",Solapur,Unaided,GOPENS,State Level,Any,15544,
2022-23,D Pharmacy,CAP Round I,06505,"Shri Vithal Education & Research Institute's, College of Pharmacy(Poly.), Pandharpur",Solapur,Unaided,LOPENS,State Level,Ladies,8834,
2022-23,D Pharmacy,CAP Round I,06505,"Shri Vithal Education & Research Institute's, College of Pharmacy(Poly.), Pandharpur",Solapur,Unaided,GSCS,State Level,Any,28911,
2022-23,D Pharmacy,CAP Round I,06505,"Shri Vithal Education & Research Institute's, College of Pharmacy(Poly.), Pandharpur",Solapur,Unaided,LSCS,State Level,Ladies,25539,
2022-23,D Pharmacy,CAP Round I,06505,"Shri Vithal Education & Research Institute's, College of Pharmacy(Poly.), Pandharpur",Solapur,Unaided,GVJS,State Level,Any,33908,
2022-23,D Pharmacy,CAP Round I,06505,"Shri Vithal Education & Research Institute's, College of Pharmacy(Poly.), Pandharpur",Solapur,Unaided,LVJS,State Level,Ladies,23259,
2022-23,D Pharmacy,CAP Round I,06505,"Shri Vithal Education & Research Institute's, College of Pharmacy(Poly.), Pandharpur",Solapur,Unaided,GNT1S,State Level,Any,18357,
2022-23,D Pharmacy,CAP Round I,06505,"Shri Vithal Education & Research Institute's, College of Pharmacy(Poly.), Pandharpur",Solapur,Unaided,GNT2S,State Level,Any,15863,
2022-23,D Pharmacy,CAP Round I,06505,"Shri Vithal Education & Research Institute's, College of Pharmacy(Poly.), Pandharpur",Solapur,Unaided,LNT2S,State Level,Ladies,12972,
2022-23,D Pharmacy,CAP Round I,06505,"Shri Vithal Education & Research Institute's, College of Pharmacy(Poly.), Pandharpur",Solapur,Unaided,GNT3S,State Level,Any,35838,
2022-23,D Pharmacy,CAP Round I,06505,"Shri Vithal Education & Research Institute's, College of Pharmacy(Poly.), Pandharpur",Solapur,Unaided,GOBCS,State Level,Any,25500,
2022-23,D Pharmacy,CAP Round I,06505,"Shri Vithal Education & Research Institute's, College of Pharmacy(Poly.), Pandharpur",Solapur,Unaided,LOBCS,State Level,Ladies,13494,
2022-23,D Pharmacy,CAP Round I,06505,"Shri Vithal Education & Research Institute's, College of Pharmacy(Poly.), Pandharpur",Solapur,Unaided,DEFOPENS,State Level,Any,39605,
2022-23,D Pharmacy,CAP Round I,06505,"Shri Vithal Education & Research Institute's, College of Pharmacy(Poly.), Pandharpur",Solapur,Unaided,EWS,Special,Any,12776,
2022-23,D Pharmacy,CAP Round I,06505,"Shri Vithal Education & Research Institute's, College of Pharmacy(Poly.), Pandharpur",Solapur,Unaided,TFWS,Special,Any,4436,
2022-23,D Pharmacy,CAP Round I,06506,"Jayawant Shikshan Prasark Mandal's Jaywantrao Sawant Institute Of Pharmacy, Hadapsar, Pune",Pune,Unaided,GOPENS,State Level,Any,12316,
2022-23,D Pharmacy,CAP Round I,06506,"Jayawant Shikshan Prasark Mandal's Jaywantrao Sawant Institute Of Pharmacy, Hadapsar, Pune",Pune,Unaided,LOPENS,State Level,Ladies,5083,
2022-23,D Pharmacy,CAP Round I,06506,"Jayawant Shikshan Prasark Mandal's Jaywantrao Sawant Institute Of Pharmacy, Hadapsar, Pune",Pune,Unaided,GSCS,State Level,Any,31361,
2022-23,D Pharmacy,CAP Round I,06506,"Jayawant Shikshan Prasark Mandal's Jaywantrao Sawant Institute Of Pharmacy, Hadapsar, Pune",Pune,Unaided,LSCS,State Level,Ladies,26398,
2022-23,D Pharmacy,CAP Round I,06506,"Jayawant Shikshan Prasark Mandal's Jaywantrao Sawant Institute Of Pharmacy, Hadapsar, Pune",Pune,Unaided,GSTS,State Level,Any,21329,
2022-23,D Pharmacy,CAP Round I,06506,"Jayawant Shikshan Prasark Mandal's Jaywantrao Sawant Institute Of Pharmacy, Hadapsar, Pune",Pune,Unaided,LSTS,State Level,Ladies,5883,
2022-23,D Pharmacy,CAP Round I,06506,"Jayawant Shikshan Prasark Mandal's Jaywantrao Sawant Institute Of Pharmacy, Hadapsar, Pune",Pune,Unaided,GVJS,State Level,Any,33052,
2022-23,D Pharmacy,CAP Round I,06506,"Jayawant Shikshan Prasark Mandal's Jaywantrao Sawant Institute Of Pharmacy, Hadapsar, Pune",Pune,Unaided,LNT1S,State Level,Ladies,7059,
2022-23,D Pharmacy,CAP Round I,06506,"Jayawant Shikshan Prasark Mandal's Jaywantrao Sawant Institute Of Pharmacy, Hadapsar, Pune",Pune,Unaided,GNT2S,State Level,Any,12989,
2022-23,D Pharmacy,CAP Round I,06506,"Jayawant Shikshan Prasark Mandal's Jaywantrao Sawant Institute Of Pharmacy, Hadapsar, Pune",Pune,Unaided,GNT3S,State Level,Any,14670,
2022-23,D Pharmacy,CAP Round I,06506,"Jayawant Shikshan Prasark Mandal's Jaywantrao Sawant Institute Of Pharmacy, Hadapsar, Pune",Pune,Unaided,GOBCS,State Level,Any,22380,
2022-23,D Pharmacy,CAP Round I,06506,"Jayawant Shikshan Prasark Mandal's Jaywantrao Sawant Institute Of Pharmacy, Hadapsar, Pune",Pune,Unaided,LOBCS,State Level,Ladies,15307,
2022-23,D Pharmacy,CAP Round I,06506,"Jayawant Shikshan Prasark Mandal's Jaywantrao Sawant Institute Of Pharmacy, Hadapsar, Pune",Pune,Unaided,EWS,Special,Any,11567,
2022-23,D Pharmacy,CAP Round I,06506,"Jayawant Shikshan Prasark Mandal's Jaywantrao Sawant Institute Of Pharmacy, Hadapsar, Pune",Pune,Unaided,TFWS,Special,Any,5528,
2022-23,D Pharmacy,CAP Round I,06509,Walwa Taluka Education Societys S D Patil Institute of Pharmacy Urun Islampur,Sangli,Unaided,GOPENS,State Level,Any,50262,
2022-23,D Pharmacy,CAP Round I,06509,Walwa Taluka Education Societys S D Patil Institute of Pharmacy Urun Islampur,Sangli,Unaided,LOPENS,State Level,Ladies,45877,
2022-23,D Pharmacy,CAP Round I,06509,Walwa Taluka Education Societys S D Patil Institute of Pharmacy Urun Islampur,Sangli,Unaided,GSCS,State Level,Any,67430,
2022-23,D Pharmacy,CAP Round I,06509,Walwa Taluka Education Societys S D Patil Institute of Pharmacy Urun Islampur,Sangli,Unaided,LSCS,State Level,Ladies,65464,
2022-23,D Pharmacy,CAP Round I,06509,Walwa Taluka Education Societys S D Patil Institute of Pharmacy Urun Islampur,Sangli,Unaided,GVJS,State Level,Any,68726,
2022-23,D Pharmacy,CAP Round I,06509,Walwa Taluka Education Societys S D Patil Institute of Pharmacy Urun Islampur,Sangli,Unaided,LNT1S,State Level,Ladies,81597,
2022-23,D Pharmacy,CAP Round I,06509,Walwa Taluka Education Societys S D Patil Institute of Pharmacy Urun Islampur,Sangli,Unaided,GNT2S,State Level,Any,52619,
2022-23,D Pharmacy,CAP Round I,06509,Walwa Taluka Education Societys S D Patil Institute of Pharmacy Urun Islampur,Sangli,Unaided,GOBCS,State Level,Any,69268,
2022-23,D Pharmacy,CAP Round I,06509,Walwa Taluka Education Societys S D Patil Institute of Pharmacy Urun Islampur,Sangli,Unaided,LOBCS,State Level,Ladies,67291,
2022-23,D Pharmacy,CAP Round I,06509,Walwa Taluka Education Societys S D Patil Institute of Pharmacy Urun Islampur,Sangli,Unaided,EWS,Special,Any,51100,
2022-23,D Pharmacy,CAP Round I,06509,Walwa Taluka Education Societys S D Patil Institute of Pharmacy Urun Islampur,Sangli,Unaided,TFWS,Special,Any,34542,
2022-23,D Pharmacy,CAP Round I,06509,Walwa Taluka Education Societys S D Patil Institute of Pharmacy Urun Islampur,Sangli,Unaided,LVJS,State Level,Ladies,71120,
2022-23,D Pharmacy,CAP Round I,06510,"Shriram Shikshan Sanstha's College of Pharmacy, Paniv, Malshiras, Dist. Solapur",Solapur,Unaided,GOPENS,State Level,Any,20763,
2022-23,D Pharmacy,CAP Round I,06510,"Shriram Shikshan Sanstha's College of Pharmacy, Paniv, Malshiras, Dist. Solapur",Solapur,Unaided,LOPENS,State Level,Ladies,7308,
2022-23,D Pharmacy,CAP Round I,06510,"Shriram Shikshan Sanstha's College of Pharmacy, Paniv, Malshiras, Dist. Solapur",Solapur,Unaided,GSCS,State Level,Any,35191,
2022-23,D Pharmacy,CAP Round I,06510,"Shriram Shikshan Sanstha's College of Pharmacy, Paniv, Malshiras, Dist. Solapur",Solapur,Unaided,LSCS,State Level,Ladies,34588,
2022-23,D Pharmacy,CAP Round I,06510,"Shriram Shikshan Sanstha's College of Pharmacy, Paniv, Malshiras, Dist. Solapur",Solapur,Unaided,GVJS,State Level,Any,36814,
2022-23,D Pharmacy,CAP Round I,06510,"Shriram Shikshan Sanstha's College of Pharmacy, Paniv, Malshiras, Dist. Solapur",Solapur,Unaided,GNT1S,State Level,Any,37719,
2022-23,D Pharmacy,CAP Round I,06510,"Shriram Shikshan Sanstha's College of Pharmacy, Paniv, Malshiras, Dist. Solapur",Solapur,Unaided,LNT1S,State Level,Ladies,36959,
2022-23,D Pharmacy,CAP Round I,06510,"Shriram Shikshan Sanstha's College of Pharmacy, Paniv, Malshiras, Dist. Solapur",Solapur,Unaided,GNT2S,State Level,Any,21385,
2022-23,D Pharmacy,CAP Round I,06510,"Shriram Shikshan Sanstha's College of Pharmacy, Paniv, Malshiras, Dist. Solapur",Solapur,Unaided,LNT2S,State Level,Ladies,12980,
2022-23,D Pharmacy,CAP Round I,06510,"Shriram Shikshan Sanstha's College of Pharmacy, Paniv, Malshiras, Dist. Solapur",Solapur,Unaided,GNT3S,State Level,Any,45978,
2022-23,D Pharmacy,CAP Round I,06510,"Shriram Shikshan Sanstha's College of Pharmacy, Paniv, Malshiras, Dist. Solapur",Solapur,Unaided,GOBCS,State Level,Any,31653,
2022-23,D Pharmacy,CAP Round I,06510,"Shriram Shikshan Sanstha's College of Pharmacy, Paniv, Malshiras, Dist. Solapur",Solapur,Unaided,LOBCS,State Level,Ladies,24000,
2022-23,D Pharmacy,CAP Round I,06510,"Shriram Shikshan Sanstha's College of Pharmacy, Paniv, Malshiras, Dist. Solapur",Solapur,Unaided,PWDOPENS,State Level,Any,21031,
2022-23,D Pharmacy,CAP Round I,06510,"Shriram Shikshan Sanstha's College of Pharmacy, Paniv, Malshiras, Dist. Solapur",Solapur,Unaided,EWS,Special,Any,21672,
2022-23,D Pharmacy,CAP Round I,06510,"Shriram Shikshan Sanstha's College of Pharmacy, Paniv, Malshiras, Dist. Solapur",Solapur,Unaided,TFWS,Special,Any,7667,
2022-23,D Pharmacy,CAP Round I,06511,"Rajmata Jijau Shikshan Prasarak Mandal Institute Of Pharmacy,Haveli, Pune",Pune,Unaided,GOPENS,State Level,Any,24354,
2022-23,D Pharmacy,CAP Round I,06511,"Rajmata Jijau Shikshan Prasarak Mandal Institute Of Pharmacy,Haveli, Pune",Pune,Unaided,LOPENS,State Level,Ladies,24725,
2022-23,D Pharmacy,CAP Round I,06511,"Rajmata Jijau Shikshan Prasarak Mandal Institute Of Pharmacy,Haveli, Pune",Pune,Unaided,GSCS,State Level,Any,35777,
2022-23,D Pharmacy,CAP Round I,06511,"Rajmata Jijau Shikshan Prasarak Mandal Institute Of Pharmacy,Haveli, Pune",Pune,Unaided,LSCS,State Level,Ladies,40477,
2022-23,D Pharmacy,CAP Round I,06511,"Rajmata Jijau Shikshan Prasarak Mandal Institute Of Pharmacy,Haveli, Pune",Pune,Unaided,GSTS,State Level,Any,54039,
2022-23,D Pharmacy,CAP Round I,06511,"Rajmata Jijau Shikshan Prasarak Mandal Institute Of Pharmacy,Haveli, Pune",Pune,Unaided,LSTS,State Level,Ladies,63193,
2022-23,D Pharmacy,CAP Round I,06511,"Rajmata Jijau Shikshan Prasarak Mandal Institute Of Pharmacy,Haveli, Pune",Pune,Unaided,GVJS,State Level,Any,30590,
2022-23,D Pharmacy,CAP Round I,06511,"Rajmata Jijau Shikshan Prasarak Mandal Institute Of Pharmacy,Haveli, Pune",Pune,Unaided,GNT1S,State Level,Any,31269,
2022-23,D Pharmacy,CAP Round I,06511,"Rajmata Jijau Shikshan Prasarak Mandal Institute Of Pharmacy,Haveli, Pune",Pune,Unaided,GNT2S,State Level,Any,31132,
2022-23,D Pharmacy,CAP Round I,06511,"Rajmata Jijau Shikshan Prasarak Mandal Institute Of Pharmacy,Haveli, Pune",Pune,Unaided,LNT2S,State Level,Ladies,33863,
2022-23,D Pharmacy,CAP Round I,06511,"Rajmata Jijau Shikshan Prasarak Mandal Institute Of Pharmacy,Haveli, Pune",Pune,Unaided,GNT3S,State Level,Any,31440,
2022-23,D Pharmacy,CAP Round I,06511,"Rajmata Jijau Shikshan Prasarak Mandal Institute Of Pharmacy,Haveli, Pune",Pune,Unaided,GOBCS,State Level,Any,46872,
2022-23,D Pharmacy,CAP Round I,06511,"Rajmata Jijau Shikshan Prasarak Mandal Institute Of Pharmacy,Haveli, Pune",Pune,Unaided,LOBCS,State Level,Ladies,39006,
2022-23,D Pharmacy,CAP Round I,06511,"Rajmata Jijau Shikshan Prasarak Mandal Institute Of Pharmacy,Haveli, Pune",Pune,Unaided,PWDOPENS,State Level,Any,44603,
2022-23,D Pharmacy,CAP Round I,06511,"Rajmata Jijau Shikshan Prasarak Mandal Institute Of Pharmacy,Haveli, Pune",Pune,Unaided,EWS,Special,Any,33200,
2022-23,D Pharmacy,CAP Round I,06511,"Rajmata Jijau Shikshan Prasarak Mandal Institute Of Pharmacy,Haveli, Pune",Pune,Unaided,TFWS,Special,Any,13934,
2022-23,D Pharmacy,CAP Round I,06512,"Shivneri Foundation's Shivneri Institute Of Pharmacy, Khanapur, Junna.",Jalna,Unaided,GOPENS,State Level,Any,49821,
2022-23,D Pharmacy,CAP Round I,06512,"Shivneri Foundation's Shivneri Institute Of Pharmacy, Khanapur, Junna.",Jalna,Unaided,LOPENS,State Level,Ladies,50008,
2022-23,D Pharmacy,CAP Round I,06512,"Shivneri Foundation's Shivneri Institute Of Pharmacy, Khanapur, Junna.",Jalna,Unaided,GSCS,State Level,Any,65399,
2022-23,D Pharmacy,CAP Round I,06512,"Shivneri Foundation's Shivneri Institute Of Pharmacy, Khanapur, Junna.",Jalna,Unaided,LSCS,State Level,Ladies,72234,
2022-23,D Pharmacy,CAP Round I,06512,"Shivneri Foundation's Shivneri Institute Of Pharmacy, Khanapur, Junna.",Jalna,Unaided,GSTS,State Level,Any,69080,
2022-23,D Pharmacy,CAP Round I,06512,"Shivneri Foundation's Shivneri Institute Of Pharmacy, Khanapur, Junna.",Jalna,Unaided,GVJS,State Level,Any,53929,
2022-23,D Pharmacy,CAP Round I,06512,"Shivneri Foundation's Shivneri Institute Of Pharmacy, Khanapur, Junna.",Jalna,Unaided,LVJS,State Level,Ladies,68304,
2022-23,D Pharmacy,CAP Round I,06512,"Shivneri Foundation's Shivneri Institute Of Pharmacy, Khanapur, Junna.",Jalna,Unaided,GNT1S,State Level,Any,55378,
2022-23,D Pharmacy,CAP Round I,06512,"Shivneri Foundation's Shivneri Institute Of Pharmacy, Khanapur, Junna.",Jalna,Unaided,GNT2S,State Level,Any,51169,
2022-23,D Pharmacy,CAP Round I,06512,"Shivneri Foundation's Shivneri Institute Of Pharmacy, Khanapur, Junna.",Jalna,Unaided,GNT3S,State Level,Any,58264,
2022-23,D Pharmacy,CAP Round I,06512,"Shivneri Foundation's Shivneri Institute Of Pharmacy, Khanapur, Junna.",Jalna,Unaided,GOBCS,State Level,Any,63665,
2022-23,D Pharmacy,CAP Round I,06512,"Shivneri Foundation's Shivneri Institute Of Pharmacy, Khanapur, Junna.",Jalna,Unaided,LOBCS,State Level,Ladies,63430,
2022-23,D Pharmacy,CAP Round I,06512,"Shivneri Foundation's Shivneri Institute Of Pharmacy, Khanapur, Junna.",Jalna,Unaided,EWS,Special,Any,45504,
2022-23,D Pharmacy,CAP Round I,06512,"Shivneri Foundation's Shivneri Institute Of Pharmacy, Khanapur, Junna.",Jalna,Unaided,TFWS,Special,Any,25598,
2022-23,D Pharmacy,CAP Round I,06513,"Lokseva Pratisthan's Lokseva College Of Pharmacy, Phulgaon, Haveli, Pune",Pune,Unaided,GOPENS,State Level,Any,40032,
2022-23,D Pharmacy,CAP Round I,06513,"Lokseva Pratisthan's Lokseva College Of Pharmacy, Phulgaon, Haveli, Pune",Pune,Unaided,LOPENS,State Level,Ladies,38289,
2022-23,D Pharmacy,CAP Round I,06513,"Lokseva Pratisthan's Lokseva College Of Pharmacy, Phulgaon, Haveli, Pune",Pune,Unaided,GSCS,State Level,Any,56069,
2022-23,D Pharmacy,CAP Round I,06513,"Lokseva Pratisthan's Lokseva College Of Pharmacy, Phulgaon, Haveli, Pune",Pune,Unaided,LSCS,State Level,Ladies,64786,
2022-23,D Pharmacy,CAP Round I,06513,"Lokseva Pratisthan's Lokseva College Of Pharmacy, Phulgaon, Haveli, Pune",Pune,Unaided,GSTS,State Level,Any,81964,
2022-23,D Pharmacy,CAP Round I,06513,"Lokseva Pratisthan's Lokseva College Of Pharmacy, Phulgaon, Haveli, Pune",Pune,Unaided,LSTS,State Level,Ladies,75055,
2022-23,D Pharmacy,CAP Round I,06513,"Lokseva Pratisthan's Lokseva College Of Pharmacy, Phulgaon, Haveli, Pune",Pune,Unaided,GVJS,State Level,Any,45111,
2022-23,D Pharmacy,CAP Round I,06513,"Lokseva Pratisthan's Lokseva College Of Pharmacy, Phulgaon, Haveli, Pune",Pune,Unaided,LVJS,State Level,Ladies,56804,
2022-23,D Pharmacy,CAP Round I,06513,"Lokseva Pratisthan's Lokseva College Of Pharmacy, Phulgaon, Haveli, Pune",Pune,Unaided,GNT1S,State Level,Any,47751,
2022-23,D Pharmacy,CAP Round I,06513,"Lokseva Pratisthan's Lokseva College Of Pharmacy, Phulgaon, Haveli, Pune",Pune,Unaided,GNT2S,State Level,Any,41436,
2022-23,D Pharmacy,CAP Round I,06513,"Lokseva Pratisthan's Lokseva College Of Pharmacy, Phulgaon, Haveli, Pune",Pune,Unaided,LNT3S,State Level,Ladies,43056,
2022-23,D Pharmacy,CAP Round I,06513,"Lokseva Pratisthan's Lokseva College Of Pharmacy, Phulgaon, Haveli, Pune",Pune,Unaided,GOBCS,State Level,Any,59394,
2022-23,D Pharmacy,CAP Round I,06513,"Lokseva Pratisthan's Lokseva College Of Pharmacy, Phulgaon, Haveli, Pune",Pune,Unaided,LOBCS,State Level,Ladies,53340,
2022-23,D Pharmacy,CAP Round I,06513,"Lokseva Pratisthan's Lokseva College Of Pharmacy, Phulgaon, Haveli, Pune",Pune,Unaided,PWDOPENS,State Level,Any,55167,
2022-23,D Pharmacy,CAP Round I,06513,"Lokseva Pratisthan's Lokseva College Of Pharmacy, Phulgaon, Haveli, Pune",Pune,Unaided,EWS,Special,Any,38098,
2022-23,D Pharmacy,CAP Round I,06513,"Lokseva Pratisthan's Lokseva College Of Pharmacy, Phulgaon, Haveli, Pune",Pune,Unaided,TFWS,Special,Any,16126,
2022-23,D Pharmacy,CAP Round I,06514,"Abhinav Education Society's College Of Pharmacy, Narhe, Tal. Haveli, Dist. Pune",Pune,Unaided,GOPENS,State Level,Any,29790,
2022-23,D Pharmacy,CAP Round I,06514,"Abhinav Education Society's College Of Pharmacy, Narhe, Tal. Haveli, Dist. Pune",Pune,Unaided,LOPENS,State Level,Ladies,29856,
2022-23,D Pharmacy,CAP Round I,06514,"Abhinav Education Society's College Of Pharmacy, Narhe, Tal. Haveli, Dist. Pune",Pune,Unaided,GSCS,State Level,Any,44544,
2022-23,D Pharmacy,CAP Round I,06514,"Abhinav Education Society's College Of Pharmacy, Narhe, Tal. Haveli, Dist. Pune",Pune,Unaided,LSCS,State Level,Ladies,40494,
2022-23,D Pharmacy,CAP Round I,06514,"Abhinav Education Society's College Of Pharmacy, Narhe, Tal. Haveli, Dist. Pune",Pune,Unaided,GSTS,State Level,Any,82674,
2022-23,D Pharmacy,CAP Round I,06514,"Abhinav Education Society's College Of Pharmacy, Narhe, Tal. Haveli, Dist. Pune",Pune,Unaided,LSTS,State Level,Ladies,67493,
2022-23,D Pharmacy,CAP Round I,06514,"Abhinav Education Society's College Of Pharmacy, Narhe, Tal. Haveli, Dist. Pune",Pune,Unaided,GVJS,State Level,Any,37592,
2022-23,D Pharmacy,CAP Round I,06514,"Abhinav Education Society's College Of Pharmacy, Narhe, Tal. Haveli, Dist. Pune",Pune,Unaided,GNT1S,State Level,Any,41024,
2022-23,D Pharmacy,CAP Round I,06514,"Abhinav Education Society's College Of Pharmacy, Narhe, Tal. Haveli, Dist. Pune",Pune,Unaided,GNT2S,State Level,Any,36996,
2022-23,D Pharmacy,CAP Round I,06514,"Abhinav Education Society's College Of Pharmacy, Narhe, Tal. Haveli, Dist. Pune",Pune,Unaided,LNT2S,State Level,Ladies,31715,
2022-23,D Pharmacy,CAP Round I,06514,"Abhinav Education Society's College Of Pharmacy, Narhe, Tal. Haveli, Dist. Pune",Pune,Unaided,GNT3S,State Level,Any,31242,
2022-23,D Pharmacy,CAP Round I,06514,"Abhinav Education Society's College Of Pharmacy, Narhe, Tal. Haveli, Dist. Pune",Pune,Unaided,GOBCS,State Level,Any,51399,
2022-23,D Pharmacy,CAP Round I,06514,"Abhinav Education Society's College Of Pharmacy, Narhe, Tal. Haveli, Dist. Pune",Pune,Unaided,LOBCS,State Level,Ladies,44654,
2022-23,D Pharmacy,CAP Round I,06514,"Abhinav Education Society's College Of Pharmacy, Narhe, Tal. Haveli, Dist. Pune",Pune,Unaided,EWS,Special,Any,27924,
2022-23,D Pharmacy,CAP Round I,06514,"Abhinav Education Society's College Of Pharmacy, Narhe, Tal. Haveli, Dist. Pune",Pune,Unaided,TFWS,Special,Any,9113,
2022-23,D Pharmacy,CAP Round I,06515,"Siddhant College of Pharmacy, A/p Sudumbare, Maval",Pune,Linguistic Minority - Hindi,GOPENS,State Level,Any,24609,
2022-23,D Pharmacy,CAP Round I,06515,"Siddhant College of Pharmacy, A/p Sudumbare, Maval",Pune,Linguistic Minority - Hindi,LOPENS,State Level,Ladies,30362,
2022-23,D Pharmacy,CAP Round I,06515,"Siddhant College of Pharmacy, A/p Sudumbare, Maval",Pune,Linguistic Minority - Hindi,MI,Special,Any,83458,
2022-23,D Pharmacy,CAP Round I,06515,"Siddhant College of Pharmacy, A/p Sudumbare, Maval",Pune,Linguistic Minority - Hindi,TFWS,Special,Any,7440,
2022-23,D Pharmacy,CAP Round I,06516,"Krishna Charitable Trust's Krishna College of Pharmacy, Malkapur, Karad.",Satara,Unaided,GOPENS,State Level,Any,36789,
2022-23,D Pharmacy,CAP Round I,06516,"Krishna Charitable Trust's Krishna College of Pharmacy, Malkapur, Karad.",Satara,Unaided,LOPENS,State Level,Ladies,15955,
2022-23,D Pharmacy,CAP Round I,06516,"Krishna Charitable Trust's Krishna College of Pharmacy, Malkapur, Karad.",Satara,Unaided,GSCS,State Level,Any,43591,
2022-23,D Pharmacy,CAP Round I,06516,"Krishna Charitable Trust's Krishna College of Pharmacy, Malkapur, Karad.",Satara,Unaided,LSCS,State Level,Ladies,42447,
2022-23,D Pharmacy,CAP Round I,06516,"Krishna Charitable Trust's Krishna College of Pharmacy, Malkapur, Karad.",Satara,Unaided,GSTS,State Level,Any,54496,
2022-23,D Pharmacy,CAP Round I,06516,"Krishna Charitable Trust's Krishna College of Pharmacy, Malkapur, Karad.",Satara,Unaided,LSTS,State Level,Ladies,36851,
2022-23,D Pharmacy,CAP Round I,06516,"Krishna Charitable Trust's Krishna College of Pharmacy, Malkapur, Karad.",Satara,Unaided,GVJS,State Level,Any,53392,
2022-23,D Pharmacy,CAP Round I,06516,"Krishna Charitable Trust's Krishna College of Pharmacy, Malkapur, Karad.",Satara,Unaided,LNT1S,State Level,Ladies,41766,
2022-23,D Pharmacy,CAP Round I,06516,"Krishna Charitable Trust's Krishna College of Pharmacy, Malkapur, Karad.",Satara,Unaided,GNT2S,State Level,Any,40925,
2022-23,D Pharmacy,CAP Round I,06516,"Krishna Charitable Trust's Krishna College of Pharmacy, Malkapur, Karad.",Satara,Unaided,LNT2S,State Level,Ladies,27682,
2022-23,D Pharmacy,CAP Round I,06516,"Krishna Charitable Trust's Krishna College of Pharmacy, Malkapur, Karad.",Satara,Unaided,GNT3S,State Level,Any,64892,
2022-23,D Pharmacy,CAP Round I,06516,"Krishna Charitable Trust's Krishna College of Pharmacy, Malkapur, Karad.",Satara,Unaided,GOBCS,State Level,Any,52177,
2022-23,D Pharmacy,CAP Round I,06516,"Krishna Charitable Trust's Krishna College of Pharmacy, Malkapur, Karad.",Satara,Unaided,LOBCS,State Level,Ladies,35408,
2022-23,D Pharmacy,CAP Round I,06516,"Krishna Charitable Trust's Krishna College of Pharmacy, Malkapur, Karad.",Satara,Unaided,PWDOPENS,State Level,Any,77603,
2022-23,D Pharmacy,CAP Round I,06516,"Krishna Charitable Trust's Krishna College of Pharmacy, Malkapur, Karad.",Satara,Unaided,DEFOPENS,State Level,Any,54819,
2022-23,D Pharmacy,CAP Round I,06516,"Krishna Charitable Trust's Krishna College of Pharmacy, Malkapur, Karad.",Satara,Unaided,EWS,Special,Any,17725,
2022-23,D Pharmacy,CAP Round I,06516,"Krishna Charitable Trust's Krishna College of Pharmacy, Malkapur, Karad.",Satara,Unaided,TFWS,Special,Any,4931,
2022-23,D Pharmacy,CAP Round I,06519,"Loknete Maa. Hanumantrao Patil Charitable Trust's Adarsh Institute Of Pharmacy, Vita",Kolhapur,Unaided,GOPENS,State Level,Any,51755,
2022-23,D Pharmacy,CAP Round I,06519,"Loknete Maa. Hanumantrao Patil Charitable Trust's Adarsh Institute Of Pharmacy, Vita",Kolhapur,Unaided,LOPENS,State Level,Ladies,41760,
2022-23,D Pharmacy,CAP Round I,06519,"Loknete Maa. Hanumantrao Patil Charitable Trust's Adarsh Institute Of Pharmacy, Vita",Kolhapur,Unaided,GSCS,State Level,Any,60063,
2022-23,D Pharmacy,CAP Round I,06519,"Loknete Maa. Hanumantrao Patil Charitable Trust's Adarsh Institute Of Pharmacy, Vita",Kolhapur,Unaided,LSCS,State Level,Ladies,63942,
2022-23,D Pharmacy,CAP Round I,06519,"Loknete Maa. Hanumantrao Patil Charitable Trust's Adarsh Institute Of Pharmacy, Vita",Kolhapur,Unaided,GVJS,State Level,Any,65846,
2022-23,D Pharmacy,CAP Round I,06519,"Loknete Maa. Hanumantrao Patil Charitable Trust's Adarsh Institute Of Pharmacy, Vita",Kolhapur,Unaided,GNT1S,State Level,Any,71517,
2022-23,D Pharmacy,CAP Round I,06519,"Loknete Maa. Hanumantrao Patil Charitable Trust's Adarsh Institute Of Pharmacy, Vita",Kolhapur,Unaided,GNT2S,State Level,Any,54410,
2022-23,D Pharmacy,CAP Round I,06519,"Loknete Maa. Hanumantrao Patil Charitable Trust's Adarsh Institute Of Pharmacy, Vita",Kolhapur,Unaided,LNT3S,State Level,Ladies,78807,
2022-23,D Pharmacy,CAP Round I,06519,"Loknete Maa. Hanumantrao Patil Charitable Trust's Adarsh Institute Of Pharmacy, Vita",Kolhapur,Unaided,GOBCS,State Level,Any,68201,
2022-23,D Pharmacy,CAP Round I,06519,"Loknete Maa. Hanumantrao Patil Charitable Trust's Adarsh Institute Of Pharmacy, Vita",Kolhapur,Unaided,LOBCS,State Level,Ladies,63746,
2022-23,D Pharmacy,CAP Round I,06519,"Loknete Maa. Hanumantrao Patil Charitable Trust's Adarsh Institute Of Pharmacy, Vita",Kolhapur,Unaided,PWDOPENS,State Level,Any,76508,
2022-23,D Pharmacy,CAP Round I,06519,"Loknete Maa. Hanumantrao Patil Charitable Trust's Adarsh Institute Of Pharmacy, Vita",Kolhapur,Unaided,DEFOPENS,State Level,Any,72428,
2022-23,D Pharmacy,CAP Round I,06519,"Loknete Maa. Hanumantrao Patil Charitable Trust's Adarsh Institute Of Pharmacy, Vita",Kolhapur,Unaided,EWS,Special,Any,47112,
2022-23,D Pharmacy,CAP Round I,06519,"Loknete Maa. Hanumantrao Patil Charitable Trust's Adarsh Institute Of Pharmacy, Vita",Kolhapur,Unaided,TFWS,Special,Any,30549,
2022-23,D Pharmacy,CAP Round I,06520,"Sant Gajanan Maharaj Rural Hospital And Research Centre's Sant Gajanan Maharaj Rural Pharmacy College, Mahagaon, Kolhapur",Kolhapur,Unaided,GOPENS,State Level,Any,44889,
2022-23,D Pharmacy,CAP Round I,06520,"Sant Gajanan Maharaj Rural Hospital And Research Centre's Sant Gajanan Maharaj Rural Pharmacy College, Mahagaon, Kolhapur",Kolhapur,Unaided,LOPENS,State Level,Ladies,21892,
2022-23,D Pharmacy,CAP Round I,06520,"Sant Gajanan Maharaj Rural Hospital And Research Centre's Sant Gajanan Maharaj Rural Pharmacy College, Mahagaon, Kolhapur",Kolhapur,Unaided,GSCS,State Level,Any,57611,
2022-23,D Pharmacy,CAP Round I,06520,"Sant Gajanan Maharaj Rural Hospital And Research Centre's Sant Gajanan Maharaj Rural Pharmacy College, Mahagaon, Kolhapur",Kolhapur,Unaided,LSCS,State Level,Ladies,57443,
2022-23,D Pharmacy,CAP Round I,06520,"Sant Gajanan Maharaj Rural Hospital And Research Centre's Sant Gajanan Maharaj Rural Pharmacy College, Mahagaon, Kolhapur",Kolhapur,Unaided,GVJS,State Level,Any,55643,
2022-23,D Pharmacy,CAP Round I,06520,"Sant Gajanan Maharaj Rural Hospital And Research Centre's Sant Gajanan Maharaj Rural Pharmacy College, Mahagaon, Kolhapur",Kolhapur,Unaided,GNT1S,State Level,Any,67094,
2022-23,D Pharmacy,CAP Round I,06520,"Sant Gajanan Maharaj Rural Hospital And Research Centre's Sant Gajanan Maharaj Rural Pharmacy College, Mahagaon, Kolhapur",Kolhapur,Unaided,LNT1S,State Level,Ladies,58360,
2022-23,D Pharmacy,CAP Round I,06520,"Sant Gajanan Maharaj Rural Hospital And Research Centre's Sant Gajanan Maharaj Rural Pharmacy College, Mahagaon, Kolhapur",Kolhapur,Unaided,GNT2S,State Level,Any,48643,
2022-23,D Pharmacy,CAP Round I,06520,"Sant Gajanan Maharaj Rural Hospital And Research Centre's Sant Gajanan Maharaj Rural Pharmacy College, Mahagaon, Kolhapur",Kolhapur,Unaided,GNT3S,State Level,Any,80994,
2022-23,D Pharmacy,CAP Round I,06520,"Sant Gajanan Maharaj Rural Hospital And Research Centre's Sant Gajanan Maharaj Rural Pharmacy College, Mahagaon, Kolhapur",Kolhapur,Unaided,GOBCS,State Level,Any,72947,
2022-23,D Pharmacy,CAP Round I,06520,"Sant Gajanan Maharaj Rural Hospital And Research Centre's Sant Gajanan Maharaj Rural Pharmacy College, Mahagaon, Kolhapur",Kolhapur,Unaided,LOBCS,State Level,Ladies,53291,
2022-23,D Pharmacy,CAP Round I,06520,"Sant Gajanan Maharaj Rural Hospital And Research Centre's Sant Gajanan Maharaj Rural Pharmacy College, Mahagaon, Kolhapur",Kolhapur,Unaided,EWS,Special,Any,41803,
2022-23,D Pharmacy,CAP Round I,06520,"Sant Gajanan Maharaj Rural Hospital And Research Centre's Sant Gajanan Maharaj Rural Pharmacy College, Mahagaon, Kolhapur",Kolhapur,Unaided,TFWS,Special,Any,18892,
2022-23,D Pharmacy,CAP Round I,06522,"Shriram Education Society's Sau. Venutai Chauhan Pharmacy College, Phaltan",Satara,Unaided,GOPENS,State Level,Any,39662,
2022-23,D Pharmacy,CAP Round I,06522,"Shriram Education Society's Sau. Venutai Chauhan Pharmacy College, Phaltan",Satara,Unaided,LOPENS,State Level,Ladies,16748,
2022-23,D Pharmacy,CAP Round I,06522,"Shriram Education Society's Sau. Venutai Chauhan Pharmacy College, Phaltan",Satara,Unaided,GSCS,State Level,Any,54987,
2022-23,D Pharmacy,CAP Round I,06522,"Shriram Education Society's Sau. Venutai Chauhan Pharmacy College, Phaltan",Satara,Unaided,LSCS,State Level,Ladies,36818,
2022-23,D Pharmacy,CAP Round I,06522,"Shriram Education Society's Sau. Venutai Chauhan Pharmacy College, Phaltan",Satara,Unaided,GVJS,State Level,Any,51993,
2022-23,D Pharmacy,CAP Round I,06522,"Shriram Education Society's Sau. Venutai Chauhan Pharmacy College, Phaltan",Satara,Unaided,LVJS,State Level,Ladies,72574,
2022-23,D Pharmacy,CAP Round I,06522,"Shriram Education Society's Sau. Venutai Chauhan Pharmacy College, Phaltan",Satara,Unaided,GNT1S,State Level,Any,42099,
2022-23,D Pharmacy,CAP Round I,06522,"Shriram Education Society's Sau. Venutai Chauhan Pharmacy College, Phaltan",Satara,Unaided,GNT2S,State Level,Any,40159,
2022-23,D Pharmacy,CAP Round I,06522,"Shriram Education Society's Sau. Venutai Chauhan Pharmacy College, Phaltan",Satara,Unaided,GNT3S,State Level,Any,63923,
2022-23,D Pharmacy,CAP Round I,06522,"Shriram Education Society's Sau. Venutai Chauhan Pharmacy College, Phaltan",Satara,Unaided,GOBCS,State Level,Any,65263,
2022-23,D Pharmacy,CAP Round I,06522,"Shriram Education Society's Sau. Venutai Chauhan Pharmacy College, Phaltan",Satara,Unaided,LOBCS,State Level,Ladies,42559,
2022-23,D Pharmacy,CAP Round I,06522,"Shriram Education Society's Sau. Venutai Chauhan Pharmacy College, Phaltan",Satara,Unaided,EWS,Special,Any,52361,
2022-23,D Pharmacy,CAP Round I,06522,"Shriram Education Society's Sau. Venutai Chauhan Pharmacy College, Phaltan",Satara,Unaided,TFWS,Special,Any,25893,
2022-23,D Pharmacy,CAP Round I,06523,"Maharashtra Cosmopolitan Education Society, Institute Of Pharmacy(Diploma), Azam Campaus , Pune",Pune,Religious Minority - Muslim,GOPENS,State Level,Any,30551,
2022-23,D Pharmacy,CAP Round I,06523,"Maharashtra Cosmopolitan Education Society, Institute Of Pharmacy(Diploma), Azam Campaus , Pune",Pune,Religious Minority - Muslim,LOPENS,State Level,Ladies,30073,
2022-23,D Pharmacy,CAP Round I,06523,"Maharashtra Cosmopolitan Education Society, Institute Of Pharmacy(Diploma), Azam Campaus , Pune",Pune,Religious Minority - Muslim,MI,Special,Any,28874,
2022-23,D Pharmacy,CAP Round I,06523,"Maharashtra Cosmopolitan Education Society, Institute Of Pharmacy(Diploma), Azam Campaus , Pune",Pune,Religious Minority - Muslim,TFWS,Special,Any,1884,
2022-23,D Pharmacy,CAP Round I,06524,"Rameshwari Mauli Prathishtan of Bhalchnadra Institute of Pharmacy, Pune",Pune,Unaided,GOPENS,State Level,Any,40471,
2022-23,D Pharmacy,CAP Round I,06524,"Rameshwari Mauli Prathishtan of Bhalchnadra Institute of Pharmacy, Pune",Pune,Unaided,LOPENS,State Level,Ladies,32340,
2022-23,D Pharmacy,CAP Round I,06524,"Rameshwari Mauli Prathishtan of Bhalchnadra Institute of Pharmacy, Pune",Pune,Unaided,GSCS,State Level,Any,49868,
2022-23,D Pharmacy,CAP Round I,06524,"Rameshwari Mauli Prathishtan of Bhalchnadra Institute of Pharmacy, Pune",Pune,Unaided,LSCS,State Level,Ladies,46016,
2022-23,D Pharmacy,CAP Round I,06524,"Rameshwari Mauli Prathishtan of Bhalchnadra Institute of Pharmacy, Pune",Pune,Unaided,GSTS,State Level,Any,69943,
2022-23,D Pharmacy,CAP Round I,06524,"Rameshwari Mauli Prathishtan of Bhalchnadra Institute of Pharmacy, Pune",Pune,Unaided,LSTS,State Level,Ladies,83103,
2022-23,D Pharmacy,CAP Round I,06524,"Rameshwari Mauli Prathishtan of Bhalchnadra Institute of Pharmacy, Pune",Pune,Unaided,GVJS,State Level,Any,47699,
2022-23,D Pharmacy,CAP Round I,06524,"Rameshwari Mauli Prathishtan of Bhalchnadra Institute of Pharmacy, Pune",Pune,Unaided,GNT1S,State Level,Any,51947,
2022-23,D Pharmacy,CAP Round I,06524,"Rameshwari Mauli Prathishtan of Bhalchnadra Institute of Pharmacy, Pune",Pune,Unaided,GNT2S,State Level,Any,44523,
2022-23,D Pharmacy,CAP Round I,06524,"Rameshwari Mauli Prathishtan of Bhalchnadra Institute of Pharmacy, Pune",Pune,Unaided,LNT2S,State Level,Ladies,38496,
2022-23,D Pharmacy,CAP Round I,06524,"Rameshwari Mauli Prathishtan of Bhalchnadra Institute of Pharmacy, Pune",Pune,Unaided,LNT3S,State Level,Ladies,32472,
2022-23,D Pharmacy,CAP Round I,06524,"Rameshwari Mauli Prathishtan of Bhalchnadra Institute of Pharmacy, Pune",Pune,Unaided,GOBCS,State Level,Any,63138,
2022-23,D Pharmacy,CAP Round I,06524,"Rameshwari Mauli Prathishtan of Bhalchnadra Institute of Pharmacy, Pune",Pune,Unaided,LOBCS,State Level,Ladies,56769,
2022-23,D Pharmacy,CAP Round I,06524,"Rameshwari Mauli Prathishtan of Bhalchnadra Institute of Pharmacy, Pune",Pune,Unaided,EWS,Special,Any,39851,
2022-23,D Pharmacy,CAP Round I,06524,"Rameshwari Mauli Prathishtan of Bhalchnadra Institute of Pharmacy, Pune",Pune,Unaided,TFWS,Special,Any,23985,
2022-23,D Pharmacy,CAP Round I,06616,"Sant Gajanan Maharaj College of Pharmacy, Gadhinglaj",Kolhapur,Unaided,GOPENS,State Level,Any,41916,
2022-23,D Pharmacy,CAP Round I,06616,"Sant Gajanan Maharaj College of Pharmacy, Gadhinglaj",Kolhapur,Unaided,LOPENS,State Level,Ladies,30921,
2022-23,D Pharmacy,CAP Round I,06616,"Sant Gajanan Maharaj College of Pharmacy, Gadhinglaj",Kolhapur,Unaided,GSCS,State Level,Any,58770,
2022-23,D Pharmacy,CAP Round I,06616,"Sant Gajanan Maharaj College of Pharmacy, Gadhinglaj",Kolhapur,Unaided,LSCS,State Level,Ladies,54259,
2022-23,D Pharmacy,CAP Round I,06616,"Sant Gajanan Maharaj College of Pharmacy, Gadhinglaj",Kolhapur,Unaided,LSTS,State Level,Ladies,78766,
2022-23,D Pharmacy,CAP Round I,06616,"Sant Gajanan Maharaj College of Pharmacy, Gadhinglaj",Kolhapur,Unaided,GNT1S,State Level,Any,52876,
2022-23,D Pharmacy,CAP Round I,06616,"Sant Gajanan Maharaj College of Pharmacy, Gadhinglaj",Kolhapur,Unaided,GNT2S,State Level,Any,56457,
2022-23,D Pharmacy,CAP Round I,06616,"Sant Gajanan Maharaj College of Pharmacy, Gadhinglaj",Kolhapur,Unaided,LNT2S,State Level,Ladies,59786,
2022-23,D Pharmacy,CAP Round I,06616,"Sant Gajanan Maharaj College of Pharmacy, Gadhinglaj",Kolhapur,Unaided,GOBCS,State Level,Any,73618,
2022-23,D Pharmacy,CAP Round I,06616,"Sant Gajanan Maharaj College of Pharmacy, Gadhinglaj",Kolhapur,Unaided,LOBCS,State Level,Ladies,63480,
2022-23,D Pharmacy,CAP Round I,06616,"Sant Gajanan Maharaj College of Pharmacy, Gadhinglaj",Kolhapur,Unaided,DEFOPENS,State Level,Any,41004,
2022-23,D Pharmacy,CAP Round I,06616,"Sant Gajanan Maharaj College of Pharmacy, Gadhinglaj",Kolhapur,Unaided,EWS,Special,Any,47753,
2022-23,D Pharmacy,CAP Round I,06616,"Sant Gajanan Maharaj College of Pharmacy, Gadhinglaj",Kolhapur,Unaided,TFWS,Special,Any,20316,
2022-23,D Pharmacy,CAP Round I,06736,Shivnagar Vidya Prasarak Manda'ls Institute Of Pharmacy Malegaon,Nashik,Unaided,GOPENS,State Level,Any,8728,
2022-23,D Pharmacy,CAP Round I,06736,Shivnagar Vidya Prasarak Manda'ls Institute Of Pharmacy Malegaon,Nashik,Unaided,LOPENS,State Level,Ladies,3785,
2022-23,D Pharmacy,CAP Round I,06736,Shivnagar Vidya Prasarak Manda'ls Institute Of Pharmacy Malegaon,Nashik,Unaided,GSCS,State Level,Any,25097,
2022-23,D Pharmacy,CAP Round I,06736,Shivnagar Vidya Prasarak Manda'ls Institute Of Pharmacy Malegaon,Nashik,Unaided,LSCS,State Level,Ladies,20174,
2022-23,D Pharmacy,CAP Round I,06736,Shivnagar Vidya Prasarak Manda'ls Institute Of Pharmacy Malegaon,Nashik,Unaided,GSTS,State Level,Any,75213,
2022-23,D Pharmacy,CAP Round I,06736,Shivnagar Vidya Prasarak Manda'ls Institute Of Pharmacy Malegaon,Nashik,Unaided,GVJS,State Level,Any,32459,
2022-23,D Pharmacy,CAP Round I,06736,Shivnagar Vidya Prasarak Manda'ls Institute Of Pharmacy Malegaon,Nashik,Unaided,LNT1S,State Level,Ladies,29829,
2022-23,D Pharmacy,CAP Round I,06736,Shivnagar Vidya Prasarak Manda'ls Institute Of Pharmacy Malegaon,Nashik,Unaided,GNT2S,State Level,Any,14008,
2022-23,D Pharmacy,CAP Round I,06736,Shivnagar Vidya Prasarak Manda'ls Institute Of Pharmacy Malegaon,Nashik,Unaided,LNT2S,State Level,Ladies,3983,
2022-23,D Pharmacy,CAP Round I,06736,Shivnagar Vidya Prasarak Manda'ls Institute Of Pharmacy Malegaon,Nashik,Unaided,GNT3S,State Level,Any,18855,
2022-23,D Pharmacy,CAP Round I,06736,Shivnagar Vidya Prasarak Manda'ls Institute Of Pharmacy Malegaon,Nashik,Unaided,GOBCS,State Level,Any,16819,
2022-23,D Pharmacy,CAP Round I,06736,Shivnagar Vidya Prasarak Manda'ls Institute Of Pharmacy Malegaon,Nashik,Unaided,LOBCS,State Level,Ladies,7384,
2022-23,D Pharmacy,CAP Round I,06736,Shivnagar Vidya Prasarak Manda'ls Institute Of Pharmacy Malegaon,Nashik,Unaided,EWS,Special,Any,15012,
2022-23,D Pharmacy,CAP Round I,06736,Shivnagar Vidya Prasarak Manda'ls Institute Of Pharmacy Malegaon,Nashik,Unaided,TFWS,Special,Any,2372,
2022-23,D Pharmacy,CAP Round I,06757,"Yashoda Technical Campus, Wadhe, Satara.",Satara,Unaided,GOPENS,State Level,Any,43599,
2022-23,D Pharmacy,CAP Round I,06757,"Yashoda Technical Campus, Wadhe, Satara.",Satara,Unaided,LOPENS,State Level,Ladies,30002,
2022-23,D Pharmacy,CAP Round I,06757,"Yashoda Technical Campus, Wadhe, Satara.",Satara,Unaided,GSCS,State Level,Any,55481,
2022-23,D Pharmacy,CAP Round I,06757,"Yashoda Technical Campus, Wadhe, Satara.",Satara,Unaided,LSCS,State Level,Ladies,41319,
2022-23,D Pharmacy,CAP Round I,06757,"Yashoda Technical Campus, Wadhe, Satara.",Satara,Unaided,LSTS,State Level,Ladies,40601,
2022-23,D Pharmacy,CAP Round I,06757,"Yashoda Technical Campus, Wadhe, Satara.",Satara,Unaided,GVJS,State Level,Any,80040,
2022-23,D Pharmacy,CAP Round I,06757,"Yashoda Technical Campus, Wadhe, Satara.",Satara,Unaided,GNT1S,State Level,Any,59467,
2022-23,D Pharmacy,CAP Round I,06757,"Yashoda Technical Campus, Wadhe, Satara.",Satara,Unaided,LNT1S,State Level,Ladies,61076,
2022-23,D Pharmacy,CAP Round I,06757,"Yashoda Technical Campus, Wadhe, Satara.",Satara,Unaided,GNT2S,State Level,Any,45205,
2022-23,D Pharmacy,CAP Round I,06757,"Yashoda Technical Campus, Wadhe, Satara.",Satara,Unaided,GNT3S,State Level,Any,53372,
2022-23,D Pharmacy,CAP Round I,06757,"Yashoda Technical Campus, Wadhe, Satara.",Satara,Unaided,GOBCS,State Level,Any,63096,
2022-23,D Pharmacy,CAP Round I,06757,"Yashoda Technical Campus, Wadhe, Satara.",Satara,Unaided,LOBCS,State Level,Ladies,51847,
2022-23,D Pharmacy,CAP Round I,06757,"Yashoda Technical Campus, Wadhe, Satara.",Satara,Unaided,PWDOPENS,State Level,Any,63933,
2022-23,D Pharmacy,CAP Round I,06757,"Yashoda Technical Campus, Wadhe, Satara.",Satara,Unaided,DEFOPENS,State Level,Any,51558,
2022-23,D Pharmacy,CAP Round I,06757,"Yashoda Technical Campus, Wadhe, Satara.",Satara,Unaided,EWS,Special,Any,46279,
2022-23,D Pharmacy,CAP Round I,06757,"Yashoda Technical Campus, Wadhe, Satara.",Satara,Unaided,TFWS,Special,Any,37608,
2022-23,D Pharmacy,CAP Round I,06820,"Adarsh College of Pharmacy, Vita Dist. Sangli",Sangli,Unaided,GOPENS,State Level,Any,41605,
2022-23,D Pharmacy,CAP Round I,06820,"Adarsh College of Pharmacy, Vita Dist. Sangli",Sangli,Unaided,LOPENS,State Level,Ladies,32505,
2022-23,D Pharmacy,CAP Round I,06820,"Adarsh College of Pharmacy, Vita Dist. Sangli",Sangli,Unaided,GSCS,State Level,Any,53324,
2022-23,D Pharmacy,CAP Round I,06820,"Adarsh College of Pharmacy, Vita Dist. Sangli",Sangli,Unaided,LSCS,State Level,Ladies,42071,
2022-23,D Pharmacy,CAP Round I,06820,"Adarsh College of Pharmacy, Vita Dist. Sangli",Sangli,Unaided,LSTS,State Level,Ladies,80757,
2022-23,D Pharmacy,CAP Round I,06820,"Adarsh College of Pharmacy, Vita Dist. Sangli",Sangli,Unaided,GVJS,State Level,Any,49889,
2022-23,D Pharmacy,CAP Round I,06820,"Adarsh College of Pharmacy, Vita Dist. Sangli",Sangli,Unaided,LVJS,State Level,Ladies,60268,
2022-23,D Pharmacy,CAP Round I,06820,"Adarsh College of Pharmacy, Vita Dist. Sangli",Sangli,Unaided,GNT1S,State Level,Any,47373,
2022-23,D Pharmacy,CAP Round I,06820,"Adarsh College of Pharmacy, Vita Dist. Sangli",Sangli,Unaided,GNT2S,State Level,Any,41694,
2022-23,D Pharmacy,CAP Round I,06820,"Adarsh College of Pharmacy, Vita Dist. Sangli",Sangli,Unaided,LNT2S,State Level,Ladies,37621,
2022-23,D Pharmacy,CAP Round I,06820,"Adarsh College of Pharmacy, Vita Dist. Sangli",Sangli,Unaided,GNT3S,State Level,Any,65900,
2022-23,D Pharmacy,CAP Round I,06820,"Adarsh College of Pharmacy, Vita Dist. Sangli",Sangli,Unaided,GOBCS,State Level,Any,58705,
2022-23,D Pharmacy,CAP Round I,06820,"Adarsh College of Pharmacy, Vita Dist. Sangli",Sangli,Unaided,LOBCS,State Level,Ladies,53154,
2022-23,D Pharmacy,CAP Round I,06820,"Adarsh College of Pharmacy, Vita Dist. Sangli",Sangli,Unaided,EWS,Special,Any,35501,
2022-23,D Pharmacy,CAP Round I,06820,"Adarsh College of Pharmacy, Vita Dist. Sangli",Sangli,Unaided,TFWS,Special,Any,17039,
2022-23,D Pharmacy,CAP Round I,06827,"MAHADEVRAO WANDRE INSTITUTE OF TECHNOLOGY, TURKEWADI",Kolhapur,Unaided,GOPENS,State Level,Any,59202,
2022-23,D Pharmacy,CAP Round I,06827,"MAHADEVRAO WANDRE INSTITUTE OF TECHNOLOGY, TURKEWADI",Kolhapur,Unaided,LOPENS,State Level,Ladies,56910,
2022-23,D Pharmacy,CAP Round I,06827,"MAHADEVRAO WANDRE INSTITUTE OF TECHNOLOGY, TURKEWADI",Kolhapur,Unaided,GSCS,State Level,Any,67891,
2022-23,D Pharmacy,CAP Round I,06827,"MAHADEVRAO WANDRE INSTITUTE OF TECHNOLOGY, TURKEWADI",Kolhapur,Unaided,LSCS,State Level,Ladies,62104,
2022-23,D Pharmacy,CAP Round I,06827,"MAHADEVRAO WANDRE INSTITUTE OF TECHNOLOGY, TURKEWADI",Kolhapur,Unaided,GNT1S,State Level,Any,74930,
2022-23,D Pharmacy,CAP Round I,06827,"MAHADEVRAO WANDRE INSTITUTE OF TECHNOLOGY, TURKEWADI",Kolhapur,Unaided,GNT2S,State Level,Any,61112,
2022-23,D Pharmacy,CAP Round I,06827,"MAHADEVRAO WANDRE INSTITUTE OF TECHNOLOGY, TURKEWADI",Kolhapur,Unaided,LNT2S,State Level,Ladies,61154,
2022-23,D Pharmacy,CAP Round I,06827,"MAHADEVRAO WANDRE INSTITUTE OF TECHNOLOGY, TURKEWADI",Kolhapur,Unaided,GOBCS,State Level,Any,79638,
2022-23,D Pharmacy,CAP Round I,06827,"MAHADEVRAO WANDRE INSTITUTE OF TECHNOLOGY, TURKEWADI",Kolhapur,Unaided,LOBCS,State Level,Ladies,84272,
2022-23,D Pharmacy,CAP Round I,06827,"MAHADEVRAO WANDRE INSTITUTE OF TECHNOLOGY, TURKEWADI",Kolhapur,Unaided,EWS,Special,Any,53750,
2022-23,D Pharmacy,CAP Round I,06827,"MAHADEVRAO WANDRE INSTITUTE OF TECHNOLOGY, TURKEWADI",Kolhapur,Unaided,TFWS,Special,Any,55662,
2022-23,D Pharmacy,CAP Round I,06827,"MAHADEVRAO WANDRE INSTITUTE OF TECHNOLOGY, TURKEWADI",Kolhapur,Unaided,LOBCS,State Level,Ladies,80363,
2022-23,D Pharmacy,CAP Round I,06829,"Womens College of Pharmacy,Peth Vadgaon, Tq - Hatkanangale",Kolhapur,Unaided,LOPENS,State Level,Ladies,45510,
2022-23,D Pharmacy,CAP Round I,06829,"Womens College of Pharmacy,Peth Vadgaon, Tq - Hatkanangale",Kolhapur,Unaided,LSCS,State Level,Ladies,53748,
2022-23,D Pharmacy,CAP Round I,06829,"Womens College of Pharmacy,Peth Vadgaon, Tq - Hatkanangale",Kolhapur,Unaided,LVJS,State Level,Ladies,56685,
2022-23,D Pharmacy,CAP Round I,06829,"Womens College of Pharmacy,Peth Vadgaon, Tq - Hatkanangale",Kolhapur,Unaided,LNT1S,State Level,Ladies,53769,
2022-23,D Pharmacy,CAP Round I,06829,"Womens College of Pharmacy,Peth Vadgaon, Tq - Hatkanangale",Kolhapur,Unaided,LNT2S,State Level,Ladies,49453,
2022-23,D Pharmacy,CAP Round I,06829,"Womens College of Pharmacy,Peth Vadgaon, Tq - Hatkanangale",Kolhapur,Unaided,LOBCS,State Level,Ladies,64833,
2022-23,D Pharmacy,CAP Round I,06829,"Womens College of Pharmacy,Peth Vadgaon, Tq - Hatkanangale",Kolhapur,Unaided,PWDOPENS,State Level,Any,82092,
2022-23,D Pharmacy,CAP Round I,06829,"Womens College of Pharmacy,Peth Vadgaon, Tq - Hatkanangale",Kolhapur,Unaided,EWS,Special,Any,45427,
2022-23,D Pharmacy,CAP Round I,06833,"Dattakala College of Pharmacy, Chincholi, Daund",Pune,Unaided,GOPENS,State Level,Any,27488,
2022-23,D Pharmacy,CAP Round I,06833,"Dattakala College of Pharmacy, Chincholi, Daund",Pune,Unaided,LOPENS,State Level,Ladies,17543,
2022-23,D Pharmacy,CAP Round I,06833,"Dattakala College of Pharmacy, Chincholi, Daund",Pune,Unaided,GSCS,State Level,Any,49721,
2022-23,D Pharmacy,CAP Round I,06833,"Dattakala College of Pharmacy, Chincholi, Daund",Pune,Unaided,LSCS,State Level,Ladies,51580,
2022-23,D Pharmacy,CAP Round I,06833,"Dattakala College of Pharmacy, Chincholi, Daund",Pune,Unaided,GVJS,State Level,Any,40182,
2022-23,D Pharmacy,CAP Round I,06833,"Dattakala College of Pharmacy, Chincholi, Daund",Pune,Unaided,GNT1S,State Level,Any,45449,
2022-23,D Pharmacy,CAP Round I,06833,"Dattakala College of Pharmacy, Chincholi, Daund",Pune,Unaided,LNT1S,State Level,Ladies,59264,
2022-23,D Pharmacy,CAP Round I,06833,"Dattakala College of Pharmacy, Chincholi, Daund",Pune,Unaided,GNT2S,State Level,Any,27725,
2022-23,D Pharmacy,CAP Round I,06833,"Dattakala College of Pharmacy, Chincholi, Daund",Pune,Unaided,LNT2S,State Level,Ladies,22031,
2022-23,D Pharmacy,CAP Round I,06833,"Dattakala College of Pharmacy, Chincholi, Daund",Pune,Unaided,GNT3S,State Level,Any,32668,
2022-23,D Pharmacy,CAP Round I,06833,"Dattakala College of Pharmacy, Chincholi, Daund",Pune,Unaided,GOBCS,State Level,Any,50821,
2022-23,D Pharmacy,CAP Round I,06833,"Dattakala College of Pharmacy, Chincholi, Daund",Pune,Unaided,LOBCS,State Level,Ladies,40800,
2022-23,D Pharmacy,CAP Round I,06833,"Dattakala College of Pharmacy, Chincholi, Daund",Pune,Unaided,EWS,Special,Any,39802,
2022-23,D Pharmacy,CAP Round I,06833,"Dattakala College of Pharmacy, Chincholi, Daund",Pune,Unaided,TFWS,Special,Any,11865,
2022-23,D Pharmacy,CAP Round I,06835,"Gandhi Natha Rangji College of Diploma Pharmacy, Solapur",Solapur,Unaided,GOPENS,State Level,Any,9789,
2022-23,D Pharmacy,CAP Round I,06835,"Gandhi Natha Rangji College of Diploma Pharmacy, Solapur",Solapur,Unaided,LOPENS,State Level,Ladies,5165,
2022-23,D Pharmacy,CAP Round I,06835,"Gandhi Natha Rangji College of Diploma Pharmacy, Solapur",Solapur,Unaided,GSCS,State Level,Any,17749,
2022-23,D Pharmacy,CAP Round I,06835,"Gandhi Natha Rangji College of Diploma Pharmacy, Solapur",Solapur,Unaided,LSCS,State Level,Ladies,15991,
2022-23,D Pharmacy,CAP Round I,06835,"Gandhi Natha Rangji College of Diploma Pharmacy, Solapur",Solapur,Unaided,GSTS,State Level,Any,53945,
2022-23,D Pharmacy,CAP Round I,06835,"Gandhi Natha Rangji College of Diploma Pharmacy, Solapur",Solapur,Unaided,GVJS,State Level,Any,22018,
2022-23,D Pharmacy,CAP Round I,06835,"Gandhi Natha Rangji College of Diploma Pharmacy, Solapur",Solapur,Unaided,GNT1S,State Level,Any,15460,
2022-23,D Pharmacy,CAP Round I,06835,"Gandhi Natha Rangji College of Diploma Pharmacy, Solapur",Solapur,Unaided,GNT2S,State Level,Any,13504,
2022-23,D Pharmacy,CAP Round I,06835,"Gandhi Natha Rangji College of Diploma Pharmacy, Solapur",Solapur,Unaided,LNT3S,State Level,Ladies,15376,
2022-23,D Pharmacy,CAP Round I,06835,"Gandhi Natha Rangji College of Diploma Pharmacy, Solapur",Solapur,Unaided,GOBCS,State Level,Any,15429,
2022-23,D Pharmacy,CAP Round I,06835,"Gandhi Natha Rangji College of Diploma Pharmacy, Solapur",Solapur,Unaided,LOBCS,State Level,Ladies,11431,
2022-23,D Pharmacy,CAP Round I,06835,"Gandhi Natha Rangji College of Diploma Pharmacy, Solapur",Solapur,Unaided,EWS,Special,Any,11585,
2022-23,D Pharmacy,CAP Round I,06835,"Gandhi Natha Rangji College of Diploma Pharmacy, Solapur",Solapur,Unaided,TFWS,Special,Any,5643,
2022-23,D Pharmacy,CAP Round I,06835,"Gandhi Natha Rangji College of Diploma Pharmacy, Solapur",Solapur,Unaided,LSTS,State Level,Ladies,55649,
2022-23,D Pharmacy,CAP Round I,06879,"Loknete Shri. Dadapatil Pharate College of Pharmacy, At Post Manadavgan Pharata, Tal.Shirur, Dist. Pune",Pune,Unaided,GOPENS,State Level,Any,39950,
2022-23,D Pharmacy,CAP Round I,06879,"Loknete Shri. Dadapatil Pharate College of Pharmacy, At Post Manadavgan Pharata, Tal.Shirur, Dist. Pune",Pune,Unaided,LOPENS,State Level,Ladies,39857,
2022-23,D Pharmacy,CAP Round I,06879,"Loknete Shri. Dadapatil Pharate College of Pharmacy, At Post Manadavgan Pharata, Tal.Shirur, Dist. Pune",Pune,Unaided,GSCS,State Level,Any,58613,
2022-23,D Pharmacy,CAP Round I,06879,"Loknete Shri. Dadapatil Pharate College of Pharmacy, At Post Manadavgan Pharata, Tal.Shirur, Dist. Pune",Pune,Unaided,LSCS,State Level,Ladies,53931,
2022-23,D Pharmacy,CAP Round I,06879,"Loknete Shri. Dadapatil Pharate College of Pharmacy, At Post Manadavgan Pharata, Tal.Shirur, Dist. Pune",Pune,Unaided,GSTS,State Level,Any,59977,
2022-23,D Pharmacy,CAP Round I,06879,"Loknete Shri. Dadapatil Pharate College of Pharmacy, At Post Manadavgan Pharata, Tal.Shirur, Dist. Pune",Pune,Unaided,GVJS,State Level,Any,48592,
2022-23,D Pharmacy,CAP Round I,06879,"Loknete Shri. Dadapatil Pharate College of Pharmacy, At Post Manadavgan Pharata, Tal.Shirur, Dist. Pune",Pune,Unaided,LVJS,State Level,Ladies,52423,
2022-23,D Pharmacy,CAP Round I,06879,"Loknete Shri. Dadapatil Pharate College of Pharmacy, At Post Manadavgan Pharata, Tal.Shirur, Dist. Pune",Pune,Unaided,GNT1S,State Level,Any,55566,
2022-23,D Pharmacy,CAP Round I,06879,"Loknete Shri. Dadapatil Pharate College of Pharmacy, At Post Manadavgan Pharata, Tal.Shirur, Dist. Pune",Pune,Unaided,GNT2S,State Level,Any,41085,
2022-23,D Pharmacy,CAP Round I,06879,"Loknete Shri. Dadapatil Pharate College of Pharmacy, At Post Manadavgan Pharata, Tal.Shirur, Dist. Pune",Pune,Unaided,LNT2S,State Level,Ladies,35163,
2022-23,D Pharmacy,CAP Round I,06879,"Loknete Shri. Dadapatil Pharate College of Pharmacy, At Post Manadavgan Pharata, Tal.Shirur, Dist. Pune",Pune,Unaided,GNT3S,State Level,Any,47988,
2022-23,D Pharmacy,CAP Round I,06879,"Loknete Shri. Dadapatil Pharate College of Pharmacy, At Post Manadavgan Pharata, Tal.Shirur, Dist. Pune",Pune,Unaided,GOBCS,State Level,Any,54163,
2022-23,D Pharmacy,CAP Round I,06879,"Loknete Shri. Dadapatil Pharate College of Pharmacy, At Post Manadavgan Pharata, Tal.Shirur, Dist. Pune",Pune,Unaided,LOBCS,State Level,Ladies,41232,
2022-23,D Pharmacy,CAP Round I,06879,"Loknete Shri. Dadapatil Pharate College of Pharmacy, At Post Manadavgan Pharata, Tal.Shirur, Dist. Pune",Pune,Unaided,EWS,Special,Any,46560,
2022-23,D Pharmacy,CAP Round I,06879,"Loknete Shri. Dadapatil Pharate College of Pharmacy, At Post Manadavgan Pharata, Tal.Shirur, Dist. Pune",Pune,Unaided,TFWS,Special,Any,24919,
2022-23,D Pharmacy,CAP Round I,06886,"Nootan College of Pharmacy, Kavathe-mahankal, Sangli",Sangli,Unaided,GOPENS,State Level,Any,26825,
2022-23,D Pharmacy,CAP Round I,06886,"Nootan College of Pharmacy, Kavathe-mahankal, Sangli",Sangli,Unaided,LOPENS,State Level,Ladies,20451,
2022-23,D Pharmacy,CAP Round I,06886,"Nootan College of Pharmacy, Kavathe-mahankal, Sangli",Sangli,Unaided,GSCS,State Level,Any,54723,
2022-23,D Pharmacy,CAP Round I,06886,"Nootan College of Pharmacy, Kavathe-mahankal, Sangli",Sangli,Unaided,LSCS,State Level,Ladies,24338,
2022-23,D Pharmacy,CAP Round I,06886,"Nootan College of Pharmacy, Kavathe-mahankal, Sangli",Sangli,Unaided,GSTS,State Level,Any,79285,
2022-23,D Pharmacy,CAP Round I,06886,"Nootan College of Pharmacy, Kavathe-mahankal, Sangli",Sangli,Unaided,GVJS,State Level,Any,39288,
2022-23,D Pharmacy,CAP Round I,06886,"Nootan College of Pharmacy, Kavathe-mahankal, Sangli",Sangli,Unaided,GNT1S,State Level,Any,35319,
2022-23,D Pharmacy,CAP Round I,06886,"Nootan College of Pharmacy, Kavathe-mahankal, Sangli",Sangli,Unaided,LNT1S,State Level,Ladies,56389,
2022-23,D Pharmacy,CAP Round I,06886,"Nootan College of Pharmacy, Kavathe-mahankal, Sangli",Sangli,Unaided,GNT2S,State Level,Any,27796,
2022-23,D Pharmacy,CAP Round I,06886,"Nootan College of Pharmacy, Kavathe-mahankal, Sangli",Sangli,Unaided,LNT2S,State Level,Ladies,23959,
2022-23,D Pharmacy,CAP Round I,06886,"Nootan College of Pharmacy, Kavathe-mahankal, Sangli",Sangli,Unaided,GOBCS,State Level,Any,48824,
2022-23,D Pharmacy,CAP Round I,06886,"Nootan College of Pharmacy, Kavathe-mahankal, Sangli",Sangli,Unaided,LOBCS,State Level,Ladies,46169,
2022-23,D Pharmacy,CAP Round I,06886,"Nootan College of Pharmacy, Kavathe-mahankal, Sangli",Sangli,Unaided,EWS,Special,Any,34954,
2022-23,D Pharmacy,CAP Round I,06886,"Nootan College of Pharmacy, Kavathe-mahankal, Sangli",Sangli,Unaided,TFWS,Special,Any,19440,
2022-23,D Pharmacy,CAP Round I,06887,"Mahalaxmi Institute of Pharmacy, Raigaon, Dist.Satara",Satara,Unaided,GOPENS,State Level,Any,61512,
2022-23,D Pharmacy,CAP Round I,06887,"Mahalaxmi Institute of Pharmacy, Raigaon, Dist.Satara",Satara,Unaided,LOPENS,State Level,Ladies,60320,
2022-23,D Pharmacy,CAP Round I,06887,"Mahalaxmi Institute of Pharmacy, Raigaon, Dist.Satara",Satara,Unaided,GSCS,State Level,Any,74985,
2022-23,D Pharmacy,CAP Round I,06887,"Mahalaxmi Institute of Pharmacy, Raigaon, Dist.Satara",Satara,Unaided,LSCS,State Level,Ladies,73438,
2022-23,D Pharmacy,CAP Round I,06887,"Mahalaxmi Institute of Pharmacy, Raigaon, Dist.Satara",Satara,Unaided,GVJS,State Level,Any,75878,
2022-23,D Pharmacy,CAP Round I,06887,"Mahalaxmi Institute of Pharmacy, Raigaon, Dist.Satara",Satara,Unaided,GNT1S,State Level,Any,78671,
2022-23,D Pharmacy,CAP Round I,06887,"Mahalaxmi Institute of Pharmacy, Raigaon, Dist.Satara",Satara,Unaided,GNT2S,State Level,Any,62412,
2022-23,D Pharmacy,CAP Round I,06887,"Mahalaxmi Institute of Pharmacy, Raigaon, Dist.Satara",Satara,Unaided,LNT2S,State Level,Ladies,61637,
2022-23,D Pharmacy,CAP Round I,06887,"Mahalaxmi Institute of Pharmacy, Raigaon, Dist.Satara",Satara,Unaided,GOBCS,State Level,Any,79483,
2022-23,D Pharmacy,CAP Round I,06887,"Mahalaxmi Institute of Pharmacy, Raigaon, Dist.Satara",Satara,Unaided,LOBCS,State Level,Ladies,78041,
2022-23,D Pharmacy,CAP Round I,06887,"Mahalaxmi Institute of Pharmacy, Raigaon, Dist.Satara",Satara,Unaided,EWS,Special,Any,61130,
2022-23,D Pharmacy,CAP Round I,06887,"Mahalaxmi Institute of Pharmacy, Raigaon, Dist.Satara",Satara,Unaided,TFWS,Special,Any,55923,
2022-23,D Pharmacy,CAP Round I,06889,"Annasaheb Dange College of D. Pharmacy, Ashta, Sangli",Sangli,Unaided,GOPENS,State Level,Any,34502,
2022-23,D Pharmacy,CAP Round I,06889,"Annasaheb Dange College of D. Pharmacy, Ashta, Sangli",Sangli,Unaided,LOPENS,State Level,Ladies,17251,
2022-23,D Pharmacy,CAP Round I,06889,"Annasaheb Dange College of D. Pharmacy, Ashta, Sangli",Sangli,Unaided,GSCS,State Level,Any,53401,
2022-23,D Pharmacy,CAP Round I,06889,"Annasaheb Dange College of D. Pharmacy, Ashta, Sangli",Sangli,Unaided,LSCS,State Level,Ladies,51935,
2022-23,D Pharmacy,CAP Round I,06889,"Annasaheb Dange College of D. Pharmacy, Ashta, Sangli",Sangli,Unaided,GSTS,State Level,Any,71656,
2022-23,D Pharmacy,CAP Round I,06889,"Annasaheb Dange College of D. Pharmacy, Ashta, Sangli",Sangli,Unaided,GVJS,State Level,Any,67189,
2022-23,D Pharmacy,CAP Round I,06889,"Annasaheb Dange College of D. Pharmacy, Ashta, Sangli",Sangli,Unaided,LVJS,State Level,Ladies,67578,
2022-23,D Pharmacy,CAP Round I,06889,"Annasaheb Dange College of D. Pharmacy, Ashta, Sangli",Sangli,Unaided,LNT1S,State Level,Ladies,43134,
2022-23,D Pharmacy,CAP Round I,06889,"Annasaheb Dange College of D. Pharmacy, Ashta, Sangli",Sangli,Unaided,GNT2S,State Level,Any,37949,
2022-23,D Pharmacy,CAP Round I,06889,"Annasaheb Dange College of D. Pharmacy, Ashta, Sangli",Sangli,Unaided,LNT2S,State Level,Ladies,32641,
2022-23,D Pharmacy,CAP Round I,06889,"Annasaheb Dange College of D. Pharmacy, Ashta, Sangli",Sangli,Unaided,GNT3S,State Level,Any,52049,
2022-23,D Pharmacy,CAP Round I,06889,"Annasaheb Dange College of D. Pharmacy, Ashta, Sangli",Sangli,Unaided,GOBCS,State Level,Any,55865,
2022-23,D Pharmacy,CAP Round I,06889,"Annasaheb Dange College of D. Pharmacy, Ashta, Sangli",Sangli,Unaided,LOBCS,State Level,Ladies,53175,
2022-23,D Pharmacy,CAP Round I,06889,"Annasaheb Dange College of D. Pharmacy, Ashta, Sangli",Sangli,Unaided,DEFOPENS,State Level,Any,50097,
2022-23,D Pharmacy,CAP Round I,06889,"Annasaheb Dange College of D. Pharmacy, Ashta, Sangli",Sangli,Unaided,EWS,Special,Any,35155,
2022-23,D Pharmacy,CAP Round I,06889,"Annasaheb Dange College of D. Pharmacy, Ashta, Sangli",Sangli,Unaided,TFWS,Special,Any,10149,
2022-23,D Pharmacy,CAP Round I,06889,"Annasaheb Dange College of D. Pharmacy, Ashta, Sangli",Sangli,Unaided,GOPENS,State Level,Any,51834,
2022-23,D Pharmacy,CAP Round I,06889,"Annasaheb Dange College of D. Pharmacy, Ashta, Sangli",Sangli,Unaided,LOPENS,State Level,Ladies,51606,
2022-23,D Pharmacy,CAP Round I,06889,"Annasaheb Dange College of D. Pharmacy, Ashta, Sangli",Sangli,Unaided,GSCS,State Level,Any,65217,
2022-23,D Pharmacy,CAP Round I,06889,"Annasaheb Dange College of D. Pharmacy, Ashta, Sangli",Sangli,Unaided,LSCS,State Level,Ladies,62438,
2022-23,D Pharmacy,CAP Round I,06889,"Annasaheb Dange College of D. Pharmacy, Ashta, Sangli",Sangli,Unaided,GVJS,State Level,Any,65226,
2022-23,D Pharmacy,CAP Round I,06889,"Annasaheb Dange College of D. Pharmacy, Ashta, Sangli",Sangli,Unaided,GNT1S,State Level,Any,62535,
2022-23,D Pharmacy,CAP Round I,06889,"Annasaheb Dange College of D. Pharmacy, Ashta, Sangli",Sangli,Unaided,GNT2S,State Level,Any,54412,
2022-23,D Pharmacy,CAP Round I,06889,"Annasaheb Dange College of D. Pharmacy, Ashta, Sangli",Sangli,Unaided,LNT2S,State Level,Ladies,44124,
2022-23,D Pharmacy,CAP Round I,06889,"Annasaheb Dange College of D. Pharmacy, Ashta, Sangli",Sangli,Unaided,GOBCS,State Level,Any,64747,
2022-23,D Pharmacy,CAP Round I,06889,"Annasaheb Dange College of D. Pharmacy, Ashta, Sangli",Sangli,Unaided,LOBCS,State Level,Ladies,55814,
2022-23,D Pharmacy,CAP Round I,06889,"Annasaheb Dange College of D. Pharmacy, Ashta, Sangli",Sangli,Unaided,PWDOPENS,State Level,Any,68046,
2022-23,D Pharmacy,CAP Round I,06889,"Annasaheb Dange College of D. Pharmacy, Ashta, Sangli",Sangli,Unaided,EWS,Special,Any,53180,
2022-23,D Pharmacy,CAP Round I,06889,"Annasaheb Dange College of D. Pharmacy, Ashta, Sangli",Sangli,Unaided,TFWS,Special,Any,21947,
2022-23,D Pharmacy,CAP Round I,06889,"Annasaheb Dange College of D. Pharmacy, Ashta, Sangli",Sangli,Unaided,LNT3S,State Level,Ladies,66909,
2022-23,D Pharmacy,CAP Round I,06891,"Eklavya College of Pharmacy, Tasgaon , Sangli",Sangli,Unaided,GOPENS,State Level,Any,51452,
2022-23,D Pharmacy,CAP Round I,06891,"Eklavya College of Pharmacy, Tasgaon , Sangli",Sangli,Unaided,LOPENS,State Level,Ladies,50160,
2022-23,D Pharmacy,CAP Round I,06891,"Eklavya College of Pharmacy, Tasgaon , Sangli",Sangli,Unaided,GSCS,State Level,Any,66932,
2022-23,D Pharmacy,CAP Round I,06891,"Eklavya College of Pharmacy, Tasgaon , Sangli",Sangli,Unaided,LSCS,State Level,Ladies,61432,
2022-23,D Pharmacy,CAP Round I,06891,"Eklavya College of Pharmacy, Tasgaon , Sangli",Sangli,Unaided,GVJS,State Level,Any,71477,
2022-23,D Pharmacy,CAP Round I,06891,"Eklavya College of Pharmacy, Tasgaon , Sangli",Sangli,Unaided,LVJS,State Level,Ladies,59745,
2022-23,D Pharmacy,CAP Round I,06891,"Eklavya College of Pharmacy, Tasgaon , Sangli",Sangli,Unaided,GNT1S,State Level,Any,60183,
2022-23,D Pharmacy,CAP Round I,06891,"Eklavya College of Pharmacy, Tasgaon , Sangli",Sangli,Unaided,GNT2S,State Level,Any,51690,
2022-23,D Pharmacy,CAP Round I,06891,"Eklavya College of Pharmacy, Tasgaon , Sangli",Sangli,Unaided,GOBCS,State Level,Any,63013,
2022-23,D Pharmacy,CAP Round I,06891,"Eklavya College of Pharmacy, Tasgaon , Sangli",Sangli,Unaided,LOBCS,State Level,Ladies,62448,
2022-23,D Pharmacy,CAP Round I,06891,"Eklavya College of Pharmacy, Tasgaon , Sangli",Sangli,Unaided,DEFOPENS,State Level,Any,51343,
2022-23,D Pharmacy,CAP Round I,06891,"Eklavya College of Pharmacy, Tasgaon , Sangli",Sangli,Unaided,EWS,Special,Any,52703,
2022-23,D Pharmacy,CAP Round I,06891,"Eklavya College of Pharmacy, Tasgaon , Sangli",Sangli,Unaided,TFWS,Special,Any,43153,
2022-23,D Pharmacy,CAP Round I,06892,"Anusaya Institute of Pharmacy, Swami-Chincholi , Tal .Daund, Pune.",Pune,Unaided,GOPENS,State Level,Any,36720,
2022-23,D Pharmacy,CAP Round I,06892,"Anusaya Institute of Pharmacy, Swami-Chincholi , Tal .Daund, Pune.",Pune,Unaided,LOPENS,State Level,Ladies,27082,
2022-23,D Pharmacy,CAP Round I,06892,"Anusaya Institute of Pharmacy, Swami-Chincholi , Tal .Daund, Pune.",Pune,Unaided,GSCS,State Level,Any,57342,
2022-23,D Pharmacy,CAP Round I,06892,"Anusaya Institute of Pharmacy, Swami-Chincholi , Tal .Daund, Pune.",Pune,Unaided,LSCS,State Level,Ladies,51800,
2022-23,D Pharmacy,CAP Round I,06892,"Anusaya Institute of Pharmacy, Swami-Chincholi , Tal .Daund, Pune.",Pune,Unaided,GSTS,State Level,Any,52993,
2022-23,D Pharmacy,CAP Round I,06892,"Anusaya Institute of Pharmacy, Swami-Chincholi , Tal .Daund, Pune.",Pune,Unaided,GVJS,State Level,Any,46826,
2022-23,D Pharmacy,CAP Round I,06892,"Anusaya Institute of Pharmacy, Swami-Chincholi , Tal .Daund, Pune.",Pune,Unaided,GNT1S,State Level,Any,54528,
2022-23,D Pharmacy,CAP Round I,06892,"Anusaya Institute of Pharmacy, Swami-Chincholi , Tal .Daund, Pune.",Pune,Unaided,LNT1S,State Level,Ladies,69201,
2022-23,D Pharmacy,CAP Round I,06892,"Anusaya Institute of Pharmacy, Swami-Chincholi , Tal .Daund, Pune.",Pune,Unaided,GNT2S,State Level,Any,36854,
2022-23,D Pharmacy,CAP Round I,06892,"Anusaya Institute of Pharmacy, Swami-Chincholi , Tal .Daund, Pune.",Pune,Unaided,GNT3S,State Level,Any,57880,
2022-23,D Pharmacy,CAP Round I,06892,"Anusaya Institute of Pharmacy, Swami-Chincholi , Tal .Daund, Pune.",Pune,Unaided,GOBCS,State Level,Any,63613,
2022-23,D Pharmacy,CAP Round I,06892,"Anusaya Institute of Pharmacy, Swami-Chincholi , Tal .Daund, Pune.",Pune,Unaided,LOBCS,State Level,Ladies,57762,
2022-23,D Pharmacy,CAP Round I,06892,"Anusaya Institute of Pharmacy, Swami-Chincholi , Tal .Daund, Pune.",Pune,Unaided,EWS,Special,Any,39858,
2022-23,D Pharmacy,CAP Round I,06892,"Anusaya Institute of Pharmacy, Swami-Chincholi , Tal .Daund, Pune.",Pune,Unaided,TFWS,Special,Any,21033,
2022-23,D Pharmacy,CAP Round I,06892,"Anusaya Institute of Pharmacy, Swami-Chincholi , Tal .Daund, Pune.",Pune,Unaided,GOPENS,State Level,Any,47896,
2022-23,D Pharmacy,CAP Round I,06892,"Anusaya Institute of Pharmacy, Swami-Chincholi , Tal .Daund, Pune.",Pune,Unaided,LOPENS,State Level,Ladies,43439,
2022-23,D Pharmacy,CAP Round I,06892,"Anusaya Institute of Pharmacy, Swami-Chincholi , Tal .Daund, Pune.",Pune,Unaided,GSCS,State Level,Any,63697,
2022-23,D Pharmacy,CAP Round I,06892,"Anusaya Institute of Pharmacy, Swami-Chincholi , Tal .Daund, Pune.",Pune,Unaided,LSCS,State Level,Ladies,50309,
2022-23,D Pharmacy,CAP Round I,06892,"Anusaya Institute of Pharmacy, Swami-Chincholi , Tal .Daund, Pune.",Pune,Unaided,GVJS,State Level,Any,71605,
2022-23,D Pharmacy,CAP Round I,06892,"Anusaya Institute of Pharmacy, Swami-Chincholi , Tal .Daund, Pune.",Pune,Unaided,LVJS,State Level,Ladies,72399,
2022-23,D Pharmacy,CAP Round I,06892,"Anusaya Institute of Pharmacy, Swami-Chincholi , Tal .Daund, Pune.",Pune,Unaided,GNT1S,State Level,Any,67101,
2022-23,D Pharmacy,CAP Round I,06892,"Anusaya Institute of Pharmacy, Swami-Chincholi , Tal .Daund, Pune.",Pune,Unaided,GNT2S,State Level,Any,49390,
2022-23,D Pharmacy,CAP Round I,06892,"Anusaya Institute of Pharmacy, Swami-Chincholi , Tal .Daund, Pune.",Pune,Unaided,LNT2S,State Level,Ladies,46433,
2022-23,D Pharmacy,CAP Round I,06892,"Anusaya Institute of Pharmacy, Swami-Chincholi , Tal .Daund, Pune.",Pune,Unaided,GOBCS,State Level,Any,68346,
2022-23,D Pharmacy,CAP Round I,06892,"Anusaya Institute of Pharmacy, Swami-Chincholi , Tal .Daund, Pune.",Pune,Unaided,LOBCS,State Level,Ladies,57998,
2022-23,D Pharmacy,CAP Round I,06892,"Anusaya Institute of Pharmacy, Swami-Chincholi , Tal .Daund, Pune.",Pune,Unaided,EWS,Special,Any,40308,
2022-23,D Pharmacy,CAP Round I,06892,"Anusaya Institute of Pharmacy, Swami-Chincholi , Tal .Daund, Pune.",Pune,Unaided,TFWS,Special,Any,20425,
2022-23,D Pharmacy,CAP Round I,06900,"Yashwant Redekar College Of Pharmacy B. Pharm. And D. Pharm., Nesari",Kolhapur,Unaided,GOPENS,State Level,Any,60153,
2022-23,D Pharmacy,CAP Round I,06900,"Yashwant Redekar College Of Pharmacy B. Pharm. And D. Pharm., Nesari",Kolhapur,Unaided,LOPENS,State Level,Ladies,55023,
2022-23,D Pharmacy,CAP Round I,06900,"Yashwant Redekar College Of Pharmacy B. Pharm. And D. Pharm., Nesari",Kolhapur,Unaided,GSCS,State Level,Any,67005,
2022-23,D Pharmacy,CAP Round I,06900,"Yashwant Redekar College Of Pharmacy B. Pharm. And D. Pharm., Nesari",Kolhapur,Unaided,LSCS,State Level,Ladies,66425,
2022-23,D Pharmacy,CAP Round I,06900,"Yashwant Redekar College Of Pharmacy B. Pharm. And D. Pharm., Nesari",Kolhapur,Unaided,GNT1S,State Level,Any,73607,
2022-23,D Pharmacy,CAP Round I,06900,"Yashwant Redekar College Of Pharmacy B. Pharm. And D. Pharm., Nesari",Kolhapur,Unaided,GNT2S,State Level,Any,62551,
2022-23,D Pharmacy,CAP Round I,06900,"Yashwant Redekar College Of Pharmacy B. Pharm. And D. Pharm., Nesari",Kolhapur,Unaided,LNT2S,State Level,Ladies,61957,
2022-23,D Pharmacy,CAP Round I,06900,"Yashwant Redekar College Of Pharmacy B. Pharm. And D. Pharm., Nesari",Kolhapur,Unaided,GOBCS,State Level,Any,81042,
2022-23,D Pharmacy,CAP Round I,06900,"Yashwant Redekar College Of Pharmacy B. Pharm. And D. Pharm., Nesari",Kolhapur,Unaided,LOBCS,State Level,Ladies,80727,
2022-23,D Pharmacy,CAP Round I,06900,"Yashwant Redekar College Of Pharmacy B. Pharm. And D. Pharm., Nesari",Kolhapur,Unaided,EWS,Special,Any,60341,
2022-23,D Pharmacy,CAP Round I,06900,"Yashwant Redekar College Of Pharmacy B. Pharm. And D. Pharm., Nesari",Kolhapur,Unaided,TFWS,Special,Any,28624,
2022-23,D Pharmacy,CAP Round I,06903,"Indrayani Vidya Mandir's Indrayani Institute of Pharmacy, Talegaon Dabhade",Pune,Unaided,GOPENS,State Level,Any,35684,
2022-23,D Pharmacy,CAP Round I,06903,"Indrayani Vidya Mandir's Indrayani Institute of Pharmacy, Talegaon Dabhade",Pune,Unaided,LOPENS,State Level,Ladies,29780,
2022-23,D Pharmacy,CAP Round I,06903,"Indrayani Vidya Mandir's Indrayani Institute of Pharmacy, Talegaon Dabhade",Pune,Unaided,GSCS,State Level,Any,57426,
2022-23,D Pharmacy,CAP Round I,06903,"Indrayani Vidya Mandir's Indrayani Institute of Pharmacy, Talegaon Dabhade",Pune,Unaided,LSCS,State Level,Ladies,56226,
2022-23,D Pharmacy,CAP Round I,06903,"Indrayani Vidya Mandir's Indrayani Institute of Pharmacy, Talegaon Dabhade",Pune,Unaided,GSTS,State Level,Any,76208,
2022-23,D Pharmacy,CAP Round I,06903,"Indrayani Vidya Mandir's Indrayani Institute of Pharmacy, Talegaon Dabhade",Pune,Unaided,LSTS,State Level,Ladies,60666,
2022-23,D Pharmacy,CAP Round I,06903,"Indrayani Vidya Mandir's Indrayani Institute of Pharmacy, Talegaon Dabhade",Pune,Unaided,GVJS,State Level,Any,41912,
2022-23,D Pharmacy,CAP Round I,06903,"Indrayani Vidya Mandir's Indrayani Institute of Pharmacy, Talegaon Dabhade",Pune,Unaided,LVJS,State Level,Ladies,58483,
2022-23,D Pharmacy,CAP Round I,06903,"Indrayani Vidya Mandir's Indrayani Institute of Pharmacy, Talegaon Dabhade",Pune,Unaided,LNT1S,State Level,Ladies,55212,
2022-23,D Pharmacy,CAP Round I,06903,"Indrayani Vidya Mandir's Indrayani Institute of Pharmacy, Talegaon Dabhade",Pune,Unaided,GNT2S,State Level,Any,38929,
2022-23,D Pharmacy,CAP Round I,06903,"Indrayani Vidya Mandir's Indrayani Institute of Pharmacy, Talegaon Dabhade",Pune,Unaided,GNT3S,State Level,Any,51556,
2022-23,D Pharmacy,CAP Round I,06903,"Indrayani Vidya Mandir's Indrayani Institute of Pharmacy, Talegaon Dabhade",Pune,Unaided,GOBCS,State Level,Any,56892,
2022-23,D Pharmacy,CAP Round I,06903,"Indrayani Vidya Mandir's Indrayani Institute of Pharmacy, Talegaon Dabhade",Pune,Unaided,LOBCS,State Level,Ladies,50773,
2022-23,D Pharmacy,CAP Round I,06903,"Indrayani Vidya Mandir's Indrayani Institute of Pharmacy, Talegaon Dabhade",Pune,Unaided,PWDOPENS,State Level,Any,52546,
2022-23,D Pharmacy,CAP Round I,06903,"Indrayani Vidya Mandir's Indrayani Institute of Pharmacy, Talegaon Dabhade",Pune,Unaided,EWS,Special,Any,28572,
2022-23,D Pharmacy,CAP Round I,06903,"Indrayani Vidya Mandir's Indrayani Institute of Pharmacy, Talegaon Dabhade",Pune,Unaided,TFWS,Special,Any,7354,
2022-23,D Pharmacy,CAP Round I,06904,"Anandi Pharmacy College, Kalambe Tarf Kale",Kolhapur,Unaided,GOPENS,State Level,Any,44271,
2022-23,D Pharmacy,CAP Round I,06904,"Anandi Pharmacy College, Kalambe Tarf Kale",Kolhapur,Unaided,LOPENS,State Level,Ladies,42849,
2022-23,D Pharmacy,CAP Round I,06904,"Anandi Pharmacy College, Kalambe Tarf Kale",Kolhapur,Unaided,GSCS,State Level,Any,54891,
2022-23,D Pharmacy,CAP Round I,06904,"Anandi Pharmacy College, Kalambe Tarf Kale",Kolhapur,Unaided,LSCS,State Level,Ladies,48843,
2022-23,D Pharmacy,CAP Round I,06904,"Anandi Pharmacy College, Kalambe Tarf Kale",Kolhapur,Unaided,GVJS,State Level,Any,76992,
2022-23,D Pharmacy,CAP Round I,06904,"Anandi Pharmacy College, Kalambe Tarf Kale",Kolhapur,Unaided,GNT1S,State Level,Any,55538,
2022-23,D Pharmacy,CAP Round I,06904,"Anandi Pharmacy College, Kalambe Tarf Kale",Kolhapur,Unaided,LNT1S,State Level,Ladies,57927,
2022-23,D Pharmacy,CAP Round I,06904,"Anandi Pharmacy College, Kalambe Tarf Kale",Kolhapur,Unaided,GNT2S,State Level,Any,58222,
2022-23,D Pharmacy,CAP Round I,06904,"Anandi Pharmacy College, Kalambe Tarf Kale",Kolhapur,Unaided,GOBCS,State Level,Any,63804,
2022-23,D Pharmacy,CAP Round I,06904,"Anandi Pharmacy College, Kalambe Tarf Kale",Kolhapur,Unaided,LOBCS,State Level,Ladies,67826,
2022-23,D Pharmacy,CAP Round I,06904,"Anandi Pharmacy College, Kalambe Tarf Kale",Kolhapur,Unaided,EWS,Special,Any,41783,
2022-23,D Pharmacy,CAP Round I,06904,"Anandi Pharmacy College, Kalambe Tarf Kale",Kolhapur,Unaided,TFWS,Special,Any,20335,
2022-23,D Pharmacy,CAP Round I,06905,"Navsahyadri Institute of Pharmacy, Naigaon( Nasarapur), Pune",Pune,Unaided,GOPENS,State Level,Any,40739,
2022-23,D Pharmacy,CAP Round I,06905,"Navsahyadri Institute of Pharmacy, Naigaon( Nasarapur), Pune",Pune,Unaided,LOPENS,State Level,Ladies,37211,
2022-23,D Pharmacy,CAP Round I,06905,"Navsahyadri Institute of Pharmacy, Naigaon( Nasarapur), Pune",Pune,Unaided,GSCS,State Level,Any,49088,
2022-23,D Pharmacy,CAP Round I,06905,"Navsahyadri Institute of Pharmacy, Naigaon( Nasarapur), Pune",Pune,Unaided,LSCS,State Level,Ladies,43509,
2022-23,D Pharmacy,CAP Round I,06905,"Navsahyadri Institute of Pharmacy, Naigaon( Nasarapur), Pune",Pune,Unaided,GVJS,State Level,Any,43540,
2022-23,D Pharmacy,CAP Round I,06905,"Navsahyadri Institute of Pharmacy, Naigaon( Nasarapur), Pune",Pune,Unaided,LVJS,State Level,Ladies,54378,
2022-23,D Pharmacy,CAP Round I,06905,"Navsahyadri Institute of Pharmacy, Naigaon( Nasarapur), Pune",Pune,Unaided,GNT1S,State Level,Any,48280,
2022-23,D Pharmacy,CAP Round I,06905,"Navsahyadri Institute of Pharmacy, Naigaon( Nasarapur), Pune",Pune,Unaided,GNT2S,State Level,Any,45837,
2022-23,D Pharmacy,CAP Round I,06905,"Navsahyadri Institute of Pharmacy, Naigaon( Nasarapur), Pune",Pune,Unaided,LNT2S,State Level,Ladies,45428,
2022-23,D Pharmacy,CAP Round I,06905,"Navsahyadri Institute of Pharmacy, Naigaon( Nasarapur), Pune",Pune,Unaided,LNT3S,State Level,Ladies,62773,
2022-23,D Pharmacy,CAP Round I,06905,"Navsahyadri Institute of Pharmacy, Naigaon( Nasarapur), Pune",Pune,Unaided,GOBCS,State Level,Any,59332,
2022-23,D Pharmacy,CAP Round I,06905,"Navsahyadri Institute of Pharmacy, Naigaon( Nasarapur), Pune",Pune,Unaided,LOBCS,State Level,Ladies,53398,
2022-23,D Pharmacy,CAP Round I,06905,"Navsahyadri Institute of Pharmacy, Naigaon( Nasarapur), Pune",Pune,Unaided,EWS,Special,Any,36203,
2022-23,D Pharmacy,CAP Round I,06905,"Navsahyadri Institute of Pharmacy, Naigaon( Nasarapur), Pune",Pune,Unaided,TFWS,Special,Any,25773,
2022-23,D Pharmacy,CAP Round I,06906,"Delight College of Pharmacy, Koregaon Bhima",Pune,Religious Minority - Muslim,GOPENS,State Level,Any,40570,
2022-23,D Pharmacy,CAP Round I,06906,"Delight College of Pharmacy, Koregaon Bhima",Pune,Religious Minority - Muslim,LOPENS,State Level,Ladies,32818,
2022-23,D Pharmacy,CAP Round I,06906,"Delight College of Pharmacy, Koregaon Bhima",Pune,Religious Minority - Muslim,MI,Special,Any,78420,
2022-23,D Pharmacy,CAP Round I,06906,"Delight College of Pharmacy, Koregaon Bhima",Pune,Religious Minority - Muslim,TFWS,Special,Any,24281,
2022-23,D Pharmacy,CAP Round I,06907,"Sarogini College of Pharmacy, Kolhapur",Kolhapur,Unaided,GOPENS,State Level,Any,41645,
2022-23,D Pharmacy,CAP Round I,06907,"Sarogini College of Pharmacy, Kolhapur",Kolhapur,Unaided,LOPENS,State Level,Ladies,41154,
2022-23,D Pharmacy,CAP Round I,06907,"Sarogini College of Pharmacy, Kolhapur",Kolhapur,Unaided,GSCS,State Level,Any,48401,
2022-23,D Pharmacy,CAP Round I,06907,"Sarogini College of Pharmacy, Kolhapur",Kolhapur,Unaided,LSCS,State Level,Ladies,40376,
2022-23,D Pharmacy,CAP Round I,06907,"Sarogini College of Pharmacy, Kolhapur",Kolhapur,Unaided,LSTS,State Level,Ladies,72386,
2022-23,D Pharmacy,CAP Round I,06907,"Sarogini College of Pharmacy, Kolhapur",Kolhapur,Unaided,GVJS,State Level,Any,43023,
2022-23,D Pharmacy,CAP Round I,06907,"Sarogini College of Pharmacy, Kolhapur",Kolhapur,Unaided,LNT1S,State Level,Ladies,32451,
2022-23,D Pharmacy,CAP Round I,06907,"Sarogini College of Pharmacy, Kolhapur",Kolhapur,Unaided,GNT2S,State Level,Any,46094,
2022-23,D Pharmacy,CAP Round I,06907,"Sarogini College of Pharmacy, Kolhapur",Kolhapur,Unaided,GNT3S,State Level,Any,61135,
2022-23,D Pharmacy,CAP Round I,06907,"Sarogini College of Pharmacy, Kolhapur",Kolhapur,Unaided,GOBCS,State Level,Any,56245,
2022-23,D Pharmacy,CAP Round I,06907,"Sarogini College of Pharmacy, Kolhapur",Kolhapur,Unaided,LOBCS,State Level,Ladies,53747,
2022-23,D Pharmacy,CAP Round I,06907,"Sarogini College of Pharmacy, Kolhapur",Kolhapur,Unaided,PWDOPENS,State Level,Any,66320,
2022-23,D Pharmacy,CAP Round I,06907,"Sarogini College of Pharmacy, Kolhapur",Kolhapur,Unaided,EWS,Special,Any,39031,
2022-23,D Pharmacy,CAP Round I,06907,"Sarogini College of Pharmacy, Kolhapur",Kolhapur,Unaided,TFWS,Special,Any,23644,
2022-23,D Pharmacy,CAP Round I,06908,"Ashokrao Mane Institute of Pharmaceutical Science and Research, Save",Sindhudurg,Unaided,GOPENS,State Level,Any,49372,
2022-23,D Pharmacy,CAP Round I,06908,"Ashokrao Mane Institute of Pharmaceutical Science and Research, Save",Sindhudurg,Unaided,LOPENS,State Level,Ladies,47755,
2022-23,D Pharmacy,CAP Round I,06908,"Ashokrao Mane Institute of Pharmaceutical Science and Research, Save",Sindhudurg,Unaided,GSCS,State Level,Any,63227,
2022-23,D Pharmacy,CAP Round I,06908,"Ashokrao Mane Institute of Pharmaceutical Science and Research, Save",Sindhudurg,Unaided,LSCS,State Level,Ladies,62533,
2022-23,D Pharmacy,CAP Round I,06908,"Ashokrao Mane Institute of Pharmaceutical Science and Research, Save",Sindhudurg,Unaided,GVJS,State Level,Any,64029,
2022-23,D Pharmacy,CAP Round I,06908,"Ashokrao Mane Institute of Pharmaceutical Science and Research, Save",Sindhudurg,Unaided,LVJS,State Level,Ladies,72425,
2022-23,D Pharmacy,CAP Round I,06908,"Ashokrao Mane Institute of Pharmaceutical Science and Research, Save",Sindhudurg,Unaided,GNT1S,State Level,Any,55844,
2022-23,D Pharmacy,CAP Round I,06908,"Ashokrao Mane Institute of Pharmaceutical Science and Research, Save",Sindhudurg,Unaided,GNT2S,State Level,Any,52642,
2022-23,D Pharmacy,CAP Round I,06908,"Ashokrao Mane Institute of Pharmaceutical Science and Research, Save",Sindhudurg,Unaided,GOBCS,State Level,Any,69744,
2022-23,D Pharmacy,CAP Round I,06908,"Ashokrao Mane Institute of Pharmaceutical Science and Research, Save",Sindhudurg,Unaided,LOBCS,State Level,Ladies,65667,
2022-23,D Pharmacy,CAP Round I,06908,"Ashokrao Mane Institute of Pharmaceutical Science and Research, Save",Sindhudurg,Unaided,DEFOPENS,State Level,Any,39731,
2022-23,D Pharmacy,CAP Round I,06908,"Ashokrao Mane Institute of Pharmaceutical Science and Research, Save",Sindhudurg,Unaided,EWS,Special,Any,47837,
2022-23,D Pharmacy,CAP Round I,06908,"Ashokrao Mane Institute of Pharmaceutical Science and Research, Save",Sindhudurg,Unaided,TFWS,Special,Any,31005,
2022-23,D Pharmacy,CAP Round I,06909,"Y.D. Mane Institute of Pharmacy, Kagal, Kolhapur",Kolhapur,Unaided,GOPENS,State Level,Any,48185,
2022-23,D Pharmacy,CAP Round I,06909,"Y.D. Mane Institute of Pharmacy, Kagal, Kolhapur",Kolhapur,Unaided,LOPENS,State Level,Ladies,36157,
2022-23,D Pharmacy,CAP Round I,06909,"Y.D. Mane Institute of Pharmacy, Kagal, Kolhapur",Kolhapur,Unaided,GSCS,State Level,Any,53950,
2022-23,D Pharmacy,CAP Round I,06909,"Y.D. Mane Institute of Pharmacy, Kagal, Kolhapur",Kolhapur,Unaided,LSCS,State Level,Ladies,50801,
2022-23,D Pharmacy,CAP Round I,06909,"Y.D. Mane Institute of Pharmacy, Kagal, Kolhapur",Kolhapur,Unaided,GVJS,State Level,Any,52603,
2022-23,D Pharmacy,CAP Round I,06909,"Y.D. Mane Institute of Pharmacy, Kagal, Kolhapur",Kolhapur,Unaided,GNT1S,State Level,Any,67080,
2022-23,D Pharmacy,CAP Round I,06909,"Y.D. Mane Institute of Pharmacy, Kagal, Kolhapur",Kolhapur,Unaided,LNT1S,State Level,Ladies,61623,
2022-23,D Pharmacy,CAP Round I,06909,"Y.D. Mane Institute of Pharmacy, Kagal, Kolhapur",Kolhapur,Unaided,GNT2S,State Level,Any,50042,
2022-23,D Pharmacy,CAP Round I,06909,"Y.D. Mane Institute of Pharmacy, Kagal, Kolhapur",Kolhapur,Unaided,LNT2S,State Level,Ladies,44416,
2022-23,D Pharmacy,CAP Round I,06909,"Y.D. Mane Institute of Pharmacy, Kagal, Kolhapur",Kolhapur,Unaided,LNT3S,State Level,Ladies,69875,
2022-23,D Pharmacy,CAP Round I,06909,"Y.D. Mane Institute of Pharmacy, Kagal, Kolhapur",Kolhapur,Unaided,GOBCS,State Level,Any,63024,
2022-23,D Pharmacy,CAP Round I,06909,"Y.D. Mane Institute of Pharmacy, Kagal, Kolhapur",Kolhapur,Unaided,LOBCS,State Level,Ladies,53284,
2022-23,D Pharmacy,CAP Round I,06909,"Y.D. Mane Institute of Pharmacy, Kagal, Kolhapur",Kolhapur,Unaided,EWS,Special,Any,45931,
2022-23,D Pharmacy,CAP Round I,06909,"Y.D. Mane Institute of Pharmacy, Kagal, Kolhapur",Kolhapur,Unaided,TFWS,Special,Any,41185,
2022-23,D Pharmacy,CAP Round I,06910,"Samarth Institute of Pharmacy, Belhe , Junnar",Pune,Unaided,GOPENS,State Level,Any,44803,
2022-23,D Pharmacy,CAP Round I,06910,"Samarth Institute of Pharmacy, Belhe , Junnar",Pune,Unaided,LOPENS,State Level,Ladies,37842,
2022-23,D Pharmacy,CAP Round I,06910,"Samarth Institute of Pharmacy, Belhe , Junnar",Pune,Unaided,GSCS,State Level,Any,68156,
2022-23,D Pharmacy,CAP Round I,06910,"Samarth Institute of Pharmacy, Belhe , Junnar",Pune,Unaided,LSCS,State Level,Ladies,66733,
2022-23,D Pharmacy,CAP Round I,06910,"Samarth Institute of Pharmacy, Belhe , Junnar",Pune,Unaided,GSTS,State Level,Any,81166,
2022-23,D Pharmacy,CAP Round I,06910,"Samarth Institute of Pharmacy, Belhe , Junnar",Pune,Unaided,GVJS,State Level,Any,50943,
2022-23,D Pharmacy,CAP Round I,06910,"Samarth Institute of Pharmacy, Belhe , Junnar",Pune,Unaided,GNT1S,State Level,Any,48485,
2022-23,D Pharmacy,CAP Round I,06910,"Samarth Institute of Pharmacy, Belhe , Junnar",Pune,Unaided,GNT2S,State Level,Any,46708,
2022-23,D Pharmacy,CAP Round I,06910,"Samarth Institute of Pharmacy, Belhe , Junnar",Pune,Unaided,LNT2S,State Level,Ladies,38380,
2022-23,D Pharmacy,CAP Round I,06910,"Samarth Institute of Pharmacy, Belhe , Junnar",Pune,Unaided,GNT3S,State Level,Any,52724,
2022-23,D Pharmacy,CAP Round I,06910,"Samarth Institute of Pharmacy, Belhe , Junnar",Pune,Unaided,GOBCS,State Level,Any,55019,
2022-23,D Pharmacy,CAP Round I,06910,"Samarth Institute of Pharmacy, Belhe , Junnar",Pune,Unaided,LOBCS,State Level,Ladies,41386,
2022-23,D Pharmacy,CAP Round I,06910,"Samarth Institute of Pharmacy, Belhe , Junnar",Pune,Unaided,EWS,Special,Any,46864,
2022-23,D Pharmacy,CAP Round I,06910,"Samarth Institute of Pharmacy, Belhe , Junnar",Pune,Unaided,TFWS,Special,Any,25923,
2022-23,D Pharmacy,CAP Round I,06911,"Zadbuke Institute of Pharmacy, Puri",Pune,Unaided,GOPENS,State Level,Any,30400,
2022-23,D Pharmacy,CAP Round I,06911,"Zadbuke Institute of Pharmacy, Puri",Pune,Unaided,LOPENS,State Level,Ladies,25584,
2022-23,D Pharmacy,CAP Round I,06911,"Zadbuke Institute of Pharmacy, Puri",Pune,Unaided,GSCS,State Level,Any,38210,
2022-23,D Pharmacy,CAP Round I,06911,"Zadbuke Institute of Pharmacy, Puri",Pune,Unaided,LSCS,State Level,Ladies,35558,
2022-23,D Pharmacy,CAP Round I,06911,"Zadbuke Institute of Pharmacy, Puri",Pune,Unaided,GVJS,State Level,Any,49189,
2022-23,D Pharmacy,CAP Round I,06911,"Zadbuke Institute of Pharmacy, Puri",Pune,Unaided,LVJS,State Level,Ladies,69006,
2022-23,D Pharmacy,CAP Round I,06911,"Zadbuke Institute of Pharmacy, Puri",Pune,Unaided,LNT1S,State Level,Ladies,46967,
2022-23,D Pharmacy,CAP Round I,06911,"Zadbuke Institute of Pharmacy, Puri",Pune,Unaided,GNT2S,State Level,Any,37846,
2022-23,D Pharmacy,CAP Round I,06911,"Zadbuke Institute of Pharmacy, Puri",Pune,Unaided,GNT3S,State Level,Any,53702,
2022-23,D Pharmacy,CAP Round I,06911,"Zadbuke Institute of Pharmacy, Puri",Pune,Unaided,GOBCS,State Level,Any,47948,
2022-23,D Pharmacy,CAP Round I,06911,"Zadbuke Institute of Pharmacy, Puri",Pune,Unaided,LOBCS,State Level,Ladies,44840,
2022-23,D Pharmacy,CAP Round I,06911,"Zadbuke Institute of Pharmacy, Puri",Pune,Unaided,PWDOPENS,State Level,Any,57699,
2022-23,D Pharmacy,CAP Round I,06911,"Zadbuke Institute of Pharmacy, Puri",Pune,Unaided,EWS,Special,Any,25871,
2022-23,D Pharmacy,CAP Round I,06911,"Zadbuke Institute of Pharmacy, Puri",Pune,Unaided,TFWS,Special,Any,14749,
2022-23,D Pharmacy,CAP Round I,06914,"Institute of Pharmaceutical Science & Research for Girls, (Bhigwan), Daund",Pune,Unaided,LOPENS,State Level,Ladies,32099,
2022-23,D Pharmacy,CAP Round I,06914,"Institute of Pharmaceutical Science & Research for Girls, (Bhigwan), Daund",Pune,Unaided,LSCS,State Level,Ladies,64610,
2022-23,D Pharmacy,CAP Round I,06914,"Institute of Pharmaceutical Science & Research for Girls, (Bhigwan), Daund",Pune,Unaided,LVJS,State Level,Ladies,62444,
2022-23,D Pharmacy,CAP Round I,06914,"Institute of Pharmaceutical Science & Research for Girls, (Bhigwan), Daund",Pune,Unaided,LNT1S,State Level,Ladies,78701,
2022-23,D Pharmacy,CAP Round I,06914,"Institute of Pharmaceutical Science & Research for Girls, (Bhigwan), Daund",Pune,Unaided,LNT2S,State Level,Ladies,37487,
2022-23,D Pharmacy,CAP Round I,06914,"Institute of Pharmaceutical Science & Research for Girls, (Bhigwan), Daund",Pune,Unaided,LNT3S,State Level,Ladies,37685,
2022-23,D Pharmacy,CAP Round I,06914,"Institute of Pharmaceutical Science & Research for Girls, (Bhigwan), Daund",Pune,Unaided,LOBCS,State Level,Ladies,57926,
2022-23,D Pharmacy,CAP Round I,06914,"Institute of Pharmaceutical Science & Research for Girls, (Bhigwan), Daund",Pune,Unaided,EWS,Special,Any,46064,
2022-23,D Pharmacy,CAP Round I,06915,"DNYANVILAS COLLEGE OF PHARMACY, DUDULGAON TAl HAVELI DIST PUNE",Pune,Unaided,GOPENS,State Level,Any,37666,
2022-23,D Pharmacy,CAP Round I,06915,"DNYANVILAS COLLEGE OF PHARMACY, DUDULGAON TAl HAVELI DIST PUNE",Pune,Unaided,LOPENS,State Level,Ladies,36365,
2022-23,D Pharmacy,CAP Round I,06915,"DNYANVILAS COLLEGE OF PHARMACY, DUDULGAON TAl HAVELI DIST PUNE",Pune,Unaided,GSCS,State Level,Any,46533,
2022-23,D Pharmacy,CAP Round I,06915,"DNYANVILAS COLLEGE OF PHARMACY, DUDULGAON TAl HAVELI DIST PUNE",Pune,Unaided,LSCS,State Level,Ladies,50530,
2022-23,D Pharmacy,CAP Round I,06915,"DNYANVILAS COLLEGE OF PHARMACY, DUDULGAON TAl HAVELI DIST PUNE",Pune,Unaided,GSTS,State Level,Any,73599,
2022-23,D Pharmacy,CAP Round I,06915,"DNYANVILAS COLLEGE OF PHARMACY, DUDULGAON TAl HAVELI DIST PUNE",Pune,Unaided,LSTS,State Level,Ladies,76212,
2022-23,D Pharmacy,CAP Round I,06915,"DNYANVILAS COLLEGE OF PHARMACY, DUDULGAON TAl HAVELI DIST PUNE",Pune,Unaided,GVJS,State Level,Any,39839,
2022-23,D Pharmacy,CAP Round I,06915,"DNYANVILAS COLLEGE OF PHARMACY, DUDULGAON TAl HAVELI DIST PUNE",Pune,Unaided,GNT1S,State Level,Any,64006,
2022-23,D Pharmacy,CAP Round I,06915,"DNYANVILAS COLLEGE OF PHARMACY, DUDULGAON TAl HAVELI DIST PUNE",Pune,Unaided,LNT1S,State Level,Ladies,38815,
2022-23,D Pharmacy,CAP Round I,06915,"DNYANVILAS COLLEGE OF PHARMACY, DUDULGAON TAl HAVELI DIST PUNE",Pune,Unaided,GNT2S,State Level,Any,46360,
2022-23,D Pharmacy,CAP Round I,06915,"DNYANVILAS COLLEGE OF PHARMACY, DUDULGAON TAl HAVELI DIST PUNE",Pune,Unaided,LNT3S,State Level,Ladies,39845,
2022-23,D Pharmacy,CAP Round I,06915,"DNYANVILAS COLLEGE OF PHARMACY, DUDULGAON TAl HAVELI DIST PUNE",Pune,Unaided,GOBCS,State Level,Any,58207,
2022-23,D Pharmacy,CAP Round I,06915,"DNYANVILAS COLLEGE OF PHARMACY, DUDULGAON TAl HAVELI DIST PUNE",Pune,Unaided,LOBCS,State Level,Ladies,49321,
2022-23,D Pharmacy,CAP Round I,06915,"DNYANVILAS COLLEGE OF PHARMACY, DUDULGAON TAl HAVELI DIST PUNE",Pune,Unaided,DEFOPENS,State Level,Any,65040,
2022-23,D Pharmacy,CAP Round I,06915,"DNYANVILAS COLLEGE OF PHARMACY, DUDULGAON TAl HAVELI DIST PUNE",Pune,Unaided,EWS,Special,Any,33679,
2022-23,D Pharmacy,CAP Round I,06915,"DNYANVILAS COLLEGE OF PHARMACY, DUDULGAON TAl HAVELI DIST PUNE",Pune,Unaided,TFWS,Special,Any,25289,
2022-23,D Pharmacy,CAP Round I,06916,PHARATE PATIL COLLEGE OF PHARMACY DIPLOMA,DIPLOMA,Unaided,GOPENS,State Level,Any,47515,
2022-23,D Pharmacy,CAP Round I,06916,PHARATE PATIL COLLEGE OF PHARMACY DIPLOMA,DIPLOMA,Unaided,LOPENS,State Level,Ladies,42731,
2022-23,D Pharmacy,CAP Round I,06916,PHARATE PATIL COLLEGE OF PHARMACY DIPLOMA,DIPLOMA,Unaided,GSCS,State Level,Any,63061,
2022-23,D Pharmacy,CAP Round I,06916,PHARATE PATIL COLLEGE OF PHARMACY DIPLOMA,DIPLOMA,Unaided,LSCS,State Level,Ladies,65324,
2022-23,D Pharmacy,CAP Round I,06916,PHARATE PATIL COLLEGE OF PHARMACY DIPLOMA,DIPLOMA,Unaided,GVJS,State Level,Any,53597,
2022-23,D Pharmacy,CAP Round I,06916,PHARATE PATIL COLLEGE OF PHARMACY DIPLOMA,DIPLOMA,Unaided,GNT1S,State Level,Any,68951,
2022-23,D Pharmacy,CAP Round I,06916,PHARATE PATIL COLLEGE OF PHARMACY DIPLOMA,DIPLOMA,Unaided,GNT2S,State Level,Any,49633,
2022-23,D Pharmacy,CAP Round I,06916,PHARATE PATIL COLLEGE OF PHARMACY DIPLOMA,DIPLOMA,Unaided,LNT2S,State Level,Ladies,48267,
2022-23,D Pharmacy,CAP Round I,06916,PHARATE PATIL COLLEGE OF PHARMACY DIPLOMA,DIPLOMA,Unaided,GNT3S,State Level,Any,58881,
2022-23,D Pharmacy,CAP Round I,06916,PHARATE PATIL COLLEGE OF PHARMACY DIPLOMA,DIPLOMA,Unaided,GOBCS,State Level,Any,62950,
2022-23,D Pharmacy,CAP Round I,06916,PHARATE PATIL COLLEGE OF PHARMACY DIPLOMA,DIPLOMA,Unaided,LOBCS,State Level,Ladies,55772,
2022-23,D Pharmacy,CAP Round I,06916,PHARATE PATIL COLLEGE OF PHARMACY DIPLOMA,DIPLOMA,Unaided,EWS,Special,Any,52111,
2022-23,D Pharmacy,CAP Round I,06916,PHARATE PATIL COLLEGE OF PHARMACY DIPLOMA,DIPLOMA,Unaided,TFWS,Special,Any,26900,
2022-23,D Pharmacy,CAP Round I,06918,"Jijamata College of Pharmacy, Sarati",Nashik,Unaided,GOPENS,State Level,Any,30481,
2022-23,D Pharmacy,CAP Round I,06918,"Jijamata College of Pharmacy, Sarati",Nashik,Unaided,LOPENS,State Level,Ladies,28000,
2022-23,D Pharmacy,CAP Round I,06918,"Jijamata College of Pharmacy, Sarati",Nashik,Unaided,GSCS,State Level,Any,46035,
2022-23,D Pharmacy,CAP Round I,06918,"Jijamata College of Pharmacy, Sarati",Nashik,Unaided,LSCS,State Level,Ladies,44860,
2022-23,D Pharmacy,CAP Round I,06918,"Jijamata College of Pharmacy, Sarati",Nashik,Unaided,GVJS,State Level,Any,48961,
2022-23,D Pharmacy,CAP Round I,06918,"Jijamata College of Pharmacy, Sarati",Nashik,Unaided,LVJS,State Level,Ladies,60002,
2022-23,D Pharmacy,CAP Round I,06918,"Jijamata College of Pharmacy, Sarati",Nashik,Unaided,GNT1S,State Level,Any,49781,
2022-23,D Pharmacy,CAP Round I,06918,"Jijamata College of Pharmacy, Sarati",Nashik,Unaided,GNT2S,State Level,Any,30606,
2022-23,D Pharmacy,CAP Round I,06918,"Jijamata College of Pharmacy, Sarati",Nashik,Unaided,GNT3S,State Level,Any,34238,
2022-23,D Pharmacy,CAP Round I,06918,"Jijamata College of Pharmacy, Sarati",Nashik,Unaided,GOBCS,State Level,Any,50706,
2022-23,D Pharmacy,CAP Round I,06918,"Jijamata College of Pharmacy, Sarati",Nashik,Unaided,LOBCS,State Level,Ladies,51553,
2022-23,D Pharmacy,CAP Round I,06918,"Jijamata College of Pharmacy, Sarati",Nashik,Unaided,EWS,Special,Any,32740,
2022-23,D Pharmacy,CAP Round I,06918,"Jijamata College of Pharmacy, Sarati",Nashik,Unaided,TFWS,Special,Any,11818,
2022-23,D Pharmacy,CAP Round I,06921,"Elixir Institute of Pharmacy, Pune",Pune,Religious Minority - Jain,GOPENS,State Level,Any,46905,
2022-23,D Pharmacy,CAP Round I,06921,"Elixir Institute of Pharmacy, Pune",Pune,Religious Minority - Jain,LOPENS,State Level,Ladies,49356,
2022-23,D Pharmacy,CAP Round I,06921,"Elixir Institute of Pharmacy, Pune",Pune,Religious Minority - Jain,MI,Special,Any,77806,
2022-23,D Pharmacy,CAP Round I,06921,"Elixir Institute of Pharmacy, Pune",Pune,Religious Minority - Jain,TFWS,Special,Any,27295,
2022-23,D Pharmacy,CAP Round I,06922,"Siddhant School of Pharmacy ( Women ), Pune",Pune,Linguistic Minority - Hindi,LOPENS,State Level,Ladies,42385,
2022-23,D Pharmacy,CAP Round I,06923,"Padmini College of Pharmacy, Atpadi, Sangli",Sangli,Unaided,GOPENS,State Level,Any,37173,
2022-23,D Pharmacy,CAP Round I,06923,"Padmini College of Pharmacy, Atpadi, Sangli",Sangli,Unaided,LOPENS,State Level,Ladies,27529,
2022-23,D Pharmacy,CAP Round I,06923,"Padmini College of Pharmacy, Atpadi, Sangli",Sangli,Unaided,GSCS,State Level,Any,55264,
2022-23,D Pharmacy,CAP Round I,06923,"Padmini College of Pharmacy, Atpadi, Sangli",Sangli,Unaided,LSCS,State Level,Ladies,50809,
2022-23,D Pharmacy,CAP Round I,06923,"Padmini College of Pharmacy, Atpadi, Sangli",Sangli,Unaided,GVJS,State Level,Any,58293,
2022-23,D Pharmacy,CAP Round I,06923,"Padmini College of Pharmacy, Atpadi, Sangli",Sangli,Unaided,LVJS,State Level,Ladies,53937,
2022-23,D Pharmacy,CAP Round I,06923,"Padmini College of Pharmacy, Atpadi, Sangli",Sangli,Unaided,LNT1S,State Level,Ladies,37560,
2022-23,D Pharmacy,CAP Round I,06923,"Padmini College of Pharmacy, Atpadi, Sangli",Sangli,Unaided,GNT2S,State Level,Any,37446,
2022-23,D Pharmacy,CAP Round I,06923,"Padmini College of Pharmacy, Atpadi, Sangli",Sangli,Unaided,LNT2S,State Level,Ladies,29756,
2022-23,D Pharmacy,CAP Round I,06923,"Padmini College of Pharmacy, Atpadi, Sangli",Sangli,Unaided,GOBCS,State Level,Any,50927,
2022-23,D Pharmacy,CAP Round I,06923,"Padmini College of Pharmacy, Atpadi, Sangli",Sangli,Unaided,LOBCS,State Level,Ladies,39501,
2022-23,D Pharmacy,CAP Round I,06923,"Padmini College of Pharmacy, Atpadi, Sangli",Sangli,Unaided,DEFOPENS,State Level,Any,76714,
2022-23,D Pharmacy,CAP Round I,06923,"Padmini College of Pharmacy, Atpadi, Sangli",Sangli,Unaided,EWS,Special,Any,38854,
2022-23,D Pharmacy,CAP Round I,06923,"Padmini College of Pharmacy, Atpadi, Sangli",Sangli,Unaided,TFWS,Special,Any,37544,
2022-23,D Pharmacy,CAP Round I,06923,"Padmini College of Pharmacy, Atpadi, Sangli",Sangli,Unaided,LNT3S,State Level,Ladies,80432,
2022-23,D Pharmacy,CAP Round I,06927,S.S.P Shikshan Sansthas Siddhi College Of Pharmacy,Pharmacy,Linguistic Minority - Kannada,GOPENS,State Level,Any,37892,
2022-23,D Pharmacy,CAP Round I,06927,S.S.P Shikshan Sansthas Siddhi College Of Pharmacy,Pharmacy,Linguistic Minority - Kannada,LOPENS,State Level,Ladies,35689,
2022-23,D Pharmacy,CAP Round I,06927,S.S.P Shikshan Sansthas Siddhi College Of Pharmacy,Pharmacy,Linguistic Minority - Kannada,MI,Special,Any,76116,
2022-23,D Pharmacy,CAP Round I,06927,S.S.P Shikshan Sansthas Siddhi College Of Pharmacy,Pharmacy,Linguistic Minority - Kannada,TFWS,Special,Any,30946,
2022-23,D Pharmacy,CAP Round I,06930,"Delonix Society's Baramati College Of Pharmacy, Barhanpur",Amravati,Unaided,GOPENS,State Level,Any,28070,
2022-23,D Pharmacy,CAP Round I,06930,"Delonix Society's Baramati College Of Pharmacy, Barhanpur",Amravati,Unaided,LOPENS,State Level,Ladies,22593,
2022-23,D Pharmacy,CAP Round I,06930,"Delonix Society's Baramati College Of Pharmacy, Barhanpur",Amravati,Unaided,GSCS,State Level,Any,37806,
2022-23,D Pharmacy,CAP Round I,06930,"Delonix Society's Baramati College Of Pharmacy, Barhanpur",Amravati,Unaided,LSCS,State Level,Ladies,30065,
2022-23,D Pharmacy,CAP Round I,06930,"Delonix Society's Baramati College Of Pharmacy, Barhanpur",Amravati,Unaided,GVJS,State Level,Any,29692,
2022-23,D Pharmacy,CAP Round I,06930,"Delonix Society's Baramati College Of Pharmacy, Barhanpur",Amravati,Unaided,GNT1S,State Level,Any,36048,
2022-23,D Pharmacy,CAP Round I,06930,"Delonix Society's Baramati College Of Pharmacy, Barhanpur",Amravati,Unaided,GNT2S,State Level,Any,28456,
2022-23,D Pharmacy,CAP Round I,06930,"Delonix Society's Baramati College Of Pharmacy, Barhanpur",Amravati,Unaided,LNT2S,State Level,Ladies,22598,
2022-23,D Pharmacy,CAP Round I,06930,"Delonix Society's Baramati College Of Pharmacy, Barhanpur",Amravati,Unaided,GNT3S,State Level,Any,34640,
2022-23,D Pharmacy,CAP Round I,06930,"Delonix Society's Baramati College Of Pharmacy, Barhanpur",Amravati,Unaided,GOBCS,State Level,Any,39183,
2022-23,D Pharmacy,CAP Round I,06930,"Delonix Society's Baramati College Of Pharmacy, Barhanpur",Amravati,Unaided,LOBCS,State Level,Ladies,36738,
2022-23,D Pharmacy,CAP Round I,06930,"Delonix Society's Baramati College Of Pharmacy, Barhanpur",Amravati,Unaided,EWS,Special,Any,28323,
2022-23,D Pharmacy,CAP Round I,06930,"Delonix Society's Baramati College Of Pharmacy, Barhanpur",Amravati,Unaided,TFWS,Special,Any,18818,
2022-23,D Pharmacy,CAP Round I,06931,"Samarth College Of Pharmacy, A/P Belhe, Bangarwadi",Pune,Unaided,GOPENS,State Level,Any,53537,
2022-23,D Pharmacy,CAP Round I,06931,"Samarth College Of Pharmacy, A/P Belhe, Bangarwadi",Pune,Unaided,LOPENS,State Level,Ladies,40538,
2022-23,D Pharmacy,CAP Round I,06931,"Samarth College Of Pharmacy, A/P Belhe, Bangarwadi",Pune,Unaided,GSCS,State Level,Any,69439,
2022-23,D Pharmacy,CAP Round I,06931,"Samarth College Of Pharmacy, A/P Belhe, Bangarwadi",Pune,Unaided,LSCS,State Level,Ladies,74983,
2022-23,D Pharmacy,CAP Round I,06931,"Samarth College Of Pharmacy, A/P Belhe, Bangarwadi",Pune,Unaided,GVJS,State Level,Any,53954,
2022-23,D Pharmacy,CAP Round I,06931,"Samarth College Of Pharmacy, A/P Belhe, Bangarwadi",Pune,Unaided,GNT1S,State Level,Any,81187,
2022-23,D Pharmacy,CAP Round I,06931,"Samarth College Of Pharmacy, A/P Belhe, Bangarwadi",Pune,Unaided,GNT2S,State Level,Any,53959,
2022-23,D Pharmacy,CAP Round I,06931,"Samarth College Of Pharmacy, A/P Belhe, Bangarwadi",Pune,Unaided,LNT2S,State Level,Ladies,43459,
2022-23,D Pharmacy,CAP Round I,06931,"Samarth College Of Pharmacy, A/P Belhe, Bangarwadi",Pune,Unaided,GNT3S,State Level,Any,61288,
2022-23,D Pharmacy,CAP Round I,06931,"Samarth College Of Pharmacy, A/P Belhe, Bangarwadi",Pune,Unaided,GOBCS,State Level,Any,65878,
2022-23,D Pharmacy,CAP Round I,06931,"Samarth College Of Pharmacy, A/P Belhe, Bangarwadi",Pune,Unaided,LOBCS,State Level,Ladies,58801,
2022-23,D Pharmacy,CAP Round I,06931,"Samarth College Of Pharmacy, A/P Belhe, Bangarwadi",Pune,Unaided,EWS,Special,Any,55540,
2022-23,D Pharmacy,CAP Round I,06931,"Samarth College Of Pharmacy, A/P Belhe, Bangarwadi",Pune,Unaided,TFWS,Special,Any,29037,
2022-23,D Pharmacy,CAP Round I,06932,Dr Bapuji Salunkhe Institute Of Pharmacy Miraj,Sangli,Unaided,GOPENS,State Level,Any,31845,
2022-23,D Pharmacy,CAP Round I,06932,Dr Bapuji Salunkhe Institute Of Pharmacy Miraj,Sangli,Unaided,LOPENS,State Level,Ladies,17863,
2022-23,D Pharmacy,CAP Round I,06932,Dr Bapuji Salunkhe Institute Of Pharmacy Miraj,Sangli,Unaided,GSCS,State Level,Any,57044,
2022-23,D Pharmacy,CAP Round I,06932,Dr Bapuji Salunkhe Institute Of Pharmacy Miraj,Sangli,Unaided,LSCS,State Level,Ladies,39677,
2022-23,D Pharmacy,CAP Round I,06932,Dr Bapuji Salunkhe Institute Of Pharmacy Miraj,Sangli,Unaided,GVJS,State Level,Any,60673,
2022-23,D Pharmacy,CAP Round I,06932,Dr Bapuji Salunkhe Institute Of Pharmacy Miraj,Sangli,Unaided,LVJS,State Level,Ladies,55573,
2022-23,D Pharmacy,CAP Round I,06932,Dr Bapuji Salunkhe Institute Of Pharmacy Miraj,Sangli,Unaided,LNT1S,State Level,Ladies,58940,
2022-23,D Pharmacy,CAP Round I,06932,Dr Bapuji Salunkhe Institute Of Pharmacy Miraj,Sangli,Unaided,GNT2S,State Level,Any,37441,
2022-23,D Pharmacy,CAP Round I,06932,Dr Bapuji Salunkhe Institute Of Pharmacy Miraj,Sangli,Unaided,GNT3S,State Level,Any,73834,
2022-23,D Pharmacy,CAP Round I,06932,Dr Bapuji Salunkhe Institute Of Pharmacy Miraj,Sangli,Unaided,GOBCS,State Level,Any,52541,
2022-23,D Pharmacy,CAP Round I,06932,Dr Bapuji Salunkhe Institute Of Pharmacy Miraj,Sangli,Unaided,LOBCS,State Level,Ladies,29505,
2022-23,D Pharmacy,CAP Round I,06932,Dr Bapuji Salunkhe Institute Of Pharmacy Miraj,Sangli,Unaided,EWS,Special,Any,45326,
2022-23,D Pharmacy,CAP Round I,06932,Dr Bapuji Salunkhe Institute Of Pharmacy Miraj,Sangli,Unaided,TFWS,Special,Any,14728,
2022-23,D Pharmacy,CAP Round I,06933,"Sarsam College Of Pharmacy, Palshiwadi",Pune,Unaided,GOPENS,State Level,Any,49410,
2022-23,D Pharmacy,CAP Round I,06933,"Sarsam College Of Pharmacy, Palshiwadi",Pune,Unaided,LOPENS,State Level,Ladies,32964,
2022-23,D Pharmacy,CAP Round I,06933,"Sarsam College Of Pharmacy, Palshiwadi",Pune,Unaided,GSCS,State Level,Any,66572,
2022-23,D Pharmacy,CAP Round I,06933,"Sarsam College Of Pharmacy, Palshiwadi",Pune,Unaided,LSCS,State Level,Ladies,66156,
2022-23,D Pharmacy,CAP Round I,06933,"Sarsam College Of Pharmacy, Palshiwadi",Pune,Unaided,GVJS,State Level,Any,51116,
2022-23,D Pharmacy,CAP Round I,06933,"Sarsam College Of Pharmacy, Palshiwadi",Pune,Unaided,LVJS,State Level,Ladies,38740,
2022-23,D Pharmacy,CAP Round I,06933,"Sarsam College Of Pharmacy, Palshiwadi",Pune,Unaided,GNT1S,State Level,Any,57993,
2022-23,D Pharmacy,CAP Round I,06933,"Sarsam College Of Pharmacy, Palshiwadi",Pune,Unaided,GNT2S,State Level,Any,49654,
2022-23,D Pharmacy,CAP Round I,06933,"Sarsam College Of Pharmacy, Palshiwadi",Pune,Unaided,LNT2S,State Level,Ladies,39206,
2022-23,D Pharmacy,CAP Round I,06933,"Sarsam College Of Pharmacy, Palshiwadi",Pune,Unaided,GNT3S,State Level,Any,56135,
2022-23,D Pharmacy,CAP Round I,06933,"Sarsam College Of Pharmacy, Palshiwadi",Pune,Unaided,GOBCS,State Level,Any,67396,
2022-23,D Pharmacy,CAP Round I,06933,"Sarsam College Of Pharmacy, Palshiwadi",Pune,Unaided,LOBCS,State Level,Ladies,64533,
2022-23,D Pharmacy,CAP Round I,06933,"Sarsam College Of Pharmacy, Palshiwadi",Pune,Unaided,EWS,Special,Any,56229,
2022-23,D Pharmacy,CAP Round I,06933,"Sarsam College Of Pharmacy, Palshiwadi",Pune,Unaided,TFWS,Special,Any,30172,
2022-23,D Pharmacy,CAP Round I,06934,Pune District Education Associations College Of Pharmacy Hadapsar Pune,Pune,Unaided,GOPENS,State Level,Any,27498,
2022-23,D Pharmacy,CAP Round I,06934,Pune District Education Associations College Of Pharmacy Hadapsar Pune,Pune,Unaided,LOPENS,State Level,Ladies,27192,
2022-23,D Pharmacy,CAP Round I,06934,Pune District Education Associations College Of Pharmacy Hadapsar Pune,Pune,Unaided,GSCS,State Level,Any,37489,
2022-23,D Pharmacy,CAP Round I,06934,Pune District Education Associations College Of Pharmacy Hadapsar Pune,Pune,Unaided,LSCS,State Level,Ladies,35465,
2022-23,D Pharmacy,CAP Round I,06934,Pune District Education Associations College Of Pharmacy Hadapsar Pune,Pune,Unaided,GSTS,State Level,Any,40018,
2022-23,D Pharmacy,CAP Round I,06934,Pune District Education Associations College Of Pharmacy Hadapsar Pune,Pune,Unaided,LSTS,State Level,Ladies,37984,
2022-23,D Pharmacy,CAP Round I,06934,Pune District Education Associations College Of Pharmacy Hadapsar Pune,Pune,Unaided,GVJS,State Level,Any,35796,
2022-23,D Pharmacy,CAP Round I,06934,Pune District Education Associations College Of Pharmacy Hadapsar Pune,Pune,Unaided,GNT1S,State Level,Any,34198,
2022-23,D Pharmacy,CAP Round I,06934,Pune District Education Associations College Of Pharmacy Hadapsar Pune,Pune,Unaided,LNT1S,State Level,Ladies,52582,
2022-23,D Pharmacy,CAP Round I,06934,Pune District Education Associations College Of Pharmacy Hadapsar Pune,Pune,Unaided,GNT2S,State Level,Any,28196,
2022-23,D Pharmacy,CAP Round I,06934,Pune District Education Associations College Of Pharmacy Hadapsar Pune,Pune,Unaided,LNT2S,State Level,Ladies,31139,
2022-23,D Pharmacy,CAP Round I,06934,Pune District Education Associations College Of Pharmacy Hadapsar Pune,Pune,Unaided,GNT3S,State Level,Any,29070,
2022-23,D Pharmacy,CAP Round I,06934,Pune District Education Associations College Of Pharmacy Hadapsar Pune,Pune,Unaided,GOBCS,State Level,Any,51845,
2022-23,D Pharmacy,CAP Round I,06934,Pune District Education Associations College Of Pharmacy Hadapsar Pune,Pune,Unaided,LOBCS,State Level,Ladies,47902,
2022-23,D Pharmacy,CAP Round I,06934,Pune District Education Associations College Of Pharmacy Hadapsar Pune,Pune,Unaided,EWS,Special,Any,26269,
2022-23,D Pharmacy,CAP Round I,06934,Pune District Education Associations College Of Pharmacy Hadapsar Pune,Pune,Unaided,TFWS,Special,Any,7624,
2022-23,D Pharmacy,CAP Round I,06935,"Lokmangal College Of Pharmacy, Wadala",Mumbai,Unaided,GOPENS,State Level,Any,19619,
2022-23,D Pharmacy,CAP Round I,06935,"Lokmangal College Of Pharmacy, Wadala",Mumbai,Unaided,LOPENS,State Level,Ladies,13971,
2022-23,D Pharmacy,CAP Round I,06935,"Lokmangal College Of Pharmacy, Wadala",Mumbai,Unaided,GSCS,State Level,Any,28541,
2022-23,D Pharmacy,CAP Round I,06935,"Lokmangal College Of Pharmacy, Wadala",Mumbai,Unaided,LSCS,State Level,Ladies,24334,
2022-23,D Pharmacy,CAP Round I,06935,"Lokmangal College Of Pharmacy, Wadala",Mumbai,Unaided,LSTS,State Level,Ladies,22511,
2022-23,D Pharmacy,CAP Round I,06935,"Lokmangal College Of Pharmacy, Wadala",Mumbai,Unaided,GVJS,State Level,Any,21279,
2022-23,D Pharmacy,CAP Round I,06935,"Lokmangal College Of Pharmacy, Wadala",Mumbai,Unaided,GNT1S,State Level,Any,29578,
2022-23,D Pharmacy,CAP Round I,06935,"Lokmangal College Of Pharmacy, Wadala",Mumbai,Unaided,GNT2S,State Level,Any,27560,
2022-23,D Pharmacy,CAP Round I,06935,"Lokmangal College Of Pharmacy, Wadala",Mumbai,Unaided,LNT2S,State Level,Ladies,22898,
2022-23,D Pharmacy,CAP Round I,06935,"Lokmangal College Of Pharmacy, Wadala",Mumbai,Unaided,GNT3S,State Level,Any,56723,
2022-23,D Pharmacy,CAP Round I,06935,"Lokmangal College Of Pharmacy, Wadala",Mumbai,Unaided,GOBCS,State Level,Any,29549,
2022-23,D Pharmacy,CAP Round I,06935,"Lokmangal College Of Pharmacy, Wadala",Mumbai,Unaided,LOBCS,State Level,Ladies,22091,
2022-23,D Pharmacy,CAP Round I,06935,"Lokmangal College Of Pharmacy, Wadala",Mumbai,Unaided,EWS,Special,Any,22590,
2022-23,D Pharmacy,CAP Round I,06935,"Lokmangal College Of Pharmacy, Wadala",Mumbai,Unaided,TFWS,Special,Any,12294,
2022-23,D Pharmacy,CAP Round I,06936,Krishna Foundations Jaywant Institute Of Pharmacy Wathar Tal Karad.,Satara,Unaided,GOPENS,State Level,Any,51068,
2022-23,D Pharmacy,CAP Round I,06936,Krishna Foundations Jaywant Institute Of Pharmacy Wathar Tal Karad.,Satara,Unaided,LOPENS,State Level,Ladies,50603,
2022-23,D Pharmacy,CAP Round I,06936,Krishna Foundations Jaywant Institute Of Pharmacy Wathar Tal Karad.,Satara,Unaided,GSCS,State Level,Any,64316,
2022-23,D Pharmacy,CAP Round I,06936,Krishna Foundations Jaywant Institute Of Pharmacy Wathar Tal Karad.,Satara,Unaided,LSCS,State Level,Ladies,58009,
2022-23,D Pharmacy,CAP Round I,06936,Krishna Foundations Jaywant Institute Of Pharmacy Wathar Tal Karad.,Satara,Unaided,GSTS,State Level,Any,54869,
2022-23,D Pharmacy,CAP Round I,06936,Krishna Foundations Jaywant Institute Of Pharmacy Wathar Tal Karad.,Satara,Unaided,LSTS,State Level,Ladies,52511,
2022-23,D Pharmacy,CAP Round I,06936,Krishna Foundations Jaywant Institute Of Pharmacy Wathar Tal Karad.,Satara,Unaided,GVJS,State Level,Any,72598,
2022-23,D Pharmacy,CAP Round I,06936,Krishna Foundations Jaywant Institute Of Pharmacy Wathar Tal Karad.,Satara,Unaided,LVJS,State Level,Ladies,54742,
2022-23,D Pharmacy,CAP Round I,06936,Krishna Foundations Jaywant Institute Of Pharmacy Wathar Tal Karad.,Satara,Unaided,GNT1S,State Level,Any,68517,
2022-23,D Pharmacy,CAP Round I,06936,Krishna Foundations Jaywant Institute Of Pharmacy Wathar Tal Karad.,Satara,Unaided,GNT2S,State Level,Any,53625,
2022-23,D Pharmacy,CAP Round I,06936,Krishna Foundations Jaywant Institute Of Pharmacy Wathar Tal Karad.,Satara,Unaided,GOBCS,State Level,Any,71223,
2022-23,D Pharmacy,CAP Round I,06936,Krishna Foundations Jaywant Institute Of Pharmacy Wathar Tal Karad.,Satara,Unaided,LOBCS,State Level,Ladies,69375,
2022-23,D Pharmacy,CAP Round I,06936,Krishna Foundations Jaywant Institute Of Pharmacy Wathar Tal Karad.,Satara,Unaided,DEFOPENS,State Level,Any,82440,
2022-23,D Pharmacy,CAP Round I,06936,Krishna Foundations Jaywant Institute Of Pharmacy Wathar Tal Karad.,Satara,Unaided,EWS,Special,Any,48929,
2022-23,D Pharmacy,CAP Round I,06936,Krishna Foundations Jaywant Institute Of Pharmacy Wathar Tal Karad.,Satara,Unaided,TFWS,Special,Any,30229,
2022-23,D Pharmacy,CAP Round I,06936,Krishna Foundations Jaywant Institute Of Pharmacy Wathar Tal Karad.,Satara,Unaided,LNT3S,State Level,Ladies,81220,
2022-23,D Pharmacy,CAP Round I,06937,"Fabtech College Of Pharmacy, Sangola",Solapur,Unaided,GOPENS,State Level,Any,18148,
2022-23,D Pharmacy,CAP Round I,06937,"Fabtech College Of Pharmacy, Sangola",Solapur,Unaided,LOPENS,State Level,Ladies,6558,
2022-23,D Pharmacy,CAP Round I,06937,"Fabtech College Of Pharmacy, Sangola",Solapur,Unaided,GSCS,State Level,Any,33744,
2022-23,D Pharmacy,CAP Round I,06937,"Fabtech College Of Pharmacy, Sangola",Solapur,Unaided,LSCS,State Level,Ladies,30854,
2022-23,D Pharmacy,CAP Round I,06937,"Fabtech College Of Pharmacy, Sangola",Solapur,Unaided,GVJS,State Level,Any,31126,
2022-23,D Pharmacy,CAP Round I,06937,"Fabtech College Of Pharmacy, Sangola",Solapur,Unaided,GNT1S,State Level,Any,47076,
2022-23,D Pharmacy,CAP Round I,06937,"Fabtech College Of Pharmacy, Sangola",Solapur,Unaided,LNT1S,State Level,Ladies,41194,
2022-23,D Pharmacy,CAP Round I,06937,"Fabtech College Of Pharmacy, Sangola",Solapur,Unaided,GNT2S,State Level,Any,20285,
2022-23,D Pharmacy,CAP Round I,06937,"Fabtech College Of Pharmacy, Sangola",Solapur,Unaided,GOBCS,State Level,Any,34935,
2022-23,D Pharmacy,CAP Round I,06937,"Fabtech College Of Pharmacy, Sangola",Solapur,Unaided,LOBCS,State Level,Ladies,24877,
2022-23,D Pharmacy,CAP Round I,06937,"Fabtech College Of Pharmacy, Sangola",Solapur,Unaided,PWDOPENS,State Level,Any,69413,
2022-23,D Pharmacy,CAP Round I,06937,"Fabtech College Of Pharmacy, Sangola",Solapur,Unaided,EWS,Special,Any,20948,
2022-23,D Pharmacy,CAP Round I,06937,"Fabtech College Of Pharmacy, Sangola",Solapur,Unaided,TFWS,Special,Any,7434,
2022-23,D Pharmacy,CAP Round I,06937,"Fabtech College Of Pharmacy, Sangola",Solapur,Unaided,LNT3S,State Level,Ladies,68128,
2022-23,D Pharmacy,CAP Round I,06939,"Delight Institute of Pharmacy, Koregaon Bhima",Pune,Religious Minority - Muslim,GOPENS,State Level,Any,42936,
2022-23,D Pharmacy,CAP Round I,06939,"Delight Institute of Pharmacy, Koregaon Bhima",Pune,Religious Minority - Muslim,LOPENS,State Level,Ladies,33813,
2022-23,D Pharmacy,CAP Round I,06939,"Delight Institute of Pharmacy, Koregaon Bhima",Pune,Religious Minority - Muslim,MI,Special,Any,84228,
2022-23,D Pharmacy,CAP Round I,06939,"Delight Institute of Pharmacy, Koregaon Bhima",Pune,Religious Minority - Muslim,TFWS,Special,Any,15367,
2022-23,D Pharmacy,CAP Round I,06942,"Shardabai Pawar Institute Of Pharmaceutical Sciences And Research, Shardanagar, Baramati",Pune,Unaided,GOPENS,State Level,Any,15609,
2022-23,D Pharmacy,CAP Round I,06942,"Shardabai Pawar Institute Of Pharmaceutical Sciences And Research, Shardanagar, Baramati",Pune,Unaided,LOPENS,State Level,Ladies,9071,
2022-23,D Pharmacy,CAP Round I,06942,"Shardabai Pawar Institute Of Pharmaceutical Sciences And Research, Shardanagar, Baramati",Pune,Unaided,GSCS,State Level,Any,27134,
2022-23,D Pharmacy,CAP Round I,06942,"Shardabai Pawar Institute Of Pharmaceutical Sciences And Research, Shardanagar, Baramati",Pune,Unaided,LSCS,State Level,Ladies,21822,
2022-23,D Pharmacy,CAP Round I,06942,"Shardabai Pawar Institute Of Pharmaceutical Sciences And Research, Shardanagar, Baramati",Pune,Unaided,GVJS,State Level,Any,19060,
2022-23,D Pharmacy,CAP Round I,06942,"Shardabai Pawar Institute Of Pharmaceutical Sciences And Research, Shardanagar, Baramati",Pune,Unaided,LVJS,State Level,Ladies,28358,
2022-23,D Pharmacy,CAP Round I,06942,"Shardabai Pawar Institute Of Pharmaceutical Sciences And Research, Shardanagar, Baramati",Pune,Unaided,GNT1S,State Level,Any,38412,
2022-23,D Pharmacy,CAP Round I,06942,"Shardabai Pawar Institute Of Pharmaceutical Sciences And Research, Shardanagar, Baramati",Pune,Unaided,GNT2S,State Level,Any,15610,
2022-23,D Pharmacy,CAP Round I,06942,"Shardabai Pawar Institute Of Pharmaceutical Sciences And Research, Shardanagar, Baramati",Pune,Unaided,LNT2S,State Level,Ladies,10015,
2022-23,D Pharmacy,CAP Round I,06942,"Shardabai Pawar Institute Of Pharmaceutical Sciences And Research, Shardanagar, Baramati",Pune,Unaided,GNT3S,State Level,Any,25009,
2022-23,D Pharmacy,CAP Round I,06942,"Shardabai Pawar Institute Of Pharmaceutical Sciences And Research, Shardanagar, Baramati",Pune,Unaided,GOBCS,State Level,Any,23321,
2022-23,D Pharmacy,CAP Round I,06942,"Shardabai Pawar Institute Of Pharmaceutical Sciences And Research, Shardanagar, Baramati",Pune,Unaided,LOBCS,State Level,Ladies,12272,
2022-23,D Pharmacy,CAP Round I,06942,"Shardabai Pawar Institute Of Pharmaceutical Sciences And Research, Shardanagar, Baramati",Pune,Unaided,DEFOPENS,State Level,Any,68892,
2022-23,D Pharmacy,CAP Round I,06942,"Shardabai Pawar Institute Of Pharmaceutical Sciences And Research, Shardanagar, Baramati",Pune,Unaided,DEFRSCS,State Level,Any,79779,
2022-23,D Pharmacy,CAP Round I,06942,"Shardabai Pawar Institute Of Pharmaceutical Sciences And Research, Shardanagar, Baramati",Pune,Unaided,EWS,Special,Any,12942,
2022-23,D Pharmacy,CAP Round I,06942,"Shardabai Pawar Institute Of Pharmaceutical Sciences And Research, Shardanagar, Baramati",Pune,Unaided,TFWS,Special,Any,2619,
2022-23,D Pharmacy,CAP Round I,06943,"Vidya Niketan College Of Pharmacy, Lakhewadi",Pune,Unaided,GOPENS,State Level,Any,26448,
2022-23,D Pharmacy,CAP Round I,06943,"Vidya Niketan College Of Pharmacy, Lakhewadi",Pune,Unaided,LOPENS,State Level,Ladies,10588,
2022-23,D Pharmacy,CAP Round I,06943,"Vidya Niketan College Of Pharmacy, Lakhewadi",Pune,Unaided,GSCS,State Level,Any,42982,
2022-23,D Pharmacy,CAP Round I,06943,"Vidya Niketan College Of Pharmacy, Lakhewadi",Pune,Unaided,LSCS,State Level,Ladies,26187,
2022-23,D Pharmacy,CAP Round I,06943,"Vidya Niketan College Of Pharmacy, Lakhewadi",Pune,Unaided,GVJS,State Level,Any,35318,
2022-23,D Pharmacy,CAP Round I,06943,"Vidya Niketan College Of Pharmacy, Lakhewadi",Pune,Unaided,LNT1S,State Level,Ladies,10933,
2022-23,D Pharmacy,CAP Round I,06943,"Vidya Niketan College Of Pharmacy, Lakhewadi",Pune,Unaided,GNT2S,State Level,Any,27893,
2022-23,D Pharmacy,CAP Round I,06943,"Vidya Niketan College Of Pharmacy, Lakhewadi",Pune,Unaided,GNT3S,State Level,Any,37909,
2022-23,D Pharmacy,CAP Round I,06943,"Vidya Niketan College Of Pharmacy, Lakhewadi",Pune,Unaided,GOBCS,State Level,Any,41037,
2022-23,D Pharmacy,CAP Round I,06943,"Vidya Niketan College Of Pharmacy, Lakhewadi",Pune,Unaided,LOBCS,State Level,Ladies,25595,
2022-23,D Pharmacy,CAP Round I,06943,"Vidya Niketan College Of Pharmacy, Lakhewadi",Pune,Unaided,EWS,Special,Any,24259,
2022-23,D Pharmacy,CAP Round I,06943,"Vidya Niketan College Of Pharmacy, Lakhewadi",Pune,Unaided,TFWS,Special,Any,8627,
2022-23,D Pharmacy,CAP Round I,06951,Mandesh Institute Of Pharmaceutical Science And Research Centre Mhaswad,Satara,Unaided,GOPENS,State Level,Any,38245,
2022-23,D Pharmacy,CAP Round I,06951,Mandesh Institute Of Pharmaceutical Science And Research Centre Mhaswad,Satara,Unaided,LOPENS,State Level,Ladies,34093,
2022-23,D Pharmacy,CAP Round I,06951,Mandesh Institute Of Pharmaceutical Science And Research Centre Mhaswad,Satara,Unaided,GSCS,State Level,Any,49423,
2022-23,D Pharmacy,CAP Round I,06951,Mandesh Institute Of Pharmaceutical Science And Research Centre Mhaswad,Satara,Unaided,LSCS,State Level,Ladies,46715,
2022-23,D Pharmacy,CAP Round I,06951,Mandesh Institute Of Pharmaceutical Science And Research Centre Mhaswad,Satara,Unaided,GVJS,State Level,Any,44868,
2022-23,D Pharmacy,CAP Round I,06951,Mandesh Institute Of Pharmaceutical Science And Research Centre Mhaswad,Satara,Unaided,GNT1S,State Level,Any,52678,
2022-23,D Pharmacy,CAP Round I,06951,Mandesh Institute Of Pharmaceutical Science And Research Centre Mhaswad,Satara,Unaided,LNT1S,State Level,Ladies,77701,
2022-23,D Pharmacy,CAP Round I,06951,Mandesh Institute Of Pharmaceutical Science And Research Centre Mhaswad,Satara,Unaided,GNT2S,State Level,Any,38479,
2022-23,D Pharmacy,CAP Round I,06951,Mandesh Institute Of Pharmaceutical Science And Research Centre Mhaswad,Satara,Unaided,LNT2S,State Level,Ladies,37638,
2022-23,D Pharmacy,CAP Round I,06951,Mandesh Institute Of Pharmaceutical Science And Research Centre Mhaswad,Satara,Unaided,GNT3S,State Level,Any,57530,
2022-23,D Pharmacy,CAP Round I,06951,Mandesh Institute Of Pharmaceutical Science And Research Centre Mhaswad,Satara,Unaided,GOBCS,State Level,Any,63366,
2022-23,D Pharmacy,CAP Round I,06951,Mandesh Institute Of Pharmaceutical Science And Research Centre Mhaswad,Satara,Unaided,LOBCS,State Level,Ladies,54694,
2022-23,D Pharmacy,CAP Round I,06951,Mandesh Institute Of Pharmaceutical Science And Research Centre Mhaswad,Satara,Unaided,EWS,Special,Any,51598,
2022-23,D Pharmacy,CAP Round I,06951,Mandesh Institute Of Pharmaceutical Science And Research Centre Mhaswad,Satara,Unaided,TFWS,Special,Any,27243,
2022-23,D Pharmacy,CAP Round I,06952,Mahadev Kanchan College Of Pharmaceutical Education And Research,Research,Unaided,GOPENS,State Level,Any,41685,
2022-23,D Pharmacy,CAP Round I,06952,Mahadev Kanchan College Of Pharmaceutical Education And Research,Research,Unaided,LOPENS,State Level,Ladies,32422,
2022-23,D Pharmacy,CAP Round I,06952,Mahadev Kanchan College Of Pharmaceutical Education And Research,Research,Unaided,GSCS,State Level,Any,55126,
2022-23,D Pharmacy,CAP Round I,06952,Mahadev Kanchan College Of Pharmaceutical Education And Research,Research,Unaided,LSCS,State Level,Ladies,53104,
2022-23,D Pharmacy,CAP Round I,06952,Mahadev Kanchan College Of Pharmaceutical Education And Research,Research,Unaided,GSTS,State Level,Any,59635,
2022-23,D Pharmacy,CAP Round I,06952,Mahadev Kanchan College Of Pharmaceutical Education And Research,Research,Unaided,LSTS,State Level,Ladies,82136,
2022-23,D Pharmacy,CAP Round I,06952,Mahadev Kanchan College Of Pharmaceutical Education And Research,Research,Unaided,GVJS,State Level,Any,42290,
2022-23,D Pharmacy,CAP Round I,06952,Mahadev Kanchan College Of Pharmaceutical Education And Research,Research,Unaided,LVJS,State Level,Ladies,71485,
2022-23,D Pharmacy,CAP Round I,06952,Mahadev Kanchan College Of Pharmaceutical Education And Research,Research,Unaided,GNT1S,State Level,Any,49727,
2022-23,D Pharmacy,CAP Round I,06952,Mahadev Kanchan College Of Pharmaceutical Education And Research,Research,Unaided,GNT2S,State Level,Any,41846,
2022-23,D Pharmacy,CAP Round I,06952,Mahadev Kanchan College Of Pharmaceutical Education And Research,Research,Unaided,GNT3S,State Level,Any,46613,
2022-23,D Pharmacy,CAP Round I,06952,Mahadev Kanchan College Of Pharmaceutical Education And Research,Research,Unaided,GOBCS,State Level,Any,62558,
2022-23,D Pharmacy,CAP Round I,06952,Mahadev Kanchan College Of Pharmaceutical Education And Research,Research,Unaided,LOBCS,State Level,Ladies,58859,
2022-23,D Pharmacy,CAP Round I,06952,Mahadev Kanchan College Of Pharmaceutical Education And Research,Research,Unaided,DEFOPENS,State Level,Any,55227,
2022-23,D Pharmacy,CAP Round I,06952,Mahadev Kanchan College Of Pharmaceutical Education And Research,Research,Unaided,EWS,Special,Any,50934,
2022-23,D Pharmacy,CAP Round I,06952,Mahadev Kanchan College Of Pharmaceutical Education And Research,Research,Unaided,TFWS,Special,Any,26482,
2022-23,D Pharmacy,CAP Round I,06953,Varvand Gram Shikshan Sansthas Eknath Sitaram Divekar College Of Pharmacy Varvand,Pune,Unaided,GOPENS,State Level,Any,35257,
2022-23,D Pharmacy,CAP Round I,06953,Varvand Gram Shikshan Sansthas Eknath Sitaram Divekar College Of Pharmacy Varvand,Pune,Unaided,LOPENS,State Level,Ladies,28077,
2022-23,D Pharmacy,CAP Round I,06953,Varvand Gram Shikshan Sansthas Eknath Sitaram Divekar College Of Pharmacy Varvand,Pune,Unaided,GSCS,State Level,Any,52998,
2022-23,D Pharmacy,CAP Round I,06953,Varvand Gram Shikshan Sansthas Eknath Sitaram Divekar College Of Pharmacy Varvand,Pune,Unaided,LSCS,State Level,Ladies,47956,
2022-23,D Pharmacy,CAP Round I,06953,Varvand Gram Shikshan Sansthas Eknath Sitaram Divekar College Of Pharmacy Varvand,Pune,Unaided,GSTS,State Level,Any,64154,
2022-23,D Pharmacy,CAP Round I,06953,Varvand Gram Shikshan Sansthas Eknath Sitaram Divekar College Of Pharmacy Varvand,Pune,Unaided,GVJS,State Level,Any,36533,
2022-23,D Pharmacy,CAP Round I,06953,Varvand Gram Shikshan Sansthas Eknath Sitaram Divekar College Of Pharmacy Varvand,Pune,Unaided,GNT1S,State Level,Any,56936,
2022-23,D Pharmacy,CAP Round I,06953,Varvand Gram Shikshan Sansthas Eknath Sitaram Divekar College Of Pharmacy Varvand,Pune,Unaided,GNT2S,State Level,Any,36613,
2022-23,D Pharmacy,CAP Round I,06953,Varvand Gram Shikshan Sansthas Eknath Sitaram Divekar College Of Pharmacy Varvand,Pune,Unaided,LNT2S,State Level,Ladies,29395,
2022-23,D Pharmacy,CAP Round I,06953,Varvand Gram Shikshan Sansthas Eknath Sitaram Divekar College Of Pharmacy Varvand,Pune,Unaided,GNT3S,State Level,Any,44325,
2022-23,D Pharmacy,CAP Round I,06953,Varvand Gram Shikshan Sansthas Eknath Sitaram Divekar College Of Pharmacy Varvand,Pune,Unaided,GOBCS,State Level,Any,59724,
2022-23,D Pharmacy,CAP Round I,06953,Varvand Gram Shikshan Sansthas Eknath Sitaram Divekar College Of Pharmacy Varvand,Pune,Unaided,LOBCS,State Level,Ladies,48900,
2022-23,D Pharmacy,CAP Round I,06953,Varvand Gram Shikshan Sansthas Eknath Sitaram Divekar College Of Pharmacy Varvand,Pune,Unaided,EWS,Special,Any,44594,
2022-23,D Pharmacy,CAP Round I,06953,Varvand Gram Shikshan Sansthas Eknath Sitaram Divekar College Of Pharmacy Varvand,Pune,Unaided,TFWS,Special,Any,21348,
2022-23,D Pharmacy,CAP Round I,06954,"Shri Ganpati Institute of Pharmaceutical Sciences and Research, Tembhurni",Solapur,Unaided,GOPENS,State Level,Any,17119,
2022-23,D Pharmacy,CAP Round I,06954,"Shri Ganpati Institute of Pharmaceutical Sciences and Research, Tembhurni",Solapur,Unaided,LOPENS,State Level,Ladies,7210,
2022-23,D Pharmacy,CAP Round I,06954,"Shri Ganpati Institute of Pharmaceutical Sciences and Research, Tembhurni",Solapur,Unaided,GSCS,State Level,Any,37663,
2022-23,D Pharmacy,CAP Round I,06954,"Shri Ganpati Institute of Pharmaceutical Sciences and Research, Tembhurni",Solapur,Unaided,LSCS,State Level,Ladies,19921,
2022-23,D Pharmacy,CAP Round I,06954,"Shri Ganpati Institute of Pharmaceutical Sciences and Research, Tembhurni",Solapur,Unaided,GSTS,State Level,Any,63123,
2022-23,D Pharmacy,CAP Round I,06954,"Shri Ganpati Institute of Pharmaceutical Sciences and Research, Tembhurni",Solapur,Unaided,GVJS,State Level,Any,19297,
2022-23,D Pharmacy,CAP Round I,06954,"Shri Ganpati Institute of Pharmaceutical Sciences and Research, Tembhurni",Solapur,Unaided,LVJS,State Level,Ladies,16292,
2022-23,D Pharmacy,CAP Round I,06954,"Shri Ganpati Institute of Pharmaceutical Sciences and Research, Tembhurni",Solapur,Unaided,GNT1S,State Level,Any,40509,
2022-23,D Pharmacy,CAP Round I,06954,"Shri Ganpati Institute of Pharmaceutical Sciences and Research, Tembhurni",Solapur,Unaided,GNT2S,State Level,Any,25876,
2022-23,D Pharmacy,CAP Round I,06954,"Shri Ganpati Institute of Pharmaceutical Sciences and Research, Tembhurni",Solapur,Unaided,GOBCS,State Level,Any,29562,
2022-23,D Pharmacy,CAP Round I,06954,"Shri Ganpati Institute of Pharmaceutical Sciences and Research, Tembhurni",Solapur,Unaided,LOBCS,State Level,Ladies,15156,
2022-23,D Pharmacy,CAP Round I,06954,"Shri Ganpati Institute of Pharmaceutical Sciences and Research, Tembhurni",Solapur,Unaided,EWS,Special,Any,17315,
2022-23,D Pharmacy,CAP Round I,06954,"Shri Ganpati Institute of Pharmaceutical Sciences and Research, Tembhurni",Solapur,Unaided,TFWS,Special,Any,2986,
2022-23,D Pharmacy,CAP Round I,06954,"Shri Ganpati Institute of Pharmaceutical Sciences and Research, Tembhurni",Solapur,Unaided,LNT3S,State Level,Ladies,66229,
2022-23,D Pharmacy,CAP Round I,06956,Trinity College Of Pharmacy Pune,Pune,Unaided,GOPENS,State Level,Any,27103,
2022-23,D Pharmacy,CAP Round I,06956,Trinity College Of Pharmacy Pune,Pune,Unaided,LOPENS,State Level,Ladies,22054,
2022-23,D Pharmacy,CAP Round I,06956,Trinity College Of Pharmacy Pune,Pune,Unaided,GSCS,State Level,Any,45013,
2022-23,D Pharmacy,CAP Round I,06956,Trinity College Of Pharmacy Pune,Pune,Unaided,LSCS,State Level,Ladies,42968,
2022-23,D Pharmacy,CAP Round I,06956,Trinity College Of Pharmacy Pune,Pune,Unaided,GSTS,State Level,Any,59046,
2022-23,D Pharmacy,CAP Round I,06956,Trinity College Of Pharmacy Pune,Pune,Unaided,LSTS,State Level,Ladies,44449,
2022-23,D Pharmacy,CAP Round I,06956,Trinity College Of Pharmacy Pune,Pune,Unaided,GVJS,State Level,Any,29048,
2022-23,D Pharmacy,CAP Round I,06956,Trinity College Of Pharmacy Pune,Pune,Unaided,LNT1S,State Level,Ladies,28718,
2022-23,D Pharmacy,CAP Round I,06956,Trinity College Of Pharmacy Pune,Pune,Unaided,GNT2S,State Level,Any,29291,
2022-23,D Pharmacy,CAP Round I,06956,Trinity College Of Pharmacy Pune,Pune,Unaided,LNT2S,State Level,Ladies,25042,
2022-23,D Pharmacy,CAP Round I,06956,Trinity College Of Pharmacy Pune,Pune,Unaided,GNT3S,State Level,Any,28109,
2022-23,D Pharmacy,CAP Round I,06956,Trinity College Of Pharmacy Pune,Pune,Unaided,GOBCS,State Level,Any,43190,
2022-23,D Pharmacy,CAP Round I,06956,Trinity College Of Pharmacy Pune,Pune,Unaided,LOBCS,State Level,Ladies,33112,
2022-23,D Pharmacy,CAP Round I,06956,Trinity College Of Pharmacy Pune,Pune,Unaided,EWS,Special,Any,27066,
2022-23,D Pharmacy,CAP Round I,06956,Trinity College Of Pharmacy Pune,Pune,Unaided,TFWS,Special,Any,5164,
2022-23,D Pharmacy,CAP Round I,06957,"Ashokrao Mane Institute Of Pharmacy Ambap, Hatkanangle",Kolhapur,Unaided,GOPENS,State Level,Any,50454,
2022-23,D Pharmacy,CAP Round I,06957,"Ashokrao Mane Institute Of Pharmacy Ambap, Hatkanangle",Kolhapur,Unaided,LOPENS,State Level,Ladies,49600,
2022-23,D Pharmacy,CAP Round I,06957,"Ashokrao Mane Institute Of Pharmacy Ambap, Hatkanangle",Kolhapur,Unaided,GSCS,State Level,Any,59863,
2022-23,D Pharmacy,CAP Round I,06957,"Ashokrao Mane Institute Of Pharmacy Ambap, Hatkanangle",Kolhapur,Unaided,LSCS,State Level,Ladies,58232,
2022-23,D Pharmacy,CAP Round I,06957,"Ashokrao Mane Institute Of Pharmacy Ambap, Hatkanangle",Kolhapur,Unaided,GVJS,State Level,Any,78328,
2022-23,D Pharmacy,CAP Round I,06957,"Ashokrao Mane Institute Of Pharmacy Ambap, Hatkanangle",Kolhapur,Unaided,GNT1S,State Level,Any,66214,
2022-23,D Pharmacy,CAP Round I,06957,"Ashokrao Mane Institute Of Pharmacy Ambap, Hatkanangle",Kolhapur,Unaided,LNT1S,State Level,Ladies,61716,
2022-23,D Pharmacy,CAP Round I,06957,"Ashokrao Mane Institute Of Pharmacy Ambap, Hatkanangle",Kolhapur,Unaided,GNT2S,State Level,Any,52638,
2022-23,D Pharmacy,CAP Round I,06957,"Ashokrao Mane Institute Of Pharmacy Ambap, Hatkanangle",Kolhapur,Unaided,GNT3S,State Level,Any,51051,
2022-23,D Pharmacy,CAP Round I,06957,"Ashokrao Mane Institute Of Pharmacy Ambap, Hatkanangle",Kolhapur,Unaided,GOBCS,State Level,Any,68913,
2022-23,D Pharmacy,CAP Round I,06957,"Ashokrao Mane Institute Of Pharmacy Ambap, Hatkanangle",Kolhapur,Unaided,LOBCS,State Level,Ladies,67992,
2022-23,D Pharmacy,CAP Round I,06957,"Ashokrao Mane Institute Of Pharmacy Ambap, Hatkanangle",Kolhapur,Unaided,EWS,Special,Any,48884,
2022-23,D Pharmacy,CAP Round I,06957,"Ashokrao Mane Institute Of Pharmacy Ambap, Hatkanangle",Kolhapur,Unaided,TFWS,Special,Any,18110,
2022-23,D Pharmacy,CAP Round I,06958,"Genesis Institute Of Pharmacy, Radhanagari",Kolhapur,Unaided,GOPENS,State Level,Any,40846,
2022-23,D Pharmacy,CAP Round I,06958,"Genesis Institute Of Pharmacy, Radhanagari",Kolhapur,Unaided,LOPENS,State Level,Ladies,7357,
2022-23,D Pharmacy,CAP Round I,06958,"Genesis Institute Of Pharmacy, Radhanagari",Kolhapur,Unaided,GSCS,State Level,Any,58744,
2022-23,D Pharmacy,CAP Round I,06958,"Genesis Institute Of Pharmacy, Radhanagari",Kolhapur,Unaided,LSCS,State Level,Ladies,34726,
2022-23,D Pharmacy,CAP Round I,06958,"Genesis Institute Of Pharmacy, Radhanagari",Kolhapur,Unaided,LSTS,State Level,Ladies,62910,
2022-23,D Pharmacy,CAP Round I,06958,"Genesis Institute Of Pharmacy, Radhanagari",Kolhapur,Unaided,GVJS,State Level,Any,63881,
2022-23,D Pharmacy,CAP Round I,06958,"Genesis Institute Of Pharmacy, Radhanagari",Kolhapur,Unaided,LVJS,State Level,Ladies,54872,
2022-23,D Pharmacy,CAP Round I,06958,"Genesis Institute Of Pharmacy, Radhanagari",Kolhapur,Unaided,GNT1S,State Level,Any,53273,
2022-23,D Pharmacy,CAP Round I,06958,"Genesis Institute Of Pharmacy, Radhanagari",Kolhapur,Unaided,GNT2S,State Level,Any,62899,
2022-23,D Pharmacy,CAP Round I,06958,"Genesis Institute Of Pharmacy, Radhanagari",Kolhapur,Unaided,LNT2S,State Level,Ladies,58864,
2022-23,D Pharmacy,CAP Round I,06958,"Genesis Institute Of Pharmacy, Radhanagari",Kolhapur,Unaided,GOBCS,State Level,Any,56455,
2022-23,D Pharmacy,CAP Round I,06958,"Genesis Institute Of Pharmacy, Radhanagari",Kolhapur,Unaided,LOBCS,State Level,Ladies,27457,
2022-23,D Pharmacy,CAP Round I,06958,"Genesis Institute Of Pharmacy, Radhanagari",Kolhapur,Unaided,EWS,Special,Any,45699,
2022-23,D Pharmacy,CAP Round I,06958,"Genesis Institute Of Pharmacy, Radhanagari",Kolhapur,Unaided,TFWS,Special,Any,13182,
2022-23,D Pharmacy,CAP Round I,06962,"Late Laxmibai Phadtare College of Pharmacy, Kalamb",Hingoli,Unaided,GOPENS,State Level,Any,31565,
2022-23,D Pharmacy,CAP Round I,06962,"Late Laxmibai Phadtare College of Pharmacy, Kalamb",Hingoli,Unaided,LOPENS,State Level,Ladies,23575,
2022-23,D Pharmacy,CAP Round I,06962,"Late Laxmibai Phadtare College of Pharmacy, Kalamb",Hingoli,Unaided,GSCS,State Level,Any,52918,
2022-23,D Pharmacy,CAP Round I,06962,"Late Laxmibai Phadtare College of Pharmacy, Kalamb",Hingoli,Unaided,LSCS,State Level,Ladies,40604,
2022-23,D Pharmacy,CAP Round I,06962,"Late Laxmibai Phadtare College of Pharmacy, Kalamb",Hingoli,Unaided,GVJS,State Level,Any,44138,
2022-23,D Pharmacy,CAP Round I,06962,"Late Laxmibai Phadtare College of Pharmacy, Kalamb",Hingoli,Unaided,GNT1S,State Level,Any,38591,
2022-23,D Pharmacy,CAP Round I,06962,"Late Laxmibai Phadtare College of Pharmacy, Kalamb",Hingoli,Unaided,GNT2S,State Level,Any,31870,
2022-23,D Pharmacy,CAP Round I,06962,"Late Laxmibai Phadtare College of Pharmacy, Kalamb",Hingoli,Unaided,LNT2S,State Level,Ladies,26772,
2022-23,D Pharmacy,CAP Round I,06962,"Late Laxmibai Phadtare College of Pharmacy, Kalamb",Hingoli,Unaided,LNT3S,State Level,Ladies,59088,
2022-23,D Pharmacy,CAP Round I,06962,"Late Laxmibai Phadtare College of Pharmacy, Kalamb",Hingoli,Unaided,GOBCS,State Level,Any,63401,
2022-23,D Pharmacy,CAP Round I,06962,"Late Laxmibai Phadtare College of Pharmacy, Kalamb",Hingoli,Unaided,LOBCS,State Level,Ladies,52736,
2022-23,D Pharmacy,CAP Round I,06962,"Late Laxmibai Phadtare College of Pharmacy, Kalamb",Hingoli,Unaided,EWS,Special,Any,38834,
2022-23,D Pharmacy,CAP Round I,06962,"Late Laxmibai Phadtare College of Pharmacy, Kalamb",Hingoli,Unaided,TFWS,Special,Any,14338,
2022-23,D Pharmacy,CAP Round I,06963,"Riyajbhai Shamanji College of Pharmacy, Gadhinglaj",Kolhapur,Unaided,GOPENS,State Level,Any,60626,
2022-23,D Pharmacy,CAP Round I,06963,"Riyajbhai Shamanji College of Pharmacy, Gadhinglaj",Kolhapur,Unaided,LOPENS,State Level,Ladies,60618,
2022-23,D Pharmacy,CAP Round I,06963,"Riyajbhai Shamanji College of Pharmacy, Gadhinglaj",Kolhapur,Unaided,GSCS,State Level,Any,67722,
2022-23,D Pharmacy,CAP Round I,06963,"Riyajbhai Shamanji College of Pharmacy, Gadhinglaj",Kolhapur,Unaided,LSCS,State Level,Ladies,64980,
2022-23,D Pharmacy,CAP Round I,06963,"Riyajbhai Shamanji College of Pharmacy, Gadhinglaj",Kolhapur,Unaided,GVJS,State Level,Any,71314,
2022-23,D Pharmacy,CAP Round I,06963,"Riyajbhai Shamanji College of Pharmacy, Gadhinglaj",Kolhapur,Unaided,GNT1S,State Level,Any,71723,
2022-23,D Pharmacy,CAP Round I,06963,"Riyajbhai Shamanji College of Pharmacy, Gadhinglaj",Kolhapur,Unaided,GNT2S,State Level,Any,62079,
2022-23,D Pharmacy,CAP Round I,06963,"Riyajbhai Shamanji College of Pharmacy, Gadhinglaj",Kolhapur,Unaided,GNT3S,State Level,Any,65743,
2022-23,D Pharmacy,CAP Round I,06963,"Riyajbhai Shamanji College of Pharmacy, Gadhinglaj",Kolhapur,Unaided,GOBCS,State Level,Any,83694,
2022-23,D Pharmacy,CAP Round I,06963,"Riyajbhai Shamanji College of Pharmacy, Gadhinglaj",Kolhapur,Unaided,LOBCS,State Level,Ladies,80401,
2022-23,D Pharmacy,CAP Round I,06963,"Riyajbhai Shamanji College of Pharmacy, Gadhinglaj",Kolhapur,Unaided,EWS,Special,Any,57185,
2022-23,D Pharmacy,CAP Round I,06963,"Riyajbhai Shamanji College of Pharmacy, Gadhinglaj",Kolhapur,Unaided,TFWS,Special,Any,48803,
2022-23,D Pharmacy,CAP Round I,06963,"Riyajbhai Shamanji College of Pharmacy, Gadhinglaj",Kolhapur,Unaided,LOBCS,State Level,Ladies,83712,
2022-23,D Pharmacy,CAP Round I,06964,"Dr. Ashok Gujar College of Pharmacy, Solapur",Solapur,Unaided,GOPENS,State Level,Any,20651,
2022-23,D Pharmacy,CAP Round I,06964,"Dr. Ashok Gujar College of Pharmacy, Solapur",Solapur,Unaided,LOPENS,State Level,Ladies,19860,
2022-23,D Pharmacy,CAP Round I,06964,"Dr. Ashok Gujar College of Pharmacy, Solapur",Solapur,Unaided,GSCS,State Level,Any,25586,
2022-23,D Pharmacy,CAP Round I,06964,"Dr. Ashok Gujar College of Pharmacy, Solapur",Solapur,Unaided,LSCS,State Level,Ladies,23817,
2022-23,D Pharmacy,CAP Round I,06964,"Dr. Ashok Gujar College of Pharmacy, Solapur",Solapur,Unaided,GSTS,State Level,Any,56233,
2022-23,D Pharmacy,CAP Round I,06964,"Dr. Ashok Gujar College of Pharmacy, Solapur",Solapur,Unaided,GVJS,State Level,Any,23470,
2022-23,D Pharmacy,CAP Round I,06964,"Dr. Ashok Gujar College of Pharmacy, Solapur",Solapur,Unaided,GNT1S,State Level,Any,29770,
2022-23,D Pharmacy,CAP Round I,06964,"Dr. Ashok Gujar College of Pharmacy, Solapur",Solapur,Unaided,LNT1S,State Level,Ladies,16319,
2022-23,D Pharmacy,CAP Round I,06964,"Dr. Ashok Gujar College of Pharmacy, Solapur",Solapur,Unaided,GNT2S,State Level,Any,27237,
2022-23,D Pharmacy,CAP Round I,06964,"Dr. Ashok Gujar College of Pharmacy, Solapur",Solapur,Unaided,GOBCS,State Level,Any,26598,
2022-23,D Pharmacy,CAP Round I,06964,"Dr. Ashok Gujar College of Pharmacy, Solapur",Solapur,Unaided,LOBCS,State Level,Ladies,20361,
2022-23,D Pharmacy,CAP Round I,06964,"Dr. Ashok Gujar College of Pharmacy, Solapur",Solapur,Unaided,PWDOPENS,State Level,Any,64265,
2022-23,D Pharmacy,CAP Round I,06964,"Dr. Ashok Gujar College of Pharmacy, Solapur",Solapur,Unaided,EWS,Special,Any,18820,
2022-23,D Pharmacy,CAP Round I,06964,"Dr. Ashok Gujar College of Pharmacy, Solapur",Solapur,Unaided,TFWS,Special,Any,9902,
2022-23,D Pharmacy,CAP Round I,06964,"Dr. Ashok Gujar College of Pharmacy, Solapur",Solapur,Unaided,LSTS,State Level,Ladies,69556,
2022-23,D Pharmacy,CAP Round I,06965,"Shivraj College of Pharmacy, Gadhinglaj",Kolhapur,Unaided,GOPENS,State Level,Any,47868,
2022-23,D Pharmacy,CAP Round I,06965,"Shivraj College of Pharmacy, Gadhinglaj",Kolhapur,Unaided,LOPENS,State Level,Ladies,36819,
2022-23,D Pharmacy,CAP Round I,06965,"Shivraj College of Pharmacy, Gadhinglaj",Kolhapur,Unaided,GSCS,State Level,Any,64018,
2022-23,D Pharmacy,CAP Round I,06965,"Shivraj College of Pharmacy, Gadhinglaj",Kolhapur,Unaided,LSCS,State Level,Ladies,57917,
2022-23,D Pharmacy,CAP Round I,06965,"Shivraj College of Pharmacy, Gadhinglaj",Kolhapur,Unaided,GSTS,State Level,Any,84180,
2022-23,D Pharmacy,CAP Round I,06965,"Shivraj College of Pharmacy, Gadhinglaj",Kolhapur,Unaided,GVJS,State Level,Any,64370,
2022-23,D Pharmacy,CAP Round I,06965,"Shivraj College of Pharmacy, Gadhinglaj",Kolhapur,Unaided,GNT1S,State Level,Any,72474,
2022-23,D Pharmacy,CAP Round I,06965,"Shivraj College of Pharmacy, Gadhinglaj",Kolhapur,Unaided,GNT2S,State Level,Any,57603,
2022-23,D Pharmacy,CAP Round I,06965,"Shivraj College of Pharmacy, Gadhinglaj",Kolhapur,Unaided,LNT2S,State Level,Ladies,46480,
2022-23,D Pharmacy,CAP Round I,06965,"Shivraj College of Pharmacy, Gadhinglaj",Kolhapur,Unaided,GOBCS,State Level,Any,74807,
2022-23,D Pharmacy,CAP Round I,06965,"Shivraj College of Pharmacy, Gadhinglaj",Kolhapur,Unaided,LOBCS,State Level,Ladies,72053,
2022-23,D Pharmacy,CAP Round I,06965,"Shivraj College of Pharmacy, Gadhinglaj",Kolhapur,Unaided,EWS,Special,Any,37809,
2022-23,D Pharmacy,CAP Round I,06965,"Shivraj College of Pharmacy, Gadhinglaj",Kolhapur,Unaided,TFWS,Special,Any,14433,
