Year,Branch_Name,CAP_Round,College_Code,College_Name,Location,College_Type,Category,Seat_Type,Gender,Rank,Percentile
2022-23,D Pharmacy,CAP Round III,01008,"Government Polytechnic, Amravati",Amravati,Government,GOPENS,State Level,Any,1023,
2022-23,D Pharmacy,CAP Round III,01008,"Government Polytechnic, Amravati",Amravati,Government,LOPENS,State Level,Ladies,286,
2022-23,D Pharmacy,CAP Round III,01008,"Government Polytechnic, Amravati",Amravati,Government,GSCS,State Level,Any,1960,
2022-23,D Pharmacy,CAP Round III,01008,"Government Polytechnic, Amravati",Amravati,Government,LSCS,State Level,Ladies,1952,
2022-23,D Pharmacy,CAP Round III,01008,"Government Polytechnic, Amravati",Amravati,Government,GSTS,State Level,Any,11368,
2022-23,D Pharmacy,CAP Round III,01008,"Government Polytechnic, Amravati",Amravati,Government,LSTS,State Level,Ladies,12475,
2022-23,D Pharmacy,CAP Round III,01008,"Government Polytechnic, Amravati",Amravati,Government,LVJS,State Level,Ladies,721,
2022-23,D Pharmacy,CAP Round III,01008,"Government Polytechnic, Amravati",Amravati,Government,EWS,Special,Any,1167,
2022-23,D Pharmacy,CAP Round III,01008,"Government Polytechnic, Amravati",Amravati,Government,TFWS,Special,Any,513,
2022-23,D Pharmacy,CAP Round III,01014,"Geetadevi Khandelwal Institute of Pharmacy, Akola",Akola,Aided,GOPENS,State Level,Any,3011,
2022-23,D Pharmacy,CAP Round III,01014,"Geetadevi Khandelwal Institute of Pharmacy, Akola",Akola,Aided,LOPENS,State Level,Ladies,2609,
2022-23,D Pharmacy,CAP Round III,01014,"Geetadevi Khandelwal Institute of Pharmacy, Akola",Akola,Aided,LSCS,State Level,Ladies,8866,
2022-23,D Pharmacy,CAP Round III,01014,"Geetadevi Khandelwal Institute of Pharmacy, Akola",Akola,Aided,GSTS,State Level,Any,28603,
2022-23,D Pharmacy,CAP Round III,01014,"Geetadevi Khandelwal Institute of Pharmacy, Akola",Akola,Aided,GVJS,State Level,Any,5015,
2022-23,D Pharmacy,CAP Round III,01014,"Geetadevi Khandelwal Institute of Pharmacy, Akola",Akola,Aided,GNT1S,State Level,Any,13781,
2022-23,D Pharmacy,CAP Round III,01014,"Geetadevi Khandelwal Institute of Pharmacy, Akola",Akola,Aided,EWS,Special,Any,1687,
2022-23,D Pharmacy,CAP Round III,01115,"J.S.P Mandal's Sudhakarrao Naik Institute of Pharmacy, Pusad Dist. Yavatmal",Yavatmal,Unaided,GOPENS,State Level,Any,3610,
2022-23,D Pharmacy,CAP Round III,01115,"J.S.P Mandal's Sudhakarrao Naik Institute of Pharmacy, Pusad Dist. Yavatmal",Yavatmal,Unaided,LOPENS,State Level,Ladies,7264,
2022-23,D Pharmacy,CAP Round III,01115,"J.S.P Mandal's Sudhakarrao Naik Institute of Pharmacy, Pusad Dist. Yavatmal",Yavatmal,Unaided,GOBCS,State Level,Any,4541,
2022-23,D Pharmacy,CAP Round III,01115,"J.S.P Mandal's Sudhakarrao Naik Institute of Pharmacy, Pusad Dist. Yavatmal",Yavatmal,Unaided,LOBCS,State Level,Ladies,23228,
2022-23,D Pharmacy,CAP Round III,01115,"J.S.P Mandal's Sudhakarrao Naik Institute of Pharmacy, Pusad Dist. Yavatmal",Yavatmal,Unaided,EWS,Special,Any,6250,
2022-23,D Pharmacy,CAP Round III,01131,"Vidya Bharati College of Pharmacy, Amravati",Amravati,Unaided,GOPENS,State Level,Any,5927,
2022-23,D Pharmacy,CAP Round III,01131,"Vidya Bharati College of Pharmacy, Amravati",Amravati,Unaided,LOPENS,State Level,Ladies,3453,
2022-23,D Pharmacy,CAP Round III,01131,"Vidya Bharati College of Pharmacy, Amravati",Amravati,Unaided,GSCS,State Level,Any,9167,
2022-23,D Pharmacy,CAP Round III,01131,"Vidya Bharati College of Pharmacy, Amravati",Amravati,Unaided,GNT2S,State Level,Any,9056,
2022-23,D Pharmacy,CAP Round III,01131,"Vidya Bharati College of Pharmacy, Amravati",Amravati,Unaided,GNT3S,State Level,Any,20195,
2022-23,D Pharmacy,CAP Round III,01131,"Vidya Bharati College of Pharmacy, Amravati",Amravati,Unaided,GOBCS,State Level,Any,6689,
2022-23,D Pharmacy,CAP Round III,01131,"Vidya Bharati College of Pharmacy, Amravati",Amravati,Unaided,LOBCS,State Level,Ladies,3899,
2022-23,D Pharmacy,CAP Round III,01131,"Vidya Bharati College of Pharmacy, Amravati",Amravati,Unaided,EWS,Special,Any,15495,
2022-23,D Pharmacy,CAP Round III,01131,"Vidya Bharati College of Pharmacy, Amravati",Amravati,Unaided,TFWS,Special,Any,1391,
2022-23,D Pharmacy,CAP Round III,01133,"Anuradha College Of Pharmacy, Chikhli",Buldhana,Unaided,GOPENS,State Level,Any,6555,
2022-23,D Pharmacy,CAP Round III,01133,"Anuradha College Of Pharmacy, Chikhli",Buldhana,Unaided,LOPENS,State Level,Ladies,1931,
2022-23,D Pharmacy,CAP Round III,01133,"Anuradha College Of Pharmacy, Chikhli",Buldhana,Unaided,GOBCS,State Level,Any,8838,
2022-23,D Pharmacy,CAP Round III,01133,"Anuradha College Of Pharmacy, Chikhli",Buldhana,Unaided,LOBCS,State Level,Ladies,5026,
2022-23,D Pharmacy,CAP Round III,01133,"Anuradha College Of Pharmacy, Chikhli",Buldhana,Unaided,ORPHAN,Special,Any,8048,
2022-23,D Pharmacy,CAP Round III,01134,"Yavatmal Zilla Vikas Samitee's Pataldhamal Wadhwani College of Pharmacy, Yavatmal",Yavatmal,Unaided,GOPENS,State Level,Any,15176,
2022-23,D Pharmacy,CAP Round III,01134,"Yavatmal Zilla Vikas Samitee's Pataldhamal Wadhwani College of Pharmacy, Yavatmal",Yavatmal,Unaided,GSCS,State Level,Any,20661,
2022-23,D Pharmacy,CAP Round III,01134,"Yavatmal Zilla Vikas Samitee's Pataldhamal Wadhwani College of Pharmacy, Yavatmal",Yavatmal,Unaided,LSCS,State Level,Ladies,15489,
2022-23,D Pharmacy,CAP Round III,01134,"Yavatmal Zilla Vikas Samitee's Pataldhamal Wadhwani College of Pharmacy, Yavatmal",Yavatmal,Unaided,GSTS,State Level,Any,51774,
2022-23,D Pharmacy,CAP Round III,01134,"Yavatmal Zilla Vikas Samitee's Pataldhamal Wadhwani College of Pharmacy, Yavatmal",Yavatmal,Unaided,LVJS,State Level,Ladies,10173,
2022-23,D Pharmacy,CAP Round III,01134,"Yavatmal Zilla Vikas Samitee's Pataldhamal Wadhwani College of Pharmacy, Yavatmal",Yavatmal,Unaided,GOBCS,State Level,Any,20523,
2022-23,D Pharmacy,CAP Round III,01134,"Yavatmal Zilla Vikas Samitee's Pataldhamal Wadhwani College of Pharmacy, Yavatmal",Yavatmal,Unaided,EWS,Special,Any,23672,
2022-23,D Pharmacy,CAP Round III,01136,"Dr. Rajendra Gode College of Pharmacy,Malkapur",Akola,Unaided,GOPENS,State Level,Any,13893,
2022-23,D Pharmacy,CAP Round III,01136,"Dr. Rajendra Gode College of Pharmacy,Malkapur",Akola,Unaided,LOPENS,State Level,Ladies,13540,
2022-23,D Pharmacy,CAP Round III,01136,"Dr. Rajendra Gode College of Pharmacy,Malkapur",Akola,Unaided,LSCS,State Level,Ladies,16301,
2022-23,D Pharmacy,CAP Round III,01136,"Dr. Rajendra Gode College of Pharmacy,Malkapur",Akola,Unaided,GNT2S,State Level,Any,23215,
2022-23,D Pharmacy,CAP Round III,01136,"Dr. Rajendra Gode College of Pharmacy,Malkapur",Akola,Unaided,GNT3S,State Level,Any,21510,
2022-23,D Pharmacy,CAP Round III,01136,"Dr. Rajendra Gode College of Pharmacy,Malkapur",Akola,Unaided,GOBCS,State Level,Any,14894,
2022-23,D Pharmacy,CAP Round III,01136,"Dr. Rajendra Gode College of Pharmacy,Malkapur",Akola,Unaided,EWS,Special,Any,11686,
2022-23,D Pharmacy,CAP Round III,01136,"Dr. Rajendra Gode College of Pharmacy,Malkapur",Akola,Unaided,TFWS,Special,Any,11972,
2022-23,D Pharmacy,CAP Round III,01155,"Shikshan Prsarak Mandal's Institute of Pharmacy, Wani",Washim,Unaided,GOPENS,State Level,Any,26907,
2022-23,D Pharmacy,CAP Round III,01155,"Shikshan Prsarak Mandal's Institute of Pharmacy, Wani",Washim,Unaided,LOPENS,State Level,Ladies,27657,
2022-23,D Pharmacy,CAP Round III,01155,"Shikshan Prsarak Mandal's Institute of Pharmacy, Wani",Washim,Unaided,GSCS,State Level,Any,35142,
2022-23,D Pharmacy,CAP Round III,01155,"Shikshan Prsarak Mandal's Institute of Pharmacy, Wani",Washim,Unaided,LSCS,State Level,Ladies,32520,
2022-23,D Pharmacy,CAP Round III,01155,"Shikshan Prsarak Mandal's Institute of Pharmacy, Wani",Washim,Unaided,GSTS,State Level,Any,50904,
2022-23,D Pharmacy,CAP Round III,01155,"Shikshan Prsarak Mandal's Institute of Pharmacy, Wani",Washim,Unaided,GNT2S,State Level,Any,38425,
2022-23,D Pharmacy,CAP Round III,01155,"Shikshan Prsarak Mandal's Institute of Pharmacy, Wani",Washim,Unaided,GNT3S,State Level,Any,45746,
2022-23,D Pharmacy,CAP Round III,01155,"Shikshan Prsarak Mandal's Institute of Pharmacy, Wani",Washim,Unaided,GOBCS,State Level,Any,29912,
2022-23,D Pharmacy,CAP Round III,01155,"Shikshan Prsarak Mandal's Institute of Pharmacy, Wani",Washim,Unaided,LOBCS,State Level,Ladies,35060,
2022-23,D Pharmacy,CAP Round III,01155,"Shikshan Prsarak Mandal's Institute of Pharmacy, Wani",Washim,Unaided,EWS,Special,Any,44328,
2022-23,D Pharmacy,CAP Round III,01156,"Janata Shikshan Prasarak Mandal's Sudhakarrao Naik Institute Of Pharmacy, Pusad",Yavatmal,Unaided,GOBCS,State Level,Any,19362,
2022-23,D Pharmacy,CAP Round III,01156,"Janata Shikshan Prasarak Mandal's Sudhakarrao Naik Institute Of Pharmacy, Pusad",Yavatmal,Unaided,EWS,Special,Any,12579,
2022-23,D Pharmacy,CAP Round III,01156,"Janata Shikshan Prasarak Mandal's Sudhakarrao Naik Institute Of Pharmacy, Pusad",Yavatmal,Unaided,TFWS,Special,Any,5504,
2022-23,D Pharmacy,CAP Round III,01157,"Shri Chhatrapati Shahumaharaj Shikshan Santha's Institute Of Pharmacy, Maregaon",Yavatmal,Unaided,LOPENS,State Level,Ladies,30137,
2022-23,D Pharmacy,CAP Round III,01157,"Shri Chhatrapati Shahumaharaj Shikshan Santha's Institute Of Pharmacy, Maregaon",Yavatmal,Unaided,GSCS,State Level,Any,39408,
2022-23,D Pharmacy,CAP Round III,01157,"Shri Chhatrapati Shahumaharaj Shikshan Santha's Institute Of Pharmacy, Maregaon",Yavatmal,Unaided,LSCS,State Level,Ladies,41707,
2022-23,D Pharmacy,CAP Round III,01157,"Shri Chhatrapati Shahumaharaj Shikshan Santha's Institute Of Pharmacy, Maregaon",Yavatmal,Unaided,GVJS,State Level,Any,22471,
2022-23,D Pharmacy,CAP Round III,01157,"Shri Chhatrapati Shahumaharaj Shikshan Santha's Institute Of Pharmacy, Maregaon",Yavatmal,Unaided,EWS,Special,Any,30557,
2022-23,D Pharmacy,CAP Round III,01158,"Paramhansa Ramkrishna Maunibaba Shikshan Santha's Anuradha College of Pharmacy, Chikhali",Buldhana,Unaided,GOPENS,State Level,Any,12574,
2022-23,D Pharmacy,CAP Round III,01158,"Paramhansa Ramkrishna Maunibaba Shikshan Santha's Anuradha College of Pharmacy, Chikhali",Buldhana,Unaided,LOPENS,State Level,Ladies,6657,
2022-23,D Pharmacy,CAP Round III,01158,"Paramhansa Ramkrishna Maunibaba Shikshan Santha's Anuradha College of Pharmacy, Chikhali",Buldhana,Unaided,GOBCS,State Level,Any,13765,
2022-23,D Pharmacy,CAP Round III,01158,"Paramhansa Ramkrishna Maunibaba Shikshan Santha's Anuradha College of Pharmacy, Chikhali",Buldhana,Unaided,LOBCS,State Level,Ladies,10742,
2022-23,D Pharmacy,CAP Round III,01158,"Paramhansa Ramkrishna Maunibaba Shikshan Santha's Anuradha College of Pharmacy, Chikhali",Buldhana,Unaided,EWS,Special,Any,15638,
2022-23,D Pharmacy,CAP Round III,01158,"Paramhansa Ramkrishna Maunibaba Shikshan Santha's Anuradha College of Pharmacy, Chikhali",Buldhana,Unaided,GSTS,State Level,Any,13879,
2022-23,D Pharmacy,CAP Round III,01159,"Navsanjivan Shikshan Mandal's College of Pharmacy, Dharwa",Yavatmal,Unaided,GOPENS,State Level,Any,14924,
2022-23,D Pharmacy,CAP Round III,01159,"Navsanjivan Shikshan Mandal's College of Pharmacy, Dharwa",Yavatmal,Unaided,GSTS,State Level,Any,50027,
2022-23,D Pharmacy,CAP Round III,01159,"Navsanjivan Shikshan Mandal's College of Pharmacy, Dharwa",Yavatmal,Unaided,GOBCS,State Level,Any,20518,
2022-23,D Pharmacy,CAP Round III,01159,"Navsanjivan Shikshan Mandal's College of Pharmacy, Dharwa",Yavatmal,Unaided,EWS,Special,Any,16715,
2022-23,D Pharmacy,CAP Round III,01160,"Shri.Durgamata Bahuudeshiya Krida and Shaikshanik Sanstha,Ishwar Deshmukh Institute Of Pharmacy, Digras",Yavatmal,Unaided,GOPENS,State Level,Any,11503,
2022-23,D Pharmacy,CAP Round III,01160,"Shri.Durgamata Bahuudeshiya Krida and Shaikshanik Sanstha,Ishwar Deshmukh Institute Of Pharmacy, Digras",Yavatmal,Unaided,LSCS,State Level,Ladies,9557,
2022-23,D Pharmacy,CAP Round III,01160,"Shri.Durgamata Bahuudeshiya Krida and Shaikshanik Sanstha,Ishwar Deshmukh Institute Of Pharmacy, Digras",Yavatmal,Unaided,GNT2S,State Level,Any,16610,
2022-23,D Pharmacy,CAP Round III,01160,"Shri.Durgamata Bahuudeshiya Krida and Shaikshanik Sanstha,Ishwar Deshmukh Institute Of Pharmacy, Digras",Yavatmal,Unaided,GOBCS,State Level,Any,19977,
2022-23,D Pharmacy,CAP Round III,01160,"Shri.Durgamata Bahuudeshiya Krida and Shaikshanik Sanstha,Ishwar Deshmukh Institute Of Pharmacy, Digras",Yavatmal,Unaided,EWS,Special,Any,14737,
2022-23,D Pharmacy,CAP Round III,01161,"Matoshri Education Society's Satyajeet College of Pharmacy, Khandala, Akola Road Mehkar, Tq. Mehkar, Dist. Buldhana",Buldhana,Unaided,GOPENS,State Level,Any,15017,
2022-23,D Pharmacy,CAP Round III,01161,"Matoshri Education Society's Satyajeet College of Pharmacy, Khandala, Akola Road Mehkar, Tq. Mehkar, Dist. Buldhana",Buldhana,Unaided,GSCS,State Level,Any,22510,
2022-23,D Pharmacy,CAP Round III,01161,"Matoshri Education Society's Satyajeet College of Pharmacy, Khandala, Akola Road Mehkar, Tq. Mehkar, Dist. Buldhana",Buldhana,Unaided,LSCS,State Level,Ladies,25498,
2022-23,D Pharmacy,CAP Round III,01161,"Matoshri Education Society's Satyajeet College of Pharmacy, Khandala, Akola Road Mehkar, Tq. Mehkar, Dist. Buldhana",Buldhana,Unaided,GSTS,State Level,Any,80897,
2022-23,D Pharmacy,CAP Round III,01161,"Matoshri Education Society's Satyajeet College of Pharmacy, Khandala, Akola Road Mehkar, Tq. Mehkar, Dist. Buldhana",Buldhana,Unaided,GNT1S,State Level,Any,19194,
2022-23,D Pharmacy,CAP Round III,01161,"Matoshri Education Society's Satyajeet College of Pharmacy, Khandala, Akola Road Mehkar, Tq. Mehkar, Dist. Buldhana",Buldhana,Unaided,GOBCS,State Level,Any,16825,
2022-23,D Pharmacy,CAP Round III,01161,"Matoshri Education Society's Satyajeet College of Pharmacy, Khandala, Akola Road Mehkar, Tq. Mehkar, Dist. Buldhana",Buldhana,Unaided,EWS,Special,Any,24687,
2022-23,D Pharmacy,CAP Round III,01161,"Matoshri Education Society's Satyajeet College of Pharmacy, Khandala, Akola Road Mehkar, Tq. Mehkar, Dist. Buldhana",Buldhana,Unaided,TFWS,Special,Any,7109,
2022-23,D Pharmacy,CAP Round III,01161,"Matoshri Education Society's Satyajeet College of Pharmacy, Khandala, Akola Road Mehkar, Tq. Mehkar, Dist. Buldhana",Buldhana,Unaided,GSTS,State Level,Any,15813,
2022-23,D Pharmacy,CAP Round III,01162,"Sanjay Rathod Shikshan Sanstha's Manohar Naik Institute of Pharmacy,Umarkhed",Washim,Unaided,GOPENS,State Level,Any,14821,
2022-23,D Pharmacy,CAP Round III,01162,"Sanjay Rathod Shikshan Sanstha's Manohar Naik Institute of Pharmacy,Umarkhed",Washim,Unaided,LOPENS,State Level,Ladies,12837,
2022-23,D Pharmacy,CAP Round III,01162,"Sanjay Rathod Shikshan Sanstha's Manohar Naik Institute of Pharmacy,Umarkhed",Washim,Unaided,GSTS,State Level,Any,52441,
2022-23,D Pharmacy,CAP Round III,01162,"Sanjay Rathod Shikshan Sanstha's Manohar Naik Institute of Pharmacy,Umarkhed",Washim,Unaided,LSTS,State Level,Ladies,64959,
2022-23,D Pharmacy,CAP Round III,01162,"Sanjay Rathod Shikshan Sanstha's Manohar Naik Institute of Pharmacy,Umarkhed",Washim,Unaided,GOBCS,State Level,Any,34425,
2022-23,D Pharmacy,CAP Round III,01162,"Sanjay Rathod Shikshan Sanstha's Manohar Naik Institute of Pharmacy,Umarkhed",Washim,Unaided,LOBCS,State Level,Ladies,28040,
2022-23,D Pharmacy,CAP Round III,01163,"Mahila Utkarsha Pratishstan's Pharmacy College, Risod, Dist. Washim",Washim,Unaided,GOPENS,State Level,Any,5153,
2022-23,D Pharmacy,CAP Round III,01163,"Mahila Utkarsha Pratishstan's Pharmacy College, Risod, Dist. Washim",Washim,Unaided,LOPENS,State Level,Ladies,3253,
2022-23,D Pharmacy,CAP Round III,01163,"Mahila Utkarsha Pratishstan's Pharmacy College, Risod, Dist. Washim",Washim,Unaided,GSCS,State Level,Any,14071,
2022-23,D Pharmacy,CAP Round III,01163,"Mahila Utkarsha Pratishstan's Pharmacy College, Risod, Dist. Washim",Washim,Unaided,LSCS,State Level,Ladies,11411,
2022-23,D Pharmacy,CAP Round III,01163,"Mahila Utkarsha Pratishstan's Pharmacy College, Risod, Dist. Washim",Washim,Unaided,LSTS,State Level,Ladies,47963,
2022-23,D Pharmacy,CAP Round III,01163,"Mahila Utkarsha Pratishstan's Pharmacy College, Risod, Dist. Washim",Washim,Unaided,GVJS,State Level,Any,15685,
2022-23,D Pharmacy,CAP Round III,01163,"Mahila Utkarsha Pratishstan's Pharmacy College, Risod, Dist. Washim",Washim,Unaided,GOBCS,State Level,Any,8429,
2022-23,D Pharmacy,CAP Round III,01163,"Mahila Utkarsha Pratishstan's Pharmacy College, Risod, Dist. Washim",Washim,Unaided,TFWS,Special,Any,139,
2022-23,D Pharmacy,CAP Round III,01164,"Shree, Swami Samarth Institute of Pharmacy, at parsodi, Dhamangaon Rly, Dist.Amravati",Amravati,Unaided,GOPENS,State Level,Any,21431,
2022-23,D Pharmacy,CAP Round III,01164,"Shree, Swami Samarth Institute of Pharmacy, at parsodi, Dhamangaon Rly, Dist.Amravati",Amravati,Unaided,LOPENS,State Level,Ladies,16169,
2022-23,D Pharmacy,CAP Round III,01164,"Shree, Swami Samarth Institute of Pharmacy, at parsodi, Dhamangaon Rly, Dist.Amravati",Amravati,Unaided,GSCS,State Level,Any,23589,
2022-23,D Pharmacy,CAP Round III,01164,"Shree, Swami Samarth Institute of Pharmacy, at parsodi, Dhamangaon Rly, Dist.Amravati",Amravati,Unaided,LSCS,State Level,Ladies,28464,
2022-23,D Pharmacy,CAP Round III,01164,"Shree, Swami Samarth Institute of Pharmacy, at parsodi, Dhamangaon Rly, Dist.Amravati",Amravati,Unaided,GSTS,State Level,Any,46349,
2022-23,D Pharmacy,CAP Round III,01164,"Shree, Swami Samarth Institute of Pharmacy, at parsodi, Dhamangaon Rly, Dist.Amravati",Amravati,Unaided,GNT3S,State Level,Any,45890,
2022-23,D Pharmacy,CAP Round III,01164,"Shree, Swami Samarth Institute of Pharmacy, at parsodi, Dhamangaon Rly, Dist.Amravati",Amravati,Unaided,GOBCS,State Level,Any,23040,
2022-23,D Pharmacy,CAP Round III,01164,"Shree, Swami Samarth Institute of Pharmacy, at parsodi, Dhamangaon Rly, Dist.Amravati",Amravati,Unaided,LOBCS,State Level,Ladies,19313,
2022-23,D Pharmacy,CAP Round III,01164,"Shree, Swami Samarth Institute of Pharmacy, at parsodi, Dhamangaon Rly, Dist.Amravati",Amravati,Unaided,PWDOPENS,State Level,Any,82014,
2022-23,D Pharmacy,CAP Round III,01164,"Shree, Swami Samarth Institute of Pharmacy, at parsodi, Dhamangaon Rly, Dist.Amravati",Amravati,Unaided,EWS,Special,Any,27156,
2022-23,D Pharmacy,CAP Round III,01164,"Shree, Swami Samarth Institute of Pharmacy, at parsodi, Dhamangaon Rly, Dist.Amravati",Amravati,Unaided,TFWS,Special,Any,6826,
2022-23,D Pharmacy,CAP Round III,01165,"Dwarka Bahuuddeshiya Gramin Vikas Foundation's Rajashri Shahu College Of Pharmacy, Buldhana",Buldhana,Unaided,GOPENS,State Level,Any,13490,
2022-23,D Pharmacy,CAP Round III,01165,"Dwarka Bahuuddeshiya Gramin Vikas Foundation's Rajashri Shahu College Of Pharmacy, Buldhana",Buldhana,Unaided,LOPENS,State Level,Ladies,7019,
2022-23,D Pharmacy,CAP Round III,01165,"Dwarka Bahuuddeshiya Gramin Vikas Foundation's Rajashri Shahu College Of Pharmacy, Buldhana",Buldhana,Unaided,GSCS,State Level,Any,14237,
2022-23,D Pharmacy,CAP Round III,01165,"Dwarka Bahuuddeshiya Gramin Vikas Foundation's Rajashri Shahu College Of Pharmacy, Buldhana",Buldhana,Unaided,LSTS,State Level,Ladies,26280,
2022-23,D Pharmacy,CAP Round III,01165,"Dwarka Bahuuddeshiya Gramin Vikas Foundation's Rajashri Shahu College Of Pharmacy, Buldhana",Buldhana,Unaided,GVJS,State Level,Any,18431,
2022-23,D Pharmacy,CAP Round III,01165,"Dwarka Bahuuddeshiya Gramin Vikas Foundation's Rajashri Shahu College Of Pharmacy, Buldhana",Buldhana,Unaided,LNT1S,State Level,Ladies,49605,
2022-23,D Pharmacy,CAP Round III,01165,"Dwarka Bahuuddeshiya Gramin Vikas Foundation's Rajashri Shahu College Of Pharmacy, Buldhana",Buldhana,Unaided,LNT2S,State Level,Ladies,25365,
2022-23,D Pharmacy,CAP Round III,01165,"Dwarka Bahuuddeshiya Gramin Vikas Foundation's Rajashri Shahu College Of Pharmacy, Buldhana",Buldhana,Unaided,GOBCS,State Level,Any,16595,
2022-23,D Pharmacy,CAP Round III,01165,"Dwarka Bahuuddeshiya Gramin Vikas Foundation's Rajashri Shahu College Of Pharmacy, Buldhana",Buldhana,Unaided,LOBCS,State Level,Ladies,13583,
2022-23,D Pharmacy,CAP Round III,01165,"Dwarka Bahuuddeshiya Gramin Vikas Foundation's Rajashri Shahu College Of Pharmacy, Buldhana",Buldhana,Unaided,ORPHAN,Special,Any,18307,
2022-23,D Pharmacy,CAP Round III,01165,"Dwarka Bahuuddeshiya Gramin Vikas Foundation's Rajashri Shahu College Of Pharmacy, Buldhana",Buldhana,Unaided,TFWS,Special,Any,14559,
2022-23,D Pharmacy,CAP Round III,01165,"Dwarka Bahuuddeshiya Gramin Vikas Foundation's Rajashri Shahu College Of Pharmacy, Buldhana",Buldhana,Unaided,LSTS,State Level,Ladies,17710,
2022-23,D Pharmacy,CAP Round III,01165,"Dwarka Bahuuddeshiya Gramin Vikas Foundation's Rajashri Shahu College Of Pharmacy, Buldhana",Buldhana,Unaided,ORPHAN,Special,Any,17186,
2022-23,D Pharmacy,CAP Round III,01167,"Shri Gurudatta Shikshan Prasarak Sanstha's Late Shri Ramraoji Gawande Institute Of Pharmacy, Akola",Akola,Unaided,GOPENS,State Level,Any,7578,
2022-23,D Pharmacy,CAP Round III,01167,"Shri Gurudatta Shikshan Prasarak Sanstha's Late Shri Ramraoji Gawande Institute Of Pharmacy, Akola",Akola,Unaided,LOPENS,State Level,Ladies,6631,
2022-23,D Pharmacy,CAP Round III,01167,"Shri Gurudatta Shikshan Prasarak Sanstha's Late Shri Ramraoji Gawande Institute Of Pharmacy, Akola",Akola,Unaided,GSTS,State Level,Any,58666,
2022-23,D Pharmacy,CAP Round III,01167,"Shri Gurudatta Shikshan Prasarak Sanstha's Late Shri Ramraoji Gawande Institute Of Pharmacy, Akola",Akola,Unaided,GVJS,State Level,Any,14893,
2022-23,D Pharmacy,CAP Round III,01167,"Shri Gurudatta Shikshan Prasarak Sanstha's Late Shri Ramraoji Gawande Institute Of Pharmacy, Akola",Akola,Unaided,LNT1S,State Level,Ladies,24538,
2022-23,D Pharmacy,CAP Round III,01167,"Shri Gurudatta Shikshan Prasarak Sanstha's Late Shri Ramraoji Gawande Institute Of Pharmacy, Akola",Akola,Unaided,GOBCS,State Level,Any,8087,
2022-23,D Pharmacy,CAP Round III,01167,"Shri Gurudatta Shikshan Prasarak Sanstha's Late Shri Ramraoji Gawande Institute Of Pharmacy, Akola",Akola,Unaided,EWS,Special,Any,10287,
2022-23,D Pharmacy,CAP Round III,01171,"Pataldhamal Wadhwani College of Pharmacy, Yavatmal",Yavatmal,Unaided,GOPENS,State Level,Any,17003,
2022-23,D Pharmacy,CAP Round III,01171,"Pataldhamal Wadhwani College of Pharmacy, Yavatmal",Yavatmal,Unaided,LOPENS,State Level,Ladies,1234,
2022-23,D Pharmacy,CAP Round III,01171,"Pataldhamal Wadhwani College of Pharmacy, Yavatmal",Yavatmal,Unaided,LSCS,State Level,Ladies,28329,
2022-23,D Pharmacy,CAP Round III,01171,"Pataldhamal Wadhwani College of Pharmacy, Yavatmal",Yavatmal,Unaided,GNT3S,State Level,Any,42346,
2022-23,D Pharmacy,CAP Round III,01171,"Pataldhamal Wadhwani College of Pharmacy, Yavatmal",Yavatmal,Unaided,GOBCS,State Level,Any,21104,
2022-23,D Pharmacy,CAP Round III,01264,"Vidarbha Institute of Pharmacy, Washim",Washim,Unaided,GOPENS,State Level,Any,7905,
2022-23,D Pharmacy,CAP Round III,01264,"Vidarbha Institute of Pharmacy, Washim",Washim,Unaided,LOPENS,State Level,Ladies,4440,
2022-23,D Pharmacy,CAP Round III,01264,"Vidarbha Institute of Pharmacy, Washim",Washim,Unaided,GNT3S,State Level,Any,22092,
2022-23,D Pharmacy,CAP Round III,01264,"Vidarbha Institute of Pharmacy, Washim",Washim,Unaided,GOBCS,State Level,Any,8490,
2022-23,D Pharmacy,CAP Round III,01264,"Vidarbha Institute of Pharmacy, Washim",Washim,Unaided,EWS,Special,Any,13602,
2022-23,D Pharmacy,CAP Round III,01279,"Dr.R. N. Lahoti Institute of Pharmacy, Sultanpur",Buldhana,Unaided,GOPENS,State Level,Any,9877,
2022-23,D Pharmacy,CAP Round III,01279,"Dr.R. N. Lahoti Institute of Pharmacy, Sultanpur",Buldhana,Unaided,LOPENS,State Level,Ladies,6027,
2022-23,D Pharmacy,CAP Round III,01279,"Dr.R. N. Lahoti Institute of Pharmacy, Sultanpur",Buldhana,Unaided,EWS,Special,Any,23151,
2022-23,D Pharmacy,CAP Round III,01279,"Dr.R. N. Lahoti Institute of Pharmacy, Sultanpur",Buldhana,Unaided,GSTS,State Level,Any,10667,
2022-23,D Pharmacy,CAP Round III,01280,"Gawande College of Pharmacy, Sakharkherda",Buldhana,Unaided,GOPENS,State Level,Any,6514,
2022-23,D Pharmacy,CAP Round III,01280,"Gawande College of Pharmacy, Sakharkherda",Buldhana,Unaided,LOPENS,State Level,Ladies,16022,
2022-23,D Pharmacy,CAP Round III,01280,"Gawande College of Pharmacy, Sakharkherda",Buldhana,Unaided,GSCS,State Level,Any,17467,
2022-23,D Pharmacy,CAP Round III,01280,"Gawande College of Pharmacy, Sakharkherda",Buldhana,Unaided,LSCS,State Level,Ladies,21502,
2022-23,D Pharmacy,CAP Round III,01280,"Gawande College of Pharmacy, Sakharkherda",Buldhana,Unaided,LOBCS,State Level,Ladies,17897,
2022-23,D Pharmacy,CAP Round III,01280,"Gawande College of Pharmacy, Sakharkherda",Buldhana,Unaided,EWS,Special,Any,12398,
2022-23,D Pharmacy,CAP Round III,01281,"Kamalprakash Pharmacy College & Research Centre, Kherda",Ahmednagar,Unaided,GOPENS,State Level,Any,13883,
2022-23,D Pharmacy,CAP Round III,01281,"Kamalprakash Pharmacy College & Research Centre, Kherda",Ahmednagar,Unaided,LOPENS,State Level,Ladies,11768,
2022-23,D Pharmacy,CAP Round III,01281,"Kamalprakash Pharmacy College & Research Centre, Kherda",Ahmednagar,Unaided,GSCS,State Level,Any,23395,
2022-23,D Pharmacy,CAP Round III,01281,"Kamalprakash Pharmacy College & Research Centre, Kherda",Ahmednagar,Unaided,GNT2S,State Level,Any,19115,
2022-23,D Pharmacy,CAP Round III,01281,"Kamalprakash Pharmacy College & Research Centre, Kherda",Ahmednagar,Unaided,GNT3S,State Level,Any,34264,
2022-23,D Pharmacy,CAP Round III,01281,"Kamalprakash Pharmacy College & Research Centre, Kherda",Ahmednagar,Unaided,GOBCS,State Level,Any,14912,
2022-23,D Pharmacy,CAP Round III,01282,"Laddhad College of Pharmacy, Yelgaon, Buldhana",Buldhana,Unaided,GOPENS,State Level,Any,14548,
2022-23,D Pharmacy,CAP Round III,01282,"Laddhad College of Pharmacy, Yelgaon, Buldhana",Buldhana,Unaided,GSCS,State Level,Any,20149,
2022-23,D Pharmacy,CAP Round III,01282,"Laddhad College of Pharmacy, Yelgaon, Buldhana",Buldhana,Unaided,LSCS,State Level,Ladies,28309,
2022-23,D Pharmacy,CAP Round III,01282,"Laddhad College of Pharmacy, Yelgaon, Buldhana",Buldhana,Unaided,GNT1S,State Level,Any,20208,
2022-23,D Pharmacy,CAP Round III,01282,"Laddhad College of Pharmacy, Yelgaon, Buldhana",Buldhana,Unaided,GNT3S,State Level,Any,16386,
2022-23,D Pharmacy,CAP Round III,01282,"Laddhad College of Pharmacy, Yelgaon, Buldhana",Buldhana,Unaided,GOBCS,State Level,Any,15888,
2022-23,D Pharmacy,CAP Round III,01282,"Laddhad College of Pharmacy, Yelgaon, Buldhana",Buldhana,Unaided,LOBCS,State Level,Ladies,7470,
2022-23,D Pharmacy,CAP Round III,01282,"Laddhad College of Pharmacy, Yelgaon, Buldhana",Buldhana,Unaided,EWS,Special,Any,25325,
2022-23,D Pharmacy,CAP Round III,01282,"Laddhad College of Pharmacy, Yelgaon, Buldhana",Buldhana,Unaided,GSTS,State Level,Any,15974,
2022-23,D Pharmacy,CAP Round III,01282,"Laddhad College of Pharmacy, Yelgaon, Buldhana",Buldhana,Unaided,ORPHAN,Special,Any,17413,
2022-23,D Pharmacy,CAP Round III,01283,"P R Pote Patil College of Pharmacy, Amravati",Amravati,Unaided,GOPENS,State Level,Any,5159,
2022-23,D Pharmacy,CAP Round III,01283,"P R Pote Patil College of Pharmacy, Amravati",Amravati,Unaided,LOPENS,State Level,Ladies,3093,
2022-23,D Pharmacy,CAP Round III,01283,"P R Pote Patil College of Pharmacy, Amravati",Amravati,Unaided,GSCS,State Level,Any,13316,
2022-23,D Pharmacy,CAP Round III,01283,"P R Pote Patil College of Pharmacy, Amravati",Amravati,Unaided,LSCS,State Level,Ladies,12303,
2022-23,D Pharmacy,CAP Round III,01283,"P R Pote Patil College of Pharmacy, Amravati",Amravati,Unaided,GVJS,State Level,Any,14788,
2022-23,D Pharmacy,CAP Round III,01283,"P R Pote Patil College of Pharmacy, Amravati",Amravati,Unaided,GNT2S,State Level,Any,22869,
2022-23,D Pharmacy,CAP Round III,01283,"P R Pote Patil College of Pharmacy, Amravati",Amravati,Unaided,GOBCS,State Level,Any,8498,
2022-23,D Pharmacy,CAP Round III,01283,"P R Pote Patil College of Pharmacy, Amravati",Amravati,Unaided,EWS,Special,Any,18666,
2022-23,D Pharmacy,CAP Round III,01284,"Dr. Rajendra Gode Institute of Pharmacy, Amravati",Amravati,Unaided,GOPENS,State Level,Any,15601,
2022-23,D Pharmacy,CAP Round III,01284,"Dr. Rajendra Gode Institute of Pharmacy, Amravati",Amravati,Unaided,LOPENS,State Level,Ladies,11772,
2022-23,D Pharmacy,CAP Round III,01284,"Dr. Rajendra Gode Institute of Pharmacy, Amravati",Amravati,Unaided,GSCS,State Level,Any,21697,
2022-23,D Pharmacy,CAP Round III,01284,"Dr. Rajendra Gode Institute of Pharmacy, Amravati",Amravati,Unaided,LSCS,State Level,Ladies,15183,
2022-23,D Pharmacy,CAP Round III,01284,"Dr. Rajendra Gode Institute of Pharmacy, Amravati",Amravati,Unaided,GVJS,State Level,Any,16749,
2022-23,D Pharmacy,CAP Round III,01284,"Dr. Rajendra Gode Institute of Pharmacy, Amravati",Amravati,Unaided,LNT1S,State Level,Ladies,30665,
2022-23,D Pharmacy,CAP Round III,01284,"Dr. Rajendra Gode Institute of Pharmacy, Amravati",Amravati,Unaided,GOBCS,State Level,Any,17152,
2022-23,D Pharmacy,CAP Round III,01284,"Dr. Rajendra Gode Institute of Pharmacy, Amravati",Amravati,Unaided,LOBCS,State Level,Ladies,15396,
2022-23,D Pharmacy,CAP Round III,01284,"Dr. Rajendra Gode Institute of Pharmacy, Amravati",Amravati,Unaided,EWS,Special,Any,19093,
2022-23,D Pharmacy,CAP Round III,01284,"Dr. Rajendra Gode Institute of Pharmacy, Amravati",Amravati,Unaided,TFWS,Special,Any,10062,
2022-23,D Pharmacy,CAP Round III,01285,"MES College of Pharmacy, Mehkar",Buldhana,Unaided,GOPENS,State Level,Any,5694,
2022-23,D Pharmacy,CAP Round III,01285,"MES College of Pharmacy, Mehkar",Buldhana,Unaided,LOPENS,State Level,Ladies,8306,
2022-23,D Pharmacy,CAP Round III,01285,"MES College of Pharmacy, Mehkar",Buldhana,Unaided,GSCS,State Level,Any,16904,
2022-23,D Pharmacy,CAP Round III,01285,"MES College of Pharmacy, Mehkar",Buldhana,Unaided,LSCS,State Level,Ladies,10638,
2022-23,D Pharmacy,CAP Round III,01285,"MES College of Pharmacy, Mehkar",Buldhana,Unaided,GVJS,State Level,Any,13135,
2022-23,D Pharmacy,CAP Round III,01285,"MES College of Pharmacy, Mehkar",Buldhana,Unaided,LVJS,State Level,Ladies,22288,
2022-23,D Pharmacy,CAP Round III,01285,"MES College of Pharmacy, Mehkar",Buldhana,Unaided,GOBCS,State Level,Any,14642,
2022-23,D Pharmacy,CAP Round III,01285,"MES College of Pharmacy, Mehkar",Buldhana,Unaided,LSTS,State Level,Ladies,11496,
2022-23,D Pharmacy,CAP Round III,01286,"Institute of Pharmacy & Research, Badnera",Amravati,Unaided,GOPENS,State Level,Any,16449,
2022-23,D Pharmacy,CAP Round III,01286,"Institute of Pharmacy & Research, Badnera",Amravati,Unaided,LOPENS,State Level,Ladies,15908,
2022-23,D Pharmacy,CAP Round III,01286,"Institute of Pharmacy & Research, Badnera",Amravati,Unaided,GSTS,State Level,Any,20536,
2022-23,D Pharmacy,CAP Round III,01286,"Institute of Pharmacy & Research, Badnera",Amravati,Unaided,LNT2S,State Level,Ladies,23734,
2022-23,D Pharmacy,CAP Round III,01286,"Institute of Pharmacy & Research, Badnera",Amravati,Unaided,GOBCS,State Level,Any,19339,
2022-23,D Pharmacy,CAP Round III,01286,"Institute of Pharmacy & Research, Badnera",Amravati,Unaided,LOBCS,State Level,Ladies,17606,
2022-23,D Pharmacy,CAP Round III,01286,"Institute of Pharmacy & Research, Badnera",Amravati,Unaided,EWS,Special,Any,20531,
2022-23,D Pharmacy,CAP Round III,01286,"Institute of Pharmacy & Research, Badnera",Amravati,Unaided,TFWS,Special,Any,5263,
2022-23,D Pharmacy,CAP Round III,01288,"Vardhaman College of Pharmacy, Karanja (LAD), Washim",Washim,Unaided,GOPENS,State Level,Any,20904,
2022-23,D Pharmacy,CAP Round III,01288,"Vardhaman College of Pharmacy, Karanja (LAD), Washim",Washim,Unaided,LOPENS,State Level,Ladies,20093,
2022-23,D Pharmacy,CAP Round III,01288,"Vardhaman College of Pharmacy, Karanja (LAD), Washim",Washim,Unaided,MI,Special,Any,45885,
2022-23,D Pharmacy,CAP Round III,01290,"Jagadambha Institute Of Pharmacy And Research, Kalamb",Hingoli,Unaided,GOPENS,State Level,Any,21998,
2022-23,D Pharmacy,CAP Round III,01290,"Jagadambha Institute Of Pharmacy And Research, Kalamb",Hingoli,Unaided,GSCS,State Level,Any,32780,
2022-23,D Pharmacy,CAP Round III,01290,"Jagadambha Institute Of Pharmacy And Research, Kalamb",Hingoli,Unaided,GVJS,State Level,Any,22178,
2022-23,D Pharmacy,CAP Round III,01290,"Jagadambha Institute Of Pharmacy And Research, Kalamb",Hingoli,Unaided,GOBCS,State Level,Any,26545,
2022-23,D Pharmacy,CAP Round III,01290,"Jagadambha Institute Of Pharmacy And Research, Kalamb",Hingoli,Unaided,LOBCS,State Level,Ladies,32989,
2022-23,D Pharmacy,CAP Round III,01290,"Jagadambha Institute Of Pharmacy And Research, Kalamb",Hingoli,Unaided,EWS,Special,Any,23956,
2022-23,D Pharmacy,CAP Round III,01290,"Jagadambha Institute Of Pharmacy And Research, Kalamb",Hingoli,Unaided,TFWS,Special,Any,27508,
2022-23,D Pharmacy,CAP Round III,01291,"Shri. Sant Gajanan Maharaj College Of Pharmacy, Buldhana",Buldhana,Unaided,GOPENS,State Level,Any,15463,
2022-23,D Pharmacy,CAP Round III,01291,"Shri. Sant Gajanan Maharaj College Of Pharmacy, Buldhana",Buldhana,Unaided,LOPENS,State Level,Ladies,14916,
2022-23,D Pharmacy,CAP Round III,01291,"Shri. Sant Gajanan Maharaj College Of Pharmacy, Buldhana",Buldhana,Unaided,LSCS,State Level,Ladies,26099,
2022-23,D Pharmacy,CAP Round III,01291,"Shri. Sant Gajanan Maharaj College Of Pharmacy, Buldhana",Buldhana,Unaided,GOBCS,State Level,Any,18236,
2022-23,D Pharmacy,CAP Round III,01291,"Shri. Sant Gajanan Maharaj College Of Pharmacy, Buldhana",Buldhana,Unaided,EWS,Special,Any,14144,
2022-23,D Pharmacy,CAP Round III,01293,"Shraddha Institute Of Pharmacy, Washim",Washim,Unaided,GOPENS,State Level,Any,9530,
2022-23,D Pharmacy,CAP Round III,01293,"Shraddha Institute Of Pharmacy, Washim",Washim,Unaided,LOPENS,State Level,Ladies,7201,
2022-23,D Pharmacy,CAP Round III,01293,"Shraddha Institute Of Pharmacy, Washim",Washim,Unaided,GSCS,State Level,Any,26858,
2022-23,D Pharmacy,CAP Round III,01293,"Shraddha Institute Of Pharmacy, Washim",Washim,Unaided,GSTS,State Level,Any,59545,
2022-23,D Pharmacy,CAP Round III,01293,"Shraddha Institute Of Pharmacy, Washim",Washim,Unaided,LSTS,State Level,Ladies,53454,
2022-23,D Pharmacy,CAP Round III,01293,"Shraddha Institute Of Pharmacy, Washim",Washim,Unaided,LNT1S,State Level,Ladies,12580,
2022-23,D Pharmacy,CAP Round III,01293,"Shraddha Institute Of Pharmacy, Washim",Washim,Unaided,GNT3S,State Level,Any,20800,
2022-23,D Pharmacy,CAP Round III,01293,"Shraddha Institute Of Pharmacy, Washim",Washim,Unaided,GOBCS,State Level,Any,10787,
2022-23,D Pharmacy,CAP Round III,01293,"Shraddha Institute Of Pharmacy, Washim",Washim,Unaided,LOBCS,State Level,Ladies,10057,
2022-23,D Pharmacy,CAP Round III,01293,"Shraddha Institute Of Pharmacy, Washim",Washim,Unaided,EWS,Special,Any,7234,
2022-23,D Pharmacy,CAP Round III,01294,"Samarth College Of Pharmacy, Deulgaon Raja",Buldhana,Unaided,GOPENS,State Level,Any,4569,
2022-23,D Pharmacy,CAP Round III,01294,"Samarth College Of Pharmacy, Deulgaon Raja",Buldhana,Unaided,GSTS,State Level,Any,5086,
2022-23,D Pharmacy,CAP Round III,01296,"Dr. Rajendra Gode College Of Pharmacy, Amravati",Amravati,Unaided,GOPENS,State Level,Any,17965,
2022-23,D Pharmacy,CAP Round III,01296,"Dr. Rajendra Gode College Of Pharmacy, Amravati",Amravati,Unaided,LOPENS,State Level,Ladies,17020,
2022-23,D Pharmacy,CAP Round III,01296,"Dr. Rajendra Gode College Of Pharmacy, Amravati",Amravati,Unaided,GSCS,State Level,Any,22137,
2022-23,D Pharmacy,CAP Round III,01296,"Dr. Rajendra Gode College Of Pharmacy, Amravati",Amravati,Unaided,GSTS,State Level,Any,28319,
2022-23,D Pharmacy,CAP Round III,01296,"Dr. Rajendra Gode College Of Pharmacy, Amravati",Amravati,Unaided,LSTS,State Level,Ladies,54346,
2022-23,D Pharmacy,CAP Round III,01296,"Dr. Rajendra Gode College Of Pharmacy, Amravati",Amravati,Unaided,GOBCS,State Level,Any,19020,
2022-23,D Pharmacy,CAP Round III,01296,"Dr. Rajendra Gode College Of Pharmacy, Amravati",Amravati,Unaided,EWS,Special,Any,15269,
2022-23,D Pharmacy,CAP Round III,01297,"Vidyaniketan College Of Pharmacy, Anjangaon Surji",Amravati,Unaided,GOPENS,State Level,Any,20990,
2022-23,D Pharmacy,CAP Round III,01297,"Vidyaniketan College Of Pharmacy, Anjangaon Surji",Amravati,Unaided,LOPENS,State Level,Ladies,10068,
2022-23,D Pharmacy,CAP Round III,01297,"Vidyaniketan College Of Pharmacy, Anjangaon Surji",Amravati,Unaided,MI,Special,Any,78879,
2022-23,D Pharmacy,CAP Round III,01299,NK College of Pharmacy,Pharmacy,Unaided,GOPENS,State Level,Any,22026,
2022-23,D Pharmacy,CAP Round III,01299,NK College of Pharmacy,Pharmacy,Unaided,LOPENS,State Level,Ladies,23599,
2022-23,D Pharmacy,CAP Round III,01299,NK College of Pharmacy,Pharmacy,Unaided,GSCS,State Level,Any,27072,
2022-23,D Pharmacy,CAP Round III,01299,NK College of Pharmacy,Pharmacy,Unaided,LSCS,State Level,Ladies,38569,
2022-23,D Pharmacy,CAP Round III,01299,NK College of Pharmacy,Pharmacy,Unaided,GNT2S,State Level,Any,32307,
2022-23,D Pharmacy,CAP Round III,01299,NK College of Pharmacy,Pharmacy,Unaided,LNT2S,State Level,Ladies,24279,
2022-23,D Pharmacy,CAP Round III,01299,NK College of Pharmacy,Pharmacy,Unaided,GNT3S,State Level,Any,24289,
2022-23,D Pharmacy,CAP Round III,01299,NK College of Pharmacy,Pharmacy,Unaided,GOBCS,State Level,Any,24723,
2022-23,D Pharmacy,CAP Round III,01299,NK College of Pharmacy,Pharmacy,Unaided,EWS,Special,Any,24054,
2022-23,D Pharmacy,CAP Round III,01299,NK College of Pharmacy,Pharmacy,Unaided,TFWS,Special,Any,13123,
2022-23,D Pharmacy,CAP Round III,01299,NK College of Pharmacy,Pharmacy,Unaided,LSTS,State Level,Ladies,23248,
2022-23,D Pharmacy,CAP Round III,02022,Maulana Azad Education Society's Kamla Nehru Polytechnic(Pharmacy) Aurangabad,Chhatrapati Sambhajinagar,Aided,GOPENS,State Level,Any,3326,
2022-23,D Pharmacy,CAP Round III,02022,Maulana Azad Education Society's Kamla Nehru Polytechnic(Pharmacy) Aurangabad,Chhatrapati Sambhajinagar,Aided,LOPENS,State Level,Ladies,3293,
2022-23,D Pharmacy,CAP Round III,02022,Maulana Azad Education Society's Kamla Nehru Polytechnic(Pharmacy) Aurangabad,Chhatrapati Sambhajinagar,Aided,MI,Special,Any,287,
2022-23,D Pharmacy,CAP Round III,02022,Maulana Azad Education Society's Kamla Nehru Polytechnic(Pharmacy) Aurangabad,Chhatrapati Sambhajinagar,Unaided,GOPENS,State Level,Any,11543,
2022-23,D Pharmacy,CAP Round III,02022,Maulana Azad Education Society's Kamla Nehru Polytechnic(Pharmacy) Aurangabad,Chhatrapati Sambhajinagar,Unaided,LOPENS,State Level,Ladies,8875,
2022-23,D Pharmacy,CAP Round III,02022,Maulana Azad Education Society's Kamla Nehru Polytechnic(Pharmacy) Aurangabad,Chhatrapati Sambhajinagar,Unaided,MI,Special,Any,20138,
2022-23,D Pharmacy,CAP Round III,02023,"Jai Bhavani Shikshan Prasarak Mandal's Institute Of Pharmacy, Gadhi Georai",Beed,Aided,GOPENS,State Level,Any,4190,
2022-23,D Pharmacy,CAP Round III,02023,"Jai Bhavani Shikshan Prasarak Mandal's Institute Of Pharmacy, Gadhi Georai",Beed,Aided,LOPENS,State Level,Ladies,3445,
2022-23,D Pharmacy,CAP Round III,02023,"Jai Bhavani Shikshan Prasarak Mandal's Institute Of Pharmacy, Gadhi Georai",Beed,Aided,GSCS,State Level,Any,8028,
2022-23,D Pharmacy,CAP Round III,02023,"Jai Bhavani Shikshan Prasarak Mandal's Institute Of Pharmacy, Gadhi Georai",Beed,Aided,LSCS,State Level,Ladies,7867,
2022-23,D Pharmacy,CAP Round III,02023,"Jai Bhavani Shikshan Prasarak Mandal's Institute Of Pharmacy, Gadhi Georai",Beed,Aided,GSTS,State Level,Any,65773,
2022-23,D Pharmacy,CAP Round III,02023,"Jai Bhavani Shikshan Prasarak Mandal's Institute Of Pharmacy, Gadhi Georai",Beed,Aided,LSTS,State Level,Ladies,52610,
2022-23,D Pharmacy,CAP Round III,02023,"Jai Bhavani Shikshan Prasarak Mandal's Institute Of Pharmacy, Gadhi Georai",Beed,Aided,GVJS,State Level,Any,4329,
2022-23,D Pharmacy,CAP Round III,02023,"Jai Bhavani Shikshan Prasarak Mandal's Institute Of Pharmacy, Gadhi Georai",Beed,Aided,GOBCS,State Level,Any,9649,
2022-23,D Pharmacy,CAP Round III,02023,"Jai Bhavani Shikshan Prasarak Mandal's Institute Of Pharmacy, Gadhi Georai",Beed,Aided,EWS,Special,Any,3762,
2022-23,D Pharmacy,CAP Round III,02024,"Maharashtra Shikshan Samiti's Maharashtra Polytechnic (D. Pharmacy) Institute, Nilanga, Latur",Latur,Aided,GSCS,State Level,Any,8708,
2022-23,D Pharmacy,CAP Round III,02024,"Maharashtra Shikshan Samiti's Maharashtra Polytechnic (D. Pharmacy) Institute, Nilanga, Latur",Latur,Aided,LSCS,State Level,Ladies,17474,
2022-23,D Pharmacy,CAP Round III,02024,"Maharashtra Shikshan Samiti's Maharashtra Polytechnic (D. Pharmacy) Institute, Nilanga, Latur",Latur,Aided,GSTS,State Level,Any,15031,
2022-23,D Pharmacy,CAP Round III,02024,"Maharashtra Shikshan Samiti's Maharashtra Polytechnic (D. Pharmacy) Institute, Nilanga, Latur",Latur,Aided,GOBCS,State Level,Any,8790,
2022-23,D Pharmacy,CAP Round III,02024,"Maharashtra Shikshan Samiti's Maharashtra Polytechnic (D. Pharmacy) Institute, Nilanga, Latur",Latur,Aided,ORPHAN,Special,Any,2969,
2022-23,D Pharmacy,CAP Round III,02025,Channabasweshwar (Polytechnic) College Latur,Latur,Aided,GOPENS,State Level,Any,3185,
2022-23,D Pharmacy,CAP Round III,02025,Channabasweshwar (Polytechnic) College Latur,Latur,Aided,GVJS,State Level,Any,3949,
2022-23,D Pharmacy,CAP Round III,02025,Channabasweshwar (Polytechnic) College Latur,Latur,Aided,GNT2S,State Level,Any,7959,
2022-23,D Pharmacy,CAP Round III,02025,Channabasweshwar (Polytechnic) College Latur,Latur,Aided,GOBCS,State Level,Any,6909,
2022-23,D Pharmacy,CAP Round III,02025,Channabasweshwar (Polytechnic) College Latur,Latur,Aided,EWS,Special,Any,3259,
2022-23,D Pharmacy,CAP Round III,02026,"Shri Sharda Bhavan Education Society's Nanded Pharmacy College (Polytechnic), Nanded",Nanded,Aided,GOPENS,State Level,Any,2774,
2022-23,D Pharmacy,CAP Round III,02026,"Shri Sharda Bhavan Education Society's Nanded Pharmacy College (Polytechnic), Nanded",Nanded,Aided,LOPENS,State Level,Ladies,2251,
2022-23,D Pharmacy,CAP Round III,02026,"Shri Sharda Bhavan Education Society's Nanded Pharmacy College (Polytechnic), Nanded",Nanded,Aided,GOBCS,State Level,Any,2944,
2022-23,D Pharmacy,CAP Round III,02026,"Shri Sharda Bhavan Education Society's Nanded Pharmacy College (Polytechnic), Nanded",Nanded,Aided,LOBCS,State Level,Ladies,2706,
2022-23,D Pharmacy,CAP Round III,02026,"Shri Sharda Bhavan Education Society's Nanded Pharmacy College (Polytechnic), Nanded",Nanded,Aided,ORPHAN,Special,Any,3010,
2022-23,D Pharmacy,CAP Round III,02027,"Adarsh Shikshan Prasarak Mandal's Diploma In Pharmacy Institute, Osmanabad",Dharashiv,Aided,GOPENS,State Level,Any,5538,
2022-23,D Pharmacy,CAP Round III,02027,"Adarsh Shikshan Prasarak Mandal's Diploma In Pharmacy Institute, Osmanabad",Dharashiv,Aided,LOPENS,State Level,Ladies,3679,
2022-23,D Pharmacy,CAP Round III,02027,"Adarsh Shikshan Prasarak Mandal's Diploma In Pharmacy Institute, Osmanabad",Dharashiv,Aided,GSCS,State Level,Any,21337,
2022-23,D Pharmacy,CAP Round III,02027,"Adarsh Shikshan Prasarak Mandal's Diploma In Pharmacy Institute, Osmanabad",Dharashiv,Aided,LSCS,State Level,Ladies,18365,
2022-23,D Pharmacy,CAP Round III,02027,"Adarsh Shikshan Prasarak Mandal's Diploma In Pharmacy Institute, Osmanabad",Dharashiv,Aided,GSTS,State Level,Any,15070,
2022-23,D Pharmacy,CAP Round III,02027,"Adarsh Shikshan Prasarak Mandal's Diploma In Pharmacy Institute, Osmanabad",Dharashiv,Aided,GOBCS,State Level,Any,16674,
2022-23,D Pharmacy,CAP Round III,02027,"Adarsh Shikshan Prasarak Mandal's Diploma In Pharmacy Institute, Osmanabad",Dharashiv,Aided,LOBCS,State Level,Ladies,12243,
2022-23,D Pharmacy,CAP Round III,02027,"Adarsh Shikshan Prasarak Mandal's Diploma In Pharmacy Institute, Osmanabad",Dharashiv,Aided,PWDOPENS,State Level,Any,13822,
2022-23,D Pharmacy,CAP Round III,02027,"Adarsh Shikshan Prasarak Mandal's Diploma In Pharmacy Institute, Osmanabad",Dharashiv,Aided,EWS,Special,Any,3515,
2022-23,D Pharmacy,CAP Round III,02027,"Adarsh Shikshan Prasarak Mandal's Diploma In Pharmacy Institute, Osmanabad",Dharashiv,Aided,ORPHAN,Special,Any,6144,
2022-23,D Pharmacy,CAP Round III,02028,"Marathwada Shikshan Prasarak Mandal's Shri Shivaji Institute Of Pharmacy, Parbhani",Parbhani,Aided,GOPENS,State Level,Any,2874,
2022-23,D Pharmacy,CAP Round III,02028,"Marathwada Shikshan Prasarak Mandal's Shri Shivaji Institute Of Pharmacy, Parbhani",Parbhani,Aided,GSTS,State Level,Any,10946,
2022-23,D Pharmacy,CAP Round III,02028,"Marathwada Shikshan Prasarak Mandal's Shri Shivaji Institute Of Pharmacy, Parbhani",Parbhani,Aided,GVJS,State Level,Any,6450,
2022-23,D Pharmacy,CAP Round III,02028,"Marathwada Shikshan Prasarak Mandal's Shri Shivaji Institute Of Pharmacy, Parbhani",Parbhani,Aided,GOBCS,State Level,Any,3905,
2022-23,D Pharmacy,CAP Round III,02028,"Marathwada Shikshan Prasarak Mandal's Shri Shivaji Institute Of Pharmacy, Parbhani",Parbhani,Aided,ORPHAN,Special,Any,3220,
2022-23,D Pharmacy,CAP Round III,02118,"Shree Bhairavnath Nisarg Mandal.'S Diploma In Pharmacy Institute, Hatta, Tal.Basmat",Hingoli,Unaided,GOPENS,State Level,Any,16956,
2022-23,D Pharmacy,CAP Round III,02118,"Shree Bhairavnath Nisarg Mandal.'S Diploma In Pharmacy Institute, Hatta, Tal.Basmat",Hingoli,Unaided,LOPENS,State Level,Ladies,17286,
2022-23,D Pharmacy,CAP Round III,02118,"Shree Bhairavnath Nisarg Mandal.'S Diploma In Pharmacy Institute, Hatta, Tal.Basmat",Hingoli,Unaided,GSCS,State Level,Any,19662,
2022-23,D Pharmacy,CAP Round III,02118,"Shree Bhairavnath Nisarg Mandal.'S Diploma In Pharmacy Institute, Hatta, Tal.Basmat",Hingoli,Unaided,GSTS,State Level,Any,22212,
2022-23,D Pharmacy,CAP Round III,02118,"Shree Bhairavnath Nisarg Mandal.'S Diploma In Pharmacy Institute, Hatta, Tal.Basmat",Hingoli,Unaided,GNT1S,State Level,Any,26378,
2022-23,D Pharmacy,CAP Round III,02118,"Shree Bhairavnath Nisarg Mandal.'S Diploma In Pharmacy Institute, Hatta, Tal.Basmat",Hingoli,Unaided,GNT2S,State Level,Any,21798,
2022-23,D Pharmacy,CAP Round III,02118,"Shree Bhairavnath Nisarg Mandal.'S Diploma In Pharmacy Institute, Hatta, Tal.Basmat",Hingoli,Unaided,LNT2S,State Level,Ladies,25025,
2022-23,D Pharmacy,CAP Round III,02118,"Shree Bhairavnath Nisarg Mandal.'S Diploma In Pharmacy Institute, Hatta, Tal.Basmat",Hingoli,Unaided,GOBCS,State Level,Any,26761,
2022-23,D Pharmacy,CAP Round III,02143,"Shri Dhaneshwari Manav Vikas Mandal's Diploma In Pharmacy Institute, At Post Gevrai Tanda, Paithan Road, Aurangabad.",Chhatrapati Sambhajinagar,Unaided,GOPENS,State Level,Any,15196,
2022-23,D Pharmacy,CAP Round III,02143,"Shri Dhaneshwari Manav Vikas Mandal's Diploma In Pharmacy Institute, At Post Gevrai Tanda, Paithan Road, Aurangabad.",Chhatrapati Sambhajinagar,Unaided,LOPENS,State Level,Ladies,12667,
2022-23,D Pharmacy,CAP Round III,02143,"Shri Dhaneshwari Manav Vikas Mandal's Diploma In Pharmacy Institute, At Post Gevrai Tanda, Paithan Road, Aurangabad.",Chhatrapati Sambhajinagar,Unaided,GSCS,State Level,Any,23048,
2022-23,D Pharmacy,CAP Round III,02143,"Shri Dhaneshwari Manav Vikas Mandal's Diploma In Pharmacy Institute, At Post Gevrai Tanda, Paithan Road, Aurangabad.",Chhatrapati Sambhajinagar,Unaided,LSTS,State Level,Ladies,57890,
2022-23,D Pharmacy,CAP Round III,02143,"Shri Dhaneshwari Manav Vikas Mandal's Diploma In Pharmacy Institute, At Post Gevrai Tanda, Paithan Road, Aurangabad.",Chhatrapati Sambhajinagar,Unaided,GOBCS,State Level,Any,30433,
2022-23,D Pharmacy,CAP Round III,02143,"Shri Dhaneshwari Manav Vikas Mandal's Diploma In Pharmacy Institute, At Post Gevrai Tanda, Paithan Road, Aurangabad.",Chhatrapati Sambhajinagar,Unaided,LOBCS,State Level,Ladies,35359,
2022-23,D Pharmacy,CAP Round III,02143,"Shri Dhaneshwari Manav Vikas Mandal's Diploma In Pharmacy Institute, At Post Gevrai Tanda, Paithan Road, Aurangabad.",Chhatrapati Sambhajinagar,Unaided,EWS,Special,Any,16853,
2022-23,D Pharmacy,CAP Round III,02152,"Shivlingeshwar College of Pharmacy, Almala, Dist. Latur",Latur,Unaided,GOPENS,State Level,Any,10535,
2022-23,D Pharmacy,CAP Round III,02152,"Shivlingeshwar College of Pharmacy, Almala, Dist. Latur",Latur,Unaided,LOPENS,State Level,Ladies,5149,
2022-23,D Pharmacy,CAP Round III,02152,"Shivlingeshwar College of Pharmacy, Almala, Dist. Latur",Latur,Unaided,GSCS,State Level,Any,45220,
2022-23,D Pharmacy,CAP Round III,02152,"Shivlingeshwar College of Pharmacy, Almala, Dist. Latur",Latur,Unaided,GNT2S,State Level,Any,15926,
2022-23,D Pharmacy,CAP Round III,02152,"Shivlingeshwar College of Pharmacy, Almala, Dist. Latur",Latur,Unaided,GOBCS,State Level,Any,42838,
2022-23,D Pharmacy,CAP Round III,02152,"Shivlingeshwar College of Pharmacy, Almala, Dist. Latur",Latur,Unaided,LOBCS,State Level,Ladies,38971,
2022-23,D Pharmacy,CAP Round III,02152,"Shivlingeshwar College of Pharmacy, Almala, Dist. Latur",Latur,Unaided,EWS,Special,Any,8409,
2022-23,D Pharmacy,CAP Round III,02152,"Shivlingeshwar College of Pharmacy, Almala, Dist. Latur",Latur,Unaided,TFWS,Special,Any,6556,
2022-23,D Pharmacy,CAP Round III,02154,"Shri. Dhaneshwari Manav Vikas Mandal's Dr. Vedprakash Patil Pharmacy, College, Gevrai, Aurangabad.",Chhatrapati Sambhajinagar,Unaided,GOPENS,State Level,Any,18909,
2022-23,D Pharmacy,CAP Round III,02154,"Shri. Dhaneshwari Manav Vikas Mandal's Dr. Vedprakash Patil Pharmacy, College, Gevrai, Aurangabad.",Chhatrapati Sambhajinagar,Unaided,LOPENS,State Level,Ladies,19463,
2022-23,D Pharmacy,CAP Round III,02154,"Shri. Dhaneshwari Manav Vikas Mandal's Dr. Vedprakash Patil Pharmacy, College, Gevrai, Aurangabad.",Chhatrapati Sambhajinagar,Unaided,GSCS,State Level,Any,35850,
2022-23,D Pharmacy,CAP Round III,02154,"Shri. Dhaneshwari Manav Vikas Mandal's Dr. Vedprakash Patil Pharmacy, College, Gevrai, Aurangabad.",Chhatrapati Sambhajinagar,Unaided,LSCS,State Level,Ladies,28616,
2022-23,D Pharmacy,CAP Round III,02154,"Shri. Dhaneshwari Manav Vikas Mandal's Dr. Vedprakash Patil Pharmacy, College, Gevrai, Aurangabad.",Chhatrapati Sambhajinagar,Unaided,LSTS,State Level,Ladies,54380,
2022-23,D Pharmacy,CAP Round III,02154,"Shri. Dhaneshwari Manav Vikas Mandal's Dr. Vedprakash Patil Pharmacy, College, Gevrai, Aurangabad.",Chhatrapati Sambhajinagar,Unaided,LNT3S,State Level,Ladies,39934,
2022-23,D Pharmacy,CAP Round III,02154,"Shri. Dhaneshwari Manav Vikas Mandal's Dr. Vedprakash Patil Pharmacy, College, Gevrai, Aurangabad.",Chhatrapati Sambhajinagar,Unaided,GOBCS,State Level,Any,32636,
2022-23,D Pharmacy,CAP Round III,02154,"Shri. Dhaneshwari Manav Vikas Mandal's Dr. Vedprakash Patil Pharmacy, College, Gevrai, Aurangabad.",Chhatrapati Sambhajinagar,Unaided,LOBCS,State Level,Ladies,19940,
2022-23,D Pharmacy,CAP Round III,02154,"Shri. Dhaneshwari Manav Vikas Mandal's Dr. Vedprakash Patil Pharmacy, College, Gevrai, Aurangabad.",Chhatrapati Sambhajinagar,Unaided,EWS,Special,Any,19221,
2022-23,D Pharmacy,CAP Round III,02156,"Dayanand Education Society's Dayanand College of Pharmacy, Latur",Latur,Unaided,GOPENS,State Level,Any,7385,
2022-23,D Pharmacy,CAP Round III,02156,"Dayanand Education Society's Dayanand College of Pharmacy, Latur",Latur,Unaided,LOPENS,State Level,Ladies,6119,
2022-23,D Pharmacy,CAP Round III,02156,"Dayanand Education Society's Dayanand College of Pharmacy, Latur",Latur,Unaided,GSCS,State Level,Any,27735,
2022-23,D Pharmacy,CAP Round III,02156,"Dayanand Education Society's Dayanand College of Pharmacy, Latur",Latur,Unaided,GOBCS,State Level,Any,20066,
2022-23,D Pharmacy,CAP Round III,02156,"Dayanand Education Society's Dayanand College of Pharmacy, Latur",Latur,Unaided,LOBCS,State Level,Ladies,17266,
2022-23,D Pharmacy,CAP Round III,02156,"Dayanand Education Society's Dayanand College of Pharmacy, Latur",Latur,Unaided,EWS,Special,Any,3513,
2022-23,D Pharmacy,CAP Round III,02156,"Dayanand Education Society's Dayanand College of Pharmacy, Latur",Latur,Unaided,TFWS,Special,Any,3625,
2022-23,D Pharmacy,CAP Round III,02158,"Ramchandra Sanskritik Krida Mandal's R.D. Bhakt College of Pharmacy, Jalna",Jalna,Unaided,GOPENS,State Level,Any,15427,
2022-23,D Pharmacy,CAP Round III,02158,"Ramchandra Sanskritik Krida Mandal's R.D. Bhakt College of Pharmacy, Jalna",Jalna,Unaided,GSCS,State Level,Any,25422,
2022-23,D Pharmacy,CAP Round III,02158,"Ramchandra Sanskritik Krida Mandal's R.D. Bhakt College of Pharmacy, Jalna",Jalna,Unaided,LSCS,State Level,Ladies,31886,
2022-23,D Pharmacy,CAP Round III,02158,"Ramchandra Sanskritik Krida Mandal's R.D. Bhakt College of Pharmacy, Jalna",Jalna,Unaided,GNT1S,State Level,Any,33412,
2022-23,D Pharmacy,CAP Round III,02158,"Ramchandra Sanskritik Krida Mandal's R.D. Bhakt College of Pharmacy, Jalna",Jalna,Unaided,LNT3S,State Level,Ladies,9727,
2022-23,D Pharmacy,CAP Round III,02158,"Ramchandra Sanskritik Krida Mandal's R.D. Bhakt College of Pharmacy, Jalna",Jalna,Unaided,GOBCS,State Level,Any,26943,
2022-23,D Pharmacy,CAP Round III,02158,"Ramchandra Sanskritik Krida Mandal's R.D. Bhakt College of Pharmacy, Jalna",Jalna,Unaided,LOBCS,State Level,Ladies,11515,
2022-23,D Pharmacy,CAP Round III,02158,"Ramchandra Sanskritik Krida Mandal's R.D. Bhakt College of Pharmacy, Jalna",Jalna,Unaided,GSTS,State Level,Any,18373,
2022-23,D Pharmacy,CAP Round III,02201,Umer Bin Khattab Welfare Trust Vastanvi College of Pharmacy,Pharmacy,Unaided,MI,Special,Any,33586,
2022-23,D Pharmacy,CAP Round III,02201,Umer Bin Khattab Welfare Trust Vastanvi College of Pharmacy,Pharmacy,Unaided,TFWS,Special,Any,10426,
2022-23,D Pharmacy,CAP Round III,02202,"Sayli Charitable Trust's College Of Pharmacy, Mitmita, Aurangabad.",Chhatrapati Sambhajinagar,Unaided,GOPENS,State Level,Any,17347,
2022-23,D Pharmacy,CAP Round III,02202,"Sayli Charitable Trust's College Of Pharmacy, Mitmita, Aurangabad.",Chhatrapati Sambhajinagar,Unaided,GSCS,State Level,Any,21826,
2022-23,D Pharmacy,CAP Round III,02202,"Sayli Charitable Trust's College Of Pharmacy, Mitmita, Aurangabad.",Chhatrapati Sambhajinagar,Unaided,GSTS,State Level,Any,43105,
2022-23,D Pharmacy,CAP Round III,02202,"Sayli Charitable Trust's College Of Pharmacy, Mitmita, Aurangabad.",Chhatrapati Sambhajinagar,Unaided,LSTS,State Level,Ladies,34686,
2022-23,D Pharmacy,CAP Round III,02202,"Sayli Charitable Trust's College Of Pharmacy, Mitmita, Aurangabad.",Chhatrapati Sambhajinagar,Unaided,GOBCS,State Level,Any,20012,
2022-23,D Pharmacy,CAP Round III,02202,"Sayli Charitable Trust's College Of Pharmacy, Mitmita, Aurangabad.",Chhatrapati Sambhajinagar,Unaided,EWS,Special,Any,15411,
2022-23,D Pharmacy,CAP Round III,02203,"Bhagwan Shikshan Prasarak Mandal's Dr. Y.S. Khedkar College Of Pharmacy, CIDCO, Aurangabad",Chhatrapati Sambhajinagar,Unaided,GOPENS,State Level,Any,4678,
2022-23,D Pharmacy,CAP Round III,02203,"Bhagwan Shikshan Prasarak Mandal's Dr. Y.S. Khedkar College Of Pharmacy, CIDCO, Aurangabad",Chhatrapati Sambhajinagar,Unaided,LOPENS,State Level,Ladies,3694,
2022-23,D Pharmacy,CAP Round III,02203,"Bhagwan Shikshan Prasarak Mandal's Dr. Y.S. Khedkar College Of Pharmacy, CIDCO, Aurangabad",Chhatrapati Sambhajinagar,Unaided,LSTS,State Level,Ladies,33659,
2022-23,D Pharmacy,CAP Round III,02203,"Bhagwan Shikshan Prasarak Mandal's Dr. Y.S. Khedkar College Of Pharmacy, CIDCO, Aurangabad",Chhatrapati Sambhajinagar,Unaided,GNT2S,State Level,Any,20837,
2022-23,D Pharmacy,CAP Round III,02203,"Bhagwan Shikshan Prasarak Mandal's Dr. Y.S. Khedkar College Of Pharmacy, CIDCO, Aurangabad",Chhatrapati Sambhajinagar,Unaided,LNT2S,State Level,Ladies,17294,
2022-23,D Pharmacy,CAP Round III,02203,"Bhagwan Shikshan Prasarak Mandal's Dr. Y.S. Khedkar College Of Pharmacy, CIDCO, Aurangabad",Chhatrapati Sambhajinagar,Unaided,GOBCS,State Level,Any,8940,
2022-23,D Pharmacy,CAP Round III,02205,"Anand Charitable sanstha's College of Pharmacy, Ashti, Dist. Beed",Beed,Unaided,GOPENS,State Level,Any,15673,
2022-23,D Pharmacy,CAP Round III,02205,"Anand Charitable sanstha's College of Pharmacy, Ashti, Dist. Beed",Beed,Unaided,LOPENS,State Level,Ladies,14913,
2022-23,D Pharmacy,CAP Round III,02205,"Anand Charitable sanstha's College of Pharmacy, Ashti, Dist. Beed",Beed,Unaided,GSCS,State Level,Any,51770,
2022-23,D Pharmacy,CAP Round III,02205,"Anand Charitable sanstha's College of Pharmacy, Ashti, Dist. Beed",Beed,Unaided,GVJS,State Level,Any,32130,
2022-23,D Pharmacy,CAP Round III,02205,"Anand Charitable sanstha's College of Pharmacy, Ashti, Dist. Beed",Beed,Unaided,LNT2S,State Level,Ladies,18013,
2022-23,D Pharmacy,CAP Round III,02205,"Anand Charitable sanstha's College of Pharmacy, Ashti, Dist. Beed",Beed,Unaided,GOBCS,State Level,Any,36291,
2022-23,D Pharmacy,CAP Round III,02206,"Adarsh Shikshan Sansta's Colllege of Pharmacy, Beed",Beed,Unaided,GOPENS,State Level,Any,6446,
2022-23,D Pharmacy,CAP Round III,02206,"Adarsh Shikshan Sansta's Colllege of Pharmacy, Beed",Beed,Unaided,LVJS,State Level,Ladies,32417,
2022-23,D Pharmacy,CAP Round III,02206,"Adarsh Shikshan Sansta's Colllege of Pharmacy, Beed",Beed,Unaided,TFWS,Special,Any,8693,
2022-23,D Pharmacy,CAP Round III,02206,"Adarsh Shikshan Sansta's Colllege of Pharmacy, Beed",Beed,Unaided,GSTS,State Level,Any,8298,
2022-23,D Pharmacy,CAP Round III,02207,"Shri Amolak Jain Vidya Prasarak Mandal's Pharmacy College, Kada, Ashti, Beed",Beed,Unaided,GOPENS,State Level,Any,18253,
2022-23,D Pharmacy,CAP Round III,02207,"Shri Amolak Jain Vidya Prasarak Mandal's Pharmacy College, Kada, Ashti, Beed",Beed,Unaided,MI,Special,Any,70952,
2022-23,D Pharmacy,CAP Round III,02208,"Navgan Shikshan Sanstha's P.V.P. College Of Pharmacy, Patoda, Beed",Beed,Unaided,GOPENS,State Level,Any,7053,
2022-23,D Pharmacy,CAP Round III,02208,"Navgan Shikshan Sanstha's P.V.P. College Of Pharmacy, Patoda, Beed",Beed,Unaided,GSCS,State Level,Any,52099,
2022-23,D Pharmacy,CAP Round III,02208,"Navgan Shikshan Sanstha's P.V.P. College Of Pharmacy, Patoda, Beed",Beed,Unaided,LSCS,State Level,Ladies,23142,
2022-23,D Pharmacy,CAP Round III,02208,"Navgan Shikshan Sanstha's P.V.P. College Of Pharmacy, Patoda, Beed",Beed,Unaided,LOBCS,State Level,Ladies,41880,
2022-23,D Pharmacy,CAP Round III,02208,"Navgan Shikshan Sanstha's P.V.P. College Of Pharmacy, Patoda, Beed",Beed,Unaided,EWS,Special,Any,8783,
2022-23,D Pharmacy,CAP Round III,02208,"Navgan Shikshan Sanstha's P.V.P. College Of Pharmacy, Patoda, Beed",Beed,Unaided,TFWS,Special,Any,5103,
2022-23,D Pharmacy,CAP Round III,02209,"Shree Balaji Shikshan Prasarak's Institute of Pharmacy, Ambejogai, Dist. Beed.",Beed,Unaided,GOPENS,State Level,Any,8557,
2022-23,D Pharmacy,CAP Round III,02209,"Shree Balaji Shikshan Prasarak's Institute of Pharmacy, Ambejogai, Dist. Beed.",Beed,Unaided,GOBCS,State Level,Any,43983,
2022-23,D Pharmacy,CAP Round III,02209,"Shree Balaji Shikshan Prasarak's Institute of Pharmacy, Ambejogai, Dist. Beed.",Beed,Unaided,GSTS,State Level,Any,11068,
2022-23,D Pharmacy,CAP Round III,02212,"Ramchandra Sansrutik Krida Mandal's C.P.College of Pharmacy, Jalna",Jalna,Unaided,GOPENS,State Level,Any,19816,
2022-23,D Pharmacy,CAP Round III,02212,"Ramchandra Sansrutik Krida Mandal's C.P.College of Pharmacy, Jalna",Jalna,Unaided,LOPENS,State Level,Ladies,17174,
2022-23,D Pharmacy,CAP Round III,02212,"Ramchandra Sansrutik Krida Mandal's C.P.College of Pharmacy, Jalna",Jalna,Unaided,LSTS,State Level,Ladies,67587,
2022-23,D Pharmacy,CAP Round III,02212,"Ramchandra Sansrutik Krida Mandal's C.P.College of Pharmacy, Jalna",Jalna,Unaided,GNT1S,State Level,Any,39349,
2022-23,D Pharmacy,CAP Round III,02212,"Ramchandra Sansrutik Krida Mandal's C.P.College of Pharmacy, Jalna",Jalna,Unaided,GOBCS,State Level,Any,30611,
2022-23,D Pharmacy,CAP Round III,02212,"Ramchandra Sansrutik Krida Mandal's C.P.College of Pharmacy, Jalna",Jalna,Unaided,EWS,Special,Any,19620,
2022-23,D Pharmacy,CAP Round III,02212,"Ramchandra Sansrutik Krida Mandal's C.P.College of Pharmacy, Jalna",Jalna,Unaided,GSTS,State Level,Any,19923,
2022-23,D Pharmacy,CAP Round III,02213,"Jalana Education Society's Institute Of Pharmacy,Jalna",Jalna,Unaided,GOPENS,State Level,Any,13511,
2022-23,D Pharmacy,CAP Round III,02213,"Jalana Education Society's Institute Of Pharmacy,Jalna",Jalna,Unaided,LOPENS,State Level,Ladies,9981,
2022-23,D Pharmacy,CAP Round III,02213,"Jalana Education Society's Institute Of Pharmacy,Jalna",Jalna,Unaided,GSCS,State Level,Any,27849,
2022-23,D Pharmacy,CAP Round III,02213,"Jalana Education Society's Institute Of Pharmacy,Jalna",Jalna,Unaided,LSTS,State Level,Ladies,65010,
2022-23,D Pharmacy,CAP Round III,02213,"Jalana Education Society's Institute Of Pharmacy,Jalna",Jalna,Unaided,GVJS,State Level,Any,18067,
2022-23,D Pharmacy,CAP Round III,02213,"Jalana Education Society's Institute Of Pharmacy,Jalna",Jalna,Unaided,GNT3S,State Level,Any,15141,
2022-23,D Pharmacy,CAP Round III,02213,"Jalana Education Society's Institute Of Pharmacy,Jalna",Jalna,Unaided,GOBCS,State Level,Any,24170,
2022-23,D Pharmacy,CAP Round III,02213,"Jalana Education Society's Institute Of Pharmacy,Jalna",Jalna,Unaided,LOBCS,State Level,Ladies,12544,
2022-23,D Pharmacy,CAP Round III,02213,"Jalana Education Society's Institute Of Pharmacy,Jalna",Jalna,Unaided,GSTS,State Level,Any,13999,
2022-23,D Pharmacy,CAP Round III,02214,"Mahatma Basveshwar Education Soc., College of Pharmacy, Barshi Road, Latur",Latur,Unaided,GOPENS,State Level,Any,22239,
2022-23,D Pharmacy,CAP Round III,02214,"Mahatma Basveshwar Education Soc., College of Pharmacy, Barshi Road, Latur",Latur,Unaided,LOPENS,State Level,Ladies,21216,
2022-23,D Pharmacy,CAP Round III,02214,"Mahatma Basveshwar Education Soc., College of Pharmacy, Barshi Road, Latur",Latur,Unaided,GSCS,State Level,Any,35481,
2022-23,D Pharmacy,CAP Round III,02214,"Mahatma Basveshwar Education Soc., College of Pharmacy, Barshi Road, Latur",Latur,Unaided,LSCS,State Level,Ladies,35119,
2022-23,D Pharmacy,CAP Round III,02214,"Mahatma Basveshwar Education Soc., College of Pharmacy, Barshi Road, Latur",Latur,Unaided,GSTS,State Level,Any,45780,
2022-23,D Pharmacy,CAP Round III,02214,"Mahatma Basveshwar Education Soc., College of Pharmacy, Barshi Road, Latur",Latur,Unaided,GNT2S,State Level,Any,23809,
2022-23,D Pharmacy,CAP Round III,02214,"Mahatma Basveshwar Education Soc., College of Pharmacy, Barshi Road, Latur",Latur,Unaided,GOBCS,State Level,Any,32382,
2022-23,D Pharmacy,CAP Round III,02214,"Mahatma Basveshwar Education Soc., College of Pharmacy, Barshi Road, Latur",Latur,Unaided,LOBCS,State Level,Ladies,43511,
2022-23,D Pharmacy,CAP Round III,02214,"Mahatma Basveshwar Education Soc., College of Pharmacy, Barshi Road, Latur",Latur,Unaided,EWS,Special,Any,21893,
2022-23,D Pharmacy,CAP Round III,02214,"Mahatma Basveshwar Education Soc., College of Pharmacy, Barshi Road, Latur",Latur,Unaided,LSTS,State Level,Ladies,65692,
2022-23,D Pharmacy,CAP Round III,02215,"Shri Vishweshwar Shikshan Prasarak Mandal's Swa.Dagdojirao Deshmukh D.Pharmacy College, Ausa,(Almala) Dist. Latur",Latur,Unaided,GOPENS,State Level,Any,23813,
2022-23,D Pharmacy,CAP Round III,02215,"Shri Vishweshwar Shikshan Prasarak Mandal's Swa.Dagdojirao Deshmukh D.Pharmacy College, Ausa,(Almala) Dist. Latur",Latur,Unaided,GSCS,State Level,Any,37573,
2022-23,D Pharmacy,CAP Round III,02215,"Shri Vishweshwar Shikshan Prasarak Mandal's Swa.Dagdojirao Deshmukh D.Pharmacy College, Ausa,(Almala) Dist. Latur",Latur,Unaided,GNT1S,State Level,Any,24219,
2022-23,D Pharmacy,CAP Round III,02215,"Shri Vishweshwar Shikshan Prasarak Mandal's Swa.Dagdojirao Deshmukh D.Pharmacy College, Ausa,(Almala) Dist. Latur",Latur,Unaided,GNT2S,State Level,Any,29810,
2022-23,D Pharmacy,CAP Round III,02215,"Shri Vishweshwar Shikshan Prasarak Mandal's Swa.Dagdojirao Deshmukh D.Pharmacy College, Ausa,(Almala) Dist. Latur",Latur,Unaided,LNT3S,State Level,Ladies,41070,
2022-23,D Pharmacy,CAP Round III,02215,"Shri Vishweshwar Shikshan Prasarak Mandal's Swa.Dagdojirao Deshmukh D.Pharmacy College, Ausa,(Almala) Dist. Latur",Latur,Unaided,GOBCS,State Level,Any,48303,
2022-23,D Pharmacy,CAP Round III,02216,"Sahayog Sevabhavi Sanstha's College of Pharmacy, Vishnupuri, Nanded.",Nanded,Unaided,GOPENS,State Level,Any,7937,
2022-23,D Pharmacy,CAP Round III,02216,"Sahayog Sevabhavi Sanstha's College of Pharmacy, Vishnupuri, Nanded.",Nanded,Unaided,LOPENS,State Level,Ladies,7527,
2022-23,D Pharmacy,CAP Round III,02216,"Sahayog Sevabhavi Sanstha's College of Pharmacy, Vishnupuri, Nanded.",Nanded,Unaided,GSTS,State Level,Any,31258,
2022-23,D Pharmacy,CAP Round III,02216,"Sahayog Sevabhavi Sanstha's College of Pharmacy, Vishnupuri, Nanded.",Nanded,Unaided,GNT1S,State Level,Any,13360,
2022-23,D Pharmacy,CAP Round III,02216,"Sahayog Sevabhavi Sanstha's College of Pharmacy, Vishnupuri, Nanded.",Nanded,Unaided,GOBCS,State Level,Any,17974,
2022-23,D Pharmacy,CAP Round III,02216,"Sahayog Sevabhavi Sanstha's College of Pharmacy, Vishnupuri, Nanded.",Nanded,Unaided,LOBCS,State Level,Ladies,16695,
2022-23,D Pharmacy,CAP Round III,02216,"Sahayog Sevabhavi Sanstha's College of Pharmacy, Vishnupuri, Nanded.",Nanded,Unaided,EWS,Special,Any,7324,
2022-23,D Pharmacy,CAP Round III,02217,"Jankalyan Vikas Mandal's Lilawati Satish Avhad D. Pharmacy College, Hokarna Tanda, Khed, Nanded",Nanded,Unaided,GOPENS,State Level,Any,17255,
2022-23,D Pharmacy,CAP Round III,02217,"Jankalyan Vikas Mandal's Lilawati Satish Avhad D. Pharmacy College, Hokarna Tanda, Khed, Nanded",Nanded,Unaided,LOPENS,State Level,Ladies,16900,
2022-23,D Pharmacy,CAP Round III,02217,"Jankalyan Vikas Mandal's Lilawati Satish Avhad D. Pharmacy College, Hokarna Tanda, Khed, Nanded",Nanded,Unaided,MI,Special,Any,78067,
2022-23,D Pharmacy,CAP Round III,02218,"Education Society Naigaon Diploma in Pharmacy, Nanded.",Nanded,Unaided,GOPENS,State Level,Any,6764,
2022-23,D Pharmacy,CAP Round III,02218,"Education Society Naigaon Diploma in Pharmacy, Nanded.",Nanded,Unaided,LOPENS,State Level,Ladies,6828,
2022-23,D Pharmacy,CAP Round III,02218,"Education Society Naigaon Diploma in Pharmacy, Nanded.",Nanded,Unaided,GSTS,State Level,Any,52524,
2022-23,D Pharmacy,CAP Round III,02218,"Education Society Naigaon Diploma in Pharmacy, Nanded.",Nanded,Unaided,LSTS,State Level,Ladies,80195,
2022-23,D Pharmacy,CAP Round III,02218,"Education Society Naigaon Diploma in Pharmacy, Nanded.",Nanded,Unaided,GOBCS,State Level,Any,23834,
2022-23,D Pharmacy,CAP Round III,02218,"Education Society Naigaon Diploma in Pharmacy, Nanded.",Nanded,Unaided,LOBCS,State Level,Ladies,17580,
2022-23,D Pharmacy,CAP Round III,02219,"Shree Bhairavnath Nisarga Mandal's D. Pharmacy College, Aalani",Ahmednagar,Unaided,GOPENS,State Level,Any,21701,
2022-23,D Pharmacy,CAP Round III,02219,"Shree Bhairavnath Nisarga Mandal's D. Pharmacy College, Aalani",Ahmednagar,Unaided,GSCS,State Level,Any,40903,
2022-23,D Pharmacy,CAP Round III,02219,"Shree Bhairavnath Nisarga Mandal's D. Pharmacy College, Aalani",Ahmednagar,Unaided,LSCS,State Level,Ladies,49161,
2022-23,D Pharmacy,CAP Round III,02219,"Shree Bhairavnath Nisarga Mandal's D. Pharmacy College, Aalani",Ahmednagar,Unaided,LNT3S,State Level,Ladies,41775,
2022-23,D Pharmacy,CAP Round III,02219,"Shree Bhairavnath Nisarga Mandal's D. Pharmacy College, Aalani",Ahmednagar,Unaided,GOBCS,State Level,Any,59289,
2022-23,D Pharmacy,CAP Round III,02219,"Shree Bhairavnath Nisarga Mandal's D. Pharmacy College, Aalani",Ahmednagar,Unaided,EWS,Special,Any,13615,
2022-23,D Pharmacy,CAP Round III,02220,"Anandgram Krushi Vikas Mandals Late Maharudra Bappa Mote College of Pharmacy, Girwali Tal. Bhoom",Dharashiv,Unaided,GOPENS,State Level,Any,32414,
2022-23,D Pharmacy,CAP Round III,02220,"Anandgram Krushi Vikas Mandals Late Maharudra Bappa Mote College of Pharmacy, Girwali Tal. Bhoom",Dharashiv,Unaided,LOPENS,State Level,Ladies,30393,
2022-23,D Pharmacy,CAP Round III,02220,"Anandgram Krushi Vikas Mandals Late Maharudra Bappa Mote College of Pharmacy, Girwali Tal. Bhoom",Dharashiv,Unaided,GSCS,State Level,Any,52238,
2022-23,D Pharmacy,CAP Round III,02220,"Anandgram Krushi Vikas Mandals Late Maharudra Bappa Mote College of Pharmacy, Girwali Tal. Bhoom",Dharashiv,Unaided,LNT1S,State Level,Ladies,65344,
2022-23,D Pharmacy,CAP Round III,02220,"Anandgram Krushi Vikas Mandals Late Maharudra Bappa Mote College of Pharmacy, Girwali Tal. Bhoom",Dharashiv,Unaided,GNT2S,State Level,Any,43464,
2022-23,D Pharmacy,CAP Round III,02220,"Anandgram Krushi Vikas Mandals Late Maharudra Bappa Mote College of Pharmacy, Girwali Tal. Bhoom",Dharashiv,Unaided,GOBCS,State Level,Any,64470,
2022-23,D Pharmacy,CAP Round III,02220,"Anandgram Krushi Vikas Mandals Late Maharudra Bappa Mote College of Pharmacy, Girwali Tal. Bhoom",Dharashiv,Unaided,LOBCS,State Level,Ladies,62106,
2022-23,D Pharmacy,CAP Round III,02220,"Anandgram Krushi Vikas Mandals Late Maharudra Bappa Mote College of Pharmacy, Girwali Tal. Bhoom",Dharashiv,Unaided,EWS,Special,Any,35937,
2022-23,D Pharmacy,CAP Round III,02220,"Anandgram Krushi Vikas Mandals Late Maharudra Bappa Mote College of Pharmacy, Girwali Tal. Bhoom",Dharashiv,Unaided,LOBCS,State Level,Ladies,65054,
2022-23,D Pharmacy,CAP Round III,02220,"Anandgram Krushi Vikas Mandals Late Maharudra Bappa Mote College of Pharmacy, Girwali Tal. Bhoom",Dharashiv,Unaided,GSTS,State Level,Any,33760,
2022-23,D Pharmacy,CAP Round III,02222,"Durgamata Institute Of Pharmacy, (D.Pharm), Parbhani",Parbhani,Unaided,GOPENS,State Level,Any,17044,
2022-23,D Pharmacy,CAP Round III,02222,"Durgamata Institute Of Pharmacy, (D.Pharm), Parbhani",Parbhani,Unaided,GSCS,State Level,Any,32128,
2022-23,D Pharmacy,CAP Round III,02222,"Durgamata Institute Of Pharmacy, (D.Pharm), Parbhani",Parbhani,Unaided,LSCS,State Level,Ladies,32876,
2022-23,D Pharmacy,CAP Round III,02222,"Durgamata Institute Of Pharmacy, (D.Pharm), Parbhani",Parbhani,Unaided,GSTS,State Level,Any,51238,
2022-23,D Pharmacy,CAP Round III,02222,"Durgamata Institute Of Pharmacy, (D.Pharm), Parbhani",Parbhani,Unaided,GNT3S,State Level,Any,20654,
2022-23,D Pharmacy,CAP Round III,02222,"Durgamata Institute Of Pharmacy, (D.Pharm), Parbhani",Parbhani,Unaided,GOBCS,State Level,Any,29122,
2022-23,D Pharmacy,CAP Round III,02222,"Durgamata Institute Of Pharmacy, (D.Pharm), Parbhani",Parbhani,Unaided,LOBCS,State Level,Ladies,22260,
2022-23,D Pharmacy,CAP Round III,02222,"Durgamata Institute Of Pharmacy, (D.Pharm), Parbhani",Parbhani,Unaided,PWDOPENS,State Level,Any,61392,
2022-23,D Pharmacy,CAP Round III,02222,"Durgamata Institute Of Pharmacy, (D.Pharm), Parbhani",Parbhani,Unaided,EWS,Special,Any,18885,
2022-23,D Pharmacy,CAP Round III,02222,"Durgamata Institute Of Pharmacy, (D.Pharm), Parbhani",Parbhani,Unaided,LSTS,State Level,Ladies,18054,
2022-23,D Pharmacy,CAP Round III,02223,"Vivekvardhini Sevabhavi Sanstha's Diploma Pharmacy College, Pingali",Parbhani,Unaided,GOPENS,State Level,Any,17488,
2022-23,D Pharmacy,CAP Round III,02223,"Vivekvardhini Sevabhavi Sanstha's Diploma Pharmacy College, Pingali",Parbhani,Unaided,LOPENS,State Level,Ladies,19804,
2022-23,D Pharmacy,CAP Round III,02223,"Vivekvardhini Sevabhavi Sanstha's Diploma Pharmacy College, Pingali",Parbhani,Unaided,GSCS,State Level,Any,41249,
2022-23,D Pharmacy,CAP Round III,02223,"Vivekvardhini Sevabhavi Sanstha's Diploma Pharmacy College, Pingali",Parbhani,Unaided,LSCS,State Level,Ladies,34599,
2022-23,D Pharmacy,CAP Round III,02223,"Vivekvardhini Sevabhavi Sanstha's Diploma Pharmacy College, Pingali",Parbhani,Unaided,GVJS,State Level,Any,23893,
2022-23,D Pharmacy,CAP Round III,02223,"Vivekvardhini Sevabhavi Sanstha's Diploma Pharmacy College, Pingali",Parbhani,Unaided,TFWS,Special,Any,19554,
2022-23,D Pharmacy,CAP Round III,02223,"Vivekvardhini Sevabhavi Sanstha's Diploma Pharmacy College, Pingali",Parbhani,Unaided,LSTS,State Level,Ladies,19225,
2022-23,D Pharmacy,CAP Round III,02253,"Channabasweshwar Pharmacy College ( Degree), Latur",Latur,Unaided,GOPENS,State Level,Any,12489,
2022-23,D Pharmacy,CAP Round III,02253,"Channabasweshwar Pharmacy College ( Degree), Latur",Latur,Unaided,LOPENS,State Level,Ladies,10951,
2022-23,D Pharmacy,CAP Round III,02253,"Channabasweshwar Pharmacy College ( Degree), Latur",Latur,Unaided,GSCS,State Level,Any,17807,
2022-23,D Pharmacy,CAP Round III,02253,"Channabasweshwar Pharmacy College ( Degree), Latur",Latur,Unaided,GSTS,State Level,Any,53990,
2022-23,D Pharmacy,CAP Round III,02253,"Channabasweshwar Pharmacy College ( Degree), Latur",Latur,Unaided,LNT2S,State Level,Ladies,24705,
2022-23,D Pharmacy,CAP Round III,02253,"Channabasweshwar Pharmacy College ( Degree), Latur",Latur,Unaided,GNT3S,State Level,Any,14119,
2022-23,D Pharmacy,CAP Round III,02253,"Channabasweshwar Pharmacy College ( Degree), Latur",Latur,Unaided,GOBCS,State Level,Any,24097,
2022-23,D Pharmacy,CAP Round III,02253,"Channabasweshwar Pharmacy College ( Degree), Latur",Latur,Unaided,DEFOPENS,State Level,Any,10400,
2022-23,D Pharmacy,CAP Round III,02514,"Oyster Institute of Pharmacy, Aurangabad.",Chhatrapati Sambhajinagar,Unaided,GOPENS,State Level,Any,23273,
2022-23,D Pharmacy,CAP Round III,02514,"Oyster Institute of Pharmacy, Aurangabad.",Chhatrapati Sambhajinagar,Unaided,LOPENS,State Level,Ladies,20153,
2022-23,D Pharmacy,CAP Round III,02514,"Oyster Institute of Pharmacy, Aurangabad.",Chhatrapati Sambhajinagar,Unaided,GSCS,State Level,Any,25820,
2022-23,D Pharmacy,CAP Round III,02514,"Oyster Institute of Pharmacy, Aurangabad.",Chhatrapati Sambhajinagar,Unaided,LSCS,State Level,Ladies,25054,
2022-23,D Pharmacy,CAP Round III,02514,"Oyster Institute of Pharmacy, Aurangabad.",Chhatrapati Sambhajinagar,Unaided,GSTS,State Level,Any,40735,
2022-23,D Pharmacy,CAP Round III,02514,"Oyster Institute of Pharmacy, Aurangabad.",Chhatrapati Sambhajinagar,Unaided,LSTS,State Level,Ladies,51041,
2022-23,D Pharmacy,CAP Round III,02514,"Oyster Institute of Pharmacy, Aurangabad.",Chhatrapati Sambhajinagar,Unaided,GVJS,State Level,Any,23276,
2022-23,D Pharmacy,CAP Round III,02514,"Oyster Institute of Pharmacy, Aurangabad.",Chhatrapati Sambhajinagar,Unaided,LNT1S,State Level,Ladies,25685,
2022-23,D Pharmacy,CAP Round III,02514,"Oyster Institute of Pharmacy, Aurangabad.",Chhatrapati Sambhajinagar,Unaided,GNT3S,State Level,Any,25908,
2022-23,D Pharmacy,CAP Round III,02514,"Oyster Institute of Pharmacy, Aurangabad.",Chhatrapati Sambhajinagar,Unaided,GOBCS,State Level,Any,38668,
2022-23,D Pharmacy,CAP Round III,02514,"Oyster Institute of Pharmacy, Aurangabad.",Chhatrapati Sambhajinagar,Unaided,LOBCS,State Level,Ladies,45408,
2022-23,D Pharmacy,CAP Round III,02514,"Oyster Institute of Pharmacy, Aurangabad.",Chhatrapati Sambhajinagar,Unaided,EWS,Special,Any,23600,
2022-23,D Pharmacy,CAP Round III,02514,"Oyster Institute of Pharmacy, Aurangabad.",Chhatrapati Sambhajinagar,Unaided,TFWS,Special,Any,15737,
2022-23,D Pharmacy,CAP Round III,02538,"Latur College of Pharmacy, Latur",Latur,Unaided,GOPENS,State Level,Any,24475,
2022-23,D Pharmacy,CAP Round III,02538,"Latur College of Pharmacy, Latur",Latur,Unaided,LOPENS,State Level,Ladies,15914,
2022-23,D Pharmacy,CAP Round III,02538,"Latur College of Pharmacy, Latur",Latur,Unaided,GSCS,State Level,Any,38444,
2022-23,D Pharmacy,CAP Round III,02538,"Latur College of Pharmacy, Latur",Latur,Unaided,GVJS,State Level,Any,27123,
2022-23,D Pharmacy,CAP Round III,02538,"Latur College of Pharmacy, Latur",Latur,Unaided,GNT1S,State Level,Any,39367,
2022-23,D Pharmacy,CAP Round III,02538,"Latur College of Pharmacy, Latur",Latur,Unaided,GNT2S,State Level,Any,28727,
2022-23,D Pharmacy,CAP Round III,02538,"Latur College of Pharmacy, Latur",Latur,Unaided,GNT3S,State Level,Any,28118,
2022-23,D Pharmacy,CAP Round III,02538,"Latur College of Pharmacy, Latur",Latur,Unaided,LNT3S,State Level,Ladies,22041,
2022-23,D Pharmacy,CAP Round III,02538,"Latur College of Pharmacy, Latur",Latur,Unaided,GOBCS,State Level,Any,49545,
2022-23,D Pharmacy,CAP Round III,02538,"Latur College of Pharmacy, Latur",Latur,Unaided,LOBCS,State Level,Ladies,44814,
2022-23,D Pharmacy,CAP Round III,02538,"Latur College of Pharmacy, Latur",Latur,Unaided,EWS,Special,Any,12792,
2022-23,D Pharmacy,CAP Round III,02539,"Rajesh Bhaiyya Tope College of Pharmacy, Aurangabad",Chhatrapati Sambhajinagar,Unaided,GOPENS,State Level,Any,13526,
2022-23,D Pharmacy,CAP Round III,02539,"Rajesh Bhaiyya Tope College of Pharmacy, Aurangabad",Chhatrapati Sambhajinagar,Unaided,LOPENS,State Level,Ladies,13112,
2022-23,D Pharmacy,CAP Round III,02539,"Rajesh Bhaiyya Tope College of Pharmacy, Aurangabad",Chhatrapati Sambhajinagar,Unaided,GSCS,State Level,Any,30552,
2022-23,D Pharmacy,CAP Round III,02539,"Rajesh Bhaiyya Tope College of Pharmacy, Aurangabad",Chhatrapati Sambhajinagar,Unaided,LSCS,State Level,Ladies,42578,
2022-23,D Pharmacy,CAP Round III,02539,"Rajesh Bhaiyya Tope College of Pharmacy, Aurangabad",Chhatrapati Sambhajinagar,Unaided,GSTS,State Level,Any,34293,
2022-23,D Pharmacy,CAP Round III,02539,"Rajesh Bhaiyya Tope College of Pharmacy, Aurangabad",Chhatrapati Sambhajinagar,Unaided,GVJS,State Level,Any,19911,
2022-23,D Pharmacy,CAP Round III,02539,"Rajesh Bhaiyya Tope College of Pharmacy, Aurangabad",Chhatrapati Sambhajinagar,Unaided,GNT2S,State Level,Any,21927,
2022-23,D Pharmacy,CAP Round III,02539,"Rajesh Bhaiyya Tope College of Pharmacy, Aurangabad",Chhatrapati Sambhajinagar,Unaided,GNT3S,State Level,Any,20686,
2022-23,D Pharmacy,CAP Round III,02539,"Rajesh Bhaiyya Tope College of Pharmacy, Aurangabad",Chhatrapati Sambhajinagar,Unaided,GOBCS,State Level,Any,34734,
2022-23,D Pharmacy,CAP Round III,02539,"Rajesh Bhaiyya Tope College of Pharmacy, Aurangabad",Chhatrapati Sambhajinagar,Unaided,EWS,Special,Any,8910,
2022-23,D Pharmacy,CAP Round III,02541,"Sarswati Institute of Pharmacy, Kurtadi, Hingoli",Hingoli,Unaided,GOPENS,State Level,Any,8228,
2022-23,D Pharmacy,CAP Round III,02541,"Sarswati Institute of Pharmacy, Kurtadi, Hingoli",Hingoli,Unaided,GSCS,State Level,Any,10083,
2022-23,D Pharmacy,CAP Round III,02541,"Sarswati Institute of Pharmacy, Kurtadi, Hingoli",Hingoli,Unaided,GOBCS,State Level,Any,27485,
2022-23,D Pharmacy,CAP Round III,02541,"Sarswati Institute of Pharmacy, Kurtadi, Hingoli",Hingoli,Unaided,LOBCS,State Level,Ladies,30136,
2022-23,D Pharmacy,CAP Round III,02541,"Sarswati Institute of Pharmacy, Kurtadi, Hingoli",Hingoli,Unaided,EWS,Special,Any,15780,
2022-23,D Pharmacy,CAP Round III,02542,"Aditya Diploma Institute of Pharmacy, Beed",Beed,Unaided,GOPENS,State Level,Any,14973,
2022-23,D Pharmacy,CAP Round III,02542,"Aditya Diploma Institute of Pharmacy, Beed",Beed,Unaided,LOPENS,State Level,Ladies,6863,
2022-23,D Pharmacy,CAP Round III,02542,"Aditya Diploma Institute of Pharmacy, Beed",Beed,Unaided,GSCS,State Level,Any,41461,
2022-23,D Pharmacy,CAP Round III,02542,"Aditya Diploma Institute of Pharmacy, Beed",Beed,Unaided,LSCS,State Level,Ladies,52543,
2022-23,D Pharmacy,CAP Round III,02542,"Aditya Diploma Institute of Pharmacy, Beed",Beed,Unaided,GOBCS,State Level,Any,41648,
2022-23,D Pharmacy,CAP Round III,02542,"Aditya Diploma Institute of Pharmacy, Beed",Beed,Unaided,LOBCS,State Level,Ladies,32223,
2022-23,D Pharmacy,CAP Round III,02542,"Aditya Diploma Institute of Pharmacy, Beed",Beed,Unaided,GSTS,State Level,Any,18455,
2022-23,D Pharmacy,CAP Round III,02542,"Aditya Diploma Institute of Pharmacy, Beed",Beed,Unaided,LSTS,State Level,Ladies,17851,
2022-23,D Pharmacy,CAP Round III,02543,"Aditya Pharmacy College, Beed",Beed,Unaided,GOPENS,State Level,Any,19728,
2022-23,D Pharmacy,CAP Round III,02543,"Aditya Pharmacy College, Beed",Beed,Unaided,LOPENS,State Level,Ladies,17697,
2022-23,D Pharmacy,CAP Round III,02543,"Aditya Pharmacy College, Beed",Beed,Unaided,GNT3S,State Level,Any,20444,
2022-23,D Pharmacy,CAP Round III,02543,"Aditya Pharmacy College, Beed",Beed,Unaided,GOBCS,State Level,Any,31108,
2022-23,D Pharmacy,CAP Round III,02543,"Aditya Pharmacy College, Beed",Beed,Unaided,LOBCS,State Level,Ladies,25076,
2022-23,D Pharmacy,CAP Round III,02543,"Aditya Pharmacy College, Beed",Beed,Unaided,ORPHAN,Special,Any,7561,
2022-23,D Pharmacy,CAP Round III,02543,"Aditya Pharmacy College, Beed",Beed,Unaided,GSTS,State Level,Any,21961,
2022-23,D Pharmacy,CAP Round III,02543,"Aditya Pharmacy College, Beed",Beed,Unaided,LSTS,State Level,Ladies,19843,
2022-23,D Pharmacy,CAP Round III,02543,"Aditya Pharmacy College, Beed",Beed,Unaided,DEFOPENS,State Level,Any,21597,
2022-23,D Pharmacy,CAP Round III,02544,"Gurukrupa Institute of Pharmacy, Majalgaon",Beed,Unaided,GOPENS,State Level,Any,18443,
2022-23,D Pharmacy,CAP Round III,02544,"Gurukrupa Institute of Pharmacy, Majalgaon",Beed,Unaided,LOPENS,State Level,Ladies,10467,
2022-23,D Pharmacy,CAP Round III,02544,"Gurukrupa Institute of Pharmacy, Majalgaon",Beed,Unaided,GSTS,State Level,Any,83221,
2022-23,D Pharmacy,CAP Round III,02544,"Gurukrupa Institute of Pharmacy, Majalgaon",Beed,Unaided,GVJS,State Level,Any,21275,
2022-23,D Pharmacy,CAP Round III,02544,"Gurukrupa Institute of Pharmacy, Majalgaon",Beed,Unaided,GNT2S,State Level,Any,23216,
2022-23,D Pharmacy,CAP Round III,02544,"Gurukrupa Institute of Pharmacy, Majalgaon",Beed,Unaided,GOBCS,State Level,Any,62370,
2022-23,D Pharmacy,CAP Round III,02544,"Gurukrupa Institute of Pharmacy, Majalgaon",Beed,Unaided,LOBCS,State Level,Ladies,27149,
2022-23,D Pharmacy,CAP Round III,02544,"Gurukrupa Institute of Pharmacy, Majalgaon",Beed,Unaided,EWS,Special,Any,11157,
2022-23,D Pharmacy,CAP Round III,02545,"Shriganesh Ramchandra Katruwar College of Pharmacy, Manwath",Parbhani,Unaided,GOPENS,State Level,Any,8957,
2022-23,D Pharmacy,CAP Round III,02545,"Shriganesh Ramchandra Katruwar College of Pharmacy, Manwath",Parbhani,Unaided,LOPENS,State Level,Ladies,11281,
2022-23,D Pharmacy,CAP Round III,02545,"Shriganesh Ramchandra Katruwar College of Pharmacy, Manwath",Parbhani,Unaided,GSCS,State Level,Any,42336,
2022-23,D Pharmacy,CAP Round III,02545,"Shriganesh Ramchandra Katruwar College of Pharmacy, Manwath",Parbhani,Unaided,LSCS,State Level,Ladies,31094,
2022-23,D Pharmacy,CAP Round III,02545,"Shriganesh Ramchandra Katruwar College of Pharmacy, Manwath",Parbhani,Unaided,GNT2S,State Level,Any,19652,
2022-23,D Pharmacy,CAP Round III,02545,"Shriganesh Ramchandra Katruwar College of Pharmacy, Manwath",Parbhani,Unaided,GOBCS,State Level,Any,47533,
2022-23,D Pharmacy,CAP Round III,02545,"Shriganesh Ramchandra Katruwar College of Pharmacy, Manwath",Parbhani,Unaided,LOBCS,State Level,Ladies,36593,
2022-23,D Pharmacy,CAP Round III,02545,"Shriganesh Ramchandra Katruwar College of Pharmacy, Manwath",Parbhani,Unaided,EWS,Special,Any,20470,
2022-23,D Pharmacy,CAP Round III,02545,"Shriganesh Ramchandra Katruwar College of Pharmacy, Manwath",Parbhani,Unaided,GSTS,State Level,Any,22826,
2022-23,D Pharmacy,CAP Round III,02546,"College of Pharmacy(D.Pharm), Khandala",Satara,Unaided,GOPENS,State Level,Any,31421,
2022-23,D Pharmacy,CAP Round III,02546,"College of Pharmacy(D.Pharm), Khandala",Satara,Unaided,LOPENS,State Level,Ladies,28144,
2022-23,D Pharmacy,CAP Round III,02546,"College of Pharmacy(D.Pharm), Khandala",Satara,Unaided,GSCS,State Level,Any,51176,
2022-23,D Pharmacy,CAP Round III,02546,"College of Pharmacy(D.Pharm), Khandala",Satara,Unaided,GSTS,State Level,Any,81365,
2022-23,D Pharmacy,CAP Round III,02546,"College of Pharmacy(D.Pharm), Khandala",Satara,Unaided,GVJS,State Level,Any,38723,
2022-23,D Pharmacy,CAP Round III,02546,"College of Pharmacy(D.Pharm), Khandala",Satara,Unaided,GNT2S,State Level,Any,36279,
2022-23,D Pharmacy,CAP Round III,02546,"College of Pharmacy(D.Pharm), Khandala",Satara,Unaided,GOBCS,State Level,Any,50315,
2022-23,D Pharmacy,CAP Round III,02546,"College of Pharmacy(D.Pharm), Khandala",Satara,Unaided,LOBCS,State Level,Ladies,34562,
2022-23,D Pharmacy,CAP Round III,02546,"College of Pharmacy(D.Pharm), Khandala",Satara,Unaided,EWS,Special,Any,26215,
2022-23,D Pharmacy,CAP Round III,02546,"College of Pharmacy(D.Pharm), Khandala",Satara,Unaided,TFWS,Special,Any,21174,
2022-23,D Pharmacy,CAP Round III,02546,"College of Pharmacy(D.Pharm), Khandala",Satara,Unaided,ORPHAN,Special,Any,31751,
2022-23,D Pharmacy,CAP Round III,02547,"Late Bhagirathi Yashwantrao Pathrikar College of D.Pharmacy, Pathri",Parbhani,Unaided,GOPENS,State Level,Any,10434,
2022-23,D Pharmacy,CAP Round III,02547,"Late Bhagirathi Yashwantrao Pathrikar College of D.Pharmacy, Pathri",Parbhani,Unaided,GSCS,State Level,Any,23037,
2022-23,D Pharmacy,CAP Round III,02547,"Late Bhagirathi Yashwantrao Pathrikar College of D.Pharmacy, Pathri",Parbhani,Unaided,GSTS,State Level,Any,50764,
2022-23,D Pharmacy,CAP Round III,02547,"Late Bhagirathi Yashwantrao Pathrikar College of D.Pharmacy, Pathri",Parbhani,Unaided,GNT2S,State Level,Any,14425,
2022-23,D Pharmacy,CAP Round III,02547,"Late Bhagirathi Yashwantrao Pathrikar College of D.Pharmacy, Pathri",Parbhani,Unaided,LOBCS,State Level,Ladies,26821,
2022-23,D Pharmacy,CAP Round III,02547,"Late Bhagirathi Yashwantrao Pathrikar College of D.Pharmacy, Pathri",Parbhani,Unaided,EWS,Special,Any,9737,
2022-23,D Pharmacy,CAP Round III,02547,"Late Bhagirathi Yashwantrao Pathrikar College of D.Pharmacy, Pathri",Parbhani,Unaided,TFWS,Special,Any,6716,
2022-23,D Pharmacy,CAP Round III,02548,"Swargiya Lilawati Satish Awhad D.Pharmacy College(Minority), Kharab Khandgaon.",Buldhana,Unaided,GOPENS,State Level,Any,17097,
2022-23,D Pharmacy,CAP Round III,02548,"Swargiya Lilawati Satish Awhad D.Pharmacy College(Minority), Kharab Khandgaon.",Buldhana,Unaided,LOPENS,State Level,Ladies,9426,
2022-23,D Pharmacy,CAP Round III,02548,"Swargiya Lilawati Satish Awhad D.Pharmacy College(Minority), Kharab Khandgaon.",Buldhana,Unaided,MI,Special,Any,76870,
2022-23,D Pharmacy,CAP Round III,02549,"Warpudkar Institute of Pharmacy(D.Pharmacy), Pedgaon",Pune,Unaided,GOPENS,State Level,Any,28001,
2022-23,D Pharmacy,CAP Round III,02549,"Warpudkar Institute of Pharmacy(D.Pharmacy), Pedgaon",Pune,Unaided,LOPENS,State Level,Ladies,27117,
2022-23,D Pharmacy,CAP Round III,02549,"Warpudkar Institute of Pharmacy(D.Pharmacy), Pedgaon",Pune,Unaided,GSCS,State Level,Any,43263,
2022-23,D Pharmacy,CAP Round III,02549,"Warpudkar Institute of Pharmacy(D.Pharmacy), Pedgaon",Pune,Unaided,GNT1S,State Level,Any,45922,
2022-23,D Pharmacy,CAP Round III,02549,"Warpudkar Institute of Pharmacy(D.Pharmacy), Pedgaon",Pune,Unaided,GNT2S,State Level,Any,33967,
2022-23,D Pharmacy,CAP Round III,02549,"Warpudkar Institute of Pharmacy(D.Pharmacy), Pedgaon",Pune,Unaided,GNT3S,State Level,Any,31805,
2022-23,D Pharmacy,CAP Round III,02549,"Warpudkar Institute of Pharmacy(D.Pharmacy), Pedgaon",Pune,Unaided,GOBCS,State Level,Any,33109,
2022-23,D Pharmacy,CAP Round III,02549,"Warpudkar Institute of Pharmacy(D.Pharmacy), Pedgaon",Pune,Unaided,LOBCS,State Level,Ladies,36825,
2022-23,D Pharmacy,CAP Round III,02549,"Warpudkar Institute of Pharmacy(D.Pharmacy), Pedgaon",Pune,Unaided,EWS,Special,Any,23750,
2022-23,D Pharmacy,CAP Round III,02549,"Warpudkar Institute of Pharmacy(D.Pharmacy), Pedgaon",Pune,Unaided,GSTS,State Level,Any,28273,
2022-23,D Pharmacy,CAP Round III,02549,"Warpudkar Institute of Pharmacy(D.Pharmacy), Pedgaon",Pune,Unaided,LSTS,State Level,Ladies,28829,
2022-23,D Pharmacy,CAP Round III,02550,"Prerana Institute of Pharmacy(D.Pharmacy), Parbhani",Parbhani,Unaided,GOPENS,State Level,Any,18744,
2022-23,D Pharmacy,CAP Round III,02550,"Prerana Institute of Pharmacy(D.Pharmacy), Parbhani",Parbhani,Unaided,LOPENS,State Level,Ladies,18698,
2022-23,D Pharmacy,CAP Round III,02550,"Prerana Institute of Pharmacy(D.Pharmacy), Parbhani",Parbhani,Unaided,GSCS,State Level,Any,33040,
2022-23,D Pharmacy,CAP Round III,02550,"Prerana Institute of Pharmacy(D.Pharmacy), Parbhani",Parbhani,Unaided,LSCS,State Level,Ladies,19036,
2022-23,D Pharmacy,CAP Round III,02550,"Prerana Institute of Pharmacy(D.Pharmacy), Parbhani",Parbhani,Unaided,GVJS,State Level,Any,18790,
2022-23,D Pharmacy,CAP Round III,02550,"Prerana Institute of Pharmacy(D.Pharmacy), Parbhani",Parbhani,Unaided,GNT2S,State Level,Any,21841,
2022-23,D Pharmacy,CAP Round III,02550,"Prerana Institute of Pharmacy(D.Pharmacy), Parbhani",Parbhani,Unaided,EWS,Special,Any,14385,
2022-23,D Pharmacy,CAP Round III,02550,"Prerana Institute of Pharmacy(D.Pharmacy), Parbhani",Parbhani,Unaided,LSTS,State Level,Ladies,64291,
2022-23,D Pharmacy,CAP Round III,02551,"College of Pharmacy(D.Pharmacy), Pathri",Parbhani,Unaided,GOPENS,State Level,Any,18984,
2022-23,D Pharmacy,CAP Round III,02551,"College of Pharmacy(D.Pharmacy), Pathri",Parbhani,Unaided,LOPENS,State Level,Ladies,15633,
2022-23,D Pharmacy,CAP Round III,02551,"College of Pharmacy(D.Pharmacy), Pathri",Parbhani,Unaided,LSCS,State Level,Ladies,19172,
2022-23,D Pharmacy,CAP Round III,02551,"College of Pharmacy(D.Pharmacy), Pathri",Parbhani,Unaided,GNT1S,State Level,Any,38604,
2022-23,D Pharmacy,CAP Round III,02551,"College of Pharmacy(D.Pharmacy), Pathri",Parbhani,Unaided,GNT2S,State Level,Any,26865,
2022-23,D Pharmacy,CAP Round III,02551,"College of Pharmacy(D.Pharmacy), Pathri",Parbhani,Unaided,GOBCS,State Level,Any,40373,
2022-23,D Pharmacy,CAP Round III,02552,"Savitribai College of Pharmacy, Bamani",Buldhana,Unaided,EWS,Special,Any,22182,
2022-23,D Pharmacy,CAP Round III,02553,"Latur College of Pharmacy, Gurunathappa Bavage Knowledge City",Latur,Unaided,GOPENS,State Level,Any,32221,
2022-23,D Pharmacy,CAP Round III,02553,"Latur College of Pharmacy, Gurunathappa Bavage Knowledge City",Latur,Unaided,LOPENS,State Level,Ladies,30183,
2022-23,D Pharmacy,CAP Round III,02553,"Latur College of Pharmacy, Gurunathappa Bavage Knowledge City",Latur,Unaided,GSCS,State Level,Any,40165,
2022-23,D Pharmacy,CAP Round III,02553,"Latur College of Pharmacy, Gurunathappa Bavage Knowledge City",Latur,Unaided,LSCS,State Level,Ladies,43870,
2022-23,D Pharmacy,CAP Round III,02553,"Latur College of Pharmacy, Gurunathappa Bavage Knowledge City",Latur,Unaided,GOBCS,State Level,Any,44173,
2022-23,D Pharmacy,CAP Round III,02553,"Latur College of Pharmacy, Gurunathappa Bavage Knowledge City",Latur,Unaided,LOBCS,State Level,Ladies,45055,
2022-23,D Pharmacy,CAP Round III,02553,"Latur College of Pharmacy, Gurunathappa Bavage Knowledge City",Latur,Unaided,EWS,Special,Any,26953,
2022-23,D Pharmacy,CAP Round III,02554,"Mauli College of Pharmacy(B.Pharm), Tondar, Udgir",Latur,Unaided,GOPENS,State Level,Any,33655,
2022-23,D Pharmacy,CAP Round III,02554,"Mauli College of Pharmacy(B.Pharm), Tondar, Udgir",Latur,Unaided,LOPENS,State Level,Ladies,33272,
2022-23,D Pharmacy,CAP Round III,02554,"Mauli College of Pharmacy(B.Pharm), Tondar, Udgir",Latur,Unaided,GOBCS,State Level,Any,50141,
2022-23,D Pharmacy,CAP Round III,02554,"Mauli College of Pharmacy(B.Pharm), Tondar, Udgir",Latur,Unaided,EWS,Special,Any,30304,
2022-23,D Pharmacy,CAP Round III,02554,"Mauli College of Pharmacy(B.Pharm), Tondar, Udgir",Latur,Unaided,TFWS,Special,Any,25639,
2022-23,D Pharmacy,CAP Round III,02554,"Mauli College of Pharmacy(B.Pharm), Tondar, Udgir",Latur,Unaided,GSTS,State Level,Any,34711,
2022-23,D Pharmacy,CAP Round III,02555,"Aditya Institute of Pharmacutical, Beed",Beed,Unaided,GOPENS,State Level,Any,23787,
2022-23,D Pharmacy,CAP Round III,02555,"Aditya Institute of Pharmacutical, Beed",Beed,Unaided,LOPENS,State Level,Ladies,23624,
2022-23,D Pharmacy,CAP Round III,02555,"Aditya Institute of Pharmacutical, Beed",Beed,Unaided,GSCS,State Level,Any,51994,
2022-23,D Pharmacy,CAP Round III,02555,"Aditya Institute of Pharmacutical, Beed",Beed,Unaided,LSCS,State Level,Ladies,57780,
2022-23,D Pharmacy,CAP Round III,02555,"Aditya Institute of Pharmacutical, Beed",Beed,Unaided,GVJS,State Level,Any,27254,
2022-23,D Pharmacy,CAP Round III,02555,"Aditya Institute of Pharmacutical, Beed",Beed,Unaided,GNT1S,State Level,Any,30502,
2022-23,D Pharmacy,CAP Round III,02555,"Aditya Institute of Pharmacutical, Beed",Beed,Unaided,GNT2S,State Level,Any,25904,
2022-23,D Pharmacy,CAP Round III,02555,"Aditya Institute of Pharmacutical, Beed",Beed,Unaided,GNT3S,State Level,Any,25305,
2022-23,D Pharmacy,CAP Round III,02555,"Aditya Institute of Pharmacutical, Beed",Beed,Unaided,GOBCS,State Level,Any,42182,
2022-23,D Pharmacy,CAP Round III,02555,"Aditya Institute of Pharmacutical, Beed",Beed,Unaided,LOBCS,State Level,Ladies,71283,
2022-23,D Pharmacy,CAP Round III,02555,"Aditya Institute of Pharmacutical, Beed",Beed,Unaided,ORPHAN,Special,Any,22983,
2022-23,D Pharmacy,CAP Round III,02555,"Aditya Institute of Pharmacutical, Beed",Beed,Unaided,GSTS,State Level,Any,24922,
2022-23,D Pharmacy,CAP Round III,02555,"Aditya Institute of Pharmacutical, Beed",Beed,Unaided,LSTS,State Level,Ladies,23818,
2022-23,D Pharmacy,CAP Round III,02555,"Aditya Institute of Pharmacutical, Beed",Beed,Unaided,ORPHAN,Special,Any,25553,
2022-23,D Pharmacy,CAP Round III,02556,"Rajashri Shahu College of Pharmacy, Markhel",Nanded,Unaided,LOPENS,State Level,Ladies,6092,
2022-23,D Pharmacy,CAP Round III,02556,"Rajashri Shahu College of Pharmacy, Markhel",Nanded,Unaided,LSCS,State Level,Ladies,9328,
2022-23,D Pharmacy,CAP Round III,02556,"Rajashri Shahu College of Pharmacy, Markhel",Nanded,Unaided,GSTS,State Level,Any,53774,
2022-23,D Pharmacy,CAP Round III,02556,"Rajashri Shahu College of Pharmacy, Markhel",Nanded,Unaided,LOBCS,State Level,Ladies,14917,
2022-23,D Pharmacy,CAP Round III,02556,"Rajashri Shahu College of Pharmacy, Markhel",Nanded,Unaided,EWS,Special,Any,19596,
2022-23,D Pharmacy,CAP Round III,02557,"Anand Charitable Sanstha's Gangai Pharmacy College, Kada",Beed,Unaided,GOPENS,State Level,Any,17804,
2022-23,D Pharmacy,CAP Round III,02557,"Anand Charitable Sanstha's Gangai Pharmacy College, Kada",Beed,Unaided,LOPENS,State Level,Ladies,9236,
2022-23,D Pharmacy,CAP Round III,02557,"Anand Charitable Sanstha's Gangai Pharmacy College, Kada",Beed,Unaided,GSCS,State Level,Any,53119,
2022-23,D Pharmacy,CAP Round III,02557,"Anand Charitable Sanstha's Gangai Pharmacy College, Kada",Beed,Unaided,GNT2S,State Level,Any,30323,
2022-23,D Pharmacy,CAP Round III,02557,"Anand Charitable Sanstha's Gangai Pharmacy College, Kada",Beed,Unaided,LNT2S,State Level,Ladies,36322,
2022-23,D Pharmacy,CAP Round III,02557,"Anand Charitable Sanstha's Gangai Pharmacy College, Kada",Beed,Unaided,GNT3S,State Level,Any,22537,
2022-23,D Pharmacy,CAP Round III,02557,"Anand Charitable Sanstha's Gangai Pharmacy College, Kada",Beed,Unaided,GOBCS,State Level,Any,35890,
2022-23,D Pharmacy,CAP Round III,02557,"Anand Charitable Sanstha's Gangai Pharmacy College, Kada",Beed,Unaided,EWS,Special,Any,12561,
2022-23,D Pharmacy,CAP Round III,02557,"Anand Charitable Sanstha's Gangai Pharmacy College, Kada",Beed,Unaided,GSTS,State Level,Any,23493,
2022-23,D Pharmacy,CAP Round III,02558,"Dnyansadhana Institute of Pharmacy, Dharmapuri",Jalna,Unaided,GOPENS,State Level,Any,3912,
2022-23,D Pharmacy,CAP Round III,02558,"Dnyansadhana Institute of Pharmacy, Dharmapuri",Jalna,Unaided,LOPENS,State Level,Ladies,3271,
2022-23,D Pharmacy,CAP Round III,02558,"Dnyansadhana Institute of Pharmacy, Dharmapuri",Jalna,Unaided,GSCS,State Level,Any,39557,
2022-23,D Pharmacy,CAP Round III,02558,"Dnyansadhana Institute of Pharmacy, Dharmapuri",Jalna,Unaided,GSTS,State Level,Any,24355,
2022-23,D Pharmacy,CAP Round III,02558,"Dnyansadhana Institute of Pharmacy, Dharmapuri",Jalna,Unaided,LNT1S,State Level,Ladies,49708,
2022-23,D Pharmacy,CAP Round III,02558,"Dnyansadhana Institute of Pharmacy, Dharmapuri",Jalna,Unaided,GOBCS,State Level,Any,6297,
2022-23,D Pharmacy,CAP Round III,02558,"Dnyansadhana Institute of Pharmacy, Dharmapuri",Jalna,Unaided,EWS,Special,Any,14529,
2022-23,D Pharmacy,CAP Round III,02559,"Kandhar College of Pharmacy, Kandhar",Nanded,Unaided,GOPENS,State Level,Any,19486,
2022-23,D Pharmacy,CAP Round III,02559,"Kandhar College of Pharmacy, Kandhar",Nanded,Unaided,LOPENS,State Level,Ladies,9891,
2022-23,D Pharmacy,CAP Round III,02559,"Kandhar College of Pharmacy, Kandhar",Nanded,Unaided,GSTS,State Level,Any,55570,
2022-23,D Pharmacy,CAP Round III,02559,"Kandhar College of Pharmacy, Kandhar",Nanded,Unaided,LNT2S,State Level,Ladies,36881,
2022-23,D Pharmacy,CAP Round III,02559,"Kandhar College of Pharmacy, Kandhar",Nanded,Unaided,GOBCS,State Level,Any,40351,
2022-23,D Pharmacy,CAP Round III,02559,"Kandhar College of Pharmacy, Kandhar",Nanded,Unaided,EWS,Special,Any,17497,
2022-23,D Pharmacy,CAP Round III,02559,"Kandhar College of Pharmacy, Kandhar",Nanded,Unaided,GSTS,State Level,Any,19742,
2022-23,D Pharmacy,CAP Round III,02561,"Rajesh Bhaiyya Tope College of B Pharmacy, Nipani, Aurangbad",Chhatrapati Sambhajinagar,Unaided,GOPENS,State Level,Any,19898,
2022-23,D Pharmacy,CAP Round III,02561,"Rajesh Bhaiyya Tope College of B Pharmacy, Nipani, Aurangbad",Chhatrapati Sambhajinagar,Unaided,LOPENS,State Level,Ladies,18128,
2022-23,D Pharmacy,CAP Round III,02561,"Rajesh Bhaiyya Tope College of B Pharmacy, Nipani, Aurangbad",Chhatrapati Sambhajinagar,Unaided,GSCS,State Level,Any,32943,
2022-23,D Pharmacy,CAP Round III,02561,"Rajesh Bhaiyya Tope College of B Pharmacy, Nipani, Aurangbad",Chhatrapati Sambhajinagar,Unaided,LSCS,State Level,Ladies,45651,
2022-23,D Pharmacy,CAP Round III,02561,"Rajesh Bhaiyya Tope College of B Pharmacy, Nipani, Aurangbad",Chhatrapati Sambhajinagar,Unaided,LSTS,State Level,Ladies,55051,
2022-23,D Pharmacy,CAP Round III,02561,"Rajesh Bhaiyya Tope College of B Pharmacy, Nipani, Aurangbad",Chhatrapati Sambhajinagar,Unaided,LNT2S,State Level,Ladies,29826,
2022-23,D Pharmacy,CAP Round III,02561,"Rajesh Bhaiyya Tope College of B Pharmacy, Nipani, Aurangbad",Chhatrapati Sambhajinagar,Unaided,GOBCS,State Level,Any,33548,
2022-23,D Pharmacy,CAP Round III,02561,"Rajesh Bhaiyya Tope College of B Pharmacy, Nipani, Aurangbad",Chhatrapati Sambhajinagar,Unaided,LOBCS,State Level,Ladies,45698,
2022-23,D Pharmacy,CAP Round III,02561,"Rajesh Bhaiyya Tope College of B Pharmacy, Nipani, Aurangbad",Chhatrapati Sambhajinagar,Unaided,EWS,Special,Any,11363,
2022-23,D Pharmacy,CAP Round III,02563,"Shri Sai Janvikas Pratisthan's R.P. College of Pharmacy, Osmanabad",Dharashiv,Unaided,GOPENS,State Level,Any,25882,
2022-23,D Pharmacy,CAP Round III,02563,"Shri Sai Janvikas Pratisthan's R.P. College of Pharmacy, Osmanabad",Dharashiv,Unaided,LSTS,State Level,Ladies,63351,
2022-23,D Pharmacy,CAP Round III,02563,"Shri Sai Janvikas Pratisthan's R.P. College of Pharmacy, Osmanabad",Dharashiv,Unaided,LOBCS,State Level,Ladies,49452,
2022-23,D Pharmacy,CAP Round III,02563,"Shri Sai Janvikas Pratisthan's R.P. College of Pharmacy, Osmanabad",Dharashiv,Unaided,EWS,Special,Any,25871,
2022-23,D Pharmacy,CAP Round III,02563,"Shri Sai Janvikas Pratisthan's R.P. College of Pharmacy, Osmanabad",Dharashiv,Unaided,TFWS,Special,Any,23432,
2022-23,D Pharmacy,CAP Round III,02563,"Shri Sai Janvikas Pratisthan's R.P. College of Pharmacy, Osmanabad",Dharashiv,Unaided,GSTS,State Level,Any,26869,
2022-23,D Pharmacy,CAP Round III,02564,"Shri. Dhaneshwari Manav Vikas Mandal's S.V.P. College of Pharmacy, Hingoli",Hingoli,Unaided,GOPENS,State Level,Any,20294,
2022-23,D Pharmacy,CAP Round III,02564,"Shri. Dhaneshwari Manav Vikas Mandal's S.V.P. College of Pharmacy, Hingoli",Hingoli,Unaided,LOPENS,State Level,Ladies,18643,
2022-23,D Pharmacy,CAP Round III,02564,"Shri. Dhaneshwari Manav Vikas Mandal's S.V.P. College of Pharmacy, Hingoli",Hingoli,Unaided,GSCS,State Level,Any,32614,
2022-23,D Pharmacy,CAP Round III,02564,"Shri. Dhaneshwari Manav Vikas Mandal's S.V.P. College of Pharmacy, Hingoli",Hingoli,Unaided,GOBCS,State Level,Any,29734,
2022-23,D Pharmacy,CAP Round III,02564,"Shri. Dhaneshwari Manav Vikas Mandal's S.V.P. College of Pharmacy, Hingoli",Hingoli,Unaided,LOBCS,State Level,Ladies,28747,
2022-23,D Pharmacy,CAP Round III,02564,"Shri. Dhaneshwari Manav Vikas Mandal's S.V.P. College of Pharmacy, Hingoli",Hingoli,Unaided,TFWS,Special,Any,14201,
2022-23,D Pharmacy,CAP Round III,02565,"Usha Dwarkadas Pathrikar Institute of Pharmacy, Dongargaon Kawad",Gondia,Unaided,GOPENS,State Level,Any,14802,
2022-23,D Pharmacy,CAP Round III,02565,"Usha Dwarkadas Pathrikar Institute of Pharmacy, Dongargaon Kawad",Gondia,Unaided,LOPENS,State Level,Ladies,10442,
2022-23,D Pharmacy,CAP Round III,02565,"Usha Dwarkadas Pathrikar Institute of Pharmacy, Dongargaon Kawad",Gondia,Unaided,GSCS,State Level,Any,39357,
2022-23,D Pharmacy,CAP Round III,02565,"Usha Dwarkadas Pathrikar Institute of Pharmacy, Dongargaon Kawad",Gondia,Unaided,GVJS,State Level,Any,16918,
2022-23,D Pharmacy,CAP Round III,02565,"Usha Dwarkadas Pathrikar Institute of Pharmacy, Dongargaon Kawad",Gondia,Unaided,GOBCS,State Level,Any,40652,
2022-23,D Pharmacy,CAP Round III,02565,"Usha Dwarkadas Pathrikar Institute of Pharmacy, Dongargaon Kawad",Gondia,Unaided,GSTS,State Level,Any,15129,
2022-23,D Pharmacy,CAP Round III,02566,"Matoshri Institute of Pharmacy, Vaijapur",Chhatrapati Sambhajinagar,Unaided,GOPENS,State Level,Any,27335,
2022-23,D Pharmacy,CAP Round III,02566,"Matoshri Institute of Pharmacy, Vaijapur",Chhatrapati Sambhajinagar,Unaided,GSCS,State Level,Any,35410,
2022-23,D Pharmacy,CAP Round III,02566,"Matoshri Institute of Pharmacy, Vaijapur",Chhatrapati Sambhajinagar,Unaided,GSTS,State Level,Any,57613,
2022-23,D Pharmacy,CAP Round III,02566,"Matoshri Institute of Pharmacy, Vaijapur",Chhatrapati Sambhajinagar,Unaided,LSTS,State Level,Ladies,56487,
2022-23,D Pharmacy,CAP Round III,02566,"Matoshri Institute of Pharmacy, Vaijapur",Chhatrapati Sambhajinagar,Unaided,GVJS,State Level,Any,33074,
2022-23,D Pharmacy,CAP Round III,02566,"Matoshri Institute of Pharmacy, Vaijapur",Chhatrapati Sambhajinagar,Unaided,GOBCS,State Level,Any,49127,
2022-23,D Pharmacy,CAP Round III,02567,"Yashodeep Institute of Pharmacy, Pimpalgaon Pandhari, Aurangabad.",Chhatrapati Sambhajinagar,Unaided,GOPENS,State Level,Any,27740,
2022-23,D Pharmacy,CAP Round III,02567,"Yashodeep Institute of Pharmacy, Pimpalgaon Pandhari, Aurangabad.",Chhatrapati Sambhajinagar,Unaided,LOPENS,State Level,Ladies,27202,
2022-23,D Pharmacy,CAP Round III,02567,"Yashodeep Institute of Pharmacy, Pimpalgaon Pandhari, Aurangabad.",Chhatrapati Sambhajinagar,Unaided,GSCS,State Level,Any,43188,
2022-23,D Pharmacy,CAP Round III,02567,"Yashodeep Institute of Pharmacy, Pimpalgaon Pandhari, Aurangabad.",Chhatrapati Sambhajinagar,Unaided,LSCS,State Level,Ladies,40836,
2022-23,D Pharmacy,CAP Round III,02567,"Yashodeep Institute of Pharmacy, Pimpalgaon Pandhari, Aurangabad.",Chhatrapati Sambhajinagar,Unaided,GSTS,State Level,Any,61452,
2022-23,D Pharmacy,CAP Round III,02567,"Yashodeep Institute of Pharmacy, Pimpalgaon Pandhari, Aurangabad.",Chhatrapati Sambhajinagar,Unaided,LSTS,State Level,Ladies,54081,
2022-23,D Pharmacy,CAP Round III,02567,"Yashodeep Institute of Pharmacy, Pimpalgaon Pandhari, Aurangabad.",Chhatrapati Sambhajinagar,Unaided,LVJS,State Level,Ladies,29940,
2022-23,D Pharmacy,CAP Round III,02567,"Yashodeep Institute of Pharmacy, Pimpalgaon Pandhari, Aurangabad.",Chhatrapati Sambhajinagar,Unaided,GNT3S,State Level,Any,32429,
2022-23,D Pharmacy,CAP Round III,02567,"Yashodeep Institute of Pharmacy, Pimpalgaon Pandhari, Aurangabad.",Chhatrapati Sambhajinagar,Unaided,GOBCS,State Level,Any,44182,
2022-23,D Pharmacy,CAP Round III,02567,"Yashodeep Institute of Pharmacy, Pimpalgaon Pandhari, Aurangabad.",Chhatrapati Sambhajinagar,Unaided,ORPHAN,Special,Any,21410,
2022-23,D Pharmacy,CAP Round III,02567,"Yashodeep Institute of Pharmacy, Pimpalgaon Pandhari, Aurangabad.",Chhatrapati Sambhajinagar,Unaided,ORPHAN,Special,Any,27754,
2022-23,D Pharmacy,CAP Round III,02568,"Shreeyash Institute of Pharmacy, Aurangabad",Chhatrapati Sambhajinagar,Unaided,GOPENS,State Level,Any,17435,
2022-23,D Pharmacy,CAP Round III,02568,"Shreeyash Institute of Pharmacy, Aurangabad",Chhatrapati Sambhajinagar,Unaided,LOPENS,State Level,Ladies,17165,
2022-23,D Pharmacy,CAP Round III,02568,"Shreeyash Institute of Pharmacy, Aurangabad",Chhatrapati Sambhajinagar,Unaided,GSCS,State Level,Any,17663,
2022-23,D Pharmacy,CAP Round III,02568,"Shreeyash Institute of Pharmacy, Aurangabad",Chhatrapati Sambhajinagar,Unaided,GSTS,State Level,Any,35008,
2022-23,D Pharmacy,CAP Round III,02568,"Shreeyash Institute of Pharmacy, Aurangabad",Chhatrapati Sambhajinagar,Unaided,LNT1S,State Level,Ladies,52657,
2022-23,D Pharmacy,CAP Round III,02568,"Shreeyash Institute of Pharmacy, Aurangabad",Chhatrapati Sambhajinagar,Unaided,GOBCS,State Level,Any,30598,
2022-23,D Pharmacy,CAP Round III,02568,"Shreeyash Institute of Pharmacy, Aurangabad",Chhatrapati Sambhajinagar,Unaided,EWS,Special,Any,11966,
2022-23,D Pharmacy,CAP Round III,02568,"Shreeyash Institute of Pharmacy, Aurangabad",Chhatrapati Sambhajinagar,Unaided,ORPHAN,Special,Any,18195,
2022-23,D Pharmacy,CAP Round III,02572,"Shreeyash Institute of Pharmaceutical Education & Research, Aurangabad",Chhatrapati Sambhajinagar,Unaided,GOPENS,State Level,Any,18333,
2022-23,D Pharmacy,CAP Round III,02572,"Shreeyash Institute of Pharmaceutical Education & Research, Aurangabad",Chhatrapati Sambhajinagar,Unaided,LOPENS,State Level,Ladies,14668,
2022-23,D Pharmacy,CAP Round III,02572,"Shreeyash Institute of Pharmaceutical Education & Research, Aurangabad",Chhatrapati Sambhajinagar,Unaided,GSCS,State Level,Any,24149,
2022-23,D Pharmacy,CAP Round III,02572,"Shreeyash Institute of Pharmaceutical Education & Research, Aurangabad",Chhatrapati Sambhajinagar,Unaided,GSTS,State Level,Any,35902,
2022-23,D Pharmacy,CAP Round III,02572,"Shreeyash Institute of Pharmaceutical Education & Research, Aurangabad",Chhatrapati Sambhajinagar,Unaided,LSTS,State Level,Ladies,79440,
2022-23,D Pharmacy,CAP Round III,02572,"Shreeyash Institute of Pharmaceutical Education & Research, Aurangabad",Chhatrapati Sambhajinagar,Unaided,GNT2S,State Level,Any,20706,
2022-23,D Pharmacy,CAP Round III,02572,"Shreeyash Institute of Pharmaceutical Education & Research, Aurangabad",Chhatrapati Sambhajinagar,Unaided,GOBCS,State Level,Any,24734,
2022-23,D Pharmacy,CAP Round III,02572,"Shreeyash Institute of Pharmaceutical Education & Research, Aurangabad",Chhatrapati Sambhajinagar,Unaided,LOBCS,State Level,Ladies,33713,
2022-23,D Pharmacy,CAP Round III,02572,"Shreeyash Institute of Pharmaceutical Education & Research, Aurangabad",Chhatrapati Sambhajinagar,Unaided,ORPHAN,Special,Any,7419,
2022-23,D Pharmacy,CAP Round III,02572,"Shreeyash Institute of Pharmaceutical Education & Research, Aurangabad",Chhatrapati Sambhajinagar,Unaided,ORPHAN,Special,Any,19157,
2022-23,D Pharmacy,CAP Round III,02575,"Gurukrupa Sevabhavi Sanstha's Gurukrupa Institute of Pharmacy(B.Pharm), Majalegaon, Beed",Beed,Unaided,GOPENS,State Level,Any,28755,
2022-23,D Pharmacy,CAP Round III,02575,"Gurukrupa Sevabhavi Sanstha's Gurukrupa Institute of Pharmacy(B.Pharm), Majalegaon, Beed",Beed,Unaided,LOPENS,State Level,Ladies,26493,
2022-23,D Pharmacy,CAP Round III,02575,"Gurukrupa Sevabhavi Sanstha's Gurukrupa Institute of Pharmacy(B.Pharm), Majalegaon, Beed",Beed,Unaided,GSCS,State Level,Any,49447,
2022-23,D Pharmacy,CAP Round III,02575,"Gurukrupa Sevabhavi Sanstha's Gurukrupa Institute of Pharmacy(B.Pharm), Majalegaon, Beed",Beed,Unaided,GNT3S,State Level,Any,29500,
2022-23,D Pharmacy,CAP Round III,02575,"Gurukrupa Sevabhavi Sanstha's Gurukrupa Institute of Pharmacy(B.Pharm), Majalegaon, Beed",Beed,Unaided,GOBCS,State Level,Any,64680,
2022-23,D Pharmacy,CAP Round III,02575,"Gurukrupa Sevabhavi Sanstha's Gurukrupa Institute of Pharmacy(B.Pharm), Majalegaon, Beed",Beed,Unaided,LOBCS,State Level,Ladies,74528,
2022-23,D Pharmacy,CAP Round III,02575,"Gurukrupa Sevabhavi Sanstha's Gurukrupa Institute of Pharmacy(B.Pharm), Majalegaon, Beed",Beed,Unaided,EWS,Special,Any,21885,
2022-23,D Pharmacy,CAP Round III,02576,"VSS Institute of Pharmacy, Badnapur",Jalna,Unaided,GOPENS,State Level,Any,19649,
2022-23,D Pharmacy,CAP Round III,02576,"VSS Institute of Pharmacy, Badnapur",Jalna,Unaided,LOPENS,State Level,Ladies,17679,
2022-23,D Pharmacy,CAP Round III,02576,"VSS Institute of Pharmacy, Badnapur",Jalna,Unaided,GSCS,State Level,Any,33855,
2022-23,D Pharmacy,CAP Round III,02576,"VSS Institute of Pharmacy, Badnapur",Jalna,Unaided,LSCS,State Level,Ladies,28246,
2022-23,D Pharmacy,CAP Round III,02576,"VSS Institute of Pharmacy, Badnapur",Jalna,Unaided,GVJS,State Level,Any,20242,
2022-23,D Pharmacy,CAP Round III,02576,"VSS Institute of Pharmacy, Badnapur",Jalna,Unaided,GOBCS,State Level,Any,22921,
2022-23,D Pharmacy,CAP Round III,02576,"VSS Institute of Pharmacy, Badnapur",Jalna,Unaided,LOBCS,State Level,Ladies,30232,
2022-23,D Pharmacy,CAP Round III,02576,"VSS Institute of Pharmacy, Badnapur",Jalna,Unaided,EWS,Special,Any,20529,
2022-23,D Pharmacy,CAP Round III,02576,"VSS Institute of Pharmacy, Badnapur",Jalna,Unaided,GSTS,State Level,Any,21080,
2022-23,D Pharmacy,CAP Round III,02576,"VSS Institute of Pharmacy, Badnapur",Jalna,Unaided,LSTS,State Level,Ladies,21661,
2022-23,D Pharmacy,CAP Round III,02577,"Dayanand Education Society's Dayanand Institute of Pharmacy, Latur",Latur,Unaided,GOPENS,State Level,Any,10501,
2022-23,D Pharmacy,CAP Round III,02577,"Dayanand Education Society's Dayanand Institute of Pharmacy, Latur",Latur,Unaided,LOPENS,State Level,Ladies,11677,
2022-23,D Pharmacy,CAP Round III,02577,"Dayanand Education Society's Dayanand Institute of Pharmacy, Latur",Latur,Unaided,GSCS,State Level,Any,28336,
2022-23,D Pharmacy,CAP Round III,02577,"Dayanand Education Society's Dayanand Institute of Pharmacy, Latur",Latur,Unaided,GOBCS,State Level,Any,22755,
2022-23,D Pharmacy,CAP Round III,02577,"Dayanand Education Society's Dayanand Institute of Pharmacy, Latur",Latur,Unaided,EWS,Special,Any,12594,
2022-23,D Pharmacy,CAP Round III,02578,"Godavari Institute of Pharmacy, Kolpa, Tal. & Dist. Latur",Latur,Unaided,GOPENS,State Level,Any,35838,
2022-23,D Pharmacy,CAP Round III,02578,"Godavari Institute of Pharmacy, Kolpa, Tal. & Dist. Latur",Latur,Unaided,LOPENS,State Level,Ladies,34775,
2022-23,D Pharmacy,CAP Round III,02578,"Godavari Institute of Pharmacy, Kolpa, Tal. & Dist. Latur",Latur,Unaided,LSCS,State Level,Ladies,38901,
2022-23,D Pharmacy,CAP Round III,02578,"Godavari Institute of Pharmacy, Kolpa, Tal. & Dist. Latur",Latur,Unaided,GOBCS,State Level,Any,53436,
2022-23,D Pharmacy,CAP Round III,02578,"Godavari Institute of Pharmacy, Kolpa, Tal. & Dist. Latur",Latur,Unaided,LSTS,State Level,Ladies,36107,
2022-23,D Pharmacy,CAP Round III,02579,"D.K. Patil Institute of Pharmacy, Loha, Nanded",Nanded,Unaided,GOPENS,State Level,Any,15789,
2022-23,D Pharmacy,CAP Round III,02579,"D.K. Patil Institute of Pharmacy, Loha, Nanded",Nanded,Unaided,LOPENS,State Level,Ladies,10246,
2022-23,D Pharmacy,CAP Round III,02579,"D.K. Patil Institute of Pharmacy, Loha, Nanded",Nanded,Unaided,GSCS,State Level,Any,21304,
2022-23,D Pharmacy,CAP Round III,02579,"D.K. Patil Institute of Pharmacy, Loha, Nanded",Nanded,Unaided,GSTS,State Level,Any,77590,
2022-23,D Pharmacy,CAP Round III,02579,"D.K. Patil Institute of Pharmacy, Loha, Nanded",Nanded,Unaided,LVJS,State Level,Ladies,27088,
2022-23,D Pharmacy,CAP Round III,02579,"D.K. Patil Institute of Pharmacy, Loha, Nanded",Nanded,Unaided,GNT3S,State Level,Any,18421,
2022-23,D Pharmacy,CAP Round III,02579,"D.K. Patil Institute of Pharmacy, Loha, Nanded",Nanded,Unaided,GOBCS,State Level,Any,39680,
2022-23,D Pharmacy,CAP Round III,02579,"D.K. Patil Institute of Pharmacy, Loha, Nanded",Nanded,Unaided,LOBCS,State Level,Ladies,19000,
2022-23,D Pharmacy,CAP Round III,02579,"D.K. Patil Institute of Pharmacy, Loha, Nanded",Nanded,Unaided,TFWS,Special,Any,4694,
2022-23,D Pharmacy,CAP Round III,02579,"D.K. Patil Institute of Pharmacy, Loha, Nanded",Nanded,Unaided,LSTS,State Level,Ladies,83487,
2022-23,D Pharmacy,CAP Round III,02580,"Shri.Ramkrishna Paramhans college of Pharmacy, (D.Pharm), Hasnapur, Parbhani",Parbhani,Unaided,GOPENS,State Level,Any,29107,
2022-23,D Pharmacy,CAP Round III,02580,"Shri.Ramkrishna Paramhans college of Pharmacy, (D.Pharm), Hasnapur, Parbhani",Parbhani,Unaided,LOPENS,State Level,Ladies,26343,
2022-23,D Pharmacy,CAP Round III,02580,"Shri.Ramkrishna Paramhans college of Pharmacy, (D.Pharm), Hasnapur, Parbhani",Parbhani,Unaided,GSCS,State Level,Any,34966,
2022-23,D Pharmacy,CAP Round III,02580,"Shri.Ramkrishna Paramhans college of Pharmacy, (D.Pharm), Hasnapur, Parbhani",Parbhani,Unaided,LSCS,State Level,Ladies,40409,
2022-23,D Pharmacy,CAP Round III,02580,"Shri.Ramkrishna Paramhans college of Pharmacy, (D.Pharm), Hasnapur, Parbhani",Parbhani,Unaided,GSTS,State Level,Any,65527,
2022-23,D Pharmacy,CAP Round III,02580,"Shri.Ramkrishna Paramhans college of Pharmacy, (D.Pharm), Hasnapur, Parbhani",Parbhani,Unaided,GOBCS,State Level,Any,51458,
2022-23,D Pharmacy,CAP Round III,02580,"Shri.Ramkrishna Paramhans college of Pharmacy, (D.Pharm), Hasnapur, Parbhani",Parbhani,Unaided,LOBCS,State Level,Ladies,45101,
2022-23,D Pharmacy,CAP Round III,02580,"Shri.Ramkrishna Paramhans college of Pharmacy, (D.Pharm), Hasnapur, Parbhani",Parbhani,Unaided,DEFOPENS,State Level,Any,21255,
2022-23,D Pharmacy,CAP Round III,02580,"Shri.Ramkrishna Paramhans college of Pharmacy, (D.Pharm), Hasnapur, Parbhani",Parbhani,Unaided,TFWS,Special,Any,4058,
2022-23,D Pharmacy,CAP Round III,02581,"RADHEYA CHARITABLE TRUSTS DINESH BEMBADE COLLEGE OF PHARMACY, MAHALANGRA, TQ CHAKUR",Latur,Unaided,GOPENS,State Level,Any,26740,
2022-23,D Pharmacy,CAP Round III,02581,"RADHEYA CHARITABLE TRUSTS DINESH BEMBADE COLLEGE OF PHARMACY, MAHALANGRA, TQ CHAKUR",Latur,Unaided,LSCS,State Level,Ladies,50778,
2022-23,D Pharmacy,CAP Round III,02581,"RADHEYA CHARITABLE TRUSTS DINESH BEMBADE COLLEGE OF PHARMACY, MAHALANGRA, TQ CHAKUR",Latur,Unaided,GNT3S,State Level,Any,41199,
2022-23,D Pharmacy,CAP Round III,02581,"RADHEYA CHARITABLE TRUSTS DINESH BEMBADE COLLEGE OF PHARMACY, MAHALANGRA, TQ CHAKUR",Latur,Unaided,GOBCS,State Level,Any,48313,
2022-23,D Pharmacy,CAP Round III,02581,"RADHEYA CHARITABLE TRUSTS DINESH BEMBADE COLLEGE OF PHARMACY, MAHALANGRA, TQ CHAKUR",Latur,Unaided,EWS,Special,Any,36129,
2022-23,D Pharmacy,CAP Round III,02581,"RADHEYA CHARITABLE TRUSTS DINESH BEMBADE COLLEGE OF PHARMACY, MAHALANGRA, TQ CHAKUR",Latur,Unaided,GSTS,State Level,Any,35331,
2022-23,D Pharmacy,CAP Round III,02583,"Swami Vivekanand College of Pharmacy, Udgir",Latur,Unaided,GOPENS,State Level,Any,10452,
2022-23,D Pharmacy,CAP Round III,02583,"Swami Vivekanand College of Pharmacy, Udgir",Latur,Unaided,LOPENS,State Level,Ladies,24501,
2022-23,D Pharmacy,CAP Round III,02583,"Swami Vivekanand College of Pharmacy, Udgir",Latur,Unaided,GSCS,State Level,Any,41983,
2022-23,D Pharmacy,CAP Round III,02583,"Swami Vivekanand College of Pharmacy, Udgir",Latur,Unaided,GVJS,State Level,Any,33867,
2022-23,D Pharmacy,CAP Round III,02583,"Swami Vivekanand College of Pharmacy, Udgir",Latur,Unaided,GNT2S,State Level,Any,38640,
2022-23,D Pharmacy,CAP Round III,02583,"Swami Vivekanand College of Pharmacy, Udgir",Latur,Unaided,GNT3S,State Level,Any,30654,
2022-23,D Pharmacy,CAP Round III,02583,"Swami Vivekanand College of Pharmacy, Udgir",Latur,Unaided,GOBCS,State Level,Any,54571,
2022-23,D Pharmacy,CAP Round III,02583,"Swami Vivekanand College of Pharmacy, Udgir",Latur,Unaided,EWS,Special,Any,21784,
2022-23,D Pharmacy,CAP Round III,02583,"Swami Vivekanand College of Pharmacy, Udgir",Latur,Unaided,GSTS,State Level,Any,25668,
2022-23,D Pharmacy,CAP Round III,02584,"Srinath College of Pharmacy, Aurangabad",Chhatrapati Sambhajinagar,Unaided,GOPENS,State Level,Any,13816,
2022-23,D Pharmacy,CAP Round III,02584,"Srinath College of Pharmacy, Aurangabad",Chhatrapati Sambhajinagar,Unaided,GSCS,State Level,Any,15832,
2022-23,D Pharmacy,CAP Round III,02584,"Srinath College of Pharmacy, Aurangabad",Chhatrapati Sambhajinagar,Unaided,LNT3S,State Level,Ladies,29833,
2022-23,D Pharmacy,CAP Round III,02584,"Srinath College of Pharmacy, Aurangabad",Chhatrapati Sambhajinagar,Unaided,TFWS,Special,Any,2663,
2022-23,D Pharmacy,CAP Round III,02586,"Shri. Goraksha College of Pharmacy & Research Centre, Khamgaon, Aurangabad",Chhatrapati Sambhajinagar,Unaided,GOPENS,State Level,Any,7032,
2022-23,D Pharmacy,CAP Round III,02586,"Shri. Goraksha College of Pharmacy & Research Centre, Khamgaon, Aurangabad",Chhatrapati Sambhajinagar,Unaided,LOPENS,State Level,Ladies,13793,
2022-23,D Pharmacy,CAP Round III,02586,"Shri. Goraksha College of Pharmacy & Research Centre, Khamgaon, Aurangabad",Chhatrapati Sambhajinagar,Unaided,GSCS,State Level,Any,40595,
2022-23,D Pharmacy,CAP Round III,02586,"Shri. Goraksha College of Pharmacy & Research Centre, Khamgaon, Aurangabad",Chhatrapati Sambhajinagar,Unaided,GSTS,State Level,Any,66873,
2022-23,D Pharmacy,CAP Round III,02586,"Shri. Goraksha College of Pharmacy & Research Centre, Khamgaon, Aurangabad",Chhatrapati Sambhajinagar,Unaided,GVJS,State Level,Any,31285,
2022-23,D Pharmacy,CAP Round III,02586,"Shri. Goraksha College of Pharmacy & Research Centre, Khamgaon, Aurangabad",Chhatrapati Sambhajinagar,Unaided,GOBCS,State Level,Any,41938,
2022-23,D Pharmacy,CAP Round III,02586,"Shri. Goraksha College of Pharmacy & Research Centre, Khamgaon, Aurangabad",Chhatrapati Sambhajinagar,Unaided,LOBCS,State Level,Ladies,37813,
2022-23,D Pharmacy,CAP Round III,02586,"Shri. Goraksha College of Pharmacy & Research Centre, Khamgaon, Aurangabad",Chhatrapati Sambhajinagar,Unaided,EWS,Special,Any,11015,
2022-23,D Pharmacy,CAP Round III,02587,"Nandkumar Shinde College of Pharmacy, Vaijapur",Chhatrapati Sambhajinagar,Unaided,GOPENS,State Level,Any,31801,
2022-23,D Pharmacy,CAP Round III,02587,"Nandkumar Shinde College of Pharmacy, Vaijapur",Chhatrapati Sambhajinagar,Unaided,LOPENS,State Level,Ladies,24984,
2022-23,D Pharmacy,CAP Round III,02587,"Nandkumar Shinde College of Pharmacy, Vaijapur",Chhatrapati Sambhajinagar,Unaided,GSCS,State Level,Any,52330,
2022-23,D Pharmacy,CAP Round III,02587,"Nandkumar Shinde College of Pharmacy, Vaijapur",Chhatrapati Sambhajinagar,Unaided,LNT1S,State Level,Ladies,62495,
2022-23,D Pharmacy,CAP Round III,02587,"Nandkumar Shinde College of Pharmacy, Vaijapur",Chhatrapati Sambhajinagar,Unaided,GNT2S,State Level,Any,34135,
2022-23,D Pharmacy,CAP Round III,02587,"Nandkumar Shinde College of Pharmacy, Vaijapur",Chhatrapati Sambhajinagar,Unaided,GNT3S,State Level,Any,34703,
2022-23,D Pharmacy,CAP Round III,02587,"Nandkumar Shinde College of Pharmacy, Vaijapur",Chhatrapati Sambhajinagar,Unaided,GOBCS,State Level,Any,51488,
2022-23,D Pharmacy,CAP Round III,02588,"Shri Sai College of Pharmacy, Khadala, Vaijapur",Chhatrapati Sambhajinagar,Unaided,GOPENS,State Level,Any,30407,
2022-23,D Pharmacy,CAP Round III,02588,"Shri Sai College of Pharmacy, Khadala, Vaijapur",Chhatrapati Sambhajinagar,Unaided,LOPENS,State Level,Ladies,27295,
2022-23,D Pharmacy,CAP Round III,02588,"Shri Sai College of Pharmacy, Khadala, Vaijapur",Chhatrapati Sambhajinagar,Unaided,GSCS,State Level,Any,44689,
2022-23,D Pharmacy,CAP Round III,02588,"Shri Sai College of Pharmacy, Khadala, Vaijapur",Chhatrapati Sambhajinagar,Unaided,LSCS,State Level,Ladies,44227,
2022-23,D Pharmacy,CAP Round III,02588,"Shri Sai College of Pharmacy, Khadala, Vaijapur",Chhatrapati Sambhajinagar,Unaided,GSTS,State Level,Any,52527,
2022-23,D Pharmacy,CAP Round III,02588,"Shri Sai College of Pharmacy, Khadala, Vaijapur",Chhatrapati Sambhajinagar,Unaided,LVJS,State Level,Ladies,36309,
2022-23,D Pharmacy,CAP Round III,02588,"Shri Sai College of Pharmacy, Khadala, Vaijapur",Chhatrapati Sambhajinagar,Unaided,GNT2S,State Level,Any,34821,
2022-23,D Pharmacy,CAP Round III,02588,"Shri Sai College of Pharmacy, Khadala, Vaijapur",Chhatrapati Sambhajinagar,Unaided,GNT3S,State Level,Any,34268,
2022-23,D Pharmacy,CAP Round III,02588,"Shri Sai College of Pharmacy, Khadala, Vaijapur",Chhatrapati Sambhajinagar,Unaided,GOBCS,State Level,Any,52879,
2022-23,D Pharmacy,CAP Round III,02588,"Shri Sai College of Pharmacy, Khadala, Vaijapur",Chhatrapati Sambhajinagar,Unaided,ORPHAN,Special,Any,77099,
2022-23,D Pharmacy,CAP Round III,02589,"Shri. Sai Janvikas Pratishthan's OJAS College of Pharmacy, Jalna",Jalna,Unaided,GOPENS,State Level,Any,20697,
2022-23,D Pharmacy,CAP Round III,02589,"Shri. Sai Janvikas Pratishthan's OJAS College of Pharmacy, Jalna",Jalna,Unaided,GNT1S,State Level,Any,42401,
2022-23,D Pharmacy,CAP Round III,02589,"Shri. Sai Janvikas Pratishthan's OJAS College of Pharmacy, Jalna",Jalna,Unaided,LNT3S,State Level,Ladies,21594,
2022-23,D Pharmacy,CAP Round III,02589,"Shri. Sai Janvikas Pratishthan's OJAS College of Pharmacy, Jalna",Jalna,Unaided,GOBCS,State Level,Any,30130,
2022-23,D Pharmacy,CAP Round III,02589,"Shri. Sai Janvikas Pratishthan's OJAS College of Pharmacy, Jalna",Jalna,Unaided,EWS,Special,Any,15157,
2022-23,D Pharmacy,CAP Round III,02589,"Shri. Sai Janvikas Pratishthan's OJAS College of Pharmacy, Jalna",Jalna,Unaided,TFWS,Special,Any,5120,
2022-23,D Pharmacy,CAP Round III,02589,"Shri. Sai Janvikas Pratishthan's OJAS College of Pharmacy, Jalna",Jalna,Unaided,GSTS,State Level,Any,20911,
2022-23,D Pharmacy,CAP Round III,02590,"DJP's College of Pharmacy, Pohetakli",Parbhani,Unaided,GOPENS,State Level,Any,29280,
2022-23,D Pharmacy,CAP Round III,02590,"DJP's College of Pharmacy, Pohetakli",Parbhani,Unaided,LOPENS,State Level,Ladies,27348,
2022-23,D Pharmacy,CAP Round III,02590,"DJP's College of Pharmacy, Pohetakli",Parbhani,Unaided,GSCS,State Level,Any,41695,
2022-23,D Pharmacy,CAP Round III,02590,"DJP's College of Pharmacy, Pohetakli",Parbhani,Unaided,GOBCS,State Level,Any,48199,
2022-23,D Pharmacy,CAP Round III,02590,"DJP's College of Pharmacy, Pohetakli",Parbhani,Unaided,LOBCS,State Level,Ladies,57407,
2022-23,D Pharmacy,CAP Round III,02590,"DJP's College of Pharmacy, Pohetakli",Parbhani,Unaided,EWS,Special,Any,21021,
2022-23,D Pharmacy,CAP Round III,02590,"DJP's College of Pharmacy, Pohetakli",Parbhani,Unaided,GSTS,State Level,Any,30091,
2022-23,D Pharmacy,CAP Round III,02590,"DJP's College of Pharmacy, Pohetakli",Parbhani,Unaided,LSTS,State Level,Ladies,29448,
2022-23,D Pharmacy,CAP Round III,02591,"DNYANSADHANA COLLEGE OF PHARMACY, DHARMAPURI PATI, PARBHANI",Parbhani,Unaided,GOPENS,State Level,Any,9802,
2022-23,D Pharmacy,CAP Round III,02591,"DNYANSADHANA COLLEGE OF PHARMACY, DHARMAPURI PATI, PARBHANI",Parbhani,Unaided,LOPENS,State Level,Ladies,7538,
2022-23,D Pharmacy,CAP Round III,02591,"DNYANSADHANA COLLEGE OF PHARMACY, DHARMAPURI PATI, PARBHANI",Parbhani,Unaided,GVJS,State Level,Any,21772,
2022-23,D Pharmacy,CAP Round III,02591,"DNYANSADHANA COLLEGE OF PHARMACY, DHARMAPURI PATI, PARBHANI",Parbhani,Unaided,LNT1S,State Level,Ladies,33602,
2022-23,D Pharmacy,CAP Round III,02591,"DNYANSADHANA COLLEGE OF PHARMACY, DHARMAPURI PATI, PARBHANI",Parbhani,Unaided,GOBCS,State Level,Any,28522,
2022-23,D Pharmacy,CAP Round III,02591,"DNYANSADHANA COLLEGE OF PHARMACY, DHARMAPURI PATI, PARBHANI",Parbhani,Unaided,LOBCS,State Level,Ladies,16527,
2022-23,D Pharmacy,CAP Round III,02591,"DNYANSADHANA COLLEGE OF PHARMACY, DHARMAPURI PATI, PARBHANI",Parbhani,Unaided,EWS,Special,Any,9435,
2022-23,D Pharmacy,CAP Round III,02591,"DNYANSADHANA COLLEGE OF PHARMACY, DHARMAPURI PATI, PARBHANI",Parbhani,Unaided,TFWS,Special,Any,3668,
2022-23,D Pharmacy,CAP Round III,02591,"DNYANSADHANA COLLEGE OF PHARMACY, DHARMAPURI PATI, PARBHANI",Parbhani,Unaided,GSTS,State Level,Any,10511,
2022-23,D Pharmacy,CAP Round III,02592,"GAJANAN MAHARAJ COLLEGE OF PHARMACY, NIPANI, AURANGABAD",Chhatrapati Sambhajinagar,Unaided,GOPENS,State Level,Any,26565,
2022-23,D Pharmacy,CAP Round III,02592,"GAJANAN MAHARAJ COLLEGE OF PHARMACY, NIPANI, AURANGABAD",Chhatrapati Sambhajinagar,Unaided,LOPENS,State Level,Ladies,25082,
2022-23,D Pharmacy,CAP Round III,02592,"GAJANAN MAHARAJ COLLEGE OF PHARMACY, NIPANI, AURANGABAD",Chhatrapati Sambhajinagar,Unaided,GSCS,State Level,Any,42475,
2022-23,D Pharmacy,CAP Round III,02592,"GAJANAN MAHARAJ COLLEGE OF PHARMACY, NIPANI, AURANGABAD",Chhatrapati Sambhajinagar,Unaided,LSCS,State Level,Ladies,35666,
2022-23,D Pharmacy,CAP Round III,02592,"GAJANAN MAHARAJ COLLEGE OF PHARMACY, NIPANI, AURANGABAD",Chhatrapati Sambhajinagar,Unaided,GSTS,State Level,Any,49515,
2022-23,D Pharmacy,CAP Round III,02592,"GAJANAN MAHARAJ COLLEGE OF PHARMACY, NIPANI, AURANGABAD",Chhatrapati Sambhajinagar,Unaided,LSTS,State Level,Ladies,50197,
2022-23,D Pharmacy,CAP Round III,02592,"GAJANAN MAHARAJ COLLEGE OF PHARMACY, NIPANI, AURANGABAD",Chhatrapati Sambhajinagar,Unaided,LNT2S,State Level,Ladies,30458,
2022-23,D Pharmacy,CAP Round III,02592,"GAJANAN MAHARAJ COLLEGE OF PHARMACY, NIPANI, AURANGABAD",Chhatrapati Sambhajinagar,Unaided,GOBCS,State Level,Any,45298,
2022-23,D Pharmacy,CAP Round III,02592,"GAJANAN MAHARAJ COLLEGE OF PHARMACY, NIPANI, AURANGABAD",Chhatrapati Sambhajinagar,Unaided,LOBCS,State Level,Ladies,46947,
2022-23,D Pharmacy,CAP Round III,02592,"GAJANAN MAHARAJ COLLEGE OF PHARMACY, NIPANI, AURANGABAD",Chhatrapati Sambhajinagar,Unaided,EWS,Special,Any,20827,
2022-23,D Pharmacy,CAP Round III,02593,"S.R. Institute of Diploma in Pharmacy, Udgir",Latur,Unaided,GSCS,State Level,Any,45975,
2022-23,D Pharmacy,CAP Round III,02593,"S.R. Institute of Diploma in Pharmacy, Udgir",Latur,Unaided,LSCS,State Level,Ladies,44165,
2022-23,D Pharmacy,CAP Round III,02593,"S.R. Institute of Diploma in Pharmacy, Udgir",Latur,Unaided,LVJS,State Level,Ladies,40967,
2022-23,D Pharmacy,CAP Round III,02593,"S.R. Institute of Diploma in Pharmacy, Udgir",Latur,Unaided,LNT2S,State Level,Ladies,25502,
2022-23,D Pharmacy,CAP Round III,02593,"S.R. Institute of Diploma in Pharmacy, Udgir",Latur,Unaided,LOBCS,State Level,Ladies,58004,
2022-23,D Pharmacy,CAP Round III,02593,"S.R. Institute of Diploma in Pharmacy, Udgir",Latur,Unaided,ORPHAN,Special,Any,30515,
2022-23,D Pharmacy,CAP Round III,02594,"Tatyaraoji More College of Pharmacy, Umerga",Dharashiv,Unaided,GOPENS,State Level,Any,33404,
2022-23,D Pharmacy,CAP Round III,02594,"Tatyaraoji More College of Pharmacy, Umerga",Dharashiv,Unaided,GSCS,State Level,Any,41871,
2022-23,D Pharmacy,CAP Round III,02594,"Tatyaraoji More College of Pharmacy, Umerga",Dharashiv,Unaided,GOBCS,State Level,Any,50596,
2022-23,D Pharmacy,CAP Round III,02594,"Tatyaraoji More College of Pharmacy, Umerga",Dharashiv,Unaided,GSTS,State Level,Any,34437,
2022-23,D Pharmacy,CAP Round III,02595,"Uttamrao Deshmukh Institute of Pharmacy, Balsond, Hingoli",Hingoli,Unaided,GOPENS,State Level,Any,14263,
2022-23,D Pharmacy,CAP Round III,02595,"Uttamrao Deshmukh Institute of Pharmacy, Balsond, Hingoli",Hingoli,Unaided,LOPENS,State Level,Ladies,3050,
2022-23,D Pharmacy,CAP Round III,02595,"Uttamrao Deshmukh Institute of Pharmacy, Balsond, Hingoli",Hingoli,Unaided,GSCS,State Level,Any,31720,
2022-23,D Pharmacy,CAP Round III,02595,"Uttamrao Deshmukh Institute of Pharmacy, Balsond, Hingoli",Hingoli,Unaided,GSTS,State Level,Any,73879,
2022-23,D Pharmacy,CAP Round III,02596,"Institute of Pharmacy, Badnapur",Jalna,Unaided,GOPENS,State Level,Any,15039,
2022-23,D Pharmacy,CAP Round III,02596,"Institute of Pharmacy, Badnapur",Jalna,Unaided,GSCS,State Level,Any,34364,
2022-23,D Pharmacy,CAP Round III,02596,"Institute of Pharmacy, Badnapur",Jalna,Unaided,GNT2S,State Level,Any,22290,
2022-23,D Pharmacy,CAP Round III,02596,"Institute of Pharmacy, Badnapur",Jalna,Unaided,GOBCS,State Level,Any,31439,
2022-23,D Pharmacy,CAP Round III,02596,"Institute of Pharmacy, Badnapur",Jalna,Unaided,EWS,Special,Any,13397,
2022-23,D Pharmacy,CAP Round III,02597,"MDA School of Pharmacy, Kolpa",Latur,Unaided,GOPENS,State Level,Any,38057,
2022-23,D Pharmacy,CAP Round III,02597,"MDA School of Pharmacy, Kolpa",Latur,Unaided,LOPENS,State Level,Ladies,34868,
2022-23,D Pharmacy,CAP Round III,02597,"MDA School of Pharmacy, Kolpa",Latur,Unaided,GSCS,State Level,Any,44443,
2022-23,D Pharmacy,CAP Round III,02597,"MDA School of Pharmacy, Kolpa",Latur,Unaided,GOBCS,State Level,Any,41876,
2022-23,D Pharmacy,CAP Round III,02597,"MDA School of Pharmacy, Kolpa",Latur,Unaided,LOBCS,State Level,Ladies,57279,
2022-23,D Pharmacy,CAP Round III,02597,"MDA School of Pharmacy, Kolpa",Latur,Unaided,EWS,Special,Any,20785,
2022-23,D Pharmacy,CAP Round III,02597,"MDA School of Pharmacy, Kolpa",Latur,Unaided,TFWS,Special,Any,26128,
2022-23,D Pharmacy,CAP Round III,02597,"MDA School of Pharmacy, Kolpa",Latur,Unaided,GSTS,State Level,Any,38400,
2022-23,D Pharmacy,CAP Round III,02597,"MDA School of Pharmacy, Kolpa",Latur,Unaided,LSTS,State Level,Ladies,38264,
2022-23,D Pharmacy,CAP Round III,02598,"Shivai Charitable Trust's College of Pharmacy, Koregaonwadi, Umerga",Dharashiv,Unaided,GOPENS,State Level,Any,36901,
2022-23,D Pharmacy,CAP Round III,02598,"Shivai Charitable Trust's College of Pharmacy, Koregaonwadi, Umerga",Dharashiv,Unaided,GSCS,State Level,Any,55155,
2022-23,D Pharmacy,CAP Round III,02598,"Shivai Charitable Trust's College of Pharmacy, Koregaonwadi, Umerga",Dharashiv,Unaided,LVJS,State Level,Ladies,53939,
2022-23,D Pharmacy,CAP Round III,02598,"Shivai Charitable Trust's College of Pharmacy, Koregaonwadi, Umerga",Dharashiv,Unaided,GNT2S,State Level,Any,38115,
2022-23,D Pharmacy,CAP Round III,02598,"Shivai Charitable Trust's College of Pharmacy, Koregaonwadi, Umerga",Dharashiv,Unaided,GNT3S,State Level,Any,42605,
2022-23,D Pharmacy,CAP Round III,02598,"Shivai Charitable Trust's College of Pharmacy, Koregaonwadi, Umerga",Dharashiv,Unaided,GOBCS,State Level,Any,67421,
2022-23,D Pharmacy,CAP Round III,02598,"Shivai Charitable Trust's College of Pharmacy, Koregaonwadi, Umerga",Dharashiv,Unaided,LOBCS,State Level,Ladies,71904,
2022-23,D Pharmacy,CAP Round III,02598,"Shivai Charitable Trust's College of Pharmacy, Koregaonwadi, Umerga",Dharashiv,Unaided,EWS,Special,Any,36379,
2022-23,D Pharmacy,CAP Round III,02598,"Shivai Charitable Trust's College of Pharmacy, Koregaonwadi, Umerga",Dharashiv,Unaided,GSTS,State Level,Any,37999,
2022-23,D Pharmacy,CAP Round III,02600,"Keshavrao Patil Institute of Pharmacy, Osmanabad",Dharashiv,Unaided,GOPENS,State Level,Any,18157,
2022-23,D Pharmacy,CAP Round III,02600,"Keshavrao Patil Institute of Pharmacy, Osmanabad",Dharashiv,Unaided,GVJS,State Level,Any,31793,
2022-23,D Pharmacy,CAP Round III,02600,"Keshavrao Patil Institute of Pharmacy, Osmanabad",Dharashiv,Unaided,GOBCS,State Level,Any,54939,
2022-23,D Pharmacy,CAP Round III,02601,"Raosaheb Patil Danve College Of Pharmacy, Badnapur",Jalna,Unaided,GOPENS,State Level,Any,18612,
2022-23,D Pharmacy,CAP Round III,02601,"Raosaheb Patil Danve College Of Pharmacy, Badnapur",Jalna,Unaided,LOPENS,State Level,Ladies,17577,
2022-23,D Pharmacy,CAP Round III,02601,"Raosaheb Patil Danve College Of Pharmacy, Badnapur",Jalna,Unaided,GSCS,State Level,Any,37776,
2022-23,D Pharmacy,CAP Round III,02601,"Raosaheb Patil Danve College Of Pharmacy, Badnapur",Jalna,Unaided,LNT3S,State Level,Ladies,22845,
2022-23,D Pharmacy,CAP Round III,02601,"Raosaheb Patil Danve College Of Pharmacy, Badnapur",Jalna,Unaided,GOBCS,State Level,Any,31993,
2022-23,D Pharmacy,CAP Round III,02601,"Raosaheb Patil Danve College Of Pharmacy, Badnapur",Jalna,Unaided,LOBCS,State Level,Ladies,22661,
2022-23,D Pharmacy,CAP Round III,02601,"Raosaheb Patil Danve College Of Pharmacy, Badnapur",Jalna,Unaided,EWS,Special,Any,17554,
2022-23,D Pharmacy,CAP Round III,02601,"Raosaheb Patil Danve College Of Pharmacy, Badnapur",Jalna,Unaided,GSTS,State Level,Any,20220,
2022-23,D Pharmacy,CAP Round III,02601,"Raosaheb Patil Danve College Of Pharmacy, Badnapur",Jalna,Unaided,LSTS,State Level,Ladies,20902,
2022-23,D Pharmacy,CAP Round III,02602,"Kishori College Of Pharmacy, Beed",Beed,Unaided,GOPENS,State Level,Any,28104,
2022-23,D Pharmacy,CAP Round III,02602,"Kishori College Of Pharmacy, Beed",Beed,Unaided,LOPENS,State Level,Ladies,26445,
2022-23,D Pharmacy,CAP Round III,02602,"Kishori College Of Pharmacy, Beed",Beed,Unaided,GSCS,State Level,Any,50238,
2022-23,D Pharmacy,CAP Round III,02602,"Kishori College Of Pharmacy, Beed",Beed,Unaided,LVJS,State Level,Ladies,33090,
2022-23,D Pharmacy,CAP Round III,02602,"Kishori College Of Pharmacy, Beed",Beed,Unaided,GNT2S,State Level,Any,29867,
2022-23,D Pharmacy,CAP Round III,02602,"Kishori College Of Pharmacy, Beed",Beed,Unaided,GOBCS,State Level,Any,60314,
2022-23,D Pharmacy,CAP Round III,02602,"Kishori College Of Pharmacy, Beed",Beed,Unaided,LOBCS,State Level,Ladies,32325,
2022-23,D Pharmacy,CAP Round III,02602,"Kishori College Of Pharmacy, Beed",Beed,Unaided,EWS,Special,Any,6843,
2022-23,D Pharmacy,CAP Round III,02602,"Kishori College Of Pharmacy, Beed",Beed,Unaided,GSTS,State Level,Any,28334,
2022-23,D Pharmacy,CAP Round III,02602,"Kishori College Of Pharmacy, Beed",Beed,Unaided,LSTS,State Level,Ladies,28476,
2022-23,D Pharmacy,CAP Round III,02603,"Mangaldeep Institute Of Pharmacy, Aurangabad",Chhatrapati Sambhajinagar,Unaided,GOPENS,State Level,Any,12959,
2022-23,D Pharmacy,CAP Round III,02603,"Mangaldeep Institute Of Pharmacy, Aurangabad",Chhatrapati Sambhajinagar,Unaided,GSCS,State Level,Any,38763,
2022-23,D Pharmacy,CAP Round III,02603,"Mangaldeep Institute Of Pharmacy, Aurangabad",Chhatrapati Sambhajinagar,Unaided,LSTS,State Level,Ladies,48138,
2022-23,D Pharmacy,CAP Round III,02603,"Mangaldeep Institute Of Pharmacy, Aurangabad",Chhatrapati Sambhajinagar,Unaided,GNT3S,State Level,Any,26094,
2022-23,D Pharmacy,CAP Round III,02603,"Mangaldeep Institute Of Pharmacy, Aurangabad",Chhatrapati Sambhajinagar,Unaided,GOBCS,State Level,Any,42317,
2022-23,D Pharmacy,CAP Round III,02603,"Mangaldeep Institute Of Pharmacy, Aurangabad",Chhatrapati Sambhajinagar,Unaided,EWS,Special,Any,26608,
2022-23,D Pharmacy,CAP Round III,02604,"Nbs Institute Of Pharmacy, Ausa",Latur,Unaided,GOPENS,State Level,Any,33137,
2022-23,D Pharmacy,CAP Round III,02604,"Nbs Institute Of Pharmacy, Ausa",Latur,Unaided,LOPENS,State Level,Ladies,31651,
2022-23,D Pharmacy,CAP Round III,02604,"Nbs Institute Of Pharmacy, Ausa",Latur,Unaided,GSCS,State Level,Any,49347,
2022-23,D Pharmacy,CAP Round III,02604,"Nbs Institute Of Pharmacy, Ausa",Latur,Unaided,LNT3S,State Level,Ladies,40675,
2022-23,D Pharmacy,CAP Round III,02604,"Nbs Institute Of Pharmacy, Ausa",Latur,Unaided,GOBCS,State Level,Any,59673,
2022-23,D Pharmacy,CAP Round III,02604,"Nbs Institute Of Pharmacy, Ausa",Latur,Unaided,LOBCS,State Level,Ladies,62014,
2022-23,D Pharmacy,CAP Round III,02604,"Nbs Institute Of Pharmacy, Ausa",Latur,Unaided,TFWS,Special,Any,17990,
2022-23,D Pharmacy,CAP Round III,02604,"Nbs Institute Of Pharmacy, Ausa",Latur,Unaided,GSTS,State Level,Any,37466,
2022-23,D Pharmacy,CAP Round III,02605,"JGVVS's Suyash College Of Pharmacy, Warud, Jafrabad",Jalna,Unaided,GOPENS,State Level,Any,8160,
2022-23,D Pharmacy,CAP Round III,02605,"JGVVS's Suyash College Of Pharmacy, Warud, Jafrabad",Jalna,Unaided,LOPENS,State Level,Ladies,13954,
2022-23,D Pharmacy,CAP Round III,02605,"JGVVS's Suyash College Of Pharmacy, Warud, Jafrabad",Jalna,Unaided,GSCS,State Level,Any,26176,
2022-23,D Pharmacy,CAP Round III,02605,"JGVVS's Suyash College Of Pharmacy, Warud, Jafrabad",Jalna,Unaided,LSCS,State Level,Ladies,37787,
2022-23,D Pharmacy,CAP Round III,02605,"JGVVS's Suyash College Of Pharmacy, Warud, Jafrabad",Jalna,Unaided,GNT3S,State Level,Any,12512,
2022-23,D Pharmacy,CAP Round III,02605,"JGVVS's Suyash College Of Pharmacy, Warud, Jafrabad",Jalna,Unaided,GOBCS,State Level,Any,17486,
2022-23,D Pharmacy,CAP Round III,02605,"JGVVS's Suyash College Of Pharmacy, Warud, Jafrabad",Jalna,Unaided,LOBCS,State Level,Ladies,15591,
2022-23,D Pharmacy,CAP Round III,02605,"JGVVS's Suyash College Of Pharmacy, Warud, Jafrabad",Jalna,Unaided,EWS,Special,Any,20156,
2022-23,D Pharmacy,CAP Round III,02605,"JGVVS's Suyash College Of Pharmacy, Warud, Jafrabad",Jalna,Unaided,TFWS,Special,Any,4077,
2022-23,D Pharmacy,CAP Round III,02605,"JGVVS's Suyash College Of Pharmacy, Warud, Jafrabad",Jalna,Unaided,GSTS,State Level,Any,13590,
2022-23,D Pharmacy,CAP Round III,02606,"Ambadasrao Warpudkar Institute Of Pharmacy, Warpud",Palghar,Unaided,GOPENS,State Level,Any,31252,
2022-23,D Pharmacy,CAP Round III,02606,"Ambadasrao Warpudkar Institute Of Pharmacy, Warpud",Palghar,Unaided,LOPENS,State Level,Ladies,30021,
2022-23,D Pharmacy,CAP Round III,02606,"Ambadasrao Warpudkar Institute Of Pharmacy, Warpud",Palghar,Unaided,GSCS,State Level,Any,35297,
2022-23,D Pharmacy,CAP Round III,02606,"Ambadasrao Warpudkar Institute Of Pharmacy, Warpud",Palghar,Unaided,LNT2S,State Level,Ladies,38468,
2022-23,D Pharmacy,CAP Round III,02606,"Ambadasrao Warpudkar Institute Of Pharmacy, Warpud",Palghar,Unaided,GOBCS,State Level,Any,53853,
2022-23,D Pharmacy,CAP Round III,02606,"Ambadasrao Warpudkar Institute Of Pharmacy, Warpud",Palghar,Unaided,EWS,Special,Any,29484,
2022-23,D Pharmacy,CAP Round III,02607,"Shenfadu Fakirba Sonawane Institute Of Pharmacy, Phulumbri",Chhatrapati Sambhajinagar,Unaided,GOPENS,State Level,Any,7502,
2022-23,D Pharmacy,CAP Round III,02607,"Shenfadu Fakirba Sonawane Institute Of Pharmacy, Phulumbri",Chhatrapati Sambhajinagar,Unaided,GSCS,State Level,Any,45614,
2022-23,D Pharmacy,CAP Round III,02607,"Shenfadu Fakirba Sonawane Institute Of Pharmacy, Phulumbri",Chhatrapati Sambhajinagar,Unaided,LSCS,State Level,Ladies,51610,
2022-23,D Pharmacy,CAP Round III,02607,"Shenfadu Fakirba Sonawane Institute Of Pharmacy, Phulumbri",Chhatrapati Sambhajinagar,Unaided,GVJS,State Level,Any,40146,
2022-23,D Pharmacy,CAP Round III,02607,"Shenfadu Fakirba Sonawane Institute Of Pharmacy, Phulumbri",Chhatrapati Sambhajinagar,Unaided,LVJS,State Level,Ladies,39088,
2022-23,D Pharmacy,CAP Round III,02607,"Shenfadu Fakirba Sonawane Institute Of Pharmacy, Phulumbri",Chhatrapati Sambhajinagar,Unaided,GOBCS,State Level,Any,43585,
2022-23,D Pharmacy,CAP Round III,02607,"Shenfadu Fakirba Sonawane Institute Of Pharmacy, Phulumbri",Chhatrapati Sambhajinagar,Unaided,EWS,Special,Any,14521,
2022-23,D Pharmacy,CAP Round III,02607,"Shenfadu Fakirba Sonawane Institute Of Pharmacy, Phulumbri",Chhatrapati Sambhajinagar,Unaided,GSTS,State Level,Any,10553,
2022-23,D Pharmacy,CAP Round III,02607,"Shenfadu Fakirba Sonawane Institute Of Pharmacy, Phulumbri",Chhatrapati Sambhajinagar,Unaided,LSTS,State Level,Ladies,10620,
2022-23,D Pharmacy,CAP Round III,02608,"Shri Sai Institute Of Pharmacy And Research, Aurangabad",Chhatrapati Sambhajinagar,Unaided,GOPENS,State Level,Any,10564,
2022-23,D Pharmacy,CAP Round III,02608,"Shri Sai Institute Of Pharmacy And Research, Aurangabad",Chhatrapati Sambhajinagar,Unaided,LOPENS,State Level,Ladies,11950,
2022-23,D Pharmacy,CAP Round III,02608,"Shri Sai Institute Of Pharmacy And Research, Aurangabad",Chhatrapati Sambhajinagar,Unaided,GSCS,State Level,Any,37945,
2022-23,D Pharmacy,CAP Round III,02608,"Shri Sai Institute Of Pharmacy And Research, Aurangabad",Chhatrapati Sambhajinagar,Unaided,GVJS,State Level,Any,29508,
2022-23,D Pharmacy,CAP Round III,02608,"Shri Sai Institute Of Pharmacy And Research, Aurangabad",Chhatrapati Sambhajinagar,Unaided,GOBCS,State Level,Any,33414,
2022-23,D Pharmacy,CAP Round III,02608,"Shri Sai Institute Of Pharmacy And Research, Aurangabad",Chhatrapati Sambhajinagar,Unaided,LOBCS,State Level,Ladies,17066,
2022-23,D Pharmacy,CAP Round III,02608,"Shri Sai Institute Of Pharmacy And Research, Aurangabad",Chhatrapati Sambhajinagar,Unaided,EWS,Special,Any,13811,
2022-23,D Pharmacy,CAP Round III,02609,Vasant Pharmacy College Kaij,Beed,Unaided,GOPENS,State Level,Any,24017,
2022-23,D Pharmacy,CAP Round III,02609,Vasant Pharmacy College Kaij,Beed,Unaided,LOPENS,State Level,Ladies,24369,
2022-23,D Pharmacy,CAP Round III,02609,Vasant Pharmacy College Kaij,Beed,Unaided,GOBCS,State Level,Any,66463,
2022-23,D Pharmacy,CAP Round III,02609,Vasant Pharmacy College Kaij,Beed,Unaided,LOBCS,State Level,Ladies,40304,
2022-23,D Pharmacy,CAP Round III,02609,Vasant Pharmacy College Kaij,Beed,Unaided,EWS,Special,Any,28233,
2022-23,D Pharmacy,CAP Round III,02609,Vasant Pharmacy College Kaij,Beed,Unaided,GSTS,State Level,Any,25243,
2022-23,D Pharmacy,CAP Round III,02610,"Shivprasad College Of Pharmacy, mukhed",Nanded,Unaided,GOPENS,State Level,Any,9004,
2022-23,D Pharmacy,CAP Round III,02610,"Shivprasad College Of Pharmacy, mukhed",Nanded,Unaided,LOPENS,State Level,Ladies,13518,
2022-23,D Pharmacy,CAP Round III,02610,"Shivprasad College Of Pharmacy, mukhed",Nanded,Unaided,GSCS,State Level,Any,18579,
2022-23,D Pharmacy,CAP Round III,02610,"Shivprasad College Of Pharmacy, mukhed",Nanded,Unaided,GOBCS,State Level,Any,41693,
2022-23,D Pharmacy,CAP Round III,02610,"Shivprasad College Of Pharmacy, mukhed",Nanded,Unaided,EWS,Special,Any,23104,
2022-23,D Pharmacy,CAP Round III,02610,"Shivprasad College Of Pharmacy, mukhed",Nanded,Unaided,GSTS,State Level,Any,15402,
2022-23,D Pharmacy,CAP Round III,02610,"Shivprasad College Of Pharmacy, mukhed",Nanded,Unaided,LSTS,State Level,Ladies,16143,
2022-23,D Pharmacy,CAP Round III,02611,"Kadam College Of Pharmacy, Vaijapur",Chhatrapati Sambhajinagar,Unaided,GOPENS,State Level,Any,25280,
2022-23,D Pharmacy,CAP Round III,02611,"Kadam College Of Pharmacy, Vaijapur",Chhatrapati Sambhajinagar,Unaided,LOPENS,State Level,Ladies,31695,
2022-23,D Pharmacy,CAP Round III,02611,"Kadam College Of Pharmacy, Vaijapur",Chhatrapati Sambhajinagar,Unaided,GSCS,State Level,Any,46045,
2022-23,D Pharmacy,CAP Round III,02611,"Kadam College Of Pharmacy, Vaijapur",Chhatrapati Sambhajinagar,Unaided,GNT2S,State Level,Any,38642,
2022-23,D Pharmacy,CAP Round III,02611,"Kadam College Of Pharmacy, Vaijapur",Chhatrapati Sambhajinagar,Unaided,GOBCS,State Level,Any,53091,
2022-23,D Pharmacy,CAP Round III,02611,"Kadam College Of Pharmacy, Vaijapur",Chhatrapati Sambhajinagar,Unaided,LOBCS,State Level,Ladies,54024,
2022-23,D Pharmacy,CAP Round III,02611,"Kadam College Of Pharmacy, Vaijapur",Chhatrapati Sambhajinagar,Unaided,GSTS,State Level,Any,32158,
2022-23,D Pharmacy,CAP Round III,02612,"Shrimati Latatai Baburao Patil Institute Of Pharmacy, Khandgaon, Bendri",Amravati,Unaided,GOPENS,State Level,Any,8856,
2022-23,D Pharmacy,CAP Round III,02612,"Shrimati Latatai Baburao Patil Institute Of Pharmacy, Khandgaon, Bendri",Amravati,Unaided,LOPENS,State Level,Ladies,2743,
2022-23,D Pharmacy,CAP Round III,02613,"Valmik Naik College Of Pharmacy, Telwadi, Kannad",Chhatrapati Sambhajinagar,Unaided,GOPENS,State Level,Any,29816,
2022-23,D Pharmacy,CAP Round III,02613,"Valmik Naik College Of Pharmacy, Telwadi, Kannad",Chhatrapati Sambhajinagar,Unaided,LOPENS,State Level,Ladies,24050,
2022-23,D Pharmacy,CAP Round III,02613,"Valmik Naik College Of Pharmacy, Telwadi, Kannad",Chhatrapati Sambhajinagar,Unaided,GSCS,State Level,Any,54431,
2022-23,D Pharmacy,CAP Round III,02613,"Valmik Naik College Of Pharmacy, Telwadi, Kannad",Chhatrapati Sambhajinagar,Unaided,LSCS,State Level,Ladies,56893,
2022-23,D Pharmacy,CAP Round III,02613,"Valmik Naik College Of Pharmacy, Telwadi, Kannad",Chhatrapati Sambhajinagar,Unaided,GSTS,State Level,Any,52486,
2022-23,D Pharmacy,CAP Round III,02613,"Valmik Naik College Of Pharmacy, Telwadi, Kannad",Chhatrapati Sambhajinagar,Unaided,GOBCS,State Level,Any,56567,
2022-23,D Pharmacy,CAP Round III,02613,"Valmik Naik College Of Pharmacy, Telwadi, Kannad",Chhatrapati Sambhajinagar,Unaided,LOBCS,State Level,Ladies,53225,
2022-23,D Pharmacy,CAP Round III,02613,"Valmik Naik College Of Pharmacy, Telwadi, Kannad",Chhatrapati Sambhajinagar,Unaided,TFWS,Special,Any,18278,
2022-23,D Pharmacy,CAP Round III,02614,"Aurangabad Pharmacy College, Mitmita",Chhatrapati Sambhajinagar,Unaided,GOPENS,State Level,Any,21266,
2022-23,D Pharmacy,CAP Round III,02614,"Aurangabad Pharmacy College, Mitmita",Chhatrapati Sambhajinagar,Unaided,LOPENS,State Level,Ladies,20985,
2022-23,D Pharmacy,CAP Round III,02614,"Aurangabad Pharmacy College, Mitmita",Chhatrapati Sambhajinagar,Unaided,MI,Special,Any,26065,
2022-23,D Pharmacy,CAP Round III,02614,"Aurangabad Pharmacy College, Mitmita",Chhatrapati Sambhajinagar,Unaided,TFWS,Special,Any,19114,
2022-23,D Pharmacy,CAP Round III,02615,"Kohinoor Education Society's Kohinoor Institute Of D Pharmacy, Khuldabad",Chhatrapati Sambhajinagar,Unaided,GOPENS,State Level,Any,23012,
2022-23,D Pharmacy,CAP Round III,02615,"Kohinoor Education Society's Kohinoor Institute Of D Pharmacy, Khuldabad",Chhatrapati Sambhajinagar,Unaided,LOPENS,State Level,Ladies,18287,
2022-23,D Pharmacy,CAP Round III,02615,"Kohinoor Education Society's Kohinoor Institute Of D Pharmacy, Khuldabad",Chhatrapati Sambhajinagar,Unaided,MI,Special,Any,27727,
2022-23,D Pharmacy,CAP Round III,02617,"Ismail Mehta College Of Pharmacy, Ambad",Jalna,Unaided,GOPENS,State Level,Any,24019,
2022-23,D Pharmacy,CAP Round III,02617,"Ismail Mehta College Of Pharmacy, Ambad",Jalna,Unaided,LOPENS,State Level,Ladies,22128,
2022-23,D Pharmacy,CAP Round III,02617,"Ismail Mehta College Of Pharmacy, Ambad",Jalna,Unaided,MI,Special,Any,41492,
2022-23,D Pharmacy,CAP Round III,02618,"Shri Sambhaji College Of Pharmacy, Nanded",Nanded,Unaided,GOPENS,State Level,Any,12125,
2022-23,D Pharmacy,CAP Round III,02618,"Shri Sambhaji College Of Pharmacy, Nanded",Nanded,Unaided,LOPENS,State Level,Ladies,9871,
2022-23,D Pharmacy,CAP Round III,02618,"Shri Sambhaji College Of Pharmacy, Nanded",Nanded,Unaided,GSCS,State Level,Any,17995,
2022-23,D Pharmacy,CAP Round III,02618,"Shri Sambhaji College Of Pharmacy, Nanded",Nanded,Unaided,LSCS,State Level,Ladies,14514,
2022-23,D Pharmacy,CAP Round III,02618,"Shri Sambhaji College Of Pharmacy, Nanded",Nanded,Unaided,GSTS,State Level,Any,18782,
2022-23,D Pharmacy,CAP Round III,02618,"Shri Sambhaji College Of Pharmacy, Nanded",Nanded,Unaided,GOBCS,State Level,Any,33392,
2022-23,D Pharmacy,CAP Round III,02618,"Shri Sambhaji College Of Pharmacy, Nanded",Nanded,Unaided,LOBCS,State Level,Ladies,18852,
2022-23,D Pharmacy,CAP Round III,02618,"Shri Sambhaji College Of Pharmacy, Nanded",Nanded,Unaided,EWS,Special,Any,4086,
2022-23,D Pharmacy,CAP Round III,02618,"Shri Sambhaji College Of Pharmacy, Nanded",Nanded,Unaided,TFWS,Special,Any,3412,
2022-23,D Pharmacy,CAP Round III,02619,"Shramjivi Shikshan Prasarak Mandals Shramjivi College Of Pharmacy, Umerga",Dharashiv,Unaided,GOPENS,State Level,Any,33200,
2022-23,D Pharmacy,CAP Round III,02619,"Shramjivi Shikshan Prasarak Mandals Shramjivi College Of Pharmacy, Umerga",Dharashiv,Unaided,LOPENS,State Level,Ladies,3374,
2022-23,D Pharmacy,CAP Round III,02619,"Shramjivi Shikshan Prasarak Mandals Shramjivi College Of Pharmacy, Umerga",Dharashiv,Unaided,GSCS,State Level,Any,42600,
2022-23,D Pharmacy,CAP Round III,02619,"Shramjivi Shikshan Prasarak Mandals Shramjivi College Of Pharmacy, Umerga",Dharashiv,Unaided,GNT2S,State Level,Any,37396,
2022-23,D Pharmacy,CAP Round III,02619,"Shramjivi Shikshan Prasarak Mandals Shramjivi College Of Pharmacy, Umerga",Dharashiv,Unaided,LNT2S,State Level,Ladies,38896,
2022-23,D Pharmacy,CAP Round III,02619,"Shramjivi Shikshan Prasarak Mandals Shramjivi College Of Pharmacy, Umerga",Dharashiv,Unaided,GNT3S,State Level,Any,51587,
2022-23,D Pharmacy,CAP Round III,02619,"Shramjivi Shikshan Prasarak Mandals Shramjivi College Of Pharmacy, Umerga",Dharashiv,Unaided,GOBCS,State Level,Any,52150,
2022-23,D Pharmacy,CAP Round III,02620,"Rashtriya College of Pharmacy, Hatnoor, Kannad",Chhatrapati Sambhajinagar,Unaided,GOPENS,State Level,Any,23057,
2022-23,D Pharmacy,CAP Round III,02620,"Rashtriya College of Pharmacy, Hatnoor, Kannad",Chhatrapati Sambhajinagar,Unaided,LOPENS,State Level,Ladies,8860,
2022-23,D Pharmacy,CAP Round III,02620,"Rashtriya College of Pharmacy, Hatnoor, Kannad",Chhatrapati Sambhajinagar,Unaided,GSCS,State Level,Any,48785,
2022-23,D Pharmacy,CAP Round III,02620,"Rashtriya College of Pharmacy, Hatnoor, Kannad",Chhatrapati Sambhajinagar,Unaided,GSTS,State Level,Any,64683,
2022-23,D Pharmacy,CAP Round III,02620,"Rashtriya College of Pharmacy, Hatnoor, Kannad",Chhatrapati Sambhajinagar,Unaided,GVJS,State Level,Any,36700,
2022-23,D Pharmacy,CAP Round III,02620,"Rashtriya College of Pharmacy, Hatnoor, Kannad",Chhatrapati Sambhajinagar,Unaided,LNT1S,State Level,Ladies,70293,
2022-23,D Pharmacy,CAP Round III,02620,"Rashtriya College of Pharmacy, Hatnoor, Kannad",Chhatrapati Sambhajinagar,Unaided,GOBCS,State Level,Any,55027,
2022-23,D Pharmacy,CAP Round III,02620,"Rashtriya College of Pharmacy, Hatnoor, Kannad",Chhatrapati Sambhajinagar,Unaided,LOBCS,State Level,Ladies,40059,
2022-23,D Pharmacy,CAP Round III,02620,"Rashtriya College of Pharmacy, Hatnoor, Kannad",Chhatrapati Sambhajinagar,Unaided,EWS,Special,Any,25032,
2022-23,D Pharmacy,CAP Round III,02620,"Rashtriya College of Pharmacy, Hatnoor, Kannad",Chhatrapati Sambhajinagar,Unaided,LSTS,State Level,Ladies,66236,
2022-23,D Pharmacy,CAP Round III,02626,"Jay Bharat College of Pharmacy Dapka, Taluka Nilanga, Dist.Latur",Latur,Unaided,GOPENS,State Level,Any,37051,
2022-23,D Pharmacy,CAP Round III,02626,"Jay Bharat College of Pharmacy Dapka, Taluka Nilanga, Dist.Latur",Latur,Unaided,LOPENS,State Level,Ladies,40045,
2022-23,D Pharmacy,CAP Round III,02626,"Jay Bharat College of Pharmacy Dapka, Taluka Nilanga, Dist.Latur",Latur,Unaided,GSCS,State Level,Any,54586,
2022-23,D Pharmacy,CAP Round III,02626,"Jay Bharat College of Pharmacy Dapka, Taluka Nilanga, Dist.Latur",Latur,Unaided,LSCS,State Level,Ladies,60754,
2022-23,D Pharmacy,CAP Round III,02626,"Jay Bharat College of Pharmacy Dapka, Taluka Nilanga, Dist.Latur",Latur,Unaided,GVJS,State Level,Any,40531,
2022-23,D Pharmacy,CAP Round III,02626,"Jay Bharat College of Pharmacy Dapka, Taluka Nilanga, Dist.Latur",Latur,Unaided,GNT1S,State Level,Any,41501,
2022-23,D Pharmacy,CAP Round III,02626,"Jay Bharat College of Pharmacy Dapka, Taluka Nilanga, Dist.Latur",Latur,Unaided,LNT1S,State Level,Ladies,64695,
2022-23,D Pharmacy,CAP Round III,02626,"Jay Bharat College of Pharmacy Dapka, Taluka Nilanga, Dist.Latur",Latur,Unaided,GNT2S,State Level,Any,38215,
2022-23,D Pharmacy,CAP Round III,02626,"Jay Bharat College of Pharmacy Dapka, Taluka Nilanga, Dist.Latur",Latur,Unaided,GNT3S,State Level,Any,43572,
2022-23,D Pharmacy,CAP Round III,02626,"Jay Bharat College of Pharmacy Dapka, Taluka Nilanga, Dist.Latur",Latur,Unaided,GOBCS,State Level,Any,70084,
2022-23,D Pharmacy,CAP Round III,02626,"Jay Bharat College of Pharmacy Dapka, Taluka Nilanga, Dist.Latur",Latur,Unaided,LOBCS,State Level,Ladies,57379,
2022-23,D Pharmacy,CAP Round III,02626,"Jay Bharat College of Pharmacy Dapka, Taluka Nilanga, Dist.Latur",Latur,Unaided,EWS,Special,Any,34112,
2022-23,D Pharmacy,CAP Round III,02626,"Jay Bharat College of Pharmacy Dapka, Taluka Nilanga, Dist.Latur",Latur,Unaided,TFWS,Special,Any,3733,
2022-23,D Pharmacy,CAP Round III,02626,"Jay Bharat College of Pharmacy Dapka, Taluka Nilanga, Dist.Latur",Latur,Unaided,GSTS,State Level,Any,39657,
2022-23,D Pharmacy,CAP Round III,02626,"Jay Bharat College of Pharmacy Dapka, Taluka Nilanga, Dist.Latur",Latur,Unaided,LSTS,State Level,Ladies,40512,
2022-23,D Pharmacy,CAP Round III,03027,"Premlila Vithaldas Polytechnic(Womens),Mumbai",Mumbai,Aided,LOPENS,State Level,Ladies,10978,
2022-23,D Pharmacy,CAP Round III,03027,"Premlila Vithaldas Polytechnic(Womens),Mumbai",Mumbai,Aided,LSCS,State Level,Ladies,42889,
2022-23,D Pharmacy,CAP Round III,03027,"Premlila Vithaldas Polytechnic(Womens),Mumbai",Mumbai,Aided,LSTS,State Level,Ladies,74148,
2022-23,D Pharmacy,CAP Round III,03027,"Premlila Vithaldas Polytechnic(Womens),Mumbai",Mumbai,Aided,LNT3S,State Level,Ladies,62727,
2022-23,D Pharmacy,CAP Round III,03027,"Premlila Vithaldas Polytechnic(Womens),Mumbai",Mumbai,Aided,LOBCS,State Level,Ladies,36923,
2022-23,D Pharmacy,CAP Round III,03027,"Premlila Vithaldas Polytechnic(Womens),Mumbai",Mumbai,Aided,EWS,Special,Any,26311,
2022-23,D Pharmacy,CAP Round III,03039,"Hydrabad (Sind) National Collegiate K.M.Kundanani Pharmacy Polytechnic,Ulhasnagar Dist-Thane",Thane,Aided,GOPENS,State Level,Any,16920,
2022-23,D Pharmacy,CAP Round III,03039,"Hydrabad (Sind) National Collegiate K.M.Kundanani Pharmacy Polytechnic,Ulhasnagar Dist-Thane",Thane,Aided,LOPENS,State Level,Ladies,12992,
2022-23,D Pharmacy,CAP Round III,03163,"Shri Angarsiddha Shikshan Prasarak Mandal's Diploma In Pharmacy Institute,Sangulwadi,Tal-Vaibhavwadi",Sindhudurg,Unaided,GOPENS,State Level,Any,47166,
2022-23,D Pharmacy,CAP Round III,03163,"Shri Angarsiddha Shikshan Prasarak Mandal's Diploma In Pharmacy Institute,Sangulwadi,Tal-Vaibhavwadi",Sindhudurg,Unaided,GSCS,State Level,Any,53499,
2022-23,D Pharmacy,CAP Round III,03163,"Shri Angarsiddha Shikshan Prasarak Mandal's Diploma In Pharmacy Institute,Sangulwadi,Tal-Vaibhavwadi",Sindhudurg,Unaided,GOBCS,State Level,Any,57716,
2022-23,D Pharmacy,CAP Round III,03163,"Shri Angarsiddha Shikshan Prasarak Mandal's Diploma In Pharmacy Institute,Sangulwadi,Tal-Vaibhavwadi",Sindhudurg,Unaided,GSTS,State Level,Any,54248,
2022-23,D Pharmacy,CAP Round III,03163,"Shri Angarsiddha Shikshan Prasarak Mandal's Diploma In Pharmacy Institute,Sangulwadi,Tal-Vaibhavwadi",Sindhudurg,Unaided,LSTS,State Level,Ladies,53028,
2022-23,D Pharmacy,CAP Round III,03186,"Indrayani Shikshan Prasarak Mandal Shri Pushpasen Sawant College of Pharmacy, Kudal",Sindhudurg,Unaided,GOPENS,State Level,Any,60723,
2022-23,D Pharmacy,CAP Round III,03186,"Indrayani Shikshan Prasarak Mandal Shri Pushpasen Sawant College of Pharmacy, Kudal",Sindhudurg,Unaided,LOPENS,State Level,Ladies,60637,
2022-23,D Pharmacy,CAP Round III,03186,"Indrayani Shikshan Prasarak Mandal Shri Pushpasen Sawant College of Pharmacy, Kudal",Sindhudurg,Unaided,GSCS,State Level,Any,75821,
2022-23,D Pharmacy,CAP Round III,03186,"Indrayani Shikshan Prasarak Mandal Shri Pushpasen Sawant College of Pharmacy, Kudal",Sindhudurg,Unaided,LSCS,State Level,Ladies,79307,
2022-23,D Pharmacy,CAP Round III,03186,"Indrayani Shikshan Prasarak Mandal Shri Pushpasen Sawant College of Pharmacy, Kudal",Sindhudurg,Unaided,GSTS,State Level,Any,69930,
2022-23,D Pharmacy,CAP Round III,03186,"Indrayani Shikshan Prasarak Mandal Shri Pushpasen Sawant College of Pharmacy, Kudal",Sindhudurg,Unaided,GNT2S,State Level,Any,61258,
2022-23,D Pharmacy,CAP Round III,03186,"Indrayani Shikshan Prasarak Mandal Shri Pushpasen Sawant College of Pharmacy, Kudal",Sindhudurg,Unaided,GNT3S,State Level,Any,83443,
2022-23,D Pharmacy,CAP Round III,03186,"Indrayani Shikshan Prasarak Mandal Shri Pushpasen Sawant College of Pharmacy, Kudal",Sindhudurg,Unaided,GOBCS,State Level,Any,76817,
2022-23,D Pharmacy,CAP Round III,03186,"Indrayani Shikshan Prasarak Mandal Shri Pushpasen Sawant College of Pharmacy, Kudal",Sindhudurg,Unaided,EWS,Special,Any,67278,
2022-23,D Pharmacy,CAP Round III,03186,"Indrayani Shikshan Prasarak Mandal Shri Pushpasen Sawant College of Pharmacy, Kudal",Sindhudurg,Unaided,LSTS,State Level,Ladies,60997,
2022-23,D Pharmacy,CAP Round III,03205,"Bharati Vidyapeeth College of Pharmacy, Belapur, Navi Mumbai",Mumbai,Unaided,GOPENS,State Level,Any,32416,
2022-23,D Pharmacy,CAP Round III,03205,"Bharati Vidyapeeth College of Pharmacy, Belapur, Navi Mumbai",Mumbai,Unaided,LSCS,State Level,Ladies,55889,
2022-23,D Pharmacy,CAP Round III,03205,"Bharati Vidyapeeth College of Pharmacy, Belapur, Navi Mumbai",Mumbai,Unaided,GNT3S,State Level,Any,40071,
2022-23,D Pharmacy,CAP Round III,03205,"Bharati Vidyapeeth College of Pharmacy, Belapur, Navi Mumbai",Mumbai,Unaided,GOBCS,State Level,Any,41807,
2022-23,D Pharmacy,CAP Round III,03205,"Bharati Vidyapeeth College of Pharmacy, Belapur, Navi Mumbai",Mumbai,Unaided,EWS,Special,Any,39596,
2022-23,D Pharmacy,CAP Round III,03225,"Saraswathi Vidya Bhavan's College of Pharmacy, Dombivli",Thane,Unaided,GOPENS,State Level,Any,31670,
2022-23,D Pharmacy,CAP Round III,03225,"Saraswathi Vidya Bhavan's College of Pharmacy, Dombivli",Thane,Unaided,LOPENS,State Level,Ladies,24597,
2022-23,D Pharmacy,CAP Round III,03233,"Govindrao Nikam College Of Pharmacy, Sawarde",Sindhudurg,Unaided,GOPENS,State Level,Any,38686,
2022-23,D Pharmacy,CAP Round III,03233,"Govindrao Nikam College Of Pharmacy, Sawarde",Sindhudurg,Unaided,LOPENS,State Level,Ladies,4498,
2022-23,D Pharmacy,CAP Round III,03233,"Govindrao Nikam College Of Pharmacy, Sawarde",Sindhudurg,Unaided,GSCS,State Level,Any,68994,
2022-23,D Pharmacy,CAP Round III,03233,"Govindrao Nikam College Of Pharmacy, Sawarde",Sindhudurg,Unaided,LNT1S,State Level,Ladies,77276,
2022-23,D Pharmacy,CAP Round III,03233,"Govindrao Nikam College Of Pharmacy, Sawarde",Sindhudurg,Unaided,GNT2S,State Level,Any,46148,
2022-23,D Pharmacy,CAP Round III,03233,"Govindrao Nikam College Of Pharmacy, Sawarde",Sindhudurg,Unaided,GNT3S,State Level,Any,73060,
2022-23,D Pharmacy,CAP Round III,03233,"Govindrao Nikam College Of Pharmacy, Sawarde",Sindhudurg,Unaided,LOBCS,State Level,Ladies,63598,
2022-23,D Pharmacy,CAP Round III,03233,"Govindrao Nikam College Of Pharmacy, Sawarde",Sindhudurg,Unaided,PWDOPENS,State Level,Any,80500,
2022-23,D Pharmacy,CAP Round III,03233,"Govindrao Nikam College Of Pharmacy, Sawarde",Sindhudurg,Unaided,EWS,Special,Any,74172,
2022-23,D Pharmacy,CAP Round III,03235,"Gahlot Institute of Pharmacy, Koparkhairane, Navi Mumbai",Mumbai,Unaided,GOPENS,State Level,Any,25029,
2022-23,D Pharmacy,CAP Round III,03235,"Gahlot Institute of Pharmacy, Koparkhairane, Navi Mumbai",Mumbai,Unaided,GSCS,State Level,Any,29927,
2022-23,D Pharmacy,CAP Round III,03235,"Gahlot Institute of Pharmacy, Koparkhairane, Navi Mumbai",Mumbai,Unaided,GVJS,State Level,Any,52813,
2022-23,D Pharmacy,CAP Round III,03235,"Gahlot Institute of Pharmacy, Koparkhairane, Navi Mumbai",Mumbai,Unaided,GOBCS,State Level,Any,49043,
2022-23,D Pharmacy,CAP Round III,03236,"Konkan Gyanpeeth Rahul Dharkar College of Pharmacy & Research Institute, Karjat, Dahivali, Karjat Dist. Raigad",Raigad,Unaided,GOPENS,State Level,Any,54355,
2022-23,D Pharmacy,CAP Round III,03236,"Konkan Gyanpeeth Rahul Dharkar College of Pharmacy & Research Institute, Karjat, Dahivali, Karjat Dist. Raigad",Raigad,Unaided,GSCS,State Level,Any,66555,
2022-23,D Pharmacy,CAP Round III,03236,"Konkan Gyanpeeth Rahul Dharkar College of Pharmacy & Research Institute, Karjat, Dahivali, Karjat Dist. Raigad",Raigad,Unaided,GNT2S,State Level,Any,62176,
2022-23,D Pharmacy,CAP Round III,03236,"Konkan Gyanpeeth Rahul Dharkar College of Pharmacy & Research Institute, Karjat, Dahivali, Karjat Dist. Raigad",Raigad,Unaided,GNT3S,State Level,Any,83887,
2022-23,D Pharmacy,CAP Round III,03236,"Konkan Gyanpeeth Rahul Dharkar College of Pharmacy & Research Institute, Karjat, Dahivali, Karjat Dist. Raigad",Raigad,Unaided,GOBCS,State Level,Any,61748,
2022-23,D Pharmacy,CAP Round III,03236,"Konkan Gyanpeeth Rahul Dharkar College of Pharmacy & Research Institute, Karjat, Dahivali, Karjat Dist. Raigad",Raigad,Unaided,EWS,Special,Any,68027,
2022-23,D Pharmacy,CAP Round III,03239,"Prabhodhan Shikshan Prasarak Sanshta's Indira Institute of Pharmacy, Sadavali",Ratnagiri,Unaided,GOPENS,State Level,Any,60404,
2022-23,D Pharmacy,CAP Round III,03239,"Prabhodhan Shikshan Prasarak Sanshta's Indira Institute of Pharmacy, Sadavali",Ratnagiri,Unaided,LOPENS,State Level,Ladies,54286,
2022-23,D Pharmacy,CAP Round III,03239,"Prabhodhan Shikshan Prasarak Sanshta's Indira Institute of Pharmacy, Sadavali",Ratnagiri,Unaided,GSCS,State Level,Any,77195,
2022-23,D Pharmacy,CAP Round III,03239,"Prabhodhan Shikshan Prasarak Sanshta's Indira Institute of Pharmacy, Sadavali",Ratnagiri,Unaided,GSTS,State Level,Any,71158,
2022-23,D Pharmacy,CAP Round III,03239,"Prabhodhan Shikshan Prasarak Sanshta's Indira Institute of Pharmacy, Sadavali",Ratnagiri,Unaided,LVJS,State Level,Ladies,73428,
2022-23,D Pharmacy,CAP Round III,03239,"Prabhodhan Shikshan Prasarak Sanshta's Indira Institute of Pharmacy, Sadavali",Ratnagiri,Unaided,GOBCS,State Level,Any,64350,
2022-23,D Pharmacy,CAP Round III,03239,"Prabhodhan Shikshan Prasarak Sanshta's Indira Institute of Pharmacy, Sadavali",Ratnagiri,Unaided,EWS,Special,Any,74475,
2022-23,D Pharmacy,CAP Round III,03239,"Prabhodhan Shikshan Prasarak Sanshta's Indira Institute of Pharmacy, Sadavali",Ratnagiri,Unaided,GSTS,State Level,Any,62643,
2022-23,D Pharmacy,CAP Round III,03240,"Aldel Education Trust's St. John Institute of Pharmacy and Research, Vevoor, Palghar",Palghar,Unaided,LOPENS,State Level,Ladies,19879,
2022-23,D Pharmacy,CAP Round III,03241,"Vighnarta Trust, Shivajirao Jondhale College of Pharmacy, Shahapur",Thane,Unaided,GOPENS,State Level,Any,47125,
2022-23,D Pharmacy,CAP Round III,03241,"Vighnarta Trust, Shivajirao Jondhale College of Pharmacy, Shahapur",Thane,Unaided,LOPENS,State Level,Ladies,44817,
2022-23,D Pharmacy,CAP Round III,03241,"Vighnarta Trust, Shivajirao Jondhale College of Pharmacy, Shahapur",Thane,Unaided,GVJS,State Level,Any,53929,
2022-23,D Pharmacy,CAP Round III,03241,"Vighnarta Trust, Shivajirao Jondhale College of Pharmacy, Shahapur",Thane,Unaided,LNT1S,State Level,Ladies,75204,
2022-23,D Pharmacy,CAP Round III,03241,"Vighnarta Trust, Shivajirao Jondhale College of Pharmacy, Shahapur",Thane,Unaided,GOBCS,State Level,Any,49275,
2022-23,D Pharmacy,CAP Round III,03241,"Vighnarta Trust, Shivajirao Jondhale College of Pharmacy, Shahapur",Thane,Unaided,EWS,Special,Any,75160,
2022-23,D Pharmacy,CAP Round III,03290,Sahyadri Shikshan Sanstha's College of Pharmacy Sawarde,Sindhudurg,Unaided,GOPENS,State Level,Any,48699,
2022-23,D Pharmacy,CAP Round III,03290,Sahyadri Shikshan Sanstha's College of Pharmacy Sawarde,Sindhudurg,Unaided,GSCS,State Level,Any,77103,
2022-23,D Pharmacy,CAP Round III,03290,Sahyadri Shikshan Sanstha's College of Pharmacy Sawarde,Sindhudurg,Unaided,GNT2S,State Level,Any,69786,
2022-23,D Pharmacy,CAP Round III,03290,Sahyadri Shikshan Sanstha's College of Pharmacy Sawarde,Sindhudurg,Unaided,LNT2S,State Level,Ladies,73441,
2022-23,D Pharmacy,CAP Round III,03290,Sahyadri Shikshan Sanstha's College of Pharmacy Sawarde,Sindhudurg,Unaided,LOBCS,State Level,Ladies,60560,
2022-23,D Pharmacy,CAP Round III,03290,Sahyadri Shikshan Sanstha's College of Pharmacy Sawarde,Sindhudurg,Unaided,PWDOPENS,State Level,Any,56514,
2022-23,D Pharmacy,CAP Round III,03290,Sahyadri Shikshan Sanstha's College of Pharmacy Sawarde,Sindhudurg,Unaided,EWS,Special,Any,75010,
2022-23,D Pharmacy,CAP Round III,03290,Sahyadri Shikshan Sanstha's College of Pharmacy Sawarde,Sindhudurg,Unaided,GSTS,State Level,Any,51636,
2022-23,D Pharmacy,CAP Round III,03291,"Mandar Education Society's College of Pharmacy(Diploma), Pedhambe",Ratnagiri,Unaided,GOPENS,State Level,Any,53866,
2022-23,D Pharmacy,CAP Round III,03291,"Mandar Education Society's College of Pharmacy(Diploma), Pedhambe",Ratnagiri,Unaided,LOPENS,State Level,Ladies,17742,
2022-23,D Pharmacy,CAP Round III,03291,"Mandar Education Society's College of Pharmacy(Diploma), Pedhambe",Ratnagiri,Unaided,GSCS,State Level,Any,77698,
2022-23,D Pharmacy,CAP Round III,03291,"Mandar Education Society's College of Pharmacy(Diploma), Pedhambe",Ratnagiri,Unaided,LNT2S,State Level,Ladies,73840,
2022-23,D Pharmacy,CAP Round III,03291,"Mandar Education Society's College of Pharmacy(Diploma), Pedhambe",Ratnagiri,Unaided,EWS,Special,Any,74801,
2022-23,D Pharmacy,CAP Round III,03291,"Mandar Education Society's College of Pharmacy(Diploma), Pedhambe",Ratnagiri,Unaided,LNT1S,State Level,Ladies,83597,
2022-23,D Pharmacy,CAP Round III,03292,"Navyug Vidyapeeth Trust's Institute of Pharmacy,Mahad, Raigad",Raigad,Unaided,GOPENS,State Level,Any,61861,
2022-23,D Pharmacy,CAP Round III,03292,"Navyug Vidyapeeth Trust's Institute of Pharmacy,Mahad, Raigad",Raigad,Unaided,LOPENS,State Level,Ladies,61802,
2022-23,D Pharmacy,CAP Round III,03292,"Navyug Vidyapeeth Trust's Institute of Pharmacy,Mahad, Raigad",Raigad,Unaided,GSCS,State Level,Any,76126,
2022-23,D Pharmacy,CAP Round III,03292,"Navyug Vidyapeeth Trust's Institute of Pharmacy,Mahad, Raigad",Raigad,Unaided,GSTS,State Level,Any,77719,
2022-23,D Pharmacy,CAP Round III,03292,"Navyug Vidyapeeth Trust's Institute of Pharmacy,Mahad, Raigad",Raigad,Unaided,GOBCS,State Level,Any,74754,
2022-23,D Pharmacy,CAP Round III,03292,"Navyug Vidyapeeth Trust's Institute of Pharmacy,Mahad, Raigad",Raigad,Unaided,LOBCS,State Level,Ladies,71128,
2022-23,D Pharmacy,CAP Round III,03292,"Navyug Vidyapeeth Trust's Institute of Pharmacy,Mahad, Raigad",Raigad,Unaided,LNT3S,State Level,Ladies,84324,
2022-23,D Pharmacy,CAP Round III,03292,"Navyug Vidyapeeth Trust's Institute of Pharmacy,Mahad, Raigad",Raigad,Unaided,GSTS,State Level,Any,66690,
2022-23,D Pharmacy,CAP Round III,03292,"Navyug Vidyapeeth Trust's Institute of Pharmacy,Mahad, Raigad",Raigad,Unaided,LSTS,State Level,Ladies,66893,
2022-23,D Pharmacy,CAP Round III,03293,"Mumbai Education Trust's Institute Of Pharmacy, Mumbai",Mumbai,Unaided,GOPENS,State Level,Any,34088,
2022-23,D Pharmacy,CAP Round III,03293,"Mumbai Education Trust's Institute Of Pharmacy, Mumbai",Mumbai,Unaided,LOPENS,State Level,Ladies,34101,
2022-23,D Pharmacy,CAP Round III,03293,"Mumbai Education Trust's Institute Of Pharmacy, Mumbai",Mumbai,Unaided,GSCS,State Level,Any,44324,
2022-23,D Pharmacy,CAP Round III,03293,"Mumbai Education Trust's Institute Of Pharmacy, Mumbai",Mumbai,Unaided,LSCS,State Level,Ladies,47239,
2022-23,D Pharmacy,CAP Round III,03293,"Mumbai Education Trust's Institute Of Pharmacy, Mumbai",Mumbai,Unaided,GSTS,State Level,Any,59737,
2022-23,D Pharmacy,CAP Round III,03293,"Mumbai Education Trust's Institute Of Pharmacy, Mumbai",Mumbai,Unaided,GVJS,State Level,Any,45640,
2022-23,D Pharmacy,CAP Round III,03293,"Mumbai Education Trust's Institute Of Pharmacy, Mumbai",Mumbai,Unaided,GNT2S,State Level,Any,43302,
2022-23,D Pharmacy,CAP Round III,03293,"Mumbai Education Trust's Institute Of Pharmacy, Mumbai",Mumbai,Unaided,GOBCS,State Level,Any,50822,
2022-23,D Pharmacy,CAP Round III,03293,"Mumbai Education Trust's Institute Of Pharmacy, Mumbai",Mumbai,Unaided,LOBCS,State Level,Ladies,66713,
2022-23,D Pharmacy,CAP Round III,03293,"Mumbai Education Trust's Institute Of Pharmacy, Mumbai",Mumbai,Unaided,PWDOPENS,State Level,Any,55266,
2022-23,D Pharmacy,CAP Round III,03293,"Mumbai Education Trust's Institute Of Pharmacy, Mumbai",Mumbai,Unaided,EWS,Special,Any,43029,
2022-23,D Pharmacy,CAP Round III,03294,"NCRD's Sterling Institute of Pharmacy, Nerul, Navi Mumbai",Mumbai,Unaided,GOPENS,State Level,Any,35858,
2022-23,D Pharmacy,CAP Round III,03294,"NCRD's Sterling Institute of Pharmacy, Nerul, Navi Mumbai",Mumbai,Unaided,LOPENS,State Level,Ladies,23402,
2022-23,D Pharmacy,CAP Round III,03294,"NCRD's Sterling Institute of Pharmacy, Nerul, Navi Mumbai",Mumbai,Unaided,GSCS,State Level,Any,53255,
2022-23,D Pharmacy,CAP Round III,03294,"NCRD's Sterling Institute of Pharmacy, Nerul, Navi Mumbai",Mumbai,Unaided,LSCS,State Level,Ladies,50258,
2022-23,D Pharmacy,CAP Round III,03294,"NCRD's Sterling Institute of Pharmacy, Nerul, Navi Mumbai",Mumbai,Unaided,GSTS,State Level,Any,63255,
2022-23,D Pharmacy,CAP Round III,03294,"NCRD's Sterling Institute of Pharmacy, Nerul, Navi Mumbai",Mumbai,Unaided,GVJS,State Level,Any,53938,
2022-23,D Pharmacy,CAP Round III,03294,"NCRD's Sterling Institute of Pharmacy, Nerul, Navi Mumbai",Mumbai,Unaided,LNT2S,State Level,Ladies,57895,
2022-23,D Pharmacy,CAP Round III,03294,"NCRD's Sterling Institute of Pharmacy, Nerul, Navi Mumbai",Mumbai,Unaided,GOBCS,State Level,Any,50508,
2022-23,D Pharmacy,CAP Round III,03296,"Saraswati Education Society's Yadavrao Tasgaonkar Institute Of Pharmacy(Diploma), Bhivpuri, Karjat",Raigad,Unaided,GOPENS,State Level,Any,61705,
2022-23,D Pharmacy,CAP Round III,03296,"Saraswati Education Society's Yadavrao Tasgaonkar Institute Of Pharmacy(Diploma), Bhivpuri, Karjat",Raigad,Unaided,GSCS,State Level,Any,74334,
2022-23,D Pharmacy,CAP Round III,03296,"Saraswati Education Society's Yadavrao Tasgaonkar Institute Of Pharmacy(Diploma), Bhivpuri, Karjat",Raigad,Unaided,LSCS,State Level,Ladies,70546,
2022-23,D Pharmacy,CAP Round III,03296,"Saraswati Education Society's Yadavrao Tasgaonkar Institute Of Pharmacy(Diploma), Bhivpuri, Karjat",Raigad,Unaided,GOBCS,State Level,Any,66193,
2022-23,D Pharmacy,CAP Round III,03296,"Saraswati Education Society's Yadavrao Tasgaonkar Institute Of Pharmacy(Diploma), Bhivpuri, Karjat",Raigad,Unaided,EWS,Special,Any,69036,
2022-23,D Pharmacy,CAP Round III,03297,"Adarsh Shikshan Mandal's Ideal College Of Pharmacy, Kalyan",Thane,Unaided,GOPENS,State Level,Any,44616,
2022-23,D Pharmacy,CAP Round III,03297,"Adarsh Shikshan Mandal's Ideal College Of Pharmacy, Kalyan",Thane,Unaided,LOPENS,State Level,Ladies,31609,
2022-23,D Pharmacy,CAP Round III,03297,"Adarsh Shikshan Mandal's Ideal College Of Pharmacy, Kalyan",Thane,Unaided,MI,Special,Any,78918,
2022-23,D Pharmacy,CAP Round III,03298,"Bhartiya Education Soc.'s Institute of Pharmacy, Velshet, Tal. Roha, Dist. Raigad",Raigad,Unaided,GOPENS,State Level,Any,54864,
2022-23,D Pharmacy,CAP Round III,03298,"Bhartiya Education Soc.'s Institute of Pharmacy, Velshet, Tal. Roha, Dist. Raigad",Raigad,Unaided,TFWS,Special,Any,68792,
2022-23,D Pharmacy,CAP Round III,03307,Nagrik Shikshan Sanstha's College of Pharmacy,Pharmacy,Unaided,GOPENS,State Level,Any,39982,
2022-23,D Pharmacy,CAP Round III,03307,Nagrik Shikshan Sanstha's College of Pharmacy,Pharmacy,Unaided,LOPENS,State Level,Ladies,34120,
2022-23,D Pharmacy,CAP Round III,03307,Nagrik Shikshan Sanstha's College of Pharmacy,Pharmacy,Unaided,GSCS,State Level,Any,44832,
2022-23,D Pharmacy,CAP Round III,03307,Nagrik Shikshan Sanstha's College of Pharmacy,Pharmacy,Unaided,GSTS,State Level,Any,66318,
2022-23,D Pharmacy,CAP Round III,03307,Nagrik Shikshan Sanstha's College of Pharmacy,Pharmacy,Unaided,LSTS,State Level,Ladies,57486,
2022-23,D Pharmacy,CAP Round III,03307,Nagrik Shikshan Sanstha's College of Pharmacy,Pharmacy,Unaided,GOBCS,State Level,Any,68604,
2022-23,D Pharmacy,CAP Round III,03307,Nagrik Shikshan Sanstha's College of Pharmacy,Pharmacy,Unaided,LOBCS,State Level,Ladies,66188,
2022-23,D Pharmacy,CAP Round III,03307,Nagrik Shikshan Sanstha's College of Pharmacy,Pharmacy,Unaided,EWS,Special,Any,69687,
2022-23,D Pharmacy,CAP Round III,03307,Nagrik Shikshan Sanstha's College of Pharmacy,Pharmacy,Unaided,TFWS,Special,Any,29623,
2022-23,D Pharmacy,CAP Round III,03428,"Bharati Vidyapeeth Institute of Pharmacy, Belapur Navi Mumbai",Mumbai,Unaided,GOPENS,State Level,Any,37114,
2022-23,D Pharmacy,CAP Round III,03428,"Bharati Vidyapeeth Institute of Pharmacy, Belapur Navi Mumbai",Mumbai,Unaided,LOPENS,State Level,Ladies,44128,
2022-23,D Pharmacy,CAP Round III,03428,"Bharati Vidyapeeth Institute of Pharmacy, Belapur Navi Mumbai",Mumbai,Unaided,GVJS,State Level,Any,54593,
2022-23,D Pharmacy,CAP Round III,03428,"Bharati Vidyapeeth Institute of Pharmacy, Belapur Navi Mumbai",Mumbai,Unaided,LVJS,State Level,Ladies,67551,
2022-23,D Pharmacy,CAP Round III,03428,"Bharati Vidyapeeth Institute of Pharmacy, Belapur Navi Mumbai",Mumbai,Unaided,GNT2S,State Level,Any,50087,
2022-23,D Pharmacy,CAP Round III,03428,"Bharati Vidyapeeth Institute of Pharmacy, Belapur Navi Mumbai",Mumbai,Unaided,GOBCS,State Level,Any,57121,
2022-23,D Pharmacy,CAP Round III,03428,"Bharati Vidyapeeth Institute of Pharmacy, Belapur Navi Mumbai",Mumbai,Unaided,LOBCS,State Level,Ladies,55699,
2022-23,D Pharmacy,CAP Round III,03428,"Bharati Vidyapeeth Institute of Pharmacy, Belapur Navi Mumbai",Mumbai,Unaided,EWS,Special,Any,59763,
2022-23,D Pharmacy,CAP Round III,03428,"Bharati Vidyapeeth Institute of Pharmacy, Belapur Navi Mumbai",Mumbai,Unaided,TFWS,Special,Any,21344,
2022-23,D Pharmacy,CAP Round III,03439,"Anjuman-I-Islam's Kalsekar Technical Campus, Panvel",Raigad,Unaided,GOPENS,State Level,Any,55828,
2022-23,D Pharmacy,CAP Round III,03439,"Anjuman-I-Islam's Kalsekar Technical Campus, Panvel",Raigad,Unaided,LOPENS,State Level,Ladies,59208,
2022-23,D Pharmacy,CAP Round III,03439,"Anjuman-I-Islam's Kalsekar Technical Campus, Panvel",Raigad,Unaided,MI,Special,Any,65808,
2022-23,D Pharmacy,CAP Round III,03439,"Anjuman-I-Islam's Kalsekar Technical Campus, Panvel",Raigad,Unaided,TFWS,Special,Any,43715,
2022-23,D Pharmacy,CAP Round III,03480,"Yashwantrao Bhonsale College of Pharmacy, A/P Charathe, Sawantwadi",Sindhudurg,Unaided,GOPENS,State Level,Any,61167,
2022-23,D Pharmacy,CAP Round III,03480,"Yashwantrao Bhonsale College of Pharmacy, A/P Charathe, Sawantwadi",Sindhudurg,Unaided,GSCS,State Level,Any,74697,
2022-23,D Pharmacy,CAP Round III,03480,"Yashwantrao Bhonsale College of Pharmacy, A/P Charathe, Sawantwadi",Sindhudurg,Unaided,GOBCS,State Level,Any,81170,
2022-23,D Pharmacy,CAP Round III,03480,"Yashwantrao Bhonsale College of Pharmacy, A/P Charathe, Sawantwadi",Sindhudurg,Unaided,LOBCS,State Level,Ladies,71825,
2022-23,D Pharmacy,CAP Round III,03480,"Yashwantrao Bhonsale College of Pharmacy, A/P Charathe, Sawantwadi",Sindhudurg,Unaided,EWS,Special,Any,77817,
2022-23,D Pharmacy,CAP Round III,03480,"Yashwantrao Bhonsale College of Pharmacy, A/P Charathe, Sawantwadi",Sindhudurg,Unaided,GSTS,State Level,Any,73569,
2022-23,D Pharmacy,CAP Round III,03480,"Yashwantrao Bhonsale College of Pharmacy, A/P Charathe, Sawantwadi",Sindhudurg,Unaided,LSTS,State Level,Ladies,70493,
2022-23,D Pharmacy,CAP Round III,03480,"Yashwantrao Bhonsale College of Pharmacy, A/P Charathe, Sawantwadi",Sindhudurg,Unaided,ORPHAN,Special,Any,73316,
2022-23,D Pharmacy,CAP Round III,03485,"St. Wilfred's Institute of Pharmacy, Panvel",Raigad,Unaided,GOPENS,State Level,Any,37176,
2022-23,D Pharmacy,CAP Round III,03485,"St. Wilfred's Institute of Pharmacy, Panvel",Raigad,Unaided,LOPENS,State Level,Ladies,45779,
2022-23,D Pharmacy,CAP Round III,03485,"St. Wilfred's Institute of Pharmacy, Panvel",Raigad,Unaided,GSCS,State Level,Any,47909,
2022-23,D Pharmacy,CAP Round III,03485,"St. Wilfred's Institute of Pharmacy, Panvel",Raigad,Unaided,GSTS,State Level,Any,66077,
2022-23,D Pharmacy,CAP Round III,03485,"St. Wilfred's Institute of Pharmacy, Panvel",Raigad,Unaided,GVJS,State Level,Any,59028,
2022-23,D Pharmacy,CAP Round III,03485,"St. Wilfred's Institute of Pharmacy, Panvel",Raigad,Unaided,LNT2S,State Level,Ladies,59791,
2022-23,D Pharmacy,CAP Round III,03485,"St. Wilfred's Institute of Pharmacy, Panvel",Raigad,Unaided,EWS,Special,Any,33787,
2022-23,D Pharmacy,CAP Round III,03485,"St. Wilfred's Institute of Pharmacy, Panvel",Raigad,Unaided,TFWS,Special,Any,24846,
2022-23,D Pharmacy,CAP Round III,03486,"Shree Saraswati Institute of Pharmacy, At Post Tondavali, Kankavali",Kolhapur,Unaided,GOPENS,State Level,Any,31820,
2022-23,D Pharmacy,CAP Round III,03486,"Shree Saraswati Institute of Pharmacy, At Post Tondavali, Kankavali",Kolhapur,Unaided,LOPENS,State Level,Ladies,48853,
2022-23,D Pharmacy,CAP Round III,03486,"Shree Saraswati Institute of Pharmacy, At Post Tondavali, Kankavali",Kolhapur,Unaided,GSCS,State Level,Any,75513,
2022-23,D Pharmacy,CAP Round III,03486,"Shree Saraswati Institute of Pharmacy, At Post Tondavali, Kankavali",Kolhapur,Unaided,GNT2S,State Level,Any,72812,
2022-23,D Pharmacy,CAP Round III,03486,"Shree Saraswati Institute of Pharmacy, At Post Tondavali, Kankavali",Kolhapur,Unaided,GNT3S,State Level,Any,35340,
2022-23,D Pharmacy,CAP Round III,03486,"Shree Saraswati Institute of Pharmacy, At Post Tondavali, Kankavali",Kolhapur,Unaided,GOBCS,State Level,Any,75260,
2022-23,D Pharmacy,CAP Round III,03486,"Shree Saraswati Institute of Pharmacy, At Post Tondavali, Kankavali",Kolhapur,Unaided,LOBCS,State Level,Ladies,70219,
2022-23,D Pharmacy,CAP Round III,03486,"Shree Saraswati Institute of Pharmacy, At Post Tondavali, Kankavali",Kolhapur,Unaided,EWS,Special,Any,73426,
2022-23,D Pharmacy,CAP Round III,03486,"Shree Saraswati Institute of Pharmacy, At Post Tondavali, Kankavali",Kolhapur,Unaided,GSTS,State Level,Any,64822,
2022-23,D Pharmacy,CAP Round III,03486,"Shree Saraswati Institute of Pharmacy, At Post Tondavali, Kankavali",Kolhapur,Unaided,LSTS,State Level,Ladies,68196,
2022-23,D Pharmacy,CAP Round III,03487,"Ideal Institute of Pharmacy, Wada",Palghar,Unaided,GOPENS,State Level,Any,64074,
2022-23,D Pharmacy,CAP Round III,03487,"Ideal Institute of Pharmacy, Wada",Palghar,Unaided,LOPENS,State Level,Ladies,47831,
2022-23,D Pharmacy,CAP Round III,03487,"Ideal Institute of Pharmacy, Wada",Palghar,Unaided,GSCS,State Level,Any,74302,
2022-23,D Pharmacy,CAP Round III,03487,"Ideal Institute of Pharmacy, Wada",Palghar,Unaided,LSCS,State Level,Ladies,76417,
2022-23,D Pharmacy,CAP Round III,03487,"Ideal Institute of Pharmacy, Wada",Palghar,Unaided,GSTS,State Level,Any,65033,
2022-23,D Pharmacy,CAP Round III,03487,"Ideal Institute of Pharmacy, Wada",Palghar,Unaided,LSTS,State Level,Ladies,57749,
2022-23,D Pharmacy,CAP Round III,03487,"Ideal Institute of Pharmacy, Wada",Palghar,Unaided,GNT1S,State Level,Any,73987,
2022-23,D Pharmacy,CAP Round III,03487,"Ideal Institute of Pharmacy, Wada",Palghar,Unaided,GNT2S,State Level,Any,67559,
2022-23,D Pharmacy,CAP Round III,03487,"Ideal Institute of Pharmacy, Wada",Palghar,Unaided,LOBCS,State Level,Ladies,57451,
2022-23,D Pharmacy,CAP Round III,03487,"Ideal Institute of Pharmacy, Wada",Palghar,Unaided,EWS,Special,Any,82729,
2022-23,D Pharmacy,CAP Round III,03487,"Ideal Institute of Pharmacy, Wada",Palghar,Unaided,TFWS,Special,Any,53316,
2022-23,D Pharmacy,CAP Round III,03487,"Ideal Institute of Pharmacy, Wada",Palghar,Unaided,GVJS,State Level,Any,64468,
2022-23,D Pharmacy,CAP Round III,03487,"Ideal Institute of Pharmacy, Wada",Palghar,Unaided,GNT3S,State Level,Any,64117,
2022-23,D Pharmacy,CAP Round III,03489,"Yashwantrao Bhonsale College of D. Pharmacy, Charathe Vazarwadi",Pune,Unaided,GOPENS,State Level,Any,65334,
2022-23,D Pharmacy,CAP Round III,03489,"Yashwantrao Bhonsale College of D. Pharmacy, Charathe Vazarwadi",Pune,Unaided,GSCS,State Level,Any,83057,
2022-23,D Pharmacy,CAP Round III,03489,"Yashwantrao Bhonsale College of D. Pharmacy, Charathe Vazarwadi",Pune,Unaided,GOBCS,State Level,Any,72678,
2022-23,D Pharmacy,CAP Round III,03489,"Yashwantrao Bhonsale College of D. Pharmacy, Charathe Vazarwadi",Pune,Unaided,TFWS,Special,Any,61027,
2022-23,D Pharmacy,CAP Round III,03489,"Yashwantrao Bhonsale College of D. Pharmacy, Charathe Vazarwadi",Pune,Unaided,GSTS,State Level,Any,73394,
2022-23,D Pharmacy,CAP Round III,03489,"Yashwantrao Bhonsale College of D. Pharmacy, Charathe Vazarwadi",Pune,Unaided,LSTS,State Level,Ladies,71469,
2022-23,D Pharmacy,CAP Round III,03489,"Yashwantrao Bhonsale College of D. Pharmacy, Charathe Vazarwadi",Pune,Unaided,ORPHAN,Special,Any,73785,
2022-23,D Pharmacy,CAP Round III,03490,"VP College of Pharmacy, Madkhol, Sawantwadi",Sindhudurg,Unaided,GOPENS,State Level,Any,71727,
2022-23,D Pharmacy,CAP Round III,03490,"VP College of Pharmacy, Madkhol, Sawantwadi",Sindhudurg,Unaided,LOPENS,State Level,Ladies,69814,
2022-23,D Pharmacy,CAP Round III,03490,"VP College of Pharmacy, Madkhol, Sawantwadi",Sindhudurg,Unaided,GSCS,State Level,Any,79102,
2022-23,D Pharmacy,CAP Round III,03490,"VP College of Pharmacy, Madkhol, Sawantwadi",Sindhudurg,Unaided,GOBCS,State Level,Any,77711,
2022-23,D Pharmacy,CAP Round III,03490,"VP College of Pharmacy, Madkhol, Sawantwadi",Sindhudurg,Unaided,EWS,Special,Any,69110,
2022-23,D Pharmacy,CAP Round III,03490,"VP College of Pharmacy, Madkhol, Sawantwadi",Sindhudurg,Unaided,TFWS,Special,Any,55743,
2022-23,D Pharmacy,CAP Round III,03490,"VP College of Pharmacy, Madkhol, Sawantwadi",Sindhudurg,Unaided,GNT3S,State Level,Any,71903,
2022-23,D Pharmacy,CAP Round III,03492,"SBNM College of Pharmacy(D.Pharmacy), Mahad",Raigad,Unaided,GOPENS,State Level,Any,58719,
2022-23,D Pharmacy,CAP Round III,03492,"SBNM College of Pharmacy(D.Pharmacy), Mahad",Raigad,Unaided,LOPENS,State Level,Ladies,63408,
2022-23,D Pharmacy,CAP Round III,03492,"SBNM College of Pharmacy(D.Pharmacy), Mahad",Raigad,Unaided,LOBCS,State Level,Ladies,68908,
2022-23,D Pharmacy,CAP Round III,03492,"SBNM College of Pharmacy(D.Pharmacy), Mahad",Raigad,Unaided,GSTS,State Level,Any,63442,
2022-23,D Pharmacy,CAP Round III,03493,"Shri Angarsiddha Shikshan Prasarak Mandal's ASPM College of Pharmacy, Sangulwadi",Sindhudurg,Unaided,GOPENS,State Level,Any,59638,
2022-23,D Pharmacy,CAP Round III,03493,"Shri Angarsiddha Shikshan Prasarak Mandal's ASPM College of Pharmacy, Sangulwadi",Sindhudurg,Unaided,GSCS,State Level,Any,79337,
2022-23,D Pharmacy,CAP Round III,03493,"Shri Angarsiddha Shikshan Prasarak Mandal's ASPM College of Pharmacy, Sangulwadi",Sindhudurg,Unaided,EWS,Special,Any,70650,
2022-23,D Pharmacy,CAP Round III,03499,"M.S. College Of Pharmacy, Devghar",Pune,Unaided,GOPENS,State Level,Any,64940,
2022-23,D Pharmacy,CAP Round III,03499,"M.S. College Of Pharmacy, Devghar",Pune,Unaided,LOPENS,State Level,Ladies,64533,
2022-23,D Pharmacy,CAP Round III,03499,"M.S. College Of Pharmacy, Devghar",Pune,Unaided,MI,Special,Any,74992,
2022-23,D Pharmacy,CAP Round III,03500,"Vijayrao Naik College Of Pharmacy, Shirval",Satara,Unaided,GOPENS,State Level,Any,72390,
2022-23,D Pharmacy,CAP Round III,03500,"Vijayrao Naik College Of Pharmacy, Shirval",Satara,Unaided,GSCS,State Level,Any,83885,
2022-23,D Pharmacy,CAP Round III,03500,"Vijayrao Naik College Of Pharmacy, Shirval",Satara,Unaided,GVJS,State Level,Any,76406,
2022-23,D Pharmacy,CAP Round III,03500,"Vijayrao Naik College Of Pharmacy, Shirval",Satara,Unaided,GNT1S,State Level,Any,83683,
2022-23,D Pharmacy,CAP Round III,03500,"Vijayrao Naik College Of Pharmacy, Shirval",Satara,Unaided,GNT2S,State Level,Any,77042,
2022-23,D Pharmacy,CAP Round III,03500,"Vijayrao Naik College Of Pharmacy, Shirval",Satara,Unaided,GNT3S,State Level,Any,83107,
2022-23,D Pharmacy,CAP Round III,03500,"Vijayrao Naik College Of Pharmacy, Shirval",Satara,Unaided,GOBCS,State Level,Any,83727,
2022-23,D Pharmacy,CAP Round III,03500,"Vijayrao Naik College Of Pharmacy, Shirval",Satara,Unaided,LOBCS,State Level,Ladies,83431,
2022-23,D Pharmacy,CAP Round III,03500,"Vijayrao Naik College Of Pharmacy, Shirval",Satara,Unaided,ORPHAN,Special,Any,67136,
2022-23,D Pharmacy,CAP Round III,03500,"Vijayrao Naik College Of Pharmacy, Shirval",Satara,Unaided,TFWS,Special,Any,62473,
2022-23,D Pharmacy,CAP Round III,03500,"Vijayrao Naik College Of Pharmacy, Shirval",Satara,Unaided,GSTS,State Level,Any,75015,
2022-23,D Pharmacy,CAP Round III,03500,"Vijayrao Naik College Of Pharmacy, Shirval",Satara,Unaided,LSTS,State Level,Ladies,74558,
2022-23,D Pharmacy,CAP Round III,03500,"Vijayrao Naik College Of Pharmacy, Shirval",Satara,Unaided,ORPHAN,Special,Any,73931,
2022-23,D Pharmacy,CAP Round III,03501,"Siddhis Institute Of Pharmacy, Nandgaon",Nashik,Unaided,GOPENS,State Level,Any,54949,
2022-23,D Pharmacy,CAP Round III,03501,"Siddhis Institute Of Pharmacy, Nandgaon",Nashik,Unaided,GSCS,State Level,Any,71522,
2022-23,D Pharmacy,CAP Round III,03501,"Siddhis Institute Of Pharmacy, Nandgaon",Nashik,Unaided,GSTS,State Level,Any,69342,
2022-23,D Pharmacy,CAP Round III,03501,"Siddhis Institute Of Pharmacy, Nandgaon",Nashik,Unaided,GVJS,State Level,Any,65510,
2022-23,D Pharmacy,CAP Round III,03501,"Siddhis Institute Of Pharmacy, Nandgaon",Nashik,Unaided,LNT1S,State Level,Ladies,77826,
2022-23,D Pharmacy,CAP Round III,03501,"Siddhis Institute Of Pharmacy, Nandgaon",Nashik,Unaided,LOBCS,State Level,Ladies,45669,
2022-23,D Pharmacy,CAP Round III,03501,"Siddhis Institute Of Pharmacy, Nandgaon",Nashik,Unaided,ORPHAN,Special,Any,55673,
2022-23,D Pharmacy,CAP Round III,03501,"Siddhis Institute Of Pharmacy, Nandgaon",Nashik,Unaided,TFWS,Special,Any,39099,
2022-23,D Pharmacy,CAP Round III,03501,"Siddhis Institute Of Pharmacy, Nandgaon",Nashik,Unaided,ORPHAN,Special,Any,55522,
2022-23,D Pharmacy,CAP Round III,03504,"Raigad College Of Pharmacy, Mohopre",Satara,Unaided,GOPENS,State Level,Any,60914,
2022-23,D Pharmacy,CAP Round III,03504,"Raigad College Of Pharmacy, Mohopre",Satara,Unaided,GNT2S,State Level,Any,71579,
2022-23,D Pharmacy,CAP Round III,03504,"Raigad College Of Pharmacy, Mohopre",Satara,Unaided,LNT2S,State Level,Ladies,80739,
2022-23,D Pharmacy,CAP Round III,03504,"Raigad College Of Pharmacy, Mohopre",Satara,Unaided,GSTS,State Level,Any,61801,
2022-23,D Pharmacy,CAP Round III,03504,"Raigad College Of Pharmacy, Mohopre",Satara,Unaided,GVJS,State Level,Any,62102,
2022-23,D Pharmacy,CAP Round III,03505,"Abhinav Institute Of Pharmacy, Chinchpada",Nandurbar,Unaided,GOPENS,State Level,Any,46882,
2022-23,D Pharmacy,CAP Round III,03505,"Abhinav Institute Of Pharmacy, Chinchpada",Nandurbar,Unaided,LOPENS,State Level,Ladies,43679,
2022-23,D Pharmacy,CAP Round III,03505,"Abhinav Institute Of Pharmacy, Chinchpada",Nandurbar,Unaided,GSTS,State Level,Any,55665,
2022-23,D Pharmacy,CAP Round III,03505,"Abhinav Institute Of Pharmacy, Chinchpada",Nandurbar,Unaided,GVJS,State Level,Any,52496,
2022-23,D Pharmacy,CAP Round III,03505,"Abhinav Institute Of Pharmacy, Chinchpada",Nandurbar,Unaided,GNT2S,State Level,Any,58879,
2022-23,D Pharmacy,CAP Round III,03505,"Abhinav Institute Of Pharmacy, Chinchpada",Nandurbar,Unaided,GOBCS,State Level,Any,60934,
2022-23,D Pharmacy,CAP Round III,03505,"Abhinav Institute Of Pharmacy, Chinchpada",Nandurbar,Unaided,LOBCS,State Level,Ladies,46762,
2022-23,D Pharmacy,CAP Round III,03505,"Abhinav Institute Of Pharmacy, Chinchpada",Nandurbar,Unaided,DEFOPENS,State Level,Any,72191,
2022-23,D Pharmacy,CAP Round III,03505,"Abhinav Institute Of Pharmacy, Chinchpada",Nandurbar,Unaided,TFWS,Special,Any,53870,
2022-23,D Pharmacy,CAP Round III,03508,"B.K. Patil Institute of Pharmacy, Taloja, Panvel",Raigad,Unaided,GOPENS,State Level,Any,52169,
2022-23,D Pharmacy,CAP Round III,03508,"B.K. Patil Institute of Pharmacy, Taloja, Panvel",Raigad,Unaided,LOPENS,State Level,Ladies,54874,
2022-23,D Pharmacy,CAP Round III,03508,"B.K. Patil Institute of Pharmacy, Taloja, Panvel",Raigad,Unaided,GOBCS,State Level,Any,57934,
2022-23,D Pharmacy,CAP Round III,03508,"B.K. Patil Institute of Pharmacy, Taloja, Panvel",Raigad,Unaided,LOBCS,State Level,Ladies,58441,
2022-23,D Pharmacy,CAP Round III,03508,"B.K. Patil Institute of Pharmacy, Taloja, Panvel",Raigad,Unaided,EWS,Special,Any,29870,
2022-23,D Pharmacy,CAP Round III,03509,"Indala Institute of Pharmacy, Bapsai, Kalyan",Thane,Unaided,GOPENS,State Level,Any,47311,
2022-23,D Pharmacy,CAP Round III,03509,"Indala Institute of Pharmacy, Bapsai, Kalyan",Thane,Unaided,LOPENS,State Level,Ladies,44882,
2022-23,D Pharmacy,CAP Round III,03509,"Indala Institute of Pharmacy, Bapsai, Kalyan",Thane,Unaided,GSCS,State Level,Any,67140,
2022-23,D Pharmacy,CAP Round III,03509,"Indala Institute of Pharmacy, Bapsai, Kalyan",Thane,Unaided,LSCS,State Level,Ladies,66594,
2022-23,D Pharmacy,CAP Round III,03509,"Indala Institute of Pharmacy, Bapsai, Kalyan",Thane,Unaided,GSTS,State Level,Any,49156,
2022-23,D Pharmacy,CAP Round III,03509,"Indala Institute of Pharmacy, Bapsai, Kalyan",Thane,Unaided,GVJS,State Level,Any,59139,
2022-23,D Pharmacy,CAP Round III,03509,"Indala Institute of Pharmacy, Bapsai, Kalyan",Thane,Unaided,GNT1S,State Level,Any,75737,
2022-23,D Pharmacy,CAP Round III,03509,"Indala Institute of Pharmacy, Bapsai, Kalyan",Thane,Unaided,GNT2S,State Level,Any,66155,
2022-23,D Pharmacy,CAP Round III,03509,"Indala Institute of Pharmacy, Bapsai, Kalyan",Thane,Unaided,LNT2S,State Level,Ladies,62591,
2022-23,D Pharmacy,CAP Round III,03509,"Indala Institute of Pharmacy, Bapsai, Kalyan",Thane,Unaided,GOBCS,State Level,Any,49304,
2022-23,D Pharmacy,CAP Round III,03509,"Indala Institute of Pharmacy, Bapsai, Kalyan",Thane,Unaided,EWS,Special,Any,78166,
2022-23,D Pharmacy,CAP Round III,03531,B.R. Harne College of Pharmacy,Pharmacy,Unaided,GOPENS,State Level,Any,63011,
2022-23,D Pharmacy,CAP Round III,03531,B.R. Harne College of Pharmacy,Pharmacy,Unaided,LOPENS,State Level,Ladies,61149,
2022-23,D Pharmacy,CAP Round III,03531,B.R. Harne College of Pharmacy,Pharmacy,Unaided,GSCS,State Level,Any,73924,
2022-23,D Pharmacy,CAP Round III,03531,B.R. Harne College of Pharmacy,Pharmacy,Unaided,LSCS,State Level,Ladies,77097,
2022-23,D Pharmacy,CAP Round III,03531,B.R. Harne College of Pharmacy,Pharmacy,Unaided,GSTS,State Level,Any,77240,
2022-23,D Pharmacy,CAP Round III,03531,B.R. Harne College of Pharmacy,Pharmacy,Unaided,LSTS,State Level,Ladies,75565,
2022-23,D Pharmacy,CAP Round III,03531,B.R. Harne College of Pharmacy,Pharmacy,Unaided,GVJS,State Level,Any,65781,
2022-23,D Pharmacy,CAP Round III,03531,B.R. Harne College of Pharmacy,Pharmacy,Unaided,GNT1S,State Level,Any,84016,
2022-23,D Pharmacy,CAP Round III,03531,B.R. Harne College of Pharmacy,Pharmacy,Unaided,LNT1S,State Level,Ladies,83959,
2022-23,D Pharmacy,CAP Round III,03531,B.R. Harne College of Pharmacy,Pharmacy,Unaided,GNT2S,State Level,Any,72250,
2022-23,D Pharmacy,CAP Round III,03531,B.R. Harne College of Pharmacy,Pharmacy,Unaided,GNT3S,State Level,Any,79690,
2022-23,D Pharmacy,CAP Round III,03531,B.R. Harne College of Pharmacy,Pharmacy,Unaided,GOBCS,State Level,Any,73704,
2022-23,D Pharmacy,CAP Round III,03531,B.R. Harne College of Pharmacy,Pharmacy,Unaided,LOBCS,State Level,Ladies,71841,
2022-23,D Pharmacy,CAP Round III,03531,B.R. Harne College of Pharmacy,Pharmacy,Unaided,PWDOPENS,State Level,Any,73173,
2022-23,D Pharmacy,CAP Round III,03531,B.R. Harne College of Pharmacy,Pharmacy,Unaided,EWS,Special,Any,82223,
2022-23,D Pharmacy,CAP Round III,03531,B.R. Harne College of Pharmacy,Pharmacy,Unaided,TFWS,Special,Any,66471,
2022-23,D Pharmacy,CAP Round III,04019,"Nagar Yuvak Shikshan Sanstha Adv. V.R.Manohar Institute Of Diploma In Pharmacy, Nagpur",Nagpur,Aided,GOPENS,State Level,Any,8649,
2022-23,D Pharmacy,CAP Round III,04019,"Nagar Yuvak Shikshan Sanstha Adv. V.R.Manohar Institute Of Diploma In Pharmacy, Nagpur",Nagpur,Aided,LOPENS,State Level,Ladies,5785,
2022-23,D Pharmacy,CAP Round III,04019,"Nagar Yuvak Shikshan Sanstha Adv. V.R.Manohar Institute Of Diploma In Pharmacy, Nagpur",Nagpur,Aided,GSCS,State Level,Any,12469,
2022-23,D Pharmacy,CAP Round III,04019,"Nagar Yuvak Shikshan Sanstha Adv. V.R.Manohar Institute Of Diploma In Pharmacy, Nagpur",Nagpur,Aided,GSTS,State Level,Any,45380,
2022-23,D Pharmacy,CAP Round III,04019,"Nagar Yuvak Shikshan Sanstha Adv. V.R.Manohar Institute Of Diploma In Pharmacy, Nagpur",Nagpur,Aided,GVJS,State Level,Any,13797,
2022-23,D Pharmacy,CAP Round III,04019,"Nagar Yuvak Shikshan Sanstha Adv. V.R.Manohar Institute Of Diploma In Pharmacy, Nagpur",Nagpur,Aided,GNT2S,State Level,Any,21009,
2022-23,D Pharmacy,CAP Round III,04019,"Nagar Yuvak Shikshan Sanstha Adv. V.R.Manohar Institute Of Diploma In Pharmacy, Nagpur",Nagpur,Aided,LNT2S,State Level,Ladies,23608,
2022-23,D Pharmacy,CAP Round III,04019,"Nagar Yuvak Shikshan Sanstha Adv. V.R.Manohar Institute Of Diploma In Pharmacy, Nagpur",Nagpur,Aided,GOBCS,State Level,Any,11107,
2022-23,D Pharmacy,CAP Round III,04019,"Nagar Yuvak Shikshan Sanstha Adv. V.R.Manohar Institute Of Diploma In Pharmacy, Nagpur",Nagpur,Aided,LOBCS,State Level,Ladies,8068,
2022-23,D Pharmacy,CAP Round III,04019,"Nagar Yuvak Shikshan Sanstha Adv. V.R.Manohar Institute Of Diploma In Pharmacy, Nagpur",Nagpur,Aided,DEFOPENS,State Level,Any,36487,
2022-23,D Pharmacy,CAP Round III,04019,"Nagar Yuvak Shikshan Sanstha Adv. V.R.Manohar Institute Of Diploma In Pharmacy, Nagpur",Nagpur,Aided,EWS,Special,Any,11072,
2022-23,D Pharmacy,CAP Round III,04019,"Nagar Yuvak Shikshan Sanstha Adv. V.R.Manohar Institute Of Diploma In Pharmacy, Nagpur",Nagpur,Aided,ORPHAN,Special,Any,9315,
2022-23,D Pharmacy,CAP Round III,04020,"Shikshan Prasarak Mandal's Smt. Kusumtai Wankhede Institute of Pharmacy, Katol",Nagpur,Aided,GOPENS,State Level,Any,10885,
2022-23,D Pharmacy,CAP Round III,04020,"Shikshan Prasarak Mandal's Smt. Kusumtai Wankhede Institute of Pharmacy, Katol",Nagpur,Aided,LOPENS,State Level,Ladies,12406,
2022-23,D Pharmacy,CAP Round III,04020,"Shikshan Prasarak Mandal's Smt. Kusumtai Wankhede Institute of Pharmacy, Katol",Nagpur,Aided,GSCS,State Level,Any,17402,
2022-23,D Pharmacy,CAP Round III,04020,"Shikshan Prasarak Mandal's Smt. Kusumtai Wankhede Institute of Pharmacy, Katol",Nagpur,Aided,LSCS,State Level,Ladies,27580,
2022-23,D Pharmacy,CAP Round III,04020,"Shikshan Prasarak Mandal's Smt. Kusumtai Wankhede Institute of Pharmacy, Katol",Nagpur,Aided,GSTS,State Level,Any,61160,
2022-23,D Pharmacy,CAP Round III,04020,"Shikshan Prasarak Mandal's Smt. Kusumtai Wankhede Institute of Pharmacy, Katol",Nagpur,Aided,LSTS,State Level,Ladies,62997,
2022-23,D Pharmacy,CAP Round III,04020,"Shikshan Prasarak Mandal's Smt. Kusumtai Wankhede Institute of Pharmacy, Katol",Nagpur,Aided,LVJS,State Level,Ladies,13311,
2022-23,D Pharmacy,CAP Round III,04020,"Shikshan Prasarak Mandal's Smt. Kusumtai Wankhede Institute of Pharmacy, Katol",Nagpur,Aided,GOBCS,State Level,Any,13120,
2022-23,D Pharmacy,CAP Round III,04020,"Shikshan Prasarak Mandal's Smt. Kusumtai Wankhede Institute of Pharmacy, Katol",Nagpur,Aided,EWS,Special,Any,16847,
2022-23,D Pharmacy,CAP Round III,04020,"Shikshan Prasarak Mandal's Smt. Kusumtai Wankhede Institute of Pharmacy, Katol",Nagpur,Aided,ORPHAN,Special,Any,13446,
2022-23,D Pharmacy,CAP Round III,04021,"Vidharbha Youth Welfare Society's Institute of Diploma in Pharmacy Borgaon Meghe,Wardha",Wardha,Aided,GOPENS,State Level,Any,7317,
2022-23,D Pharmacy,CAP Round III,04021,"Vidharbha Youth Welfare Society's Institute of Diploma in Pharmacy Borgaon Meghe,Wardha",Wardha,Aided,GSCS,State Level,Any,18785,
2022-23,D Pharmacy,CAP Round III,04021,"Vidharbha Youth Welfare Society's Institute of Diploma in Pharmacy Borgaon Meghe,Wardha",Wardha,Aided,GSTS,State Level,Any,61342,
2022-23,D Pharmacy,CAP Round III,04021,"Vidharbha Youth Welfare Society's Institute of Diploma in Pharmacy Borgaon Meghe,Wardha",Wardha,Aided,GVJS,State Level,Any,8615,
2022-23,D Pharmacy,CAP Round III,04021,"Vidharbha Youth Welfare Society's Institute of Diploma in Pharmacy Borgaon Meghe,Wardha",Wardha,Aided,LNT2S,State Level,Ladies,6001,
2022-23,D Pharmacy,CAP Round III,04021,"Vidharbha Youth Welfare Society's Institute of Diploma in Pharmacy Borgaon Meghe,Wardha",Wardha,Aided,GOBCS,State Level,Any,7908,
2022-23,D Pharmacy,CAP Round III,04021,"Vidharbha Youth Welfare Society's Institute of Diploma in Pharmacy Borgaon Meghe,Wardha",Wardha,Aided,EWS,Special,Any,11631,
2022-23,D Pharmacy,CAP Round III,04021,"Vidharbha Youth Welfare Society's Institute of Diploma in Pharmacy Borgaon Meghe,Wardha",Wardha,Aided,TFWS,Special,Any,6353,
2022-23,D Pharmacy,CAP Round III,04161,"Jay Mahakali Shikshan Sanstha's Agnihotri College of Pharmacy, Wardha",Wardha,Unaided,GOPENS,State Level,Any,19433,
2022-23,D Pharmacy,CAP Round III,04161,"Jay Mahakali Shikshan Sanstha's Agnihotri College of Pharmacy, Wardha",Wardha,Unaided,LOPENS,State Level,Ladies,14361,
2022-23,D Pharmacy,CAP Round III,04161,"Jay Mahakali Shikshan Sanstha's Agnihotri College of Pharmacy, Wardha",Wardha,Unaided,GSCS,State Level,Any,25351,
2022-23,D Pharmacy,CAP Round III,04161,"Jay Mahakali Shikshan Sanstha's Agnihotri College of Pharmacy, Wardha",Wardha,Unaided,GSTS,State Level,Any,77206,
2022-23,D Pharmacy,CAP Round III,04161,"Jay Mahakali Shikshan Sanstha's Agnihotri College of Pharmacy, Wardha",Wardha,Unaided,GNT1S,State Level,Any,34126,
2022-23,D Pharmacy,CAP Round III,04161,"Jay Mahakali Shikshan Sanstha's Agnihotri College of Pharmacy, Wardha",Wardha,Unaided,GNT2S,State Level,Any,34207,
2022-23,D Pharmacy,CAP Round III,04161,"Jay Mahakali Shikshan Sanstha's Agnihotri College of Pharmacy, Wardha",Wardha,Unaided,GOBCS,State Level,Any,26494,
2022-23,D Pharmacy,CAP Round III,04161,"Jay Mahakali Shikshan Sanstha's Agnihotri College of Pharmacy, Wardha",Wardha,Unaided,LOBCS,State Level,Ladies,18434,
2022-23,D Pharmacy,CAP Round III,04161,"Jay Mahakali Shikshan Sanstha's Agnihotri College of Pharmacy, Wardha",Wardha,Unaided,EWS,Special,Any,35770,
2022-23,D Pharmacy,CAP Round III,04164,"Lokmanya Tilak Jankalyan Shikshan Sanstha's , Priyadarshini J.L.Chaturvedi College of Pharmacy(Diploma), Nagpur",Nagpur,Unaided,GOPENS,State Level,Any,18929,
2022-23,D Pharmacy,CAP Round III,04164,"Lokmanya Tilak Jankalyan Shikshan Sanstha's , Priyadarshini J.L.Chaturvedi College of Pharmacy(Diploma), Nagpur",Nagpur,Unaided,LOPENS,State Level,Ladies,17593,
2022-23,D Pharmacy,CAP Round III,04164,"Lokmanya Tilak Jankalyan Shikshan Sanstha's , Priyadarshini J.L.Chaturvedi College of Pharmacy(Diploma), Nagpur",Nagpur,Unaided,MI,Special,Any,62540,
2022-23,D Pharmacy,CAP Round III,04199,"S.Patil Shikshan Sanstha's Smt. Kishoritai Bhoyar College of Pharmacy,Kamptee",Nagpur,Unaided,EWS,Special,Any,33180,
2022-23,D Pharmacy,CAP Round III,04206,"Amar Seva Mandal's, Kamla Nehru College of Pharmacy, Butibori, Nagpur",Nagpur,Unaided,GOPENS,State Level,Any,28015,
2022-23,D Pharmacy,CAP Round III,04206,"Amar Seva Mandal's, Kamla Nehru College of Pharmacy, Butibori, Nagpur",Nagpur,Unaided,LOPENS,State Level,Ladies,19281,
2022-23,D Pharmacy,CAP Round III,04206,"Amar Seva Mandal's, Kamla Nehru College of Pharmacy, Butibori, Nagpur",Nagpur,Unaided,GSCS,State Level,Any,34156,
2022-23,D Pharmacy,CAP Round III,04206,"Amar Seva Mandal's, Kamla Nehru College of Pharmacy, Butibori, Nagpur",Nagpur,Unaided,LSCS,State Level,Ladies,21632,
2022-23,D Pharmacy,CAP Round III,04206,"Amar Seva Mandal's, Kamla Nehru College of Pharmacy, Butibori, Nagpur",Nagpur,Unaided,GSTS,State Level,Any,63195,
2022-23,D Pharmacy,CAP Round III,04206,"Amar Seva Mandal's, Kamla Nehru College of Pharmacy, Butibori, Nagpur",Nagpur,Unaided,LSTS,State Level,Ladies,72782,
2022-23,D Pharmacy,CAP Round III,04206,"Amar Seva Mandal's, Kamla Nehru College of Pharmacy, Butibori, Nagpur",Nagpur,Unaided,GVJS,State Level,Any,35867,
2022-23,D Pharmacy,CAP Round III,04206,"Amar Seva Mandal's, Kamla Nehru College of Pharmacy, Butibori, Nagpur",Nagpur,Unaided,GNT1S,State Level,Any,36026,
2022-23,D Pharmacy,CAP Round III,04206,"Amar Seva Mandal's, Kamla Nehru College of Pharmacy, Butibori, Nagpur",Nagpur,Unaided,LNT2S,State Level,Ladies,39623,
2022-23,D Pharmacy,CAP Round III,04206,"Amar Seva Mandal's, Kamla Nehru College of Pharmacy, Butibori, Nagpur",Nagpur,Unaided,GNT3S,State Level,Any,53221,
2022-23,D Pharmacy,CAP Round III,04206,"Amar Seva Mandal's, Kamla Nehru College of Pharmacy, Butibori, Nagpur",Nagpur,Unaided,GOBCS,State Level,Any,31496,
2022-23,D Pharmacy,CAP Round III,04206,"Amar Seva Mandal's, Kamla Nehru College of Pharmacy, Butibori, Nagpur",Nagpur,Unaided,LOBCS,State Level,Ladies,24527,
2022-23,D Pharmacy,CAP Round III,04206,"Amar Seva Mandal's, Kamla Nehru College of Pharmacy, Butibori, Nagpur",Nagpur,Unaided,EWS,Special,Any,44805,
2022-23,D Pharmacy,CAP Round III,04206,"Amar Seva Mandal's, Kamla Nehru College of Pharmacy, Butibori, Nagpur",Nagpur,Unaided,TFWS,Special,Any,18617,
2022-23,D Pharmacy,CAP Round III,04209,"Late Meghraj Ojha Smriti Shikshan Sanstha's, Shree Sainath College of Pharmacy,Nagpur",Nagpur,Unaided,GOPENS,State Level,Any,34614,
2022-23,D Pharmacy,CAP Round III,04209,"Late Meghraj Ojha Smriti Shikshan Sanstha's, Shree Sainath College of Pharmacy,Nagpur",Nagpur,Unaided,LOPENS,State Level,Ladies,32117,
2022-23,D Pharmacy,CAP Round III,04209,"Late Meghraj Ojha Smriti Shikshan Sanstha's, Shree Sainath College of Pharmacy,Nagpur",Nagpur,Unaided,GSCS,State Level,Any,37465,
2022-23,D Pharmacy,CAP Round III,04209,"Late Meghraj Ojha Smriti Shikshan Sanstha's, Shree Sainath College of Pharmacy,Nagpur",Nagpur,Unaided,LSCS,State Level,Ladies,34688,
2022-23,D Pharmacy,CAP Round III,04209,"Late Meghraj Ojha Smriti Shikshan Sanstha's, Shree Sainath College of Pharmacy,Nagpur",Nagpur,Unaided,LSTS,State Level,Ladies,82853,
2022-23,D Pharmacy,CAP Round III,04209,"Late Meghraj Ojha Smriti Shikshan Sanstha's, Shree Sainath College of Pharmacy,Nagpur",Nagpur,Unaided,GVJS,State Level,Any,38653,
2022-23,D Pharmacy,CAP Round III,04209,"Late Meghraj Ojha Smriti Shikshan Sanstha's, Shree Sainath College of Pharmacy,Nagpur",Nagpur,Unaided,LVJS,State Level,Ladies,35808,
2022-23,D Pharmacy,CAP Round III,04209,"Late Meghraj Ojha Smriti Shikshan Sanstha's, Shree Sainath College of Pharmacy,Nagpur",Nagpur,Unaided,GNT2S,State Level,Any,39352,
2022-23,D Pharmacy,CAP Round III,04209,"Late Meghraj Ojha Smriti Shikshan Sanstha's, Shree Sainath College of Pharmacy,Nagpur",Nagpur,Unaided,LNT2S,State Level,Ladies,55575,
2022-23,D Pharmacy,CAP Round III,04209,"Late Meghraj Ojha Smriti Shikshan Sanstha's, Shree Sainath College of Pharmacy,Nagpur",Nagpur,Unaided,GOBCS,State Level,Any,37055,
2022-23,D Pharmacy,CAP Round III,04209,"Late Meghraj Ojha Smriti Shikshan Sanstha's, Shree Sainath College of Pharmacy,Nagpur",Nagpur,Unaided,LOBCS,State Level,Ladies,32836,
2022-23,D Pharmacy,CAP Round III,04209,"Late Meghraj Ojha Smriti Shikshan Sanstha's, Shree Sainath College of Pharmacy,Nagpur",Nagpur,Unaided,EWS,Special,Any,32138,
2022-23,D Pharmacy,CAP Round III,04209,"Late Meghraj Ojha Smriti Shikshan Sanstha's, Shree Sainath College of Pharmacy,Nagpur",Nagpur,Unaided,GNT3S,State Level,Any,35184,
2022-23,D Pharmacy,CAP Round III,04210,"Shree Tuljabhavani Sevabhavi Saikshanik & Samajik Sanstha, Hi-Tech College of Pharmacy, Morwa, Chandrapur",Chandrapur,Unaided,GSCS,State Level,Any,31585,
2022-23,D Pharmacy,CAP Round III,04210,"Shree Tuljabhavani Sevabhavi Saikshanik & Samajik Sanstha, Hi-Tech College of Pharmacy, Morwa, Chandrapur",Chandrapur,Unaided,GOBCS,State Level,Any,22594,
2022-23,D Pharmacy,CAP Round III,04213,"Mahila Vikas Sanstha, Dr. R.G. Bhoyar Institute of Pharmaceutical Education & Research, Wardha",Wardha,Unaided,LOPENS,State Level,Ladies,21488,
2022-23,D Pharmacy,CAP Round III,04213,"Mahila Vikas Sanstha, Dr. R.G. Bhoyar Institute of Pharmaceutical Education & Research, Wardha",Wardha,Unaided,GSTS,State Level,Any,70659,
2022-23,D Pharmacy,CAP Round III,04213,"Mahila Vikas Sanstha, Dr. R.G. Bhoyar Institute of Pharmaceutical Education & Research, Wardha",Wardha,Unaided,GNT1S,State Level,Any,36449,
2022-23,D Pharmacy,CAP Round III,04213,"Mahila Vikas Sanstha, Dr. R.G. Bhoyar Institute of Pharmaceutical Education & Research, Wardha",Wardha,Unaided,GOBCS,State Level,Any,17654,
2022-23,D Pharmacy,CAP Round III,04213,"Mahila Vikas Sanstha, Dr. R.G. Bhoyar Institute of Pharmaceutical Education & Research, Wardha",Wardha,Unaided,LOBCS,State Level,Ladies,32283,
2022-23,D Pharmacy,CAP Round III,04213,"Mahila Vikas Sanstha, Dr. R.G. Bhoyar Institute of Pharmaceutical Education & Research, Wardha",Wardha,Unaided,EWS,Special,Any,38053,
2022-23,D Pharmacy,CAP Round III,04260,"Sikh Education Society's Gurunanak Technical Institute of Pharmacy, Nagpur",Nagpur,Unaided,GOPENS,State Level,Any,21543,
2022-23,D Pharmacy,CAP Round III,04260,"Sikh Education Society's Gurunanak Technical Institute of Pharmacy, Nagpur",Nagpur,Unaided,LOPENS,State Level,Ladies,20437,
2022-23,D Pharmacy,CAP Round III,04260,"Sikh Education Society's Gurunanak Technical Institute of Pharmacy, Nagpur",Nagpur,Unaided,GSCS,State Level,Any,23655,
2022-23,D Pharmacy,CAP Round III,04260,"Sikh Education Society's Gurunanak Technical Institute of Pharmacy, Nagpur",Nagpur,Unaided,GVJS,State Level,Any,25114,
2022-23,D Pharmacy,CAP Round III,04260,"Sikh Education Society's Gurunanak Technical Institute of Pharmacy, Nagpur",Nagpur,Unaided,GOBCS,State Level,Any,24804,
2022-23,D Pharmacy,CAP Round III,04260,"Sikh Education Society's Gurunanak Technical Institute of Pharmacy, Nagpur",Nagpur,Unaided,LOBCS,State Level,Ladies,23806,
2022-23,D Pharmacy,CAP Round III,04260,"Sikh Education Society's Gurunanak Technical Institute of Pharmacy, Nagpur",Nagpur,Unaided,EWS,Special,Any,39622,
2022-23,D Pharmacy,CAP Round III,04260,"Sikh Education Society's Gurunanak Technical Institute of Pharmacy, Nagpur",Nagpur,Unaided,ORPHAN,Special,Any,23137,
2022-23,D Pharmacy,CAP Round III,04261,"Shri Bhawabhuti Shikshan Sanstha's Shri Laxmanrao Mankar Institute Of Pharmacy, Amgoan",Gondia,Unaided,GOPENS,State Level,Any,19761,
2022-23,D Pharmacy,CAP Round III,04261,"Shri Bhawabhuti Shikshan Sanstha's Shri Laxmanrao Mankar Institute Of Pharmacy, Amgoan",Gondia,Unaided,GSCS,State Level,Any,25065,
2022-23,D Pharmacy,CAP Round III,04261,"Shri Bhawabhuti Shikshan Sanstha's Shri Laxmanrao Mankar Institute Of Pharmacy, Amgoan",Gondia,Unaided,LSCS,State Level,Ladies,27546,
2022-23,D Pharmacy,CAP Round III,04261,"Shri Bhawabhuti Shikshan Sanstha's Shri Laxmanrao Mankar Institute Of Pharmacy, Amgoan",Gondia,Unaided,GSTS,State Level,Any,51254,
2022-23,D Pharmacy,CAP Round III,04261,"Shri Bhawabhuti Shikshan Sanstha's Shri Laxmanrao Mankar Institute Of Pharmacy, Amgoan",Gondia,Unaided,LSTS,State Level,Ladies,55965,
2022-23,D Pharmacy,CAP Round III,04261,"Shri Bhawabhuti Shikshan Sanstha's Shri Laxmanrao Mankar Institute Of Pharmacy, Amgoan",Gondia,Unaided,GNT3S,State Level,Any,59178,
2022-23,D Pharmacy,CAP Round III,04261,"Shri Bhawabhuti Shikshan Sanstha's Shri Laxmanrao Mankar Institute Of Pharmacy, Amgoan",Gondia,Unaided,GOBCS,State Level,Any,20115,
2022-23,D Pharmacy,CAP Round III,04261,"Shri Bhawabhuti Shikshan Sanstha's Shri Laxmanrao Mankar Institute Of Pharmacy, Amgoan",Gondia,Unaided,EWS,Special,Any,83728,
2022-23,D Pharmacy,CAP Round III,04261,"Shri Bhawabhuti Shikshan Sanstha's Shri Laxmanrao Mankar Institute Of Pharmacy, Amgoan",Gondia,Unaided,TFWS,Special,Any,16362,
2022-23,D Pharmacy,CAP Round III,04261,"Shri Bhawabhuti Shikshan Sanstha's Shri Laxmanrao Mankar Institute Of Pharmacy, Amgoan",Gondia,Unaided,LNT2S,State Level,Ladies,76229,
2022-23,D Pharmacy,CAP Round III,04262,"Ravi Bahu-Uddeshiya Shikshan Sanstha's Ravi Institute Of Diploma In Pharmacy, Mahadula, Devi Road, Koradi",Nagpur,Unaided,GOPENS,State Level,Any,30127,
2022-23,D Pharmacy,CAP Round III,04262,"Ravi Bahu-Uddeshiya Shikshan Sanstha's Ravi Institute Of Diploma In Pharmacy, Mahadula, Devi Road, Koradi",Nagpur,Unaided,GSTS,State Level,Any,58204,
2022-23,D Pharmacy,CAP Round III,04262,"Ravi Bahu-Uddeshiya Shikshan Sanstha's Ravi Institute Of Diploma In Pharmacy, Mahadula, Devi Road, Koradi",Nagpur,Unaided,GNT2S,State Level,Any,52463,
2022-23,D Pharmacy,CAP Round III,04262,"Ravi Bahu-Uddeshiya Shikshan Sanstha's Ravi Institute Of Diploma In Pharmacy, Mahadula, Devi Road, Koradi",Nagpur,Unaided,GOBCS,State Level,Any,35658,
2022-23,D Pharmacy,CAP Round III,04262,"Ravi Bahu-Uddeshiya Shikshan Sanstha's Ravi Institute Of Diploma In Pharmacy, Mahadula, Devi Road, Koradi",Nagpur,Unaided,LOBCS,State Level,Ladies,25802,
2022-23,D Pharmacy,CAP Round III,04262,"Ravi Bahu-Uddeshiya Shikshan Sanstha's Ravi Institute Of Diploma In Pharmacy, Mahadula, Devi Road, Koradi",Nagpur,Unaided,EWS,Special,Any,56105,
2022-23,D Pharmacy,CAP Round III,04263,"S.K.B.College of Pharmacy, Gada, Kamptee",Nagpur,Unaided,GOPENS,State Level,Any,27070,
2022-23,D Pharmacy,CAP Round III,04263,"S.K.B.College of Pharmacy, Gada, Kamptee",Nagpur,Unaided,LOPENS,State Level,Ladies,17722,
2022-23,D Pharmacy,CAP Round III,04263,"S.K.B.College of Pharmacy, Gada, Kamptee",Nagpur,Unaided,GSTS,State Level,Any,54517,
2022-23,D Pharmacy,CAP Round III,04263,"S.K.B.College of Pharmacy, Gada, Kamptee",Nagpur,Unaided,GNT2S,State Level,Any,66552,
2022-23,D Pharmacy,CAP Round III,04263,"S.K.B.College of Pharmacy, Gada, Kamptee",Nagpur,Unaided,GOBCS,State Level,Any,28717,
2022-23,D Pharmacy,CAP Round III,04263,"S.K.B.College of Pharmacy, Gada, Kamptee",Nagpur,Unaided,LOBCS,State Level,Ladies,25525,
2022-23,D Pharmacy,CAP Round III,04263,"S.K.B.College of Pharmacy, Gada, Kamptee",Nagpur,Unaided,GNT3S,State Level,Any,28123,
2022-23,D Pharmacy,CAP Round III,04264,"Gondiya Education Society's Manoharbhai Patel Institute of Pharmacy, Gondia",Gondia,Unaided,LOPENS,State Level,Ladies,9298,
2022-23,D Pharmacy,CAP Round III,04264,"Gondiya Education Society's Manoharbhai Patel Institute of Pharmacy, Gondia",Gondia,Unaided,TFWS,Special,Any,15959,
2022-23,D Pharmacy,CAP Round III,04266,"Mehmuda Shikshan & Mahila Gr. Vikas Bahu. Sanstha's Central India Institute Of Pharmacy, Nagpur",Nagpur,Unaided,GOPENS,State Level,Any,36332,
2022-23,D Pharmacy,CAP Round III,04266,"Mehmuda Shikshan & Mahila Gr. Vikas Bahu. Sanstha's Central India Institute Of Pharmacy, Nagpur",Nagpur,Unaided,LOPENS,State Level,Ladies,35837,
2022-23,D Pharmacy,CAP Round III,04266,"Mehmuda Shikshan & Mahila Gr. Vikas Bahu. Sanstha's Central India Institute Of Pharmacy, Nagpur",Nagpur,Unaided,MI,Special,Any,30750,
2022-23,D Pharmacy,CAP Round III,04267,"Yashodhara Bajaj College of Pharmacy, Chandrapur",Chandrapur,Unaided,LOPENS,State Level,Ladies,7874,
2022-23,D Pharmacy,CAP Round III,04267,"Yashodhara Bajaj College of Pharmacy, Chandrapur",Chandrapur,Unaided,MI,Special,Any,69216,
2022-23,D Pharmacy,CAP Round III,04268,"Wainganga Bahu-uddeshiya Vikas Sanstha,s Bajiraoji Karanjekar College of Pharmacy, Sakoli",Bhandara,Unaided,GOPENS,State Level,Any,23529,
2022-23,D Pharmacy,CAP Round III,04268,"Wainganga Bahu-uddeshiya Vikas Sanstha,s Bajiraoji Karanjekar College of Pharmacy, Sakoli",Bhandara,Unaided,LOPENS,State Level,Ladies,20471,
2022-23,D Pharmacy,CAP Round III,04268,"Wainganga Bahu-uddeshiya Vikas Sanstha,s Bajiraoji Karanjekar College of Pharmacy, Sakoli",Bhandara,Unaided,GSCS,State Level,Any,31976,
2022-23,D Pharmacy,CAP Round III,04268,"Wainganga Bahu-uddeshiya Vikas Sanstha,s Bajiraoji Karanjekar College of Pharmacy, Sakoli",Bhandara,Unaided,GSTS,State Level,Any,34539,
2022-23,D Pharmacy,CAP Round III,04268,"Wainganga Bahu-uddeshiya Vikas Sanstha,s Bajiraoji Karanjekar College of Pharmacy, Sakoli",Bhandara,Unaided,GVJS,State Level,Any,44708,
2022-23,D Pharmacy,CAP Round III,04268,"Wainganga Bahu-uddeshiya Vikas Sanstha,s Bajiraoji Karanjekar College of Pharmacy, Sakoli",Bhandara,Unaided,GNT2S,State Level,Any,77064,
2022-23,D Pharmacy,CAP Round III,04268,"Wainganga Bahu-uddeshiya Vikas Sanstha,s Bajiraoji Karanjekar College of Pharmacy, Sakoli",Bhandara,Unaided,GOBCS,State Level,Any,25999,
2022-23,D Pharmacy,CAP Round III,04268,"Wainganga Bahu-uddeshiya Vikas Sanstha,s Bajiraoji Karanjekar College of Pharmacy, Sakoli",Bhandara,Unaided,TFWS,Special,Any,27056,
2022-23,D Pharmacy,CAP Round III,04268,"Wainganga Bahu-uddeshiya Vikas Sanstha,s Bajiraoji Karanjekar College of Pharmacy, Sakoli",Bhandara,Unaided,GNT3S,State Level,Any,26307,
2022-23,D Pharmacy,CAP Round III,04269,"Shri.Sadashivrao Patil Shikshan Sanstha's Anurag College Of Pharmacy , Warathi, Bhandara",Bhandara,Unaided,GOPENS,State Level,Any,14768,
2022-23,D Pharmacy,CAP Round III,04269,"Shri.Sadashivrao Patil Shikshan Sanstha's Anurag College Of Pharmacy , Warathi, Bhandara",Bhandara,Unaided,LOPENS,State Level,Ladies,2075,
2022-23,D Pharmacy,CAP Round III,04269,"Shri.Sadashivrao Patil Shikshan Sanstha's Anurag College Of Pharmacy , Warathi, Bhandara",Bhandara,Unaided,LSTS,State Level,Ladies,73463,
2022-23,D Pharmacy,CAP Round III,04269,"Shri.Sadashivrao Patil Shikshan Sanstha's Anurag College Of Pharmacy , Warathi, Bhandara",Bhandara,Unaided,GOBCS,State Level,Any,18494,
2022-23,D Pharmacy,CAP Round III,04269,"Shri.Sadashivrao Patil Shikshan Sanstha's Anurag College Of Pharmacy , Warathi, Bhandara",Bhandara,Unaided,LOBCS,State Level,Ladies,7913,
2022-23,D Pharmacy,CAP Round III,04269,"Shri.Sadashivrao Patil Shikshan Sanstha's Anurag College Of Pharmacy , Warathi, Bhandara",Bhandara,Unaided,EWS,Special,Any,70557,
2022-23,D Pharmacy,CAP Round III,04269,"Shri.Sadashivrao Patil Shikshan Sanstha's Anurag College Of Pharmacy , Warathi, Bhandara",Bhandara,Unaided,GNT3S,State Level,Any,18552,
2022-23,D Pharmacy,CAP Round III,04270,"Backward Class Youth Relief Committee's Institute of D. Pharmacy, Nagpur",Nagpur,Unaided,GOPENS,State Level,Any,31579,
2022-23,D Pharmacy,CAP Round III,04270,"Backward Class Youth Relief Committee's Institute of D. Pharmacy, Nagpur",Nagpur,Unaided,LOPENS,State Level,Ladies,26298,
2022-23,D Pharmacy,CAP Round III,04270,"Backward Class Youth Relief Committee's Institute of D. Pharmacy, Nagpur",Nagpur,Unaided,GSCS,State Level,Any,42198,
2022-23,D Pharmacy,CAP Round III,04270,"Backward Class Youth Relief Committee's Institute of D. Pharmacy, Nagpur",Nagpur,Unaided,LSCS,State Level,Ladies,32861,
2022-23,D Pharmacy,CAP Round III,04270,"Backward Class Youth Relief Committee's Institute of D. Pharmacy, Nagpur",Nagpur,Unaided,GNT2S,State Level,Any,42535,
2022-23,D Pharmacy,CAP Round III,04270,"Backward Class Youth Relief Committee's Institute of D. Pharmacy, Nagpur",Nagpur,Unaided,GOBCS,State Level,Any,34901,
2022-23,D Pharmacy,CAP Round III,04270,"Backward Class Youth Relief Committee's Institute of D. Pharmacy, Nagpur",Nagpur,Unaided,LOBCS,State Level,Ladies,31085,
2022-23,D Pharmacy,CAP Round III,04270,"Backward Class Youth Relief Committee's Institute of D. Pharmacy, Nagpur",Nagpur,Unaided,EWS,Special,Any,30265,
2022-23,D Pharmacy,CAP Round III,04270,"Backward Class Youth Relief Committee's Institute of D. Pharmacy, Nagpur",Nagpur,Unaided,LNT3S,State Level,Ladies,31771,
2022-23,D Pharmacy,CAP Round III,04271,"Jai Mahakali Shikshan Sanstha's Agnihotri Institute of Diploma in Pharmacy, Wardha",Wardha,Unaided,GOPENS,State Level,Any,20151,
2022-23,D Pharmacy,CAP Round III,04271,"Jai Mahakali Shikshan Sanstha's Agnihotri Institute of Diploma in Pharmacy, Wardha",Wardha,Unaided,LOPENS,State Level,Ladies,22363,
2022-23,D Pharmacy,CAP Round III,04271,"Jai Mahakali Shikshan Sanstha's Agnihotri Institute of Diploma in Pharmacy, Wardha",Wardha,Unaided,GSCS,State Level,Any,20895,
2022-23,D Pharmacy,CAP Round III,04271,"Jai Mahakali Shikshan Sanstha's Agnihotri Institute of Diploma in Pharmacy, Wardha",Wardha,Unaided,GOBCS,State Level,Any,24508,
2022-23,D Pharmacy,CAP Round III,04271,"Jai Mahakali Shikshan Sanstha's Agnihotri Institute of Diploma in Pharmacy, Wardha",Wardha,Unaided,EWS,Special,Any,25135,
2022-23,D Pharmacy,CAP Round III,04271,"Jai Mahakali Shikshan Sanstha's Agnihotri Institute of Diploma in Pharmacy, Wardha",Wardha,Unaided,TFWS,Special,Any,27800,
2022-23,D Pharmacy,CAP Round III,04272,"Bhausaheb Mulak Charitable Trust 'S Bhausaheb Mulak College Of D. Pharmacy, Umred, Nagpur",Nagpur,Unaided,GOPENS,State Level,Any,37419,
2022-23,D Pharmacy,CAP Round III,04272,"Bhausaheb Mulak Charitable Trust 'S Bhausaheb Mulak College Of D. Pharmacy, Umred, Nagpur",Nagpur,Unaided,LOPENS,State Level,Ladies,26045,
2022-23,D Pharmacy,CAP Round III,04272,"Bhausaheb Mulak Charitable Trust 'S Bhausaheb Mulak College Of D. Pharmacy, Umred, Nagpur",Nagpur,Unaided,GSCS,State Level,Any,41697,
2022-23,D Pharmacy,CAP Round III,04272,"Bhausaheb Mulak Charitable Trust 'S Bhausaheb Mulak College Of D. Pharmacy, Umred, Nagpur",Nagpur,Unaided,GSTS,State Level,Any,73497,
2022-23,D Pharmacy,CAP Round III,04272,"Bhausaheb Mulak Charitable Trust 'S Bhausaheb Mulak College Of D. Pharmacy, Umred, Nagpur",Nagpur,Unaided,LNT2S,State Level,Ladies,56035,
2022-23,D Pharmacy,CAP Round III,04272,"Bhausaheb Mulak Charitable Trust 'S Bhausaheb Mulak College Of D. Pharmacy, Umred, Nagpur",Nagpur,Unaided,GOBCS,State Level,Any,38287,
2022-23,D Pharmacy,CAP Round III,04272,"Bhausaheb Mulak Charitable Trust 'S Bhausaheb Mulak College Of D. Pharmacy, Umred, Nagpur",Nagpur,Unaided,EWS,Special,Any,44081,
2022-23,D Pharmacy,CAP Round III,04272,"Bhausaheb Mulak Charitable Trust 'S Bhausaheb Mulak College Of D. Pharmacy, Umred, Nagpur",Nagpur,Unaided,TFWS,Special,Any,20680,
2022-23,D Pharmacy,CAP Round III,04274,"Abhinav Bahuuddeshiya's Siddhivinayak College Of Pharmacy, Warora, Dist. Chandrapur",Chandrapur,Unaided,GOPENS,State Level,Any,34152,
2022-23,D Pharmacy,CAP Round III,04274,"Abhinav Bahuuddeshiya's Siddhivinayak College Of Pharmacy, Warora, Dist. Chandrapur",Chandrapur,Unaided,LOPENS,State Level,Ladies,10361,
2022-23,D Pharmacy,CAP Round III,04274,"Abhinav Bahuuddeshiya's Siddhivinayak College Of Pharmacy, Warora, Dist. Chandrapur",Chandrapur,Unaided,LSCS,State Level,Ladies,42755,
2022-23,D Pharmacy,CAP Round III,04274,"Abhinav Bahuuddeshiya's Siddhivinayak College Of Pharmacy, Warora, Dist. Chandrapur",Chandrapur,Unaided,GSTS,State Level,Any,54989,
2022-23,D Pharmacy,CAP Round III,04274,"Abhinav Bahuuddeshiya's Siddhivinayak College Of Pharmacy, Warora, Dist. Chandrapur",Chandrapur,Unaided,GOBCS,State Level,Any,36079,
2022-23,D Pharmacy,CAP Round III,04274,"Abhinav Bahuuddeshiya's Siddhivinayak College Of Pharmacy, Warora, Dist. Chandrapur",Chandrapur,Unaided,EWS,Special,Any,58809,
2022-23,D Pharmacy,CAP Round III,04275,"Mahatma Phule Samata Shikshan Sanstha's K.D. Pawar College of Pharmacy, Saoner,Nagpur",Nagpur,Unaided,GOPENS,State Level,Any,36110,
2022-23,D Pharmacy,CAP Round III,04275,"Mahatma Phule Samata Shikshan Sanstha's K.D. Pawar College of Pharmacy, Saoner,Nagpur",Nagpur,Unaided,LOPENS,State Level,Ladies,34877,
2022-23,D Pharmacy,CAP Round III,04275,"Mahatma Phule Samata Shikshan Sanstha's K.D. Pawar College of Pharmacy, Saoner,Nagpur",Nagpur,Unaided,GSCS,State Level,Any,42481,
2022-23,D Pharmacy,CAP Round III,04275,"Mahatma Phule Samata Shikshan Sanstha's K.D. Pawar College of Pharmacy, Saoner,Nagpur",Nagpur,Unaided,LSCS,State Level,Ladies,35540,
2022-23,D Pharmacy,CAP Round III,04275,"Mahatma Phule Samata Shikshan Sanstha's K.D. Pawar College of Pharmacy, Saoner,Nagpur",Nagpur,Unaided,GSTS,State Level,Any,78686,
2022-23,D Pharmacy,CAP Round III,04275,"Mahatma Phule Samata Shikshan Sanstha's K.D. Pawar College of Pharmacy, Saoner,Nagpur",Nagpur,Unaided,GNT2S,State Level,Any,42568,
2022-23,D Pharmacy,CAP Round III,04275,"Mahatma Phule Samata Shikshan Sanstha's K.D. Pawar College of Pharmacy, Saoner,Nagpur",Nagpur,Unaided,GOBCS,State Level,Any,37404,
2022-23,D Pharmacy,CAP Round III,04275,"Mahatma Phule Samata Shikshan Sanstha's K.D. Pawar College of Pharmacy, Saoner,Nagpur",Nagpur,Unaided,LOBCS,State Level,Ladies,36229,
2022-23,D Pharmacy,CAP Round III,04275,"Mahatma Phule Samata Shikshan Sanstha's K.D. Pawar College of Pharmacy, Saoner,Nagpur",Nagpur,Unaided,EWS,Special,Any,57685,
2022-23,D Pharmacy,CAP Round III,04275,"Mahatma Phule Samata Shikshan Sanstha's K.D. Pawar College of Pharmacy, Saoner,Nagpur",Nagpur,Unaided,LSTS,State Level,Ladies,37570,
2022-23,D Pharmacy,CAP Round III,04276,"Mahila Vikas Sanstha's Dr. R.G. Bhoyar Institute Of Pharmacy, Wardha",Wardha,Unaided,GOPENS,State Level,Any,26926,
2022-23,D Pharmacy,CAP Round III,04276,"Mahila Vikas Sanstha's Dr. R.G. Bhoyar Institute Of Pharmacy, Wardha",Wardha,Unaided,GSCS,State Level,Any,29848,
2022-23,D Pharmacy,CAP Round III,04276,"Mahila Vikas Sanstha's Dr. R.G. Bhoyar Institute Of Pharmacy, Wardha",Wardha,Unaided,GNT3S,State Level,Any,52415,
2022-23,D Pharmacy,CAP Round III,04276,"Mahila Vikas Sanstha's Dr. R.G. Bhoyar Institute Of Pharmacy, Wardha",Wardha,Unaided,GOBCS,State Level,Any,29979,
2022-23,D Pharmacy,CAP Round III,04276,"Mahila Vikas Sanstha's Dr. R.G. Bhoyar Institute Of Pharmacy, Wardha",Wardha,Unaided,LOBCS,State Level,Ladies,23237,
2022-23,D Pharmacy,CAP Round III,04276,"Mahila Vikas Sanstha's Dr. R.G. Bhoyar Institute Of Pharmacy, Wardha",Wardha,Unaided,TFWS,Special,Any,28730,
2022-23,D Pharmacy,CAP Round III,04277,"Sudam Shikshan Prasarak Mandal's Shree Babasaheb Gharfalkar College Of Pharmacy, Nachangaon, Pulgaon",Nagpur,Unaided,GOPENS,State Level,Any,33626,
2022-23,D Pharmacy,CAP Round III,04277,"Sudam Shikshan Prasarak Mandal's Shree Babasaheb Gharfalkar College Of Pharmacy, Nachangaon, Pulgaon",Nagpur,Unaided,LOPENS,State Level,Ladies,25944,
2022-23,D Pharmacy,CAP Round III,04277,"Sudam Shikshan Prasarak Mandal's Shree Babasaheb Gharfalkar College Of Pharmacy, Nachangaon, Pulgaon",Nagpur,Unaided,GSCS,State Level,Any,36294,
2022-23,D Pharmacy,CAP Round III,04277,"Sudam Shikshan Prasarak Mandal's Shree Babasaheb Gharfalkar College Of Pharmacy, Nachangaon, Pulgaon",Nagpur,Unaided,LNT2S,State Level,Ladies,60554,
2022-23,D Pharmacy,CAP Round III,04277,"Sudam Shikshan Prasarak Mandal's Shree Babasaheb Gharfalkar College Of Pharmacy, Nachangaon, Pulgaon",Nagpur,Unaided,GOBCS,State Level,Any,37508,
2022-23,D Pharmacy,CAP Round III,04277,"Sudam Shikshan Prasarak Mandal's Shree Babasaheb Gharfalkar College Of Pharmacy, Nachangaon, Pulgaon",Nagpur,Unaided,EWS,Special,Any,48350,
2022-23,D Pharmacy,CAP Round III,04277,"Sudam Shikshan Prasarak Mandal's Shree Babasaheb Gharfalkar College Of Pharmacy, Nachangaon, Pulgaon",Nagpur,Unaided,GSTS,State Level,Any,35936,
2022-23,D Pharmacy,CAP Round III,04277,"Sudam Shikshan Prasarak Mandal's Shree Babasaheb Gharfalkar College Of Pharmacy, Nachangaon, Pulgaon",Nagpur,Unaided,LSTS,State Level,Ladies,30380,
2022-23,D Pharmacy,CAP Round III,04278,"Young Engineers Education Society's Maharashtra Institute Of Pharmacy, Betada, Bramhapuri, Chandrapur",Chandrapur,Unaided,GOPENS,State Level,Any,36132,
2022-23,D Pharmacy,CAP Round III,04278,"Young Engineers Education Society's Maharashtra Institute Of Pharmacy, Betada, Bramhapuri, Chandrapur",Chandrapur,Unaided,LOPENS,State Level,Ladies,35217,
2022-23,D Pharmacy,CAP Round III,04278,"Young Engineers Education Society's Maharashtra Institute Of Pharmacy, Betada, Bramhapuri, Chandrapur",Chandrapur,Unaided,GSTS,State Level,Any,57396,
2022-23,D Pharmacy,CAP Round III,04278,"Young Engineers Education Society's Maharashtra Institute Of Pharmacy, Betada, Bramhapuri, Chandrapur",Chandrapur,Unaided,GVJS,State Level,Any,46905,
2022-23,D Pharmacy,CAP Round III,04278,"Young Engineers Education Society's Maharashtra Institute Of Pharmacy, Betada, Bramhapuri, Chandrapur",Chandrapur,Unaided,GOBCS,State Level,Any,38804,
2022-23,D Pharmacy,CAP Round III,04278,"Young Engineers Education Society's Maharashtra Institute Of Pharmacy, Betada, Bramhapuri, Chandrapur",Chandrapur,Unaided,EWS,Special,Any,74906,
2022-23,D Pharmacy,CAP Round III,04278,"Young Engineers Education Society's Maharashtra Institute Of Pharmacy, Betada, Bramhapuri, Chandrapur",Chandrapur,Unaided,TFWS,Special,Any,37014,
2022-23,D Pharmacy,CAP Round III,04279,"Sanmarg Shikshan Sanstha's K.R.Pandav Institute Of Pharmacy, Nagpur",Nagpur,Unaided,GOPENS,State Level,Any,34608,
2022-23,D Pharmacy,CAP Round III,04279,"Sanmarg Shikshan Sanstha's K.R.Pandav Institute Of Pharmacy, Nagpur",Nagpur,Unaided,LOPENS,State Level,Ladies,26867,
2022-23,D Pharmacy,CAP Round III,04279,"Sanmarg Shikshan Sanstha's K.R.Pandav Institute Of Pharmacy, Nagpur",Nagpur,Unaided,GSCS,State Level,Any,40183,
2022-23,D Pharmacy,CAP Round III,04279,"Sanmarg Shikshan Sanstha's K.R.Pandav Institute Of Pharmacy, Nagpur",Nagpur,Unaided,LSCS,State Level,Ladies,30220,
2022-23,D Pharmacy,CAP Round III,04279,"Sanmarg Shikshan Sanstha's K.R.Pandav Institute Of Pharmacy, Nagpur",Nagpur,Unaided,GSTS,State Level,Any,53135,
2022-23,D Pharmacy,CAP Round III,04279,"Sanmarg Shikshan Sanstha's K.R.Pandav Institute Of Pharmacy, Nagpur",Nagpur,Unaided,GNT2S,State Level,Any,39905,
2022-23,D Pharmacy,CAP Round III,04279,"Sanmarg Shikshan Sanstha's K.R.Pandav Institute Of Pharmacy, Nagpur",Nagpur,Unaided,GOBCS,State Level,Any,37324,
2022-23,D Pharmacy,CAP Round III,04279,"Sanmarg Shikshan Sanstha's K.R.Pandav Institute Of Pharmacy, Nagpur",Nagpur,Unaided,LOBCS,State Level,Ladies,34011,
2022-23,D Pharmacy,CAP Round III,04279,"Sanmarg Shikshan Sanstha's K.R.Pandav Institute Of Pharmacy, Nagpur",Nagpur,Unaided,EWS,Special,Any,45605,
2022-23,D Pharmacy,CAP Round III,04280,"Krushna Sahyogi Tantra Shikshan Sanstha's Chatrapati Shivaji College Of Pharmacy, Devari, Tal. Devari, Dist.Gondiya",Gondia,Unaided,GOPENS,State Level,Any,24849,
2022-23,D Pharmacy,CAP Round III,04280,"Krushna Sahyogi Tantra Shikshan Sanstha's Chatrapati Shivaji College Of Pharmacy, Devari, Tal. Devari, Dist.Gondiya",Gondia,Unaided,LOPENS,State Level,Ladies,20546,
2022-23,D Pharmacy,CAP Round III,04280,"Krushna Sahyogi Tantra Shikshan Sanstha's Chatrapati Shivaji College Of Pharmacy, Devari, Tal. Devari, Dist.Gondiya",Gondia,Unaided,LSCS,State Level,Ladies,29787,
2022-23,D Pharmacy,CAP Round III,04280,"Krushna Sahyogi Tantra Shikshan Sanstha's Chatrapati Shivaji College Of Pharmacy, Devari, Tal. Devari, Dist.Gondiya",Gondia,Unaided,GSTS,State Level,Any,45916,
2022-23,D Pharmacy,CAP Round III,04280,"Krushna Sahyogi Tantra Shikshan Sanstha's Chatrapati Shivaji College Of Pharmacy, Devari, Tal. Devari, Dist.Gondiya",Gondia,Unaided,LSTS,State Level,Ladies,33229,
2022-23,D Pharmacy,CAP Round III,04280,"Krushna Sahyogi Tantra Shikshan Sanstha's Chatrapati Shivaji College Of Pharmacy, Devari, Tal. Devari, Dist.Gondiya",Gondia,Unaided,GNT2S,State Level,Any,82786,
2022-23,D Pharmacy,CAP Round III,04280,"Krushna Sahyogi Tantra Shikshan Sanstha's Chatrapati Shivaji College Of Pharmacy, Devari, Tal. Devari, Dist.Gondiya",Gondia,Unaided,GOBCS,State Level,Any,29024,
2022-23,D Pharmacy,CAP Round III,04280,"Krushna Sahyogi Tantra Shikshan Sanstha's Chatrapati Shivaji College Of Pharmacy, Devari, Tal. Devari, Dist.Gondiya",Gondia,Unaided,LOBCS,State Level,Ladies,23537,
2022-23,D Pharmacy,CAP Round III,04280,"Krushna Sahyogi Tantra Shikshan Sanstha's Chatrapati Shivaji College Of Pharmacy, Devari, Tal. Devari, Dist.Gondiya",Gondia,Unaided,TFWS,Special,Any,24234,
2022-23,D Pharmacy,CAP Round III,04281,"Shri Sachhidanand Shikshan Santha's Taywade Institute Of Diploma In Pharmacy, Koradi, Kamptee,Dist.Nagpur",Nagpur,Unaided,GOPENS,State Level,Any,26764,
2022-23,D Pharmacy,CAP Round III,04281,"Shri Sachhidanand Shikshan Santha's Taywade Institute Of Diploma In Pharmacy, Koradi, Kamptee,Dist.Nagpur",Nagpur,Unaided,LOPENS,State Level,Ladies,9806,
2022-23,D Pharmacy,CAP Round III,04281,"Shri Sachhidanand Shikshan Santha's Taywade Institute Of Diploma In Pharmacy, Koradi, Kamptee,Dist.Nagpur",Nagpur,Unaided,GSCS,State Level,Any,30015,
2022-23,D Pharmacy,CAP Round III,04281,"Shri Sachhidanand Shikshan Santha's Taywade Institute Of Diploma In Pharmacy, Koradi, Kamptee,Dist.Nagpur",Nagpur,Unaided,LSCS,State Level,Ladies,28010,
2022-23,D Pharmacy,CAP Round III,04281,"Shri Sachhidanand Shikshan Santha's Taywade Institute Of Diploma In Pharmacy, Koradi, Kamptee,Dist.Nagpur",Nagpur,Unaided,GVJS,State Level,Any,40126,
2022-23,D Pharmacy,CAP Round III,04281,"Shri Sachhidanand Shikshan Santha's Taywade Institute Of Diploma In Pharmacy, Koradi, Kamptee,Dist.Nagpur",Nagpur,Unaided,LVJS,State Level,Ladies,31428,
2022-23,D Pharmacy,CAP Round III,04281,"Shri Sachhidanand Shikshan Santha's Taywade Institute Of Diploma In Pharmacy, Koradi, Kamptee,Dist.Nagpur",Nagpur,Unaided,GOBCS,State Level,Any,29459,
2022-23,D Pharmacy,CAP Round III,04281,"Shri Sachhidanand Shikshan Santha's Taywade Institute Of Diploma In Pharmacy, Koradi, Kamptee,Dist.Nagpur",Nagpur,Unaided,EWS,Special,Any,67941,
2022-23,D Pharmacy,CAP Round III,04281,"Shri Sachhidanand Shikshan Santha's Taywade Institute Of Diploma In Pharmacy, Koradi, Kamptee,Dist.Nagpur",Nagpur,Unaided,TFWS,Special,Any,18025,
2022-23,D Pharmacy,CAP Round III,04283,"Swa. Madhukarrao Deshmukh Education Society, Shree Sadguru Datta Institute of Pharmacy, Bhajapur",Nagpur,Unaided,GOPENS,State Level,Any,38450,
2022-23,D Pharmacy,CAP Round III,04283,"Swa. Madhukarrao Deshmukh Education Society, Shree Sadguru Datta Institute of Pharmacy, Bhajapur",Nagpur,Unaided,LOPENS,State Level,Ladies,29208,
2022-23,D Pharmacy,CAP Round III,04283,"Swa. Madhukarrao Deshmukh Education Society, Shree Sadguru Datta Institute of Pharmacy, Bhajapur",Nagpur,Unaided,GSCS,State Level,Any,43346,
2022-23,D Pharmacy,CAP Round III,04283,"Swa. Madhukarrao Deshmukh Education Society, Shree Sadguru Datta Institute of Pharmacy, Bhajapur",Nagpur,Unaided,LSCS,State Level,Ladies,44188,
2022-23,D Pharmacy,CAP Round III,04283,"Swa. Madhukarrao Deshmukh Education Society, Shree Sadguru Datta Institute of Pharmacy, Bhajapur",Nagpur,Unaided,GOBCS,State Level,Any,42181,
2022-23,D Pharmacy,CAP Round III,04283,"Swa. Madhukarrao Deshmukh Education Society, Shree Sadguru Datta Institute of Pharmacy, Bhajapur",Nagpur,Unaided,LOBCS,State Level,Ladies,39850,
2022-23,D Pharmacy,CAP Round III,04283,"Swa. Madhukarrao Deshmukh Education Society, Shree Sadguru Datta Institute of Pharmacy, Bhajapur",Nagpur,Unaided,EWS,Special,Any,84141,
2022-23,D Pharmacy,CAP Round III,04283,"Swa. Madhukarrao Deshmukh Education Society, Shree Sadguru Datta Institute of Pharmacy, Bhajapur",Nagpur,Unaided,GSTS,State Level,Any,42022,
2022-23,D Pharmacy,CAP Round III,04283,"Swa. Madhukarrao Deshmukh Education Society, Shree Sadguru Datta Institute of Pharmacy, Bhajapur",Nagpur,Unaided,LSTS,State Level,Ladies,42335,
2022-23,D Pharmacy,CAP Round III,04283,"Swa. Madhukarrao Deshmukh Education Society, Shree Sadguru Datta Institute of Pharmacy, Bhajapur",Nagpur,Unaided,GNT3S,State Level,Any,40855,
2022-23,D Pharmacy,CAP Round III,04640,"Abdul Majeed Central Education Society, Institute of Pharmacy, Lonara",Nagpur,Unaided,GOPENS,State Level,Any,34324,
2022-23,D Pharmacy,CAP Round III,04640,"Abdul Majeed Central Education Society, Institute of Pharmacy, Lonara",Nagpur,Unaided,LOPENS,State Level,Ladies,40019,
2022-23,D Pharmacy,CAP Round III,04640,"Abdul Majeed Central Education Society, Institute of Pharmacy, Lonara",Nagpur,Unaided,GSCS,State Level,Any,42966,
2022-23,D Pharmacy,CAP Round III,04640,"Abdul Majeed Central Education Society, Institute of Pharmacy, Lonara",Nagpur,Unaided,GVJS,State Level,Any,43089,
2022-23,D Pharmacy,CAP Round III,04640,"Abdul Majeed Central Education Society, Institute of Pharmacy, Lonara",Nagpur,Unaided,GOBCS,State Level,Any,41838,
2022-23,D Pharmacy,CAP Round III,04640,"Abdul Majeed Central Education Society, Institute of Pharmacy, Lonara",Nagpur,Unaided,LOBCS,State Level,Ladies,40689,
2022-23,D Pharmacy,CAP Round III,04640,"Abdul Majeed Central Education Society, Institute of Pharmacy, Lonara",Nagpur,Unaided,EWS,Special,Any,41988,
2022-23,D Pharmacy,CAP Round III,04640,"Abdul Majeed Central Education Society, Institute of Pharmacy, Lonara",Nagpur,Unaided,LSTS,State Level,Ladies,39575,
2022-23,D Pharmacy,CAP Round III,04641,"Dr.Babasaheb Ambedkar Institute of D-Pharmacy, Sewagram, Wardha",Wardha,Unaided,GOPENS,State Level,Any,31035,
2022-23,D Pharmacy,CAP Round III,04641,"Dr.Babasaheb Ambedkar Institute of D-Pharmacy, Sewagram, Wardha",Wardha,Unaided,LSCS,State Level,Ladies,37853,
2022-23,D Pharmacy,CAP Round III,04641,"Dr.Babasaheb Ambedkar Institute of D-Pharmacy, Sewagram, Wardha",Wardha,Unaided,GSTS,State Level,Any,71193,
2022-23,D Pharmacy,CAP Round III,04641,"Dr.Babasaheb Ambedkar Institute of D-Pharmacy, Sewagram, Wardha",Wardha,Unaided,LSTS,State Level,Ladies,78594,
2022-23,D Pharmacy,CAP Round III,04641,"Dr.Babasaheb Ambedkar Institute of D-Pharmacy, Sewagram, Wardha",Wardha,Unaided,GNT2S,State Level,Any,37627,
2022-23,D Pharmacy,CAP Round III,04641,"Dr.Babasaheb Ambedkar Institute of D-Pharmacy, Sewagram, Wardha",Wardha,Unaided,GOBCS,State Level,Any,38184,
2022-23,D Pharmacy,CAP Round III,04641,"Dr.Babasaheb Ambedkar Institute of D-Pharmacy, Sewagram, Wardha",Wardha,Unaided,LOBCS,State Level,Ladies,26832,
2022-23,D Pharmacy,CAP Round III,04641,"Dr.Babasaheb Ambedkar Institute of D-Pharmacy, Sewagram, Wardha",Wardha,Unaided,EWS,Special,Any,42123,
2022-23,D Pharmacy,CAP Round III,04641,"Dr.Babasaheb Ambedkar Institute of D-Pharmacy, Sewagram, Wardha",Wardha,Unaided,TFWS,Special,Any,15953,
2022-23,D Pharmacy,CAP Round III,04643,"Maharashtra Institute of Pharmacy (Betada), Brambhapuri",Chandrapur,Unaided,GOPENS,State Level,Any,31398,
2022-23,D Pharmacy,CAP Round III,04643,"Maharashtra Institute of Pharmacy (Betada), Brambhapuri",Chandrapur,Unaided,GSCS,State Level,Any,41320,
2022-23,D Pharmacy,CAP Round III,04643,"Maharashtra Institute of Pharmacy (Betada), Brambhapuri",Chandrapur,Unaided,GSTS,State Level,Any,42517,
2022-23,D Pharmacy,CAP Round III,04643,"Maharashtra Institute of Pharmacy (Betada), Brambhapuri",Chandrapur,Unaided,LOBCS,State Level,Ladies,24337,
2022-23,D Pharmacy,CAP Round III,04643,"Maharashtra Institute of Pharmacy (Betada), Brambhapuri",Chandrapur,Unaided,TFWS,Special,Any,34752,
2022-23,D Pharmacy,CAP Round III,04643,"Maharashtra Institute of Pharmacy (Betada), Brambhapuri",Chandrapur,Unaided,LNT2S,State Level,Ladies,72976,
2022-23,D Pharmacy,CAP Round III,04644,"Dadasaheb Balpande College of Diploma in Pharmacy, (DBCDIP) Nagpur",Amravati,Unaided,GOPENS,State Level,Any,15271,
2022-23,D Pharmacy,CAP Round III,04644,"Dadasaheb Balpande College of Diploma in Pharmacy, (DBCDIP) Nagpur",Amravati,Unaided,GVJS,State Level,Any,18166,
2022-23,D Pharmacy,CAP Round III,04644,"Dadasaheb Balpande College of Diploma in Pharmacy, (DBCDIP) Nagpur",Amravati,Unaided,GNT2S,State Level,Any,30356,
2022-23,D Pharmacy,CAP Round III,04644,"Dadasaheb Balpande College of Diploma in Pharmacy, (DBCDIP) Nagpur",Amravati,Unaided,GOBCS,State Level,Any,18901,
2022-23,D Pharmacy,CAP Round III,04644,"Dadasaheb Balpande College of Diploma in Pharmacy, (DBCDIP) Nagpur",Amravati,Unaided,LOBCS,State Level,Ladies,15259,
2022-23,D Pharmacy,CAP Round III,04644,"Dadasaheb Balpande College of Diploma in Pharmacy, (DBCDIP) Nagpur",Amravati,Unaided,GNT3S,State Level,Any,17733,
2022-23,D Pharmacy,CAP Round III,04650,"P.R.Patil Institute of Pharmacy, Talegaon(SP),Wardha",Wardha,Unaided,GOPENS,State Level,Any,28204,
2022-23,D Pharmacy,CAP Round III,04650,"P.R.Patil Institute of Pharmacy, Talegaon(SP),Wardha",Wardha,Unaided,GSCS,State Level,Any,36580,
2022-23,D Pharmacy,CAP Round III,04650,"P.R.Patil Institute of Pharmacy, Talegaon(SP),Wardha",Wardha,Unaided,LOBCS,State Level,Ladies,27464,
2022-23,D Pharmacy,CAP Round III,04650,"P.R.Patil Institute of Pharmacy, Talegaon(SP),Wardha",Wardha,Unaided,EWS,Special,Any,42407,
2022-23,D Pharmacy,CAP Round III,04650,"P.R.Patil Institute of Pharmacy, Talegaon(SP),Wardha",Wardha,Unaided,TFWS,Special,Any,22347,
2022-23,D Pharmacy,CAP Round III,04650,"P.R.Patil Institute of Pharmacy, Talegaon(SP),Wardha",Wardha,Unaided,GSTS,State Level,Any,28693,
2022-23,D Pharmacy,CAP Round III,04651,"Central India College of Pharmacy(D.Pharm), Nagpur",Nagpur,Unaided,GOPENS,State Level,Any,31315,
2022-23,D Pharmacy,CAP Round III,04651,"Central India College of Pharmacy(D.Pharm), Nagpur",Nagpur,Unaided,LOPENS,State Level,Ladies,25624,
2022-23,D Pharmacy,CAP Round III,04651,"Central India College of Pharmacy(D.Pharm), Nagpur",Nagpur,Unaided,MI,Special,Any,41547,
2022-23,D Pharmacy,CAP Round III,04651,"Central India College of Pharmacy(D.Pharm), Nagpur",Nagpur,Unaided,TFWS,Special,Any,20370,
2022-23,D Pharmacy,CAP Round III,04652,"Mouda College of Pharmacy, Mauda Nagpur",Nagpur,Unaided,GOPENS,State Level,Any,39069,
2022-23,D Pharmacy,CAP Round III,04652,"Mouda College of Pharmacy, Mauda Nagpur",Nagpur,Unaided,LOPENS,State Level,Ladies,34009,
2022-23,D Pharmacy,CAP Round III,04652,"Mouda College of Pharmacy, Mauda Nagpur",Nagpur,Unaided,GSCS,State Level,Any,43064,
2022-23,D Pharmacy,CAP Round III,04652,"Mouda College of Pharmacy, Mauda Nagpur",Nagpur,Unaided,LSCS,State Level,Ladies,43701,
2022-23,D Pharmacy,CAP Round III,04652,"Mouda College of Pharmacy, Mauda Nagpur",Nagpur,Unaided,GVJS,State Level,Any,43247,
2022-23,D Pharmacy,CAP Round III,04652,"Mouda College of Pharmacy, Mauda Nagpur",Nagpur,Unaided,GNT1S,State Level,Any,43212,
2022-23,D Pharmacy,CAP Round III,04652,"Mouda College of Pharmacy, Mauda Nagpur",Nagpur,Unaided,LNT2S,State Level,Ladies,77052,
2022-23,D Pharmacy,CAP Round III,04652,"Mouda College of Pharmacy, Mauda Nagpur",Nagpur,Unaided,GOBCS,State Level,Any,41110,
2022-23,D Pharmacy,CAP Round III,04652,"Mouda College of Pharmacy, Mauda Nagpur",Nagpur,Unaided,EWS,Special,Any,70388,
2022-23,D Pharmacy,CAP Round III,04652,"Mouda College of Pharmacy, Mauda Nagpur",Nagpur,Unaided,TFWS,Special,Any,28311,
2022-23,D Pharmacy,CAP Round III,04652,"Mouda College of Pharmacy, Mauda Nagpur",Nagpur,Unaided,GSTS,State Level,Any,39921,
2022-23,D Pharmacy,CAP Round III,04654,"NEW MONTFORT INSTITUTE OF PHARMACY, ASHTI",Beed,Unaided,GOPENS,State Level,Any,42042,
2022-23,D Pharmacy,CAP Round III,04654,"NEW MONTFORT INSTITUTE OF PHARMACY, ASHTI",Beed,Unaided,LOPENS,State Level,Ladies,41691,
2022-23,D Pharmacy,CAP Round III,04654,"NEW MONTFORT INSTITUTE OF PHARMACY, ASHTI",Beed,Unaided,MI,Special,Any,46307,
2022-23,D Pharmacy,CAP Round III,04654,"NEW MONTFORT INSTITUTE OF PHARMACY, ASHTI",Beed,Unaided,TFWS,Special,Any,29681,
2022-23,D Pharmacy,CAP Round III,04655,"Dr.Arun Motghare Diploma in Pharmacy, Kosara, Konda",Sangli,Unaided,GOPENS,State Level,Any,35160,
2022-23,D Pharmacy,CAP Round III,04655,"Dr.Arun Motghare Diploma in Pharmacy, Kosara, Konda",Sangli,Unaided,LOPENS,State Level,Ladies,31104,
2022-23,D Pharmacy,CAP Round III,04655,"Dr.Arun Motghare Diploma in Pharmacy, Kosara, Konda",Sangli,Unaided,GSCS,State Level,Any,41421,
2022-23,D Pharmacy,CAP Round III,04655,"Dr.Arun Motghare Diploma in Pharmacy, Kosara, Konda",Sangli,Unaided,LSCS,State Level,Ladies,37288,
2022-23,D Pharmacy,CAP Round III,04655,"Dr.Arun Motghare Diploma in Pharmacy, Kosara, Konda",Sangli,Unaided,GSTS,State Level,Any,72453,
2022-23,D Pharmacy,CAP Round III,04655,"Dr.Arun Motghare Diploma in Pharmacy, Kosara, Konda",Sangli,Unaided,LSTS,State Level,Ladies,72674,
2022-23,D Pharmacy,CAP Round III,04655,"Dr.Arun Motghare Diploma in Pharmacy, Kosara, Konda",Sangli,Unaided,GOBCS,State Level,Any,37357,
2022-23,D Pharmacy,CAP Round III,04655,"Dr.Arun Motghare Diploma in Pharmacy, Kosara, Konda",Sangli,Unaided,LOBCS,State Level,Ladies,35214,
2022-23,D Pharmacy,CAP Round III,04655,"Dr.Arun Motghare Diploma in Pharmacy, Kosara, Konda",Sangli,Unaided,EWS,Special,Any,76995,
2022-23,D Pharmacy,CAP Round III,04655,"Dr.Arun Motghare Diploma in Pharmacy, Kosara, Konda",Sangli,Unaided,TFWS,Special,Any,19777,
2022-23,D Pharmacy,CAP Round III,04655,"Dr.Arun Motghare Diploma in Pharmacy, Kosara, Konda",Sangli,Unaided,GSTS,State Level,Any,36991,
2022-23,D Pharmacy,CAP Round III,04656,"Nagpur College Of Pharmacy, Hingana",Nagpur,Unaided,GOPENS,State Level,Any,22465,
2022-23,D Pharmacy,CAP Round III,04656,"Nagpur College Of Pharmacy, Hingana",Nagpur,Unaided,LOPENS,State Level,Ladies,16989,
2022-23,D Pharmacy,CAP Round III,04656,"Nagpur College Of Pharmacy, Hingana",Nagpur,Unaided,GSCS,State Level,Any,28484,
2022-23,D Pharmacy,CAP Round III,04656,"Nagpur College Of Pharmacy, Hingana",Nagpur,Unaided,GSTS,State Level,Any,49297,
2022-23,D Pharmacy,CAP Round III,04656,"Nagpur College Of Pharmacy, Hingana",Nagpur,Unaided,LSTS,State Level,Ladies,30699,
2022-23,D Pharmacy,CAP Round III,04656,"Nagpur College Of Pharmacy, Hingana",Nagpur,Unaided,GVJS,State Level,Any,38592,
2022-23,D Pharmacy,CAP Round III,04656,"Nagpur College Of Pharmacy, Hingana",Nagpur,Unaided,LVJS,State Level,Ladies,23653,
2022-23,D Pharmacy,CAP Round III,04656,"Nagpur College Of Pharmacy, Hingana",Nagpur,Unaided,LNT2S,State Level,Ladies,70238,
2022-23,D Pharmacy,CAP Round III,04656,"Nagpur College Of Pharmacy, Hingana",Nagpur,Unaided,GOBCS,State Level,Any,23648,
2022-23,D Pharmacy,CAP Round III,04656,"Nagpur College Of Pharmacy, Hingana",Nagpur,Unaided,LOBCS,State Level,Ladies,21962,
2022-23,D Pharmacy,CAP Round III,04656,"Nagpur College Of Pharmacy, Hingana",Nagpur,Unaided,EWS,Special,Any,37564,
2022-23,D Pharmacy,CAP Round III,04656,"Nagpur College Of Pharmacy, Hingana",Nagpur,Unaided,TFWS,Special,Any,8574,
2022-23,D Pharmacy,CAP Round III,04656,"Nagpur College Of Pharmacy, Hingana",Nagpur,Unaided,GNT3S,State Level,Any,24421,
2022-23,D Pharmacy,CAP Round III,04657,"Dr R G Bhoyar Institute Of Pharmacy, Seloo, Dist Wardha",Wardha,Unaided,GOPENS,State Level,Any,31061,
2022-23,D Pharmacy,CAP Round III,04657,"Dr R G Bhoyar Institute Of Pharmacy, Seloo, Dist Wardha",Wardha,Unaided,LOPENS,State Level,Ladies,32808,
2022-23,D Pharmacy,CAP Round III,04657,"Dr R G Bhoyar Institute Of Pharmacy, Seloo, Dist Wardha",Wardha,Unaided,GSCS,State Level,Any,37342,
2022-23,D Pharmacy,CAP Round III,04657,"Dr R G Bhoyar Institute Of Pharmacy, Seloo, Dist Wardha",Wardha,Unaided,LSTS,State Level,Ladies,81784,
2022-23,D Pharmacy,CAP Round III,04657,"Dr R G Bhoyar Institute Of Pharmacy, Seloo, Dist Wardha",Wardha,Unaided,GVJS,State Level,Any,33481,
2022-23,D Pharmacy,CAP Round III,04657,"Dr R G Bhoyar Institute Of Pharmacy, Seloo, Dist Wardha",Wardha,Unaided,GOBCS,State Level,Any,37950,
2022-23,D Pharmacy,CAP Round III,04657,"Dr R G Bhoyar Institute Of Pharmacy, Seloo, Dist Wardha",Wardha,Unaided,LOBCS,State Level,Ladies,35370,
2022-23,D Pharmacy,CAP Round III,04657,"Dr R G Bhoyar Institute Of Pharmacy, Seloo, Dist Wardha",Wardha,Unaided,EWS,Special,Any,38313,
2022-23,D Pharmacy,CAP Round III,04659,"Shri Sai College Of Pharmacy, Mouda",Nagpur,Unaided,GOPENS,State Level,Any,40036,
2022-23,D Pharmacy,CAP Round III,04659,"Shri Sai College Of Pharmacy, Mouda",Nagpur,Unaided,LOPENS,State Level,Ladies,34098,
2022-23,D Pharmacy,CAP Round III,04659,"Shri Sai College Of Pharmacy, Mouda",Nagpur,Unaided,GSCS,State Level,Any,42153,
2022-23,D Pharmacy,CAP Round III,04659,"Shri Sai College Of Pharmacy, Mouda",Nagpur,Unaided,GOBCS,State Level,Any,41580,
2022-23,D Pharmacy,CAP Round III,04659,"Shri Sai College Of Pharmacy, Mouda",Nagpur,Unaided,LOBCS,State Level,Ladies,40593,
2022-23,D Pharmacy,CAP Round III,04659,"Shri Sai College Of Pharmacy, Mouda",Nagpur,Unaided,EWS,Special,Any,53585,
2022-23,D Pharmacy,CAP Round III,04659,"Shri Sai College Of Pharmacy, Mouda",Nagpur,Unaided,TFWS,Special,Any,25737,
2022-23,D Pharmacy,CAP Round III,04659,"Shri Sai College Of Pharmacy, Mouda",Nagpur,Unaided,GSTS,State Level,Any,41166,
2022-23,D Pharmacy,CAP Round III,04659,"Shri Sai College Of Pharmacy, Mouda",Nagpur,Unaided,GNT3S,State Level,Any,40643,
2022-23,D Pharmacy,CAP Round III,04660,"Gondia College Of Pharmacy, Chulod",Jalgaon,Unaided,GOPENS,State Level,Any,27039,
2022-23,D Pharmacy,CAP Round III,04660,"Gondia College Of Pharmacy, Chulod",Jalgaon,Unaided,LOPENS,State Level,Ladies,20360,
2022-23,D Pharmacy,CAP Round III,04660,"Gondia College Of Pharmacy, Chulod",Jalgaon,Unaided,GSTS,State Level,Any,70678,
2022-23,D Pharmacy,CAP Round III,04660,"Gondia College Of Pharmacy, Chulod",Jalgaon,Unaided,GOBCS,State Level,Any,27119,
2022-23,D Pharmacy,CAP Round III,04660,"Gondia College Of Pharmacy, Chulod",Jalgaon,Unaided,LOBCS,State Level,Ladies,26625,
2022-23,D Pharmacy,CAP Round III,04660,"Gondia College Of Pharmacy, Chulod",Jalgaon,Unaided,GNT2S,State Level,Any,27268,
2022-23,D Pharmacy,CAP Round III,04660,"Gondia College Of Pharmacy, Chulod",Jalgaon,Unaided,GNT3S,State Level,Any,27351,
2022-23,D Pharmacy,CAP Round III,05005,"NDMVP Samaj's College of Pharmacy, Nashik",Nashik,Unaided,GOPENS,State Level,Any,27409,
2022-23,D Pharmacy,CAP Round III,05005,"NDMVP Samaj's College of Pharmacy, Nashik",Nashik,Unaided,LOPENS,State Level,Ladies,17891,
2022-23,D Pharmacy,CAP Round III,05005,"NDMVP Samaj's College of Pharmacy, Nashik",Nashik,Unaided,GSCS,State Level,Any,30360,
2022-23,D Pharmacy,CAP Round III,05005,"NDMVP Samaj's College of Pharmacy, Nashik",Nashik,Unaided,LSCS,State Level,Ladies,24402,
2022-23,D Pharmacy,CAP Round III,05005,"NDMVP Samaj's College of Pharmacy, Nashik",Nashik,Unaided,LSTS,State Level,Ladies,25044,
2022-23,D Pharmacy,CAP Round III,05005,"NDMVP Samaj's College of Pharmacy, Nashik",Nashik,Unaided,GNT2S,State Level,Any,33738,
2022-23,D Pharmacy,CAP Round III,05005,"NDMVP Samaj's College of Pharmacy, Nashik",Nashik,Unaided,LNT2S,State Level,Ladies,34955,
2022-23,D Pharmacy,CAP Round III,05005,"NDMVP Samaj's College of Pharmacy, Nashik",Nashik,Unaided,GOBCS,State Level,Any,31700,
2022-23,D Pharmacy,CAP Round III,05005,"NDMVP Samaj's College of Pharmacy, Nashik",Nashik,Unaided,LOBCS,State Level,Ladies,24830,
2022-23,D Pharmacy,CAP Round III,05005,"NDMVP Samaj's College of Pharmacy, Nashik",Nashik,Unaided,EWS,Special,Any,36509,
2022-23,D Pharmacy,CAP Round III,05008,"Government Polytechnic, Jalgaon",Jalgaon,Government,GOPENS,State Level,Any,2585,
2022-23,D Pharmacy,CAP Round III,05008,"Government Polytechnic, Jalgaon",Jalgaon,Government,LOPENS,State Level,Ladies,2005,
2022-23,D Pharmacy,CAP Round III,05008,"Government Polytechnic, Jalgaon",Jalgaon,Government,GSCS,State Level,Any,5703,
2022-23,D Pharmacy,CAP Round III,05008,"Government Polytechnic, Jalgaon",Jalgaon,Government,LSCS,State Level,Ladies,3497,
2022-23,D Pharmacy,CAP Round III,05008,"Government Polytechnic, Jalgaon",Jalgaon,Government,LNT2S,State Level,Ladies,10540,
2022-23,D Pharmacy,CAP Round III,05008,"Government Polytechnic, Jalgaon",Jalgaon,Government,GOBCS,State Level,Any,3644,
2022-23,D Pharmacy,CAP Round III,05008,"Government Polytechnic, Jalgaon",Jalgaon,Government,LOBCS,State Level,Ladies,5875,
2022-23,D Pharmacy,CAP Round III,05008,"Government Polytechnic, Jalgaon",Jalgaon,Government,EWS,Special,Any,2897,
2022-23,D Pharmacy,CAP Round III,05008,"Government Polytechnic, Jalgaon",Jalgaon,Government,TFWS,Special,Any,1329,
2022-23,D Pharmacy,CAP Round III,05012,"Pravara Rural Education Society's Pravara Rural College Of Pharmacy, Pravaranagar",Ahmednagar,Aided,GOPENS,State Level,Any,8528,
2022-23,D Pharmacy,CAP Round III,05012,"Pravara Rural Education Society's Pravara Rural College Of Pharmacy, Pravaranagar",Ahmednagar,Aided,LOPENS,State Level,Ladies,4508,
2022-23,D Pharmacy,CAP Round III,05012,"Pravara Rural Education Society's Pravara Rural College Of Pharmacy, Pravaranagar",Ahmednagar,Aided,GSCS,State Level,Any,35774,
2022-23,D Pharmacy,CAP Round III,05012,"Pravara Rural Education Society's Pravara Rural College Of Pharmacy, Pravaranagar",Ahmednagar,Aided,LSCS,State Level,Ladies,31540,
2022-23,D Pharmacy,CAP Round III,05012,"Pravara Rural Education Society's Pravara Rural College Of Pharmacy, Pravaranagar",Ahmednagar,Aided,GSTS,State Level,Any,31072,
2022-23,D Pharmacy,CAP Round III,05012,"Pravara Rural Education Society's Pravara Rural College Of Pharmacy, Pravaranagar",Ahmednagar,Aided,LSTS,State Level,Ladies,49950,
2022-23,D Pharmacy,CAP Round III,05012,"Pravara Rural Education Society's Pravara Rural College Of Pharmacy, Pravaranagar",Ahmednagar,Aided,GVJS,State Level,Any,21918,
2022-23,D Pharmacy,CAP Round III,05012,"Pravara Rural Education Society's Pravara Rural College Of Pharmacy, Pravaranagar",Ahmednagar,Aided,LVJS,State Level,Ladies,36401,
2022-23,D Pharmacy,CAP Round III,05012,"Pravara Rural Education Society's Pravara Rural College Of Pharmacy, Pravaranagar",Ahmednagar,Aided,GNT1S,State Level,Any,22095,
2022-23,D Pharmacy,CAP Round III,05012,"Pravara Rural Education Society's Pravara Rural College Of Pharmacy, Pravaranagar",Ahmednagar,Aided,GNT3S,State Level,Any,12055,
2022-23,D Pharmacy,CAP Round III,05012,"Pravara Rural Education Society's Pravara Rural College Of Pharmacy, Pravaranagar",Ahmednagar,Aided,GOBCS,State Level,Any,12369,
2022-23,D Pharmacy,CAP Round III,05012,"Pravara Rural Education Society's Pravara Rural College Of Pharmacy, Pravaranagar",Ahmednagar,Aided,EWS,Special,Any,6114,
2022-23,D Pharmacy,CAP Round III,05012,"Pravara Rural Education Society's Pravara Rural College Of Pharmacy, Pravaranagar",Ahmednagar,Aided,ORPHAN,Special,Any,8677,
2022-23,D Pharmacy,CAP Round III,05013,"Mahatma Gandhi Taluka Shikshan Mandal's Sharadchandrika S. Patil Inst of Technology, Chopda",Jalgaon,Aided,GOPENS,State Level,Any,15815,
2022-23,D Pharmacy,CAP Round III,05013,"Mahatma Gandhi Taluka Shikshan Mandal's Sharadchandrika S. Patil Inst of Technology, Chopda",Jalgaon,Aided,LOPENS,State Level,Ladies,9579,
2022-23,D Pharmacy,CAP Round III,05013,"Mahatma Gandhi Taluka Shikshan Mandal's Sharadchandrika S. Patil Inst of Technology, Chopda",Jalgaon,Aided,GSCS,State Level,Any,36007,
2022-23,D Pharmacy,CAP Round III,05013,"Mahatma Gandhi Taluka Shikshan Mandal's Sharadchandrika S. Patil Inst of Technology, Chopda",Jalgaon,Aided,LSCS,State Level,Ladies,16870,
2022-23,D Pharmacy,CAP Round III,05013,"Mahatma Gandhi Taluka Shikshan Mandal's Sharadchandrika S. Patil Inst of Technology, Chopda",Jalgaon,Aided,GVJS,State Level,Any,25136,
2022-23,D Pharmacy,CAP Round III,05013,"Mahatma Gandhi Taluka Shikshan Mandal's Sharadchandrika S. Patil Inst of Technology, Chopda",Jalgaon,Aided,GNT2S,State Level,Any,27043,
2022-23,D Pharmacy,CAP Round III,05013,"Mahatma Gandhi Taluka Shikshan Mandal's Sharadchandrika S. Patil Inst of Technology, Chopda",Jalgaon,Aided,GNT3S,State Level,Any,51556,
2022-23,D Pharmacy,CAP Round III,05013,"Mahatma Gandhi Taluka Shikshan Mandal's Sharadchandrika S. Patil Inst of Technology, Chopda",Jalgaon,Aided,GOBCS,State Level,Any,18035,
2022-23,D Pharmacy,CAP Round III,05013,"Mahatma Gandhi Taluka Shikshan Mandal's Sharadchandrika S. Patil Inst of Technology, Chopda",Jalgaon,Aided,LOBCS,State Level,Ladies,8074,
2022-23,D Pharmacy,CAP Round III,05013,"Mahatma Gandhi Taluka Shikshan Mandal's Sharadchandrika S. Patil Inst of Technology, Chopda",Jalgaon,Aided,EWS,Special,Any,14160,
2022-23,D Pharmacy,CAP Round III,05013,"Mahatma Gandhi Taluka Shikshan Mandal's Sharadchandrika S. Patil Inst of Technology, Chopda",Jalgaon,Aided,TFWS,Special,Any,4646,
2022-23,D Pharmacy,CAP Round III,05014,"Anjuman Imdadut Tulba's Institute Of Pharmacy, Malegaon(Nashik)",Nashik,Aided,GOPENS,State Level,Any,15864,
2022-23,D Pharmacy,CAP Round III,05014,"Anjuman Imdadut Tulba's Institute Of Pharmacy, Malegaon(Nashik)",Nashik,Aided,LOPENS,State Level,Ladies,19513,
2022-23,D Pharmacy,CAP Round III,05014,"Anjuman Imdadut Tulba's Institute Of Pharmacy, Malegaon(Nashik)",Nashik,Aided,MI,Special,Any,18080,
2022-23,D Pharmacy,CAP Round III,05154,"Mahatma Gandhi Vidya Mandir's Pharmacy College, Panchavati, Nashik",Nashik,Unaided,GOPENS,State Level,Any,30159,
2022-23,D Pharmacy,CAP Round III,05154,"Mahatma Gandhi Vidya Mandir's Pharmacy College, Panchavati, Nashik",Nashik,Unaided,LOPENS,State Level,Ladies,19599,
2022-23,D Pharmacy,CAP Round III,05154,"Mahatma Gandhi Vidya Mandir's Pharmacy College, Panchavati, Nashik",Nashik,Unaided,GSCS,State Level,Any,31282,
2022-23,D Pharmacy,CAP Round III,05154,"Mahatma Gandhi Vidya Mandir's Pharmacy College, Panchavati, Nashik",Nashik,Unaided,LSCS,State Level,Ladies,59960,
2022-23,D Pharmacy,CAP Round III,05154,"Mahatma Gandhi Vidya Mandir's Pharmacy College, Panchavati, Nashik",Nashik,Unaided,GSTS,State Level,Any,37509,
2022-23,D Pharmacy,CAP Round III,05154,"Mahatma Gandhi Vidya Mandir's Pharmacy College, Panchavati, Nashik",Nashik,Unaided,GNT2S,State Level,Any,37024,
2022-23,D Pharmacy,CAP Round III,05154,"Mahatma Gandhi Vidya Mandir's Pharmacy College, Panchavati, Nashik",Nashik,Unaided,GOBCS,State Level,Any,40485,
2022-23,D Pharmacy,CAP Round III,05154,"Mahatma Gandhi Vidya Mandir's Pharmacy College, Panchavati, Nashik",Nashik,Unaided,LOBCS,State Level,Ladies,34790,
2022-23,D Pharmacy,CAP Round III,05154,"Mahatma Gandhi Vidya Mandir's Pharmacy College, Panchavati, Nashik",Nashik,Unaided,EWS,Special,Any,15735,
2022-23,D Pharmacy,CAP Round III,05154,"Mahatma Gandhi Vidya Mandir's Pharmacy College, Panchavati, Nashik",Nashik,Unaided,TFWS,Special,Any,25898,
2022-23,D Pharmacy,CAP Round III,05155,"Dhulia Charitable Society's Annasaheb Ramesh Ajmera College of Pharmacy, Nagaon",Ahmednagar,Unaided,GOPENS,State Level,Any,28740,
2022-23,D Pharmacy,CAP Round III,05155,"Dhulia Charitable Society's Annasaheb Ramesh Ajmera College of Pharmacy, Nagaon",Ahmednagar,Unaided,LOPENS,State Level,Ladies,33017,
2022-23,D Pharmacy,CAP Round III,05155,"Dhulia Charitable Society's Annasaheb Ramesh Ajmera College of Pharmacy, Nagaon",Ahmednagar,Unaided,GSCS,State Level,Any,50276,
2022-23,D Pharmacy,CAP Round III,05155,"Dhulia Charitable Society's Annasaheb Ramesh Ajmera College of Pharmacy, Nagaon",Ahmednagar,Unaided,GVJS,State Level,Any,36727,
2022-23,D Pharmacy,CAP Round III,05155,"Dhulia Charitable Society's Annasaheb Ramesh Ajmera College of Pharmacy, Nagaon",Ahmednagar,Unaided,GNT2S,State Level,Any,33422,
2022-23,D Pharmacy,CAP Round III,05155,"Dhulia Charitable Society's Annasaheb Ramesh Ajmera College of Pharmacy, Nagaon",Ahmednagar,Unaided,GNT3S,State Level,Any,63247,
2022-23,D Pharmacy,CAP Round III,05155,"Dhulia Charitable Society's Annasaheb Ramesh Ajmera College of Pharmacy, Nagaon",Ahmednagar,Unaided,GOBCS,State Level,Any,31247,
2022-23,D Pharmacy,CAP Round III,05155,"Dhulia Charitable Society's Annasaheb Ramesh Ajmera College of Pharmacy, Nagaon",Ahmednagar,Unaided,LOBCS,State Level,Ladies,35260,
2022-23,D Pharmacy,CAP Round III,05155,"Dhulia Charitable Society's Annasaheb Ramesh Ajmera College of Pharmacy, Nagaon",Ahmednagar,Unaided,EWS,Special,Any,78705,
2022-23,D Pharmacy,CAP Round III,05155,"Dhulia Charitable Society's Annasaheb Ramesh Ajmera College of Pharmacy, Nagaon",Ahmednagar,Unaided,TFWS,Special,Any,31019,
2022-23,D Pharmacy,CAP Round III,05185,"Pravara Rural Education Society's Pravara Rural College of Pharmacy,Pravararanagar",Ahmednagar,Unaided,GOPENS,State Level,Any,27905,
2022-23,D Pharmacy,CAP Round III,05185,"Pravara Rural Education Society's Pravara Rural College of Pharmacy,Pravararanagar",Ahmednagar,Unaided,LOPENS,State Level,Ladies,24154,
2022-23,D Pharmacy,CAP Round III,05185,"Pravara Rural Education Society's Pravara Rural College of Pharmacy,Pravararanagar",Ahmednagar,Unaided,GSCS,State Level,Any,37595,
2022-23,D Pharmacy,CAP Round III,05185,"Pravara Rural Education Society's Pravara Rural College of Pharmacy,Pravararanagar",Ahmednagar,Unaided,GSTS,State Level,Any,51281,
2022-23,D Pharmacy,CAP Round III,05185,"Pravara Rural Education Society's Pravara Rural College of Pharmacy,Pravararanagar",Ahmednagar,Unaided,GNT1S,State Level,Any,42230,
2022-23,D Pharmacy,CAP Round III,05185,"Pravara Rural Education Society's Pravara Rural College of Pharmacy,Pravararanagar",Ahmednagar,Unaided,GOBCS,State Level,Any,34041,
2022-23,D Pharmacy,CAP Round III,05185,"Pravara Rural Education Society's Pravara Rural College of Pharmacy,Pravararanagar",Ahmednagar,Unaided,LOBCS,State Level,Ladies,35394,
2022-23,D Pharmacy,CAP Round III,05185,"Pravara Rural Education Society's Pravara Rural College of Pharmacy,Pravararanagar",Ahmednagar,Unaided,TFWS,Special,Any,16004,
2022-23,D Pharmacy,CAP Round III,05186,"R. C. Patel Institute of Pharmaceutical Education and Research, Shirpur",Dhule,Unaided,GOPENS,State Level,Any,8696,
2022-23,D Pharmacy,CAP Round III,05187,"MGSM's Smt. Sharadchandrika Suresh Patil College of Pharmacy, Chopda",Jalgaon,Unaided,GOPENS,State Level,Any,20405,
2022-23,D Pharmacy,CAP Round III,05187,"MGSM's Smt. Sharadchandrika Suresh Patil College of Pharmacy, Chopda",Jalgaon,Unaided,GSCS,State Level,Any,47446,
2022-23,D Pharmacy,CAP Round III,05187,"MGSM's Smt. Sharadchandrika Suresh Patil College of Pharmacy, Chopda",Jalgaon,Unaided,GSTS,State Level,Any,21730,
2022-23,D Pharmacy,CAP Round III,05192,"SNJB's Shriman Sureshdada Jain College of Pharmacy, Neminagar, Chandwad, Nashik",Nashik,Unaided,GOPENS,State Level,Any,35114,
2022-23,D Pharmacy,CAP Round III,05192,"SNJB's Shriman Sureshdada Jain College of Pharmacy, Neminagar, Chandwad, Nashik",Nashik,Unaided,LOPENS,State Level,Ladies,25310,
2022-23,D Pharmacy,CAP Round III,05192,"SNJB's Shriman Sureshdada Jain College of Pharmacy, Neminagar, Chandwad, Nashik",Nashik,Unaided,MI,Special,Any,42033,
2022-23,D Pharmacy,CAP Round III,05193,Mula Education Society's College of Pharmacy.Sonai,Ahmednagar,Unaided,GOPENS,State Level,Any,32746,
2022-23,D Pharmacy,CAP Round III,05193,Mula Education Society's College of Pharmacy.Sonai,Ahmednagar,Unaided,LOPENS,State Level,Ladies,27227,
2022-23,D Pharmacy,CAP Round III,05193,Mula Education Society's College of Pharmacy.Sonai,Ahmednagar,Unaided,GSCS,State Level,Any,52420,
2022-23,D Pharmacy,CAP Round III,05193,Mula Education Society's College of Pharmacy.Sonai,Ahmednagar,Unaided,GSTS,State Level,Any,59416,
2022-23,D Pharmacy,CAP Round III,05193,Mula Education Society's College of Pharmacy.Sonai,Ahmednagar,Unaided,GVJS,State Level,Any,48172,
2022-23,D Pharmacy,CAP Round III,05193,Mula Education Society's College of Pharmacy.Sonai,Ahmednagar,Unaided,GOBCS,State Level,Any,38350,
2022-23,D Pharmacy,CAP Round III,05193,Mula Education Society's College of Pharmacy.Sonai,Ahmednagar,Unaided,EWS,Special,Any,34767,
2022-23,D Pharmacy,CAP Round III,05195,"Sanjivani Rural Education Society's Sanjivani College of Pharmaceutical & Research, Kopargaon",Ahmednagar,Unaided,GOPENS,State Level,Any,26899,
2022-23,D Pharmacy,CAP Round III,05195,"Sanjivani Rural Education Society's Sanjivani College of Pharmaceutical & Research, Kopargaon",Ahmednagar,Unaided,LOPENS,State Level,Ladies,19272,
2022-23,D Pharmacy,CAP Round III,05195,"Sanjivani Rural Education Society's Sanjivani College of Pharmaceutical & Research, Kopargaon",Ahmednagar,Unaided,LSCS,State Level,Ladies,35169,
2022-23,D Pharmacy,CAP Round III,05195,"Sanjivani Rural Education Society's Sanjivani College of Pharmaceutical & Research, Kopargaon",Ahmednagar,Unaided,GSTS,State Level,Any,55118,
2022-23,D Pharmacy,CAP Round III,05195,"Sanjivani Rural Education Society's Sanjivani College of Pharmaceutical & Research, Kopargaon",Ahmednagar,Unaided,GNT2S,State Level,Any,36524,
2022-23,D Pharmacy,CAP Round III,05195,"Sanjivani Rural Education Society's Sanjivani College of Pharmaceutical & Research, Kopargaon",Ahmednagar,Unaided,GOBCS,State Level,Any,38543,
2022-23,D Pharmacy,CAP Round III,05195,"Sanjivani Rural Education Society's Sanjivani College of Pharmaceutical & Research, Kopargaon",Ahmednagar,Unaided,EWS,Special,Any,28139,
2022-23,D Pharmacy,CAP Round III,05195,"Sanjivani Rural Education Society's Sanjivani College of Pharmaceutical & Research, Kopargaon",Ahmednagar,Unaided,TFWS,Special,Any,16699,
2022-23,D Pharmacy,CAP Round III,05197,"Jagdamba Education Soceity,S.N.D. College of Pharmacy Babhulgaon, Nashik",Nashik,Unaided,GOPENS,State Level,Any,36888,
2022-23,D Pharmacy,CAP Round III,05197,"Jagdamba Education Soceity,S.N.D. College of Pharmacy Babhulgaon, Nashik",Nashik,Unaided,LOPENS,State Level,Ladies,34953,
2022-23,D Pharmacy,CAP Round III,05197,"Jagdamba Education Soceity,S.N.D. College of Pharmacy Babhulgaon, Nashik",Nashik,Unaided,GSCS,State Level,Any,58509,
2022-23,D Pharmacy,CAP Round III,05197,"Jagdamba Education Soceity,S.N.D. College of Pharmacy Babhulgaon, Nashik",Nashik,Unaided,LSCS,State Level,Ladies,50930,
2022-23,D Pharmacy,CAP Round III,05197,"Jagdamba Education Soceity,S.N.D. College of Pharmacy Babhulgaon, Nashik",Nashik,Unaided,LNT1S,State Level,Ladies,74557,
2022-23,D Pharmacy,CAP Round III,05197,"Jagdamba Education Soceity,S.N.D. College of Pharmacy Babhulgaon, Nashik",Nashik,Unaided,GOBCS,State Level,Any,37377,
2022-23,D Pharmacy,CAP Round III,05203,"K.B.H.S.S. Trust's Institute of Pharmacy, Malegaon Camp, Malegaon, Nashik",Nashik,Unaided,GOPENS,State Level,Any,27495,
2022-23,D Pharmacy,CAP Round III,05203,"K.B.H.S.S. Trust's Institute of Pharmacy, Malegaon Camp, Malegaon, Nashik",Nashik,Unaided,LSCS,State Level,Ladies,76901,
2022-23,D Pharmacy,CAP Round III,05203,"K.B.H.S.S. Trust's Institute of Pharmacy, Malegaon Camp, Malegaon, Nashik",Nashik,Unaided,LVJS,State Level,Ladies,70712,
2022-23,D Pharmacy,CAP Round III,05203,"K.B.H.S.S. Trust's Institute of Pharmacy, Malegaon Camp, Malegaon, Nashik",Nashik,Unaided,GNT1S,State Level,Any,42173,
2022-23,D Pharmacy,CAP Round III,05203,"K.B.H.S.S. Trust's Institute of Pharmacy, Malegaon Camp, Malegaon, Nashik",Nashik,Unaided,EWS,Special,Any,51114,
2022-23,D Pharmacy,CAP Round III,05204,"Nagaon Education Society Gangamai College of Pharmacy, Nagaon,Dhule",Dhule,Unaided,GOPENS,State Level,Any,31471,
2022-23,D Pharmacy,CAP Round III,05204,"Nagaon Education Society Gangamai College of Pharmacy, Nagaon,Dhule",Dhule,Unaided,GSCS,State Level,Any,61841,
2022-23,D Pharmacy,CAP Round III,05204,"Nagaon Education Society Gangamai College of Pharmacy, Nagaon,Dhule",Dhule,Unaided,GSTS,State Level,Any,32206,
2022-23,D Pharmacy,CAP Round III,05204,"Nagaon Education Society Gangamai College of Pharmacy, Nagaon,Dhule",Dhule,Unaided,GOBCS,State Level,Any,33211,
2022-23,D Pharmacy,CAP Round III,05204,"Nagaon Education Society Gangamai College of Pharmacy, Nagaon,Dhule",Dhule,Unaided,EWS,Special,Any,82067,
2022-23,D Pharmacy,CAP Round III,05204,"Nagaon Education Society Gangamai College of Pharmacy, Nagaon,Dhule",Dhule,Unaided,TFWS,Special,Any,24347,
2022-23,D Pharmacy,CAP Round III,05205,"MGVM's Samajshri Prashantdada Hiray College of Pharmacy, Malegaon Camp, Malegaon",Nashik,Unaided,GOPENS,State Level,Any,28275,
2022-23,D Pharmacy,CAP Round III,05205,"MGVM's Samajshri Prashantdada Hiray College of Pharmacy, Malegaon Camp, Malegaon",Nashik,Unaided,LOPENS,State Level,Ladies,7286,
2022-23,D Pharmacy,CAP Round III,05205,"MGVM's Samajshri Prashantdada Hiray College of Pharmacy, Malegaon Camp, Malegaon",Nashik,Unaided,GSCS,State Level,Any,65232,
2022-23,D Pharmacy,CAP Round III,05205,"MGVM's Samajshri Prashantdada Hiray College of Pharmacy, Malegaon Camp, Malegaon",Nashik,Unaided,GNT3S,State Level,Any,57037,
2022-23,D Pharmacy,CAP Round III,05205,"MGVM's Samajshri Prashantdada Hiray College of Pharmacy, Malegaon Camp, Malegaon",Nashik,Unaided,GOBCS,State Level,Any,29703,
2022-23,D Pharmacy,CAP Round III,05205,"MGVM's Samajshri Prashantdada Hiray College of Pharmacy, Malegaon Camp, Malegaon",Nashik,Unaided,EWS,Special,Any,46542,
2022-23,D Pharmacy,CAP Round III,05207,"MET's, Institute of Pharmacy,Bhujbal Knowledge City, Metleague Colleges, Adgaon, Nashik",Nashik,Unaided,GOPENS,State Level,Any,31503,
2022-23,D Pharmacy,CAP Round III,05207,"MET's, Institute of Pharmacy,Bhujbal Knowledge City, Metleague Colleges, Adgaon, Nashik",Nashik,Unaided,LOPENS,State Level,Ladies,18629,
2022-23,D Pharmacy,CAP Round III,05207,"MET's, Institute of Pharmacy,Bhujbal Knowledge City, Metleague Colleges, Adgaon, Nashik",Nashik,Unaided,GSCS,State Level,Any,44491,
2022-23,D Pharmacy,CAP Round III,05207,"MET's, Institute of Pharmacy,Bhujbal Knowledge City, Metleague Colleges, Adgaon, Nashik",Nashik,Unaided,GVJS,State Level,Any,33830,
2022-23,D Pharmacy,CAP Round III,05207,"MET's, Institute of Pharmacy,Bhujbal Knowledge City, Metleague Colleges, Adgaon, Nashik",Nashik,Unaided,GOBCS,State Level,Any,37359,
2022-23,D Pharmacy,CAP Round III,05207,"MET's, Institute of Pharmacy,Bhujbal Knowledge City, Metleague Colleges, Adgaon, Nashik",Nashik,Unaided,EWS,Special,Any,43070,
2022-23,D Pharmacy,CAP Round III,05208,"Royal College of Pharmacetical Education & Research, Sione, Khrud, Malegaon",Nashik,Unaided,GOPENS,State Level,Any,37490,
2022-23,D Pharmacy,CAP Round III,05208,"Royal College of Pharmacetical Education & Research, Sione, Khrud, Malegaon",Nashik,Unaided,LOPENS,State Level,Ladies,38191,
2022-23,D Pharmacy,CAP Round III,05208,"Royal College of Pharmacetical Education & Research, Sione, Khrud, Malegaon",Nashik,Unaided,GSCS,State Level,Any,73572,
2022-23,D Pharmacy,CAP Round III,05208,"Royal College of Pharmacetical Education & Research, Sione, Khrud, Malegaon",Nashik,Unaided,LSCS,State Level,Ladies,81471,
2022-23,D Pharmacy,CAP Round III,05208,"Royal College of Pharmacetical Education & Research, Sione, Khrud, Malegaon",Nashik,Unaided,GSTS,State Level,Any,49630,
2022-23,D Pharmacy,CAP Round III,05208,"Royal College of Pharmacetical Education & Research, Sione, Khrud, Malegaon",Nashik,Unaided,GNT2S,State Level,Any,43309,
2022-23,D Pharmacy,CAP Round III,05208,"Royal College of Pharmacetical Education & Research, Sione, Khrud, Malegaon",Nashik,Unaided,GNT3S,State Level,Any,56623,
2022-23,D Pharmacy,CAP Round III,05208,"Royal College of Pharmacetical Education & Research, Sione, Khrud, Malegaon",Nashik,Unaided,GOBCS,State Level,Any,39559,
2022-23,D Pharmacy,CAP Round III,05208,"Royal College of Pharmacetical Education & Research, Sione, Khrud, Malegaon",Nashik,Unaided,LOBCS,State Level,Ladies,41653,
2022-23,D Pharmacy,CAP Round III,05208,"Royal College of Pharmacetical Education & Research, Sione, Khrud, Malegaon",Nashik,Unaided,EWS,Special,Any,49521,
2022-23,D Pharmacy,CAP Round III,05209,"Kai Yashodabai Dagadu Saraf Charitable Trust's College of Pharmacy, Sakegaon",Jalgaon,Unaided,GOPENS,State Level,Any,27550,
2022-23,D Pharmacy,CAP Round III,05209,"Kai Yashodabai Dagadu Saraf Charitable Trust's College of Pharmacy, Sakegaon",Jalgaon,Unaided,LOPENS,State Level,Ladies,22663,
2022-23,D Pharmacy,CAP Round III,05209,"Kai Yashodabai Dagadu Saraf Charitable Trust's College of Pharmacy, Sakegaon",Jalgaon,Unaided,GSCS,State Level,Any,52371,
2022-23,D Pharmacy,CAP Round III,05209,"Kai Yashodabai Dagadu Saraf Charitable Trust's College of Pharmacy, Sakegaon",Jalgaon,Unaided,GSTS,State Level,Any,47891,
2022-23,D Pharmacy,CAP Round III,05209,"Kai Yashodabai Dagadu Saraf Charitable Trust's College of Pharmacy, Sakegaon",Jalgaon,Unaided,GOBCS,State Level,Any,29283,
2022-23,D Pharmacy,CAP Round III,05209,"Kai Yashodabai Dagadu Saraf Charitable Trust's College of Pharmacy, Sakegaon",Jalgaon,Unaided,LOBCS,State Level,Ladies,28230,
2022-23,D Pharmacy,CAP Round III,05209,"Kai Yashodabai Dagadu Saraf Charitable Trust's College of Pharmacy, Sakegaon",Jalgaon,Unaided,EWS,Special,Any,29614,
2022-23,D Pharmacy,CAP Round III,05209,"Kai Yashodabai Dagadu Saraf Charitable Trust's College of Pharmacy, Sakegaon",Jalgaon,Unaided,TFWS,Special,Any,6163,
2022-23,D Pharmacy,CAP Round III,05264,"Adivasi Seva Samiti's Institute Of Industrial & Pharmaceutical Technology, Nashik",Nashik,Unaided,GOPENS,State Level,Any,44212,
2022-23,D Pharmacy,CAP Round III,05264,"Adivasi Seva Samiti's Institute Of Industrial & Pharmaceutical Technology, Nashik",Nashik,Unaided,LOPENS,State Level,Ladies,44043,
2022-23,D Pharmacy,CAP Round III,05264,"Adivasi Seva Samiti's Institute Of Industrial & Pharmaceutical Technology, Nashik",Nashik,Unaided,GOBCS,State Level,Any,49602,
2022-23,D Pharmacy,CAP Round III,05264,"Adivasi Seva Samiti's Institute Of Industrial & Pharmaceutical Technology, Nashik",Nashik,Unaided,LOBCS,State Level,Ladies,44515,
2022-23,D Pharmacy,CAP Round III,05265,"Dhule Charitable Society's Institute of Pharmacy, Dhule",Dhule,Unaided,GOPENS,State Level,Any,31887,
2022-23,D Pharmacy,CAP Round III,05265,"Dhule Charitable Society's Institute of Pharmacy, Dhule",Dhule,Unaided,LOPENS,State Level,Ladies,26551,
2022-23,D Pharmacy,CAP Round III,05265,"Dhule Charitable Society's Institute of Pharmacy, Dhule",Dhule,Unaided,GSCS,State Level,Any,34926,
2022-23,D Pharmacy,CAP Round III,05265,"Dhule Charitable Society's Institute of Pharmacy, Dhule",Dhule,Unaided,GNT1S,State Level,Any,39309,
2022-23,D Pharmacy,CAP Round III,05265,"Dhule Charitable Society's Institute of Pharmacy, Dhule",Dhule,Unaided,GOBCS,State Level,Any,34141,
2022-23,D Pharmacy,CAP Round III,05265,"Dhule Charitable Society's Institute of Pharmacy, Dhule",Dhule,Unaided,LOBCS,State Level,Ladies,32677,
2022-23,D Pharmacy,CAP Round III,05265,"Dhule Charitable Society's Institute of Pharmacy, Dhule",Dhule,Unaided,EWS,Special,Any,80440,
2022-23,D Pharmacy,CAP Round III,05266,"Tapi Valley Education Society's Institute of Pharmacy,Faizpur",Jalgaon,Unaided,GOPENS,State Level,Any,24293,
2022-23,D Pharmacy,CAP Round III,05266,"Tapi Valley Education Society's Institute of Pharmacy,Faizpur",Jalgaon,Unaided,LOPENS,State Level,Ladies,12288,
2022-23,D Pharmacy,CAP Round III,05266,"Tapi Valley Education Society's Institute of Pharmacy,Faizpur",Jalgaon,Unaided,GSCS,State Level,Any,56609,
2022-23,D Pharmacy,CAP Round III,05266,"Tapi Valley Education Society's Institute of Pharmacy,Faizpur",Jalgaon,Unaided,GOBCS,State Level,Any,26894,
2022-23,D Pharmacy,CAP Round III,05266,"Tapi Valley Education Society's Institute of Pharmacy,Faizpur",Jalgaon,Unaided,EWS,Special,Any,28071,
2022-23,D Pharmacy,CAP Round III,05266,"Tapi Valley Education Society's Institute of Pharmacy,Faizpur",Jalgaon,Unaided,TFWS,Special,Any,13541,
2022-23,D Pharmacy,CAP Round III,05267,"Kisan Vidya Prasarak Sanstha's Maharani Ahilyabai Holkar College of Pharmacy, Shingave Shivar, Shirpur",Dhule,Unaided,GOPENS,State Level,Any,22393,
2022-23,D Pharmacy,CAP Round III,05267,"Kisan Vidya Prasarak Sanstha's Maharani Ahilyabai Holkar College of Pharmacy, Shingave Shivar, Shirpur",Dhule,Unaided,GSCS,State Level,Any,29372,
2022-23,D Pharmacy,CAP Round III,05267,"Kisan Vidya Prasarak Sanstha's Maharani Ahilyabai Holkar College of Pharmacy, Shingave Shivar, Shirpur",Dhule,Unaided,GNT2S,State Level,Any,32179,
2022-23,D Pharmacy,CAP Round III,05267,"Kisan Vidya Prasarak Sanstha's Maharani Ahilyabai Holkar College of Pharmacy, Shingave Shivar, Shirpur",Dhule,Unaided,GOBCS,State Level,Any,25071,
2022-23,D Pharmacy,CAP Round III,05267,"Kisan Vidya Prasarak Sanstha's Maharani Ahilyabai Holkar College of Pharmacy, Shingave Shivar, Shirpur",Dhule,Unaided,EWS,Special,Any,27394,
2022-23,D Pharmacy,CAP Round III,05267,"Kisan Vidya Prasarak Sanstha's Maharani Ahilyabai Holkar College of Pharmacy, Shingave Shivar, Shirpur",Dhule,Unaided,TFWS,Special,Any,5657,
2022-23,D Pharmacy,CAP Round III,05267,"Kisan Vidya Prasarak Sanstha's Maharani Ahilyabai Holkar College of Pharmacy, Shingave Shivar, Shirpur",Dhule,Unaided,LNT3S,State Level,Ladies,23760,
2022-23,D Pharmacy,CAP Round III,05268,"Shree Neminath Jain Brahmacharyashram Jain Gurukul's Shri.Deepchand Fakirchand Lodha Pharmacy Institute, Chandwad",Chhatrapati Sambhajinagar,Unaided,GOPENS,State Level,Any,45914,
2022-23,D Pharmacy,CAP Round III,05268,"Shree Neminath Jain Brahmacharyashram Jain Gurukul's Shri.Deepchand Fakirchand Lodha Pharmacy Institute, Chandwad",Chhatrapati Sambhajinagar,Unaided,LOPENS,State Level,Ladies,42706,
2022-23,D Pharmacy,CAP Round III,05268,"Shree Neminath Jain Brahmacharyashram Jain Gurukul's Shri.Deepchand Fakirchand Lodha Pharmacy Institute, Chandwad",Chhatrapati Sambhajinagar,Unaided,TFWS,Special,Any,7902,
2022-23,D Pharmacy,CAP Round III,05272,"Nandurbar Taluka Vidhayak Sanstha's Institute of Pharmacy,Nandurbar",Nandurbar,Unaided,GOPENS,State Level,Any,14200,
2022-23,D Pharmacy,CAP Round III,05273,"Late Shree Yashwantrao Chavan MMRDF Yashwantrao Chavan College of Pharmacy, Ahmednagar",Ahmednagar,Unaided,GOPENS,State Level,Any,31684,
2022-23,D Pharmacy,CAP Round III,05273,"Late Shree Yashwantrao Chavan MMRDF Yashwantrao Chavan College of Pharmacy, Ahmednagar",Ahmednagar,Unaided,LOPENS,State Level,Ladies,27215,
2022-23,D Pharmacy,CAP Round III,05273,"Late Shree Yashwantrao Chavan MMRDF Yashwantrao Chavan College of Pharmacy, Ahmednagar",Ahmednagar,Unaided,GSCS,State Level,Any,47870,
2022-23,D Pharmacy,CAP Round III,05273,"Late Shree Yashwantrao Chavan MMRDF Yashwantrao Chavan College of Pharmacy, Ahmednagar",Ahmednagar,Unaided,GSTS,State Level,Any,33447,
2022-23,D Pharmacy,CAP Round III,05273,"Late Shree Yashwantrao Chavan MMRDF Yashwantrao Chavan College of Pharmacy, Ahmednagar",Ahmednagar,Unaided,GOBCS,State Level,Any,38016,
2022-23,D Pharmacy,CAP Round III,05274,"Nashik District Maratha Vidya Prasarak Samaj's Institute Of Pharmaceutical Sciences, Adgaon, Nashik",Nashik,Unaided,GOPENS,State Level,Any,41980,
2022-23,D Pharmacy,CAP Round III,05274,"Nashik District Maratha Vidya Prasarak Samaj's Institute Of Pharmaceutical Sciences, Adgaon, Nashik",Nashik,Unaided,GSCS,State Level,Any,54964,
2022-23,D Pharmacy,CAP Round III,05274,"Nashik District Maratha Vidya Prasarak Samaj's Institute Of Pharmaceutical Sciences, Adgaon, Nashik",Nashik,Unaided,GSTS,State Level,Any,49722,
2022-23,D Pharmacy,CAP Round III,05274,"Nashik District Maratha Vidya Prasarak Samaj's Institute Of Pharmaceutical Sciences, Adgaon, Nashik",Nashik,Unaided,GVJS,State Level,Any,45759,
2022-23,D Pharmacy,CAP Round III,05274,"Nashik District Maratha Vidya Prasarak Samaj's Institute Of Pharmaceutical Sciences, Adgaon, Nashik",Nashik,Unaided,GNT2S,State Level,Any,54757,
2022-23,D Pharmacy,CAP Round III,05274,"Nashik District Maratha Vidya Prasarak Samaj's Institute Of Pharmaceutical Sciences, Adgaon, Nashik",Nashik,Unaided,GNT3S,State Level,Any,47540,
2022-23,D Pharmacy,CAP Round III,05274,"Nashik District Maratha Vidya Prasarak Samaj's Institute Of Pharmaceutical Sciences, Adgaon, Nashik",Nashik,Unaided,GOBCS,State Level,Any,51285,
2022-23,D Pharmacy,CAP Round III,05274,"Nashik District Maratha Vidya Prasarak Samaj's Institute Of Pharmaceutical Sciences, Adgaon, Nashik",Nashik,Unaided,EWS,Special,Any,52270,
2022-23,D Pharmacy,CAP Round III,05275,"Kisan Dnanodaya Mandal's Institute Of Pharmacy, Chalisgaon, Jalgaon",Jalgaon,Unaided,GOPENS,State Level,Any,38226,
2022-23,D Pharmacy,CAP Round III,05275,"Kisan Dnanodaya Mandal's Institute Of Pharmacy, Chalisgaon, Jalgaon",Jalgaon,Unaided,LOPENS,State Level,Ladies,33950,
2022-23,D Pharmacy,CAP Round III,05275,"Kisan Dnanodaya Mandal's Institute Of Pharmacy, Chalisgaon, Jalgaon",Jalgaon,Unaided,GSCS,State Level,Any,76139,
2022-23,D Pharmacy,CAP Round III,05275,"Kisan Dnanodaya Mandal's Institute Of Pharmacy, Chalisgaon, Jalgaon",Jalgaon,Unaided,LSCS,State Level,Ladies,76038,
2022-23,D Pharmacy,CAP Round III,05275,"Kisan Dnanodaya Mandal's Institute Of Pharmacy, Chalisgaon, Jalgaon",Jalgaon,Unaided,GSTS,State Level,Any,40725,
2022-23,D Pharmacy,CAP Round III,05275,"Kisan Dnanodaya Mandal's Institute Of Pharmacy, Chalisgaon, Jalgaon",Jalgaon,Unaided,GNT1S,State Level,Any,48316,
2022-23,D Pharmacy,CAP Round III,05275,"Kisan Dnanodaya Mandal's Institute Of Pharmacy, Chalisgaon, Jalgaon",Jalgaon,Unaided,GNT2S,State Level,Any,43760,
2022-23,D Pharmacy,CAP Round III,05275,"Kisan Dnanodaya Mandal's Institute Of Pharmacy, Chalisgaon, Jalgaon",Jalgaon,Unaided,GOBCS,State Level,Any,42480,
2022-23,D Pharmacy,CAP Round III,05275,"Kisan Dnanodaya Mandal's Institute Of Pharmacy, Chalisgaon, Jalgaon",Jalgaon,Unaided,LOBCS,State Level,Ladies,42917,
2022-23,D Pharmacy,CAP Round III,05275,"Kisan Dnanodaya Mandal's Institute Of Pharmacy, Chalisgaon, Jalgaon",Jalgaon,Unaided,EWS,Special,Any,45171,
2022-23,D Pharmacy,CAP Round III,05275,"Kisan Dnanodaya Mandal's Institute Of Pharmacy, Chalisgaon, Jalgaon",Jalgaon,Unaided,TFWS,Special,Any,15678,
2022-23,D Pharmacy,CAP Round III,05276,"Khandesh Education Society's Late Shri. Pandharinath Chhagansheth Bhandarkar College of D. Pharmacy, Amalner",Jalgaon,Unaided,GOPENS,State Level,Any,22168,
2022-23,D Pharmacy,CAP Round III,05276,"Khandesh Education Society's Late Shri. Pandharinath Chhagansheth Bhandarkar College of D. Pharmacy, Amalner",Jalgaon,Unaided,LOPENS,State Level,Ladies,24343,
2022-23,D Pharmacy,CAP Round III,05276,"Khandesh Education Society's Late Shri. Pandharinath Chhagansheth Bhandarkar College of D. Pharmacy, Amalner",Jalgaon,Unaided,GSCS,State Level,Any,83489,
2022-23,D Pharmacy,CAP Round III,05276,"Khandesh Education Society's Late Shri. Pandharinath Chhagansheth Bhandarkar College of D. Pharmacy, Amalner",Jalgaon,Unaided,LSTS,State Level,Ladies,51777,
2022-23,D Pharmacy,CAP Round III,05276,"Khandesh Education Society's Late Shri. Pandharinath Chhagansheth Bhandarkar College of D. Pharmacy, Amalner",Jalgaon,Unaided,GVJS,State Level,Any,34145,
2022-23,D Pharmacy,CAP Round III,05276,"Khandesh Education Society's Late Shri. Pandharinath Chhagansheth Bhandarkar College of D. Pharmacy, Amalner",Jalgaon,Unaided,GOBCS,State Level,Any,26769,
2022-23,D Pharmacy,CAP Round III,05276,"Khandesh Education Society's Late Shri. Pandharinath Chhagansheth Bhandarkar College of D. Pharmacy, Amalner",Jalgaon,Unaided,LOBCS,State Level,Ladies,26132,
2022-23,D Pharmacy,CAP Round III,05276,"Khandesh Education Society's Late Shri. Pandharinath Chhagansheth Bhandarkar College of D. Pharmacy, Amalner",Jalgaon,Unaided,EWS,Special,Any,64832,
2022-23,D Pharmacy,CAP Round III,05277,"Mula Education Soceity,Mula Rural Institute of Pharmacy,Sonai, Tal. Newasa Dist. Ahmednagar",Ahmednagar,Unaided,GOPENS,State Level,Any,35834,
2022-23,D Pharmacy,CAP Round III,05277,"Mula Education Soceity,Mula Rural Institute of Pharmacy,Sonai, Tal. Newasa Dist. Ahmednagar",Ahmednagar,Unaided,LOPENS,State Level,Ladies,26912,
2022-23,D Pharmacy,CAP Round III,05277,"Mula Education Soceity,Mula Rural Institute of Pharmacy,Sonai, Tal. Newasa Dist. Ahmednagar",Ahmednagar,Unaided,GSCS,State Level,Any,48524,
2022-23,D Pharmacy,CAP Round III,05277,"Mula Education Soceity,Mula Rural Institute of Pharmacy,Sonai, Tal. Newasa Dist. Ahmednagar",Ahmednagar,Unaided,GSTS,State Level,Any,79923,
2022-23,D Pharmacy,CAP Round III,05277,"Mula Education Soceity,Mula Rural Institute of Pharmacy,Sonai, Tal. Newasa Dist. Ahmednagar",Ahmednagar,Unaided,GVJS,State Level,Any,38805,
2022-23,D Pharmacy,CAP Round III,05277,"Mula Education Soceity,Mula Rural Institute of Pharmacy,Sonai, Tal. Newasa Dist. Ahmednagar",Ahmednagar,Unaided,GOBCS,State Level,Any,42410,
2022-23,D Pharmacy,CAP Round III,05277,"Mula Education Soceity,Mula Rural Institute of Pharmacy,Sonai, Tal. Newasa Dist. Ahmednagar",Ahmednagar,Unaided,EWS,Special,Any,30094,
2022-23,D Pharmacy,CAP Round III,05278,"The Shirpur Education Society's R.C.Patel Institute Of Pharmacy, Shirpur",Dhule,Unaided,GOPENS,State Level,Any,16411,
2022-23,D Pharmacy,CAP Round III,05279,"Jagdamba Education Society's S.N.D. Diploma College of Pharmacy,Yeola",Nashik,Unaided,LOPENS,State Level,Ladies,37307,
2022-23,D Pharmacy,CAP Round III,05279,"Jagdamba Education Society's S.N.D. Diploma College of Pharmacy,Yeola",Nashik,Unaided,GSCS,State Level,Any,55026,
2022-23,D Pharmacy,CAP Round III,05279,"Jagdamba Education Society's S.N.D. Diploma College of Pharmacy,Yeola",Nashik,Unaided,LOBCS,State Level,Ladies,44861,
2022-23,D Pharmacy,CAP Round III,05280,"Sanjivani Rural Education Society's Sanjivani Institute Of Pharmacy And Research, Kopargaon",Ahmednagar,Unaided,GOPENS,State Level,Any,32732,
2022-23,D Pharmacy,CAP Round III,05280,"Sanjivani Rural Education Society's Sanjivani Institute Of Pharmacy And Research, Kopargaon",Ahmednagar,Unaided,LOPENS,State Level,Ladies,11968,
2022-23,D Pharmacy,CAP Round III,05280,"Sanjivani Rural Education Society's Sanjivani Institute Of Pharmacy And Research, Kopargaon",Ahmednagar,Unaided,GSTS,State Level,Any,64062,
2022-23,D Pharmacy,CAP Round III,05280,"Sanjivani Rural Education Society's Sanjivani Institute Of Pharmacy And Research, Kopargaon",Ahmednagar,Unaided,GVJS,State Level,Any,38714,
2022-23,D Pharmacy,CAP Round III,05280,"Sanjivani Rural Education Society's Sanjivani Institute Of Pharmacy And Research, Kopargaon",Ahmednagar,Unaided,GNT2S,State Level,Any,39273,
2022-23,D Pharmacy,CAP Round III,05280,"Sanjivani Rural Education Society's Sanjivani Institute Of Pharmacy And Research, Kopargaon",Ahmednagar,Unaided,GOBCS,State Level,Any,44482,
2022-23,D Pharmacy,CAP Round III,05280,"Sanjivani Rural Education Society's Sanjivani Institute Of Pharmacy And Research, Kopargaon",Ahmednagar,Unaided,LOBCS,State Level,Ladies,39840,
2022-23,D Pharmacy,CAP Round III,05280,"Sanjivani Rural Education Society's Sanjivani Institute Of Pharmacy And Research, Kopargaon",Ahmednagar,Unaided,ORPHAN,Special,Any,30375,
2022-23,D Pharmacy,CAP Round III,05280,"Sanjivani Rural Education Society's Sanjivani Institute Of Pharmacy And Research, Kopargaon",Ahmednagar,Unaided,TFWS,Special,Any,15836,
2022-23,D Pharmacy,CAP Round III,05280,"Sanjivani Rural Education Society's Sanjivani Institute Of Pharmacy And Research, Kopargaon",Ahmednagar,Unaided,DEFOPENS,State Level,Any,32883,
2022-23,D Pharmacy,CAP Round III,05281,"Mahavir Institute Of Pharmacy, Nashik",Nashik,Unaided,GOPENS,State Level,Any,42825,
2022-23,D Pharmacy,CAP Round III,05281,"Mahavir Institute Of Pharmacy, Nashik",Nashik,Unaided,LOPENS,State Level,Ladies,44296,
2022-23,D Pharmacy,CAP Round III,05281,"Mahavir Institute Of Pharmacy, Nashik",Nashik,Unaided,GSCS,State Level,Any,63281,
2022-23,D Pharmacy,CAP Round III,05281,"Mahavir Institute Of Pharmacy, Nashik",Nashik,Unaided,LSCS,State Level,Ladies,64323,
2022-23,D Pharmacy,CAP Round III,05281,"Mahavir Institute Of Pharmacy, Nashik",Nashik,Unaided,GSTS,State Level,Any,43397,
2022-23,D Pharmacy,CAP Round III,05281,"Mahavir Institute Of Pharmacy, Nashik",Nashik,Unaided,LSTS,State Level,Ladies,45602,
2022-23,D Pharmacy,CAP Round III,05281,"Mahavir Institute Of Pharmacy, Nashik",Nashik,Unaided,GNT1S,State Level,Any,58017,
2022-23,D Pharmacy,CAP Round III,05281,"Mahavir Institute Of Pharmacy, Nashik",Nashik,Unaided,GNT2S,State Level,Any,61894,
2022-23,D Pharmacy,CAP Round III,05281,"Mahavir Institute Of Pharmacy, Nashik",Nashik,Unaided,LNT2S,State Level,Ladies,60841,
2022-23,D Pharmacy,CAP Round III,05281,"Mahavir Institute Of Pharmacy, Nashik",Nashik,Unaided,GNT3S,State Level,Any,55193,
2022-23,D Pharmacy,CAP Round III,05281,"Mahavir Institute Of Pharmacy, Nashik",Nashik,Unaided,GOBCS,State Level,Any,47955,
2022-23,D Pharmacy,CAP Round III,05281,"Mahavir Institute Of Pharmacy, Nashik",Nashik,Unaided,LOBCS,State Level,Ladies,46091,
2022-23,D Pharmacy,CAP Round III,05281,"Mahavir Institute Of Pharmacy, Nashik",Nashik,Unaided,EWS,Special,Any,40331,
2022-23,D Pharmacy,CAP Round III,05281,"Mahavir Institute Of Pharmacy, Nashik",Nashik,Unaided,TFWS,Special,Any,45217,
2022-23,D Pharmacy,CAP Round III,05282,"Jamia Isalamia Isha-atul Uloom's Ali-Allana College of Pharmacy, Akkalkuwa",Nandurbar,Unaided,MI,Special,Any,31765,
2022-23,D Pharmacy,CAP Round III,05283,"Jijamata Foundation's Shree. P.E. (Tatya) Patil Institute of Pharmacy, Jalgaon",Jalgaon,Unaided,GOPENS,State Level,Any,30634,
2022-23,D Pharmacy,CAP Round III,05283,"Jijamata Foundation's Shree. P.E. (Tatya) Patil Institute of Pharmacy, Jalgaon",Jalgaon,Unaided,LOPENS,State Level,Ladies,28965,
2022-23,D Pharmacy,CAP Round III,05283,"Jijamata Foundation's Shree. P.E. (Tatya) Patil Institute of Pharmacy, Jalgaon",Jalgaon,Unaided,GSCS,State Level,Any,38509,
2022-23,D Pharmacy,CAP Round III,05283,"Jijamata Foundation's Shree. P.E. (Tatya) Patil Institute of Pharmacy, Jalgaon",Jalgaon,Unaided,LSCS,State Level,Ladies,72851,
2022-23,D Pharmacy,CAP Round III,05283,"Jijamata Foundation's Shree. P.E. (Tatya) Patil Institute of Pharmacy, Jalgaon",Jalgaon,Unaided,GSTS,State Level,Any,41359,
2022-23,D Pharmacy,CAP Round III,05283,"Jijamata Foundation's Shree. P.E. (Tatya) Patil Institute of Pharmacy, Jalgaon",Jalgaon,Unaided,LNT2S,State Level,Ladies,48233,
2022-23,D Pharmacy,CAP Round III,05283,"Jijamata Foundation's Shree. P.E. (Tatya) Patil Institute of Pharmacy, Jalgaon",Jalgaon,Unaided,GOBCS,State Level,Any,34235,
2022-23,D Pharmacy,CAP Round III,05283,"Jijamata Foundation's Shree. P.E. (Tatya) Patil Institute of Pharmacy, Jalgaon",Jalgaon,Unaided,LOBCS,State Level,Ladies,31857,
2022-23,D Pharmacy,CAP Round III,05283,"Jijamata Foundation's Shree. P.E. (Tatya) Patil Institute of Pharmacy, Jalgaon",Jalgaon,Unaided,EWS,Special,Any,37622,
2022-23,D Pharmacy,CAP Round III,05283,"Jijamata Foundation's Shree. P.E. (Tatya) Patil Institute of Pharmacy, Jalgaon",Jalgaon,Unaided,TFWS,Special,Any,26404,
2022-23,D Pharmacy,CAP Round III,05284,"Sau Mathurabai Bhausaheb Thorat Sevabhavi Trust 'S Sau. Mathurabai Bhausaheb Thorat Institute Of D. Pharmacy,",,Unaided,GOPENS,State Level,Any,45202,
2022-23,D Pharmacy,CAP Round III,05284,"Sau Mathurabai Bhausaheb Thorat Sevabhavi Trust 'S Sau. Mathurabai Bhausaheb Thorat Institute Of D. Pharmacy,",,Unaided,GNT1S,State Level,Any,65115,
2022-23,D Pharmacy,CAP Round III,05284,"Sau Mathurabai Bhausaheb Thorat Sevabhavi Trust 'S Sau. Mathurabai Bhausaheb Thorat Institute Of D. Pharmacy,",,Unaided,GNT2S,State Level,Any,64056,
2022-23,D Pharmacy,CAP Round III,05284,"Sau Mathurabai Bhausaheb Thorat Sevabhavi Trust 'S Sau. Mathurabai Bhausaheb Thorat Institute Of D. Pharmacy,",,Unaided,GOBCS,State Level,Any,52274,
2022-23,D Pharmacy,CAP Round III,05284,"Sau Mathurabai Bhausaheb Thorat Sevabhavi Trust 'S Sau. Mathurabai Bhausaheb Thorat Institute Of D. Pharmacy,",,Unaided,EWS,Special,Any,62024,
2022-23,D Pharmacy,CAP Round III,05285,"Kakasaheb Mhaske Memorial Medical Foundation's Kakasaheb Mhaske College Of Pharmacy, Nagapur, Ahmednagar",Ahmednagar,Unaided,GOPENS,State Level,Any,25219,
2022-23,D Pharmacy,CAP Round III,05285,"Kakasaheb Mhaske Memorial Medical Foundation's Kakasaheb Mhaske College Of Pharmacy, Nagapur, Ahmednagar",Ahmednagar,Unaided,GSCS,State Level,Any,36791,
2022-23,D Pharmacy,CAP Round III,05285,"Kakasaheb Mhaske Memorial Medical Foundation's Kakasaheb Mhaske College Of Pharmacy, Nagapur, Ahmednagar",Ahmednagar,Unaided,GVJS,State Level,Any,53566,
2022-23,D Pharmacy,CAP Round III,05285,"Kakasaheb Mhaske Memorial Medical Foundation's Kakasaheb Mhaske College Of Pharmacy, Nagapur, Ahmednagar",Ahmednagar,Unaided,GNT2S,State Level,Any,42454,
2022-23,D Pharmacy,CAP Round III,05285,"Kakasaheb Mhaske Memorial Medical Foundation's Kakasaheb Mhaske College Of Pharmacy, Nagapur, Ahmednagar",Ahmednagar,Unaided,GOBCS,State Level,Any,33255,
2022-23,D Pharmacy,CAP Round III,05286,"Swami Vivekanand Sanstha's Insttitute Of Pharmacy, Malegaon",Nashik,Unaided,GOPENS,State Level,Any,27756,
2022-23,D Pharmacy,CAP Round III,05286,"Swami Vivekanand Sanstha's Insttitute Of Pharmacy, Malegaon",Nashik,Unaided,GSCS,State Level,Any,76703,
2022-23,D Pharmacy,CAP Round III,05286,"Swami Vivekanand Sanstha's Insttitute Of Pharmacy, Malegaon",Nashik,Unaided,LSCS,State Level,Ladies,83726,
2022-23,D Pharmacy,CAP Round III,05286,"Swami Vivekanand Sanstha's Insttitute Of Pharmacy, Malegaon",Nashik,Unaided,GSTS,State Level,Any,46090,
2022-23,D Pharmacy,CAP Round III,05286,"Swami Vivekanand Sanstha's Insttitute Of Pharmacy, Malegaon",Nashik,Unaided,LSTS,State Level,Ladies,50755,
2022-23,D Pharmacy,CAP Round III,05286,"Swami Vivekanand Sanstha's Insttitute Of Pharmacy, Malegaon",Nashik,Unaided,GNT2S,State Level,Any,39419,
2022-23,D Pharmacy,CAP Round III,05286,"Swami Vivekanand Sanstha's Insttitute Of Pharmacy, Malegaon",Nashik,Unaided,GNT3S,State Level,Any,52836,
2022-23,D Pharmacy,CAP Round III,05286,"Swami Vivekanand Sanstha's Insttitute Of Pharmacy, Malegaon",Nashik,Unaided,LOBCS,State Level,Ladies,32896,
2022-23,D Pharmacy,CAP Round III,05286,"Swami Vivekanand Sanstha's Insttitute Of Pharmacy, Malegaon",Nashik,Unaided,EWS,Special,Any,64349,
2022-23,D Pharmacy,CAP Round III,05286,"Swami Vivekanand Sanstha's Insttitute Of Pharmacy, Malegaon",Nashik,Unaided,LNT1S,State Level,Ladies,35922,
2022-23,D Pharmacy,CAP Round III,05287,"Amrutvahini Sheti & Shikshan Vikas Sanstha`S Amrutwahini Institute Of Pharmacy, Sangamner",Ahmednagar,Unaided,GOPENS,State Level,Any,35054,
2022-23,D Pharmacy,CAP Round III,05287,"Amrutvahini Sheti & Shikshan Vikas Sanstha`S Amrutwahini Institute Of Pharmacy, Sangamner",Ahmednagar,Unaided,LOPENS,State Level,Ladies,25189,
2022-23,D Pharmacy,CAP Round III,05287,"Amrutvahini Sheti & Shikshan Vikas Sanstha`S Amrutwahini Institute Of Pharmacy, Sangamner",Ahmednagar,Unaided,GSCS,State Level,Any,66323,
2022-23,D Pharmacy,CAP Round III,05287,"Amrutvahini Sheti & Shikshan Vikas Sanstha`S Amrutwahini Institute Of Pharmacy, Sangamner",Ahmednagar,Unaided,LSCS,State Level,Ladies,60058,
2022-23,D Pharmacy,CAP Round III,05287,"Amrutvahini Sheti & Shikshan Vikas Sanstha`S Amrutwahini Institute Of Pharmacy, Sangamner",Ahmednagar,Unaided,GNT1S,State Level,Any,35791,
2022-23,D Pharmacy,CAP Round III,05287,"Amrutvahini Sheti & Shikshan Vikas Sanstha`S Amrutwahini Institute Of Pharmacy, Sangamner",Ahmednagar,Unaided,LNT2S,State Level,Ladies,47206,
2022-23,D Pharmacy,CAP Round III,05287,"Amrutvahini Sheti & Shikshan Vikas Sanstha`S Amrutwahini Institute Of Pharmacy, Sangamner",Ahmednagar,Unaided,LOBCS,State Level,Ladies,46245,
2022-23,D Pharmacy,CAP Round III,05287,"Amrutvahini Sheti & Shikshan Vikas Sanstha`S Amrutwahini Institute Of Pharmacy, Sangamner",Ahmednagar,Unaided,EWS,Special,Any,35920,
2022-23,D Pharmacy,CAP Round III,05288,"Adivasi Deomogara Edu. Society's K. D. Gavit D.Pharmacy College, Pathrai, Tal.Dist.-Nandurbar",Nandurbar,Unaided,GOPENS,State Level,Any,12700,
2022-23,D Pharmacy,CAP Round III,05288,"Adivasi Deomogara Edu. Society's K. D. Gavit D.Pharmacy College, Pathrai, Tal.Dist.-Nandurbar",Nandurbar,Unaided,GSCS,State Level,Any,43129,
2022-23,D Pharmacy,CAP Round III,05288,"Adivasi Deomogara Edu. Society's K. D. Gavit D.Pharmacy College, Pathrai, Tal.Dist.-Nandurbar",Nandurbar,Unaided,GOBCS,State Level,Any,27557,
2022-23,D Pharmacy,CAP Round III,05288,"Adivasi Deomogara Edu. Society's K. D. Gavit D.Pharmacy College, Pathrai, Tal.Dist.-Nandurbar",Nandurbar,Unaided,TFWS,Special,Any,21252,
2022-23,D Pharmacy,CAP Round III,05289,"Shree Gurudatta shikshan sanstha's Pharmacy College, Kalwan, Dist. Nashik",Nashik,Unaided,GSCS,State Level,Any,62101,
2022-23,D Pharmacy,CAP Round III,05289,"Shree Gurudatta shikshan sanstha's Pharmacy College, Kalwan, Dist. Nashik",Nashik,Unaided,GVJS,State Level,Any,39092,
2022-23,D Pharmacy,CAP Round III,05289,"Shree Gurudatta shikshan sanstha's Pharmacy College, Kalwan, Dist. Nashik",Nashik,Unaided,GOBCS,State Level,Any,35093,
2022-23,D Pharmacy,CAP Round III,05289,"Shree Gurudatta shikshan sanstha's Pharmacy College, Kalwan, Dist. Nashik",Nashik,Unaided,EWS,Special,Any,55843,
2022-23,D Pharmacy,CAP Round III,05289,"Shree Gurudatta shikshan sanstha's Pharmacy College, Kalwan, Dist. Nashik",Nashik,Unaided,TFWS,Special,Any,19785,
2022-23,D Pharmacy,CAP Round III,05290,"Shellino Education Society's NanaSaheb R.G.Patil Institute Of Pharmacy,Mamurabad, Jalgaon",Jalgaon,Unaided,GOPENS,State Level,Any,29220,
2022-23,D Pharmacy,CAP Round III,05290,"Shellino Education Society's NanaSaheb R.G.Patil Institute Of Pharmacy,Mamurabad, Jalgaon",Jalgaon,Unaided,GSCS,State Level,Any,65989,
2022-23,D Pharmacy,CAP Round III,05290,"Shellino Education Society's NanaSaheb R.G.Patil Institute Of Pharmacy,Mamurabad, Jalgaon",Jalgaon,Unaided,GSTS,State Level,Any,45645,
2022-23,D Pharmacy,CAP Round III,05290,"Shellino Education Society's NanaSaheb R.G.Patil Institute Of Pharmacy,Mamurabad, Jalgaon",Jalgaon,Unaided,GVJS,State Level,Any,39252,
2022-23,D Pharmacy,CAP Round III,05290,"Shellino Education Society's NanaSaheb R.G.Patil Institute Of Pharmacy,Mamurabad, Jalgaon",Jalgaon,Unaided,GOBCS,State Level,Any,31015,
2022-23,D Pharmacy,CAP Round III,05290,"Shellino Education Society's NanaSaheb R.G.Patil Institute Of Pharmacy,Mamurabad, Jalgaon",Jalgaon,Unaided,LOBCS,State Level,Ladies,32222,
2022-23,D Pharmacy,CAP Round III,05291,"Shirpur Education Society's H.R. Patel Institute of Pharmacy, Shirpur, Dhule",Dhule,Unaided,GOPENS,State Level,Any,9024,
2022-23,D Pharmacy,CAP Round III,05292,"Matoshri Education Society's MABD Diploma College Of Pharmacy,Bhabulgaon, Yeola, Dist. Nashik",Nashik,Unaided,GOPENS,State Level,Any,45580,
2022-23,D Pharmacy,CAP Round III,05292,"Matoshri Education Society's MABD Diploma College Of Pharmacy,Bhabulgaon, Yeola, Dist. Nashik",Nashik,Unaided,LOPENS,State Level,Ladies,44500,
2022-23,D Pharmacy,CAP Round III,05292,"Matoshri Education Society's MABD Diploma College Of Pharmacy,Bhabulgaon, Yeola, Dist. Nashik",Nashik,Unaided,GSCS,State Level,Any,65910,
2022-23,D Pharmacy,CAP Round III,05292,"Matoshri Education Society's MABD Diploma College Of Pharmacy,Bhabulgaon, Yeola, Dist. Nashik",Nashik,Unaided,LSCS,State Level,Ladies,75369,
2022-23,D Pharmacy,CAP Round III,05292,"Matoshri Education Society's MABD Diploma College Of Pharmacy,Bhabulgaon, Yeola, Dist. Nashik",Nashik,Unaided,GOBCS,State Level,Any,51563,
2022-23,D Pharmacy,CAP Round III,05292,"Matoshri Education Society's MABD Diploma College Of Pharmacy,Bhabulgaon, Yeola, Dist. Nashik",Nashik,Unaided,EWS,Special,Any,44267,
2022-23,D Pharmacy,CAP Round III,05293,"Nagaon Education Soc., Gangamai Institute of Pharmacy, Nagaon, Dist. Dhule",Dhule,Unaided,GOPENS,State Level,Any,32210,
2022-23,D Pharmacy,CAP Round III,05293,"Nagaon Education Soc., Gangamai Institute of Pharmacy, Nagaon, Dist. Dhule",Dhule,Unaided,LSCS,State Level,Ladies,79950,
2022-23,D Pharmacy,CAP Round III,05294,"Godavari Shikshan Mandal's Asian Institute of Pharmacy, Nashik.",Nashik,Unaided,GOPENS,State Level,Any,46606,
2022-23,D Pharmacy,CAP Round III,05294,"Godavari Shikshan Mandal's Asian Institute of Pharmacy, Nashik.",Nashik,Unaided,LOPENS,State Level,Ladies,46057,
2022-23,D Pharmacy,CAP Round III,05294,"Godavari Shikshan Mandal's Asian Institute of Pharmacy, Nashik.",Nashik,Unaided,LSCS,State Level,Ladies,71836,
2022-23,D Pharmacy,CAP Round III,05294,"Godavari Shikshan Mandal's Asian Institute of Pharmacy, Nashik.",Nashik,Unaided,GSTS,State Level,Any,48646,
2022-23,D Pharmacy,CAP Round III,05294,"Godavari Shikshan Mandal's Asian Institute of Pharmacy, Nashik.",Nashik,Unaided,GNT2S,State Level,Any,50359,
2022-23,D Pharmacy,CAP Round III,05294,"Godavari Shikshan Mandal's Asian Institute of Pharmacy, Nashik.",Nashik,Unaided,GNT3S,State Level,Any,56861,
2022-23,D Pharmacy,CAP Round III,05294,"Godavari Shikshan Mandal's Asian Institute of Pharmacy, Nashik.",Nashik,Unaided,GOBCS,State Level,Any,52416,
2022-23,D Pharmacy,CAP Round III,05294,"Godavari Shikshan Mandal's Asian Institute of Pharmacy, Nashik.",Nashik,Unaided,LOBCS,State Level,Ladies,57117,
2022-23,D Pharmacy,CAP Round III,05294,"Godavari Shikshan Mandal's Asian Institute of Pharmacy, Nashik.",Nashik,Unaided,EWS,Special,Any,54741,
2022-23,D Pharmacy,CAP Round III,05295,"Sanjay Education Society's Institute of Pharmacy, Navalnagar, Dhule",Dhule,Unaided,GOPENS,State Level,Any,35347,
2022-23,D Pharmacy,CAP Round III,05295,"Sanjay Education Society's Institute of Pharmacy, Navalnagar, Dhule",Dhule,Unaided,LOPENS,State Level,Ladies,34210,
2022-23,D Pharmacy,CAP Round III,05295,"Sanjay Education Society's Institute of Pharmacy, Navalnagar, Dhule",Dhule,Unaided,GSTS,State Level,Any,37236,
2022-23,D Pharmacy,CAP Round III,05295,"Sanjay Education Society's Institute of Pharmacy, Navalnagar, Dhule",Dhule,Unaided,GOBCS,State Level,Any,35947,
2022-23,D Pharmacy,CAP Round III,05295,"Sanjay Education Society's Institute of Pharmacy, Navalnagar, Dhule",Dhule,Unaided,EWS,Special,Any,65290,
2022-23,D Pharmacy,CAP Round III,05295,"Sanjay Education Society's Institute of Pharmacy, Navalnagar, Dhule",Dhule,Unaided,LNT3S,State Level,Ladies,35143,
2022-23,D Pharmacy,CAP Round III,05296,"Navmaharahstra Shikshan Mandal's Abasaheb kakade Pharmacy College, Bodhegaon, Ahmednagar",Ahmednagar,Unaided,GOPENS,State Level,Any,11581,
2022-23,D Pharmacy,CAP Round III,05296,"Navmaharahstra Shikshan Mandal's Abasaheb kakade Pharmacy College, Bodhegaon, Ahmednagar",Ahmednagar,Unaided,GVJS,State Level,Any,22036,
2022-23,D Pharmacy,CAP Round III,05296,"Navmaharahstra Shikshan Mandal's Abasaheb kakade Pharmacy College, Bodhegaon, Ahmednagar",Ahmednagar,Unaided,EWS,Special,Any,11657,
2022-23,D Pharmacy,CAP Round III,05296,"Navmaharahstra Shikshan Mandal's Abasaheb kakade Pharmacy College, Bodhegaon, Ahmednagar",Ahmednagar,Unaided,GSTS,State Level,Any,12581,
2022-23,D Pharmacy,CAP Round III,05297,"Sangamner Medical foundation & Research Institute, Wamanrao Ithape Pharmacy College, Sangamner, Dist. Ahmednagar",Ahmednagar,Unaided,GOPENS,State Level,Any,47857,
2022-23,D Pharmacy,CAP Round III,05297,"Sangamner Medical foundation & Research Institute, Wamanrao Ithape Pharmacy College, Sangamner, Dist. Ahmednagar",Ahmednagar,Unaided,LOPENS,State Level,Ladies,42996,
2022-23,D Pharmacy,CAP Round III,05297,"Sangamner Medical foundation & Research Institute, Wamanrao Ithape Pharmacy College, Sangamner, Dist. Ahmednagar",Ahmednagar,Unaided,GSCS,State Level,Any,73133,
2022-23,D Pharmacy,CAP Round III,05297,"Sangamner Medical foundation & Research Institute, Wamanrao Ithape Pharmacy College, Sangamner, Dist. Ahmednagar",Ahmednagar,Unaided,LSCS,State Level,Ladies,71265,
2022-23,D Pharmacy,CAP Round III,05297,"Sangamner Medical foundation & Research Institute, Wamanrao Ithape Pharmacy College, Sangamner, Dist. Ahmednagar",Ahmednagar,Unaided,GSTS,State Level,Any,69770,
2022-23,D Pharmacy,CAP Round III,05297,"Sangamner Medical foundation & Research Institute, Wamanrao Ithape Pharmacy College, Sangamner, Dist. Ahmednagar",Ahmednagar,Unaided,LSTS,State Level,Ladies,74329,
2022-23,D Pharmacy,CAP Round III,05297,"Sangamner Medical foundation & Research Institute, Wamanrao Ithape Pharmacy College, Sangamner, Dist. Ahmednagar",Ahmednagar,Unaided,GVJS,State Level,Any,51116,
2022-23,D Pharmacy,CAP Round III,05297,"Sangamner Medical foundation & Research Institute, Wamanrao Ithape Pharmacy College, Sangamner, Dist. Ahmednagar",Ahmednagar,Unaided,GNT1S,State Level,Any,54670,
2022-23,D Pharmacy,CAP Round III,05297,"Sangamner Medical foundation & Research Institute, Wamanrao Ithape Pharmacy College, Sangamner, Dist. Ahmednagar",Ahmednagar,Unaided,LNT2S,State Level,Ladies,53359,
2022-23,D Pharmacy,CAP Round III,05297,"Sangamner Medical foundation & Research Institute, Wamanrao Ithape Pharmacy College, Sangamner, Dist. Ahmednagar",Ahmednagar,Unaided,GNT3S,State Level,Any,48629,
2022-23,D Pharmacy,CAP Round III,05297,"Sangamner Medical foundation & Research Institute, Wamanrao Ithape Pharmacy College, Sangamner, Dist. Ahmednagar",Ahmednagar,Unaided,GOBCS,State Level,Any,56074,
2022-23,D Pharmacy,CAP Round III,05297,"Sangamner Medical foundation & Research Institute, Wamanrao Ithape Pharmacy College, Sangamner, Dist. Ahmednagar",Ahmednagar,Unaided,LOBCS,State Level,Ladies,54262,
2022-23,D Pharmacy,CAP Round III,05297,"Sangamner Medical foundation & Research Institute, Wamanrao Ithape Pharmacy College, Sangamner, Dist. Ahmednagar",Ahmednagar,Unaided,EWS,Special,Any,43041,
2022-23,D Pharmacy,CAP Round III,05297,"Sangamner Medical foundation & Research Institute, Wamanrao Ithape Pharmacy College, Sangamner, Dist. Ahmednagar",Ahmednagar,Unaided,TFWS,Special,Any,34123,
2022-23,D Pharmacy,CAP Round III,05297,"Sangamner Medical foundation & Research Institute, Wamanrao Ithape Pharmacy College, Sangamner, Dist. Ahmednagar",Ahmednagar,Unaided,LVJS,State Level,Ladies,51630,
2022-23,D Pharmacy,CAP Round III,05300,"Shraddha Rural Medical Social Welfare & Education's Sahakar Maharshi Kisanrao Varal Patil College Of Pharmacy, Nighoj, Tal.Parner, Dist. Ahmednagar",Ahmednagar,Unaided,GOPENS,State Level,Any,48254,
2022-23,D Pharmacy,CAP Round III,05300,"Shraddha Rural Medical Social Welfare & Education's Sahakar Maharshi Kisanrao Varal Patil College Of Pharmacy, Nighoj, Tal.Parner, Dist. Ahmednagar",Ahmednagar,Unaided,LOPENS,State Level,Ladies,52695,
2022-23,D Pharmacy,CAP Round III,05300,"Shraddha Rural Medical Social Welfare & Education's Sahakar Maharshi Kisanrao Varal Patil College Of Pharmacy, Nighoj, Tal.Parner, Dist. Ahmednagar",Ahmednagar,Unaided,GSCS,State Level,Any,76130,
2022-23,D Pharmacy,CAP Round III,05300,"Shraddha Rural Medical Social Welfare & Education's Sahakar Maharshi Kisanrao Varal Patil College Of Pharmacy, Nighoj, Tal.Parner, Dist. Ahmednagar",Ahmednagar,Unaided,LSCS,State Level,Ladies,79060,
2022-23,D Pharmacy,CAP Round III,05300,"Shraddha Rural Medical Social Welfare & Education's Sahakar Maharshi Kisanrao Varal Patil College Of Pharmacy, Nighoj, Tal.Parner, Dist. Ahmednagar",Ahmednagar,Unaided,GNT3S,State Level,Any,54102,
2022-23,D Pharmacy,CAP Round III,05300,"Shraddha Rural Medical Social Welfare & Education's Sahakar Maharshi Kisanrao Varal Patil College Of Pharmacy, Nighoj, Tal.Parner, Dist. Ahmednagar",Ahmednagar,Unaided,GOBCS,State Level,Any,62785,
2022-23,D Pharmacy,CAP Round III,05300,"Shraddha Rural Medical Social Welfare & Education's Sahakar Maharshi Kisanrao Varal Patil College Of Pharmacy, Nighoj, Tal.Parner, Dist. Ahmednagar",Ahmednagar,Unaided,EWS,Special,Any,50594,
2022-23,D Pharmacy,CAP Round III,05300,"Shraddha Rural Medical Social Welfare & Education's Sahakar Maharshi Kisanrao Varal Patil College Of Pharmacy, Nighoj, Tal.Parner, Dist. Ahmednagar",Ahmednagar,Unaided,GSTS,State Level,Any,50288,
2022-23,D Pharmacy,CAP Round III,05300,"Shraddha Rural Medical Social Welfare & Education's Sahakar Maharshi Kisanrao Varal Patil College Of Pharmacy, Nighoj, Tal.Parner, Dist. Ahmednagar",Ahmednagar,Unaided,LSTS,State Level,Ladies,49120,
2022-23,D Pharmacy,CAP Round III,05301,"Shri.Krishna Educational & Cultural Mandal,Shri.Gulabrao Deokar Institute of Pharmacy & Research Centre, Jalgaon",Jalgaon,Unaided,GOPENS,State Level,Any,31434,
2022-23,D Pharmacy,CAP Round III,05301,"Shri.Krishna Educational & Cultural Mandal,Shri.Gulabrao Deokar Institute of Pharmacy & Research Centre, Jalgaon",Jalgaon,Unaided,LOPENS,State Level,Ladies,27656,
2022-23,D Pharmacy,CAP Round III,05301,"Shri.Krishna Educational & Cultural Mandal,Shri.Gulabrao Deokar Institute of Pharmacy & Research Centre, Jalgaon",Jalgaon,Unaided,GSCS,State Level,Any,53970,
2022-23,D Pharmacy,CAP Round III,05301,"Shri.Krishna Educational & Cultural Mandal,Shri.Gulabrao Deokar Institute of Pharmacy & Research Centre, Jalgaon",Jalgaon,Unaided,GSTS,State Level,Any,37543,
2022-23,D Pharmacy,CAP Round III,05301,"Shri.Krishna Educational & Cultural Mandal,Shri.Gulabrao Deokar Institute of Pharmacy & Research Centre, Jalgaon",Jalgaon,Unaided,GNT1S,State Level,Any,38705,
2022-23,D Pharmacy,CAP Round III,05301,"Shri.Krishna Educational & Cultural Mandal,Shri.Gulabrao Deokar Institute of Pharmacy & Research Centre, Jalgaon",Jalgaon,Unaided,GOBCS,State Level,Any,34778,
2022-23,D Pharmacy,CAP Round III,05301,"Shri.Krishna Educational & Cultural Mandal,Shri.Gulabrao Deokar Institute of Pharmacy & Research Centre, Jalgaon",Jalgaon,Unaided,LOBCS,State Level,Ladies,28450,
2022-23,D Pharmacy,CAP Round III,05301,"Shri.Krishna Educational & Cultural Mandal,Shri.Gulabrao Deokar Institute of Pharmacy & Research Centre, Jalgaon",Jalgaon,Unaided,EWS,Special,Any,31143,
2022-23,D Pharmacy,CAP Round III,05301,"Shri.Krishna Educational & Cultural Mandal,Shri.Gulabrao Deokar Institute of Pharmacy & Research Centre, Jalgaon",Jalgaon,Unaided,TFWS,Special,Any,6202,
2022-23,D Pharmacy,CAP Round III,05301,"Shri.Krishna Educational & Cultural Mandal,Shri.Gulabrao Deokar Institute of Pharmacy & Research Centre, Jalgaon",Jalgaon,Unaided,LSCS,State Level,Ladies,75166,
2022-23,D Pharmacy,CAP Round III,05303,"Hon. Shri. Babanrao Pachpute Vichardhara Trust, Group of Institutions (Integrated Campus)-Parikrama, Kashti Shrigondha,",,Unaided,GOPENS,State Level,Any,33618,
2022-23,D Pharmacy,CAP Round III,05303,"Hon. Shri. Babanrao Pachpute Vichardhara Trust, Group of Institutions (Integrated Campus)-Parikrama, Kashti Shrigondha,",,Unaided,GOBCS,State Level,Any,49503,
2022-23,D Pharmacy,CAP Round III,05303,"Hon. Shri. Babanrao Pachpute Vichardhara Trust, Group of Institutions (Integrated Campus)-Parikrama, Kashti Shrigondha,",,Unaided,LOBCS,State Level,Ladies,53452,
2022-23,D Pharmacy,CAP Round III,05303,"Hon. Shri. Babanrao Pachpute Vichardhara Trust, Group of Institutions (Integrated Campus)-Parikrama, Kashti Shrigondha,",,Unaided,GSTS,State Level,Any,43021,
2022-23,D Pharmacy,CAP Round III,05303,"Hon. Shri. Babanrao Pachpute Vichardhara Trust, Group of Institutions (Integrated Campus)-Parikrama, Kashti Shrigondha,",,Unaided,LSTS,State Level,Ladies,43712,
2022-23,D Pharmacy,CAP Round III,05379,"Jamia Isalamia Isha-atul Uloom's Jamia College of Pharmacy, Akkalkuwa.",Nandurbar,Unaided,MI,Special,Any,31639,
2022-23,D Pharmacy,CAP Round III,05391,"Sandip Institute of Pharmaceutical Science, Nashik.",Nashik,Unaided,GOPENS,State Level,Any,36478,
2022-23,D Pharmacy,CAP Round III,05391,"Sandip Institute of Pharmaceutical Science, Nashik.",Nashik,Unaided,LOPENS,State Level,Ladies,39957,
2022-23,D Pharmacy,CAP Round III,05391,"Sandip Institute of Pharmaceutical Science, Nashik.",Nashik,Unaided,GSCS,State Level,Any,56724,
2022-23,D Pharmacy,CAP Round III,05391,"Sandip Institute of Pharmaceutical Science, Nashik.",Nashik,Unaided,LSCS,State Level,Ladies,54647,
2022-23,D Pharmacy,CAP Round III,05391,"Sandip Institute of Pharmaceutical Science, Nashik.",Nashik,Unaided,GOBCS,State Level,Any,44877,
2022-23,D Pharmacy,CAP Round III,05391,"Sandip Institute of Pharmaceutical Science, Nashik.",Nashik,Unaided,LOBCS,State Level,Ladies,46528,
2022-23,D Pharmacy,CAP Round III,05391,"Sandip Institute of Pharmaceutical Science, Nashik.",Nashik,Unaided,EWS,Special,Any,51008,
2022-23,D Pharmacy,CAP Round III,05391,"Sandip Institute of Pharmaceutical Science, Nashik.",Nashik,Unaided,TFWS,Special,Any,2908,
2022-23,D Pharmacy,CAP Round III,05403,"Samarth Institute of Pharmacy, Kavathe",Kolhapur,Unaided,GOPENS,State Level,Any,35646,
2022-23,D Pharmacy,CAP Round III,05403,"Samarth Institute of Pharmacy, Kavathe",Kolhapur,Unaided,LOPENS,State Level,Ladies,27500,
2022-23,D Pharmacy,CAP Round III,05403,"Samarth Institute of Pharmacy, Kavathe",Kolhapur,Unaided,GSTS,State Level,Any,38489,
2022-23,D Pharmacy,CAP Round III,05403,"Samarth Institute of Pharmacy, Kavathe",Kolhapur,Unaided,GVJS,State Level,Any,43290,
2022-23,D Pharmacy,CAP Round III,05403,"Samarth Institute of Pharmacy, Kavathe",Kolhapur,Unaided,GNT2S,State Level,Any,39878,
2022-23,D Pharmacy,CAP Round III,05403,"Samarth Institute of Pharmacy, Kavathe",Kolhapur,Unaided,GOBCS,State Level,Any,41381,
2022-23,D Pharmacy,CAP Round III,05405,"Matoshri College of Pharmacy, Eklahare, Nashik",Nashik,Unaided,GOPENS,State Level,Any,44348,
2022-23,D Pharmacy,CAP Round III,05405,"Matoshri College of Pharmacy, Eklahare, Nashik",Nashik,Unaided,LOPENS,State Level,Ladies,44350,
2022-23,D Pharmacy,CAP Round III,05405,"Matoshri College of Pharmacy, Eklahare, Nashik",Nashik,Unaided,GSTS,State Level,Any,48789,
2022-23,D Pharmacy,CAP Round III,05405,"Matoshri College of Pharmacy, Eklahare, Nashik",Nashik,Unaided,LVJS,State Level,Ladies,66573,
2022-23,D Pharmacy,CAP Round III,05405,"Matoshri College of Pharmacy, Eklahare, Nashik",Nashik,Unaided,GOBCS,State Level,Any,51211,
2022-23,D Pharmacy,CAP Round III,05405,"Matoshri College of Pharmacy, Eklahare, Nashik",Nashik,Unaided,LOBCS,State Level,Ladies,47816,
2022-23,D Pharmacy,CAP Round III,05405,"Matoshri College of Pharmacy, Eklahare, Nashik",Nashik,Unaided,TFWS,Special,Any,33544,
2022-23,D Pharmacy,CAP Round III,05407,"J.E.S.S. College of Pharmacy, Nandurbar",Nandurbar,Unaided,GOPENS,State Level,Any,23484,
2022-23,D Pharmacy,CAP Round III,05407,"J.E.S.S. College of Pharmacy, Nandurbar",Nandurbar,Unaided,GOBCS,State Level,Any,26454,
2022-23,D Pharmacy,CAP Round III,05407,"J.E.S.S. College of Pharmacy, Nandurbar",Nandurbar,Unaided,LOBCS,State Level,Ladies,25910,
2022-23,D Pharmacy,CAP Round III,05407,"J.E.S.S. College of Pharmacy, Nandurbar",Nandurbar,Unaided,EWS,Special,Any,32005,
2022-23,D Pharmacy,CAP Round III,05410,"Gokhale Education Society's Sir Dr. M.S.Gosavi College of Pharmaceutical Education & Research, Nashik",Nashik,Unaided,GOPENS,State Level,Any,37063,
2022-23,D Pharmacy,CAP Round III,05410,"Gokhale Education Society's Sir Dr. M.S.Gosavi College of Pharmaceutical Education & Research, Nashik",Nashik,Unaided,LOPENS,State Level,Ladies,35449,
2022-23,D Pharmacy,CAP Round III,05410,"Gokhale Education Society's Sir Dr. M.S.Gosavi College of Pharmaceutical Education & Research, Nashik",Nashik,Unaided,GSTS,State Level,Any,43308,
2022-23,D Pharmacy,CAP Round III,05410,"Gokhale Education Society's Sir Dr. M.S.Gosavi College of Pharmaceutical Education & Research, Nashik",Nashik,Unaided,LSTS,State Level,Ladies,36248,
2022-23,D Pharmacy,CAP Round III,05410,"Gokhale Education Society's Sir Dr. M.S.Gosavi College of Pharmaceutical Education & Research, Nashik",Nashik,Unaided,GNT2S,State Level,Any,63102,
2022-23,D Pharmacy,CAP Round III,05410,"Gokhale Education Society's Sir Dr. M.S.Gosavi College of Pharmaceutical Education & Research, Nashik",Nashik,Unaided,LNT2S,State Level,Ladies,58707,
2022-23,D Pharmacy,CAP Round III,05410,"Gokhale Education Society's Sir Dr. M.S.Gosavi College of Pharmaceutical Education & Research, Nashik",Nashik,Unaided,GOBCS,State Level,Any,40678,
2022-23,D Pharmacy,CAP Round III,05410,"Gokhale Education Society's Sir Dr. M.S.Gosavi College of Pharmaceutical Education & Research, Nashik",Nashik,Unaided,EWS,Special,Any,54221,
2022-23,D Pharmacy,CAP Round III,05421,"Pravara Rural Education Society's College of PHarmacy (D.Pharm), Chincholi",Chandrapur,Unaided,GOPENS,State Level,Any,52701,
2022-23,D Pharmacy,CAP Round III,05421,"Pravara Rural Education Society's College of PHarmacy (D.Pharm), Chincholi",Chandrapur,Unaided,LSCS,State Level,Ladies,67097,
2022-23,D Pharmacy,CAP Round III,05421,"Pravara Rural Education Society's College of PHarmacy (D.Pharm), Chincholi",Chandrapur,Unaided,GSTS,State Level,Any,54226,
2022-23,D Pharmacy,CAP Round III,05421,"Pravara Rural Education Society's College of PHarmacy (D.Pharm), Chincholi",Chandrapur,Unaided,LSTS,State Level,Ladies,66342,
2022-23,D Pharmacy,CAP Round III,05421,"Pravara Rural Education Society's College of PHarmacy (D.Pharm), Chincholi",Chandrapur,Unaided,GVJS,State Level,Any,58774,
2022-23,D Pharmacy,CAP Round III,05421,"Pravara Rural Education Society's College of PHarmacy (D.Pharm), Chincholi",Chandrapur,Unaided,LVJS,State Level,Ladies,51277,
2022-23,D Pharmacy,CAP Round III,05421,"Pravara Rural Education Society's College of PHarmacy (D.Pharm), Chincholi",Chandrapur,Unaided,GOBCS,State Level,Any,54158,
2022-23,D Pharmacy,CAP Round III,05421,"Pravara Rural Education Society's College of PHarmacy (D.Pharm), Chincholi",Chandrapur,Unaided,EWS,Special,Any,54384,
2022-23,D Pharmacy,CAP Round III,05422,"Parikrama Diploma in Pharmaceutical Science, Kashti, Tal Shrigonda",Ahmednagar,Unaided,GOPENS,State Level,Any,35816,
2022-23,D Pharmacy,CAP Round III,05422,"Parikrama Diploma in Pharmaceutical Science, Kashti, Tal Shrigonda",Ahmednagar,Unaided,LOPENS,State Level,Ladies,34401,
2022-23,D Pharmacy,CAP Round III,05422,"Parikrama Diploma in Pharmaceutical Science, Kashti, Tal Shrigonda",Ahmednagar,Unaided,GOBCS,State Level,Any,52063,
2022-23,D Pharmacy,CAP Round III,05424,"Pratibhatai Pawer College of Pharmacy, Shrirampur",Ahmednagar,Unaided,GOPENS,State Level,Any,37940,
2022-23,D Pharmacy,CAP Round III,05424,"Pratibhatai Pawer College of Pharmacy, Shrirampur",Ahmednagar,Unaided,LOPENS,State Level,Ladies,34002,
2022-23,D Pharmacy,CAP Round III,05424,"Pratibhatai Pawer College of Pharmacy, Shrirampur",Ahmednagar,Unaided,GSTS,State Level,Any,48088,
2022-23,D Pharmacy,CAP Round III,05424,"Pratibhatai Pawer College of Pharmacy, Shrirampur",Ahmednagar,Unaided,LNT2S,State Level,Ladies,46081,
2022-23,D Pharmacy,CAP Round III,05424,"Pratibhatai Pawer College of Pharmacy, Shrirampur",Ahmednagar,Unaided,GOBCS,State Level,Any,53037,
2022-23,D Pharmacy,CAP Round III,05424,"Pratibhatai Pawer College of Pharmacy, Shrirampur",Ahmednagar,Unaided,EWS,Special,Any,40161,
2022-23,D Pharmacy,CAP Round III,05425,"Pravara Rural Education Society's Institute of Pharmacy, Loni Kd",Ahmednagar,Unaided,GOPENS,State Level,Any,39721,
2022-23,D Pharmacy,CAP Round III,05425,"Pravara Rural Education Society's Institute of Pharmacy, Loni Kd",Ahmednagar,Unaided,LOPENS,State Level,Ladies,42677,
2022-23,D Pharmacy,CAP Round III,05425,"Pravara Rural Education Society's Institute of Pharmacy, Loni Kd",Ahmednagar,Unaided,GSCS,State Level,Any,64499,
2022-23,D Pharmacy,CAP Round III,05425,"Pravara Rural Education Society's Institute of Pharmacy, Loni Kd",Ahmednagar,Unaided,LSCS,State Level,Ladies,63453,
2022-23,D Pharmacy,CAP Round III,05425,"Pravara Rural Education Society's Institute of Pharmacy, Loni Kd",Ahmednagar,Unaided,EWS,Special,Any,31052,
2022-23,D Pharmacy,CAP Round III,05427,"R.G.Sapkal Institute of Pharmacy, Anjaneri",Nashik,Unaided,GOPENS,State Level,Any,52272,
2022-23,D Pharmacy,CAP Round III,05427,"R.G.Sapkal Institute of Pharmacy, Anjaneri",Nashik,Unaided,LOPENS,State Level,Ladies,45553,
2022-23,D Pharmacy,CAP Round III,05427,"R.G.Sapkal Institute of Pharmacy, Anjaneri",Nashik,Unaided,GSTS,State Level,Any,56593,
2022-23,D Pharmacy,CAP Round III,05427,"R.G.Sapkal Institute of Pharmacy, Anjaneri",Nashik,Unaided,GNT1S,State Level,Any,52953,
2022-23,D Pharmacy,CAP Round III,05427,"R.G.Sapkal Institute of Pharmacy, Anjaneri",Nashik,Unaided,LNT2S,State Level,Ladies,55345,
2022-23,D Pharmacy,CAP Round III,05427,"R.G.Sapkal Institute of Pharmacy, Anjaneri",Nashik,Unaided,GOBCS,State Level,Any,55009,
2022-23,D Pharmacy,CAP Round III,05427,"R.G.Sapkal Institute of Pharmacy, Anjaneri",Nashik,Unaided,LOBCS,State Level,Ladies,52926,
2022-23,D Pharmacy,CAP Round III,05427,"R.G.Sapkal Institute of Pharmacy, Anjaneri",Nashik,Unaided,TFWS,Special,Any,50467,
2022-23,D Pharmacy,CAP Round III,05428,"Ahinsa Institute of Pharmacy, Dondaicha",Dhule,Unaided,GOPENS,State Level,Any,14882,
2022-23,D Pharmacy,CAP Round III,05428,"Ahinsa Institute of Pharmacy, Dondaicha",Dhule,Unaided,LOPENS,State Level,Ladies,29135,
2022-23,D Pharmacy,CAP Round III,05428,"Ahinsa Institute of Pharmacy, Dondaicha",Dhule,Unaided,TFWS,Special,Any,32425,
2022-23,D Pharmacy,CAP Round III,05429,Nimgaon Gramin Shikshan Prasarak Mandal's Institute of Pharmacy D.Pharmacy,D.Pharmacy,Unaided,GSCS,State Level,Any,61980,
2022-23,D Pharmacy,CAP Round III,05429,Nimgaon Gramin Shikshan Prasarak Mandal's Institute of Pharmacy D.Pharmacy,D.Pharmacy,Unaided,LSCS,State Level,Ladies,82670,
2022-23,D Pharmacy,CAP Round III,05429,Nimgaon Gramin Shikshan Prasarak Mandal's Institute of Pharmacy D.Pharmacy,D.Pharmacy,Unaided,GSTS,State Level,Any,60333,
2022-23,D Pharmacy,CAP Round III,05429,Nimgaon Gramin Shikshan Prasarak Mandal's Institute of Pharmacy D.Pharmacy,D.Pharmacy,Unaided,GVJS,State Level,Any,49807,
2022-23,D Pharmacy,CAP Round III,05429,Nimgaon Gramin Shikshan Prasarak Mandal's Institute of Pharmacy D.Pharmacy,D.Pharmacy,Unaided,GNT3S,State Level,Any,57251,
2022-23,D Pharmacy,CAP Round III,05430,"Swami Institute of Pharmacy, Abhona",Nashik,Unaided,GOPENS,State Level,Any,30833,
2022-23,D Pharmacy,CAP Round III,05430,"Swami Institute of Pharmacy, Abhona",Nashik,Unaided,GSCS,State Level,Any,80287,
2022-23,D Pharmacy,CAP Round III,05430,"Swami Institute of Pharmacy, Abhona",Nashik,Unaided,LSCS,State Level,Ladies,82937,
2022-23,D Pharmacy,CAP Round III,05430,"Swami Institute of Pharmacy, Abhona",Nashik,Unaided,GOBCS,State Level,Any,37774,
2022-23,D Pharmacy,CAP Round III,05430,"Swami Institute of Pharmacy, Abhona",Nashik,Unaided,EWS,Special,Any,72889,
2022-23,D Pharmacy,CAP Round III,05430,"Swami Institute of Pharmacy, Abhona",Nashik,Unaided,TFWS,Special,Any,42369,
2022-23,D Pharmacy,CAP Round III,05432,"R.M.S. Institute of Pharmacy, Sayane Khurd",Nashik,Unaided,GOPENS,State Level,Any,43526,
2022-23,D Pharmacy,CAP Round III,05432,"R.M.S. Institute of Pharmacy, Sayane Khurd",Nashik,Unaided,LOPENS,State Level,Ladies,43520,
2022-23,D Pharmacy,CAP Round III,05432,"R.M.S. Institute of Pharmacy, Sayane Khurd",Nashik,Unaided,MI,Special,Any,40786,
2022-23,D Pharmacy,CAP Round III,05435,"Prof. Ravindra Nikam College of Pharmacy, Gondur, Dhule",Dhule,Unaided,GOPENS,State Level,Any,28930,
2022-23,D Pharmacy,CAP Round III,05435,"Prof. Ravindra Nikam College of Pharmacy, Gondur, Dhule",Dhule,Unaided,GSCS,State Level,Any,81016,
2022-23,D Pharmacy,CAP Round III,05435,"Prof. Ravindra Nikam College of Pharmacy, Gondur, Dhule",Dhule,Unaided,GSTS,State Level,Any,35506,
2022-23,D Pharmacy,CAP Round III,05435,"Prof. Ravindra Nikam College of Pharmacy, Gondur, Dhule",Dhule,Unaided,LNT1S,State Level,Ladies,46032,
2022-23,D Pharmacy,CAP Round III,05435,"Prof. Ravindra Nikam College of Pharmacy, Gondur, Dhule",Dhule,Unaided,GNT2S,State Level,Any,29148,
2022-23,D Pharmacy,CAP Round III,05435,"Prof. Ravindra Nikam College of Pharmacy, Gondur, Dhule",Dhule,Unaided,GOBCS,State Level,Any,37337,
2022-23,D Pharmacy,CAP Round III,05435,"Prof. Ravindra Nikam College of Pharmacy, Gondur, Dhule",Dhule,Unaided,LOBCS,State Level,Ladies,38999,
2022-23,D Pharmacy,CAP Round III,05435,"Prof. Ravindra Nikam College of Pharmacy, Gondur, Dhule",Dhule,Unaided,GSCS,State Level,Any,35757,
2022-23,D Pharmacy,CAP Round III,05435,"Prof. Ravindra Nikam College of Pharmacy, Gondur, Dhule",Dhule,Unaided,LSCS,State Level,Ladies,36187,
2022-23,D Pharmacy,CAP Round III,05435,"Prof. Ravindra Nikam College of Pharmacy, Gondur, Dhule",Dhule,Unaided,GNT3S,State Level,Any,31310,
2022-23,D Pharmacy,CAP Round III,05436,"Seva Shikshan Prasarak Mandal's Dr. N.J. Paulbudhe College of Pharmacy (Diploma), Ahmednagar",Ahmednagar,Unaided,GOPENS,State Level,Any,36977,
2022-23,D Pharmacy,CAP Round III,05436,"Seva Shikshan Prasarak Mandal's Dr. N.J. Paulbudhe College of Pharmacy (Diploma), Ahmednagar",Ahmednagar,Unaided,LOPENS,State Level,Ladies,33332,
2022-23,D Pharmacy,CAP Round III,05436,"Seva Shikshan Prasarak Mandal's Dr. N.J. Paulbudhe College of Pharmacy (Diploma), Ahmednagar",Ahmednagar,Unaided,GSCS,State Level,Any,52756,
2022-23,D Pharmacy,CAP Round III,05436,"Seva Shikshan Prasarak Mandal's Dr. N.J. Paulbudhe College of Pharmacy (Diploma), Ahmednagar",Ahmednagar,Unaided,LNT2S,State Level,Ladies,43298,
2022-23,D Pharmacy,CAP Round III,05436,"Seva Shikshan Prasarak Mandal's Dr. N.J. Paulbudhe College of Pharmacy (Diploma), Ahmednagar",Ahmednagar,Unaided,GNT3S,State Level,Any,37264,
2022-23,D Pharmacy,CAP Round III,05436,"Seva Shikshan Prasarak Mandal's Dr. N.J. Paulbudhe College of Pharmacy (Diploma), Ahmednagar",Ahmednagar,Unaided,GOBCS,State Level,Any,37016,
2022-23,D Pharmacy,CAP Round III,05436,"Seva Shikshan Prasarak Mandal's Dr. N.J. Paulbudhe College of Pharmacy (Diploma), Ahmednagar",Ahmednagar,Unaided,LOBCS,State Level,Ladies,51855,
2022-23,D Pharmacy,CAP Round III,05436,"Seva Shikshan Prasarak Mandal's Dr. N.J. Paulbudhe College of Pharmacy (Diploma), Ahmednagar",Ahmednagar,Unaided,LVJS,State Level,Ladies,56964,
2022-23,D Pharmacy,CAP Round III,05437,"Trimurti Institute of Pharmacy, Paldhi (BK), Jalgaon",Jalgaon,Unaided,LOPENS,State Level,Ladies,27971,
2022-23,D Pharmacy,CAP Round III,05437,"Trimurti Institute of Pharmacy, Paldhi (BK), Jalgaon",Jalgaon,Unaided,GSCS,State Level,Any,79526,
2022-23,D Pharmacy,CAP Round III,05437,"Trimurti Institute of Pharmacy, Paldhi (BK), Jalgaon",Jalgaon,Unaided,GSTS,State Level,Any,30044,
2022-23,D Pharmacy,CAP Round III,05437,"Trimurti Institute of Pharmacy, Paldhi (BK), Jalgaon",Jalgaon,Unaided,LOBCS,State Level,Ladies,30852,
2022-23,D Pharmacy,CAP Round III,05438,"N D Kasar College of Pharmacy, Walki, Ahmednagar",Ahmednagar,Unaided,GOPENS,State Level,Any,36626,
2022-23,D Pharmacy,CAP Round III,05438,"N D Kasar College of Pharmacy, Walki, Ahmednagar",Ahmednagar,Unaided,GSCS,State Level,Any,54574,
2022-23,D Pharmacy,CAP Round III,05438,"N D Kasar College of Pharmacy, Walki, Ahmednagar",Ahmednagar,Unaided,LSCS,State Level,Ladies,73040,
2022-23,D Pharmacy,CAP Round III,05438,"N D Kasar College of Pharmacy, Walki, Ahmednagar",Ahmednagar,Unaided,GSTS,State Level,Any,59351,
2022-23,D Pharmacy,CAP Round III,05438,"N D Kasar College of Pharmacy, Walki, Ahmednagar",Ahmednagar,Unaided,GNT3S,State Level,Any,43410,
2022-23,D Pharmacy,CAP Round III,05438,"N D Kasar College of Pharmacy, Walki, Ahmednagar",Ahmednagar,Unaided,GOBCS,State Level,Any,46900,
2022-23,D Pharmacy,CAP Round III,05438,"N D Kasar College of Pharmacy, Walki, Ahmednagar",Ahmednagar,Unaided,EWS,Special,Any,39546,
2022-23,D Pharmacy,CAP Round III,05439,"Dr Naikwadi College of D Pharmacy, Jamgaon Sinnar",Ahmednagar,Unaided,GOPENS,State Level,Any,53313,
2022-23,D Pharmacy,CAP Round III,05439,"Dr Naikwadi College of D Pharmacy, Jamgaon Sinnar",Ahmednagar,Unaided,LOPENS,State Level,Ladies,29561,
2022-23,D Pharmacy,CAP Round III,05439,"Dr Naikwadi College of D Pharmacy, Jamgaon Sinnar",Ahmednagar,Unaided,GSCS,State Level,Any,64632,
2022-23,D Pharmacy,CAP Round III,05439,"Dr Naikwadi College of D Pharmacy, Jamgaon Sinnar",Ahmednagar,Unaided,GSTS,State Level,Any,58322,
2022-23,D Pharmacy,CAP Round III,05439,"Dr Naikwadi College of D Pharmacy, Jamgaon Sinnar",Ahmednagar,Unaided,LSTS,State Level,Ladies,62633,
2022-23,D Pharmacy,CAP Round III,05439,"Dr Naikwadi College of D Pharmacy, Jamgaon Sinnar",Ahmednagar,Unaided,GVJS,State Level,Any,58385,
2022-23,D Pharmacy,CAP Round III,05439,"Dr Naikwadi College of D Pharmacy, Jamgaon Sinnar",Ahmednagar,Unaided,GOBCS,State Level,Any,58674,
2022-23,D Pharmacy,CAP Round III,05439,"Dr Naikwadi College of D Pharmacy, Jamgaon Sinnar",Ahmednagar,Unaided,LOBCS,State Level,Ladies,56432,
2022-23,D Pharmacy,CAP Round III,05439,"Dr Naikwadi College of D Pharmacy, Jamgaon Sinnar",Ahmednagar,Unaided,EWS,Special,Any,48111,
2022-23,D Pharmacy,CAP Round III,05439,"Dr Naikwadi College of D Pharmacy, Jamgaon Sinnar",Ahmednagar,Unaided,TFWS,Special,Any,51510,
2022-23,D Pharmacy,CAP Round III,05440,"Shaineshwar Shikshan Prasarak Mandal's College of D. Pharmacy, Laling, Dhule",Dhule,Unaided,GOPENS,State Level,Any,39822,
2022-23,D Pharmacy,CAP Round III,05440,"Shaineshwar Shikshan Prasarak Mandal's College of D. Pharmacy, Laling, Dhule",Dhule,Unaided,LOPENS,State Level,Ladies,37716,
2022-23,D Pharmacy,CAP Round III,05440,"Shaineshwar Shikshan Prasarak Mandal's College of D. Pharmacy, Laling, Dhule",Dhule,Unaided,GVJS,State Level,Any,40872,
2022-23,D Pharmacy,CAP Round III,05440,"Shaineshwar Shikshan Prasarak Mandal's College of D. Pharmacy, Laling, Dhule",Dhule,Unaided,GNT2S,State Level,Any,41370,
2022-23,D Pharmacy,CAP Round III,05440,"Shaineshwar Shikshan Prasarak Mandal's College of D. Pharmacy, Laling, Dhule",Dhule,Unaided,GOBCS,State Level,Any,42642,
2022-23,D Pharmacy,CAP Round III,05440,"Shaineshwar Shikshan Prasarak Mandal's College of D. Pharmacy, Laling, Dhule",Dhule,Unaided,LOBCS,State Level,Ladies,41067,
2022-23,D Pharmacy,CAP Round III,05440,"Shaineshwar Shikshan Prasarak Mandal's College of D. Pharmacy, Laling, Dhule",Dhule,Unaided,EWS,Special,Any,84279,
2022-23,D Pharmacy,CAP Round III,05440,"Shaineshwar Shikshan Prasarak Mandal's College of D. Pharmacy, Laling, Dhule",Dhule,Unaided,TFWS,Special,Any,39874,
2022-23,D Pharmacy,CAP Round III,05442,"MET's Institute of D. Pharmacy, Adgaon, Nashik",Nashik,Unaided,GOPENS,State Level,Any,34848,
2022-23,D Pharmacy,CAP Round III,05442,"MET's Institute of D. Pharmacy, Adgaon, Nashik",Nashik,Unaided,LOPENS,State Level,Ladies,34192,
2022-23,D Pharmacy,CAP Round III,05442,"MET's Institute of D. Pharmacy, Adgaon, Nashik",Nashik,Unaided,GSCS,State Level,Any,60181,
2022-23,D Pharmacy,CAP Round III,05442,"MET's Institute of D. Pharmacy, Adgaon, Nashik",Nashik,Unaided,GVJS,State Level,Any,47438,
2022-23,D Pharmacy,CAP Round III,05442,"MET's Institute of D. Pharmacy, Adgaon, Nashik",Nashik,Unaided,LVJS,State Level,Ladies,61397,
2022-23,D Pharmacy,CAP Round III,05442,"MET's Institute of D. Pharmacy, Adgaon, Nashik",Nashik,Unaided,GNT2S,State Level,Any,44464,
2022-23,D Pharmacy,CAP Round III,05442,"MET's Institute of D. Pharmacy, Adgaon, Nashik",Nashik,Unaided,GOBCS,State Level,Any,42938,
2022-23,D Pharmacy,CAP Round III,05442,"MET's Institute of D. Pharmacy, Adgaon, Nashik",Nashik,Unaided,EWS,Special,Any,48361,
2022-23,D Pharmacy,CAP Round III,05443,"Divine College of Pharmacy, Satana",Nashik,Unaided,GOPENS,State Level,Any,36679,
2022-23,D Pharmacy,CAP Round III,05443,"Divine College of Pharmacy, Satana",Nashik,Unaided,GSCS,State Level,Any,71024,
2022-23,D Pharmacy,CAP Round III,05443,"Divine College of Pharmacy, Satana",Nashik,Unaided,GNT2S,State Level,Any,64297,
2022-23,D Pharmacy,CAP Round III,05443,"Divine College of Pharmacy, Satana",Nashik,Unaided,GOBCS,State Level,Any,40166,
2022-23,D Pharmacy,CAP Round III,05443,"Divine College of Pharmacy, Satana",Nashik,Unaided,EWS,Special,Any,75086,
2022-23,D Pharmacy,CAP Round III,05443,"Divine College of Pharmacy, Satana",Nashik,Unaided,TFWS,Special,Any,42536,
2022-23,D Pharmacy,CAP Round III,05443,"Divine College of Pharmacy, Satana",Nashik,Unaided,LNT3S,State Level,Ladies,48871,
2022-23,D Pharmacy,CAP Round III,05446,"Matoshri Miratai Aher College of Pharmacy, Karjule Harya Taluka Parner",Ahmednagar,Unaided,GOPENS,State Level,Any,55888,
2022-23,D Pharmacy,CAP Round III,05446,"Matoshri Miratai Aher College of Pharmacy, Karjule Harya Taluka Parner",Ahmednagar,Unaided,LOPENS,State Level,Ladies,49850,
2022-23,D Pharmacy,CAP Round III,05446,"Matoshri Miratai Aher College of Pharmacy, Karjule Harya Taluka Parner",Ahmednagar,Unaided,GSCS,State Level,Any,72970,
2022-23,D Pharmacy,CAP Round III,05446,"Matoshri Miratai Aher College of Pharmacy, Karjule Harya Taluka Parner",Ahmednagar,Unaided,LSCS,State Level,Ladies,72592,
2022-23,D Pharmacy,CAP Round III,05446,"Matoshri Miratai Aher College of Pharmacy, Karjule Harya Taluka Parner",Ahmednagar,Unaided,GVJS,State Level,Any,58423,
2022-23,D Pharmacy,CAP Round III,05446,"Matoshri Miratai Aher College of Pharmacy, Karjule Harya Taluka Parner",Ahmednagar,Unaided,GNT1S,State Level,Any,81408,
2022-23,D Pharmacy,CAP Round III,05446,"Matoshri Miratai Aher College of Pharmacy, Karjule Harya Taluka Parner",Ahmednagar,Unaided,LNT2S,State Level,Ladies,63517,
2022-23,D Pharmacy,CAP Round III,05446,"Matoshri Miratai Aher College of Pharmacy, Karjule Harya Taluka Parner",Ahmednagar,Unaided,GNT3S,State Level,Any,56407,
2022-23,D Pharmacy,CAP Round III,05446,"Matoshri Miratai Aher College of Pharmacy, Karjule Harya Taluka Parner",Ahmednagar,Unaided,GOBCS,State Level,Any,67001,
2022-23,D Pharmacy,CAP Round III,05446,"Matoshri Miratai Aher College of Pharmacy, Karjule Harya Taluka Parner",Ahmednagar,Unaided,EWS,Special,Any,57195,
2022-23,D Pharmacy,CAP Round III,05446,"Matoshri Miratai Aher College of Pharmacy, Karjule Harya Taluka Parner",Ahmednagar,Unaided,LVJS,State Level,Ladies,61631,
2022-23,D Pharmacy,CAP Round III,05446,"Matoshri Miratai Aher College of Pharmacy, Karjule Harya Taluka Parner",Ahmednagar,Unaided,GSTS,State Level,Any,56701,
2022-23,D Pharmacy,CAP Round III,05448,"Shri Vile Parle Kelavani Mandal's Institute of Pharmacy, Dhule",Dhule,Unaided,GOPENS,State Level,Any,14193,
2022-23,D Pharmacy,CAP Round III,05450,"K. K. Wagh College of Pharmacy, Nashik",Nashik,Unaided,GOPENS,State Level,Any,14602,
2022-23,D Pharmacy,CAP Round III,05450,"K. K. Wagh College of Pharmacy, Nashik",Nashik,Unaided,LSCS,State Level,Ladies,14321,
2022-23,D Pharmacy,CAP Round III,05450,"K. K. Wagh College of Pharmacy, Nashik",Nashik,Unaided,GVJS,State Level,Any,40776,
2022-23,D Pharmacy,CAP Round III,05450,"K. K. Wagh College of Pharmacy, Nashik",Nashik,Unaided,GNT2S,State Level,Any,35330,
2022-23,D Pharmacy,CAP Round III,05450,"K. K. Wagh College of Pharmacy, Nashik",Nashik,Unaided,GOBCS,State Level,Any,24923,
2022-23,D Pharmacy,CAP Round III,05452,"Rupesh Badhan Institute of Pharmacy, Pimpalner",Dhule,Unaided,GOPENS,State Level,Any,31179,
2022-23,D Pharmacy,CAP Round III,05452,"Rupesh Badhan Institute of Pharmacy, Pimpalner",Dhule,Unaided,GSCS,State Level,Any,76397,
2022-23,D Pharmacy,CAP Round III,05452,"Rupesh Badhan Institute of Pharmacy, Pimpalner",Dhule,Unaided,GSTS,State Level,Any,39461,
2022-23,D Pharmacy,CAP Round III,05452,"Rupesh Badhan Institute of Pharmacy, Pimpalner",Dhule,Unaided,GVJS,State Level,Any,41833,
2022-23,D Pharmacy,CAP Round III,05452,"Rupesh Badhan Institute of Pharmacy, Pimpalner",Dhule,Unaided,GOBCS,State Level,Any,45258,
2022-23,D Pharmacy,CAP Round III,05452,"Rupesh Badhan Institute of Pharmacy, Pimpalner",Dhule,Unaided,EWS,Special,Any,81683,
2022-23,D Pharmacy,CAP Round III,05452,"Rupesh Badhan Institute of Pharmacy, Pimpalner",Dhule,Unaided,GSCS,State Level,Any,38137,
2022-23,D Pharmacy,CAP Round III,05452,"Rupesh Badhan Institute of Pharmacy, Pimpalner",Dhule,Unaided,LSCS,State Level,Ladies,35185,
2022-23,D Pharmacy,CAP Round III,05452,"Rupesh Badhan Institute of Pharmacy, Pimpalner",Dhule,Unaided,GNT3S,State Level,Any,36617,
2022-23,D Pharmacy,CAP Round III,05454,"Shantiniketan College of Pharmacy, Ahmednagar",Ahmednagar,Unaided,GOPENS,State Level,Any,40711,
2022-23,D Pharmacy,CAP Round III,05454,"Shantiniketan College of Pharmacy, Ahmednagar",Ahmednagar,Unaided,GSTS,State Level,Any,57506,
2022-23,D Pharmacy,CAP Round III,05454,"Shantiniketan College of Pharmacy, Ahmednagar",Ahmednagar,Unaided,GNT3S,State Level,Any,43327,
2022-23,D Pharmacy,CAP Round III,05454,"Shantiniketan College of Pharmacy, Ahmednagar",Ahmednagar,Unaided,GOBCS,State Level,Any,53681,
2022-23,D Pharmacy,CAP Round III,05454,"Shantiniketan College of Pharmacy, Ahmednagar",Ahmednagar,Unaided,LOBCS,State Level,Ladies,53386,
2022-23,D Pharmacy,CAP Round III,05454,"Shantiniketan College of Pharmacy, Ahmednagar",Ahmednagar,Unaided,DEFOPENS,State Level,Any,72246,
2022-23,D Pharmacy,CAP Round III,05454,"Shantiniketan College of Pharmacy, Ahmednagar",Ahmednagar,Unaided,TFWS,Special,Any,35524,
2022-23,D Pharmacy,CAP Round III,05455,"Shram Sadhana Bombay Trust's Institute of Pharmacy, Bambhori, Jalgaon",Jalgaon,Unaided,GOPENS,State Level,Any,14429,
2022-23,D Pharmacy,CAP Round III,05455,"Shram Sadhana Bombay Trust's Institute of Pharmacy, Bambhori, Jalgaon",Jalgaon,Unaided,GSCS,State Level,Any,50423,
2022-23,D Pharmacy,CAP Round III,05455,"Shram Sadhana Bombay Trust's Institute of Pharmacy, Bambhori, Jalgaon",Jalgaon,Unaided,GSTS,State Level,Any,26934,
2022-23,D Pharmacy,CAP Round III,05455,"Shram Sadhana Bombay Trust's Institute of Pharmacy, Bambhori, Jalgaon",Jalgaon,Unaided,LNT1S,State Level,Ladies,44950,
2022-23,D Pharmacy,CAP Round III,05455,"Shram Sadhana Bombay Trust's Institute of Pharmacy, Bambhori, Jalgaon",Jalgaon,Unaided,GNT2S,State Level,Any,25959,
2022-23,D Pharmacy,CAP Round III,05455,"Shram Sadhana Bombay Trust's Institute of Pharmacy, Bambhori, Jalgaon",Jalgaon,Unaided,GOBCS,State Level,Any,21437,
2022-23,D Pharmacy,CAP Round III,05455,"Shram Sadhana Bombay Trust's Institute of Pharmacy, Bambhori, Jalgaon",Jalgaon,Unaided,EWS,Special,Any,32798,
2022-23,D Pharmacy,CAP Round III,05458,"Shri. Prakashchand Jain College of Pharmacy & Research, Palaskheda",Jalgaon,Unaided,GOPENS,State Level,Any,32983,
2022-23,D Pharmacy,CAP Round III,05458,"Shri. Prakashchand Jain College of Pharmacy & Research, Palaskheda",Jalgaon,Unaided,LOPENS,State Level,Ladies,17773,
2022-23,D Pharmacy,CAP Round III,05459,"SHRI GULABRAO DEOKAR COLLEGE OF PHARMACY,SHIRSOLY ROAD, JALGAON",Jalgaon,Unaided,GOPENS,State Level,Any,28433,
2022-23,D Pharmacy,CAP Round III,05459,"SHRI GULABRAO DEOKAR COLLEGE OF PHARMACY,SHIRSOLY ROAD, JALGAON",Jalgaon,Unaided,LOPENS,State Level,Ladies,19915,
2022-23,D Pharmacy,CAP Round III,05459,"SHRI GULABRAO DEOKAR COLLEGE OF PHARMACY,SHIRSOLY ROAD, JALGAON",Jalgaon,Unaided,GSTS,State Level,Any,33199,
2022-23,D Pharmacy,CAP Round III,05459,"SHRI GULABRAO DEOKAR COLLEGE OF PHARMACY,SHIRSOLY ROAD, JALGAON",Jalgaon,Unaided,GOBCS,State Level,Any,29248,
2022-23,D Pharmacy,CAP Round III,05459,"SHRI GULABRAO DEOKAR COLLEGE OF PHARMACY,SHIRSOLY ROAD, JALGAON",Jalgaon,Unaided,LOBCS,State Level,Ladies,28633,
2022-23,D Pharmacy,CAP Round III,05459,"SHRI GULABRAO DEOKAR COLLEGE OF PHARMACY,SHIRSOLY ROAD, JALGAON",Jalgaon,Unaided,TFWS,Special,Any,18188,
2022-23,D Pharmacy,CAP Round III,05459,"SHRI GULABRAO DEOKAR COLLEGE OF PHARMACY,SHIRSOLY ROAD, JALGAON",Jalgaon,Unaided,LSCS,State Level,Ladies,47234,
2022-23,D Pharmacy,CAP Round III,05460,"Dr. Kolpe Institute of Pharmacy, Kolpewadi",Ahmednagar,Unaided,GOPENS,State Level,Any,55806,
2022-23,D Pharmacy,CAP Round III,05460,"Dr. Kolpe Institute of Pharmacy, Kolpewadi",Ahmednagar,Unaided,GSCS,State Level,Any,76101,
2022-23,D Pharmacy,CAP Round III,05460,"Dr. Kolpe Institute of Pharmacy, Kolpewadi",Ahmednagar,Unaided,LSCS,State Level,Ladies,62202,
2022-23,D Pharmacy,CAP Round III,05460,"Dr. Kolpe Institute of Pharmacy, Kolpewadi",Ahmednagar,Unaided,GOBCS,State Level,Any,61474,
2022-23,D Pharmacy,CAP Round III,05460,"Dr. Kolpe Institute of Pharmacy, Kolpewadi",Ahmednagar,Unaided,EWS,Special,Any,55415,
2022-23,D Pharmacy,CAP Round III,05461,"Arihant College of Pharmacy, Ahmednagar",Ahmednagar,Unaided,GOPENS,State Level,Any,37378,
2022-23,D Pharmacy,CAP Round III,05461,"Arihant College of Pharmacy, Ahmednagar",Ahmednagar,Unaided,GSCS,State Level,Any,57985,
2022-23,D Pharmacy,CAP Round III,05461,"Arihant College of Pharmacy, Ahmednagar",Ahmednagar,Unaided,LSCS,State Level,Ladies,50533,
2022-23,D Pharmacy,CAP Round III,05461,"Arihant College of Pharmacy, Ahmednagar",Ahmednagar,Unaided,GSTS,State Level,Any,68296,
2022-23,D Pharmacy,CAP Round III,05461,"Arihant College of Pharmacy, Ahmednagar",Ahmednagar,Unaided,LNT2S,State Level,Ladies,37212,
2022-23,D Pharmacy,CAP Round III,05461,"Arihant College of Pharmacy, Ahmednagar",Ahmednagar,Unaided,GNT3S,State Level,Any,42117,
2022-23,D Pharmacy,CAP Round III,05461,"Arihant College of Pharmacy, Ahmednagar",Ahmednagar,Unaided,GOBCS,State Level,Any,50889,
2022-23,D Pharmacy,CAP Round III,05461,"Arihant College of Pharmacy, Ahmednagar",Ahmednagar,Unaided,LOBCS,State Level,Ladies,45444,
2022-23,D Pharmacy,CAP Round III,05461,"Arihant College of Pharmacy, Ahmednagar",Ahmednagar,Unaided,EWS,Special,Any,49589,
2022-23,D Pharmacy,CAP Round III,05461,"Arihant College of Pharmacy, Ahmednagar",Ahmednagar,Unaided,TFWS,Special,Any,35961,
2022-23,D Pharmacy,CAP Round III,05463,"K. K. Wagh Institute of Pharmacy, Chandori",Nashik,Unaided,GOPENS,State Level,Any,46964,
2022-23,D Pharmacy,CAP Round III,05463,"K. K. Wagh Institute of Pharmacy, Chandori",Nashik,Unaided,LOPENS,State Level,Ladies,44184,
2022-23,D Pharmacy,CAP Round III,05463,"K. K. Wagh Institute of Pharmacy, Chandori",Nashik,Unaided,GSCS,State Level,Any,65613,
2022-23,D Pharmacy,CAP Round III,05463,"K. K. Wagh Institute of Pharmacy, Chandori",Nashik,Unaided,GSTS,State Level,Any,51383,
2022-23,D Pharmacy,CAP Round III,05463,"K. K. Wagh Institute of Pharmacy, Chandori",Nashik,Unaided,GOBCS,State Level,Any,53132,
2022-23,D Pharmacy,CAP Round III,05463,"K. K. Wagh Institute of Pharmacy, Chandori",Nashik,Unaided,EWS,Special,Any,56614,
2022-23,D Pharmacy,CAP Round III,05463,"K. K. Wagh Institute of Pharmacy, Chandori",Nashik,Unaided,TFWS,Special,Any,2543,
2022-23,D Pharmacy,CAP Round III,05464,"Vidya Niketan Institute of Pharmacy & Research Center, Bota",Ahmednagar,Unaided,GOPENS,State Level,Any,57572,
2022-23,D Pharmacy,CAP Round III,05464,"Vidya Niketan Institute of Pharmacy & Research Center, Bota",Ahmednagar,Unaided,GSCS,State Level,Any,76561,
2022-23,D Pharmacy,CAP Round III,05464,"Vidya Niketan Institute of Pharmacy & Research Center, Bota",Ahmednagar,Unaided,LSCS,State Level,Ladies,82920,
2022-23,D Pharmacy,CAP Round III,05464,"Vidya Niketan Institute of Pharmacy & Research Center, Bota",Ahmednagar,Unaided,GNT1S,State Level,Any,72563,
2022-23,D Pharmacy,CAP Round III,05464,"Vidya Niketan Institute of Pharmacy & Research Center, Bota",Ahmednagar,Unaided,GNT2S,State Level,Any,63355,
2022-23,D Pharmacy,CAP Round III,05464,"Vidya Niketan Institute of Pharmacy & Research Center, Bota",Ahmednagar,Unaided,GOBCS,State Level,Any,73866,
2022-23,D Pharmacy,CAP Round III,05464,"Vidya Niketan Institute of Pharmacy & Research Center, Bota",Ahmednagar,Unaided,ORPHAN,Special,Any,43329,
2022-23,D Pharmacy,CAP Round III,05464,"Vidya Niketan Institute of Pharmacy & Research Center, Bota",Ahmednagar,Unaided,TFWS,Special,Any,44916,
2022-23,D Pharmacy,CAP Round III,05464,"Vidya Niketan Institute of Pharmacy & Research Center, Bota",Ahmednagar,Unaided,ORPHAN,Special,Any,58524,
2022-23,D Pharmacy,CAP Round III,05465,"Ratnadeep College of Pharmacy, Ratnapur, Taluka Jamkhed, Dist. Ahmednagar",Ahmednagar,Unaided,GOPENS,State Level,Any,49672,
2022-23,D Pharmacy,CAP Round III,05465,"Ratnadeep College of Pharmacy, Ratnapur, Taluka Jamkhed, Dist. Ahmednagar",Ahmednagar,Unaided,LOPENS,State Level,Ladies,37685,
2022-23,D Pharmacy,CAP Round III,05465,"Ratnadeep College of Pharmacy, Ratnapur, Taluka Jamkhed, Dist. Ahmednagar",Ahmednagar,Unaided,GSCS,State Level,Any,75399,
2022-23,D Pharmacy,CAP Round III,05465,"Ratnadeep College of Pharmacy, Ratnapur, Taluka Jamkhed, Dist. Ahmednagar",Ahmednagar,Unaided,LSCS,State Level,Ladies,70748,
2022-23,D Pharmacy,CAP Round III,05465,"Ratnadeep College of Pharmacy, Ratnapur, Taluka Jamkhed, Dist. Ahmednagar",Ahmednagar,Unaided,LNT2S,State Level,Ladies,52810,
2022-23,D Pharmacy,CAP Round III,05465,"Ratnadeep College of Pharmacy, Ratnapur, Taluka Jamkhed, Dist. Ahmednagar",Ahmednagar,Unaided,LNT3S,State Level,Ladies,49933,
2022-23,D Pharmacy,CAP Round III,05465,"Ratnadeep College of Pharmacy, Ratnapur, Taluka Jamkhed, Dist. Ahmednagar",Ahmednagar,Unaided,GOBCS,State Level,Any,75607,
2022-23,D Pharmacy,CAP Round III,05465,"Ratnadeep College of Pharmacy, Ratnapur, Taluka Jamkhed, Dist. Ahmednagar",Ahmednagar,Unaided,ORPHAN,Special,Any,47880,
2022-23,D Pharmacy,CAP Round III,05465,"Ratnadeep College of Pharmacy, Ratnapur, Taluka Jamkhed, Dist. Ahmednagar",Ahmednagar,Unaided,TFWS,Special,Any,28004,
2022-23,D Pharmacy,CAP Round III,05465,"Ratnadeep College of Pharmacy, Ratnapur, Taluka Jamkhed, Dist. Ahmednagar",Ahmednagar,Unaided,GSTS,State Level,Any,50009,
2022-23,D Pharmacy,CAP Round III,05465,"Ratnadeep College of Pharmacy, Ratnapur, Taluka Jamkhed, Dist. Ahmednagar",Ahmednagar,Unaided,LSTS,State Level,Ladies,49532,
2022-23,D Pharmacy,CAP Round III,05465,"Ratnadeep College of Pharmacy, Ratnapur, Taluka Jamkhed, Dist. Ahmednagar",Ahmednagar,Unaided,ORPHAN,Special,Any,49912,
2022-23,D Pharmacy,CAP Round III,05466,"Shiva Trust, Shivajirao Pawar College of Pharmacy, At-Pachegaon, Tq.Newsa, Ahmednagar",Ahmednagar,Unaided,GOPENS,State Level,Any,47705,
2022-23,D Pharmacy,CAP Round III,05466,"Shiva Trust, Shivajirao Pawar College of Pharmacy, At-Pachegaon, Tq.Newsa, Ahmednagar",Ahmednagar,Unaided,LOPENS,State Level,Ladies,33221,
2022-23,D Pharmacy,CAP Round III,05466,"Shiva Trust, Shivajirao Pawar College of Pharmacy, At-Pachegaon, Tq.Newsa, Ahmednagar",Ahmednagar,Unaided,LSCS,State Level,Ladies,63224,
2022-23,D Pharmacy,CAP Round III,05466,"Shiva Trust, Shivajirao Pawar College of Pharmacy, At-Pachegaon, Tq.Newsa, Ahmednagar",Ahmednagar,Unaided,GNT3S,State Level,Any,51742,
2022-23,D Pharmacy,CAP Round III,05466,"Shiva Trust, Shivajirao Pawar College of Pharmacy, At-Pachegaon, Tq.Newsa, Ahmednagar",Ahmednagar,Unaided,GOBCS,State Level,Any,49268,
2022-23,D Pharmacy,CAP Round III,05466,"Shiva Trust, Shivajirao Pawar College of Pharmacy, At-Pachegaon, Tq.Newsa, Ahmednagar",Ahmednagar,Unaided,LOBCS,State Level,Ladies,46586,
2022-23,D Pharmacy,CAP Round III,05466,"Shiva Trust, Shivajirao Pawar College of Pharmacy, At-Pachegaon, Tq.Newsa, Ahmednagar",Ahmednagar,Unaided,LSTS,State Level,Ladies,48447,
2022-23,D Pharmacy,CAP Round III,05467,"Shastry Institute of Pharmacy, Erandol",Jalgaon,Unaided,GOPENS,State Level,Any,37041,
2022-23,D Pharmacy,CAP Round III,05467,"Shastry Institute of Pharmacy, Erandol",Jalgaon,Unaided,LOPENS,State Level,Ladies,37768,
2022-23,D Pharmacy,CAP Round III,05467,"Shastry Institute of Pharmacy, Erandol",Jalgaon,Unaided,GSCS,State Level,Any,54345,
2022-23,D Pharmacy,CAP Round III,05467,"Shastry Institute of Pharmacy, Erandol",Jalgaon,Unaided,GOBCS,State Level,Any,38508,
2022-23,D Pharmacy,CAP Round III,05467,"Shastry Institute of Pharmacy, Erandol",Jalgaon,Unaided,LOBCS,State Level,Ladies,41139,
2022-23,D Pharmacy,CAP Round III,05467,"Shastry Institute of Pharmacy, Erandol",Jalgaon,Unaided,EWS,Special,Any,48542,
2022-23,D Pharmacy,CAP Round III,05467,"Shastry Institute of Pharmacy, Erandol",Jalgaon,Unaided,GNT3S,State Level,Any,37126,
2022-23,D Pharmacy,CAP Round III,05468,"Matoshri Education Society's Matoshri Institute of Pharmacy, Dhanore",Pune,Unaided,GOPENS,State Level,Any,37599,
2022-23,D Pharmacy,CAP Round III,05468,"Matoshri Education Society's Matoshri Institute of Pharmacy, Dhanore",Pune,Unaided,LOPENS,State Level,Ladies,28981,
2022-23,D Pharmacy,CAP Round III,05468,"Matoshri Education Society's Matoshri Institute of Pharmacy, Dhanore",Pune,Unaided,GSCS,State Level,Any,74451,
2022-23,D Pharmacy,CAP Round III,05468,"Matoshri Education Society's Matoshri Institute of Pharmacy, Dhanore",Pune,Unaided,LSCS,State Level,Ladies,83697,
2022-23,D Pharmacy,CAP Round III,05468,"Matoshri Education Society's Matoshri Institute of Pharmacy, Dhanore",Pune,Unaided,GSTS,State Level,Any,50354,
2022-23,D Pharmacy,CAP Round III,05468,"Matoshri Education Society's Matoshri Institute of Pharmacy, Dhanore",Pune,Unaided,GNT1S,State Level,Any,43186,
2022-23,D Pharmacy,CAP Round III,05468,"Matoshri Education Society's Matoshri Institute of Pharmacy, Dhanore",Pune,Unaided,GNT3S,State Level,Any,49117,
2022-23,D Pharmacy,CAP Round III,05468,"Matoshri Education Society's Matoshri Institute of Pharmacy, Dhanore",Pune,Unaided,GOBCS,State Level,Any,47006,
2022-23,D Pharmacy,CAP Round III,05468,"Matoshri Education Society's Matoshri Institute of Pharmacy, Dhanore",Pune,Unaided,EWS,Special,Any,30425,
2022-23,D Pharmacy,CAP Round III,05469,"P. G. College Of Pharmaceutical Science And Research, Chaupale",Nandurbar,Unaided,GOPENS,State Level,Any,30548,
2022-23,D Pharmacy,CAP Round III,05469,"P. G. College Of Pharmaceutical Science And Research, Chaupale",Nandurbar,Unaided,LOPENS,State Level,Ladies,29626,
2022-23,D Pharmacy,CAP Round III,05469,"P. G. College Of Pharmaceutical Science And Research, Chaupale",Nandurbar,Unaided,GSCS,State Level,Any,46883,
2022-23,D Pharmacy,CAP Round III,05469,"P. G. College Of Pharmaceutical Science And Research, Chaupale",Nandurbar,Unaided,GSTS,State Level,Any,30619,
2022-23,D Pharmacy,CAP Round III,05469,"P. G. College Of Pharmaceutical Science And Research, Chaupale",Nandurbar,Unaided,GOBCS,State Level,Any,40657,
2022-23,D Pharmacy,CAP Round III,05469,"P. G. College Of Pharmaceutical Science And Research, Chaupale",Nandurbar,Unaided,EWS,Special,Any,54328,
2022-23,D Pharmacy,CAP Round III,05470,"Bankar Patil College Of Pharmacy, Yeola",Nashik,Unaided,GOPENS,State Level,Any,45697,
2022-23,D Pharmacy,CAP Round III,05470,"Bankar Patil College Of Pharmacy, Yeola",Nashik,Unaided,GSCS,State Level,Any,65523,
2022-23,D Pharmacy,CAP Round III,05470,"Bankar Patil College Of Pharmacy, Yeola",Nashik,Unaided,GSTS,State Level,Any,51941,
2022-23,D Pharmacy,CAP Round III,05470,"Bankar Patil College Of Pharmacy, Yeola",Nashik,Unaided,LSTS,State Level,Ladies,42554,
2022-23,D Pharmacy,CAP Round III,05470,"Bankar Patil College Of Pharmacy, Yeola",Nashik,Unaided,GVJS,State Level,Any,59833,
2022-23,D Pharmacy,CAP Round III,05470,"Bankar Patil College Of Pharmacy, Yeola",Nashik,Unaided,LNT2S,State Level,Ladies,53431,
2022-23,D Pharmacy,CAP Round III,05470,"Bankar Patil College Of Pharmacy, Yeola",Nashik,Unaided,GNT3S,State Level,Any,55081,
2022-23,D Pharmacy,CAP Round III,05470,"Bankar Patil College Of Pharmacy, Yeola",Nashik,Unaided,GOBCS,State Level,Any,50093,
2022-23,D Pharmacy,CAP Round III,05471,"Saikrupa Institute Of Pharmacy, Ghargaon, Tal.Shrigonda",Ahmednagar,Unaided,GOPENS,State Level,Any,36499,
2022-23,D Pharmacy,CAP Round III,05471,"Saikrupa Institute Of Pharmacy, Ghargaon, Tal.Shrigonda",Ahmednagar,Unaided,GSCS,State Level,Any,57457,
2022-23,D Pharmacy,CAP Round III,05471,"Saikrupa Institute Of Pharmacy, Ghargaon, Tal.Shrigonda",Ahmednagar,Unaided,LSCS,State Level,Ladies,64150,
2022-23,D Pharmacy,CAP Round III,05471,"Saikrupa Institute Of Pharmacy, Ghargaon, Tal.Shrigonda",Ahmednagar,Unaided,GNT2S,State Level,Any,52829,
2022-23,D Pharmacy,CAP Round III,05471,"Saikrupa Institute Of Pharmacy, Ghargaon, Tal.Shrigonda",Ahmednagar,Unaided,LOBCS,State Level,Ladies,42289,
2022-23,D Pharmacy,CAP Round III,05471,"Saikrupa Institute Of Pharmacy, Ghargaon, Tal.Shrigonda",Ahmednagar,Unaided,PWDOPENS,State Level,Any,52933,
2022-23,D Pharmacy,CAP Round III,05471,"Saikrupa Institute Of Pharmacy, Ghargaon, Tal.Shrigonda",Ahmednagar,Unaided,EWS,Special,Any,29517,
2022-23,D Pharmacy,CAP Round III,05471,"Saikrupa Institute Of Pharmacy, Ghargaon, Tal.Shrigonda",Ahmednagar,Unaided,GSTS,State Level,Any,37625,
2022-23,D Pharmacy,CAP Round III,05471,"Saikrupa Institute Of Pharmacy, Ghargaon, Tal.Shrigonda",Ahmednagar,Unaided,LSTS,State Level,Ladies,37928,
2022-23,D Pharmacy,CAP Round III,05472,"Sumantai Institute Of Pharmacy, Bamrud(Kh)",Jalgaon,Unaided,GOPENS,State Level,Any,37355,
2022-23,D Pharmacy,CAP Round III,05472,"Sumantai Institute Of Pharmacy, Bamrud(Kh)",Jalgaon,Unaided,GSCS,State Level,Any,55957,
2022-23,D Pharmacy,CAP Round III,05472,"Sumantai Institute Of Pharmacy, Bamrud(Kh)",Jalgaon,Unaided,GSTS,State Level,Any,50126,
2022-23,D Pharmacy,CAP Round III,05472,"Sumantai Institute Of Pharmacy, Bamrud(Kh)",Jalgaon,Unaided,LSTS,State Level,Ladies,52320,
2022-23,D Pharmacy,CAP Round III,05472,"Sumantai Institute Of Pharmacy, Bamrud(Kh)",Jalgaon,Unaided,EWS,Special,Any,51988,
2022-23,D Pharmacy,CAP Round III,05473,Dr Uttamrao Mahajan College Of B Pharmacy Chalisgaon,Jalgaon,Unaided,GOPENS,State Level,Any,40122,
2022-23,D Pharmacy,CAP Round III,05473,Dr Uttamrao Mahajan College Of B Pharmacy Chalisgaon,Jalgaon,Unaided,LOPENS,State Level,Ladies,37362,
2022-23,D Pharmacy,CAP Round III,05473,Dr Uttamrao Mahajan College Of B Pharmacy Chalisgaon,Jalgaon,Unaided,GSCS,State Level,Any,75249,
2022-23,D Pharmacy,CAP Round III,05473,Dr Uttamrao Mahajan College Of B Pharmacy Chalisgaon,Jalgaon,Unaided,GSTS,State Level,Any,49782,
2022-23,D Pharmacy,CAP Round III,05473,Dr Uttamrao Mahajan College Of B Pharmacy Chalisgaon,Jalgaon,Unaided,LVJS,State Level,Ladies,40831,
2022-23,D Pharmacy,CAP Round III,05473,Dr Uttamrao Mahajan College Of B Pharmacy Chalisgaon,Jalgaon,Unaided,GOBCS,State Level,Any,43744,
2022-23,D Pharmacy,CAP Round III,05473,Dr Uttamrao Mahajan College Of B Pharmacy Chalisgaon,Jalgaon,Unaided,LOBCS,State Level,Ladies,42436,
2022-23,D Pharmacy,CAP Round III,05473,Dr Uttamrao Mahajan College Of B Pharmacy Chalisgaon,Jalgaon,Unaided,EWS,Special,Any,66424,
2022-23,D Pharmacy,CAP Round III,05473,Dr Uttamrao Mahajan College Of B Pharmacy Chalisgaon,Jalgaon,Unaided,LSCS,State Level,Ladies,77523,
2022-23,D Pharmacy,CAP Round III,05474,Kvn Naik S P Santha's Institute Of Pharmaceutical Education And Research Nashik,Nashik,Unaided,GOPENS,State Level,Any,42176,
2022-23,D Pharmacy,CAP Round III,05474,Kvn Naik S P Santha's Institute Of Pharmaceutical Education And Research Nashik,Nashik,Unaided,LOPENS,State Level,Ladies,41426,
2022-23,D Pharmacy,CAP Round III,05474,Kvn Naik S P Santha's Institute Of Pharmaceutical Education And Research Nashik,Nashik,Unaided,GSCS,State Level,Any,62391,
2022-23,D Pharmacy,CAP Round III,05474,Kvn Naik S P Santha's Institute Of Pharmaceutical Education And Research Nashik,Nashik,Unaided,GOBCS,State Level,Any,49318,
2022-23,D Pharmacy,CAP Round III,05474,Kvn Naik S P Santha's Institute Of Pharmaceutical Education And Research Nashik,Nashik,Unaided,EWS,Special,Any,49704,
2022-23,D Pharmacy,CAP Round III,05475,Ravindra Vidya Prasarak Mandal,Pune,Unaided,GOPENS,State Level,Any,53080,
2022-23,D Pharmacy,CAP Round III,05475,Ravindra Vidya Prasarak Mandal,Pune,Unaided,LOPENS,State Level,Ladies,29375,
2022-23,D Pharmacy,CAP Round III,05475,Ravindra Vidya Prasarak Mandal,Pune,Unaided,GSCS,State Level,Any,76062,
2022-23,D Pharmacy,CAP Round III,05475,Ravindra Vidya Prasarak Mandal,Pune,Unaided,LSCS,State Level,Ladies,77536,
2022-23,D Pharmacy,CAP Round III,05475,Ravindra Vidya Prasarak Mandal,Pune,Unaided,GSTS,State Level,Any,56081,
2022-23,D Pharmacy,CAP Round III,05475,Ravindra Vidya Prasarak Mandal,Pune,Unaided,GNT2S,State Level,Any,68069,
2022-23,D Pharmacy,CAP Round III,05475,Ravindra Vidya Prasarak Mandal,Pune,Unaided,GOBCS,State Level,Any,54422,
2022-23,D Pharmacy,CAP Round III,05475,Ravindra Vidya Prasarak Mandal,Pune,Unaided,LOBCS,State Level,Ladies,52014,
2022-23,D Pharmacy,CAP Round III,05475,Ravindra Vidya Prasarak Mandal,Pune,Unaided,ORPHAN,Special,Any,53606,
2022-23,D Pharmacy,CAP Round III,05476,"Jmct Institute Of Pharmacy, Nashik",Nashik,Unaided,GOPENS,State Level,Any,44806,
2022-23,D Pharmacy,CAP Round III,05476,"Jmct Institute Of Pharmacy, Nashik",Nashik,Unaided,LOPENS,State Level,Ladies,50997,
2022-23,D Pharmacy,CAP Round III,05476,"Jmct Institute Of Pharmacy, Nashik",Nashik,Unaided,MI,Special,Any,53129,
2022-23,D Pharmacy,CAP Round III,05476,"Jmct Institute Of Pharmacy, Nashik",Nashik,Unaided,TFWS,Special,Any,25847,
2022-23,D Pharmacy,CAP Round III,05477,"Rashtrasant Janardhan Swami College Of Pharmacy, Kokamthan",Ahmednagar,Unaided,GOPENS,State Level,Any,51332,
2022-23,D Pharmacy,CAP Round III,05477,"Rashtrasant Janardhan Swami College Of Pharmacy, Kokamthan",Ahmednagar,Unaided,LOPENS,State Level,Ladies,52343,
2022-23,D Pharmacy,CAP Round III,05477,"Rashtrasant Janardhan Swami College Of Pharmacy, Kokamthan",Ahmednagar,Unaided,GSCS,State Level,Any,70029,
2022-23,D Pharmacy,CAP Round III,05477,"Rashtrasant Janardhan Swami College Of Pharmacy, Kokamthan",Ahmednagar,Unaided,LSCS,State Level,Ladies,67055,
2022-23,D Pharmacy,CAP Round III,05477,"Rashtrasant Janardhan Swami College Of Pharmacy, Kokamthan",Ahmednagar,Unaided,LNT1S,State Level,Ladies,62315,
2022-23,D Pharmacy,CAP Round III,05477,"Rashtrasant Janardhan Swami College Of Pharmacy, Kokamthan",Ahmednagar,Unaided,GOBCS,State Level,Any,54131,
2022-23,D Pharmacy,CAP Round III,05477,"Rashtrasant Janardhan Swami College Of Pharmacy, Kokamthan",Ahmednagar,Unaided,LOBCS,State Level,Ladies,55870,
2022-23,D Pharmacy,CAP Round III,05477,"Rashtrasant Janardhan Swami College Of Pharmacy, Kokamthan",Ahmednagar,Unaided,DEFOPENS,State Level,Any,55368,
2022-23,D Pharmacy,CAP Round III,05477,"Rashtrasant Janardhan Swami College Of Pharmacy, Kokamthan",Ahmednagar,Unaided,TFWS,Special,Any,37852,
2022-23,D Pharmacy,CAP Round III,05478,"Rashtriya Shikshan Mandal N N Sattha College Of Pharmacy, Ahmednagar",Ahmednagar,Unaided,GOPENS,State Level,Any,26501,
2022-23,D Pharmacy,CAP Round III,05478,"Rashtriya Shikshan Mandal N N Sattha College Of Pharmacy, Ahmednagar",Ahmednagar,Unaided,GVJS,State Level,Any,59620,
2022-23,D Pharmacy,CAP Round III,05478,"Rashtriya Shikshan Mandal N N Sattha College Of Pharmacy, Ahmednagar",Ahmednagar,Unaided,GNT3S,State Level,Any,30518,
2022-23,D Pharmacy,CAP Round III,05478,"Rashtriya Shikshan Mandal N N Sattha College Of Pharmacy, Ahmednagar",Ahmednagar,Unaided,GOBCS,State Level,Any,35949,
2022-23,D Pharmacy,CAP Round III,05478,"Rashtriya Shikshan Mandal N N Sattha College Of Pharmacy, Ahmednagar",Ahmednagar,Unaided,EWS,Special,Any,39960,
2022-23,D Pharmacy,CAP Round III,05479,"Ashvin College of Pharmacy, Manchi Hill",Ahmednagar,Unaided,GOPENS,State Level,Any,49682,
2022-23,D Pharmacy,CAP Round III,05479,"Ashvin College of Pharmacy, Manchi Hill",Ahmednagar,Unaided,LOPENS,State Level,Ladies,40336,
2022-23,D Pharmacy,CAP Round III,05479,"Ashvin College of Pharmacy, Manchi Hill",Ahmednagar,Unaided,GVJS,State Level,Any,66629,
2022-23,D Pharmacy,CAP Round III,05479,"Ashvin College of Pharmacy, Manchi Hill",Ahmednagar,Unaided,GNT1S,State Level,Any,56178,
2022-23,D Pharmacy,CAP Round III,05479,"Ashvin College of Pharmacy, Manchi Hill",Ahmednagar,Unaided,GOBCS,State Level,Any,66987,
2022-23,D Pharmacy,CAP Round III,05479,"Ashvin College of Pharmacy, Manchi Hill",Ahmednagar,Unaided,EWS,Special,Any,54419,
2022-23,D Pharmacy,CAP Round III,05479,"Ashvin College of Pharmacy, Manchi Hill",Ahmednagar,Unaided,GSTS,State Level,Any,50849,
2022-23,D Pharmacy,CAP Round III,05480,"Matoshri Radha College Of D.Pharmacy, Virgaon",Nashik,Unaided,GOPENS,State Level,Any,61465,
2022-23,D Pharmacy,CAP Round III,05480,"Matoshri Radha College Of D.Pharmacy, Virgaon",Nashik,Unaided,LOPENS,State Level,Ladies,63043,
2022-23,D Pharmacy,CAP Round III,05480,"Matoshri Radha College Of D.Pharmacy, Virgaon",Nashik,Unaided,GSCS,State Level,Any,78637,
2022-23,D Pharmacy,CAP Round III,05480,"Matoshri Radha College Of D.Pharmacy, Virgaon",Nashik,Unaided,GSTS,State Level,Any,71171,
2022-23,D Pharmacy,CAP Round III,05480,"Matoshri Radha College Of D.Pharmacy, Virgaon",Nashik,Unaided,EWS,Special,Any,58702,
2022-23,D Pharmacy,CAP Round III,05480,"Matoshri Radha College Of D.Pharmacy, Virgaon",Nashik,Unaided,TFWS,Special,Any,50136,
2022-23,D Pharmacy,CAP Round III,05481,"Mrs. Saraswati Wani College Of D. Pharmacy, At Ganegaon",Pune,Unaided,GOPENS,State Level,Any,60402,
2022-23,D Pharmacy,CAP Round III,05481,"Mrs. Saraswati Wani College Of D. Pharmacy, At Ganegaon",Pune,Unaided,LOPENS,State Level,Ladies,51192,
2022-23,D Pharmacy,CAP Round III,05481,"Mrs. Saraswati Wani College Of D. Pharmacy, At Ganegaon",Pune,Unaided,GSCS,State Level,Any,72909,
2022-23,D Pharmacy,CAP Round III,05481,"Mrs. Saraswati Wani College Of D. Pharmacy, At Ganegaon",Pune,Unaided,GVJS,State Level,Any,68220,
2022-23,D Pharmacy,CAP Round III,05481,"Mrs. Saraswati Wani College Of D. Pharmacy, At Ganegaon",Pune,Unaided,GNT3S,State Level,Any,72817,
2022-23,D Pharmacy,CAP Round III,05481,"Mrs. Saraswati Wani College Of D. Pharmacy, At Ganegaon",Pune,Unaided,GOBCS,State Level,Any,63620,
2022-23,D Pharmacy,CAP Round III,05481,"Mrs. Saraswati Wani College Of D. Pharmacy, At Ganegaon",Pune,Unaided,LOBCS,State Level,Ladies,52285,
2022-23,D Pharmacy,CAP Round III,05481,"Mrs. Saraswati Wani College Of D. Pharmacy, At Ganegaon",Pune,Unaided,EWS,Special,Any,26441,
2022-23,D Pharmacy,CAP Round III,05481,"Mrs. Saraswati Wani College Of D. Pharmacy, At Ganegaon",Pune,Unaided,GSTS,State Level,Any,62305,
2022-23,D Pharmacy,CAP Round III,05482,Dr Ithape Institute Of D Pharmacy Sangamner,Ahmednagar,Unaided,GOPENS,State Level,Any,50475,
2022-23,D Pharmacy,CAP Round III,05482,Dr Ithape Institute Of D Pharmacy Sangamner,Ahmednagar,Unaided,LOPENS,State Level,Ladies,48418,
2022-23,D Pharmacy,CAP Round III,05482,Dr Ithape Institute Of D Pharmacy Sangamner,Ahmednagar,Unaided,GSCS,State Level,Any,78771,
2022-23,D Pharmacy,CAP Round III,05482,Dr Ithape Institute Of D Pharmacy Sangamner,Ahmednagar,Unaided,GSTS,State Level,Any,70645,
2022-23,D Pharmacy,CAP Round III,05482,Dr Ithape Institute Of D Pharmacy Sangamner,Ahmednagar,Unaided,GNT2S,State Level,Any,62244,
2022-23,D Pharmacy,CAP Round III,05482,Dr Ithape Institute Of D Pharmacy Sangamner,Ahmednagar,Unaided,LNT3S,State Level,Ladies,60614,
2022-23,D Pharmacy,CAP Round III,05482,Dr Ithape Institute Of D Pharmacy Sangamner,Ahmednagar,Unaided,GOBCS,State Level,Any,56933,
2022-23,D Pharmacy,CAP Round III,05482,Dr Ithape Institute Of D Pharmacy Sangamner,Ahmednagar,Unaided,TFWS,Special,Any,48104,
2022-23,D Pharmacy,CAP Round III,05483,"Pravara Medical Trust College Of Pharmacy, Shevgaon",Ahmednagar,Unaided,GOPENS,State Level,Any,10919,
2022-23,D Pharmacy,CAP Round III,05483,"Pravara Medical Trust College Of Pharmacy, Shevgaon",Ahmednagar,Unaided,GSCS,State Level,Any,42730,
2022-23,D Pharmacy,CAP Round III,05483,"Pravara Medical Trust College Of Pharmacy, Shevgaon",Ahmednagar,Unaided,LOBCS,State Level,Ladies,36811,
2022-23,D Pharmacy,CAP Round III,05483,"Pravara Medical Trust College Of Pharmacy, Shevgaon",Ahmednagar,Unaided,EWS,Special,Any,32906,
2022-23,D Pharmacy,CAP Round III,05483,"Pravara Medical Trust College Of Pharmacy, Shevgaon",Ahmednagar,Unaided,GSTS,State Level,Any,14449,
2022-23,D Pharmacy,CAP Round III,05484,"Shri Swami Samarth Institute Of Pharmacy, Malwadi, Bota",Ahmednagar,Unaided,GOPENS,State Level,Any,64288,
2022-23,D Pharmacy,CAP Round III,05484,"Shri Swami Samarth Institute Of Pharmacy, Malwadi, Bota",Ahmednagar,Unaided,LOPENS,State Level,Ladies,66779,
2022-23,D Pharmacy,CAP Round III,05484,"Shri Swami Samarth Institute Of Pharmacy, Malwadi, Bota",Ahmednagar,Unaided,GSCS,State Level,Any,71785,
2022-23,D Pharmacy,CAP Round III,05484,"Shri Swami Samarth Institute Of Pharmacy, Malwadi, Bota",Ahmednagar,Unaided,GOBCS,State Level,Any,68516,
2022-23,D Pharmacy,CAP Round III,05484,"Shri Swami Samarth Institute Of Pharmacy, Malwadi, Bota",Ahmednagar,Unaided,LOBCS,State Level,Ladies,75039,
2022-23,D Pharmacy,CAP Round III,05484,"Shri Swami Samarth Institute Of Pharmacy, Malwadi, Bota",Ahmednagar,Unaided,EWS,Special,Any,68616,
2022-23,D Pharmacy,CAP Round III,05484,"Shri Swami Samarth Institute Of Pharmacy, Malwadi, Bota",Ahmednagar,Unaided,TFWS,Special,Any,53576,
2022-23,D Pharmacy,CAP Round III,05485,"Mula Education Society's Sharda College Of Pharmacy, Vadgaon Gupta",Pune,Unaided,GOPENS,State Level,Any,40506,
2022-23,D Pharmacy,CAP Round III,05485,"Mula Education Society's Sharda College Of Pharmacy, Vadgaon Gupta",Pune,Unaided,GNT2S,State Level,Any,43982,
2022-23,D Pharmacy,CAP Round III,05485,"Mula Education Society's Sharda College Of Pharmacy, Vadgaon Gupta",Pune,Unaided,LNT3S,State Level,Ladies,50219,
2022-23,D Pharmacy,CAP Round III,05485,"Mula Education Society's Sharda College Of Pharmacy, Vadgaon Gupta",Pune,Unaided,GOBCS,State Level,Any,50754,
2022-23,D Pharmacy,CAP Round III,05485,"Mula Education Society's Sharda College Of Pharmacy, Vadgaon Gupta",Pune,Unaided,LOBCS,State Level,Ladies,40155,
2022-23,D Pharmacy,CAP Round III,05485,"Mula Education Society's Sharda College Of Pharmacy, Vadgaon Gupta",Pune,Unaided,EWS,Special,Any,50675,
2022-23,D Pharmacy,CAP Round III,05485,"Mula Education Society's Sharda College Of Pharmacy, Vadgaon Gupta",Pune,Unaided,GSTS,State Level,Any,40644,
2022-23,D Pharmacy,CAP Round III,05485,"Mula Education Society's Sharda College Of Pharmacy, Vadgaon Gupta",Pune,Unaided,LSTS,State Level,Ladies,41314,
2022-23,D Pharmacy,CAP Round III,05486,"Aditya Institute of Pharmacy, Chalisgaon",Jalgaon,Unaided,GSTS,State Level,Any,48720,
2022-23,D Pharmacy,CAP Round III,05486,"Aditya Institute of Pharmacy, Chalisgaon",Jalgaon,Unaided,GOBCS,State Level,Any,40856,
2022-23,D Pharmacy,CAP Round III,05486,"Aditya Institute of Pharmacy, Chalisgaon",Jalgaon,Unaided,EWS,Special,Any,66040,
2022-23,D Pharmacy,CAP Round III,05487,"Shri. Sai Samarth Institute of Pharmacy, Bhadgaon",Jalgaon,Unaided,GOPENS,State Level,Any,38992,
2022-23,D Pharmacy,CAP Round III,05487,"Shri. Sai Samarth Institute of Pharmacy, Bhadgaon",Jalgaon,Unaided,GSTS,State Level,Any,65493,
2022-23,D Pharmacy,CAP Round III,05487,"Shri. Sai Samarth Institute of Pharmacy, Bhadgaon",Jalgaon,Unaided,LSTS,State Level,Ladies,59401,
2022-23,D Pharmacy,CAP Round III,05487,"Shri. Sai Samarth Institute of Pharmacy, Bhadgaon",Jalgaon,Unaided,GVJS,State Level,Any,40157,
2022-23,D Pharmacy,CAP Round III,05487,"Shri. Sai Samarth Institute of Pharmacy, Bhadgaon",Jalgaon,Unaided,GNT1S,State Level,Any,45973,
2022-23,D Pharmacy,CAP Round III,05487,"Shri. Sai Samarth Institute of Pharmacy, Bhadgaon",Jalgaon,Unaided,GOBCS,State Level,Any,39147,
2022-23,D Pharmacy,CAP Round III,05487,"Shri. Sai Samarth Institute of Pharmacy, Bhadgaon",Jalgaon,Unaided,EWS,Special,Any,70101,
2022-23,D Pharmacy,CAP Round III,05487,"Shri. Sai Samarth Institute of Pharmacy, Bhadgaon",Jalgaon,Unaided,GSCS,State Level,Any,40022,
2022-23,D Pharmacy,CAP Round III,05487,"Shri. Sai Samarth Institute of Pharmacy, Bhadgaon",Jalgaon,Unaided,LSCS,State Level,Ladies,39930,
2022-23,D Pharmacy,CAP Round III,05487,"Shri. Sai Samarth Institute of Pharmacy, Bhadgaon",Jalgaon,Unaided,GNT3S,State Level,Any,39156,
2022-23,D Pharmacy,CAP Round III,05488,"Shree Panchavati Education Society's Institute of Pharmacy, Nashik",Nashik,Unaided,GOPENS,State Level,Any,43315,
2022-23,D Pharmacy,CAP Round III,05488,"Shree Panchavati Education Society's Institute of Pharmacy, Nashik",Nashik,Unaided,LOPENS,State Level,Ladies,43708,
2022-23,D Pharmacy,CAP Round III,05489,"Ratnadeep Pharmacy College, Ratnapur, Taluka Jamkhed, Dist. Ahmednagar",Ahmednagar,Unaided,GOPENS,State Level,Any,57911,
2022-23,D Pharmacy,CAP Round III,05489,"Ratnadeep Pharmacy College, Ratnapur, Taluka Jamkhed, Dist. Ahmednagar",Ahmednagar,Unaided,LOPENS,State Level,Ladies,49613,
2022-23,D Pharmacy,CAP Round III,05489,"Ratnadeep Pharmacy College, Ratnapur, Taluka Jamkhed, Dist. Ahmednagar",Ahmednagar,Unaided,GSCS,State Level,Any,75779,
2022-23,D Pharmacy,CAP Round III,05489,"Ratnadeep Pharmacy College, Ratnapur, Taluka Jamkhed, Dist. Ahmednagar",Ahmednagar,Unaided,LSCS,State Level,Ladies,73861,
2022-23,D Pharmacy,CAP Round III,05489,"Ratnadeep Pharmacy College, Ratnapur, Taluka Jamkhed, Dist. Ahmednagar",Ahmednagar,Unaided,GVJS,State Level,Any,63497,
2022-23,D Pharmacy,CAP Round III,05489,"Ratnadeep Pharmacy College, Ratnapur, Taluka Jamkhed, Dist. Ahmednagar",Ahmednagar,Unaided,GNT2S,State Level,Any,63169,
2022-23,D Pharmacy,CAP Round III,05489,"Ratnadeep Pharmacy College, Ratnapur, Taluka Jamkhed, Dist. Ahmednagar",Ahmednagar,Unaided,GNT3S,State Level,Any,58742,
2022-23,D Pharmacy,CAP Round III,05489,"Ratnadeep Pharmacy College, Ratnapur, Taluka Jamkhed, Dist. Ahmednagar",Ahmednagar,Unaided,GOBCS,State Level,Any,83378,
2022-23,D Pharmacy,CAP Round III,05489,"Ratnadeep Pharmacy College, Ratnapur, Taluka Jamkhed, Dist. Ahmednagar",Ahmednagar,Unaided,LOBCS,State Level,Ladies,81862,
2022-23,D Pharmacy,CAP Round III,05489,"Ratnadeep Pharmacy College, Ratnapur, Taluka Jamkhed, Dist. Ahmednagar",Ahmednagar,Unaided,EWS,Special,Any,53496,
2022-23,D Pharmacy,CAP Round III,05489,"Ratnadeep Pharmacy College, Ratnapur, Taluka Jamkhed, Dist. Ahmednagar",Ahmednagar,Unaided,TFWS,Special,Any,35373,
2022-23,D Pharmacy,CAP Round III,05489,"Ratnadeep Pharmacy College, Ratnapur, Taluka Jamkhed, Dist. Ahmednagar",Ahmednagar,Unaided,GSTS,State Level,Any,60286,
2022-23,D Pharmacy,CAP Round III,05489,"Ratnadeep Pharmacy College, Ratnapur, Taluka Jamkhed, Dist. Ahmednagar",Ahmednagar,Unaided,LSTS,State Level,Ladies,60594,
2022-23,D Pharmacy,CAP Round III,05489,"Ratnadeep Pharmacy College, Ratnapur, Taluka Jamkhed, Dist. Ahmednagar",Ahmednagar,Unaided,ORPHAN,Special,Any,61091,
2022-23,D Pharmacy,CAP Round III,05491,"Shatabdi Institute of Pharmacy, Bamdod, Nandurbar",Nandurbar,Unaided,GOPENS,State Level,Any,35290,
2022-23,D Pharmacy,CAP Round III,05491,"Shatabdi Institute of Pharmacy, Bamdod, Nandurbar",Nandurbar,Unaided,LOPENS,State Level,Ladies,38308,
2022-23,D Pharmacy,CAP Round III,05491,"Shatabdi Institute of Pharmacy, Bamdod, Nandurbar",Nandurbar,Unaided,GSCS,State Level,Any,45231,
2022-23,D Pharmacy,CAP Round III,05491,"Shatabdi Institute of Pharmacy, Bamdod, Nandurbar",Nandurbar,Unaided,GOBCS,State Level,Any,44442,
2022-23,D Pharmacy,CAP Round III,05491,"Shatabdi Institute of Pharmacy, Bamdod, Nandurbar",Nandurbar,Unaided,LOBCS,State Level,Ladies,51352,
2022-23,D Pharmacy,CAP Round III,05491,"Shatabdi Institute of Pharmacy, Bamdod, Nandurbar",Nandurbar,Unaided,EWS,Special,Any,54094,
2022-23,D Pharmacy,CAP Round III,05491,"Shatabdi Institute of Pharmacy, Bamdod, Nandurbar",Nandurbar,Unaided,TFWS,Special,Any,16675,
2022-23,D Pharmacy,CAP Round III,05492,DK Auti College Of Pharmacy,Pharmacy,Unaided,GOPENS,State Level,Any,61194,
2022-23,D Pharmacy,CAP Round III,05492,DK Auti College Of Pharmacy,Pharmacy,Unaided,LOPENS,State Level,Ladies,47668,
2022-23,D Pharmacy,CAP Round III,05492,DK Auti College Of Pharmacy,Pharmacy,Unaided,GSCS,State Level,Any,79205,
2022-23,D Pharmacy,CAP Round III,05492,DK Auti College Of Pharmacy,Pharmacy,Unaided,LSCS,State Level,Ladies,52844,
2022-23,D Pharmacy,CAP Round III,05492,DK Auti College Of Pharmacy,Pharmacy,Unaided,GSTS,State Level,Any,77820,
2022-23,D Pharmacy,CAP Round III,05492,DK Auti College Of Pharmacy,Pharmacy,Unaided,GVJS,State Level,Any,62309,
2022-23,D Pharmacy,CAP Round III,05492,DK Auti College Of Pharmacy,Pharmacy,Unaided,GNT1S,State Level,Any,61892,
2022-23,D Pharmacy,CAP Round III,05492,DK Auti College Of Pharmacy,Pharmacy,Unaided,LNT2S,State Level,Ladies,67534,
2022-23,D Pharmacy,CAP Round III,05492,DK Auti College Of Pharmacy,Pharmacy,Unaided,GOBCS,State Level,Any,82149,
2022-23,D Pharmacy,CAP Round III,05492,DK Auti College Of Pharmacy,Pharmacy,Unaided,EWS,Special,Any,69468,
2022-23,D Pharmacy,CAP Round III,05492,DK Auti College Of Pharmacy,Pharmacy,Unaided,TFWS,Special,Any,61595,
2022-23,D Pharmacy,CAP Round III,05492,DK Auti College Of Pharmacy,Pharmacy,Unaided,LVJS,State Level,Ladies,73285,
2022-23,D Pharmacy,CAP Round III,05492,DK Auti College Of Pharmacy,Pharmacy,Unaided,GSTS,State Level,Any,63058,
2022-23,D Pharmacy,CAP Round III,05492,DK Auti College Of Pharmacy,Pharmacy,Unaided,LSTS,State Level,Ladies,64814,
2022-23,D Pharmacy,CAP Round III,05492,DK Auti College Of Pharmacy,Pharmacy,Unaided,GOBCS,State Level,Any,65103,
2022-23,D Pharmacy,CAP Round III,05492,DK Auti College Of Pharmacy,Pharmacy,Unaided,ORPHAN,Special,Any,65158,
2022-23,D Pharmacy,CAP Round III,05493,"Om Sai Pratishthan, Mr. Shankar Kisanrao Kawad, Parner",Ahmednagar,Unaided,GOPENS,State Level,Any,64130,
2022-23,D Pharmacy,CAP Round III,05493,"Om Sai Pratishthan, Mr. Shankar Kisanrao Kawad, Parner",Ahmednagar,Unaided,LOPENS,State Level,Ladies,59501,
2022-23,D Pharmacy,CAP Round III,05493,"Om Sai Pratishthan, Mr. Shankar Kisanrao Kawad, Parner",Ahmednagar,Unaided,GSCS,State Level,Any,74308,
2022-23,D Pharmacy,CAP Round III,05493,"Om Sai Pratishthan, Mr. Shankar Kisanrao Kawad, Parner",Ahmednagar,Unaided,LSCS,State Level,Ladies,60511,
2022-23,D Pharmacy,CAP Round III,05493,"Om Sai Pratishthan, Mr. Shankar Kisanrao Kawad, Parner",Ahmednagar,Unaided,GVJS,State Level,Any,81161,
2022-23,D Pharmacy,CAP Round III,05493,"Om Sai Pratishthan, Mr. Shankar Kisanrao Kawad, Parner",Ahmednagar,Unaided,GOBCS,State Level,Any,83566,
2022-23,D Pharmacy,CAP Round III,05493,"Om Sai Pratishthan, Mr. Shankar Kisanrao Kawad, Parner",Ahmednagar,Unaided,LOBCS,State Level,Ladies,84361,
2022-23,D Pharmacy,CAP Round III,05493,"Om Sai Pratishthan, Mr. Shankar Kisanrao Kawad, Parner",Ahmednagar,Unaided,EWS,Special,Any,56960,
2022-23,D Pharmacy,CAP Round III,05493,"Om Sai Pratishthan, Mr. Shankar Kisanrao Kawad, Parner",Ahmednagar,Unaided,TFWS,Special,Any,68524,
2022-23,D Pharmacy,CAP Round III,05493,"Om Sai Pratishthan, Mr. Shankar Kisanrao Kawad, Parner",Ahmednagar,Unaided,LVJS,State Level,Ladies,83848,
2022-23,D Pharmacy,CAP Round III,05493,"Om Sai Pratishthan, Mr. Shankar Kisanrao Kawad, Parner",Ahmednagar,Unaided,GSTS,State Level,Any,64602,
2022-23,D Pharmacy,CAP Round III,05493,"Om Sai Pratishthan, Mr. Shankar Kisanrao Kawad, Parner",Ahmednagar,Unaided,LSTS,State Level,Ladies,64391,
2022-23,D Pharmacy,CAP Round III,05494,"Shiva Trust Godavari College of Pharmacy, Manori, Nashik",Nashik,Unaided,GOPENS,State Level,Any,64145,
2022-23,D Pharmacy,CAP Round III,05494,"Shiva Trust Godavari College of Pharmacy, Manori, Nashik",Nashik,Unaided,LOPENS,State Level,Ladies,62568,
2022-23,D Pharmacy,CAP Round III,05494,"Shiva Trust Godavari College of Pharmacy, Manori, Nashik",Nashik,Unaided,GSCS,State Level,Any,82604,
2022-23,D Pharmacy,CAP Round III,05494,"Shiva Trust Godavari College of Pharmacy, Manori, Nashik",Nashik,Unaided,LSCS,State Level,Ladies,78967,
2022-23,D Pharmacy,CAP Round III,05494,"Shiva Trust Godavari College of Pharmacy, Manori, Nashik",Nashik,Unaided,GSTS,State Level,Any,69070,
2022-23,D Pharmacy,CAP Round III,05494,"Shiva Trust Godavari College of Pharmacy, Manori, Nashik",Nashik,Unaided,LSTS,State Level,Ladies,68159,
2022-23,D Pharmacy,CAP Round III,05494,"Shiva Trust Godavari College of Pharmacy, Manori, Nashik",Nashik,Unaided,GVJS,State Level,Any,66295,
2022-23,D Pharmacy,CAP Round III,05494,"Shiva Trust Godavari College of Pharmacy, Manori, Nashik",Nashik,Unaided,GNT1S,State Level,Any,74165,
2022-23,D Pharmacy,CAP Round III,05494,"Shiva Trust Godavari College of Pharmacy, Manori, Nashik",Nashik,Unaided,LNT1S,State Level,Ladies,82267,
2022-23,D Pharmacy,CAP Round III,05494,"Shiva Trust Godavari College of Pharmacy, Manori, Nashik",Nashik,Unaided,GNT2S,State Level,Any,71049,
2022-23,D Pharmacy,CAP Round III,05494,"Shiva Trust Godavari College of Pharmacy, Manori, Nashik",Nashik,Unaided,LNT2S,State Level,Ladies,67165,
2022-23,D Pharmacy,CAP Round III,05494,"Shiva Trust Godavari College of Pharmacy, Manori, Nashik",Nashik,Unaided,GNT3S,State Level,Any,72461,
2022-23,D Pharmacy,CAP Round III,05494,"Shiva Trust Godavari College of Pharmacy, Manori, Nashik",Nashik,Unaided,GOBCS,State Level,Any,71183,
2022-23,D Pharmacy,CAP Round III,05494,"Shiva Trust Godavari College of Pharmacy, Manori, Nashik",Nashik,Unaided,LOBCS,State Level,Ladies,69047,
2022-23,D Pharmacy,CAP Round III,05494,"Shiva Trust Godavari College of Pharmacy, Manori, Nashik",Nashik,Unaided,ORPHAN,Special,Any,74343,
2022-23,D Pharmacy,CAP Round III,05494,"Shiva Trust Godavari College of Pharmacy, Manori, Nashik",Nashik,Unaided,TFWS,Special,Any,61609,
2022-23,D Pharmacy,CAP Round III,05494,"Shiva Trust Godavari College of Pharmacy, Manori, Nashik",Nashik,Unaided,ORPHAN,Special,Any,65849,
2022-23,D Pharmacy,CAP Round III,05495,"Swaddharak Vidhyarthi Sanstha's Dadasaheb Rawal Pharmacy College, (Mandal) Dondaicha",Dhule,Unaided,GOPENS,State Level,Any,44049,
2022-23,D Pharmacy,CAP Round III,05495,"Swaddharak Vidhyarthi Sanstha's Dadasaheb Rawal Pharmacy College, (Mandal) Dondaicha",Dhule,Unaided,LOPENS,State Level,Ladies,43066,
2022-23,D Pharmacy,CAP Round III,05495,"Swaddharak Vidhyarthi Sanstha's Dadasaheb Rawal Pharmacy College, (Mandal) Dondaicha",Dhule,Unaided,GSCS,State Level,Any,84308,
2022-23,D Pharmacy,CAP Round III,05495,"Swaddharak Vidhyarthi Sanstha's Dadasaheb Rawal Pharmacy College, (Mandal) Dondaicha",Dhule,Unaided,GSTS,State Level,Any,47796,
2022-23,D Pharmacy,CAP Round III,05495,"Swaddharak Vidhyarthi Sanstha's Dadasaheb Rawal Pharmacy College, (Mandal) Dondaicha",Dhule,Unaided,LSTS,State Level,Ladies,44355,
2022-23,D Pharmacy,CAP Round III,05495,"Swaddharak Vidhyarthi Sanstha's Dadasaheb Rawal Pharmacy College, (Mandal) Dondaicha",Dhule,Unaided,GVJS,State Level,Any,50903,
2022-23,D Pharmacy,CAP Round III,05495,"Swaddharak Vidhyarthi Sanstha's Dadasaheb Rawal Pharmacy College, (Mandal) Dondaicha",Dhule,Unaided,GNT1S,State Level,Any,44820,
2022-23,D Pharmacy,CAP Round III,05495,"Swaddharak Vidhyarthi Sanstha's Dadasaheb Rawal Pharmacy College, (Mandal) Dondaicha",Dhule,Unaided,LNT1S,State Level,Ladies,50044,
2022-23,D Pharmacy,CAP Round III,05495,"Swaddharak Vidhyarthi Sanstha's Dadasaheb Rawal Pharmacy College, (Mandal) Dondaicha",Dhule,Unaided,GNT2S,State Level,Any,44623,
2022-23,D Pharmacy,CAP Round III,05495,"Swaddharak Vidhyarthi Sanstha's Dadasaheb Rawal Pharmacy College, (Mandal) Dondaicha",Dhule,Unaided,GOBCS,State Level,Any,47188,
2022-23,D Pharmacy,CAP Round III,05495,"Swaddharak Vidhyarthi Sanstha's Dadasaheb Rawal Pharmacy College, (Mandal) Dondaicha",Dhule,Unaided,LOBCS,State Level,Ladies,53210,
2022-23,D Pharmacy,CAP Round III,05495,"Swaddharak Vidhyarthi Sanstha's Dadasaheb Rawal Pharmacy College, (Mandal) Dondaicha",Dhule,Unaided,TFWS,Special,Any,44479,
2022-23,D Pharmacy,CAP Round III,05495,"Swaddharak Vidhyarthi Sanstha's Dadasaheb Rawal Pharmacy College, (Mandal) Dondaicha",Dhule,Unaided,LOBCS,State Level,Ladies,48194,
2022-23,D Pharmacy,CAP Round III,05495,"Swaddharak Vidhyarthi Sanstha's Dadasaheb Rawal Pharmacy College, (Mandal) Dondaicha",Dhule,Unaided,GSCS,State Level,Any,48599,
2022-23,D Pharmacy,CAP Round III,05495,"Swaddharak Vidhyarthi Sanstha's Dadasaheb Rawal Pharmacy College, (Mandal) Dondaicha",Dhule,Unaided,LSCS,State Level,Ladies,48021,
2022-23,D Pharmacy,CAP Round III,05495,"Swaddharak Vidhyarthi Sanstha's Dadasaheb Rawal Pharmacy College, (Mandal) Dondaicha",Dhule,Unaided,GNT3S,State Level,Any,48010,
2022-23,D Pharmacy,CAP Round III,05496,"Aaisaheb Shakuntalaji Jain College of Pharmacy and Research, Palaskhede (BK)",Buldhana,Unaided,GOPENS,State Level,Any,45672,
2022-23,D Pharmacy,CAP Round III,05496,"Aaisaheb Shakuntalaji Jain College of Pharmacy and Research, Palaskhede (BK)",Buldhana,Unaided,LOPENS,State Level,Ladies,51416,
2022-23,D Pharmacy,CAP Round III,05496,"Aaisaheb Shakuntalaji Jain College of Pharmacy and Research, Palaskhede (BK)",Buldhana,Unaided,TFWS,Special,Any,43602,
2022-23,D Pharmacy,CAP Round III,06008,"Government College of Pharmacy, Karad",Satara,Government,GOPENS,State Level,Any,2463,
2022-23,D Pharmacy,CAP Round III,06008,"Government College of Pharmacy, Karad",Satara,Government,GSCS,State Level,Any,3582,
2022-23,D Pharmacy,CAP Round III,06008,"Government College of Pharmacy, Karad",Satara,Government,LSCS,State Level,Ladies,9926,
2022-23,D Pharmacy,CAP Round III,06008,"Government College of Pharmacy, Karad",Satara,Government,LSTS,State Level,Ladies,30663,
2022-23,D Pharmacy,CAP Round III,06008,"Government College of Pharmacy, Karad",Satara,Government,LNT1S,State Level,Ladies,5922,
2022-23,D Pharmacy,CAP Round III,06008,"Government College of Pharmacy, Karad",Satara,Government,GNT3S,State Level,Any,3443,
2022-23,D Pharmacy,CAP Round III,06008,"Government College of Pharmacy, Karad",Satara,Government,LNT3S,State Level,Ladies,5358,
2022-23,D Pharmacy,CAP Round III,06008,"Government College of Pharmacy, Karad",Satara,Government,GOBCS,State Level,Any,4662,
2022-23,D Pharmacy,CAP Round III,06008,"Government College of Pharmacy, Karad",Satara,Government,PWDOPENS,State Level,Any,17852,
2022-23,D Pharmacy,CAP Round III,06008,"Government College of Pharmacy, Karad",Satara,Government,EWS,Special,Any,2370,
2022-23,D Pharmacy,CAP Round III,06023,"Kolhapur District Chemist Asso. Inst. Of Pharmacy, Kolhapur",Kolhapur,Aided,GOPENS,State Level,Any,11851,
2022-23,D Pharmacy,CAP Round III,06023,"Kolhapur District Chemist Asso. Inst. Of Pharmacy, Kolhapur",Kolhapur,Aided,LOPENS,State Level,Ladies,18821,
2022-23,D Pharmacy,CAP Round III,06023,"Kolhapur District Chemist Asso. Inst. Of Pharmacy, Kolhapur",Kolhapur,Aided,GSCS,State Level,Any,42790,
2022-23,D Pharmacy,CAP Round III,06023,"Kolhapur District Chemist Asso. Inst. Of Pharmacy, Kolhapur",Kolhapur,Aided,LSCS,State Level,Ladies,41698,
2022-23,D Pharmacy,CAP Round III,06023,"Kolhapur District Chemist Asso. Inst. Of Pharmacy, Kolhapur",Kolhapur,Aided,GSTS,State Level,Any,74025,
2022-23,D Pharmacy,CAP Round III,06023,"Kolhapur District Chemist Asso. Inst. Of Pharmacy, Kolhapur",Kolhapur,Aided,GVJS,State Level,Any,24082,
2022-23,D Pharmacy,CAP Round III,06023,"Kolhapur District Chemist Asso. Inst. Of Pharmacy, Kolhapur",Kolhapur,Aided,LVJS,State Level,Ladies,56491,
2022-23,D Pharmacy,CAP Round III,06023,"Kolhapur District Chemist Asso. Inst. Of Pharmacy, Kolhapur",Kolhapur,Aided,GNT2S,State Level,Any,17591,
2022-23,D Pharmacy,CAP Round III,06023,"Kolhapur District Chemist Asso. Inst. Of Pharmacy, Kolhapur",Kolhapur,Aided,LNT2S,State Level,Ladies,32757,
2022-23,D Pharmacy,CAP Round III,06023,"Kolhapur District Chemist Asso. Inst. Of Pharmacy, Kolhapur",Kolhapur,Aided,GNT3S,State Level,Any,17389,
2022-23,D Pharmacy,CAP Round III,06023,"Kolhapur District Chemist Asso. Inst. Of Pharmacy, Kolhapur",Kolhapur,Aided,GOBCS,State Level,Any,21716,
2022-23,D Pharmacy,CAP Round III,06023,"Kolhapur District Chemist Asso. Inst. Of Pharmacy, Kolhapur",Kolhapur,Aided,LOBCS,State Level,Ladies,36482,
2022-23,D Pharmacy,CAP Round III,06023,"Kolhapur District Chemist Asso. Inst. Of Pharmacy, Kolhapur",Kolhapur,Aided,EWS,Special,Any,7122,
2022-23,D Pharmacy,CAP Round III,06023,"Kolhapur District Chemist Asso. Inst. Of Pharmacy, Kolhapur",Kolhapur,Aided,GSTS,State Level,Any,13861,
2022-23,D Pharmacy,CAP Round III,06023,"Kolhapur District Chemist Asso. Inst. Of Pharmacy, Kolhapur",Kolhapur,Aided,LSTS,State Level,Ladies,15080,
2022-23,D Pharmacy,CAP Round III,06023,"Kolhapur District Chemist Asso. Inst. Of Pharmacy, Kolhapur",Kolhapur,Aided,ORPHAN,Special,Any,16407,
2022-23,D Pharmacy,CAP Round III,06024,"Bharti Vidyapeeth's Institute of Pharmacy (Aided Wing), Pune",Pune,Aided,GOPENS,State Level,Any,5022,
2022-23,D Pharmacy,CAP Round III,06024,"Bharti Vidyapeeth's Institute of Pharmacy (Aided Wing), Pune",Pune,Aided,LOPENS,State Level,Ladies,28,
2022-23,D Pharmacy,CAP Round III,06024,"Bharti Vidyapeeth's Institute of Pharmacy (Aided Wing), Pune",Pune,Aided,GSCS,State Level,Any,9962,
2022-23,D Pharmacy,CAP Round III,06024,"Bharti Vidyapeeth's Institute of Pharmacy (Aided Wing), Pune",Pune,Aided,GSTS,State Level,Any,26394,
2022-23,D Pharmacy,CAP Round III,06024,"Bharti Vidyapeeth's Institute of Pharmacy (Aided Wing), Pune",Pune,Aided,LSTS,State Level,Ladies,56224,
2022-23,D Pharmacy,CAP Round III,06024,"Bharti Vidyapeeth's Institute of Pharmacy (Aided Wing), Pune",Pune,Aided,GVJS,State Level,Any,8463,
2022-23,D Pharmacy,CAP Round III,06024,"Bharti Vidyapeeth's Institute of Pharmacy (Aided Wing), Pune",Pune,Aided,GOBCS,State Level,Any,8064,
2022-23,D Pharmacy,CAP Round III,06024,"Bharti Vidyapeeth's Institute of Pharmacy (Aided Wing), Pune",Pune,Aided,LOBCS,State Level,Ladies,3123,
2022-23,D Pharmacy,CAP Round III,06024,"Bharti Vidyapeeth's Institute of Pharmacy (Aided Wing), Pune",Pune,Aided,EWS,Special,Any,4241,
2022-23,D Pharmacy,CAP Round III,06024,"Bharti Vidyapeeth's Institute of Pharmacy (Aided Wing), Pune",Pune,Aided,TFWS,Special,Any,1934,
2022-23,D Pharmacy,CAP Round III,06024,"Bharti Vidyapeeth's Institute of Pharmacy (Aided Wing), Pune",Pune,Aided,ORPHAN,Special,Any,5287,
2022-23,D Pharmacy,CAP Round III,06025,"Shri Swami Vivekanand Shikshan Santha's Institute Of Pharmacy,Miraj",Sangli,Aided,GOPENS,State Level,Any,17863,
2022-23,D Pharmacy,CAP Round III,06025,"Shri Swami Vivekanand Shikshan Santha's Institute Of Pharmacy,Miraj",Sangli,Aided,LOPENS,State Level,Ladies,8233,
2022-23,D Pharmacy,CAP Round III,06025,"Shri Swami Vivekanand Shikshan Santha's Institute Of Pharmacy,Miraj",Sangli,Aided,GSCS,State Level,Any,45207,
2022-23,D Pharmacy,CAP Round III,06025,"Shri Swami Vivekanand Shikshan Santha's Institute Of Pharmacy,Miraj",Sangli,Aided,GSTS,State Level,Any,74994,
2022-23,D Pharmacy,CAP Round III,06025,"Shri Swami Vivekanand Shikshan Santha's Institute Of Pharmacy,Miraj",Sangli,Aided,LVJS,State Level,Ladies,73947,
2022-23,D Pharmacy,CAP Round III,06025,"Shri Swami Vivekanand Shikshan Santha's Institute Of Pharmacy,Miraj",Sangli,Aided,GNT2S,State Level,Any,28552,
2022-23,D Pharmacy,CAP Round III,06025,"Shri Swami Vivekanand Shikshan Santha's Institute Of Pharmacy,Miraj",Sangli,Aided,GOBCS,State Level,Any,26979,
2022-23,D Pharmacy,CAP Round III,06025,"Shri Swami Vivekanand Shikshan Santha's Institute Of Pharmacy,Miraj",Sangli,Aided,LOBCS,State Level,Ladies,29505,
2022-23,D Pharmacy,CAP Round III,06025,"Shri Swami Vivekanand Shikshan Santha's Institute Of Pharmacy,Miraj",Sangli,Aided,PWDOPENS,State Level,Any,73774,
2022-23,D Pharmacy,CAP Round III,06025,"Shri Swami Vivekanand Shikshan Santha's Institute Of Pharmacy,Miraj",Sangli,Aided,EWS,Special,Any,11128,
2022-23,D Pharmacy,CAP Round III,06025,"Shri Swami Vivekanand Shikshan Santha's Institute Of Pharmacy,Miraj",Sangli,Aided,TFWS,Special,Any,12046,
2022-23,D Pharmacy,CAP Round III,06026,"Dakshin Solapur Taluka Shikshan Mandal's College Of Pharmacy (Poly), Solapur",Solapur,Aided,GOPENS,State Level,Any,5643,
2022-23,D Pharmacy,CAP Round III,06026,"Dakshin Solapur Taluka Shikshan Mandal's College Of Pharmacy (Poly), Solapur",Solapur,Aided,GSCS,State Level,Any,21250,
2022-23,D Pharmacy,CAP Round III,06026,"Dakshin Solapur Taluka Shikshan Mandal's College Of Pharmacy (Poly), Solapur",Solapur,Aided,GNT1S,State Level,Any,20199,
2022-23,D Pharmacy,CAP Round III,06026,"Dakshin Solapur Taluka Shikshan Mandal's College Of Pharmacy (Poly), Solapur",Solapur,Aided,LOBCS,State Level,Ladies,10239,
2022-23,D Pharmacy,CAP Round III,06026,"Dakshin Solapur Taluka Shikshan Mandal's College Of Pharmacy (Poly), Solapur",Solapur,Aided,EWS,Special,Any,4802,
2022-23,D Pharmacy,CAP Round III,06026,"Dakshin Solapur Taluka Shikshan Mandal's College Of Pharmacy (Poly), Solapur",Solapur,Aided,TFWS,Special,Any,3757,
2022-23,D Pharmacy,CAP Round III,06125,"Poona District Education Association, Shankarrao Ursal College of Pharmacy(Diploma), Kharadi, Tal: Haveli",Pune,Unaided,GOPENS,State Level,Any,24683,
2022-23,D Pharmacy,CAP Round III,06125,"Poona District Education Association, Shankarrao Ursal College of Pharmacy(Diploma), Kharadi, Tal: Haveli",Pune,Unaided,LOPENS,State Level,Ladies,33868,
2022-23,D Pharmacy,CAP Round III,06125,"Poona District Education Association, Shankarrao Ursal College of Pharmacy(Diploma), Kharadi, Tal: Haveli",Pune,Unaided,GSCS,State Level,Any,37170,
2022-23,D Pharmacy,CAP Round III,06125,"Poona District Education Association, Shankarrao Ursal College of Pharmacy(Diploma), Kharadi, Tal: Haveli",Pune,Unaided,LSCS,State Level,Ladies,37489,
2022-23,D Pharmacy,CAP Round III,06125,"Poona District Education Association, Shankarrao Ursal College of Pharmacy(Diploma), Kharadi, Tal: Haveli",Pune,Unaided,GSTS,State Level,Any,50511,
2022-23,D Pharmacy,CAP Round III,06125,"Poona District Education Association, Shankarrao Ursal College of Pharmacy(Diploma), Kharadi, Tal: Haveli",Pune,Unaided,GNT2S,State Level,Any,29291,
2022-23,D Pharmacy,CAP Round III,06125,"Poona District Education Association, Shankarrao Ursal College of Pharmacy(Diploma), Kharadi, Tal: Haveli",Pune,Unaided,GNT3S,State Level,Any,34552,
2022-23,D Pharmacy,CAP Round III,06125,"Poona District Education Association, Shankarrao Ursal College of Pharmacy(Diploma), Kharadi, Tal: Haveli",Pune,Unaided,GOBCS,State Level,Any,46221,
2022-23,D Pharmacy,CAP Round III,06125,"Poona District Education Association, Shankarrao Ursal College of Pharmacy(Diploma), Kharadi, Tal: Haveli",Pune,Unaided,LOBCS,State Level,Ladies,56769,
2022-23,D Pharmacy,CAP Round III,06125,"Poona District Education Association, Shankarrao Ursal College of Pharmacy(Diploma), Kharadi, Tal: Haveli",Pune,Unaided,EWS,Special,Any,37231,
2022-23,D Pharmacy,CAP Round III,06125,"Poona District Education Association, Shankarrao Ursal College of Pharmacy(Diploma), Kharadi, Tal: Haveli",Pune,Unaided,TFWS,Special,Any,14400,
2022-23,D Pharmacy,CAP Round III,06126,"Shree Santkrupa Shikshan Sanstha's College of Pharmacy(Diploma),Ghogaon,Satara",Satara,Unaided,GOPENS,State Level,Any,46135,
2022-23,D Pharmacy,CAP Round III,06126,"Shree Santkrupa Shikshan Sanstha's College of Pharmacy(Diploma),Ghogaon,Satara",Satara,Unaided,LOPENS,State Level,Ladies,52652,
2022-23,D Pharmacy,CAP Round III,06126,"Shree Santkrupa Shikshan Sanstha's College of Pharmacy(Diploma),Ghogaon,Satara",Satara,Unaided,GVJS,State Level,Any,51201,
2022-23,D Pharmacy,CAP Round III,06126,"Shree Santkrupa Shikshan Sanstha's College of Pharmacy(Diploma),Ghogaon,Satara",Satara,Unaided,GNT1S,State Level,Any,62655,
2022-23,D Pharmacy,CAP Round III,06126,"Shree Santkrupa Shikshan Sanstha's College of Pharmacy(Diploma),Ghogaon,Satara",Satara,Unaided,GNT2S,State Level,Any,61026,
2022-23,D Pharmacy,CAP Round III,06126,"Shree Santkrupa Shikshan Sanstha's College of Pharmacy(Diploma),Ghogaon,Satara",Satara,Unaided,GOBCS,State Level,Any,73803,
2022-23,D Pharmacy,CAP Round III,06126,"Shree Santkrupa Shikshan Sanstha's College of Pharmacy(Diploma),Ghogaon,Satara",Satara,Unaided,LOBCS,State Level,Ladies,69017,
2022-23,D Pharmacy,CAP Round III,06126,"Shree Santkrupa Shikshan Sanstha's College of Pharmacy(Diploma),Ghogaon,Satara",Satara,Unaided,EWS,Special,Any,55992,
2022-23,D Pharmacy,CAP Round III,06126,"Shree Santkrupa Shikshan Sanstha's College of Pharmacy(Diploma),Ghogaon,Satara",Satara,Unaided,TFWS,Special,Any,9735,
2022-23,D Pharmacy,CAP Round III,06126,"Shree Santkrupa Shikshan Sanstha's College of Pharmacy(Diploma),Ghogaon,Satara",Satara,Unaided,LVJS,State Level,Ladies,58448,
2022-23,D Pharmacy,CAP Round III,06256,"Bharati Vidyapeeth's College of Pharmacy, Kolhapur",Kolhapur,Unaided,GOPENS,State Level,Any,25617,
2022-23,D Pharmacy,CAP Round III,06256,"Bharati Vidyapeeth's College of Pharmacy, Kolhapur",Kolhapur,Unaided,GSTS,State Level,Any,42674,
2022-23,D Pharmacy,CAP Round III,06256,"Bharati Vidyapeeth's College of Pharmacy, Kolhapur",Kolhapur,Unaided,GOBCS,State Level,Any,40089,
2022-23,D Pharmacy,CAP Round III,06256,"Bharati Vidyapeeth's College of Pharmacy, Kolhapur",Kolhapur,Unaided,EWS,Special,Any,29003,
2022-23,D Pharmacy,CAP Round III,06256,"Bharati Vidyapeeth's College of Pharmacy, Kolhapur",Kolhapur,Unaided,TFWS,Special,Any,21060,
2022-23,D Pharmacy,CAP Round III,06256,"Bharati Vidyapeeth's College of Pharmacy, Kolhapur",Kolhapur,Unaided,GSTS,State Level,Any,32314,
2022-23,D Pharmacy,CAP Round III,06260,"Rajgad Dnyanpeeth's College of Pharmacy, Bhor",Pune,Unaided,GOPENS,State Level,Any,39555,
2022-23,D Pharmacy,CAP Round III,06260,"Rajgad Dnyanpeeth's College of Pharmacy, Bhor",Pune,Unaided,LOPENS,State Level,Ladies,37195,
2022-23,D Pharmacy,CAP Round III,06260,"Rajgad Dnyanpeeth's College of Pharmacy, Bhor",Pune,Unaided,GSCS,State Level,Any,48597,
2022-23,D Pharmacy,CAP Round III,06260,"Rajgad Dnyanpeeth's College of Pharmacy, Bhor",Pune,Unaided,GSTS,State Level,Any,53574,
2022-23,D Pharmacy,CAP Round III,06260,"Rajgad Dnyanpeeth's College of Pharmacy, Bhor",Pune,Unaided,GVJS,State Level,Any,44148,
2022-23,D Pharmacy,CAP Round III,06260,"Rajgad Dnyanpeeth's College of Pharmacy, Bhor",Pune,Unaided,GNT1S,State Level,Any,46212,
2022-23,D Pharmacy,CAP Round III,06260,"Rajgad Dnyanpeeth's College of Pharmacy, Bhor",Pune,Unaided,GNT2S,State Level,Any,42916,
2022-23,D Pharmacy,CAP Round III,06260,"Rajgad Dnyanpeeth's College of Pharmacy, Bhor",Pune,Unaided,GNT3S,State Level,Any,47889,
2022-23,D Pharmacy,CAP Round III,06260,"Rajgad Dnyanpeeth's College of Pharmacy, Bhor",Pune,Unaided,GOBCS,State Level,Any,49759,
2022-23,D Pharmacy,CAP Round III,06260,"Rajgad Dnyanpeeth's College of Pharmacy, Bhor",Pune,Unaided,LOBCS,State Level,Ladies,62536,
2022-23,D Pharmacy,CAP Round III,06260,"Rajgad Dnyanpeeth's College of Pharmacy, Bhor",Pune,Unaided,EWS,Special,Any,30184,
2022-23,D Pharmacy,CAP Round III,06260,"Rajgad Dnyanpeeth's College of Pharmacy, Bhor",Pune,Unaided,TFWS,Special,Any,29151,
2022-23,D Pharmacy,CAP Round III,06260,"Rajgad Dnyanpeeth's College of Pharmacy, Bhor",Pune,Unaided,LSTS,State Level,Ladies,69160,
2022-23,D Pharmacy,CAP Round III,06355,"Shri Balasaheb Mane Shikshan Prasarak Mandal's Ashokrao Mane College of Pharmacy,Peth Vadgaon, Kolhapur",Kolhapur,Unaided,GOPENS,State Level,Any,50885,
2022-23,D Pharmacy,CAP Round III,06355,"Shri Balasaheb Mane Shikshan Prasarak Mandal's Ashokrao Mane College of Pharmacy,Peth Vadgaon, Kolhapur",Kolhapur,Unaided,LOPENS,State Level,Ladies,48843,
2022-23,D Pharmacy,CAP Round III,06355,"Shri Balasaheb Mane Shikshan Prasarak Mandal's Ashokrao Mane College of Pharmacy,Peth Vadgaon, Kolhapur",Kolhapur,Unaided,GSCS,State Level,Any,55205,
2022-23,D Pharmacy,CAP Round III,06355,"Shri Balasaheb Mane Shikshan Prasarak Mandal's Ashokrao Mane College of Pharmacy,Peth Vadgaon, Kolhapur",Kolhapur,Unaided,GVJS,State Level,Any,83991,
2022-23,D Pharmacy,CAP Round III,06355,"Shri Balasaheb Mane Shikshan Prasarak Mandal's Ashokrao Mane College of Pharmacy,Peth Vadgaon, Kolhapur",Kolhapur,Unaided,GNT1S,State Level,Any,67658,
2022-23,D Pharmacy,CAP Round III,06355,"Shri Balasaheb Mane Shikshan Prasarak Mandal's Ashokrao Mane College of Pharmacy,Peth Vadgaon, Kolhapur",Kolhapur,Unaided,LOBCS,State Level,Ladies,51968,
2022-23,D Pharmacy,CAP Round III,06355,"Shri Balasaheb Mane Shikshan Prasarak Mandal's Ashokrao Mane College of Pharmacy,Peth Vadgaon, Kolhapur",Kolhapur,Unaided,EWS,Special,Any,57825,
2022-23,D Pharmacy,CAP Round III,06355,"Shri Balasaheb Mane Shikshan Prasarak Mandal's Ashokrao Mane College of Pharmacy,Peth Vadgaon, Kolhapur",Kolhapur,Unaided,LNT3S,State Level,Ladies,61362,
2022-23,D Pharmacy,CAP Round III,06355,"Shri Balasaheb Mane Shikshan Prasarak Mandal's Ashokrao Mane College of Pharmacy,Peth Vadgaon, Kolhapur",Kolhapur,Unaided,GSTS,State Level,Any,52155,
2022-23,D Pharmacy,CAP Round III,06357,"Tatyasaheb Kore College of Pharmacy (Diploma), Warananagar",Kolhapur,Unaided,GOPENS,State Level,Any,47718,
2022-23,D Pharmacy,CAP Round III,06357,"Tatyasaheb Kore College of Pharmacy (Diploma), Warananagar",Kolhapur,Unaided,LOPENS,State Level,Ladies,31698,
2022-23,D Pharmacy,CAP Round III,06357,"Tatyasaheb Kore College of Pharmacy (Diploma), Warananagar",Kolhapur,Unaided,GSCS,State Level,Any,61260,
2022-23,D Pharmacy,CAP Round III,06357,"Tatyasaheb Kore College of Pharmacy (Diploma), Warananagar",Kolhapur,Unaided,GVJS,State Level,Any,82848,
2022-23,D Pharmacy,CAP Round III,06357,"Tatyasaheb Kore College of Pharmacy (Diploma), Warananagar",Kolhapur,Unaided,GNT3S,State Level,Any,64873,
2022-23,D Pharmacy,CAP Round III,06357,"Tatyasaheb Kore College of Pharmacy (Diploma), Warananagar",Kolhapur,Unaided,GOBCS,State Level,Any,53913,
2022-23,D Pharmacy,CAP Round III,06357,"Tatyasaheb Kore College of Pharmacy (Diploma), Warananagar",Kolhapur,Unaided,EWS,Special,Any,6509,
2022-23,D Pharmacy,CAP Round III,06357,"Tatyasaheb Kore College of Pharmacy (Diploma), Warananagar",Kolhapur,Unaided,GSTS,State Level,Any,49983,
2022-23,D Pharmacy,CAP Round III,06359,"Alard Charitable Trust's Alard College of Pharmacy, Marunje, Hinjewadi, Pune",Pune,Unaided,GOPENS,State Level,Any,27271,
2022-23,D Pharmacy,CAP Round III,06359,"Alard Charitable Trust's Alard College of Pharmacy, Marunje, Hinjewadi, Pune",Pune,Unaided,LOPENS,State Level,Ladies,29331,
2022-23,D Pharmacy,CAP Round III,06359,"Alard Charitable Trust's Alard College of Pharmacy, Marunje, Hinjewadi, Pune",Pune,Unaided,MI,Special,Any,81479,
2022-23,D Pharmacy,CAP Round III,06360,"Chanakya Education. Soceity's, Indira College of Pharmacy, Tathawade, Pune",Pune,Unaided,GOPENS,State Level,Any,23287,
2022-23,D Pharmacy,CAP Round III,06360,"Chanakya Education. Soceity's, Indira College of Pharmacy, Tathawade, Pune",Pune,Unaided,LSCS,State Level,Ladies,53198,
2022-23,D Pharmacy,CAP Round III,06360,"Chanakya Education. Soceity's, Indira College of Pharmacy, Tathawade, Pune",Pune,Unaided,GSTS,State Level,Any,47574,
2022-23,D Pharmacy,CAP Round III,06360,"Chanakya Education. Soceity's, Indira College of Pharmacy, Tathawade, Pune",Pune,Unaided,LSTS,State Level,Ladies,64656,
2022-23,D Pharmacy,CAP Round III,06360,"Chanakya Education. Soceity's, Indira College of Pharmacy, Tathawade, Pune",Pune,Unaided,GVJS,State Level,Any,30837,
2022-23,D Pharmacy,CAP Round III,06360,"Chanakya Education. Soceity's, Indira College of Pharmacy, Tathawade, Pune",Pune,Unaided,GOBCS,State Level,Any,37480,
2022-23,D Pharmacy,CAP Round III,06360,"Chanakya Education. Soceity's, Indira College of Pharmacy, Tathawade, Pune",Pune,Unaided,EWS,Special,Any,28592,
2022-23,D Pharmacy,CAP Round III,06364,"Progressive Education Society's Modern College of Pharmacy( for Women), Moshi.(Tal.Haveli)",Pune,Unaided,LOPENS,State Level,Ladies,29711,
2022-23,D Pharmacy,CAP Round III,06364,"Progressive Education Society's Modern College of Pharmacy( for Women), Moshi.(Tal.Haveli)",Pune,Unaided,LSCS,State Level,Ladies,42558,
2022-23,D Pharmacy,CAP Round III,06364,"Progressive Education Society's Modern College of Pharmacy( for Women), Moshi.(Tal.Haveli)",Pune,Unaided,LVJS,State Level,Ladies,52172,
2022-23,D Pharmacy,CAP Round III,06364,"Progressive Education Society's Modern College of Pharmacy( for Women), Moshi.(Tal.Haveli)",Pune,Unaided,LOBCS,State Level,Ladies,41736,
2022-23,D Pharmacy,CAP Round III,06364,"Progressive Education Society's Modern College of Pharmacy( for Women), Moshi.(Tal.Haveli)",Pune,Unaided,EWS,Special,Any,33457,
2022-23,D Pharmacy,CAP Round III,06364,"Progressive Education Society's Modern College of Pharmacy( for Women), Moshi.(Tal.Haveli)",Pune,Unaided,LSTS,State Level,Ladies,31123,
2022-23,D Pharmacy,CAP Round III,06371,"Dr. D.Y. Patil College of Pharmacy , Akurdi, Pune",Pune,Unaided,GOPENS,State Level,Any,9342,
2022-23,D Pharmacy,CAP Round III,06371,"Dr. D.Y. Patil College of Pharmacy , Akurdi, Pune",Pune,Unaided,LOPENS,State Level,Ladies,6477,
2022-23,D Pharmacy,CAP Round III,06371,"Dr. D.Y. Patil College of Pharmacy , Akurdi, Pune",Pune,Unaided,GSTS,State Level,Any,30250,
2022-23,D Pharmacy,CAP Round III,06371,"Dr. D.Y. Patil College of Pharmacy , Akurdi, Pune",Pune,Unaided,LSTS,State Level,Ladies,53517,
2022-23,D Pharmacy,CAP Round III,06371,"Dr. D.Y. Patil College of Pharmacy , Akurdi, Pune",Pune,Unaided,GVJS,State Level,Any,24356,
2022-23,D Pharmacy,CAP Round III,06371,"Dr. D.Y. Patil College of Pharmacy , Akurdi, Pune",Pune,Unaided,LNT3S,State Level,Ladies,25011,
2022-23,D Pharmacy,CAP Round III,06371,"Dr. D.Y. Patil College of Pharmacy , Akurdi, Pune",Pune,Unaided,EWS,Special,Any,9711,
2022-23,D Pharmacy,CAP Round III,06372,"Poona District Education Association's Seth Govind Raghunath Sable College of Pharmacy , Saswad, Pune",Pune,Unaided,GOPENS,State Level,Any,37344,
2022-23,D Pharmacy,CAP Round III,06372,"Poona District Education Association's Seth Govind Raghunath Sable College of Pharmacy , Saswad, Pune",Pune,Unaided,LOPENS,State Level,Ladies,32152,
2022-23,D Pharmacy,CAP Round III,06372,"Poona District Education Association's Seth Govind Raghunath Sable College of Pharmacy , Saswad, Pune",Pune,Unaided,GSCS,State Level,Any,51361,
2022-23,D Pharmacy,CAP Round III,06372,"Poona District Education Association's Seth Govind Raghunath Sable College of Pharmacy , Saswad, Pune",Pune,Unaided,LSCS,State Level,Ladies,39032,
2022-23,D Pharmacy,CAP Round III,06372,"Poona District Education Association's Seth Govind Raghunath Sable College of Pharmacy , Saswad, Pune",Pune,Unaided,GSTS,State Level,Any,61857,
2022-23,D Pharmacy,CAP Round III,06372,"Poona District Education Association's Seth Govind Raghunath Sable College of Pharmacy , Saswad, Pune",Pune,Unaided,LSTS,State Level,Ladies,57012,
2022-23,D Pharmacy,CAP Round III,06372,"Poona District Education Association's Seth Govind Raghunath Sable College of Pharmacy , Saswad, Pune",Pune,Unaided,GVJS,State Level,Any,37608,
2022-23,D Pharmacy,CAP Round III,06372,"Poona District Education Association's Seth Govind Raghunath Sable College of Pharmacy , Saswad, Pune",Pune,Unaided,GOBCS,State Level,Any,45809,
2022-23,D Pharmacy,CAP Round III,06372,"Poona District Education Association's Seth Govind Raghunath Sable College of Pharmacy , Saswad, Pune",Pune,Unaided,EWS,Special,Any,37061,
2022-23,D Pharmacy,CAP Round III,06372,"Poona District Education Association's Seth Govind Raghunath Sable College of Pharmacy , Saswad, Pune",Pune,Unaided,TFWS,Special,Any,17983,
2022-23,D Pharmacy,CAP Round III,06373,"Shri Chatrapati Sambhaji Shikshan Sanstha's Sitabai Thite College of Pharmarcy, Shirur, (Ghodnadi). Pune",Pune,Unaided,GOPENS,State Level,Any,33322,
2022-23,D Pharmacy,CAP Round III,06373,"Shri Chatrapati Sambhaji Shikshan Sanstha's Sitabai Thite College of Pharmarcy, Shirur, (Ghodnadi). Pune",Pune,Unaided,GSCS,State Level,Any,52334,
2022-23,D Pharmacy,CAP Round III,06373,"Shri Chatrapati Sambhaji Shikshan Sanstha's Sitabai Thite College of Pharmarcy, Shirur, (Ghodnadi). Pune",Pune,Unaided,GSTS,State Level,Any,79689,
2022-23,D Pharmacy,CAP Round III,06373,"Shri Chatrapati Sambhaji Shikshan Sanstha's Sitabai Thite College of Pharmarcy, Shirur, (Ghodnadi). Pune",Pune,Unaided,GNT1S,State Level,Any,51127,
2022-23,D Pharmacy,CAP Round III,06373,"Shri Chatrapati Sambhaji Shikshan Sanstha's Sitabai Thite College of Pharmarcy, Shirur, (Ghodnadi). Pune",Pune,Unaided,EWS,Special,Any,41828,
2022-23,D Pharmacy,CAP Round III,06373,"Shri Chatrapati Sambhaji Shikshan Sanstha's Sitabai Thite College of Pharmarcy, Shirur, (Ghodnadi). Pune",Pune,Unaided,TFWS,Special,Any,18947,
2022-23,D Pharmacy,CAP Round III,06375,"Dr. D.Y. Patil Unitech Society's Dr. D.Y. Patil Institute of Pharmaceutical Science & Research, Pimpri, Pune",Pune,Unaided,GOPENS,State Level,Any,12486,
2022-23,D Pharmacy,CAP Round III,06375,"Dr. D.Y. Patil Unitech Society's Dr. D.Y. Patil Institute of Pharmaceutical Science & Research, Pimpri, Pune",Pune,Unaided,LOPENS,State Level,Ladies,11258,
2022-23,D Pharmacy,CAP Round III,06375,"Dr. D.Y. Patil Unitech Society's Dr. D.Y. Patil Institute of Pharmaceutical Science & Research, Pimpri, Pune",Pune,Unaided,GSCS,State Level,Any,26826,
2022-23,D Pharmacy,CAP Round III,06375,"Dr. D.Y. Patil Unitech Society's Dr. D.Y. Patil Institute of Pharmaceutical Science & Research, Pimpri, Pune",Pune,Unaided,GSTS,State Level,Any,56544,
2022-23,D Pharmacy,CAP Round III,06375,"Dr. D.Y. Patil Unitech Society's Dr. D.Y. Patil Institute of Pharmaceutical Science & Research, Pimpri, Pune",Pune,Unaided,GNT1S,State Level,Any,15880,
2022-23,D Pharmacy,CAP Round III,06375,"Dr. D.Y. Patil Unitech Society's Dr. D.Y. Patil Institute of Pharmaceutical Science & Research, Pimpri, Pune",Pune,Unaided,GNT2S,State Level,Any,18386,
2022-23,D Pharmacy,CAP Round III,06375,"Dr. D.Y. Patil Unitech Society's Dr. D.Y. Patil Institute of Pharmaceutical Science & Research, Pimpri, Pune",Pune,Unaided,GNT3S,State Level,Any,16302,
2022-23,D Pharmacy,CAP Round III,06375,"Dr. D.Y. Patil Unitech Society's Dr. D.Y. Patil Institute of Pharmaceutical Science & Research, Pimpri, Pune",Pune,Unaided,GOBCS,State Level,Any,19247,
2022-23,D Pharmacy,CAP Round III,06375,"Dr. D.Y. Patil Unitech Society's Dr. D.Y. Patil Institute of Pharmaceutical Science & Research, Pimpri, Pune",Pune,Unaided,EWS,Special,Any,16387,
2022-23,D Pharmacy,CAP Round III,06375,"Dr. D.Y. Patil Unitech Society's Dr. D.Y. Patil Institute of Pharmaceutical Science & Research, Pimpri, Pune",Pune,Unaided,TFWS,Special,Any,4438,
2022-23,D Pharmacy,CAP Round III,06380,"Marathwada Mitra Mandal's College of Pharmacy,Thergaon( Kalewadi) ,Pune",Pune,Unaided,GOPENS,State Level,Any,28260,
2022-23,D Pharmacy,CAP Round III,06380,"Marathwada Mitra Mandal's College of Pharmacy,Thergaon( Kalewadi) ,Pune",Pune,Unaided,GSCS,State Level,Any,33230,
2022-23,D Pharmacy,CAP Round III,06380,"Marathwada Mitra Mandal's College of Pharmacy,Thergaon( Kalewadi) ,Pune",Pune,Unaided,GVJS,State Level,Any,44392,
2022-23,D Pharmacy,CAP Round III,06380,"Marathwada Mitra Mandal's College of Pharmacy,Thergaon( Kalewadi) ,Pune",Pune,Unaided,GNT1S,State Level,Any,43446,
2022-23,D Pharmacy,CAP Round III,06380,"Marathwada Mitra Mandal's College of Pharmacy,Thergaon( Kalewadi) ,Pune",Pune,Unaided,GNT2S,State Level,Any,28712,
2022-23,D Pharmacy,CAP Round III,06380,"Marathwada Mitra Mandal's College of Pharmacy,Thergaon( Kalewadi) ,Pune",Pune,Unaided,GOBCS,State Level,Any,34904,
2022-23,D Pharmacy,CAP Round III,06380,"Marathwada Mitra Mandal's College of Pharmacy,Thergaon( Kalewadi) ,Pune",Pune,Unaided,EWS,Special,Any,32387,
2022-23,D Pharmacy,CAP Round III,06383,"Kasturi Shikshan Sansthas College of Pharmacy, Shikrapur",Pune,Unaided,GOPENS,State Level,Any,45842,
2022-23,D Pharmacy,CAP Round III,06383,"Kasturi Shikshan Sansthas College of Pharmacy, Shikrapur",Pune,Unaided,LOPENS,State Level,Ladies,41012,
2022-23,D Pharmacy,CAP Round III,06383,"Kasturi Shikshan Sansthas College of Pharmacy, Shikrapur",Pune,Unaided,GSCS,State Level,Any,52536,
2022-23,D Pharmacy,CAP Round III,06383,"Kasturi Shikshan Sansthas College of Pharmacy, Shikrapur",Pune,Unaided,GSTS,State Level,Any,73244,
2022-23,D Pharmacy,CAP Round III,06383,"Kasturi Shikshan Sansthas College of Pharmacy, Shikrapur",Pune,Unaided,GNT1S,State Level,Any,62191,
2022-23,D Pharmacy,CAP Round III,06383,"Kasturi Shikshan Sansthas College of Pharmacy, Shikrapur",Pune,Unaided,GNT3S,State Level,Any,46888,
2022-23,D Pharmacy,CAP Round III,06383,"Kasturi Shikshan Sansthas College of Pharmacy, Shikrapur",Pune,Unaided,GOBCS,State Level,Any,61535,
2022-23,D Pharmacy,CAP Round III,06383,"Kasturi Shikshan Sansthas College of Pharmacy, Shikrapur",Pune,Unaided,LOBCS,State Level,Ladies,51683,
2022-23,D Pharmacy,CAP Round III,06383,"Kasturi Shikshan Sansthas College of Pharmacy, Shikrapur",Pune,Unaided,EWS,Special,Any,48860,
2022-23,D Pharmacy,CAP Round III,06383,"Kasturi Shikshan Sansthas College of Pharmacy, Shikrapur",Pune,Unaided,LSTS,State Level,Ladies,75473,
2022-23,D Pharmacy,CAP Round III,06384,"Genba Education Trust, Genba Sopanrao Moze College of Pharmacy, Wagholi",Pune,Unaided,LSCS,State Level,Ladies,37736,
2022-23,D Pharmacy,CAP Round III,06384,"Genba Education Trust, Genba Sopanrao Moze College of Pharmacy, Wagholi",Pune,Unaided,GOBCS,State Level,Any,46302,
2022-23,D Pharmacy,CAP Round III,06384,"Genba Education Trust, Genba Sopanrao Moze College of Pharmacy, Wagholi",Pune,Unaided,EWS,Special,Any,26562,
2022-23,D Pharmacy,CAP Round III,06385,"Poona District Education Association, Shankarrao Ursal College of Pharmaceutical Sciences & Research Centre, Kharadi, Tal: Haveli",Pune,Unaided,GOPENS,State Level,Any,36553,
2022-23,D Pharmacy,CAP Round III,06385,"Poona District Education Association, Shankarrao Ursal College of Pharmaceutical Sciences & Research Centre, Kharadi, Tal: Haveli",Pune,Unaided,LOPENS,State Level,Ladies,26051,
2022-23,D Pharmacy,CAP Round III,06385,"Poona District Education Association, Shankarrao Ursal College of Pharmaceutical Sciences & Research Centre, Kharadi, Tal: Haveli",Pune,Unaided,LSCS,State Level,Ladies,53826,
2022-23,D Pharmacy,CAP Round III,06385,"Poona District Education Association, Shankarrao Ursal College of Pharmaceutical Sciences & Research Centre, Kharadi, Tal: Haveli",Pune,Unaided,GSTS,State Level,Any,45051,
2022-23,D Pharmacy,CAP Round III,06385,"Poona District Education Association, Shankarrao Ursal College of Pharmaceutical Sciences & Research Centre, Kharadi, Tal: Haveli",Pune,Unaided,GNT2S,State Level,Any,39790,
2022-23,D Pharmacy,CAP Round III,06385,"Poona District Education Association, Shankarrao Ursal College of Pharmaceutical Sciences & Research Centre, Kharadi, Tal: Haveli",Pune,Unaided,GOBCS,State Level,Any,49050,
2022-23,D Pharmacy,CAP Round III,06385,"Poona District Education Association, Shankarrao Ursal College of Pharmaceutical Sciences & Research Centre, Kharadi, Tal: Haveli",Pune,Unaided,LOBCS,State Level,Ladies,65462,
2022-23,D Pharmacy,CAP Round III,06385,"Poona District Education Association, Shankarrao Ursal College of Pharmaceutical Sciences & Research Centre, Kharadi, Tal: Haveli",Pune,Unaided,EWS,Special,Any,43553,
2022-23,D Pharmacy,CAP Round III,06385,"Poona District Education Association, Shankarrao Ursal College of Pharmaceutical Sciences & Research Centre, Kharadi, Tal: Haveli",Pune,Unaided,TFWS,Special,Any,10347,
2022-23,D Pharmacy,CAP Round III,06388,"Shri Appasaheb Birnale College of Pharmacy, Sangli",Sangli,Unaided,GSCS,State Level,Any,26355,
2022-23,D Pharmacy,CAP Round III,06388,"Shri Appasaheb Birnale College of Pharmacy, Sangli",Sangli,Unaided,GVJS,State Level,Any,57383,
2022-23,D Pharmacy,CAP Round III,06388,"Shri Appasaheb Birnale College of Pharmacy, Sangli",Sangli,Unaided,GOBCS,State Level,Any,41409,
2022-23,D Pharmacy,CAP Round III,06388,"Shri Appasaheb Birnale College of Pharmacy, Sangli",Sangli,Unaided,LOBCS,State Level,Ladies,39116,
2022-23,D Pharmacy,CAP Round III,06389,"K.E. Socities. Rajarambapu College of Pharmacy, Kasegaon, Sangli",Sangli,Unaided,GOPENS,State Level,Any,40994,
2022-23,D Pharmacy,CAP Round III,06389,"K.E. Socities. Rajarambapu College of Pharmacy, Kasegaon, Sangli",Sangli,Unaided,LOPENS,State Level,Ladies,36096,
2022-23,D Pharmacy,CAP Round III,06389,"K.E. Socities. Rajarambapu College of Pharmacy, Kasegaon, Sangli",Sangli,Unaided,GVJS,State Level,Any,64309,
2022-23,D Pharmacy,CAP Round III,06389,"K.E. Socities. Rajarambapu College of Pharmacy, Kasegaon, Sangli",Sangli,Unaided,GNT1S,State Level,Any,67101,
2022-23,D Pharmacy,CAP Round III,06389,"K.E. Socities. Rajarambapu College of Pharmacy, Kasegaon, Sangli",Sangli,Unaided,LNT2S,State Level,Ladies,48527,
2022-23,D Pharmacy,CAP Round III,06389,"K.E. Socities. Rajarambapu College of Pharmacy, Kasegaon, Sangli",Sangli,Unaided,GOBCS,State Level,Any,61287,
2022-23,D Pharmacy,CAP Round III,06389,"K.E. Socities. Rajarambapu College of Pharmacy, Kasegaon, Sangli",Sangli,Unaided,EWS,Special,Any,43522,
2022-23,D Pharmacy,CAP Round III,06393,"Samarth Education Trust Arvind Gavali college of Pharmacy, Satara",Satara,Unaided,GOPENS,State Level,Any,51055,
2022-23,D Pharmacy,CAP Round III,06393,"Samarth Education Trust Arvind Gavali college of Pharmacy, Satara",Satara,Unaided,LOPENS,State Level,Ladies,21555,
2022-23,D Pharmacy,CAP Round III,06393,"Samarth Education Trust Arvind Gavali college of Pharmacy, Satara",Satara,Unaided,GSCS,State Level,Any,55700,
2022-23,D Pharmacy,CAP Round III,06393,"Samarth Education Trust Arvind Gavali college of Pharmacy, Satara",Satara,Unaided,LSCS,State Level,Ladies,67299,
2022-23,D Pharmacy,CAP Round III,06393,"Samarth Education Trust Arvind Gavali college of Pharmacy, Satara",Satara,Unaided,GVJS,State Level,Any,73582,
2022-23,D Pharmacy,CAP Round III,06393,"Samarth Education Trust Arvind Gavali college of Pharmacy, Satara",Satara,Unaided,GOBCS,State Level,Any,76689,
2022-23,D Pharmacy,CAP Round III,06393,"Samarth Education Trust Arvind Gavali college of Pharmacy, Satara",Satara,Unaided,LOBCS,State Level,Ladies,75056,
2022-23,D Pharmacy,CAP Round III,06394,"Shree Santkrupa College of Pharmacy, Ghogaon,Satara",Satara,Unaided,GOPENS,State Level,Any,51613,
2022-23,D Pharmacy,CAP Round III,06394,"Shree Santkrupa College of Pharmacy, Ghogaon,Satara",Satara,Unaided,LOPENS,State Level,Ladies,44157,
2022-23,D Pharmacy,CAP Round III,06394,"Shree Santkrupa College of Pharmacy, Ghogaon,Satara",Satara,Unaided,GSCS,State Level,Any,72243,
2022-23,D Pharmacy,CAP Round III,06394,"Shree Santkrupa College of Pharmacy, Ghogaon,Satara",Satara,Unaided,LSCS,State Level,Ladies,69889,
2022-23,D Pharmacy,CAP Round III,06394,"Shree Santkrupa College of Pharmacy, Ghogaon,Satara",Satara,Unaided,GNT2S,State Level,Any,61558,
2022-23,D Pharmacy,CAP Round III,06394,"Shree Santkrupa College of Pharmacy, Ghogaon,Satara",Satara,Unaided,GOBCS,State Level,Any,77339,
2022-23,D Pharmacy,CAP Round III,06394,"Shree Santkrupa College of Pharmacy, Ghogaon,Satara",Satara,Unaided,LOBCS,State Level,Ladies,72599,
2022-23,D Pharmacy,CAP Round III,06397,"Shri. Vitthal Edu. & Research's College of Pharmacy, Gopalpur, Pandharpur",Solapur,Unaided,GOPENS,State Level,Any,21111,
2022-23,D Pharmacy,CAP Round III,06397,"Shri. Vitthal Edu. & Research's College of Pharmacy, Gopalpur, Pandharpur",Solapur,Unaided,GSCS,State Level,Any,23817,
2022-23,D Pharmacy,CAP Round III,06397,"Shri. Vitthal Edu. & Research's College of Pharmacy, Gopalpur, Pandharpur",Solapur,Unaided,LNT2S,State Level,Ladies,31073,
2022-23,D Pharmacy,CAP Round III,06397,"Shri. Vitthal Edu. & Research's College of Pharmacy, Gopalpur, Pandharpur",Solapur,Unaided,GOBCS,State Level,Any,26753,
2022-23,D Pharmacy,CAP Round III,06397,"Shri. Vitthal Edu. & Research's College of Pharmacy, Gopalpur, Pandharpur",Solapur,Unaided,LOBCS,State Level,Ladies,16839,
2022-23,D Pharmacy,CAP Round III,06397,"Shri. Vitthal Edu. & Research's College of Pharmacy, Gopalpur, Pandharpur",Solapur,Unaided,GSTS,State Level,Any,22824,
2022-23,D Pharmacy,CAP Round III,06398,"Shikshan & Krishi Vikas Pratishtan's Sahyadri College of Pharmacy, Methavade, Ta.:Sangola, Dist.: Solapur",Solapur,Unaided,GOPENS,State Level,Any,24661,
2022-23,D Pharmacy,CAP Round III,06398,"Shikshan & Krishi Vikas Pratishtan's Sahyadri College of Pharmacy, Methavade, Ta.:Sangola, Dist.: Solapur",Solapur,Unaided,LOPENS,State Level,Ladies,21486,
2022-23,D Pharmacy,CAP Round III,06398,"Shikshan & Krishi Vikas Pratishtan's Sahyadri College of Pharmacy, Methavade, Ta.:Sangola, Dist.: Solapur",Solapur,Unaided,LSCS,State Level,Ladies,35555,
2022-23,D Pharmacy,CAP Round III,06398,"Shikshan & Krishi Vikas Pratishtan's Sahyadri College of Pharmacy, Methavade, Ta.:Sangola, Dist.: Solapur",Solapur,Unaided,GNT1S,State Level,Any,51384,
2022-23,D Pharmacy,CAP Round III,06398,"Shikshan & Krishi Vikas Pratishtan's Sahyadri College of Pharmacy, Methavade, Ta.:Sangola, Dist.: Solapur",Solapur,Unaided,TFWS,Special,Any,29915,
2022-23,D Pharmacy,CAP Round III,06401,"Shikshan Prasarak Mandal's College of Pharmacy, Akluj",Solapur,Unaided,GOPENS,State Level,Any,25799,
2022-23,D Pharmacy,CAP Round III,06401,"Shikshan Prasarak Mandal's College of Pharmacy, Akluj",Solapur,Unaided,LOPENS,State Level,Ladies,21088,
2022-23,D Pharmacy,CAP Round III,06401,"Shikshan Prasarak Mandal's College of Pharmacy, Akluj",Solapur,Unaided,GVJS,State Level,Any,29560,
2022-23,D Pharmacy,CAP Round III,06401,"Shikshan Prasarak Mandal's College of Pharmacy, Akluj",Solapur,Unaided,LVJS,State Level,Ladies,67026,
2022-23,D Pharmacy,CAP Round III,06401,"Shikshan Prasarak Mandal's College of Pharmacy, Akluj",Solapur,Unaided,GOBCS,State Level,Any,38741,
2022-23,D Pharmacy,CAP Round III,06401,"Shikshan Prasarak Mandal's College of Pharmacy, Akluj",Solapur,Unaided,TFWS,Special,Any,13663,
2022-23,D Pharmacy,CAP Round III,06401,"Shikshan Prasarak Mandal's College of Pharmacy, Akluj",Solapur,Unaided,GSTS,State Level,Any,25989,
2022-23,D Pharmacy,CAP Round III,06478,"Bharti Vidyapeeths Institute of Pharmacy (Un Aided Wing), Pune",Pune,Unaided,GOPENS,State Level,Any,16714,
2022-23,D Pharmacy,CAP Round III,06478,"Bharti Vidyapeeths Institute of Pharmacy (Un Aided Wing), Pune",Pune,Unaided,LOPENS,State Level,Ladies,17556,
2022-23,D Pharmacy,CAP Round III,06478,"Bharti Vidyapeeths Institute of Pharmacy (Un Aided Wing), Pune",Pune,Unaided,LSCS,State Level,Ladies,18577,
2022-23,D Pharmacy,CAP Round III,06478,"Bharti Vidyapeeths Institute of Pharmacy (Un Aided Wing), Pune",Pune,Unaided,GSTS,State Level,Any,43031,
2022-23,D Pharmacy,CAP Round III,06478,"Bharti Vidyapeeths Institute of Pharmacy (Un Aided Wing), Pune",Pune,Unaided,LNT3S,State Level,Ladies,41851,
2022-23,D Pharmacy,CAP Round III,06478,"Bharti Vidyapeeths Institute of Pharmacy (Un Aided Wing), Pune",Pune,Unaided,GOBCS,State Level,Any,31201,
2022-23,D Pharmacy,CAP Round III,06478,"Bharti Vidyapeeths Institute of Pharmacy (Un Aided Wing), Pune",Pune,Unaided,LOBCS,State Level,Ladies,44654,
2022-23,D Pharmacy,CAP Round III,06478,"Bharti Vidyapeeths Institute of Pharmacy (Un Aided Wing), Pune",Pune,Unaided,EWS,Special,Any,9965,
2022-23,D Pharmacy,CAP Round III,06479,"Satara Education Society's Late Suman Dhekane Department Of Pharmacy, Satara",Satara,Unaided,GOPENS,State Level,Any,64255,
2022-23,D Pharmacy,CAP Round III,06479,"Satara Education Society's Late Suman Dhekane Department Of Pharmacy, Satara",Satara,Unaided,LOPENS,State Level,Ladies,61178,
2022-23,D Pharmacy,CAP Round III,06479,"Satara Education Society's Late Suman Dhekane Department Of Pharmacy, Satara",Satara,Unaided,GSCS,State Level,Any,74713,
2022-23,D Pharmacy,CAP Round III,06479,"Satara Education Society's Late Suman Dhekane Department Of Pharmacy, Satara",Satara,Unaided,GVJS,State Level,Any,78824,
2022-23,D Pharmacy,CAP Round III,06479,"Satara Education Society's Late Suman Dhekane Department Of Pharmacy, Satara",Satara,Unaided,GNT2S,State Level,Any,64856,
2022-23,D Pharmacy,CAP Round III,06479,"Satara Education Society's Late Suman Dhekane Department Of Pharmacy, Satara",Satara,Unaided,LNT2S,State Level,Ladies,64112,
2022-23,D Pharmacy,CAP Round III,06479,"Satara Education Society's Late Suman Dhekane Department Of Pharmacy, Satara",Satara,Unaided,GNT3S,State Level,Any,81684,
2022-23,D Pharmacy,CAP Round III,06479,"Satara Education Society's Late Suman Dhekane Department Of Pharmacy, Satara",Satara,Unaided,GOBCS,State Level,Any,80392,
2022-23,D Pharmacy,CAP Round III,06479,"Satara Education Society's Late Suman Dhekane Department Of Pharmacy, Satara",Satara,Unaided,LOBCS,State Level,Ladies,79506,
2022-23,D Pharmacy,CAP Round III,06479,"Satara Education Society's Late Suman Dhekane Department Of Pharmacy, Satara",Satara,Unaided,EWS,Special,Any,63963,
2022-23,D Pharmacy,CAP Round III,06479,"Satara Education Society's Late Suman Dhekane Department Of Pharmacy, Satara",Satara,Unaided,GSTS,State Level,Any,65155,
2022-23,D Pharmacy,CAP Round III,06479,"Satara Education Society's Late Suman Dhekane Department Of Pharmacy, Satara",Satara,Unaided,LSTS,State Level,Ladies,65028,
2022-23,D Pharmacy,CAP Round III,06480,"Poona District Education Association Seth Govind Raghunath Sable College of Pharmacy(Poly),Saswad, Pune",Pune,Unaided,GOPENS,State Level,Any,40035,
2022-23,D Pharmacy,CAP Round III,06480,"Poona District Education Association Seth Govind Raghunath Sable College of Pharmacy(Poly),Saswad, Pune",Pune,Unaided,LOPENS,State Level,Ladies,37521,
2022-23,D Pharmacy,CAP Round III,06480,"Poona District Education Association Seth Govind Raghunath Sable College of Pharmacy(Poly),Saswad, Pune",Pune,Unaided,GSCS,State Level,Any,52279,
2022-23,D Pharmacy,CAP Round III,06480,"Poona District Education Association Seth Govind Raghunath Sable College of Pharmacy(Poly),Saswad, Pune",Pune,Unaided,LSCS,State Level,Ladies,53189,
2022-23,D Pharmacy,CAP Round III,06480,"Poona District Education Association Seth Govind Raghunath Sable College of Pharmacy(Poly),Saswad, Pune",Pune,Unaided,GSTS,State Level,Any,54899,
2022-23,D Pharmacy,CAP Round III,06480,"Poona District Education Association Seth Govind Raghunath Sable College of Pharmacy(Poly),Saswad, Pune",Pune,Unaided,GNT2S,State Level,Any,41030,
2022-23,D Pharmacy,CAP Round III,06480,"Poona District Education Association Seth Govind Raghunath Sable College of Pharmacy(Poly),Saswad, Pune",Pune,Unaided,GOBCS,State Level,Any,46376,
2022-23,D Pharmacy,CAP Round III,06480,"Poona District Education Association Seth Govind Raghunath Sable College of Pharmacy(Poly),Saswad, Pune",Pune,Unaided,LOBCS,State Level,Ladies,51907,
2022-23,D Pharmacy,CAP Round III,06480,"Poona District Education Association Seth Govind Raghunath Sable College of Pharmacy(Poly),Saswad, Pune",Pune,Unaided,EWS,Special,Any,34616,
2022-23,D Pharmacy,CAP Round III,06481,"Shahu Chatrapati Shikshan Sanstha's Rajarshi Shahu Chhatrapati Institute Of Pharmacy, Kolhapur",Kolhapur,Unaided,GOPENS,State Level,Any,45176,
2022-23,D Pharmacy,CAP Round III,06481,"Shahu Chatrapati Shikshan Sanstha's Rajarshi Shahu Chhatrapati Institute Of Pharmacy, Kolhapur",Kolhapur,Unaided,LOPENS,State Level,Ladies,42863,
2022-23,D Pharmacy,CAP Round III,06481,"Shahu Chatrapati Shikshan Sanstha's Rajarshi Shahu Chhatrapati Institute Of Pharmacy, Kolhapur",Kolhapur,Unaided,GVJS,State Level,Any,71110,
2022-23,D Pharmacy,CAP Round III,06481,"Shahu Chatrapati Shikshan Sanstha's Rajarshi Shahu Chhatrapati Institute Of Pharmacy, Kolhapur",Kolhapur,Unaided,GNT1S,State Level,Any,55844,
2022-23,D Pharmacy,CAP Round III,06481,"Shahu Chatrapati Shikshan Sanstha's Rajarshi Shahu Chhatrapati Institute Of Pharmacy, Kolhapur",Kolhapur,Unaided,LOBCS,State Level,Ladies,49890,
2022-23,D Pharmacy,CAP Round III,06481,"Shahu Chatrapati Shikshan Sanstha's Rajarshi Shahu Chhatrapati Institute Of Pharmacy, Kolhapur",Kolhapur,Unaided,EWS,Special,Any,20636,
2022-23,D Pharmacy,CAP Round III,06481,"Shahu Chatrapati Shikshan Sanstha's Rajarshi Shahu Chhatrapati Institute Of Pharmacy, Kolhapur",Kolhapur,Unaided,TFWS,Special,Any,25283,
2022-23,D Pharmacy,CAP Round III,06481,"Shahu Chatrapati Shikshan Sanstha's Rajarshi Shahu Chhatrapati Institute Of Pharmacy, Kolhapur",Kolhapur,Unaided,GSTS,State Level,Any,45510,
2022-23,D Pharmacy,CAP Round III,06482,"Shri. Balasaheb Mane Shikshan Prasarak Mandal Ambap's, Ashokrao Mane Institute of Diploma in Pharmacy, Vadgaon",Pune,Unaided,GOPENS,State Level,Any,50840,
2022-23,D Pharmacy,CAP Round III,06482,"Shri. Balasaheb Mane Shikshan Prasarak Mandal Ambap's, Ashokrao Mane Institute of Diploma in Pharmacy, Vadgaon",Pune,Unaided,GSCS,State Level,Any,62104,
2022-23,D Pharmacy,CAP Round III,06482,"Shri. Balasaheb Mane Shikshan Prasarak Mandal Ambap's, Ashokrao Mane Institute of Diploma in Pharmacy, Vadgaon",Pune,Unaided,GSTS,State Level,Any,51548,
2022-23,D Pharmacy,CAP Round III,06483,Dr. J. J. Magdum Charitable Trust's Dr. J.J. Magdum Pharmacy College,College,Unaided,GOPENS,State Level,Any,36157,
2022-23,D Pharmacy,CAP Round III,06483,Dr. J. J. Magdum Charitable Trust's Dr. J.J. Magdum Pharmacy College,College,Unaided,GSCS,State Level,Any,49925,
2022-23,D Pharmacy,CAP Round III,06483,Dr. J. J. Magdum Charitable Trust's Dr. J.J. Magdum Pharmacy College,College,Unaided,GNT2S,State Level,Any,53833,
2022-23,D Pharmacy,CAP Round III,06483,Dr. J. J. Magdum Charitable Trust's Dr. J.J. Magdum Pharmacy College,College,Unaided,EWS,Special,Any,54213,
2022-23,D Pharmacy,CAP Round III,06483,Dr. J. J. Magdum Charitable Trust's Dr. J.J. Magdum Pharmacy College,College,Unaided,TFWS,Special,Any,7387,
2022-23,D Pharmacy,CAP Round III,06485,"Vishal Junnar Seva Mandal's Institute of Pharmacy,Ale, Pune",Pune,Unaided,GOPENS,State Level,Any,48639,
2022-23,D Pharmacy,CAP Round III,06485,"Vishal Junnar Seva Mandal's Institute of Pharmacy,Ale, Pune",Pune,Unaided,LOPENS,State Level,Ladies,47128,
2022-23,D Pharmacy,CAP Round III,06485,"Vishal Junnar Seva Mandal's Institute of Pharmacy,Ale, Pune",Pune,Unaided,GSCS,State Level,Any,62875,
2022-23,D Pharmacy,CAP Round III,06485,"Vishal Junnar Seva Mandal's Institute of Pharmacy,Ale, Pune",Pune,Unaided,LSCS,State Level,Ladies,57826,
2022-23,D Pharmacy,CAP Round III,06485,"Vishal Junnar Seva Mandal's Institute of Pharmacy,Ale, Pune",Pune,Unaided,GSTS,State Level,Any,66720,
2022-23,D Pharmacy,CAP Round III,06485,"Vishal Junnar Seva Mandal's Institute of Pharmacy,Ale, Pune",Pune,Unaided,GVJS,State Level,Any,50691,
2022-23,D Pharmacy,CAP Round III,06485,"Vishal Junnar Seva Mandal's Institute of Pharmacy,Ale, Pune",Pune,Unaided,GNT1S,State Level,Any,59181,
2022-23,D Pharmacy,CAP Round III,06485,"Vishal Junnar Seva Mandal's Institute of Pharmacy,Ale, Pune",Pune,Unaided,GOBCS,State Level,Any,53027,
2022-23,D Pharmacy,CAP Round III,06485,"Vishal Junnar Seva Mandal's Institute of Pharmacy,Ale, Pune",Pune,Unaided,LOBCS,State Level,Ladies,57679,
2022-23,D Pharmacy,CAP Round III,06485,"Vishal Junnar Seva Mandal's Institute of Pharmacy,Ale, Pune",Pune,Unaided,EWS,Special,Any,49358,
2022-23,D Pharmacy,CAP Round III,06487,"Jayawant Shikshan Prasarak Mandal's Jayawant Institute Of Pharmacy, Pune",Pune,Unaided,GOPENS,State Level,Any,17928,
2022-23,D Pharmacy,CAP Round III,06487,"Jayawant Shikshan Prasarak Mandal's Jayawant Institute Of Pharmacy, Pune",Pune,Unaided,LOPENS,State Level,Ladies,27879,
2022-23,D Pharmacy,CAP Round III,06487,"Jayawant Shikshan Prasarak Mandal's Jayawant Institute Of Pharmacy, Pune",Pune,Unaided,GSCS,State Level,Any,35777,
2022-23,D Pharmacy,CAP Round III,06487,"Jayawant Shikshan Prasarak Mandal's Jayawant Institute Of Pharmacy, Pune",Pune,Unaided,GSTS,State Level,Any,64497,
2022-23,D Pharmacy,CAP Round III,06487,"Jayawant Shikshan Prasarak Mandal's Jayawant Institute Of Pharmacy, Pune",Pune,Unaided,GVJS,State Level,Any,29048,
2022-23,D Pharmacy,CAP Round III,06487,"Jayawant Shikshan Prasarak Mandal's Jayawant Institute Of Pharmacy, Pune",Pune,Unaided,GNT1S,State Level,Any,35603,
2022-23,D Pharmacy,CAP Round III,06487,"Jayawant Shikshan Prasarak Mandal's Jayawant Institute Of Pharmacy, Pune",Pune,Unaided,GNT2S,State Level,Any,23125,
2022-23,D Pharmacy,CAP Round III,06487,"Jayawant Shikshan Prasarak Mandal's Jayawant Institute Of Pharmacy, Pune",Pune,Unaided,LNT2S,State Level,Ladies,41159,
2022-23,D Pharmacy,CAP Round III,06487,"Jayawant Shikshan Prasarak Mandal's Jayawant Institute Of Pharmacy, Pune",Pune,Unaided,GOBCS,State Level,Any,39006,
2022-23,D Pharmacy,CAP Round III,06487,"Jayawant Shikshan Prasarak Mandal's Jayawant Institute Of Pharmacy, Pune",Pune,Unaided,TFWS,Special,Any,10930,
2022-23,D Pharmacy,CAP Round III,06488,Mayani Bhag Shikshan Prasark Mandal's College Of Pharmacy (D.Pharm.) Mayani Tal-Khatav Dist-Satara,Satara,Unaided,GOPENS,State Level,Any,61752,
2022-23,D Pharmacy,CAP Round III,06488,Mayani Bhag Shikshan Prasark Mandal's College Of Pharmacy (D.Pharm.) Mayani Tal-Khatav Dist-Satara,Satara,Unaided,LOPENS,State Level,Ladies,41661,
2022-23,D Pharmacy,CAP Round III,06488,Mayani Bhag Shikshan Prasark Mandal's College Of Pharmacy (D.Pharm.) Mayani Tal-Khatav Dist-Satara,Satara,Unaided,GVJS,State Level,Any,83521,
2022-23,D Pharmacy,CAP Round III,06488,Mayani Bhag Shikshan Prasark Mandal's College Of Pharmacy (D.Pharm.) Mayani Tal-Khatav Dist-Satara,Satara,Unaided,GOBCS,State Level,Any,74498,
2022-23,D Pharmacy,CAP Round III,06488,Mayani Bhag Shikshan Prasark Mandal's College Of Pharmacy (D.Pharm.) Mayani Tal-Khatav Dist-Satara,Satara,Unaided,EWS,Special,Any,66096,
2022-23,D Pharmacy,CAP Round III,06488,Mayani Bhag Shikshan Prasark Mandal's College Of Pharmacy (D.Pharm.) Mayani Tal-Khatav Dist-Satara,Satara,Unaided,LSTS,State Level,Ladies,60737,
2022-23,D Pharmacy,CAP Round III,06489,"Gourishankar Education Society's College Of Pharmacy (D.Pharm.), Degaon, Satara",Satara,Unaided,GOPENS,State Level,Any,51310,
2022-23,D Pharmacy,CAP Round III,06489,"Gourishankar Education Society's College Of Pharmacy (D.Pharm.), Degaon, Satara",Satara,Unaided,LOPENS,State Level,Ladies,58323,
2022-23,D Pharmacy,CAP Round III,06489,"Gourishankar Education Society's College Of Pharmacy (D.Pharm.), Degaon, Satara",Satara,Unaided,GOBCS,State Level,Any,76048,
2022-23,D Pharmacy,CAP Round III,06489,"Gourishankar Education Society's College Of Pharmacy (D.Pharm.), Degaon, Satara",Satara,Unaided,LOBCS,State Level,Ladies,72366,
2022-23,D Pharmacy,CAP Round III,06489,"Gourishankar Education Society's College Of Pharmacy (D.Pharm.), Degaon, Satara",Satara,Unaided,EWS,Special,Any,60828,
2022-23,D Pharmacy,CAP Round III,06489,"Gourishankar Education Society's College Of Pharmacy (D.Pharm.), Degaon, Satara",Satara,Unaided,GSTS,State Level,Any,59581,
2022-23,D Pharmacy,CAP Round III,06491,"Shri Y.S.P.Mandal's Vasantidevi Patil Institute of Pharmacy , Kodoli, Dist.Kolhapur",Kolhapur,Unaided,GOPENS,State Level,Any,55776,
2022-23,D Pharmacy,CAP Round III,06491,"Shri Y.S.P.Mandal's Vasantidevi Patil Institute of Pharmacy , Kodoli, Dist.Kolhapur",Kolhapur,Unaided,LOPENS,State Level,Ladies,52630,
2022-23,D Pharmacy,CAP Round III,06491,"Shri Y.S.P.Mandal's Vasantidevi Patil Institute of Pharmacy , Kodoli, Dist.Kolhapur",Kolhapur,Unaided,LSCS,State Level,Ladies,64861,
2022-23,D Pharmacy,CAP Round III,06491,"Shri Y.S.P.Mandal's Vasantidevi Patil Institute of Pharmacy , Kodoli, Dist.Kolhapur",Kolhapur,Unaided,GNT2S,State Level,Any,56009,
2022-23,D Pharmacy,CAP Round III,06491,"Shri Y.S.P.Mandal's Vasantidevi Patil Institute of Pharmacy , Kodoli, Dist.Kolhapur",Kolhapur,Unaided,GOBCS,State Level,Any,71664,
2022-23,D Pharmacy,CAP Round III,06491,"Shri Y.S.P.Mandal's Vasantidevi Patil Institute of Pharmacy , Kodoli, Dist.Kolhapur",Kolhapur,Unaided,GSTS,State Level,Any,60693,
2022-23,D Pharmacy,CAP Round III,06491,"Shri Y.S.P.Mandal's Vasantidevi Patil Institute of Pharmacy , Kodoli, Dist.Kolhapur",Kolhapur,Unaided,LSTS,State Level,Ladies,57340,
2022-23,D Pharmacy,CAP Round III,06492,"Samarth Educational Trust's, Sawkar Pharmacy College, Jaitapur, Satara 415004",Satara,Unaided,GOPENS,State Level,Any,61366,
2022-23,D Pharmacy,CAP Round III,06492,"Samarth Educational Trust's, Sawkar Pharmacy College, Jaitapur, Satara 415004",Satara,Unaided,LOPENS,State Level,Ladies,59353,
2022-23,D Pharmacy,CAP Round III,06492,"Samarth Educational Trust's, Sawkar Pharmacy College, Jaitapur, Satara 415004",Satara,Unaided,GSCS,State Level,Any,62605,
2022-23,D Pharmacy,CAP Round III,06492,"Samarth Educational Trust's, Sawkar Pharmacy College, Jaitapur, Satara 415004",Satara,Unaided,GOBCS,State Level,Any,70872,
2022-23,D Pharmacy,CAP Round III,06492,"Samarth Educational Trust's, Sawkar Pharmacy College, Jaitapur, Satara 415004",Satara,Unaided,LOBCS,State Level,Ladies,74278,
2022-23,D Pharmacy,CAP Round III,06492,"Samarth Educational Trust's, Sawkar Pharmacy College, Jaitapur, Satara 415004",Satara,Unaided,TFWS,Special,Any,58086,
2022-23,D Pharmacy,CAP Round III,06493,"Vishal Junner Seva Mandal's Institute of Pharmacy for Women, Ale,Pune",Pune,Unaided,LOPENS,State Level,Ladies,50223,
2022-23,D Pharmacy,CAP Round III,06493,"Vishal Junner Seva Mandal's Institute of Pharmacy for Women, Ale,Pune",Pune,Unaided,LSCS,State Level,Ladies,64854,
2022-23,D Pharmacy,CAP Round III,06493,"Vishal Junner Seva Mandal's Institute of Pharmacy for Women, Ale,Pune",Pune,Unaided,LVJS,State Level,Ladies,65002,
2022-23,D Pharmacy,CAP Round III,06493,"Vishal Junner Seva Mandal's Institute of Pharmacy for Women, Ale,Pune",Pune,Unaided,LNT2S,State Level,Ladies,50830,
2022-23,D Pharmacy,CAP Round III,06494,"Dr J J Magdum Trust's Anil Alias Pintu Magdum Memorial Pharmacy College, Dharangutti,Tal-Shirol, Dist, Kolhapur",Kolhapur,Unaided,GOPENS,State Level,Any,59379,
2022-23,D Pharmacy,CAP Round III,06494,"Dr J J Magdum Trust's Anil Alias Pintu Magdum Memorial Pharmacy College, Dharangutti,Tal-Shirol, Dist, Kolhapur",Kolhapur,Unaided,LOPENS,State Level,Ladies,57735,
2022-23,D Pharmacy,CAP Round III,06494,"Dr J J Magdum Trust's Anil Alias Pintu Magdum Memorial Pharmacy College, Dharangutti,Tal-Shirol, Dist, Kolhapur",Kolhapur,Unaided,LSCS,State Level,Ladies,58232,
2022-23,D Pharmacy,CAP Round III,06494,"Dr J J Magdum Trust's Anil Alias Pintu Magdum Memorial Pharmacy College, Dharangutti,Tal-Shirol, Dist, Kolhapur",Kolhapur,Unaided,GNT1S,State Level,Any,65442,
2022-23,D Pharmacy,CAP Round III,06494,"Dr J J Magdum Trust's Anil Alias Pintu Magdum Memorial Pharmacy College, Dharangutti,Tal-Shirol, Dist, Kolhapur",Kolhapur,Unaided,LNT2S,State Level,Ladies,61908,
2022-23,D Pharmacy,CAP Round III,06494,"Dr J J Magdum Trust's Anil Alias Pintu Magdum Memorial Pharmacy College, Dharangutti,Tal-Shirol, Dist, Kolhapur",Kolhapur,Unaided,EWS,Special,Any,55056,
2022-23,D Pharmacy,CAP Round III,06494,"Dr J J Magdum Trust's Anil Alias Pintu Magdum Memorial Pharmacy College, Dharangutti,Tal-Shirol, Dist, Kolhapur",Kolhapur,Unaided,GSTS,State Level,Any,59820,
2022-23,D Pharmacy,CAP Round III,06495,"Dr. D. Y. Patil Pratishthan's Dr. D. Y. Patil Institute Of Pharmacy, Akurdi, Pune",Pune,Unaided,GOPENS,State Level,Any,14248,
2022-23,D Pharmacy,CAP Round III,06495,"Dr. D. Y. Patil Pratishthan's Dr. D. Y. Patil Institute Of Pharmacy, Akurdi, Pune",Pune,Unaided,LOPENS,State Level,Ladies,13324,
2022-23,D Pharmacy,CAP Round III,06495,"Dr. D. Y. Patil Pratishthan's Dr. D. Y. Patil Institute Of Pharmacy, Akurdi, Pune",Pune,Unaided,GSCS,State Level,Any,30141,
2022-23,D Pharmacy,CAP Round III,06495,"Dr. D. Y. Patil Pratishthan's Dr. D. Y. Patil Institute Of Pharmacy, Akurdi, Pune",Pune,Unaided,GSTS,State Level,Any,57510,
2022-23,D Pharmacy,CAP Round III,06495,"Dr. D. Y. Patil Pratishthan's Dr. D. Y. Patil Institute Of Pharmacy, Akurdi, Pune",Pune,Unaided,GOBCS,State Level,Any,27844,
2022-23,D Pharmacy,CAP Round III,06495,"Dr. D. Y. Patil Pratishthan's Dr. D. Y. Patil Institute Of Pharmacy, Akurdi, Pune",Pune,Unaided,LOBCS,State Level,Ladies,24061,
2022-23,D Pharmacy,CAP Round III,06495,"Dr. D. Y. Patil Pratishthan's Dr. D. Y. Patil Institute Of Pharmacy, Akurdi, Pune",Pune,Unaided,DEFOPENS,State Level,Any,77782,
2022-23,D Pharmacy,CAP Round III,06495,"Dr. D. Y. Patil Pratishthan's Dr. D. Y. Patil Institute Of Pharmacy, Akurdi, Pune",Pune,Unaided,TFWS,Special,Any,8493,
2022-23,D Pharmacy,CAP Round III,06496,"Meruling Shikshan Sanstha's Diploma In Pharmacy, Medha,Satara",Satara,Unaided,GOPENS,State Level,Any,61943,
2022-23,D Pharmacy,CAP Round III,06496,"Meruling Shikshan Sanstha's Diploma In Pharmacy, Medha,Satara",Satara,Unaided,LOPENS,State Level,Ladies,60630,
2022-23,D Pharmacy,CAP Round III,06496,"Meruling Shikshan Sanstha's Diploma In Pharmacy, Medha,Satara",Satara,Unaided,GSCS,State Level,Any,67583,
2022-23,D Pharmacy,CAP Round III,06496,"Meruling Shikshan Sanstha's Diploma In Pharmacy, Medha,Satara",Satara,Unaided,LSCS,State Level,Ladies,69823,
2022-23,D Pharmacy,CAP Round III,06496,"Meruling Shikshan Sanstha's Diploma In Pharmacy, Medha,Satara",Satara,Unaided,GOBCS,State Level,Any,82327,
2022-23,D Pharmacy,CAP Round III,06496,"Meruling Shikshan Sanstha's Diploma In Pharmacy, Medha,Satara",Satara,Unaided,LOBCS,State Level,Ladies,82205,
2022-23,D Pharmacy,CAP Round III,06496,"Meruling Shikshan Sanstha's Diploma In Pharmacy, Medha,Satara",Satara,Unaided,TFWS,Special,Any,65430,
2022-23,D Pharmacy,CAP Round III,06496,"Meruling Shikshan Sanstha's Diploma In Pharmacy, Medha,Satara",Satara,Unaided,GSTS,State Level,Any,63186,
2022-23,D Pharmacy,CAP Round III,06497,"Gulabrao Patil Memorial Trust, Gulabrao Patil College of Pharmacy, Miraj",Sangli,Unaided,GOPENS,State Level,Any,39545,
2022-23,D Pharmacy,CAP Round III,06497,"Gulabrao Patil Memorial Trust, Gulabrao Patil College of Pharmacy, Miraj",Sangli,Unaided,LOPENS,State Level,Ladies,41699,
2022-23,D Pharmacy,CAP Round III,06497,"Gulabrao Patil Memorial Trust, Gulabrao Patil College of Pharmacy, Miraj",Sangli,Unaided,LSCS,State Level,Ladies,46981,
2022-23,D Pharmacy,CAP Round III,06497,"Gulabrao Patil Memorial Trust, Gulabrao Patil College of Pharmacy, Miraj",Sangli,Unaided,GVJS,State Level,Any,67189,
2022-23,D Pharmacy,CAP Round III,06497,"Gulabrao Patil Memorial Trust, Gulabrao Patil College of Pharmacy, Miraj",Sangli,Unaided,GNT1S,State Level,Any,56742,
2022-23,D Pharmacy,CAP Round III,06497,"Gulabrao Patil Memorial Trust, Gulabrao Patil College of Pharmacy, Miraj",Sangli,Unaided,GOBCS,State Level,Any,41646,
2022-23,D Pharmacy,CAP Round III,06497,"Gulabrao Patil Memorial Trust, Gulabrao Patil College of Pharmacy, Miraj",Sangli,Unaided,LOBCS,State Level,Ladies,62889,
2022-23,D Pharmacy,CAP Round III,06497,"Gulabrao Patil Memorial Trust, Gulabrao Patil College of Pharmacy, Miraj",Sangli,Unaided,EWS,Special,Any,36360,
2022-23,D Pharmacy,CAP Round III,06497,"Gulabrao Patil Memorial Trust, Gulabrao Patil College of Pharmacy, Miraj",Sangli,Unaided,GSTS,State Level,Any,43614,
2022-23,D Pharmacy,CAP Round III,06497,"Gulabrao Patil Memorial Trust, Gulabrao Patil College of Pharmacy, Miraj",Sangli,Unaided,LSTS,State Level,Ladies,44605,
2022-23,D Pharmacy,CAP Round III,06498,"Sharadchandra Pawar Institute of Pharmacy,Dhumberwadi, Junnar",Pune,Unaided,GOPENS,State Level,Any,53827,
2022-23,D Pharmacy,CAP Round III,06498,"Sharadchandra Pawar Institute of Pharmacy,Dhumberwadi, Junnar",Pune,Unaided,LOPENS,State Level,Ladies,52628,
2022-23,D Pharmacy,CAP Round III,06498,"Sharadchandra Pawar Institute of Pharmacy,Dhumberwadi, Junnar",Pune,Unaided,GSCS,State Level,Any,65451,
2022-23,D Pharmacy,CAP Round III,06498,"Sharadchandra Pawar Institute of Pharmacy,Dhumberwadi, Junnar",Pune,Unaided,GVJS,State Level,Any,57006,
2022-23,D Pharmacy,CAP Round III,06498,"Sharadchandra Pawar Institute of Pharmacy,Dhumberwadi, Junnar",Pune,Unaided,GNT3S,State Level,Any,58559,
2022-23,D Pharmacy,CAP Round III,06498,"Sharadchandra Pawar Institute of Pharmacy,Dhumberwadi, Junnar",Pune,Unaided,GOBCS,State Level,Any,61784,
2022-23,D Pharmacy,CAP Round III,06498,"Sharadchandra Pawar Institute of Pharmacy,Dhumberwadi, Junnar",Pune,Unaided,EWS,Special,Any,50487,
2022-23,D Pharmacy,CAP Round III,06498,"Sharadchandra Pawar Institute of Pharmacy,Dhumberwadi, Junnar",Pune,Unaided,TFWS,Special,Any,46686,
2022-23,D Pharmacy,CAP Round III,06499,"Shri. Jain Vidya Prasarak Mandal, Rasiklal M.Dhariwal College Of Pharmacy, Pune",Pune,Unaided,LOPENS,State Level,Ladies,37409,
2022-23,D Pharmacy,CAP Round III,06499,"Shri. Jain Vidya Prasarak Mandal, Rasiklal M.Dhariwal College Of Pharmacy, Pune",Pune,Unaided,MI,Special,Any,72413,
2022-23,D Pharmacy,CAP Round III,06499,"Shri. Jain Vidya Prasarak Mandal, Rasiklal M.Dhariwal College Of Pharmacy, Pune",Pune,Unaided,TFWS,Special,Any,20641,
2022-23,D Pharmacy,CAP Round III,06501,"Shri Dhanlaxmi Foundation, Karad's Late Adv. Dadasaheb Chavan Memorial Institute of Pharmacy, Malwadi-Masur",Satara,Unaided,GOPENS,State Level,Any,10005,
2022-23,D Pharmacy,CAP Round III,06501,"Shri Dhanlaxmi Foundation, Karad's Late Adv. Dadasaheb Chavan Memorial Institute of Pharmacy, Malwadi-Masur",Satara,Unaided,LOPENS,State Level,Ladies,58223,
2022-23,D Pharmacy,CAP Round III,06501,"Shri Dhanlaxmi Foundation, Karad's Late Adv. Dadasaheb Chavan Memorial Institute of Pharmacy, Malwadi-Masur",Satara,Unaided,GOBCS,State Level,Any,76633,
2022-23,D Pharmacy,CAP Round III,06501,"Shri Dhanlaxmi Foundation, Karad's Late Adv. Dadasaheb Chavan Memorial Institute of Pharmacy, Malwadi-Masur",Satara,Unaided,GSTS,State Level,Any,60427,
2022-23,D Pharmacy,CAP Round III,06501,"Shri Dhanlaxmi Foundation, Karad's Late Adv. Dadasaheb Chavan Memorial Institute of Pharmacy, Malwadi-Masur",Satara,Unaided,GNT3S,State Level,Any,60197,
2022-23,D Pharmacy,CAP Round III,06503,"Shree Ambabai Talim Sanstha's Diploma In Pharmacy ,Wanlesswadi, Miraj, Sangli",Sangli,Unaided,GOPENS,State Level,Any,50468,
2022-23,D Pharmacy,CAP Round III,06503,"Shree Ambabai Talim Sanstha's Diploma In Pharmacy ,Wanlesswadi, Miraj, Sangli",Sangli,Unaided,GNT1S,State Level,Any,68279,
2022-23,D Pharmacy,CAP Round III,06503,"Shree Ambabai Talim Sanstha's Diploma In Pharmacy ,Wanlesswadi, Miraj, Sangli",Sangli,Unaided,GOBCS,State Level,Any,63467,
2022-23,D Pharmacy,CAP Round III,06503,"Shree Ambabai Talim Sanstha's Diploma In Pharmacy ,Wanlesswadi, Miraj, Sangli",Sangli,Unaided,GSTS,State Level,Any,53010,
2022-23,D Pharmacy,CAP Round III,06504,"Yashoda Shikshan Prasarak mandal's Sojar College of Pharmacy, Khandvi, Barshi, Solapur",Solapur,Unaided,GOPENS,State Level,Any,29785,
2022-23,D Pharmacy,CAP Round III,06504,"Yashoda Shikshan Prasarak mandal's Sojar College of Pharmacy, Khandvi, Barshi, Solapur",Solapur,Unaided,LOPENS,State Level,Ladies,28834,
2022-23,D Pharmacy,CAP Round III,06504,"Yashoda Shikshan Prasarak mandal's Sojar College of Pharmacy, Khandvi, Barshi, Solapur",Solapur,Unaided,GSCS,State Level,Any,40861,
2022-23,D Pharmacy,CAP Round III,06504,"Yashoda Shikshan Prasarak mandal's Sojar College of Pharmacy, Khandvi, Barshi, Solapur",Solapur,Unaided,LSCS,State Level,Ladies,44599,
2022-23,D Pharmacy,CAP Round III,06504,"Yashoda Shikshan Prasarak mandal's Sojar College of Pharmacy, Khandvi, Barshi, Solapur",Solapur,Unaided,GVJS,State Level,Any,46314,
2022-23,D Pharmacy,CAP Round III,06504,"Yashoda Shikshan Prasarak mandal's Sojar College of Pharmacy, Khandvi, Barshi, Solapur",Solapur,Unaided,GOBCS,State Level,Any,42921,
2022-23,D Pharmacy,CAP Round III,06505,"Shri Vithal Education & Research Institute's, College of Pharmacy(Poly.), Pandharpur",Solapur,Unaided,GOPENS,State Level,Any,20948,
2022-23,D Pharmacy,CAP Round III,06505,"Shri Vithal Education & Research Institute's, College of Pharmacy(Poly.), Pandharpur",Solapur,Unaided,LOBCS,State Level,Ladies,22408,
2022-23,D Pharmacy,CAP Round III,06505,"Shri Vithal Education & Research Institute's, College of Pharmacy(Poly.), Pandharpur",Solapur,Unaided,EWS,Special,Any,19525,
2022-23,D Pharmacy,CAP Round III,06505,"Shri Vithal Education & Research Institute's, College of Pharmacy(Poly.), Pandharpur",Solapur,Unaided,GSTS,State Level,Any,23910,
2022-23,D Pharmacy,CAP Round III,06506,"Jayawant Shikshan Prasark Mandal's Jaywantrao Sawant Institute Of Pharmacy, Hadapsar, Pune",Pune,Unaided,GOPENS,State Level,Any,15135,
2022-23,D Pharmacy,CAP Round III,06506,"Jayawant Shikshan Prasark Mandal's Jaywantrao Sawant Institute Of Pharmacy, Hadapsar, Pune",Pune,Unaided,GSCS,State Level,Any,29903,
2022-23,D Pharmacy,CAP Round III,06506,"Jayawant Shikshan Prasark Mandal's Jaywantrao Sawant Institute Of Pharmacy, Hadapsar, Pune",Pune,Unaided,GSTS,State Level,Any,45819,
2022-23,D Pharmacy,CAP Round III,06506,"Jayawant Shikshan Prasark Mandal's Jaywantrao Sawant Institute Of Pharmacy, Hadapsar, Pune",Pune,Unaided,LOBCS,State Level,Ladies,22884,
2022-23,D Pharmacy,CAP Round III,06509,Walwa Taluka Education Societys S D Patil Institute of Pharmacy Urun Islampur,Sangli,Unaided,GOPENS,State Level,Any,58864,
2022-23,D Pharmacy,CAP Round III,06509,Walwa Taluka Education Societys S D Patil Institute of Pharmacy Urun Islampur,Sangli,Unaided,LOPENS,State Level,Ladies,56399,
2022-23,D Pharmacy,CAP Round III,06509,Walwa Taluka Education Societys S D Patil Institute of Pharmacy Urun Islampur,Sangli,Unaided,GSCS,State Level,Any,63697,
2022-23,D Pharmacy,CAP Round III,06509,Walwa Taluka Education Societys S D Patil Institute of Pharmacy Urun Islampur,Sangli,Unaided,LSCS,State Level,Ladies,67128,
2022-23,D Pharmacy,CAP Round III,06509,Walwa Taluka Education Societys S D Patil Institute of Pharmacy Urun Islampur,Sangli,Unaided,GNT2S,State Level,Any,59521,
2022-23,D Pharmacy,CAP Round III,06509,Walwa Taluka Education Societys S D Patil Institute of Pharmacy Urun Islampur,Sangli,Unaided,GOBCS,State Level,Any,72798,
2022-23,D Pharmacy,CAP Round III,06509,Walwa Taluka Education Societys S D Patil Institute of Pharmacy Urun Islampur,Sangli,Unaided,EWS,Special,Any,53916,
2022-23,D Pharmacy,CAP Round III,06509,Walwa Taluka Education Societys S D Patil Institute of Pharmacy Urun Islampur,Sangli,Unaided,GSTS,State Level,Any,60320,
2022-23,D Pharmacy,CAP Round III,06509,Walwa Taluka Education Societys S D Patil Institute of Pharmacy Urun Islampur,Sangli,Unaided,GNT3S,State Level,Any,59009,
2022-23,D Pharmacy,CAP Round III,06510,"Shriram Shikshan Sanstha's College of Pharmacy, Paniv, Malshiras, Dist. Solapur",Solapur,Unaided,GOPENS,State Level,Any,30047,
2022-23,D Pharmacy,CAP Round III,06510,"Shriram Shikshan Sanstha's College of Pharmacy, Paniv, Malshiras, Dist. Solapur",Solapur,Unaided,GNT3S,State Level,Any,45886,
2022-23,D Pharmacy,CAP Round III,06510,"Shriram Shikshan Sanstha's College of Pharmacy, Paniv, Malshiras, Dist. Solapur",Solapur,Unaided,EWS,Special,Any,29691,
2022-23,D Pharmacy,CAP Round III,06511,"Rajmata Jijau Shikshan Prasarak Mandal Institute Of Pharmacy,Haveli, Pune",Pune,Unaided,GOPENS,State Level,Any,34783,
2022-23,D Pharmacy,CAP Round III,06511,"Rajmata Jijau Shikshan Prasarak Mandal Institute Of Pharmacy,Haveli, Pune",Pune,Unaided,LOPENS,State Level,Ladies,30121,
2022-23,D Pharmacy,CAP Round III,06511,"Rajmata Jijau Shikshan Prasarak Mandal Institute Of Pharmacy,Haveli, Pune",Pune,Unaided,GSCS,State Level,Any,43330,
2022-23,D Pharmacy,CAP Round III,06511,"Rajmata Jijau Shikshan Prasarak Mandal Institute Of Pharmacy,Haveli, Pune",Pune,Unaided,LSCS,State Level,Ladies,37659,
2022-23,D Pharmacy,CAP Round III,06511,"Rajmata Jijau Shikshan Prasarak Mandal Institute Of Pharmacy,Haveli, Pune",Pune,Unaided,GSTS,State Level,Any,51443,
2022-23,D Pharmacy,CAP Round III,06511,"Rajmata Jijau Shikshan Prasarak Mandal Institute Of Pharmacy,Haveli, Pune",Pune,Unaided,LOBCS,State Level,Ladies,39267,
2022-23,D Pharmacy,CAP Round III,06511,"Rajmata Jijau Shikshan Prasarak Mandal Institute Of Pharmacy,Haveli, Pune",Pune,Unaided,TFWS,Special,Any,14517,
2022-23,D Pharmacy,CAP Round III,06512,"Shivneri Foundation's Shivneri Institute Of Pharmacy, Khanapur, Junna.",Jalna,Unaided,GOPENS,State Level,Any,54979,
2022-23,D Pharmacy,CAP Round III,06512,"Shivneri Foundation's Shivneri Institute Of Pharmacy, Khanapur, Junna.",Jalna,Unaided,LOPENS,State Level,Ladies,61107,
2022-23,D Pharmacy,CAP Round III,06512,"Shivneri Foundation's Shivneri Institute Of Pharmacy, Khanapur, Junna.",Jalna,Unaided,GSCS,State Level,Any,67420,
2022-23,D Pharmacy,CAP Round III,06512,"Shivneri Foundation's Shivneri Institute Of Pharmacy, Khanapur, Junna.",Jalna,Unaided,LSCS,State Level,Ladies,63798,
2022-23,D Pharmacy,CAP Round III,06512,"Shivneri Foundation's Shivneri Institute Of Pharmacy, Khanapur, Junna.",Jalna,Unaided,GSTS,State Level,Any,82107,
2022-23,D Pharmacy,CAP Round III,06512,"Shivneri Foundation's Shivneri Institute Of Pharmacy, Khanapur, Junna.",Jalna,Unaided,GVJS,State Level,Any,58904,
2022-23,D Pharmacy,CAP Round III,06512,"Shivneri Foundation's Shivneri Institute Of Pharmacy, Khanapur, Junna.",Jalna,Unaided,LVJS,State Level,Ladies,62245,
2022-23,D Pharmacy,CAP Round III,06512,"Shivneri Foundation's Shivneri Institute Of Pharmacy, Khanapur, Junna.",Jalna,Unaided,GNT3S,State Level,Any,60174,
2022-23,D Pharmacy,CAP Round III,06512,"Shivneri Foundation's Shivneri Institute Of Pharmacy, Khanapur, Junna.",Jalna,Unaided,GOBCS,State Level,Any,65331,
2022-23,D Pharmacy,CAP Round III,06512,"Shivneri Foundation's Shivneri Institute Of Pharmacy, Khanapur, Junna.",Jalna,Unaided,LOBCS,State Level,Ladies,73875,
2022-23,D Pharmacy,CAP Round III,06512,"Shivneri Foundation's Shivneri Institute Of Pharmacy, Khanapur, Junna.",Jalna,Unaided,EWS,Special,Any,48393,
2022-23,D Pharmacy,CAP Round III,06512,"Shivneri Foundation's Shivneri Institute Of Pharmacy, Khanapur, Junna.",Jalna,Unaided,TFWS,Special,Any,41742,
2022-23,D Pharmacy,CAP Round III,06512,"Shivneri Foundation's Shivneri Institute Of Pharmacy, Khanapur, Junna.",Jalna,Unaided,LSTS,State Level,Ladies,54425,
2022-23,D Pharmacy,CAP Round III,06513,"Lokseva Pratisthan's Lokseva College Of Pharmacy, Phulgaon, Haveli, Pune",Pune,Unaided,GOPENS,State Level,Any,41802,
2022-23,D Pharmacy,CAP Round III,06513,"Lokseva Pratisthan's Lokseva College Of Pharmacy, Phulgaon, Haveli, Pune",Pune,Unaided,LOPENS,State Level,Ladies,40033,
2022-23,D Pharmacy,CAP Round III,06513,"Lokseva Pratisthan's Lokseva College Of Pharmacy, Phulgaon, Haveli, Pune",Pune,Unaided,GSTS,State Level,Any,62593,
2022-23,D Pharmacy,CAP Round III,06513,"Lokseva Pratisthan's Lokseva College Of Pharmacy, Phulgaon, Haveli, Pune",Pune,Unaided,GOBCS,State Level,Any,55329,
2022-23,D Pharmacy,CAP Round III,06513,"Lokseva Pratisthan's Lokseva College Of Pharmacy, Phulgaon, Haveli, Pune",Pune,Unaided,EWS,Special,Any,48523,
2022-23,D Pharmacy,CAP Round III,06514,"Abhinav Education Society's College Of Pharmacy, Narhe, Tal. Haveli, Dist. Pune",Pune,Unaided,GOPENS,State Level,Any,34643,
2022-23,D Pharmacy,CAP Round III,06514,"Abhinav Education Society's College Of Pharmacy, Narhe, Tal. Haveli, Dist. Pune",Pune,Unaided,LOPENS,State Level,Ladies,27212,
2022-23,D Pharmacy,CAP Round III,06514,"Abhinav Education Society's College Of Pharmacy, Narhe, Tal. Haveli, Dist. Pune",Pune,Unaided,LSCS,State Level,Ladies,40494,
2022-23,D Pharmacy,CAP Round III,06514,"Abhinav Education Society's College Of Pharmacy, Narhe, Tal. Haveli, Dist. Pune",Pune,Unaided,GVJS,State Level,Any,49872,
2022-23,D Pharmacy,CAP Round III,06514,"Abhinav Education Society's College Of Pharmacy, Narhe, Tal. Haveli, Dist. Pune",Pune,Unaided,GNT1S,State Level,Any,45966,
2022-23,D Pharmacy,CAP Round III,06514,"Abhinav Education Society's College Of Pharmacy, Narhe, Tal. Haveli, Dist. Pune",Pune,Unaided,GOBCS,State Level,Any,57560,
2022-23,D Pharmacy,CAP Round III,06514,"Abhinav Education Society's College Of Pharmacy, Narhe, Tal. Haveli, Dist. Pune",Pune,Unaided,LOBCS,State Level,Ladies,33159,
2022-23,D Pharmacy,CAP Round III,06514,"Abhinav Education Society's College Of Pharmacy, Narhe, Tal. Haveli, Dist. Pune",Pune,Unaided,EWS,Special,Any,27158,
2022-23,D Pharmacy,CAP Round III,06515,"Siddhant College of Pharmacy, A/p Sudumbare, Maval",Pune,Unaided,GOPENS,State Level,Any,44146,
2022-23,D Pharmacy,CAP Round III,06515,"Siddhant College of Pharmacy, A/p Sudumbare, Maval",Pune,Unaided,MI,Special,Any,83859,
2022-23,D Pharmacy,CAP Round III,06516,"Krishna Charitable Trust's Krishna College of Pharmacy, Malkapur, Karad.",Satara,Unaided,GOPENS,State Level,Any,5707,
2022-23,D Pharmacy,CAP Round III,06516,"Krishna Charitable Trust's Krishna College of Pharmacy, Malkapur, Karad.",Satara,Unaided,LOPENS,State Level,Ladies,27033,
2022-23,D Pharmacy,CAP Round III,06516,"Krishna Charitable Trust's Krishna College of Pharmacy, Malkapur, Karad.",Satara,Unaided,GSTS,State Level,Any,57644,
2022-23,D Pharmacy,CAP Round III,06516,"Krishna Charitable Trust's Krishna College of Pharmacy, Malkapur, Karad.",Satara,Unaided,GOBCS,State Level,Any,45717,
2022-23,D Pharmacy,CAP Round III,06516,"Krishna Charitable Trust's Krishna College of Pharmacy, Malkapur, Karad.",Satara,Unaided,LOBCS,State Level,Ladies,55818,
2022-23,D Pharmacy,CAP Round III,06519,"Loknete Maa. Hanumantrao Patil Charitable Trust's Adarsh Institute Of Pharmacy, Vita",Kolhapur,Unaided,GOPENS,State Level,Any,58766,
2022-23,D Pharmacy,CAP Round III,06519,"Loknete Maa. Hanumantrao Patil Charitable Trust's Adarsh Institute Of Pharmacy, Vita",Kolhapur,Unaided,LOPENS,State Level,Ladies,43563,
2022-23,D Pharmacy,CAP Round III,06519,"Loknete Maa. Hanumantrao Patil Charitable Trust's Adarsh Institute Of Pharmacy, Vita",Kolhapur,Unaided,GNT2S,State Level,Any,59203,
2022-23,D Pharmacy,CAP Round III,06519,"Loknete Maa. Hanumantrao Patil Charitable Trust's Adarsh Institute Of Pharmacy, Vita",Kolhapur,Unaided,GOBCS,State Level,Any,70214,
2022-23,D Pharmacy,CAP Round III,06519,"Loknete Maa. Hanumantrao Patil Charitable Trust's Adarsh Institute Of Pharmacy, Vita",Kolhapur,Unaided,GSTS,State Level,Any,60876,
2022-23,D Pharmacy,CAP Round III,06520,"Sant Gajanan Maharaj Rural Hospital And Research Centre's Sant Gajanan Maharaj Rural Pharmacy College, Mahagaon, Kolhapur",Kolhapur,Unaided,GOPENS,State Level,Any,56298,
2022-23,D Pharmacy,CAP Round III,06520,"Sant Gajanan Maharaj Rural Hospital And Research Centre's Sant Gajanan Maharaj Rural Pharmacy College, Mahagaon, Kolhapur",Kolhapur,Unaided,LOPENS,State Level,Ladies,43995,
2022-23,D Pharmacy,CAP Round III,06520,"Sant Gajanan Maharaj Rural Hospital And Research Centre's Sant Gajanan Maharaj Rural Pharmacy College, Mahagaon, Kolhapur",Kolhapur,Unaided,GNT2S,State Level,Any,61931,
2022-23,D Pharmacy,CAP Round III,06520,"Sant Gajanan Maharaj Rural Hospital And Research Centre's Sant Gajanan Maharaj Rural Pharmacy College, Mahagaon, Kolhapur",Kolhapur,Unaided,GOBCS,State Level,Any,75008,
2022-23,D Pharmacy,CAP Round III,06520,"Sant Gajanan Maharaj Rural Hospital And Research Centre's Sant Gajanan Maharaj Rural Pharmacy College, Mahagaon, Kolhapur",Kolhapur,Unaided,EWS,Special,Any,55384,
2022-23,D Pharmacy,CAP Round III,06520,"Sant Gajanan Maharaj Rural Hospital And Research Centre's Sant Gajanan Maharaj Rural Pharmacy College, Mahagaon, Kolhapur",Kolhapur,Unaided,GSTS,State Level,Any,58721,
2022-23,D Pharmacy,CAP Round III,06520,"Sant Gajanan Maharaj Rural Hospital And Research Centre's Sant Gajanan Maharaj Rural Pharmacy College, Mahagaon, Kolhapur",Kolhapur,Unaided,GVJS,State Level,Any,59000,
2022-23,D Pharmacy,CAP Round III,06522,"Shriram Education Society's Sau. Venutai Chauhan Pharmacy College, Phaltan",Satara,Unaided,GOPENS,State Level,Any,52736,
2022-23,D Pharmacy,CAP Round III,06522,"Shriram Education Society's Sau. Venutai Chauhan Pharmacy College, Phaltan",Satara,Unaided,LOPENS,State Level,Ladies,39662,
2022-23,D Pharmacy,CAP Round III,06522,"Shriram Education Society's Sau. Venutai Chauhan Pharmacy College, Phaltan",Satara,Unaided,LVJS,State Level,Ladies,47097,
2022-23,D Pharmacy,CAP Round III,06522,"Shriram Education Society's Sau. Venutai Chauhan Pharmacy College, Phaltan",Satara,Unaided,GOBCS,State Level,Any,70093,
2022-23,D Pharmacy,CAP Round III,06522,"Shriram Education Society's Sau. Venutai Chauhan Pharmacy College, Phaltan",Satara,Unaided,LOBCS,State Level,Ladies,44273,
2022-23,D Pharmacy,CAP Round III,06522,"Shriram Education Society's Sau. Venutai Chauhan Pharmacy College, Phaltan",Satara,Unaided,EWS,Special,Any,42314,
2022-23,D Pharmacy,CAP Round III,06522,"Shriram Education Society's Sau. Venutai Chauhan Pharmacy College, Phaltan",Satara,Unaided,GNT3S,State Level,Any,53691,
2022-23,D Pharmacy,CAP Round III,06523,"Maharashtra Cosmopolitan Education Society, Institute Of Pharmacy(Diploma), Azam Campaus , Pune",Pune,Unaided,GOPENS,State Level,Any,24047,
2022-23,D Pharmacy,CAP Round III,06523,"Maharashtra Cosmopolitan Education Society, Institute Of Pharmacy(Diploma), Azam Campaus , Pune",Pune,Unaided,LOPENS,State Level,Ladies,30815,
2022-23,D Pharmacy,CAP Round III,06523,"Maharashtra Cosmopolitan Education Society, Institute Of Pharmacy(Diploma), Azam Campaus , Pune",Pune,Unaided,MI,Special,Any,26973,
2022-23,D Pharmacy,CAP Round III,06524,"Rameshwari Mauli Prathishtan of Bhalchnadra Institute of Pharmacy, Pune",Pune,Unaided,GOPENS,State Level,Any,41827,
2022-23,D Pharmacy,CAP Round III,06524,"Rameshwari Mauli Prathishtan of Bhalchnadra Institute of Pharmacy, Pune",Pune,Unaided,LOPENS,State Level,Ladies,32466,
2022-23,D Pharmacy,CAP Round III,06524,"Rameshwari Mauli Prathishtan of Bhalchnadra Institute of Pharmacy, Pune",Pune,Unaided,GSTS,State Level,Any,62306,
2022-23,D Pharmacy,CAP Round III,06524,"Rameshwari Mauli Prathishtan of Bhalchnadra Institute of Pharmacy, Pune",Pune,Unaided,GVJS,State Level,Any,46752,
2022-23,D Pharmacy,CAP Round III,06524,"Rameshwari Mauli Prathishtan of Bhalchnadra Institute of Pharmacy, Pune",Pune,Unaided,LNT3S,State Level,Ladies,70478,
2022-23,D Pharmacy,CAP Round III,06524,"Rameshwari Mauli Prathishtan of Bhalchnadra Institute of Pharmacy, Pune",Pune,Unaided,GOBCS,State Level,Any,62990,
2022-23,D Pharmacy,CAP Round III,06524,"Rameshwari Mauli Prathishtan of Bhalchnadra Institute of Pharmacy, Pune",Pune,Unaided,LOBCS,State Level,Ladies,61010,
2022-23,D Pharmacy,CAP Round III,06524,"Rameshwari Mauli Prathishtan of Bhalchnadra Institute of Pharmacy, Pune",Pune,Unaided,EWS,Special,Any,53704,
2022-23,D Pharmacy,CAP Round III,06616,"Sant Gajanan Maharaj College of Pharmacy, Gadhinglaj",Kolhapur,Unaided,GOPENS,State Level,Any,53557,
2022-23,D Pharmacy,CAP Round III,06616,"Sant Gajanan Maharaj College of Pharmacy, Gadhinglaj",Kolhapur,Unaided,LOPENS,State Level,Ladies,59695,
2022-23,D Pharmacy,CAP Round III,06616,"Sant Gajanan Maharaj College of Pharmacy, Gadhinglaj",Kolhapur,Unaided,GSCS,State Level,Any,63501,
2022-23,D Pharmacy,CAP Round III,06616,"Sant Gajanan Maharaj College of Pharmacy, Gadhinglaj",Kolhapur,Unaided,GOBCS,State Level,Any,78076,
2022-23,D Pharmacy,CAP Round III,06616,"Sant Gajanan Maharaj College of Pharmacy, Gadhinglaj",Kolhapur,Unaided,EWS,Special,Any,56948,
2022-23,D Pharmacy,CAP Round III,06616,"Sant Gajanan Maharaj College of Pharmacy, Gadhinglaj",Kolhapur,Unaided,GSTS,State Level,Any,62141,
2022-23,D Pharmacy,CAP Round III,06616,"Sant Gajanan Maharaj College of Pharmacy, Gadhinglaj",Kolhapur,Unaided,GVJS,State Level,Any,62610,
2022-23,D Pharmacy,CAP Round III,06616,"Sant Gajanan Maharaj College of Pharmacy, Gadhinglaj",Kolhapur,Unaided,GNT3S,State Level,Any,60758,
2022-23,D Pharmacy,CAP Round III,06736,Shivnagar Vidya Prasarak Manda'ls Institute Of Pharmacy Malegaon,Nashik,Unaided,GOPENS,State Level,Any,15087,
2022-23,D Pharmacy,CAP Round III,06736,Shivnagar Vidya Prasarak Manda'ls Institute Of Pharmacy Malegaon,Nashik,Unaided,DEFOPENS,State Level,Any,7938,
2022-23,D Pharmacy,CAP Round III,06736,Shivnagar Vidya Prasarak Manda'ls Institute Of Pharmacy Malegaon,Nashik,Unaided,GSTS,State Level,Any,18872,
2022-23,D Pharmacy,CAP Round III,06757,"Yashoda Technical Campus, Wadhe, Satara.",Satara,Unaided,GOPENS,State Level,Any,41188,
2022-23,D Pharmacy,CAP Round III,06757,"Yashoda Technical Campus, Wadhe, Satara.",Satara,Unaided,LOPENS,State Level,Ladies,18091,
2022-23,D Pharmacy,CAP Round III,06757,"Yashoda Technical Campus, Wadhe, Satara.",Satara,Unaided,GSCS,State Level,Any,63452,
2022-23,D Pharmacy,CAP Round III,06757,"Yashoda Technical Campus, Wadhe, Satara.",Satara,Unaided,GNT1S,State Level,Any,64236,
2022-23,D Pharmacy,CAP Round III,06757,"Yashoda Technical Campus, Wadhe, Satara.",Satara,Unaided,GNT2S,State Level,Any,44523,
2022-23,D Pharmacy,CAP Round III,06757,"Yashoda Technical Campus, Wadhe, Satara.",Satara,Unaided,GOBCS,State Level,Any,46729,
2022-23,D Pharmacy,CAP Round III,06820,"Adarsh College of Pharmacy, Vita Dist. Sangli",Sangli,Unaided,GOPENS,State Level,Any,57271,
2022-23,D Pharmacy,CAP Round III,06820,"Adarsh College of Pharmacy, Vita Dist. Sangli",Sangli,Unaided,LOPENS,State Level,Ladies,34963,
2022-23,D Pharmacy,CAP Round III,06820,"Adarsh College of Pharmacy, Vita Dist. Sangli",Sangli,Unaided,GOBCS,State Level,Any,68961,
2022-23,D Pharmacy,CAP Round III,06820,"Adarsh College of Pharmacy, Vita Dist. Sangli",Sangli,Unaided,TFWS,Special,Any,43667,
2022-23,D Pharmacy,CAP Round III,06827,"MAHADEVRAO WANDRE INSTITUTE OF TECHNOLOGY, TURKEWADI",Kolhapur,Unaided,GOPENS,State Level,Any,67788,
2022-23,D Pharmacy,CAP Round III,06827,"MAHADEVRAO WANDRE INSTITUTE OF TECHNOLOGY, TURKEWADI",Kolhapur,Unaided,GSCS,State Level,Any,72579,
2022-23,D Pharmacy,CAP Round III,06827,"MAHADEVRAO WANDRE INSTITUTE OF TECHNOLOGY, TURKEWADI",Kolhapur,Unaided,LSCS,State Level,Ladies,75134,
2022-23,D Pharmacy,CAP Round III,06827,"MAHADEVRAO WANDRE INSTITUTE OF TECHNOLOGY, TURKEWADI",Kolhapur,Unaided,GNT2S,State Level,Any,68583,
2022-23,D Pharmacy,CAP Round III,06827,"MAHADEVRAO WANDRE INSTITUTE OF TECHNOLOGY, TURKEWADI",Kolhapur,Unaided,LNT2S,State Level,Ladies,64652,
2022-23,D Pharmacy,CAP Round III,06827,"MAHADEVRAO WANDRE INSTITUTE OF TECHNOLOGY, TURKEWADI",Kolhapur,Unaided,GOBCS,State Level,Any,81967,
2022-23,D Pharmacy,CAP Round III,06827,"MAHADEVRAO WANDRE INSTITUTE OF TECHNOLOGY, TURKEWADI",Kolhapur,Unaided,EWS,Special,Any,62801,
2022-23,D Pharmacy,CAP Round III,06827,"MAHADEVRAO WANDRE INSTITUTE OF TECHNOLOGY, TURKEWADI",Kolhapur,Unaided,TFWS,Special,Any,62943,
2022-23,D Pharmacy,CAP Round III,06827,"MAHADEVRAO WANDRE INSTITUTE OF TECHNOLOGY, TURKEWADI",Kolhapur,Unaided,GSTS,State Level,Any,70235,
2022-23,D Pharmacy,CAP Round III,06827,"MAHADEVRAO WANDRE INSTITUTE OF TECHNOLOGY, TURKEWADI",Kolhapur,Unaided,LSTS,State Level,Ladies,69916,
2022-23,D Pharmacy,CAP Round III,06827,"MAHADEVRAO WANDRE INSTITUTE OF TECHNOLOGY, TURKEWADI",Kolhapur,Unaided,GVJS,State Level,Any,70414,
2022-23,D Pharmacy,CAP Round III,06827,"MAHADEVRAO WANDRE INSTITUTE OF TECHNOLOGY, TURKEWADI",Kolhapur,Unaided,GNT3S,State Level,Any,68227,
2022-23,D Pharmacy,CAP Round III,06827,"MAHADEVRAO WANDRE INSTITUTE OF TECHNOLOGY, TURKEWADI",Kolhapur,Unaided,LOBCS,State Level,Ladies,70578,
2022-23,D Pharmacy,CAP Round III,06829,"Womens College of Pharmacy,Peth Vadgaon, Tq - Hatkanangale",Kolhapur,Unaided,LOPENS,State Level,Ladies,58810,
2022-23,D Pharmacy,CAP Round III,06829,"Womens College of Pharmacy,Peth Vadgaon, Tq - Hatkanangale",Kolhapur,Unaided,LNT1S,State Level,Ladies,62668,
2022-23,D Pharmacy,CAP Round III,06829,"Womens College of Pharmacy,Peth Vadgaon, Tq - Hatkanangale",Kolhapur,Unaided,LOBCS,State Level,Ladies,74493,
2022-23,D Pharmacy,CAP Round III,06829,"Womens College of Pharmacy,Peth Vadgaon, Tq - Hatkanangale",Kolhapur,Unaided,EWS,Special,Any,61593,
2022-23,D Pharmacy,CAP Round III,06829,"Womens College of Pharmacy,Peth Vadgaon, Tq - Hatkanangale",Kolhapur,Unaided,LSTS,State Level,Ladies,61584,
2022-23,D Pharmacy,CAP Round III,06829,"Womens College of Pharmacy,Peth Vadgaon, Tq - Hatkanangale",Kolhapur,Unaided,LVJS,State Level,Ladies,61590,
2022-23,D Pharmacy,CAP Round III,06833,"Dattakala College of Pharmacy, Chincholi, Daund",Pune,Unaided,GOPENS,State Level,Any,44848,
2022-23,D Pharmacy,CAP Round III,06833,"Dattakala College of Pharmacy, Chincholi, Daund",Pune,Unaided,LSCS,State Level,Ladies,43735,
2022-23,D Pharmacy,CAP Round III,06833,"Dattakala College of Pharmacy, Chincholi, Daund",Pune,Unaided,LNT2S,State Level,Ladies,41150,
2022-23,D Pharmacy,CAP Round III,06833,"Dattakala College of Pharmacy, Chincholi, Daund",Pune,Unaided,GOBCS,State Level,Any,67333,
2022-23,D Pharmacy,CAP Round III,06833,"Dattakala College of Pharmacy, Chincholi, Daund",Pune,Unaided,LOBCS,State Level,Ladies,58433,
2022-23,D Pharmacy,CAP Round III,06833,"Dattakala College of Pharmacy, Chincholi, Daund",Pune,Unaided,EWS,Special,Any,29742,
2022-23,D Pharmacy,CAP Round III,06833,"Dattakala College of Pharmacy, Chincholi, Daund",Pune,Unaided,LSTS,State Level,Ladies,44263,
2022-23,D Pharmacy,CAP Round III,06833,"Dattakala College of Pharmacy, Chincholi, Daund",Pune,Unaided,ORPHAN,Special,Any,46792,
2022-23,D Pharmacy,CAP Round III,06835,"Gandhi Natha Rangji College of Diploma Pharmacy, Solapur",Solapur,Unaided,GOPENS,State Level,Any,14155,
2022-23,D Pharmacy,CAP Round III,06835,"Gandhi Natha Rangji College of Diploma Pharmacy, Solapur",Solapur,Unaided,LOPENS,State Level,Ladies,10164,
2022-23,D Pharmacy,CAP Round III,06835,"Gandhi Natha Rangji College of Diploma Pharmacy, Solapur",Solapur,Unaided,GSCS,State Level,Any,21384,
2022-23,D Pharmacy,CAP Round III,06835,"Gandhi Natha Rangji College of Diploma Pharmacy, Solapur",Solapur,Unaided,GOBCS,State Level,Any,22091,
2022-23,D Pharmacy,CAP Round III,06835,"Gandhi Natha Rangji College of Diploma Pharmacy, Solapur",Solapur,Unaided,LOBCS,State Level,Ladies,12025,
2022-23,D Pharmacy,CAP Round III,06835,"Gandhi Natha Rangji College of Diploma Pharmacy, Solapur",Solapur,Unaided,EWS,Special,Any,6833,
2022-23,D Pharmacy,CAP Round III,06835,"Gandhi Natha Rangji College of Diploma Pharmacy, Solapur",Solapur,Unaided,TFWS,Special,Any,9123,
2022-23,D Pharmacy,CAP Round III,06835,"Gandhi Natha Rangji College of Diploma Pharmacy, Solapur",Solapur,Unaided,LNT3S,State Level,Ladies,39439,
2022-23,D Pharmacy,CAP Round III,06879,"Loknete Shri. Dadapatil Pharate College of Pharmacy, At Post Manadavgan Pharata, Tal.Shirur, Dist. Pune",Pune,Unaided,GOPENS,State Level,Any,53921,
2022-23,D Pharmacy,CAP Round III,06879,"Loknete Shri. Dadapatil Pharate College of Pharmacy, At Post Manadavgan Pharata, Tal.Shirur, Dist. Pune",Pune,Unaided,LOPENS,State Level,Ladies,53343,
2022-23,D Pharmacy,CAP Round III,06879,"Loknete Shri. Dadapatil Pharate College of Pharmacy, At Post Manadavgan Pharata, Tal.Shirur, Dist. Pune",Pune,Unaided,GSCS,State Level,Any,60241,
2022-23,D Pharmacy,CAP Round III,06879,"Loknete Shri. Dadapatil Pharate College of Pharmacy, At Post Manadavgan Pharata, Tal.Shirur, Dist. Pune",Pune,Unaided,GSTS,State Level,Any,66448,
2022-23,D Pharmacy,CAP Round III,06879,"Loknete Shri. Dadapatil Pharate College of Pharmacy, At Post Manadavgan Pharata, Tal.Shirur, Dist. Pune",Pune,Unaided,GVJS,State Level,Any,62453,
2022-23,D Pharmacy,CAP Round III,06879,"Loknete Shri. Dadapatil Pharate College of Pharmacy, At Post Manadavgan Pharata, Tal.Shirur, Dist. Pune",Pune,Unaided,LVJS,State Level,Ladies,60220,
2022-23,D Pharmacy,CAP Round III,06879,"Loknete Shri. Dadapatil Pharate College of Pharmacy, At Post Manadavgan Pharata, Tal.Shirur, Dist. Pune",Pune,Unaided,GNT2S,State Level,Any,62184,
2022-23,D Pharmacy,CAP Round III,06879,"Loknete Shri. Dadapatil Pharate College of Pharmacy, At Post Manadavgan Pharata, Tal.Shirur, Dist. Pune",Pune,Unaided,GOBCS,State Level,Any,68795,
2022-23,D Pharmacy,CAP Round III,06879,"Loknete Shri. Dadapatil Pharate College of Pharmacy, At Post Manadavgan Pharata, Tal.Shirur, Dist. Pune",Pune,Unaided,LOBCS,State Level,Ladies,61239,
2022-23,D Pharmacy,CAP Round III,06879,"Loknete Shri. Dadapatil Pharate College of Pharmacy, At Post Manadavgan Pharata, Tal.Shirur, Dist. Pune",Pune,Unaided,EWS,Special,Any,49914,
2022-23,D Pharmacy,CAP Round III,06879,"Loknete Shri. Dadapatil Pharate College of Pharmacy, At Post Manadavgan Pharata, Tal.Shirur, Dist. Pune",Pune,Unaided,LSTS,State Level,Ladies,53838,
2022-23,D Pharmacy,CAP Round III,06886,"Nootan College of Pharmacy, Kavathe-mahankal, Sangli",Sangli,Unaided,GOPENS,State Level,Any,34879,
2022-23,D Pharmacy,CAP Round III,06886,"Nootan College of Pharmacy, Kavathe-mahankal, Sangli",Sangli,Unaided,GSCS,State Level,Any,50332,
2022-23,D Pharmacy,CAP Round III,06886,"Nootan College of Pharmacy, Kavathe-mahankal, Sangli",Sangli,Unaided,GOBCS,State Level,Any,37185,
2022-23,D Pharmacy,CAP Round III,06886,"Nootan College of Pharmacy, Kavathe-mahankal, Sangli",Sangli,Unaided,EWS,Special,Any,42799,
2022-23,D Pharmacy,CAP Round III,06887,"Mahalaxmi Institute of Pharmacy, Raigaon, Dist.Satara",Satara,Unaided,GOPENS,State Level,Any,66334,
2022-23,D Pharmacy,CAP Round III,06887,"Mahalaxmi Institute of Pharmacy, Raigaon, Dist.Satara",Satara,Unaided,LOPENS,State Level,Ladies,65627,
2022-23,D Pharmacy,CAP Round III,06887,"Mahalaxmi Institute of Pharmacy, Raigaon, Dist.Satara",Satara,Unaided,GSCS,State Level,Any,74914,
2022-23,D Pharmacy,CAP Round III,06887,"Mahalaxmi Institute of Pharmacy, Raigaon, Dist.Satara",Satara,Unaided,GVJS,State Level,Any,67505,
2022-23,D Pharmacy,CAP Round III,06887,"Mahalaxmi Institute of Pharmacy, Raigaon, Dist.Satara",Satara,Unaided,GNT2S,State Level,Any,67052,
2022-23,D Pharmacy,CAP Round III,06887,"Mahalaxmi Institute of Pharmacy, Raigaon, Dist.Satara",Satara,Unaided,LNT2S,State Level,Ladies,66570,
2022-23,D Pharmacy,CAP Round III,06887,"Mahalaxmi Institute of Pharmacy, Raigaon, Dist.Satara",Satara,Unaided,GOBCS,State Level,Any,81785,
2022-23,D Pharmacy,CAP Round III,06887,"Mahalaxmi Institute of Pharmacy, Raigaon, Dist.Satara",Satara,Unaided,LOBCS,State Level,Ladies,64211,
2022-23,D Pharmacy,CAP Round III,06887,"Mahalaxmi Institute of Pharmacy, Raigaon, Dist.Satara",Satara,Unaided,EWS,Special,Any,61964,
2022-23,D Pharmacy,CAP Round III,06887,"Mahalaxmi Institute of Pharmacy, Raigaon, Dist.Satara",Satara,Unaided,GSTS,State Level,Any,66401,
2022-23,D Pharmacy,CAP Round III,06889,"Annasaheb Dange College of D. Pharmacy, Ashta, Sangli",Sangli,Unaided,GOPENS,State Level,Any,37548,
2022-23,D Pharmacy,CAP Round III,06889,"Annasaheb Dange College of D. Pharmacy, Ashta, Sangli",Sangli,Unaided,GVJS,State Level,Any,42653,
2022-23,D Pharmacy,CAP Round III,06889,"Annasaheb Dange College of D. Pharmacy, Ashta, Sangli",Sangli,Unaided,GNT3S,State Level,Any,63101,
2022-23,D Pharmacy,CAP Round III,06889,"Annasaheb Dange College of D. Pharmacy, Ashta, Sangli",Sangli,Unaided,GOBCS,State Level,Any,66596,
2022-23,D Pharmacy,CAP Round III,06889,"Annasaheb Dange College of D. Pharmacy, Ashta, Sangli",Sangli,Unaided,LOBCS,State Level,Ladies,55399,
2022-23,D Pharmacy,CAP Round III,06889,"Annasaheb Dange College of D. Pharmacy, Ashta, Sangli",Sangli,Unaided,GSTS,State Level,Any,40308,
2022-23,D Pharmacy,CAP Round III,06889,"Annasaheb Dange College of D. Pharmacy, Ashta, Sangli",Sangli,Unaided,GOPENS,State Level,Any,58372,
2022-23,D Pharmacy,CAP Round III,06889,"Annasaheb Dange College of D. Pharmacy, Ashta, Sangli",Sangli,Unaided,LOPENS,State Level,Ladies,29405,
2022-23,D Pharmacy,CAP Round III,06889,"Annasaheb Dange College of D. Pharmacy, Ashta, Sangli",Sangli,Unaided,GOBCS,State Level,Any,70102,
2022-23,D Pharmacy,CAP Round III,06889,"Annasaheb Dange College of D. Pharmacy, Ashta, Sangli",Sangli,Unaided,LOBCS,State Level,Ladies,53175,
2022-23,D Pharmacy,CAP Round III,06889,"Annasaheb Dange College of D. Pharmacy, Ashta, Sangli",Sangli,Unaided,EWS,Special,Any,60583,
2022-23,D Pharmacy,CAP Round III,06889,"Annasaheb Dange College of D. Pharmacy, Ashta, Sangli",Sangli,Unaided,GSTS,State Level,Any,59032,
2022-23,D Pharmacy,CAP Round III,06889,"Annasaheb Dange College of D. Pharmacy, Ashta, Sangli",Sangli,Unaided,LSTS,State Level,Ladies,57771,
2022-23,D Pharmacy,CAP Round III,06891,"Eklavya College of Pharmacy, Tasgaon , Sangli",Sangli,Unaided,GOPENS,State Level,Any,56284,
2022-23,D Pharmacy,CAP Round III,06891,"Eklavya College of Pharmacy, Tasgaon , Sangli",Sangli,Unaided,GSCS,State Level,Any,63235,
2022-23,D Pharmacy,CAP Round III,06891,"Eklavya College of Pharmacy, Tasgaon , Sangli",Sangli,Unaided,GNT2S,State Level,Any,57832,
2022-23,D Pharmacy,CAP Round III,06891,"Eklavya College of Pharmacy, Tasgaon , Sangli",Sangli,Unaided,GOBCS,State Level,Any,71402,
2022-23,D Pharmacy,CAP Round III,06891,"Eklavya College of Pharmacy, Tasgaon , Sangli",Sangli,Unaided,LOBCS,State Level,Ladies,64146,
2022-23,D Pharmacy,CAP Round III,06891,"Eklavya College of Pharmacy, Tasgaon , Sangli",Sangli,Unaided,EWS,Special,Any,55494,
2022-23,D Pharmacy,CAP Round III,06892,"Anusaya Institute of Pharmacy, Swami-Chincholi , Tal .Daund, Pune.",Pune,Unaided,GOPENS,State Level,Any,21760,
2022-23,D Pharmacy,CAP Round III,06892,"Anusaya Institute of Pharmacy, Swami-Chincholi , Tal .Daund, Pune.",Pune,Unaided,LOPENS,State Level,Ladies,27940,
2022-23,D Pharmacy,CAP Round III,06892,"Anusaya Institute of Pharmacy, Swami-Chincholi , Tal .Daund, Pune.",Pune,Unaided,GSCS,State Level,Any,53453,
2022-23,D Pharmacy,CAP Round III,06892,"Anusaya Institute of Pharmacy, Swami-Chincholi , Tal .Daund, Pune.",Pune,Unaided,GVJS,State Level,Any,62444,
2022-23,D Pharmacy,CAP Round III,06892,"Anusaya Institute of Pharmacy, Swami-Chincholi , Tal .Daund, Pune.",Pune,Unaided,GNT1S,State Level,Any,60439,
2022-23,D Pharmacy,CAP Round III,06892,"Anusaya Institute of Pharmacy, Swami-Chincholi , Tal .Daund, Pune.",Pune,Unaided,GNT2S,State Level,Any,54834,
2022-23,D Pharmacy,CAP Round III,06892,"Anusaya Institute of Pharmacy, Swami-Chincholi , Tal .Daund, Pune.",Pune,Unaided,GNT3S,State Level,Any,49479,
2022-23,D Pharmacy,CAP Round III,06892,"Anusaya Institute of Pharmacy, Swami-Chincholi , Tal .Daund, Pune.",Pune,Unaided,GOBCS,State Level,Any,70372,
2022-23,D Pharmacy,CAP Round III,06892,"Anusaya Institute of Pharmacy, Swami-Chincholi , Tal .Daund, Pune.",Pune,Unaided,LOBCS,State Level,Ladies,74103,
2022-23,D Pharmacy,CAP Round III,06892,"Anusaya Institute of Pharmacy, Swami-Chincholi , Tal .Daund, Pune.",Pune,Unaided,EWS,Special,Any,48777,
2022-23,D Pharmacy,CAP Round III,06892,"Anusaya Institute of Pharmacy, Swami-Chincholi , Tal .Daund, Pune.",Pune,Unaided,GSTS,State Level,Any,51863,
2022-23,D Pharmacy,CAP Round III,06892,"Anusaya Institute of Pharmacy, Swami-Chincholi , Tal .Daund, Pune.",Pune,Unaided,LSTS,State Level,Ladies,42362,
2022-23,D Pharmacy,CAP Round III,06892,"Anusaya Institute of Pharmacy, Swami-Chincholi , Tal .Daund, Pune.",Pune,Unaided,GOPENS,State Level,Any,48875,
2022-23,D Pharmacy,CAP Round III,06892,"Anusaya Institute of Pharmacy, Swami-Chincholi , Tal .Daund, Pune.",Pune,Unaided,LOPENS,State Level,Ladies,18758,
2022-23,D Pharmacy,CAP Round III,06892,"Anusaya Institute of Pharmacy, Swami-Chincholi , Tal .Daund, Pune.",Pune,Unaided,GSCS,State Level,Any,69016,
2022-23,D Pharmacy,CAP Round III,06892,"Anusaya Institute of Pharmacy, Swami-Chincholi , Tal .Daund, Pune.",Pune,Unaided,GNT1S,State Level,Any,68517,
2022-23,D Pharmacy,CAP Round III,06892,"Anusaya Institute of Pharmacy, Swami-Chincholi , Tal .Daund, Pune.",Pune,Unaided,LNT2S,State Level,Ladies,48868,
2022-23,D Pharmacy,CAP Round III,06892,"Anusaya Institute of Pharmacy, Swami-Chincholi , Tal .Daund, Pune.",Pune,Unaided,EWS,Special,Any,48808,
2022-23,D Pharmacy,CAP Round III,06892,"Anusaya Institute of Pharmacy, Swami-Chincholi , Tal .Daund, Pune.",Pune,Unaided,LVJS,State Level,Ladies,76899,
2022-23,D Pharmacy,CAP Round III,06900,"Yashwant Redekar College Of Pharmacy B. Pharm. And D. Pharm., Nesari",Kolhapur,Unaided,GOPENS,State Level,Any,67952,
2022-23,D Pharmacy,CAP Round III,06900,"Yashwant Redekar College Of Pharmacy B. Pharm. And D. Pharm., Nesari",Kolhapur,Unaided,LOPENS,State Level,Ladies,66324,
2022-23,D Pharmacy,CAP Round III,06900,"Yashwant Redekar College Of Pharmacy B. Pharm. And D. Pharm., Nesari",Kolhapur,Unaided,GSCS,State Level,Any,70931,
2022-23,D Pharmacy,CAP Round III,06900,"Yashwant Redekar College Of Pharmacy B. Pharm. And D. Pharm., Nesari",Kolhapur,Unaided,GVJS,State Level,Any,83888,
2022-23,D Pharmacy,CAP Round III,06900,"Yashwant Redekar College Of Pharmacy B. Pharm. And D. Pharm., Nesari",Kolhapur,Unaided,GNT2S,State Level,Any,70145,
2022-23,D Pharmacy,CAP Round III,06900,"Yashwant Redekar College Of Pharmacy B. Pharm. And D. Pharm., Nesari",Kolhapur,Unaided,LNT2S,State Level,Ladies,69479,
2022-23,D Pharmacy,CAP Round III,06900,"Yashwant Redekar College Of Pharmacy B. Pharm. And D. Pharm., Nesari",Kolhapur,Unaided,GOBCS,State Level,Any,83713,
2022-23,D Pharmacy,CAP Round III,06900,"Yashwant Redekar College Of Pharmacy B. Pharm. And D. Pharm., Nesari",Kolhapur,Unaided,LOBCS,State Level,Ladies,83925,
2022-23,D Pharmacy,CAP Round III,06900,"Yashwant Redekar College Of Pharmacy B. Pharm. And D. Pharm., Nesari",Kolhapur,Unaided,EWS,Special,Any,64783,
2022-23,D Pharmacy,CAP Round III,06900,"Yashwant Redekar College Of Pharmacy B. Pharm. And D. Pharm., Nesari",Kolhapur,Unaided,GSTS,State Level,Any,69984,
2022-23,D Pharmacy,CAP Round III,06900,"Yashwant Redekar College Of Pharmacy B. Pharm. And D. Pharm., Nesari",Kolhapur,Unaided,LSTS,State Level,Ladies,70097,
2022-23,D Pharmacy,CAP Round III,06900,"Yashwant Redekar College Of Pharmacy B. Pharm. And D. Pharm., Nesari",Kolhapur,Unaided,GOBCS,State Level,Any,69513,
2022-23,D Pharmacy,CAP Round III,06900,"Yashwant Redekar College Of Pharmacy B. Pharm. And D. Pharm., Nesari",Kolhapur,Unaided,LOBCS,State Level,Ladies,69273,
2022-23,D Pharmacy,CAP Round III,06903,"Indrayani Vidya Mandir's Indrayani Institute of Pharmacy, Talegaon Dabhade",Pune,Unaided,GOPENS,State Level,Any,39643,
2022-23,D Pharmacy,CAP Round III,06903,"Indrayani Vidya Mandir's Indrayani Institute of Pharmacy, Talegaon Dabhade",Pune,Unaided,LOPENS,State Level,Ladies,46287,
2022-23,D Pharmacy,CAP Round III,06903,"Indrayani Vidya Mandir's Indrayani Institute of Pharmacy, Talegaon Dabhade",Pune,Unaided,GSCS,State Level,Any,61430,
2022-23,D Pharmacy,CAP Round III,06903,"Indrayani Vidya Mandir's Indrayani Institute of Pharmacy, Talegaon Dabhade",Pune,Unaided,LSCS,State Level,Ladies,58437,
2022-23,D Pharmacy,CAP Round III,06903,"Indrayani Vidya Mandir's Indrayani Institute of Pharmacy, Talegaon Dabhade",Pune,Unaided,GSTS,State Level,Any,49751,
2022-23,D Pharmacy,CAP Round III,06903,"Indrayani Vidya Mandir's Indrayani Institute of Pharmacy, Talegaon Dabhade",Pune,Unaided,LVJS,State Level,Ladies,58426,
2022-23,D Pharmacy,CAP Round III,06903,"Indrayani Vidya Mandir's Indrayani Institute of Pharmacy, Talegaon Dabhade",Pune,Unaided,GNT2S,State Level,Any,47045,
2022-23,D Pharmacy,CAP Round III,06903,"Indrayani Vidya Mandir's Indrayani Institute of Pharmacy, Talegaon Dabhade",Pune,Unaided,GNT3S,State Level,Any,51044,
2022-23,D Pharmacy,CAP Round III,06903,"Indrayani Vidya Mandir's Indrayani Institute of Pharmacy, Talegaon Dabhade",Pune,Unaided,GOBCS,State Level,Any,59680,
2022-23,D Pharmacy,CAP Round III,06903,"Indrayani Vidya Mandir's Indrayani Institute of Pharmacy, Talegaon Dabhade",Pune,Unaided,LOBCS,State Level,Ladies,65696,
2022-23,D Pharmacy,CAP Round III,06903,"Indrayani Vidya Mandir's Indrayani Institute of Pharmacy, Talegaon Dabhade",Pune,Unaided,EWS,Special,Any,44900,
2022-23,D Pharmacy,CAP Round III,06903,"Indrayani Vidya Mandir's Indrayani Institute of Pharmacy, Talegaon Dabhade",Pune,Unaided,TFWS,Special,Any,25658,
2022-23,D Pharmacy,CAP Round III,06904,"Anandi Pharmacy College, Kalambe Tarf Kale",Kolhapur,Unaided,GOPENS,State Level,Any,50184,
2022-23,D Pharmacy,CAP Round III,06904,"Anandi Pharmacy College, Kalambe Tarf Kale",Kolhapur,Unaided,LOPENS,State Level,Ladies,38274,
2022-23,D Pharmacy,CAP Round III,06904,"Anandi Pharmacy College, Kalambe Tarf Kale",Kolhapur,Unaided,GSCS,State Level,Any,66343,
2022-23,D Pharmacy,CAP Round III,06904,"Anandi Pharmacy College, Kalambe Tarf Kale",Kolhapur,Unaided,LSCS,State Level,Ladies,64438,
2022-23,D Pharmacy,CAP Round III,06904,"Anandi Pharmacy College, Kalambe Tarf Kale",Kolhapur,Unaided,GNT2S,State Level,Any,70542,
2022-23,D Pharmacy,CAP Round III,06904,"Anandi Pharmacy College, Kalambe Tarf Kale",Kolhapur,Unaided,GOBCS,State Level,Any,81465,
2022-23,D Pharmacy,CAP Round III,06904,"Anandi Pharmacy College, Kalambe Tarf Kale",Kolhapur,Unaided,LOBCS,State Level,Ladies,75976,
2022-23,D Pharmacy,CAP Round III,06904,"Anandi Pharmacy College, Kalambe Tarf Kale",Kolhapur,Unaided,GSTS,State Level,Any,53354,
2022-23,D Pharmacy,CAP Round III,06904,"Anandi Pharmacy College, Kalambe Tarf Kale",Kolhapur,Unaided,LSTS,State Level,Ladies,53599,
2022-23,D Pharmacy,CAP Round III,06905,"Navsahyadri Institute of Pharmacy, Naigaon( Nasarapur), Pune",Pune,Unaided,GOPENS,State Level,Any,37677,
2022-23,D Pharmacy,CAP Round III,06905,"Navsahyadri Institute of Pharmacy, Naigaon( Nasarapur), Pune",Pune,Unaided,LOPENS,State Level,Ladies,39719,
2022-23,D Pharmacy,CAP Round III,06905,"Navsahyadri Institute of Pharmacy, Naigaon( Nasarapur), Pune",Pune,Unaided,GSCS,State Level,Any,50769,
2022-23,D Pharmacy,CAP Round III,06905,"Navsahyadri Institute of Pharmacy, Naigaon( Nasarapur), Pune",Pune,Unaided,LNT3S,State Level,Ladies,52151,
2022-23,D Pharmacy,CAP Round III,06905,"Navsahyadri Institute of Pharmacy, Naigaon( Nasarapur), Pune",Pune,Unaided,GOBCS,State Level,Any,61083,
2022-23,D Pharmacy,CAP Round III,06905,"Navsahyadri Institute of Pharmacy, Naigaon( Nasarapur), Pune",Pune,Unaided,EWS,Special,Any,41735,
2022-23,D Pharmacy,CAP Round III,06905,"Navsahyadri Institute of Pharmacy, Naigaon( Nasarapur), Pune",Pune,Unaided,TFWS,Special,Any,42832,
2022-23,D Pharmacy,CAP Round III,06906,"Delight College of Pharmacy, Koregaon Bhima",Pune,Unaided,GOPENS,State Level,Any,45021,
2022-23,D Pharmacy,CAP Round III,06906,"Delight College of Pharmacy, Koregaon Bhima",Pune,Unaided,LOPENS,State Level,Ladies,44858,
2022-23,D Pharmacy,CAP Round III,06906,"Delight College of Pharmacy, Koregaon Bhima",Pune,Unaided,MI,Special,Any,72049,
2022-23,D Pharmacy,CAP Round III,06907,"Sarogini College of Pharmacy, Kolhapur",Kolhapur,Unaided,GOPENS,State Level,Any,43274,
2022-23,D Pharmacy,CAP Round III,06907,"Sarogini College of Pharmacy, Kolhapur",Kolhapur,Unaided,LOPENS,State Level,Ladies,36822,
2022-23,D Pharmacy,CAP Round III,06907,"Sarogini College of Pharmacy, Kolhapur",Kolhapur,Unaided,GOBCS,State Level,Any,65279,
2022-23,D Pharmacy,CAP Round III,06907,"Sarogini College of Pharmacy, Kolhapur",Kolhapur,Unaided,EWS,Special,Any,36857,
2022-23,D Pharmacy,CAP Round III,06907,"Sarogini College of Pharmacy, Kolhapur",Kolhapur,Unaided,GSTS,State Level,Any,45720,
2022-23,D Pharmacy,CAP Round III,06908,"Ashokrao Mane Institute of Pharmaceutical Science and Research, Save",Sindhudurg,Unaided,GOPENS,State Level,Any,60500,
2022-23,D Pharmacy,CAP Round III,06908,"Ashokrao Mane Institute of Pharmaceutical Science and Research, Save",Sindhudurg,Unaided,GSCS,State Level,Any,70412,
2022-23,D Pharmacy,CAP Round III,06908,"Ashokrao Mane Institute of Pharmaceutical Science and Research, Save",Sindhudurg,Unaided,GNT2S,State Level,Any,63209,
2022-23,D Pharmacy,CAP Round III,06908,"Ashokrao Mane Institute of Pharmaceutical Science and Research, Save",Sindhudurg,Unaided,GOBCS,State Level,Any,81038,
2022-23,D Pharmacy,CAP Round III,06908,"Ashokrao Mane Institute of Pharmaceutical Science and Research, Save",Sindhudurg,Unaided,LOBCS,State Level,Ladies,73407,
2022-23,D Pharmacy,CAP Round III,06908,"Ashokrao Mane Institute of Pharmaceutical Science and Research, Save",Sindhudurg,Unaided,EWS,Special,Any,60638,
2022-23,D Pharmacy,CAP Round III,06908,"Ashokrao Mane Institute of Pharmaceutical Science and Research, Save",Sindhudurg,Unaided,TFWS,Special,Any,51647,
2022-23,D Pharmacy,CAP Round III,06908,"Ashokrao Mane Institute of Pharmaceutical Science and Research, Save",Sindhudurg,Unaided,GSTS,State Level,Any,62220,
2022-23,D Pharmacy,CAP Round III,06908,"Ashokrao Mane Institute of Pharmaceutical Science and Research, Save",Sindhudurg,Unaided,LSTS,State Level,Ladies,62036,
2022-23,D Pharmacy,CAP Round III,06908,"Ashokrao Mane Institute of Pharmaceutical Science and Research, Save",Sindhudurg,Unaided,GNT3S,State Level,Any,62042,
2022-23,D Pharmacy,CAP Round III,06909,"Y.D. Mane Institute of Pharmacy, Kagal, Kolhapur",Kolhapur,Unaided,GOPENS,State Level,Any,57865,
2022-23,D Pharmacy,CAP Round III,06909,"Y.D. Mane Institute of Pharmacy, Kagal, Kolhapur",Kolhapur,Unaided,LOPENS,State Level,Ladies,46166,
2022-23,D Pharmacy,CAP Round III,06909,"Y.D. Mane Institute of Pharmacy, Kagal, Kolhapur",Kolhapur,Unaided,LSCS,State Level,Ladies,62140,
2022-23,D Pharmacy,CAP Round III,06909,"Y.D. Mane Institute of Pharmacy, Kagal, Kolhapur",Kolhapur,Unaided,LNT1S,State Level,Ladies,68549,
2022-23,D Pharmacy,CAP Round III,06909,"Y.D. Mane Institute of Pharmacy, Kagal, Kolhapur",Kolhapur,Unaided,GNT2S,State Level,Any,62899,
2022-23,D Pharmacy,CAP Round III,06909,"Y.D. Mane Institute of Pharmacy, Kagal, Kolhapur",Kolhapur,Unaided,LNT3S,State Level,Ladies,69875,
2022-23,D Pharmacy,CAP Round III,06909,"Y.D. Mane Institute of Pharmacy, Kagal, Kolhapur",Kolhapur,Unaided,GOBCS,State Level,Any,73578,
2022-23,D Pharmacy,CAP Round III,06909,"Y.D. Mane Institute of Pharmacy, Kagal, Kolhapur",Kolhapur,Unaided,LOBCS,State Level,Ladies,67432,
2022-23,D Pharmacy,CAP Round III,06909,"Y.D. Mane Institute of Pharmacy, Kagal, Kolhapur",Kolhapur,Unaided,EWS,Special,Any,58354,
2022-23,D Pharmacy,CAP Round III,06909,"Y.D. Mane Institute of Pharmacy, Kagal, Kolhapur",Kolhapur,Unaided,TFWS,Special,Any,55336,
2022-23,D Pharmacy,CAP Round III,06909,"Y.D. Mane Institute of Pharmacy, Kagal, Kolhapur",Kolhapur,Unaided,GSTS,State Level,Any,58369,
2022-23,D Pharmacy,CAP Round III,06910,"Samarth Institute of Pharmacy, Belhe , Junnar",Pune,Unaided,GOPENS,State Level,Any,57991,
2022-23,D Pharmacy,CAP Round III,06910,"Samarth Institute of Pharmacy, Belhe , Junnar",Pune,Unaided,GSCS,State Level,Any,63378,
2022-23,D Pharmacy,CAP Round III,06910,"Samarth Institute of Pharmacy, Belhe , Junnar",Pune,Unaided,GOBCS,State Level,Any,70329,
2022-23,D Pharmacy,CAP Round III,06910,"Samarth Institute of Pharmacy, Belhe , Junnar",Pune,Unaided,GSTS,State Level,Any,63388,
2022-23,D Pharmacy,CAP Round III,06910,"Samarth Institute of Pharmacy, Belhe , Junnar",Pune,Unaided,LSTS,State Level,Ladies,63473,
2022-23,D Pharmacy,CAP Round III,06911,"Zadbuke Institute of Pharmacy, Puri",Pune,Unaided,GOPENS,State Level,Any,33665,
2022-23,D Pharmacy,CAP Round III,06911,"Zadbuke Institute of Pharmacy, Puri",Pune,Unaided,LOPENS,State Level,Ladies,30886,
2022-23,D Pharmacy,CAP Round III,06911,"Zadbuke Institute of Pharmacy, Puri",Pune,Unaided,GSCS,State Level,Any,48376,
2022-23,D Pharmacy,CAP Round III,06911,"Zadbuke Institute of Pharmacy, Puri",Pune,Unaided,LVJS,State Level,Ladies,69006,
2022-23,D Pharmacy,CAP Round III,06911,"Zadbuke Institute of Pharmacy, Puri",Pune,Unaided,GNT2S,State Level,Any,35232,
2022-23,D Pharmacy,CAP Round III,06911,"Zadbuke Institute of Pharmacy, Puri",Pune,Unaided,GOBCS,State Level,Any,59656,
2022-23,D Pharmacy,CAP Round III,06911,"Zadbuke Institute of Pharmacy, Puri",Pune,Unaided,GSTS,State Level,Any,35516,
2022-23,D Pharmacy,CAP Round III,06911,"Zadbuke Institute of Pharmacy, Puri",Pune,Unaided,LSTS,State Level,Ladies,35374,
2022-23,D Pharmacy,CAP Round III,06914,"Institute of Pharmaceutical Science & Research for Girls, (Bhigwan), Daund",Pune,Unaided,LOPENS,State Level,Ladies,52896,
2022-23,D Pharmacy,CAP Round III,06914,"Institute of Pharmaceutical Science & Research for Girls, (Bhigwan), Daund",Pune,Unaided,LSCS,State Level,Ladies,54781,
2022-23,D Pharmacy,CAP Round III,06914,"Institute of Pharmaceutical Science & Research for Girls, (Bhigwan), Daund",Pune,Unaided,LNT3S,State Level,Ladies,57880,
2022-23,D Pharmacy,CAP Round III,06914,"Institute of Pharmaceutical Science & Research for Girls, (Bhigwan), Daund",Pune,Unaided,LOBCS,State Level,Ladies,64320,
2022-23,D Pharmacy,CAP Round III,06914,"Institute of Pharmaceutical Science & Research for Girls, (Bhigwan), Daund",Pune,Unaided,ORPHAN,Special,Any,48822,
2022-23,D Pharmacy,CAP Round III,06914,"Institute of Pharmaceutical Science & Research for Girls, (Bhigwan), Daund",Pune,Unaided,LSTS,State Level,Ladies,57003,
2022-23,D Pharmacy,CAP Round III,06914,"Institute of Pharmaceutical Science & Research for Girls, (Bhigwan), Daund",Pune,Unaided,ORPHAN,Special,Any,56814,
2022-23,D Pharmacy,CAP Round III,06915,"DNYANVILAS COLLEGE OF PHARMACY, DUDULGAON TAl HAVELI DIST PUNE",Pune,Unaided,GOPENS,State Level,Any,43761,
2022-23,D Pharmacy,CAP Round III,06915,"DNYANVILAS COLLEGE OF PHARMACY, DUDULGAON TAl HAVELI DIST PUNE",Pune,Unaided,LOPENS,State Level,Ladies,38496,
2022-23,D Pharmacy,CAP Round III,06915,"DNYANVILAS COLLEGE OF PHARMACY, DUDULGAON TAl HAVELI DIST PUNE",Pune,Unaided,GSTS,State Level,Any,77850,
2022-23,D Pharmacy,CAP Round III,06915,"DNYANVILAS COLLEGE OF PHARMACY, DUDULGAON TAl HAVELI DIST PUNE",Pune,Unaided,LNT3S,State Level,Ladies,52561,
2022-23,D Pharmacy,CAP Round III,06915,"DNYANVILAS COLLEGE OF PHARMACY, DUDULGAON TAl HAVELI DIST PUNE",Pune,Unaided,GOBCS,State Level,Any,62913,
2022-23,D Pharmacy,CAP Round III,06915,"DNYANVILAS COLLEGE OF PHARMACY, DUDULGAON TAl HAVELI DIST PUNE",Pune,Unaided,LOBCS,State Level,Ladies,53148,
2022-23,D Pharmacy,CAP Round III,06915,"DNYANVILAS COLLEGE OF PHARMACY, DUDULGAON TAl HAVELI DIST PUNE",Pune,Unaided,TFWS,Special,Any,21595,
2022-23,D Pharmacy,CAP Round III,06916,PHARATE PATIL COLLEGE OF PHARMACY DIPLOMA,DIPLOMA,Unaided,GOPENS,State Level,Any,61049,
2022-23,D Pharmacy,CAP Round III,06916,PHARATE PATIL COLLEGE OF PHARMACY DIPLOMA,DIPLOMA,Unaided,LOPENS,State Level,Ladies,52607,
2022-23,D Pharmacy,CAP Round III,06916,PHARATE PATIL COLLEGE OF PHARMACY DIPLOMA,DIPLOMA,Unaided,GSTS,State Level,Any,78277,
2022-23,D Pharmacy,CAP Round III,06916,PHARATE PATIL COLLEGE OF PHARMACY DIPLOMA,DIPLOMA,Unaided,LNT2S,State Level,Ladies,59415,
2022-23,D Pharmacy,CAP Round III,06916,PHARATE PATIL COLLEGE OF PHARMACY DIPLOMA,DIPLOMA,Unaided,GOBCS,State Level,Any,74295,
2022-23,D Pharmacy,CAP Round III,06916,PHARATE PATIL COLLEGE OF PHARMACY DIPLOMA,DIPLOMA,Unaided,LOBCS,State Level,Ladies,62950,
2022-23,D Pharmacy,CAP Round III,06916,PHARATE PATIL COLLEGE OF PHARMACY DIPLOMA,DIPLOMA,Unaided,EWS,Special,Any,55809,
2022-23,D Pharmacy,CAP Round III,06916,PHARATE PATIL COLLEGE OF PHARMACY DIPLOMA,DIPLOMA,Unaided,TFWS,Special,Any,31190,
2022-23,D Pharmacy,CAP Round III,06916,PHARATE PATIL COLLEGE OF PHARMACY DIPLOMA,DIPLOMA,Unaided,GSTS,State Level,Any,61171,
2022-23,D Pharmacy,CAP Round III,06916,PHARATE PATIL COLLEGE OF PHARMACY DIPLOMA,DIPLOMA,Unaided,LSTS,State Level,Ladies,59762,
2022-23,D Pharmacy,CAP Round III,06918,"Jijamata College of Pharmacy, Sarati",Nashik,Unaided,GOPENS,State Level,Any,37527,
2022-23,D Pharmacy,CAP Round III,06918,"Jijamata College of Pharmacy, Sarati",Nashik,Unaided,LOPENS,State Level,Ladies,2088,
2022-23,D Pharmacy,CAP Round III,06918,"Jijamata College of Pharmacy, Sarati",Nashik,Unaided,LOBCS,State Level,Ladies,63752,
2022-23,D Pharmacy,CAP Round III,06918,"Jijamata College of Pharmacy, Sarati",Nashik,Unaided,EWS,Special,Any,37205,
2022-23,D Pharmacy,CAP Round III,06918,"Jijamata College of Pharmacy, Sarati",Nashik,Unaided,GSTS,State Level,Any,39752,
2022-23,D Pharmacy,CAP Round III,06918,"Jijamata College of Pharmacy, Sarati",Nashik,Unaided,LSTS,State Level,Ladies,37194,
2022-23,D Pharmacy,CAP Round III,06921,"Elixir Institute of Pharmacy, Pune",Pune,Unaided,GOPENS,State Level,Any,55066,
2022-23,D Pharmacy,CAP Round III,06921,"Elixir Institute of Pharmacy, Pune",Pune,Unaided,LOPENS,State Level,Ladies,51107,
2022-23,D Pharmacy,CAP Round III,06921,"Elixir Institute of Pharmacy, Pune",Pune,Unaided,MI,Special,Any,75613,
2022-23,D Pharmacy,CAP Round III,06921,"Elixir Institute of Pharmacy, Pune",Pune,Unaided,TFWS,Special,Any,48891,
2022-23,D Pharmacy,CAP Round III,06922,"Siddhant School of Pharmacy ( Women ), Pune",Pune,Unaided,LOPENS,State Level,Ladies,38633,
2022-23,D Pharmacy,CAP Round III,06923,"Padmini College of Pharmacy, Atpadi, Sangli",Sangli,Unaided,GOPENS,State Level,Any,39341,
2022-23,D Pharmacy,CAP Round III,06923,"Padmini College of Pharmacy, Atpadi, Sangli",Sangli,Unaided,GSCS,State Level,Any,44461,
2022-23,D Pharmacy,CAP Round III,06923,"Padmini College of Pharmacy, Atpadi, Sangli",Sangli,Unaided,GOBCS,State Level,Any,40188,
2022-23,D Pharmacy,CAP Round III,06923,"Padmini College of Pharmacy, Atpadi, Sangli",Sangli,Unaided,GSTS,State Level,Any,39811,
2022-23,D Pharmacy,CAP Round III,06923,"Padmini College of Pharmacy, Atpadi, Sangli",Sangli,Unaided,LSTS,State Level,Ladies,39973,
2022-23,D Pharmacy,CAP Round III,06927,S.S.P Shikshan Sansthas Siddhi College Of Pharmacy,Pharmacy,Unaided,GOPENS,State Level,Any,41056,
2022-23,D Pharmacy,CAP Round III,06927,S.S.P Shikshan Sansthas Siddhi College Of Pharmacy,Pharmacy,Unaided,LOPENS,State Level,Ladies,34092,
2022-23,D Pharmacy,CAP Round III,06927,S.S.P Shikshan Sansthas Siddhi College Of Pharmacy,Pharmacy,Unaided,MI,Special,Any,62974,
2022-23,D Pharmacy,CAP Round III,06927,S.S.P Shikshan Sansthas Siddhi College Of Pharmacy,Pharmacy,Unaided,TFWS,Special,Any,50339,
2022-23,D Pharmacy,CAP Round III,06930,"Delonix Society's Baramati College Of Pharmacy, Barhanpur",Amravati,Unaided,GOPENS,State Level,Any,39183,
2022-23,D Pharmacy,CAP Round III,06930,"Delonix Society's Baramati College Of Pharmacy, Barhanpur",Amravati,Unaided,LOPENS,State Level,Ladies,30883,
2022-23,D Pharmacy,CAP Round III,06930,"Delonix Society's Baramati College Of Pharmacy, Barhanpur",Amravati,Unaided,LNT2S,State Level,Ladies,36417,
2022-23,D Pharmacy,CAP Round III,06930,"Delonix Society's Baramati College Of Pharmacy, Barhanpur",Amravati,Unaided,GOBCS,State Level,Any,43491,
2022-23,D Pharmacy,CAP Round III,06930,"Delonix Society's Baramati College Of Pharmacy, Barhanpur",Amravati,Unaided,EWS,Special,Any,48474,
2022-23,D Pharmacy,CAP Round III,06930,"Delonix Society's Baramati College Of Pharmacy, Barhanpur",Amravati,Unaided,TFWS,Special,Any,28456,
2022-23,D Pharmacy,CAP Round III,06930,"Delonix Society's Baramati College Of Pharmacy, Barhanpur",Amravati,Unaided,GSTS,State Level,Any,39727,
2022-23,D Pharmacy,CAP Round III,06931,"Samarth College Of Pharmacy, A/P Belhe, Bangarwadi",Pune,Unaided,GOPENS,State Level,Any,59990,
2022-23,D Pharmacy,CAP Round III,06931,"Samarth College Of Pharmacy, A/P Belhe, Bangarwadi",Pune,Unaided,LOPENS,State Level,Ladies,53444,
2022-23,D Pharmacy,CAP Round III,06931,"Samarth College Of Pharmacy, A/P Belhe, Bangarwadi",Pune,Unaided,GSCS,State Level,Any,68310,
2022-23,D Pharmacy,CAP Round III,06931,"Samarth College Of Pharmacy, A/P Belhe, Bangarwadi",Pune,Unaided,GVJS,State Level,Any,70199,
2022-23,D Pharmacy,CAP Round III,06931,"Samarth College Of Pharmacy, A/P Belhe, Bangarwadi",Pune,Unaided,GNT1S,State Level,Any,69368,
2022-23,D Pharmacy,CAP Round III,06931,"Samarth College Of Pharmacy, A/P Belhe, Bangarwadi",Pune,Unaided,GNT3S,State Level,Any,72629,
2022-23,D Pharmacy,CAP Round III,06931,"Samarth College Of Pharmacy, A/P Belhe, Bangarwadi",Pune,Unaided,GOBCS,State Level,Any,70742,
2022-23,D Pharmacy,CAP Round III,06931,"Samarth College Of Pharmacy, A/P Belhe, Bangarwadi",Pune,Unaided,LOBCS,State Level,Ladies,70918,
2022-23,D Pharmacy,CAP Round III,06931,"Samarth College Of Pharmacy, A/P Belhe, Bangarwadi",Pune,Unaided,EWS,Special,Any,64711,
2022-23,D Pharmacy,CAP Round III,06931,"Samarth College Of Pharmacy, A/P Belhe, Bangarwadi",Pune,Unaided,TFWS,Special,Any,56719,
2022-23,D Pharmacy,CAP Round III,06931,"Samarth College Of Pharmacy, A/P Belhe, Bangarwadi",Pune,Unaided,GSTS,State Level,Any,60680,
2022-23,D Pharmacy,CAP Round III,06932,Dr Bapuji Salunkhe Institute Of Pharmacy Miraj,Sangli,Unaided,GOPENS,State Level,Any,51834,
2022-23,D Pharmacy,CAP Round III,06932,Dr Bapuji Salunkhe Institute Of Pharmacy Miraj,Sangli,Unaided,LOPENS,State Level,Ladies,52286,
2022-23,D Pharmacy,CAP Round III,06932,Dr Bapuji Salunkhe Institute Of Pharmacy Miraj,Sangli,Unaided,GSCS,State Level,Any,57044,
2022-23,D Pharmacy,CAP Round III,06932,Dr Bapuji Salunkhe Institute Of Pharmacy Miraj,Sangli,Unaided,GVJS,State Level,Any,74310,
2022-23,D Pharmacy,CAP Round III,06932,Dr Bapuji Salunkhe Institute Of Pharmacy Miraj,Sangli,Unaided,GOBCS,State Level,Any,63171,
2022-23,D Pharmacy,CAP Round III,06932,Dr Bapuji Salunkhe Institute Of Pharmacy Miraj,Sangli,Unaided,LOBCS,State Level,Ladies,61186,
2022-23,D Pharmacy,CAP Round III,06932,Dr Bapuji Salunkhe Institute Of Pharmacy Miraj,Sangli,Unaided,EWS,Special,Any,49535,
2022-23,D Pharmacy,CAP Round III,06932,Dr Bapuji Salunkhe Institute Of Pharmacy Miraj,Sangli,Unaided,TFWS,Special,Any,28662,
2022-23,D Pharmacy,CAP Round III,06932,Dr Bapuji Salunkhe Institute Of Pharmacy Miraj,Sangli,Unaided,GSTS,State Level,Any,52761,
2022-23,D Pharmacy,CAP Round III,06933,"Sarsam College Of Pharmacy, Palshiwadi",Pune,Unaided,GOPENS,State Level,Any,55940,
2022-23,D Pharmacy,CAP Round III,06933,"Sarsam College Of Pharmacy, Palshiwadi",Pune,Unaided,LOPENS,State Level,Ladies,44737,
2022-23,D Pharmacy,CAP Round III,06933,"Sarsam College Of Pharmacy, Palshiwadi",Pune,Unaided,GSCS,State Level,Any,62165,
2022-23,D Pharmacy,CAP Round III,06933,"Sarsam College Of Pharmacy, Palshiwadi",Pune,Unaided,LSCS,State Level,Ladies,45607,
2022-23,D Pharmacy,CAP Round III,06933,"Sarsam College Of Pharmacy, Palshiwadi",Pune,Unaided,GVJS,State Level,Any,60673,
2022-23,D Pharmacy,CAP Round III,06933,"Sarsam College Of Pharmacy, Palshiwadi",Pune,Unaided,GNT2S,State Level,Any,56448,
2022-23,D Pharmacy,CAP Round III,06933,"Sarsam College Of Pharmacy, Palshiwadi",Pune,Unaided,GOBCS,State Level,Any,69842,
2022-23,D Pharmacy,CAP Round III,06933,"Sarsam College Of Pharmacy, Palshiwadi",Pune,Unaided,EWS,Special,Any,61078,
2022-23,D Pharmacy,CAP Round III,06933,"Sarsam College Of Pharmacy, Palshiwadi",Pune,Unaided,GSTS,State Level,Any,58778,
2022-23,D Pharmacy,CAP Round III,06933,"Sarsam College Of Pharmacy, Palshiwadi",Pune,Unaided,LSTS,State Level,Ladies,56674,
2022-23,D Pharmacy,CAP Round III,06934,Pune District Education Associations College Of Pharmacy Hadapsar Pune,Pune,Unaided,GOPENS,State Level,Any,33724,
2022-23,D Pharmacy,CAP Round III,06934,Pune District Education Associations College Of Pharmacy Hadapsar Pune,Pune,Unaided,LOPENS,State Level,Ladies,31683,
2022-23,D Pharmacy,CAP Round III,06934,Pune District Education Associations College Of Pharmacy Hadapsar Pune,Pune,Unaided,GSCS,State Level,Any,43887,
2022-23,D Pharmacy,CAP Round III,06934,Pune District Education Associations College Of Pharmacy Hadapsar Pune,Pune,Unaided,GSTS,State Level,Any,44354,
2022-23,D Pharmacy,CAP Round III,06934,Pune District Education Associations College Of Pharmacy Hadapsar Pune,Pune,Unaided,LSTS,State Level,Ladies,42980,
2022-23,D Pharmacy,CAP Round III,06934,Pune District Education Associations College Of Pharmacy Hadapsar Pune,Pune,Unaided,GVJS,State Level,Any,35796,
2022-23,D Pharmacy,CAP Round III,06934,Pune District Education Associations College Of Pharmacy Hadapsar Pune,Pune,Unaided,GNT2S,State Level,Any,42427,
2022-23,D Pharmacy,CAP Round III,06934,Pune District Education Associations College Of Pharmacy Hadapsar Pune,Pune,Unaided,GOBCS,State Level,Any,46858,
2022-23,D Pharmacy,CAP Round III,06935,"Lokmangal College Of Pharmacy, Wadala",Mumbai,Unaided,GOPENS,State Level,Any,28263,
2022-23,D Pharmacy,CAP Round III,06935,"Lokmangal College Of Pharmacy, Wadala",Mumbai,Unaided,LOPENS,State Level,Ladies,21082,
2022-23,D Pharmacy,CAP Round III,06935,"Lokmangal College Of Pharmacy, Wadala",Mumbai,Unaided,LNT2S,State Level,Ladies,28737,
2022-23,D Pharmacy,CAP Round III,06935,"Lokmangal College Of Pharmacy, Wadala",Mumbai,Unaided,GOBCS,State Level,Any,41705,
2022-23,D Pharmacy,CAP Round III,06935,"Lokmangal College Of Pharmacy, Wadala",Mumbai,Unaided,LOBCS,State Level,Ladies,28566,
2022-23,D Pharmacy,CAP Round III,06935,"Lokmangal College Of Pharmacy, Wadala",Mumbai,Unaided,EWS,Special,Any,25169,
2022-23,D Pharmacy,CAP Round III,06935,"Lokmangal College Of Pharmacy, Wadala",Mumbai,Unaided,GSTS,State Level,Any,29145,
2022-23,D Pharmacy,CAP Round III,06936,Krishna Foundations Jaywant Institute Of Pharmacy Wathar Tal Karad.,Satara,Unaided,GOPENS,State Level,Any,49332,
2022-23,D Pharmacy,CAP Round III,06936,Krishna Foundations Jaywant Institute Of Pharmacy Wathar Tal Karad.,Satara,Unaided,LOPENS,State Level,Ladies,54742,
2022-23,D Pharmacy,CAP Round III,06936,Krishna Foundations Jaywant Institute Of Pharmacy Wathar Tal Karad.,Satara,Unaided,GOBCS,State Level,Any,76704,
2022-23,D Pharmacy,CAP Round III,06936,Krishna Foundations Jaywant Institute Of Pharmacy Wathar Tal Karad.,Satara,Unaided,LOBCS,State Level,Ladies,70882,
2022-23,D Pharmacy,CAP Round III,06936,Krishna Foundations Jaywant Institute Of Pharmacy Wathar Tal Karad.,Satara,Unaided,EWS,Special,Any,56756,
2022-23,D Pharmacy,CAP Round III,06936,Krishna Foundations Jaywant Institute Of Pharmacy Wathar Tal Karad.,Satara,Unaided,LVJS,State Level,Ladies,79240,
2022-23,D Pharmacy,CAP Round III,06937,"Fabtech College Of Pharmacy, Sangola",Solapur,Unaided,GOBCS,State Level,Any,30268,
2022-23,D Pharmacy,CAP Round III,06937,"Fabtech College Of Pharmacy, Sangola",Solapur,Unaided,EWS,Special,Any,28872,
2022-23,D Pharmacy,CAP Round III,06939,"Delight Institute of Pharmacy, Koregaon Bhima",Pune,Unaided,GOPENS,State Level,Any,51626,
2022-23,D Pharmacy,CAP Round III,06939,"Delight Institute of Pharmacy, Koregaon Bhima",Pune,Unaided,MI,Special,Any,83363,
2022-23,D Pharmacy,CAP Round III,06939,"Delight Institute of Pharmacy, Koregaon Bhima",Pune,Unaided,TFWS,Special,Any,27713,
2022-23,D Pharmacy,CAP Round III,06942,"Shardabai Pawar Institute Of Pharmaceutical Sciences And Research, Shardanagar, Baramati",Pune,Unaided,GOPENS,State Level,Any,19668,
2022-23,D Pharmacy,CAP Round III,06942,"Shardabai Pawar Institute Of Pharmaceutical Sciences And Research, Shardanagar, Baramati",Pune,Unaided,LOPENS,State Level,Ladies,11529,
2022-23,D Pharmacy,CAP Round III,06942,"Shardabai Pawar Institute Of Pharmaceutical Sciences And Research, Shardanagar, Baramati",Pune,Unaided,GNT2S,State Level,Any,24088,
2022-23,D Pharmacy,CAP Round III,06942,"Shardabai Pawar Institute Of Pharmaceutical Sciences And Research, Shardanagar, Baramati",Pune,Unaided,GSTS,State Level,Any,21955,
2022-23,D Pharmacy,CAP Round III,06943,"Vidya Niketan College Of Pharmacy, Lakhewadi",Pune,Unaided,GOPENS,State Level,Any,34709,
2022-23,D Pharmacy,CAP Round III,06943,"Vidya Niketan College Of Pharmacy, Lakhewadi",Pune,Unaided,GSTS,State Level,Any,37446,
2022-23,D Pharmacy,CAP Round III,06951,Mandesh Institute Of Pharmaceutical Science And Research Centre Mhaswad,Satara,Unaided,GOPENS,State Level,Any,41292,
2022-23,D Pharmacy,CAP Round III,06951,Mandesh Institute Of Pharmaceutical Science And Research Centre Mhaswad,Satara,Unaided,LOPENS,State Level,Ladies,41820,
2022-23,D Pharmacy,CAP Round III,06951,Mandesh Institute Of Pharmaceutical Science And Research Centre Mhaswad,Satara,Unaided,GNT2S,State Level,Any,44866,
2022-23,D Pharmacy,CAP Round III,06951,Mandesh Institute Of Pharmaceutical Science And Research Centre Mhaswad,Satara,Unaided,LOBCS,State Level,Ladies,43014,
2022-23,D Pharmacy,CAP Round III,06951,Mandesh Institute Of Pharmaceutical Science And Research Centre Mhaswad,Satara,Unaided,PWDOPENS,State Level,Any,56845,
2022-23,D Pharmacy,CAP Round III,06951,Mandesh Institute Of Pharmaceutical Science And Research Centre Mhaswad,Satara,Unaided,EWS,Special,Any,67077,
2022-23,D Pharmacy,CAP Round III,06951,Mandesh Institute Of Pharmaceutical Science And Research Centre Mhaswad,Satara,Unaided,GSTS,State Level,Any,45486,
2022-23,D Pharmacy,CAP Round III,06952,Mahadev Kanchan College Of Pharmaceutical Education And Research,Research,Unaided,GOPENS,State Level,Any,45673,
2022-23,D Pharmacy,CAP Round III,06952,Mahadev Kanchan College Of Pharmaceutical Education And Research,Research,Unaided,LSCS,State Level,Ladies,60079,
2022-23,D Pharmacy,CAP Round III,06952,Mahadev Kanchan College Of Pharmaceutical Education And Research,Research,Unaided,GSTS,State Level,Any,57619,
2022-23,D Pharmacy,CAP Round III,06952,Mahadev Kanchan College Of Pharmaceutical Education And Research,Research,Unaided,GVJS,State Level,Any,55953,
2022-23,D Pharmacy,CAP Round III,06952,Mahadev Kanchan College Of Pharmaceutical Education And Research,Research,Unaided,GOBCS,State Level,Any,61381,
2022-23,D Pharmacy,CAP Round III,06952,Mahadev Kanchan College Of Pharmaceutical Education And Research,Research,Unaided,LOBCS,State Level,Ladies,70382,
2022-23,D Pharmacy,CAP Round III,06952,Mahadev Kanchan College Of Pharmaceutical Education And Research,Research,Unaided,EWS,Special,Any,56715,
2022-23,D Pharmacy,CAP Round III,06953,Varvand Gram Shikshan Sansthas Eknath Sitaram Divekar College Of Pharmacy Varvand,Pune,Unaided,GOPENS,State Level,Any,49633,
2022-23,D Pharmacy,CAP Round III,06953,Varvand Gram Shikshan Sansthas Eknath Sitaram Divekar College Of Pharmacy Varvand,Pune,Unaided,LOBCS,State Level,Ladies,70049,
2022-23,D Pharmacy,CAP Round III,06953,Varvand Gram Shikshan Sansthas Eknath Sitaram Divekar College Of Pharmacy Varvand,Pune,Unaided,EWS,Special,Any,54684,
2022-23,D Pharmacy,CAP Round III,06953,Varvand Gram Shikshan Sansthas Eknath Sitaram Divekar College Of Pharmacy Varvand,Pune,Unaided,GSTS,State Level,Any,51121,
2022-23,D Pharmacy,CAP Round III,06954,"Shri Ganpati Institute of Pharmaceutical Sciences and Research, Tembhurni",Solapur,Unaided,LOPENS,State Level,Ladies,24545,
2022-23,D Pharmacy,CAP Round III,06954,"Shri Ganpati Institute of Pharmaceutical Sciences and Research, Tembhurni",Solapur,Unaided,GSCS,State Level,Any,34083,
2022-23,D Pharmacy,CAP Round III,06954,"Shri Ganpati Institute of Pharmaceutical Sciences and Research, Tembhurni",Solapur,Unaided,GSTS,State Level,Any,63123,
2022-23,D Pharmacy,CAP Round III,06954,"Shri Ganpati Institute of Pharmaceutical Sciences and Research, Tembhurni",Solapur,Unaided,GNT1S,State Level,Any,57733,
2022-23,D Pharmacy,CAP Round III,06954,"Shri Ganpati Institute of Pharmaceutical Sciences and Research, Tembhurni",Solapur,Unaided,GOBCS,State Level,Any,48015,
2022-23,D Pharmacy,CAP Round III,06954,"Shri Ganpati Institute of Pharmaceutical Sciences and Research, Tembhurni",Solapur,Unaided,LOBCS,State Level,Ladies,34242,
2022-23,D Pharmacy,CAP Round III,06954,"Shri Ganpati Institute of Pharmaceutical Sciences and Research, Tembhurni",Solapur,Unaided,EWS,Special,Any,21188,
2022-23,D Pharmacy,CAP Round III,06954,"Shri Ganpati Institute of Pharmaceutical Sciences and Research, Tembhurni",Solapur,Unaided,LSTS,State Level,Ladies,27666,
2022-23,D Pharmacy,CAP Round III,06956,Trinity College Of Pharmacy Pune,Pune,Unaided,GOPENS,State Level,Any,31669,
2022-23,D Pharmacy,CAP Round III,06956,Trinity College Of Pharmacy Pune,Pune,Unaided,LOPENS,State Level,Ladies,32114,
2022-23,D Pharmacy,CAP Round III,06956,Trinity College Of Pharmacy Pune,Pune,Unaided,GSCS,State Level,Any,43785,
2022-23,D Pharmacy,CAP Round III,06956,Trinity College Of Pharmacy Pune,Pune,Unaided,LSCS,State Level,Ladies,40392,
2022-23,D Pharmacy,CAP Round III,06956,Trinity College Of Pharmacy Pune,Pune,Unaided,GSTS,State Level,Any,59635,
2022-23,D Pharmacy,CAP Round III,06956,Trinity College Of Pharmacy Pune,Pune,Unaided,GVJS,State Level,Any,52734,
2022-23,D Pharmacy,CAP Round III,06956,Trinity College Of Pharmacy Pune,Pune,Unaided,GOBCS,State Level,Any,55732,
2022-23,D Pharmacy,CAP Round III,06956,Trinity College Of Pharmacy Pune,Pune,Unaided,LOBCS,State Level,Ladies,48297,
2022-23,D Pharmacy,CAP Round III,06956,Trinity College Of Pharmacy Pune,Pune,Unaided,EWS,Special,Any,29301,
2022-23,D Pharmacy,CAP Round III,06957,"Ashokrao Mane Institute Of Pharmacy Ambap, Hatkanangle",Kolhapur,Unaided,GOPENS,State Level,Any,61611,
2022-23,D Pharmacy,CAP Round III,06957,"Ashokrao Mane Institute Of Pharmacy Ambap, Hatkanangle",Kolhapur,Unaided,LOPENS,State Level,Ladies,59727,
2022-23,D Pharmacy,CAP Round III,06957,"Ashokrao Mane Institute Of Pharmacy Ambap, Hatkanangle",Kolhapur,Unaided,GSCS,State Level,Any,66673,
2022-23,D Pharmacy,CAP Round III,06957,"Ashokrao Mane Institute Of Pharmacy Ambap, Hatkanangle",Kolhapur,Unaided,LSCS,State Level,Ladies,66514,
2022-23,D Pharmacy,CAP Round III,06957,"Ashokrao Mane Institute Of Pharmacy Ambap, Hatkanangle",Kolhapur,Unaided,GOBCS,State Level,Any,69706,
2022-23,D Pharmacy,CAP Round III,06957,"Ashokrao Mane Institute Of Pharmacy Ambap, Hatkanangle",Kolhapur,Unaided,LOBCS,State Level,Ladies,71223,
2022-23,D Pharmacy,CAP Round III,06957,"Ashokrao Mane Institute Of Pharmacy Ambap, Hatkanangle",Kolhapur,Unaided,EWS,Special,Any,60963,
2022-23,D Pharmacy,CAP Round III,06957,"Ashokrao Mane Institute Of Pharmacy Ambap, Hatkanangle",Kolhapur,Unaided,LSTS,State Level,Ladies,61599,
2022-23,D Pharmacy,CAP Round III,06957,"Ashokrao Mane Institute Of Pharmacy Ambap, Hatkanangle",Kolhapur,Unaided,GNT3S,State Level,Any,61957,
2022-23,D Pharmacy,CAP Round III,06958,"Genesis Institute Of Pharmacy, Radhanagari",Kolhapur,Unaided,GOPENS,State Level,Any,33509,
2022-23,D Pharmacy,CAP Round III,06958,"Genesis Institute Of Pharmacy, Radhanagari",Kolhapur,Unaided,EWS,Special,Any,38157,
2022-23,D Pharmacy,CAP Round III,06958,"Genesis Institute Of Pharmacy, Radhanagari",Kolhapur,Unaided,GSTS,State Level,Any,49042,
2022-23,D Pharmacy,CAP Round III,06962,"Late Laxmibai Phadtare College of Pharmacy, Kalamb",Hingoli,Unaided,GOPENS,State Level,Any,48436,
2022-23,D Pharmacy,CAP Round III,06962,"Late Laxmibai Phadtare College of Pharmacy, Kalamb",Hingoli,Unaided,LOPENS,State Level,Ladies,44618,
2022-23,D Pharmacy,CAP Round III,06962,"Late Laxmibai Phadtare College of Pharmacy, Kalamb",Hingoli,Unaided,GSCS,State Level,Any,49810,
2022-23,D Pharmacy,CAP Round III,06962,"Late Laxmibai Phadtare College of Pharmacy, Kalamb",Hingoli,Unaided,LSCS,State Level,Ladies,54687,
2022-23,D Pharmacy,CAP Round III,06962,"Late Laxmibai Phadtare College of Pharmacy, Kalamb",Hingoli,Unaided,GNT2S,State Level,Any,49654,
2022-23,D Pharmacy,CAP Round III,06962,"Late Laxmibai Phadtare College of Pharmacy, Kalamb",Hingoli,Unaided,LNT3S,State Level,Ladies,76117,
2022-23,D Pharmacy,CAP Round III,06962,"Late Laxmibai Phadtare College of Pharmacy, Kalamb",Hingoli,Unaided,GOBCS,State Level,Any,64418,
2022-23,D Pharmacy,CAP Round III,06962,"Late Laxmibai Phadtare College of Pharmacy, Kalamb",Hingoli,Unaided,LOBCS,State Level,Ladies,60592,
2022-23,D Pharmacy,CAP Round III,06962,"Late Laxmibai Phadtare College of Pharmacy, Kalamb",Hingoli,Unaided,EWS,Special,Any,55729,
2022-23,D Pharmacy,CAP Round III,06962,"Late Laxmibai Phadtare College of Pharmacy, Kalamb",Hingoli,Unaided,GSTS,State Level,Any,50188,
2022-23,D Pharmacy,CAP Round III,06963,"Riyajbhai Shamanji College of Pharmacy, Gadhinglaj",Kolhapur,Unaided,GOPENS,State Level,Any,70567,
2022-23,D Pharmacy,CAP Round III,06963,"Riyajbhai Shamanji College of Pharmacy, Gadhinglaj",Kolhapur,Unaided,LOPENS,State Level,Ladies,69331,
2022-23,D Pharmacy,CAP Round III,06963,"Riyajbhai Shamanji College of Pharmacy, Gadhinglaj",Kolhapur,Unaided,GSCS,State Level,Any,74373,
2022-23,D Pharmacy,CAP Round III,06963,"Riyajbhai Shamanji College of Pharmacy, Gadhinglaj",Kolhapur,Unaided,GNT2S,State Level,Any,70995,
2022-23,D Pharmacy,CAP Round III,06963,"Riyajbhai Shamanji College of Pharmacy, Gadhinglaj",Kolhapur,Unaided,EWS,Special,Any,71882,
2022-23,D Pharmacy,CAP Round III,06963,"Riyajbhai Shamanji College of Pharmacy, Gadhinglaj",Kolhapur,Unaided,TFWS,Special,Any,61534,
2022-23,D Pharmacy,CAP Round III,06963,"Riyajbhai Shamanji College of Pharmacy, Gadhinglaj",Kolhapur,Unaided,LSTS,State Level,Ladies,71211,
2022-23,D Pharmacy,CAP Round III,06963,"Riyajbhai Shamanji College of Pharmacy, Gadhinglaj",Kolhapur,Unaided,LVJS,State Level,Ladies,71284,
2022-23,D Pharmacy,CAP Round III,06963,"Riyajbhai Shamanji College of Pharmacy, Gadhinglaj",Kolhapur,Unaided,GNT3S,State Level,Any,71345,
2022-23,D Pharmacy,CAP Round III,06963,"Riyajbhai Shamanji College of Pharmacy, Gadhinglaj",Kolhapur,Unaided,GOBCS,State Level,Any,71350,
2022-23,D Pharmacy,CAP Round III,06963,"Riyajbhai Shamanji College of Pharmacy, Gadhinglaj",Kolhapur,Unaided,LOBCS,State Level,Ladies,71009,
2022-23,D Pharmacy,CAP Round III,06964,"Dr. Ashok Gujar College of Pharmacy, Solapur",Solapur,Unaided,GOPENS,State Level,Any,25214,
2022-23,D Pharmacy,CAP Round III,06964,"Dr. Ashok Gujar College of Pharmacy, Solapur",Solapur,Unaided,LOPENS,State Level,Ladies,17708,
2022-23,D Pharmacy,CAP Round III,06964,"Dr. Ashok Gujar College of Pharmacy, Solapur",Solapur,Unaided,GSCS,State Level,Any,40847,
2022-23,D Pharmacy,CAP Round III,06964,"Dr. Ashok Gujar College of Pharmacy, Solapur",Solapur,Unaided,LSCS,State Level,Ladies,33904,
2022-23,D Pharmacy,CAP Round III,06964,"Dr. Ashok Gujar College of Pharmacy, Solapur",Solapur,Unaided,GOBCS,State Level,Any,30997,
2022-23,D Pharmacy,CAP Round III,06964,"Dr. Ashok Gujar College of Pharmacy, Solapur",Solapur,Unaided,LOBCS,State Level,Ladies,25938,
2022-23,D Pharmacy,CAP Round III,06964,"Dr. Ashok Gujar College of Pharmacy, Solapur",Solapur,Unaided,DEFOPENS,State Level,Any,67900,
2022-23,D Pharmacy,CAP Round III,06964,"Dr. Ashok Gujar College of Pharmacy, Solapur",Solapur,Unaided,LSTS,State Level,Ladies,26160,
2022-23,D Pharmacy,CAP Round III,06965,"Shivraj College of Pharmacy, Gadhinglaj",Kolhapur,Unaided,GOPENS,State Level,Any,46480,
2022-23,D Pharmacy,CAP Round III,06965,"Shivraj College of Pharmacy, Gadhinglaj",Kolhapur,Unaided,GSCS,State Level,Any,65184,
2022-23,D Pharmacy,CAP Round III,06965,"Shivraj College of Pharmacy, Gadhinglaj",Kolhapur,Unaided,GNT2S,State Level,Any,68361,
2022-23,D Pharmacy,CAP Round III,06965,"Shivraj College of Pharmacy, Gadhinglaj",Kolhapur,Unaided,GOBCS,State Level,Any,74890,
2022-23,D Pharmacy,CAP Round III,06965,"Shivraj College of Pharmacy, Gadhinglaj",Kolhapur,Unaided,TFWS,Special,Any,60756,
2022-23,D Pharmacy,CAP Round III,06965,"Shivraj College of Pharmacy, Gadhinglaj",Kolhapur,Unaided,GSTS,State Level,Any,59561,
2022-23,D Pharmacy,CAP Round III,06965,"Shivraj College of Pharmacy, Gadhinglaj",Kolhapur,Unaided,LSTS,State Level,Ladies,57653,
2022-23,D Pharmacy,CAP Round III,06965,"Shivraj College of Pharmacy, Gadhinglaj",Kolhapur,Unaided,GVJS,State Level,Any,59930,
2022-23,D Pharmacy,CAP Round III,06977,Dattakala Institute of Pharmacy,Pharmacy,Unaided,GOPENS,State Level,Any,49568,
2022-23,D Pharmacy,CAP Round III,06977,Dattakala Institute of Pharmacy,Pharmacy,Unaided,LOPENS,State Level,Ladies,43541,
2022-23,D Pharmacy,CAP Round III,06977,Dattakala Institute of Pharmacy,Pharmacy,Unaided,GSCS,State Level,Any,61330,
2022-23,D Pharmacy,CAP Round III,06977,Dattakala Institute of Pharmacy,Pharmacy,Unaided,LSCS,State Level,Ladies,49399,
2022-23,D Pharmacy,CAP Round III,06977,Dattakala Institute of Pharmacy,Pharmacy,Unaided,GNT1S,State Level,Any,54490,
2022-23,D Pharmacy,CAP Round III,06977,Dattakala Institute of Pharmacy,Pharmacy,Unaided,GOBCS,State Level,Any,62601,
2022-23,D Pharmacy,CAP Round III,06977,Dattakala Institute of Pharmacy,Pharmacy,Unaided,LOBCS,State Level,Ladies,77085,
2022-23,D Pharmacy,CAP Round III,06977,Dattakala Institute of Pharmacy,Pharmacy,Unaided,EWS,Special,Any,42797,
2022-23,D Pharmacy,CAP Round III,06977,Dattakala Institute of Pharmacy,Pharmacy,Unaided,TFWS,Special,Any,38586,
2022-23,D Pharmacy,CAP Round III,06977,Dattakala Institute of Pharmacy,Pharmacy,Unaided,GSTS,State Level,Any,50031,
2022-23,D Pharmacy,CAP Round III,06978,Arya College of Pharmacy,Pharmacy,Unaided,GOPENS,State Level,Any,41803,
2022-23,D Pharmacy,CAP Round III,06978,Arya College of Pharmacy,Pharmacy,Unaided,LOPENS,State Level,Ladies,40024,
2022-23,D Pharmacy,CAP Round III,06978,Arya College of Pharmacy,Pharmacy,Unaided,GSCS,State Level,Any,45259,
2022-23,D Pharmacy,CAP Round III,06978,Arya College of Pharmacy,Pharmacy,Unaided,LSCS,State Level,Ladies,44871,
2022-23,D Pharmacy,CAP Round III,06978,Arya College of Pharmacy,Pharmacy,Unaided,GNT2S,State Level,Any,50427,
2022-23,D Pharmacy,CAP Round III,06978,Arya College of Pharmacy,Pharmacy,Unaided,GOBCS,State Level,Any,70642,
2022-23,D Pharmacy,CAP Round III,06978,Arya College of Pharmacy,Pharmacy,Unaided,LOBCS,State Level,Ladies,67451,
2022-23,D Pharmacy,CAP Round III,06978,Arya College of Pharmacy,Pharmacy,Unaided,EWS,Special,Any,32477,
2022-23,D Pharmacy,CAP Round III,06978,Arya College of Pharmacy,Pharmacy,Unaided,GSTS,State Level,Any,43184,
2022-23,D Pharmacy,CAP Round III,06978,Arya College of Pharmacy,Pharmacy,Unaided,LSTS,State Level,Ladies,41875,
2022-23,D Pharmacy,CAP Round III,06979,Institute Of Diploma Pharmacy,Pharmacy,Unaided,GOPENS,State Level,Any,66352,
2022-23,D Pharmacy,CAP Round III,06979,Institute Of Diploma Pharmacy,Pharmacy,Unaided,LOPENS,State Level,Ladies,61992,
2022-23,D Pharmacy,CAP Round III,06979,Institute Of Diploma Pharmacy,Pharmacy,Unaided,GSCS,State Level,Any,74985,
2022-23,D Pharmacy,CAP Round III,06979,Institute Of Diploma Pharmacy,Pharmacy,Unaided,LSCS,State Level,Ladies,70975,
2022-23,D Pharmacy,CAP Round III,06979,Institute Of Diploma Pharmacy,Pharmacy,Unaided,GNT1S,State Level,Any,76741,
2022-23,D Pharmacy,CAP Round III,06979,Institute Of Diploma Pharmacy,Pharmacy,Unaided,GNT2S,State Level,Any,68594,
2022-23,D Pharmacy,CAP Round III,06979,Institute Of Diploma Pharmacy,Pharmacy,Unaided,GOBCS,State Level,Any,83215,
2022-23,D Pharmacy,CAP Round III,06979,Institute Of Diploma Pharmacy,Pharmacy,Unaided,LOBCS,State Level,Ladies,65667,
2022-23,D Pharmacy,CAP Round III,06979,Institute Of Diploma Pharmacy,Pharmacy,Unaided,EWS,Special,Any,68104,
2022-23,D Pharmacy,CAP Round III,06979,Institute Of Diploma Pharmacy,Pharmacy,Unaided,TFWS,Special,Any,60721,
2022-23,D Pharmacy,CAP Round III,06979,Institute Of Diploma Pharmacy,Pharmacy,Unaided,LNT3S,State Level,Ladies,71640,
2022-23,D Pharmacy,CAP Round III,06979,Institute Of Diploma Pharmacy,Pharmacy,Unaided,GSTS,State Level,Any,68520,
2022-23,D Pharmacy,CAP Round III,06979,Institute Of Diploma Pharmacy,Pharmacy,Unaided,GVJS,State Level,Any,68574,
2022-23,D Pharmacy,CAP Round III,06979,Institute Of Diploma Pharmacy,Pharmacy,Unaided,GOBCS,State Level,Any,69044,
2022-23,D Pharmacy,CAP Round III,06980,Jaihind College of Pharmacy,Pharmacy,Unaided,GOPENS,State Level,Any,56767,
2022-23,D Pharmacy,CAP Round III,06980,Jaihind College of Pharmacy,Pharmacy,Unaided,LOPENS,State Level,Ladies,59260,
2022-23,D Pharmacy,CAP Round III,06980,Jaihind College of Pharmacy,Pharmacy,Unaided,GSCS,State Level,Any,67872,
2022-23,D Pharmacy,CAP Round III,06980,Jaihind College of Pharmacy,Pharmacy,Unaided,LSCS,State Level,Ladies,66474,
2022-23,D Pharmacy,CAP Round III,06980,Jaihind College of Pharmacy,Pharmacy,Unaided,GVJS,State Level,Any,58037,
2022-23,D Pharmacy,CAP Round III,06980,Jaihind College of Pharmacy,Pharmacy,Unaided,GNT2S,State Level,Any,60332,
2022-23,D Pharmacy,CAP Round III,06980,Jaihind College of Pharmacy,Pharmacy,Unaided,GOBCS,State Level,Any,77402,
2022-23,D Pharmacy,CAP Round III,06980,Jaihind College of Pharmacy,Pharmacy,Unaided,LOBCS,State Level,Ladies,71807,
2022-23,D Pharmacy,CAP Round III,06980,Jaihind College of Pharmacy,Pharmacy,Unaided,EWS,Special,Any,67105,
2022-23,D Pharmacy,CAP Round III,06980,Jaihind College of Pharmacy,Pharmacy,Unaided,TFWS,Special,Any,43698,
2022-23,D Pharmacy,CAP Round III,06980,Jaihind College of Pharmacy,Pharmacy,Unaided,LNT1S,State Level,Ladies,68951,
2022-23,D Pharmacy,CAP Round III,06980,Jaihind College of Pharmacy,Pharmacy,Unaided,GSTS,State Level,Any,57558,
2022-23,D Pharmacy,CAP Round III,06980,Jaihind College of Pharmacy,Pharmacy,Unaided,LSTS,State Level,Ladies,57480,
2022-23,D Pharmacy,CAP Round III,06981,Vitthal Pratishthan College of Pharmacy,Pharmacy,Unaided,GOPENS,State Level,Any,47047,
2022-23,D Pharmacy,CAP Round III,06981,Vitthal Pratishthan College of Pharmacy,Pharmacy,Unaided,LOPENS,State Level,Ladies,46129,
2022-23,D Pharmacy,CAP Round III,06981,Vitthal Pratishthan College of Pharmacy,Pharmacy,Unaided,GSCS,State Level,Any,58274,
2022-23,D Pharmacy,CAP Round III,06981,Vitthal Pratishthan College of Pharmacy,Pharmacy,Unaided,LSCS,State Level,Ladies,44120,
2022-23,D Pharmacy,CAP Round III,06981,Vitthal Pratishthan College of Pharmacy,Pharmacy,Unaided,LVJS,State Level,Ladies,83014,
2022-23,D Pharmacy,CAP Round III,06981,Vitthal Pratishthan College of Pharmacy,Pharmacy,Unaided,GOBCS,State Level,Any,64281,
2022-23,D Pharmacy,CAP Round III,06981,Vitthal Pratishthan College of Pharmacy,Pharmacy,Unaided,DEFOPENS,State Level,Any,42304,
2022-23,D Pharmacy,CAP Round III,06981,Vitthal Pratishthan College of Pharmacy,Pharmacy,Unaided,TFWS,Special,Any,31498,
2022-23,D Pharmacy,CAP Round III,06981,Vitthal Pratishthan College of Pharmacy,Pharmacy,Unaided,GSTS,State Level,Any,50304,
2022-23,D Pharmacy,CAP Round III,06982,"New College of Pharmacy, Kolhapur",Kolhapur,Unaided,GOPENS,State Level,Any,59143,
2022-23,D Pharmacy,CAP Round III,06982,"New College of Pharmacy, Kolhapur",Kolhapur,Unaided,LOPENS,State Level,Ladies,55856,
2022-23,D Pharmacy,CAP Round III,06982,"New College of Pharmacy, Kolhapur",Kolhapur,Unaided,GSCS,State Level,Any,70272,
2022-23,D Pharmacy,CAP Round III,06982,"New College of Pharmacy, Kolhapur",Kolhapur,Unaided,LSCS,State Level,Ladies,69778,
2022-23,D Pharmacy,CAP Round III,06982,"New College of Pharmacy, Kolhapur",Kolhapur,Unaided,LVJS,State Level,Ladies,81938,
2022-23,D Pharmacy,CAP Round III,06982,"New College of Pharmacy, Kolhapur",Kolhapur,Unaided,GNT1S,State Level,Any,68436,
2022-23,D Pharmacy,CAP Round III,06982,"New College of Pharmacy, Kolhapur",Kolhapur,Unaided,GNT2S,State Level,Any,62590,
2022-23,D Pharmacy,CAP Round III,06982,"New College of Pharmacy, Kolhapur",Kolhapur,Unaided,LNT2S,State Level,Ladies,66935,
2022-23,D Pharmacy,CAP Round III,06982,"New College of Pharmacy, Kolhapur",Kolhapur,Unaided,GOBCS,State Level,Any,80180,
2022-23,D Pharmacy,CAP Round III,06982,"New College of Pharmacy, Kolhapur",Kolhapur,Unaided,LOBCS,State Level,Ladies,72749,
2022-23,D Pharmacy,CAP Round III,06982,"New College of Pharmacy, Kolhapur",Kolhapur,Unaided,ORPHAN,Special,Any,56806,
2022-23,D Pharmacy,CAP Round III,06982,"New College of Pharmacy, Kolhapur",Kolhapur,Unaided,TFWS,Special,Any,39031,
2022-23,D Pharmacy,CAP Round III,06982,"New College of Pharmacy, Kolhapur",Kolhapur,Unaided,GSTS,State Level,Any,61598,
2022-23,D Pharmacy,CAP Round III,06982,"New College of Pharmacy, Kolhapur",Kolhapur,Unaided,LSTS,State Level,Ladies,60341,
2022-23,D Pharmacy,CAP Round III,06982,"New College of Pharmacy, Kolhapur",Kolhapur,Unaided,GVJS,State Level,Any,60317,
2022-23,D Pharmacy,CAP Round III,06982,"New College of Pharmacy, Kolhapur",Kolhapur,Unaided,GNT3S,State Level,Any,60366,
2022-23,D Pharmacy,CAP Round III,06982,"New College of Pharmacy, Kolhapur",Kolhapur,Unaided,ORPHAN,Special,Any,62063,
2022-23,D Pharmacy,CAP Round III,06983,"Ashokrao Mane Institute of Pharmacy, Vathar Tarf- Vadagaon",Pune,Unaided,GOPENS,State Level,Any,64709,
2022-23,D Pharmacy,CAP Round III,06983,"Ashokrao Mane Institute of Pharmacy, Vathar Tarf- Vadagaon",Pune,Unaided,LOPENS,State Level,Ladies,63794,
2022-23,D Pharmacy,CAP Round III,06983,"Ashokrao Mane Institute of Pharmacy, Vathar Tarf- Vadagaon",Pune,Unaided,GSCS,State Level,Any,69436,
2022-23,D Pharmacy,CAP Round III,06983,"Ashokrao Mane Institute of Pharmacy, Vathar Tarf- Vadagaon",Pune,Unaided,LSCS,State Level,Ladies,68023,
2022-23,D Pharmacy,CAP Round III,06983,"Ashokrao Mane Institute of Pharmacy, Vathar Tarf- Vadagaon",Pune,Unaided,GNT1S,State Level,Any,74552,
2022-23,D Pharmacy,CAP Round III,06983,"Ashokrao Mane Institute of Pharmacy, Vathar Tarf- Vadagaon",Pune,Unaided,LNT1S,State Level,Ladies,73109,
2022-23,D Pharmacy,CAP Round III,06983,"Ashokrao Mane Institute of Pharmacy, Vathar Tarf- Vadagaon",Pune,Unaided,GNT2S,State Level,Any,65490,
2022-23,D Pharmacy,CAP Round III,06983,"Ashokrao Mane Institute of Pharmacy, Vathar Tarf- Vadagaon",Pune,Unaided,GOBCS,State Level,Any,81448,
2022-23,D Pharmacy,CAP Round III,06983,"Ashokrao Mane Institute of Pharmacy, Vathar Tarf- Vadagaon",Pune,Unaided,LOBCS,State Level,Ladies,76031,
2022-23,D Pharmacy,CAP Round III,06983,"Ashokrao Mane Institute of Pharmacy, Vathar Tarf- Vadagaon",Pune,Unaided,EWS,Special,Any,63468,
2022-23,D Pharmacy,CAP Round III,06983,"Ashokrao Mane Institute of Pharmacy, Vathar Tarf- Vadagaon",Pune,Unaided,TFWS,Special,Any,49444,
2022-23,D Pharmacy,CAP Round III,06983,"Ashokrao Mane Institute of Pharmacy, Vathar Tarf- Vadagaon",Pune,Unaided,GSTS,State Level,Any,67324,
2022-23,D Pharmacy,CAP Round III,06983,"Ashokrao Mane Institute of Pharmacy, Vathar Tarf- Vadagaon",Pune,Unaided,LSTS,State Level,Ladies,64463,
2022-23,D Pharmacy,CAP Round III,06983,"Ashokrao Mane Institute of Pharmacy, Vathar Tarf- Vadagaon",Pune,Unaided,GVJS,State Level,Any,64941,
2022-23,D Pharmacy,CAP Round III,06983,"Ashokrao Mane Institute of Pharmacy, Vathar Tarf- Vadagaon",Pune,Unaided,GNT3S,State Level,Any,64973,
