Year,Branch_Name,CAP_Round,College_Code,College_Name,Location,College_Type,Category,Seat_Type,Gender,Rank,Percentile
2023-24,D Pharmacy,CAP Round III,01008,"Government Polytechnic, Amravati",Amravati,Government,GOPENS,State Level,Any,1506,86.0
2023-24,D Pharmacy,CAP Round III,01008,"Government Polytechnic, Amravati",Amravati,Government,GSCS,State Level,Any,4580,79.67
2023-24,D Pharmacy,CAP Round III,01008,"Government Polytechnic, Amravati",Amravati,Government,LOPENS,State Level,Ladies,2191,84.0
2023-24,D Pharmacy,CAP Round III,01008,"Government Polytechnic, Amravati",Amravati,Government,LNT3S,State Level,Ladies,6579,77.0
2023-24,D Pharmacy,CAP Round III,01008,"Government Polytechnic, Amravati",Amravati,Government,ORPHAN,Special,Any,1714,85.33
2023-24,D Pharmacy,CAP Round III,01014,"Geetadevi Khandelwal Institute of Pharmacy, Akola",Akola,Aided,GOPENS,State Level,Any,3160,82.33
2023-24,D Pharmacy,CAP Round III,01014,"Geetadevi Khandelwal Institute of Pharmacy, Akola",Akola,Aided,GSCS,State Level,Any,8276,75.0
2023-24,D Pharmacy,CAP Round III,01014,"Geetadevi Khandelwal Institute of Pharmacy, Akola",Akola,Aided,LOPENS,State Level,Ladies,3299,82.0
2023-24,D Pharmacy,CAP Round III,01014,"Geetadevi Khandelwal Institute of Pharmacy, Akola",Akola,Aided,LSCS,State Level,Ladies,19745,62.0
2023-24,D Pharmacy,CAP Round III,01014,"Geetadevi Khandelwal Institute of Pharmacy, Akola",Akola,Aided,LSTS,State Level,Ladies,26561,55.0
2023-24,D Pharmacy,CAP Round III,01014,"Geetadevi Khandelwal Institute of Pharmacy, Akola",Akola,Aided,LVJS,State Level,Ladies,10255,72.67
2023-24,D Pharmacy,CAP Round III,01014,"Geetadevi Khandelwal Institute of Pharmacy, Akola",Akola,Aided,EWS,Special,Any,3779,81.0
2023-24,D Pharmacy,CAP Round III,01014,"Geetadevi Khandelwal Institute of Pharmacy, Akola",Akola,Aided,DEFOPENS,State Level,Any,3614,81.33
2023-24,D Pharmacy,CAP Round III,01014,"Geetadevi Khandelwal Institute of Pharmacy, Akola",Akola,Aided,ORPHAN,Special,Any,3780,81.0
2023-24,D Pharmacy,CAP Round III,01115,"J.S.P Mandal's Sudhakarrao Naik Institute of Pharmacy, Pusad Dist. Yavatmal",Yavatmal,Unaided,GOPENS,State Level,Any,2935,82.67
2023-24,D Pharmacy,CAP Round III,01115,"J.S.P Mandal's Sudhakarrao Naik Institute of Pharmacy, Pusad Dist. Yavatmal",Yavatmal,Unaided,GSCS,State Level,Any,27436,54.0
2023-24,D Pharmacy,CAP Round III,01115,"J.S.P Mandal's Sudhakarrao Naik Institute of Pharmacy, Pusad Dist. Yavatmal",Yavatmal,Unaided,GOBCS,State Level,Any,30667,50.33
2023-24,D Pharmacy,CAP Round III,01115,"J.S.P Mandal's Sudhakarrao Naik Institute of Pharmacy, Pusad Dist. Yavatmal",Yavatmal,Unaided,LSCS,State Level,Ladies,5987,77.67
2023-24,D Pharmacy,CAP Round III,01115,"J.S.P Mandal's Sudhakarrao Naik Institute of Pharmacy, Pusad Dist. Yavatmal",Yavatmal,Unaided,LOBCS,State Level,Ladies,40146,41.0
2023-24,D Pharmacy,CAP Round III,01115,"J.S.P Mandal's Sudhakarrao Naik Institute of Pharmacy, Pusad Dist. Yavatmal",Yavatmal,Unaided,EWS,Special,Any,7067,76.33
2023-24,D Pharmacy,CAP Round III,01115,"J.S.P Mandal's Sudhakarrao Naik Institute of Pharmacy, Pusad Dist. Yavatmal",Yavatmal,Unaided,TFWS,Special,Any,10166,72.67
2023-24,D Pharmacy,CAP Round III,01131,"Vidya Bharati College of Pharmacy, Amravati",Amravati,Unaided,GOPENS,State Level,Any,8511,74.67
2023-24,D Pharmacy,CAP Round III,01131,"Vidya Bharati College of Pharmacy, Amravati",Amravati,Unaided,GSCS,State Level,Any,12315,70.33
2023-24,D Pharmacy,CAP Round III,01131,"Vidya Bharati College of Pharmacy, Amravati",Amravati,Unaided,GNT1S,State Level,Any,9901,73.0
2023-24,D Pharmacy,CAP Round III,01131,"Vidya Bharati College of Pharmacy, Amravati",Amravati,Unaided,GNT2S,State Level,Any,15465,66.67
2023-24,D Pharmacy,CAP Round III,01131,"Vidya Bharati College of Pharmacy, Amravati",Amravati,Unaided,GNT3S,State Level,Any,27690,53.67
2023-24,D Pharmacy,CAP Round III,01131,"Vidya Bharati College of Pharmacy, Amravati",Amravati,Unaided,GVJS,State Level,Any,18925,63.0
2023-24,D Pharmacy,CAP Round III,01131,"Vidya Bharati College of Pharmacy, Amravati",Amravati,Unaided,GOBCS,State Level,Any,10600,72.33
2023-24,D Pharmacy,CAP Round III,01131,"Vidya Bharati College of Pharmacy, Amravati",Amravati,Unaided,LSCS,State Level,Ladies,11197,71.67
2023-24,D Pharmacy,CAP Round III,01131,"Vidya Bharati College of Pharmacy, Amravati",Amravati,Unaided,LOBCS,State Level,Ladies,10728,72.0
2023-24,D Pharmacy,CAP Round III,01131,"Vidya Bharati College of Pharmacy, Amravati",Amravati,Unaided,EWS,Special,Any,20961,60.67
2023-24,D Pharmacy,CAP Round III,01131,"Vidya Bharati College of Pharmacy, Amravati",Amravati,Unaided,DEFOPENS,State Level,Any,10671,72.0
2023-24,D Pharmacy,CAP Round III,01133,"Anuradha College Of Pharmacy, Chikhli",Buldhana,Unaided,GOPENS,State Level,Any,11893,70.67
2023-24,D Pharmacy,CAP Round III,01133,"Anuradha College Of Pharmacy, Chikhli",Buldhana,Unaided,GSCS,State Level,Any,29213,52.0
2023-24,D Pharmacy,CAP Round III,01133,"Anuradha College Of Pharmacy, Chikhli",Buldhana,Unaided,GOBCS,State Level,Any,18280,63.67
2023-24,D Pharmacy,CAP Round III,01133,"Anuradha College Of Pharmacy, Chikhli",Buldhana,Unaided,EWS,Special,Any,41064,40.33
2023-24,D Pharmacy,CAP Round III,01133,"Anuradha College Of Pharmacy, Chikhli",Buldhana,Unaided,DEFOPENS,State Level,Any,12644,70.0
2023-24,D Pharmacy,CAP Round III,01133,"Anuradha College Of Pharmacy, Chikhli",Buldhana,Unaided,GSTS,State Level,Any,13841,68.67
2023-24,D Pharmacy,CAP Round III,01133,"Anuradha College Of Pharmacy, Chikhli",Buldhana,Unaided,GNT2S,State Level,Any,14450,68.0
2023-24,D Pharmacy,CAP Round III,01133,"Anuradha College Of Pharmacy, Chikhli",Buldhana,Unaided,LSTS,State Level,Ladies,14046,68.33
2023-24,D Pharmacy,CAP Round III,01133,"Anuradha College Of Pharmacy, Chikhli",Buldhana,Unaided,ORPHAN,Special,Any,14519,68.0
2023-24,D Pharmacy,CAP Round III,01134,"Yavatmal Zilla Vikas Samitee's Pataldhamal Wadhwani College of Pharmacy, Yavatmal",Yavatmal,Unaided,GOPENS,State Level,Any,6152,77.33
2023-24,D Pharmacy,CAP Round III,01134,"Yavatmal Zilla Vikas Samitee's Pataldhamal Wadhwani College of Pharmacy, Yavatmal",Yavatmal,Unaided,GSTS,State Level,Any,22680,59.0
2023-24,D Pharmacy,CAP Round III,01134,"Yavatmal Zilla Vikas Samitee's Pataldhamal Wadhwani College of Pharmacy, Yavatmal",Yavatmal,Unaided,GNT1S,State Level,Any,17678,64.33
2023-24,D Pharmacy,CAP Round III,01134,"Yavatmal Zilla Vikas Samitee's Pataldhamal Wadhwani College of Pharmacy, Yavatmal",Yavatmal,Unaided,GNT3S,State Level,Any,20939,61.0
2023-24,D Pharmacy,CAP Round III,01134,"Yavatmal Zilla Vikas Samitee's Pataldhamal Wadhwani College of Pharmacy, Yavatmal",Yavatmal,Unaided,GOBCS,State Level,Any,33870,47.0
2023-24,D Pharmacy,CAP Round III,01134,"Yavatmal Zilla Vikas Samitee's Pataldhamal Wadhwani College of Pharmacy, Yavatmal",Yavatmal,Unaided,LNT1S,State Level,Ladies,17405,64.67
2023-24,D Pharmacy,CAP Round III,01134,"Yavatmal Zilla Vikas Samitee's Pataldhamal Wadhwani College of Pharmacy, Yavatmal",Yavatmal,Unaided,LOBCS,State Level,Ladies,24422,57.0
2023-24,D Pharmacy,CAP Round III,01134,"Yavatmal Zilla Vikas Samitee's Pataldhamal Wadhwani College of Pharmacy, Yavatmal",Yavatmal,Unaided,EWS,Special,Any,34307,46.67
2023-24,D Pharmacy,CAP Round III,01134,"Yavatmal Zilla Vikas Samitee's Pataldhamal Wadhwani College of Pharmacy, Yavatmal",Yavatmal,Unaided,DEFOPENS,State Level,Any,14691,67.67
2023-24,D Pharmacy,CAP Round III,01134,"Yavatmal Zilla Vikas Samitee's Pataldhamal Wadhwani College of Pharmacy, Yavatmal",Yavatmal,Unaided,LVJS,State Level,Ladies,15994,66.33
2023-24,D Pharmacy,CAP Round III,01136,"Dr. Rajendra Gode College of Pharmacy,Malkapur",Akola,Unaided,GOPENS,State Level,Any,13266,69.33
2023-24,D Pharmacy,CAP Round III,01136,"Dr. Rajendra Gode College of Pharmacy,Malkapur",Akola,Unaided,GNT1S,State Level,Any,27229,54.0
2023-24,D Pharmacy,CAP Round III,01136,"Dr. Rajendra Gode College of Pharmacy,Malkapur",Akola,Unaided,GOBCS,State Level,Any,16515,65.67
2023-24,D Pharmacy,CAP Round III,01136,"Dr. Rajendra Gode College of Pharmacy,Malkapur",Akola,Unaided,LNT2S,State Level,Ladies,34697,46.33
2023-24,D Pharmacy,CAP Round III,01136,"Dr. Rajendra Gode College of Pharmacy,Malkapur",Akola,Unaided,EWS,Special,Any,15151,67.0
2023-24,D Pharmacy,CAP Round III,01136,"Dr. Rajendra Gode College of Pharmacy,Malkapur",Akola,Unaided,PWDOPENS,State Level,Any,17121,65.0
2023-24,D Pharmacy,CAP Round III,01136,"Dr. Rajendra Gode College of Pharmacy,Malkapur",Akola,Unaided,GSTS,State Level,Any,18941,63.0
2023-24,D Pharmacy,CAP Round III,01136,"Dr. Rajendra Gode College of Pharmacy,Malkapur",Akola,Unaided,GNT2S,State Level,Any,20478,61.33
2023-24,D Pharmacy,CAP Round III,01136,"Dr. Rajendra Gode College of Pharmacy,Malkapur",Akola,Unaided,GVJS,State Level,Any,21954,59.67
2023-24,D Pharmacy,CAP Round III,01155,"Shikshan Prsarak Mandal's Institute of Pharmacy, Wani",Washim,Unaided,GOPENS,State Level,Any,40117,41.0
2023-24,D Pharmacy,CAP Round III,01155,"Shikshan Prsarak Mandal's Institute of Pharmacy, Wani",Washim,Unaided,GNT3S,State Level,Any,41996,39.33
2023-24,D Pharmacy,CAP Round III,01155,"Shikshan Prsarak Mandal's Institute of Pharmacy, Wani",Washim,Unaided,GOBCS,State Level,Any,42783,38.67
2023-24,D Pharmacy,CAP Round III,01155,"Shikshan Prsarak Mandal's Institute of Pharmacy, Wani",Washim,Unaided,LOPENS,State Level,Ladies,32410,48.67
2023-24,D Pharmacy,CAP Round III,01155,"Shikshan Prsarak Mandal's Institute of Pharmacy, Wani",Washim,Unaided,GSCS,State Level,Any,43397,38.33
2023-24,D Pharmacy,CAP Round III,01155,"Shikshan Prsarak Mandal's Institute of Pharmacy, Wani",Washim,Unaided,GSTS,State Level,Any,44516,37.33
2023-24,D Pharmacy,CAP Round III,01155,"Shikshan Prsarak Mandal's Institute of Pharmacy, Wani",Washim,Unaided,LSCS,State Level,Ladies,44370,37.33
2023-24,D Pharmacy,CAP Round III,01156,"Janata Shikshan Prasarak Mandal's Sudhakarrao Naik Institute Of Pharmacy, Pusad",Yavatmal,Unaided,GOPENS,State Level,Any,7885,75.33
2023-24,D Pharmacy,CAP Round III,01156,"Janata Shikshan Prasarak Mandal's Sudhakarrao Naik Institute Of Pharmacy, Pusad",Yavatmal,Unaided,GOBCS,State Level,Any,39266,42.0
2023-24,D Pharmacy,CAP Round III,01156,"Janata Shikshan Prasarak Mandal's Sudhakarrao Naik Institute Of Pharmacy, Pusad",Yavatmal,Unaided,LSCS,State Level,Ladies,43240,38.33
2023-24,D Pharmacy,CAP Round III,01156,"Janata Shikshan Prasarak Mandal's Sudhakarrao Naik Institute Of Pharmacy, Pusad",Yavatmal,Unaided,LNT1S,State Level,Ladies,9702,73.33
2023-24,D Pharmacy,CAP Round III,01156,"Janata Shikshan Prasarak Mandal's Sudhakarrao Naik Institute Of Pharmacy, Pusad",Yavatmal,Unaided,GOBCS,State Level,Any,9848,73.0
2023-24,D Pharmacy,CAP Round III,01156,"Janata Shikshan Prasarak Mandal's Sudhakarrao Naik Institute Of Pharmacy, Pusad",Yavatmal,Unaided,LOBCS,State Level,Ladies,11028,71.67
2023-24,D Pharmacy,CAP Round III,01156,"Janata Shikshan Prasarak Mandal's Sudhakarrao Naik Institute Of Pharmacy, Pusad",Yavatmal,Unaided,ORPHAN,Special,Any,11139,71.67
2023-24,D Pharmacy,CAP Round III,01157,"Shri Chhatrapati Shahumaharaj Shikshan Santha's Institute Of Pharmacy, Maregaon",Yavatmal,Unaided,GOPENS,State Level,Any,42677,39.0
2023-24,D Pharmacy,CAP Round III,01157,"Shri Chhatrapati Shahumaharaj Shikshan Santha's Institute Of Pharmacy, Maregaon",Yavatmal,Unaided,LOPENS,State Level,Ladies,23002,58.67
2023-24,D Pharmacy,CAP Round III,01157,"Shri Chhatrapati Shahumaharaj Shikshan Santha's Institute Of Pharmacy, Maregaon",Yavatmal,Unaided,EWS,Special,Any,20830,61.0
2023-24,D Pharmacy,CAP Round III,01158,"Paramhansa Ramkrishna Maunibaba Shikshan Santha's Anuradha College of Pharmacy, Chikhali",Buldhana,Unaided,GOPENS,State Level,Any,26200,55.33
2023-24,D Pharmacy,CAP Round III,01158,"Paramhansa Ramkrishna Maunibaba Shikshan Santha's Anuradha College of Pharmacy, Chikhali",Buldhana,Unaided,GOBCS,State Level,Any,33519,47.33
2023-24,D Pharmacy,CAP Round III,01158,"Paramhansa Ramkrishna Maunibaba Shikshan Santha's Anuradha College of Pharmacy, Chikhali",Buldhana,Unaided,LOPENS,State Level,Ladies,23563,58.0
2023-24,D Pharmacy,CAP Round III,01158,"Paramhansa Ramkrishna Maunibaba Shikshan Santha's Anuradha College of Pharmacy, Chikhali",Buldhana,Unaided,PWDOPENS,State Level,Any,41758,39.67
2023-24,D Pharmacy,CAP Round III,01159,"Navsanjivan Shikshan Mandal's College of Pharmacy, Dharwa",Yavatmal,Unaided,GOPENS,State Level,Any,17532,64.33
2023-24,D Pharmacy,CAP Round III,01159,"Navsanjivan Shikshan Mandal's College of Pharmacy, Dharwa",Yavatmal,Unaided,GOBCS,State Level,Any,32451,48.67
2023-24,D Pharmacy,CAP Round III,01159,"Navsanjivan Shikshan Mandal's College of Pharmacy, Dharwa",Yavatmal,Unaided,LOPENS,State Level,Ladies,15966,66.33
2023-24,D Pharmacy,CAP Round III,01159,"Navsanjivan Shikshan Mandal's College of Pharmacy, Dharwa",Yavatmal,Unaided,EWS,Special,Any,16016,66.0
2023-24,D Pharmacy,CAP Round III,01159,"Navsanjivan Shikshan Mandal's College of Pharmacy, Dharwa",Yavatmal,Unaided,LSCS,State Level,Ladies,41455,40.0
2023-24,D Pharmacy,CAP Round III,01159,"Navsanjivan Shikshan Mandal's College of Pharmacy, Dharwa",Yavatmal,Unaided,DEFOPENS,State Level,Any,18446,63.33
2023-24,D Pharmacy,CAP Round III,01159,"Navsanjivan Shikshan Mandal's College of Pharmacy, Dharwa",Yavatmal,Unaided,GVJS,State Level,Any,18859,63.0
2023-24,D Pharmacy,CAP Round III,01160,"Shri.Durgamata Bahuudeshiya Krida and Shaikshanik Sanstha,Ishwar Deshmukh Institute Of Pharmacy, Digras",Yavatmal,Unaided,GOPENS,State Level,Any,11607,71.0
2023-24,D Pharmacy,CAP Round III,01160,"Shri.Durgamata Bahuudeshiya Krida and Shaikshanik Sanstha,Ishwar Deshmukh Institute Of Pharmacy, Digras",Yavatmal,Unaided,GNT1S,State Level,Any,12257,70.33
2023-24,D Pharmacy,CAP Round III,01160,"Shri.Durgamata Bahuudeshiya Krida and Shaikshanik Sanstha,Ishwar Deshmukh Institute Of Pharmacy, Digras",Yavatmal,Unaided,LOPENS,State Level,Ladies,11410,71.33
2023-24,D Pharmacy,CAP Round III,01161,"Matoshri Education Society's Satyajeet College of Pharmacy, Khandala, Akola Road Mehkar, Tq. Mehkar, Dist. Buldhana",Buldhana,Unaided,GOPENS,State Level,Any,34322,46.67
2023-24,D Pharmacy,CAP Round III,01161,"Matoshri Education Society's Satyajeet College of Pharmacy, Khandala, Akola Road Mehkar, Tq. Mehkar, Dist. Buldhana",Buldhana,Unaided,GSCS,State Level,Any,45130,36.67
2023-24,D Pharmacy,CAP Round III,01161,"Matoshri Education Society's Satyajeet College of Pharmacy, Khandala, Akola Road Mehkar, Tq. Mehkar, Dist. Buldhana",Buldhana,Unaided,LOPENS,State Level,Ladies,20327,61.67
2023-24,D Pharmacy,CAP Round III,01162,"Sanjay Rathod Shikshan Sanstha's Manohar Naik Institute of Pharmacy,Umarkhed",Washim,Unaided,GOBCS,State Level,Any,12896,69.67
2023-24,D Pharmacy,CAP Round III,01162,"Sanjay Rathod Shikshan Sanstha's Manohar Naik Institute of Pharmacy,Umarkhed",Washim,Unaided,LOPENS,State Level,Ladies,4963,79.0
2023-24,D Pharmacy,CAP Round III,01162,"Sanjay Rathod Shikshan Sanstha's Manohar Naik Institute of Pharmacy,Umarkhed",Washim,Unaided,EWS,Special,Any,18703,63.33
2023-24,D Pharmacy,CAP Round III,01162,"Sanjay Rathod Shikshan Sanstha's Manohar Naik Institute of Pharmacy,Umarkhed",Washim,Unaided,PWDOPENS,State Level,Any,5514,78.33
2023-24,D Pharmacy,CAP Round III,01162,"Sanjay Rathod Shikshan Sanstha's Manohar Naik Institute of Pharmacy,Umarkhed",Washim,Unaided,GOBCS,State Level,Any,15945,66.33
2023-24,D Pharmacy,CAP Round III,01163,"Mahila Utkarsha Pratishstan's Pharmacy College, Risod, Dist. Washim",Washim,Unaided,GOPENS,State Level,Any,11660,71.0
2023-24,D Pharmacy,CAP Round III,01163,"Mahila Utkarsha Pratishstan's Pharmacy College, Risod, Dist. Washim",Washim,Unaided,GSCS,State Level,Any,16720,65.33
2023-24,D Pharmacy,CAP Round III,01163,"Mahila Utkarsha Pratishstan's Pharmacy College, Risod, Dist. Washim",Washim,Unaided,LOPENS,State Level,Ladies,11192,71.67
2023-24,D Pharmacy,CAP Round III,01163,"Mahila Utkarsha Pratishstan's Pharmacy College, Risod, Dist. Washim",Washim,Unaided,EWS,Special,Any,36115,44.67
2023-24,D Pharmacy,CAP Round III,01163,"Mahila Utkarsha Pratishstan's Pharmacy College, Risod, Dist. Washim",Washim,Unaided,TFWS,Special,Any,22194,59.67
2023-24,D Pharmacy,CAP Round III,01163,"Mahila Utkarsha Pratishstan's Pharmacy College, Risod, Dist. Washim",Washim,Unaided,DEFOPENS,State Level,Any,21262,60.67
2023-24,D Pharmacy,CAP Round III,01163,"Mahila Utkarsha Pratishstan's Pharmacy College, Risod, Dist. Washim",Washim,Unaided,GSCS,State Level,Any,21620,60.0
2023-24,D Pharmacy,CAP Round III,01163,"Mahila Utkarsha Pratishstan's Pharmacy College, Risod, Dist. Washim",Washim,Unaided,GSTS,State Level,Any,39854,41.33
2023-24,D Pharmacy,CAP Round III,01164,"Shree, Swami Samarth Institute of Pharmacy, at parsodi, Dhamangaon Rly, Dist.Amravati",Amravati,Unaided,GOPENS,State Level,Any,43269,38.33
2023-24,D Pharmacy,CAP Round III,01164,"Shree, Swami Samarth Institute of Pharmacy, at parsodi, Dhamangaon Rly, Dist.Amravati",Amravati,Unaided,GSTS,State Level,Any,44657,37.0
2023-24,D Pharmacy,CAP Round III,01164,"Shree, Swami Samarth Institute of Pharmacy, at parsodi, Dhamangaon Rly, Dist.Amravati",Amravati,Unaided,LOPENS,State Level,Ladies,37502,43.33
2023-24,D Pharmacy,CAP Round III,01164,"Shree, Swami Samarth Institute of Pharmacy, at parsodi, Dhamangaon Rly, Dist.Amravati",Amravati,Unaided,TFWS,Special,Any,42410,39.0
2023-24,D Pharmacy,CAP Round III,01164,"Shree, Swami Samarth Institute of Pharmacy, at parsodi, Dhamangaon Rly, Dist.Amravati",Amravati,Unaided,LNT2S,State Level,Ladies,43308,38.33
2023-24,D Pharmacy,CAP Round III,01164,"Shree, Swami Samarth Institute of Pharmacy, at parsodi, Dhamangaon Rly, Dist.Amravati",Amravati,Unaided,PWDOPENS,State Level,Any,44156,37.67
2023-24,D Pharmacy,CAP Round III,01164,"Shree, Swami Samarth Institute of Pharmacy, at parsodi, Dhamangaon Rly, Dist.Amravati",Amravati,Unaided,DEFOPENS,State Level,Any,44361,37.33
2023-24,D Pharmacy,CAP Round III,01167,"Shri Gurudatta Shikshan Prasarak Sanstha's Late Shri Ramraoji Gawande Institute Of Pharmacy, Akola",Akola,Unaided,GSCS,State Level,Any,30875,50.33
2023-24,D Pharmacy,CAP Round III,01167,"Shri Gurudatta Shikshan Prasarak Sanstha's Late Shri Ramraoji Gawande Institute Of Pharmacy, Akola",Akola,Unaided,GOBCS,State Level,Any,6400,77.0
2023-24,D Pharmacy,CAP Round III,01167,"Shri Gurudatta Shikshan Prasarak Sanstha's Late Shri Ramraoji Gawande Institute Of Pharmacy, Akola",Akola,Unaided,LSCS,State Level,Ladies,30688,50.33
2023-24,D Pharmacy,CAP Round III,01167,"Shri Gurudatta Shikshan Prasarak Sanstha's Late Shri Ramraoji Gawande Institute Of Pharmacy, Akola",Akola,Unaided,GSTS,State Level,Any,4565,79.67
2023-24,D Pharmacy,CAP Round III,01171,"Pataldhamal Wadhwani College of Pharmacy, Yavatmal",Yavatmal,Unaided,GOPENS,State Level,Any,14824,67.67
2023-24,D Pharmacy,CAP Round III,01171,"Pataldhamal Wadhwani College of Pharmacy, Yavatmal",Yavatmal,Unaided,GSTS,State Level,Any,23144,58.67
2023-24,D Pharmacy,CAP Round III,01171,"Pataldhamal Wadhwani College of Pharmacy, Yavatmal",Yavatmal,Unaided,GNT2S,State Level,Any,37032,44.0
2023-24,D Pharmacy,CAP Round III,01171,"Pataldhamal Wadhwani College of Pharmacy, Yavatmal",Yavatmal,Unaided,GNT3S,State Level,Any,22154,59.67
2023-24,D Pharmacy,CAP Round III,01171,"Pataldhamal Wadhwani College of Pharmacy, Yavatmal",Yavatmal,Unaided,GOBCS,State Level,Any,32943,48.0
2023-24,D Pharmacy,CAP Round III,01171,"Pataldhamal Wadhwani College of Pharmacy, Yavatmal",Yavatmal,Unaided,LSCS,State Level,Ladies,37111,43.67
2023-24,D Pharmacy,CAP Round III,01171,"Pataldhamal Wadhwani College of Pharmacy, Yavatmal",Yavatmal,Unaided,PWDOPENS,State Level,Any,19821,62.0
2023-24,D Pharmacy,CAP Round III,01171,"Pataldhamal Wadhwani College of Pharmacy, Yavatmal",Yavatmal,Unaided,LSCS,State Level,Ladies,20892,61.0
2023-24,D Pharmacy,CAP Round III,01264,"Vidarbha Institute of Pharmacy, Washim",Washim,Unaided,GOPENS,State Level,Any,6610,77.0
2023-24,D Pharmacy,CAP Round III,01264,"Vidarbha Institute of Pharmacy, Washim",Washim,Unaided,GOBCS,State Level,Any,9373,73.67
2023-24,D Pharmacy,CAP Round III,01264,"Vidarbha Institute of Pharmacy, Washim",Washim,Unaided,LOPENS,State Level,Ladies,10925,71.67
2023-24,D Pharmacy,CAP Round III,01264,"Vidarbha Institute of Pharmacy, Washim",Washim,Unaided,LOBCS,State Level,Ladies,12975,69.33
2023-24,D Pharmacy,CAP Round III,01264,"Vidarbha Institute of Pharmacy, Washim",Washim,Unaided,EWS,Special,Any,11506,71.0
2023-24,D Pharmacy,CAP Round III,01264,"Vidarbha Institute of Pharmacy, Washim",Washim,Unaided,PWDOPENS,State Level,Any,7975,75.33
2023-24,D Pharmacy,CAP Round III,01279,"Dr.R. N. Lahoti Institute of Pharmacy, Sultanpur",Buldhana,Unaided,GOPENS,State Level,Any,12968,69.67
2023-24,D Pharmacy,CAP Round III,01279,"Dr.R. N. Lahoti Institute of Pharmacy, Sultanpur",Buldhana,Unaided,GSCS,State Level,Any,19337,62.67
2023-24,D Pharmacy,CAP Round III,01279,"Dr.R. N. Lahoti Institute of Pharmacy, Sultanpur",Buldhana,Unaided,GVJS,State Level,Any,17293,64.67
2023-24,D Pharmacy,CAP Round III,01279,"Dr.R. N. Lahoti Institute of Pharmacy, Sultanpur",Buldhana,Unaided,GOBCS,State Level,Any,14175,68.33
2023-24,D Pharmacy,CAP Round III,01279,"Dr.R. N. Lahoti Institute of Pharmacy, Sultanpur",Buldhana,Unaided,LOPENS,State Level,Ladies,17580,64.33
2023-24,D Pharmacy,CAP Round III,01279,"Dr.R. N. Lahoti Institute of Pharmacy, Sultanpur",Buldhana,Unaided,GSTS,State Level,Any,17701,64.33
2023-24,D Pharmacy,CAP Round III,01279,"Dr.R. N. Lahoti Institute of Pharmacy, Sultanpur",Buldhana,Unaided,LSCS,State Level,Ladies,17396,64.67
2023-24,D Pharmacy,CAP Round III,01279,"Dr.R. N. Lahoti Institute of Pharmacy, Sultanpur",Buldhana,Unaided,LSTS,State Level,Ladies,18915,63.0
2023-24,D Pharmacy,CAP Round III,01280,"Gawande College of Pharmacy, Sakharkherda",Buldhana,Unaided,GOPENS,State Level,Any,9268,73.67
2023-24,D Pharmacy,CAP Round III,01280,"Gawande College of Pharmacy, Sakharkherda",Buldhana,Unaided,GSCS,State Level,Any,17435,64.67
2023-24,D Pharmacy,CAP Round III,01280,"Gawande College of Pharmacy, Sakharkherda",Buldhana,Unaided,GNT3S,State Level,Any,24385,57.0
2023-24,D Pharmacy,CAP Round III,01280,"Gawande College of Pharmacy, Sakharkherda",Buldhana,Unaided,PWDOPENS,State Level,Any,9969,73.0
2023-24,D Pharmacy,CAP Round III,01280,"Gawande College of Pharmacy, Sakharkherda",Buldhana,Unaided,GSTS,State Level,Any,11142,71.67
2023-24,D Pharmacy,CAP Round III,01281,"Kamalprakash Pharmacy College & Research Centre, Kherda",Ahmednagar,Unaided,GOPENS,State Level,Any,13127,69.33
2023-24,D Pharmacy,CAP Round III,01281,"Kamalprakash Pharmacy College & Research Centre, Kherda",Ahmednagar,Unaided,GSCS,State Level,Any,15083,67.33
2023-24,D Pharmacy,CAP Round III,01281,"Kamalprakash Pharmacy College & Research Centre, Kherda",Ahmednagar,Unaided,GOBCS,State Level,Any,16807,65.33
2023-24,D Pharmacy,CAP Round III,01281,"Kamalprakash Pharmacy College & Research Centre, Kherda",Ahmednagar,Unaided,LOBCS,State Level,Ladies,24973,56.67
2023-24,D Pharmacy,CAP Round III,01281,"Kamalprakash Pharmacy College & Research Centre, Kherda",Ahmednagar,Unaided,GNT1S,State Level,Any,15439,66.67
2023-24,D Pharmacy,CAP Round III,01282,"Laddhad College of Pharmacy, Yelgaon, Buldhana",Buldhana,Unaided,GOPENS,State Level,Any,18294,63.67
2023-24,D Pharmacy,CAP Round III,01282,"Laddhad College of Pharmacy, Yelgaon, Buldhana",Buldhana,Unaided,LOPENS,State Level,Ladies,28027,53.33
2023-24,D Pharmacy,CAP Round III,01282,"Laddhad College of Pharmacy, Yelgaon, Buldhana",Buldhana,Unaided,TFWS,Special,Any,12892,69.67
2023-24,D Pharmacy,CAP Round III,01283,"P R Pote Patil College of Pharmacy, Amravati",Amravati,Unaided,GOPENS,State Level,Any,10127,72.67
2023-24,D Pharmacy,CAP Round III,01283,"P R Pote Patil College of Pharmacy, Amravati",Amravati,Unaided,GSCS,State Level,Any,20527,61.33
2023-24,D Pharmacy,CAP Round III,01283,"P R Pote Patil College of Pharmacy, Amravati",Amravati,Unaided,GNT1S,State Level,Any,11119,71.67
2023-24,D Pharmacy,CAP Round III,01283,"P R Pote Patil College of Pharmacy, Amravati",Amravati,Unaided,GOBCS,State Level,Any,15028,67.33
2023-24,D Pharmacy,CAP Round III,01283,"P R Pote Patil College of Pharmacy, Amravati",Amravati,Unaided,LOPENS,State Level,Ladies,5710,78.0
2023-24,D Pharmacy,CAP Round III,01283,"P R Pote Patil College of Pharmacy, Amravati",Amravati,Unaided,LSTS,State Level,Ladies,26184,55.33
2023-24,D Pharmacy,CAP Round III,01283,"P R Pote Patil College of Pharmacy, Amravati",Amravati,Unaided,LOBCS,State Level,Ladies,14614,67.67
2023-24,D Pharmacy,CAP Round III,01283,"P R Pote Patil College of Pharmacy, Amravati",Amravati,Unaided,EWS,Special,Any,15696,66.67
2023-24,D Pharmacy,CAP Round III,01283,"P R Pote Patil College of Pharmacy, Amravati",Amravati,Unaided,TFWS,Special,Any,13586,68.67
2023-24,D Pharmacy,CAP Round III,01283,"P R Pote Patil College of Pharmacy, Amravati",Amravati,Unaided,LNT3S,State Level,Ladies,37769,43.33
2023-24,D Pharmacy,CAP Round III,01284,"Dr. Rajendra Gode Institute of Pharmacy, Amravati",Amravati,Unaided,GOPENS,State Level,Any,16484,65.67
2023-24,D Pharmacy,CAP Round III,01284,"Dr. Rajendra Gode Institute of Pharmacy, Amravati",Amravati,Unaided,GSCS,State Level,Any,34277,46.67
2023-24,D Pharmacy,CAP Round III,01284,"Dr. Rajendra Gode Institute of Pharmacy, Amravati",Amravati,Unaided,GSTS,State Level,Any,43698,38.0
2023-24,D Pharmacy,CAP Round III,01284,"Dr. Rajendra Gode Institute of Pharmacy, Amravati",Amravati,Unaided,GOBCS,State Level,Any,20144,61.67
2023-24,D Pharmacy,CAP Round III,01284,"Dr. Rajendra Gode Institute of Pharmacy, Amravati",Amravati,Unaided,LOPENS,State Level,Ladies,23208,58.33
2023-24,D Pharmacy,CAP Round III,01284,"Dr. Rajendra Gode Institute of Pharmacy, Amravati",Amravati,Unaided,LSCS,State Level,Ladies,33962,47.0
2023-24,D Pharmacy,CAP Round III,01284,"Dr. Rajendra Gode Institute of Pharmacy, Amravati",Amravati,Unaided,LOBCS,State Level,Ladies,26285,55.0
2023-24,D Pharmacy,CAP Round III,01284,"Dr. Rajendra Gode Institute of Pharmacy, Amravati",Amravati,Unaided,EWS,Special,Any,42448,39.0
2023-24,D Pharmacy,CAP Round III,01284,"Dr. Rajendra Gode Institute of Pharmacy, Amravati",Amravati,Unaided,TFWS,Special,Any,21982,59.67
2023-24,D Pharmacy,CAP Round III,01284,"Dr. Rajendra Gode Institute of Pharmacy, Amravati",Amravati,Unaided,DEFOPENS,State Level,Any,17012,65.0
2023-24,D Pharmacy,CAP Round III,01284,"Dr. Rajendra Gode Institute of Pharmacy, Amravati",Amravati,Unaided,GVJS,State Level,Any,18403,63.33
2023-24,D Pharmacy,CAP Round III,01284,"Dr. Rajendra Gode Institute of Pharmacy, Amravati",Amravati,Unaided,ORPHAN,Special,Any,25878,55.67
2023-24,D Pharmacy,CAP Round III,01285,"MES College of Pharmacy, Mehkar",Buldhana,Unaided,GOPENS,State Level,Any,13543,69.0
2023-24,D Pharmacy,CAP Round III,01285,"MES College of Pharmacy, Mehkar",Buldhana,Unaided,GOBCS,State Level,Any,38418,42.67
2023-24,D Pharmacy,CAP Round III,01285,"MES College of Pharmacy, Mehkar",Buldhana,Unaided,LOPENS,State Level,Ladies,16492,65.67
2023-24,D Pharmacy,CAP Round III,01285,"MES College of Pharmacy, Mehkar",Buldhana,Unaided,GNT1S,State Level,Any,31423,49.67
2023-24,D Pharmacy,CAP Round III,01286,"Institute of Pharmacy & Research, Badnera",Amravati,Unaided,GOPENS,State Level,Any,28621,52.67
2023-24,D Pharmacy,CAP Round III,01286,"Institute of Pharmacy & Research, Badnera",Amravati,Unaided,GOBCS,State Level,Any,36411,44.67
2023-24,D Pharmacy,CAP Round III,01286,"Institute of Pharmacy & Research, Badnera",Amravati,Unaided,LOPENS,State Level,Ladies,17755,64.0
2023-24,D Pharmacy,CAP Round III,01286,"Institute of Pharmacy & Research, Badnera",Amravati,Unaided,LSCS,State Level,Ladies,36224,44.67
2023-24,D Pharmacy,CAP Round III,01286,"Institute of Pharmacy & Research, Badnera",Amravati,Unaided,LOBCS,State Level,Ladies,32819,48.0
2023-24,D Pharmacy,CAP Round III,01286,"Institute of Pharmacy & Research, Badnera",Amravati,Unaided,EWS,Special,Any,39192,42.0
2023-24,D Pharmacy,CAP Round III,01286,"Institute of Pharmacy & Research, Badnera",Amravati,Unaided,LSTS,State Level,Ladies,30228,51.0
2023-24,D Pharmacy,CAP Round III,01287,"Raje Laxmansingh Bhosale College of Pharmacy, Hingna Barlinga",Nagpur,Unaided,GOPENS,State Level,Any,26469,55.0
2023-24,D Pharmacy,CAP Round III,01287,"Raje Laxmansingh Bhosale College of Pharmacy, Hingna Barlinga",Nagpur,Unaided,GSCS,State Level,Any,42684,39.0
2023-24,D Pharmacy,CAP Round III,01287,"Raje Laxmansingh Bhosale College of Pharmacy, Hingna Barlinga",Nagpur,Unaided,GOBCS,State Level,Any,36016,45.0
2023-24,D Pharmacy,CAP Round III,01287,"Raje Laxmansingh Bhosale College of Pharmacy, Hingna Barlinga",Nagpur,Unaided,LOPENS,State Level,Ladies,32722,48.33
2023-24,D Pharmacy,CAP Round III,01287,"Raje Laxmansingh Bhosale College of Pharmacy, Hingna Barlinga",Nagpur,Unaided,EWS,Special,Any,25310,56.0
2023-24,D Pharmacy,CAP Round III,01287,"Raje Laxmansingh Bhosale College of Pharmacy, Hingna Barlinga",Nagpur,Unaided,TFWS,Special,Any,12593,70.0
2023-24,D Pharmacy,CAP Round III,01287,"Raje Laxmansingh Bhosale College of Pharmacy, Hingna Barlinga",Nagpur,Unaided,LOPENS,State Level,Ladies,34065,47.0
2023-24,D Pharmacy,CAP Round III,01287,"Raje Laxmansingh Bhosale College of Pharmacy, Hingna Barlinga",Nagpur,Unaided,GSCS,State Level,Any,39774,41.33
2023-24,D Pharmacy,CAP Round III,01288,"Vardhaman College of Pharmacy, Karanja (LAD), Washim",Washim,Unaided,GOPENS,State Level,Any,39288,42.0
2023-24,D Pharmacy,CAP Round III,01288,"Vardhaman College of Pharmacy, Karanja (LAD), Washim",Washim,Unaided,LOPENS,State Level,Ladies,13316,69.0
2023-24,D Pharmacy,CAP Round III,01288,"Vardhaman College of Pharmacy, Karanja (LAD), Washim",Washim,Unaided,TFWS,Special,Any,22727,59.0
2023-24,D Pharmacy,CAP Round III,01290,"Jagadambha Institute Of Pharmacy And Research, Kalamb",Hingoli,Unaided,GOPENS,State Level,Any,22810,59.0
2023-24,D Pharmacy,CAP Round III,01290,"Jagadambha Institute Of Pharmacy And Research, Kalamb",Hingoli,Unaided,GSCS,State Level,Any,38754,42.33
2023-24,D Pharmacy,CAP Round III,01290,"Jagadambha Institute Of Pharmacy And Research, Kalamb",Hingoli,Unaided,GOBCS,State Level,Any,44656,37.0
2023-24,D Pharmacy,CAP Round III,01290,"Jagadambha Institute Of Pharmacy And Research, Kalamb",Hingoli,Unaided,GOBCS,State Level,Any,35351,45.67
2023-24,D Pharmacy,CAP Round III,01293,"Shraddha Institute Of Pharmacy, Washim",Washim,Unaided,GOPENS,State Level,Any,27029,54.33
2023-24,D Pharmacy,CAP Round III,01293,"Shraddha Institute Of Pharmacy, Washim",Washim,Unaided,GSTS,State Level,Any,39103,42.0
2023-24,D Pharmacy,CAP Round III,01293,"Shraddha Institute Of Pharmacy, Washim",Washim,Unaided,GNT1S,State Level,Any,29875,51.33
2023-24,D Pharmacy,CAP Round III,01293,"Shraddha Institute Of Pharmacy, Washim",Washim,Unaided,GOBCS,State Level,Any,45573,36.33
2023-24,D Pharmacy,CAP Round III,01293,"Shraddha Institute Of Pharmacy, Washim",Washim,Unaided,LOPENS,State Level,Ladies,11459,71.33
2023-24,D Pharmacy,CAP Round III,01293,"Shraddha Institute Of Pharmacy, Washim",Washim,Unaided,PWDOPENS,State Level,Any,41068,40.33
2023-24,D Pharmacy,CAP Round III,01294,"Samarth College Of Pharmacy, Deulgaon Raja",Buldhana,Unaided,GOPENS,State Level,Any,9811,73.0
2023-24,D Pharmacy,CAP Round III,01294,"Samarth College Of Pharmacy, Deulgaon Raja",Buldhana,Unaided,GSCS,State Level,Any,38473,42.67
2023-24,D Pharmacy,CAP Round III,01294,"Samarth College Of Pharmacy, Deulgaon Raja",Buldhana,Unaided,GNT2S,State Level,Any,16900,65.0
2023-24,D Pharmacy,CAP Round III,01294,"Samarth College Of Pharmacy, Deulgaon Raja",Buldhana,Unaided,EWS,Special,Any,31520,49.67
2023-24,D Pharmacy,CAP Round III,01296,"Dr. Rajendra Gode College Of Pharmacy, Amravati",Amravati,Unaided,GOPENS,State Level,Any,29564,51.67
2023-24,D Pharmacy,CAP Round III,01296,"Dr. Rajendra Gode College Of Pharmacy, Amravati",Amravati,Unaided,GSCS,State Level,Any,40279,41.0
2023-24,D Pharmacy,CAP Round III,01296,"Dr. Rajendra Gode College Of Pharmacy, Amravati",Amravati,Unaided,GNT1S,State Level,Any,33462,47.33
2023-24,D Pharmacy,CAP Round III,01296,"Dr. Rajendra Gode College Of Pharmacy, Amravati",Amravati,Unaided,GNT2S,State Level,Any,33948,47.0
2023-24,D Pharmacy,CAP Round III,01296,"Dr. Rajendra Gode College Of Pharmacy, Amravati",Amravati,Unaided,GOBCS,State Level,Any,36024,45.0
2023-24,D Pharmacy,CAP Round III,01296,"Dr. Rajendra Gode College Of Pharmacy, Amravati",Amravati,Unaided,LOPENS,State Level,Ladies,7475,75.67
2023-24,D Pharmacy,CAP Round III,01296,"Dr. Rajendra Gode College Of Pharmacy, Amravati",Amravati,Unaided,LSCS,State Level,Ladies,30749,50.33
2023-24,D Pharmacy,CAP Round III,01296,"Dr. Rajendra Gode College Of Pharmacy, Amravati",Amravati,Unaided,LNT2S,State Level,Ladies,31009,50.0
2023-24,D Pharmacy,CAP Round III,01296,"Dr. Rajendra Gode College Of Pharmacy, Amravati",Amravati,Unaided,LOBCS,State Level,Ladies,33006,48.0
2023-24,D Pharmacy,CAP Round III,01296,"Dr. Rajendra Gode College Of Pharmacy, Amravati",Amravati,Unaided,EWS,Special,Any,31081,50.0
2023-24,D Pharmacy,CAP Round III,01296,"Dr. Rajendra Gode College Of Pharmacy, Amravati",Amravati,Unaided,DEFOPENS,State Level,Any,32857,48.0
2023-24,D Pharmacy,CAP Round III,01296,"Dr. Rajendra Gode College Of Pharmacy, Amravati",Amravati,Unaided,LSTS,State Level,Ladies,32986,48.0
2023-24,D Pharmacy,CAP Round III,01296,"Dr. Rajendra Gode College Of Pharmacy, Amravati",Amravati,Unaided,ORPHAN,Special,Any,33350,47.67
2023-24,D Pharmacy,CAP Round III,01299,"NK College of Pharmacy, Antraj Khamgaon",Buldhana,Unaided,GOPENS,State Level,Any,16806,65.33
2023-24,D Pharmacy,CAP Round III,01299,"NK College of Pharmacy, Antraj Khamgaon",Buldhana,Unaided,GSCS,State Level,Any,26074,55.33
2023-24,D Pharmacy,CAP Round III,01299,"NK College of Pharmacy, Antraj Khamgaon",Buldhana,Unaided,GOBCS,State Level,Any,30781,50.33
2023-24,D Pharmacy,CAP Round III,01299,"NK College of Pharmacy, Antraj Khamgaon",Buldhana,Unaided,LOPENS,State Level,Ladies,24048,57.67
2023-24,D Pharmacy,CAP Round III,01299,"NK College of Pharmacy, Antraj Khamgaon",Buldhana,Unaided,TFWS,Special,Any,10021,72.67
2023-24,D Pharmacy,CAP Round III,01299,"NK College of Pharmacy, Antraj Khamgaon",Buldhana,Unaided,LOBCS,State Level,Ladies,34080,47.0
2023-24,D Pharmacy,CAP Round III,01299,"NK College of Pharmacy, Antraj Khamgaon",Buldhana,Unaided,PWDOPENS,State Level,Any,32062,49.0
2023-24,D Pharmacy,CAP Round III,01299,"NK College of Pharmacy, Antraj Khamgaon",Buldhana,Unaided,DEFOPENS,State Level,Any,32502,48.33
2023-24,D Pharmacy,CAP Round III,01299,"NK College of Pharmacy, Antraj Khamgaon",Buldhana,Unaided,GSCS,State Level,Any,33369,47.67
2023-24,D Pharmacy,CAP Round III,01299,"NK College of Pharmacy, Antraj Khamgaon",Buldhana,Unaided,GSTS,State Level,Any,40614,40.67
2023-24,D Pharmacy,CAP Round III,01300,Laxminarayan College of Pharmacy,Amravati,Unaided,GOPENS,State Level,Any,21910,60.0
2023-24,D Pharmacy,CAP Round III,01300,Laxminarayan College of Pharmacy,Amravati,Unaided,GOBCS,State Level,Any,35097,46.0
2023-24,D Pharmacy,CAP Round III,01300,Laxminarayan College of Pharmacy,Amravati,Unaided,LOPENS,State Level,Ladies,20583,61.33
2023-24,D Pharmacy,CAP Round III,01300,Laxminarayan College of Pharmacy,Amravati,Unaided,LNT2S,State Level,Ladies,26623,54.67
2023-24,D Pharmacy,CAP Round III,01300,Laxminarayan College of Pharmacy,Amravati,Unaided,LOBCS,State Level,Ladies,23714,58.0
2023-24,D Pharmacy,CAP Round III,01300,Laxminarayan College of Pharmacy,Amravati,Unaided,TFWS,Special,Any,34644,46.33
2023-24,D Pharmacy,CAP Round III,01300,Laxminarayan College of Pharmacy,Amravati,Unaided,GSCS,State Level,Any,24526,57.0
2023-24,D Pharmacy,CAP Round III,01300,Laxminarayan College of Pharmacy,Amravati,Unaided,LSCS,State Level,Ladies,33893,47.0
2023-24,D Pharmacy,CAP Round III,01301,"Mauli Institute of Pharmacy & Research Centre, Washim",Washim,Unaided,GOPENS,State Level,Any,6292,77.33
2023-24,D Pharmacy,CAP Round III,01301,"Mauli Institute of Pharmacy & Research Centre, Washim",Washim,Unaided,GSCS,State Level,Any,8412,74.67
2023-24,D Pharmacy,CAP Round III,01301,"Mauli Institute of Pharmacy & Research Centre, Washim",Washim,Unaided,GSTS,State Level,Any,26228,55.33
2023-24,D Pharmacy,CAP Round III,01301,"Mauli Institute of Pharmacy & Research Centre, Washim",Washim,Unaided,GOBCS,State Level,Any,19198,62.67
2023-24,D Pharmacy,CAP Round III,01301,"Mauli Institute of Pharmacy & Research Centre, Washim",Washim,Unaided,LOPENS,State Level,Ladies,10041,72.67
2023-24,D Pharmacy,CAP Round III,01301,"Mauli Institute of Pharmacy & Research Centre, Washim",Washim,Unaided,LOBCS,State Level,Ladies,20909,61.0
2023-24,D Pharmacy,CAP Round III,01301,"Mauli Institute of Pharmacy & Research Centre, Washim",Washim,Unaided,EWS,Special,Any,28364,53.0
2023-24,D Pharmacy,CAP Round III,01301,"Mauli Institute of Pharmacy & Research Centre, Washim",Washim,Unaided,TFWS,Special,Any,20950,60.67
2023-24,D Pharmacy,CAP Round III,01301,"Mauli Institute of Pharmacy & Research Centre, Washim",Washim,Unaided,PWDOPENS,State Level,Any,13845,68.67
2023-24,D Pharmacy,CAP Round III,01301,"Mauli Institute of Pharmacy & Research Centre, Washim",Washim,Unaided,DEFOPENS,State Level,Any,17236,64.67
2023-24,D Pharmacy,CAP Round III,01301,"Mauli Institute of Pharmacy & Research Centre, Washim",Washim,Unaided,GSTS,State Level,Any,18277,63.67
2023-24,D Pharmacy,CAP Round III,01301,"Mauli Institute of Pharmacy & Research Centre, Washim",Washim,Unaided,LOBCS,State Level,Ladies,46433,35.0
2023-24,D Pharmacy,CAP Round III,01301,"Mauli Institute of Pharmacy & Research Centre, Washim",Washim,Unaided,GNT2S,State Level,Any,24651,57.0
2023-24,D Pharmacy,CAP Round III,01301,"Mauli Institute of Pharmacy & Research Centre, Washim",Washim,Unaided,LSTS,State Level,Ladies,22089,59.67
2023-24,D Pharmacy,CAP Round III,01303,"Satpuda Institute of Pharmacy, Shegaon",Buldhana,Unaided,GOPENS,State Level,Any,6809,76.67
2023-24,D Pharmacy,CAP Round III,01303,"Satpuda Institute of Pharmacy, Shegaon",Buldhana,Unaided,GNT1S,State Level,Any,24081,57.33
2023-24,D Pharmacy,CAP Round III,01303,"Satpuda Institute of Pharmacy, Shegaon",Buldhana,Unaided,EWS,Special,Any,26648,54.67
2023-24,D Pharmacy,CAP Round III,01303,"Satpuda Institute of Pharmacy, Shegaon",Buldhana,Unaided,DEFOPENS,State Level,Any,9294,73.67
2023-24,D Pharmacy,CAP Round III,01303,"Satpuda Institute of Pharmacy, Shegaon",Buldhana,Unaided,GVJS,State Level,Any,15531,66.67
2023-24,D Pharmacy,CAP Round III,01304,"Mahatma Phule Pharmacy College, Babhulgaon Dist. Akola",Akola,Unaided,GOPENS,State Level,Any,24070,57.33
2023-24,D Pharmacy,CAP Round III,01304,"Mahatma Phule Pharmacy College, Babhulgaon Dist. Akola",Akola,Unaided,GOBCS,State Level,Any,33391,47.67
2023-24,D Pharmacy,CAP Round III,01304,"Mahatma Phule Pharmacy College, Babhulgaon Dist. Akola",Akola,Unaided,LOPENS,State Level,Ladies,19048,62.67
2023-24,D Pharmacy,CAP Round III,01304,"Mahatma Phule Pharmacy College, Babhulgaon Dist. Akola",Akola,Unaided,LOBCS,State Level,Ladies,25865,55.67
2023-24,D Pharmacy,CAP Round III,01304,"Mahatma Phule Pharmacy College, Babhulgaon Dist. Akola",Akola,Unaided,TFWS,Special,Any,10638,72.0
2023-24,D Pharmacy,CAP Round III,01304,"Mahatma Phule Pharmacy College, Babhulgaon Dist. Akola",Akola,Unaided,PWDOPENS,State Level,Any,25591,56.0
2023-24,D Pharmacy,CAP Round III,01304,"Mahatma Phule Pharmacy College, Babhulgaon Dist. Akola",Akola,Unaided,DEFOPENS,State Level,Any,28115,53.0
2023-24,D Pharmacy,CAP Round III,01304,"Mahatma Phule Pharmacy College, Babhulgaon Dist. Akola",Akola,Unaided,GSTS,State Level,Any,37515,43.33
2023-24,D Pharmacy,CAP Round III,01304,"Mahatma Phule Pharmacy College, Babhulgaon Dist. Akola",Akola,Unaided,GNT1S,State Level,Any,40498,40.67
2023-24,D Pharmacy,CAP Round III,01304,"Mahatma Phule Pharmacy College, Babhulgaon Dist. Akola",Akola,Unaided,GNT2S,State Level,Any,44171,37.67
2023-24,D Pharmacy,CAP Round III,01304,"Mahatma Phule Pharmacy College, Babhulgaon Dist. Akola",Akola,Unaided,LSTS,State Level,Ladies,40470,40.67
2023-24,D Pharmacy,CAP Round III,01304,"Mahatma Phule Pharmacy College, Babhulgaon Dist. Akola",Akola,Unaided,LNT1S,State Level,Ladies,40783,40.33
2023-24,D Pharmacy,CAP Round III,01311,"Late Shri. S. B Purushottam College of Pharmacy, Patur, Dist-Akola",Akola,Unaided,GOPENS,State Level,Any,42255,39.33
2023-24,D Pharmacy,CAP Round III,01311,"Late Shri. S. B Purushottam College of Pharmacy, Patur, Dist-Akola",Akola,Unaided,LOPENS,State Level,Ladies,44288,37.33
2023-24,D Pharmacy,CAP Round III,01311,"Late Shri. S. B Purushottam College of Pharmacy, Patur, Dist-Akola",Akola,Unaided,TFWS,Special,Any,17198,64.67
2023-24,D Pharmacy,CAP Round III,02022,Maulana Azad Education Society's Kamla Nehru Polytechnic(Pharmacy) Aurangabad,Chhatrapati Sambhajinagar,Aided,GOPENS,State Level,Any,3970,80.67
2023-24,D Pharmacy,CAP Round III,02022,Maulana Azad Education Society's Kamla Nehru Polytechnic(Pharmacy) Aurangabad,Chhatrapati Sambhajinagar,Aided,LOPENS,State Level,Ladies,1513,86.0
2023-24,D Pharmacy,CAP Round III,02022,Maulana Azad Education Society's Kamla Nehru Polytechnic(Pharmacy) Aurangabad,Chhatrapati Sambhajinagar,Aided,TFWS,Special,Any,2208,84.0
2023-24,D Pharmacy,CAP Round III,02022,Maulana Azad Education Society's Kamla Nehru Polytechnic(Pharmacy) Aurangabad,Chhatrapati Sambhajinagar,Aided,GOPENS,State Level,Any,7185,76.33
2023-24,D Pharmacy,CAP Round III,02022,Maulana Azad Education Society's Kamla Nehru Polytechnic(Pharmacy) Aurangabad,Chhatrapati Sambhajinagar,Unaided,GOPENS,State Level,Any,26809,54.67
2023-24,D Pharmacy,CAP Round III,02022,Maulana Azad Education Society's Kamla Nehru Polytechnic(Pharmacy) Aurangabad,Chhatrapati Sambhajinagar,Unaided,LOPENS,State Level,Ladies,12712,69.67
2023-24,D Pharmacy,CAP Round III,02022,Maulana Azad Education Society's Kamla Nehru Polytechnic(Pharmacy) Aurangabad,Chhatrapati Sambhajinagar,Unaided,TFWS,Special,Any,5809,78.0
2023-24,D Pharmacy,CAP Round III,02022,Maulana Azad Education Society's Kamla Nehru Polytechnic(Pharmacy) Aurangabad,Chhatrapati Sambhajinagar,Unaided,GOPENS,State Level,Any,25232,56.33
2023-24,D Pharmacy,CAP Round III,02023,"Jai Bhavani Shikshan Prasarak Mandal's Institute Of Pharmacy, Gadhi Georai",Beed,Aided,GOPENS,State Level,Any,4881,79.33
2023-24,D Pharmacy,CAP Round III,02023,"Jai Bhavani Shikshan Prasarak Mandal's Institute Of Pharmacy, Gadhi Georai",Beed,Aided,GSCS,State Level,Any,14996,67.33
2023-24,D Pharmacy,CAP Round III,02023,"Jai Bhavani Shikshan Prasarak Mandal's Institute Of Pharmacy, Gadhi Georai",Beed,Aided,GSTS,State Level,Any,37941,43.0
2023-24,D Pharmacy,CAP Round III,02023,"Jai Bhavani Shikshan Prasarak Mandal's Institute Of Pharmacy, Gadhi Georai",Beed,Aided,GNT3S,State Level,Any,11832,70.67
2023-24,D Pharmacy,CAP Round III,02023,"Jai Bhavani Shikshan Prasarak Mandal's Institute Of Pharmacy, Gadhi Georai",Beed,Aided,GOBCS,State Level,Any,9633,73.33
2023-24,D Pharmacy,CAP Round III,02023,"Jai Bhavani Shikshan Prasarak Mandal's Institute Of Pharmacy, Gadhi Georai",Beed,Aided,LOPENS,State Level,Ladies,4161,80.33
2023-24,D Pharmacy,CAP Round III,02023,"Jai Bhavani Shikshan Prasarak Mandal's Institute Of Pharmacy, Gadhi Georai",Beed,Aided,EWS,Special,Any,4986,79.0
2023-24,D Pharmacy,CAP Round III,02023,"Jai Bhavani Shikshan Prasarak Mandal's Institute Of Pharmacy, Gadhi Georai",Beed,Aided,DEFOPENS,State Level,Any,5019,79.0
2023-24,D Pharmacy,CAP Round III,02023,"Jai Bhavani Shikshan Prasarak Mandal's Institute Of Pharmacy, Gadhi Georai",Beed,Aided,GSTS,State Level,Any,5396,78.67
2023-24,D Pharmacy,CAP Round III,02023,"Jai Bhavani Shikshan Prasarak Mandal's Institute Of Pharmacy, Gadhi Georai",Beed,Aided,GNT2S,State Level,Any,6005,77.67
2023-24,D Pharmacy,CAP Round III,02023,"Jai Bhavani Shikshan Prasarak Mandal's Institute Of Pharmacy, Gadhi Georai",Beed,Aided,LSTS,State Level,Ladies,5500,78.33
2023-24,D Pharmacy,CAP Round III,02023,"Jai Bhavani Shikshan Prasarak Mandal's Institute Of Pharmacy, Gadhi Georai",Beed,Aided,ORPHAN,Special,Any,6048,77.67
2023-24,D Pharmacy,CAP Round III,02024,"Maharashtra Shikshan Samiti's Maharashtra Polytechnic (D. Pharmacy) Institute, Nilanga, Latur",Latur,Aided,GOPENS,State Level,Any,9474,73.33
2023-24,D Pharmacy,CAP Round III,02024,"Maharashtra Shikshan Samiti's Maharashtra Polytechnic (D. Pharmacy) Institute, Nilanga, Latur",Latur,Aided,GSCS,State Level,Any,14525,68.0
2023-24,D Pharmacy,CAP Round III,02024,"Maharashtra Shikshan Samiti's Maharashtra Polytechnic (D. Pharmacy) Institute, Nilanga, Latur",Latur,Aided,GVJS,State Level,Any,17040,65.0
2023-24,D Pharmacy,CAP Round III,02024,"Maharashtra Shikshan Samiti's Maharashtra Polytechnic (D. Pharmacy) Institute, Nilanga, Latur",Latur,Aided,GOBCS,State Level,Any,17842,64.0
2023-24,D Pharmacy,CAP Round III,02024,"Maharashtra Shikshan Samiti's Maharashtra Polytechnic (D. Pharmacy) Institute, Nilanga, Latur",Latur,Aided,LOPENS,State Level,Ladies,8281,75.0
2023-24,D Pharmacy,CAP Round III,02024,"Maharashtra Shikshan Samiti's Maharashtra Polytechnic (D. Pharmacy) Institute, Nilanga, Latur",Latur,Aided,PWDOPENS,State Level,Any,9492,73.33
2023-24,D Pharmacy,CAP Round III,02024,"Maharashtra Shikshan Samiti's Maharashtra Polytechnic (D. Pharmacy) Institute, Nilanga, Latur",Latur,Aided,DEFOPENS,State Level,Any,10309,72.33
2023-24,D Pharmacy,CAP Round III,02024,"Maharashtra Shikshan Samiti's Maharashtra Polytechnic (D. Pharmacy) Institute, Nilanga, Latur",Latur,Aided,GSTS,State Level,Any,10923,71.67
2023-24,D Pharmacy,CAP Round III,02024,"Maharashtra Shikshan Samiti's Maharashtra Polytechnic (D. Pharmacy) Institute, Nilanga, Latur",Latur,Aided,GNT2S,State Level,Any,12298,70.33
2023-24,D Pharmacy,CAP Round III,02024,"Maharashtra Shikshan Samiti's Maharashtra Polytechnic (D. Pharmacy) Institute, Nilanga, Latur",Latur,Aided,LSTS,State Level,Ladies,11711,71.0
2023-24,D Pharmacy,CAP Round III,02025,Channabasweshwar (Polytechnic) College Latur,Latur,Aided,GOPENS,State Level,Any,11686,71.0
2023-24,D Pharmacy,CAP Round III,02025,Channabasweshwar (Polytechnic) College Latur,Latur,Aided,GSCS,State Level,Any,28397,53.0
2023-24,D Pharmacy,CAP Round III,02025,Channabasweshwar (Polytechnic) College Latur,Latur,Aided,GVJS,State Level,Any,13968,68.33
2023-24,D Pharmacy,CAP Round III,02025,Channabasweshwar (Polytechnic) College Latur,Latur,Aided,GOBCS,State Level,Any,25601,55.67
2023-24,D Pharmacy,CAP Round III,02025,Channabasweshwar (Polytechnic) College Latur,Latur,Aided,LOPENS,State Level,Ladies,7679,75.67
2023-24,D Pharmacy,CAP Round III,02025,Channabasweshwar (Polytechnic) College Latur,Latur,Aided,LSCS,State Level,Ladies,28285,53.0
2023-24,D Pharmacy,CAP Round III,02025,Channabasweshwar (Polytechnic) College Latur,Latur,Aided,LOBCS,State Level,Ladies,19049,62.67
2023-24,D Pharmacy,CAP Round III,02025,Channabasweshwar (Polytechnic) College Latur,Latur,Aided,EWS,Special,Any,11224,71.33
2023-24,D Pharmacy,CAP Round III,02025,Channabasweshwar (Polytechnic) College Latur,Latur,Aided,LNT1S,State Level,Ladies,13192,69.33
2023-24,D Pharmacy,CAP Round III,02025,Channabasweshwar (Polytechnic) College Latur,Latur,Aided,PWDOPENS,State Level,Any,11837,70.67
2023-24,D Pharmacy,CAP Round III,02025,Channabasweshwar (Polytechnic) College Latur,Latur,Aided,ORPHAN,Special,Any,12373,70.33
2023-24,D Pharmacy,CAP Round III,02026,"Shri Sharda Bhavan Education Society's Nanded Pharmacy College (Polytechnic), Nanded",Nanded,Aided,GOPENS,State Level,Any,3485,81.67
2023-24,D Pharmacy,CAP Round III,02026,"Shri Sharda Bhavan Education Society's Nanded Pharmacy College (Polytechnic), Nanded",Nanded,Aided,GSCS,State Level,Any,4581,79.67
2023-24,D Pharmacy,CAP Round III,02026,"Shri Sharda Bhavan Education Society's Nanded Pharmacy College (Polytechnic), Nanded",Nanded,Aided,GOBCS,State Level,Any,9446,73.33
2023-24,D Pharmacy,CAP Round III,02026,"Shri Sharda Bhavan Education Society's Nanded Pharmacy College (Polytechnic), Nanded",Nanded,Aided,LOPENS,State Level,Ladies,1654,85.33
2023-24,D Pharmacy,CAP Round III,02027,"Adarsh Shikshan Prasarak Mandal's Diploma In Pharmacy Institute, Osmanabad",Osmanabad,Aided,GOPENS,State Level,Any,15729,66.33
2023-24,D Pharmacy,CAP Round III,02027,"Adarsh Shikshan Prasarak Mandal's Diploma In Pharmacy Institute, Osmanabad",Osmanabad,Aided,GSCS,State Level,Any,44406,37.33
2023-24,D Pharmacy,CAP Round III,02027,"Adarsh Shikshan Prasarak Mandal's Diploma In Pharmacy Institute, Osmanabad",Osmanabad,Aided,GNT1S,State Level,Any,34414,46.67
2023-24,D Pharmacy,CAP Round III,02027,"Adarsh Shikshan Prasarak Mandal's Diploma In Pharmacy Institute, Osmanabad",Osmanabad,Aided,GNT3S,State Level,Any,33093,48.0
2023-24,D Pharmacy,CAP Round III,02027,"Adarsh Shikshan Prasarak Mandal's Diploma In Pharmacy Institute, Osmanabad",Osmanabad,Aided,GVJS,State Level,Any,35613,45.33
2023-24,D Pharmacy,CAP Round III,02027,"Adarsh Shikshan Prasarak Mandal's Diploma In Pharmacy Institute, Osmanabad",Osmanabad,Aided,GOBCS,State Level,Any,33054,48.0
2023-24,D Pharmacy,CAP Round III,02027,"Adarsh Shikshan Prasarak Mandal's Diploma In Pharmacy Institute, Osmanabad",Osmanabad,Aided,LOPENS,State Level,Ladies,10935,71.67
2023-24,D Pharmacy,CAP Round III,02027,"Adarsh Shikshan Prasarak Mandal's Diploma In Pharmacy Institute, Osmanabad",Osmanabad,Aided,TFWS,Special,Any,16582,65.33
2023-24,D Pharmacy,CAP Round III,02027,"Adarsh Shikshan Prasarak Mandal's Diploma In Pharmacy Institute, Osmanabad",Osmanabad,Aided,LNT1S,State Level,Ladies,43484,38.33
2023-24,D Pharmacy,CAP Round III,02027,"Adarsh Shikshan Prasarak Mandal's Diploma In Pharmacy Institute, Osmanabad",Osmanabad,Aided,PWDOPENS,State Level,Any,16583,65.33
2023-24,D Pharmacy,CAP Round III,02027,"Adarsh Shikshan Prasarak Mandal's Diploma In Pharmacy Institute, Osmanabad",Osmanabad,Aided,DEFOPENS,State Level,Any,16991,65.0
2023-24,D Pharmacy,CAP Round III,02027,"Adarsh Shikshan Prasarak Mandal's Diploma In Pharmacy Institute, Osmanabad",Osmanabad,Aided,GOBCS,State Level,Any,23430,58.33
2023-24,D Pharmacy,CAP Round III,02027,"Adarsh Shikshan Prasarak Mandal's Diploma In Pharmacy Institute, Osmanabad",Osmanabad,Aided,GSTS,State Level,Any,17367,64.67
2023-24,D Pharmacy,CAP Round III,02027,"Adarsh Shikshan Prasarak Mandal's Diploma In Pharmacy Institute, Osmanabad",Osmanabad,Aided,GNT2S,State Level,Any,17825,64.0
2023-24,D Pharmacy,CAP Round III,02027,"Adarsh Shikshan Prasarak Mandal's Diploma In Pharmacy Institute, Osmanabad",Osmanabad,Aided,LSCS,State Level,Ladies,17202,64.67
2023-24,D Pharmacy,CAP Round III,02027,"Adarsh Shikshan Prasarak Mandal's Diploma In Pharmacy Institute, Osmanabad",Osmanabad,Aided,LNT2S,State Level,Ladies,19343,62.33
2023-24,D Pharmacy,CAP Round III,02027,"Adarsh Shikshan Prasarak Mandal's Diploma In Pharmacy Institute, Osmanabad",Osmanabad,Aided,LVJS,State Level,Ladies,32989,48.0
2023-24,D Pharmacy,CAP Round III,02027,"Adarsh Shikshan Prasarak Mandal's Diploma In Pharmacy Institute, Osmanabad",Osmanabad,Aided,LOBCS,State Level,Ladies,23774,58.0
2023-24,D Pharmacy,CAP Round III,02027,"Adarsh Shikshan Prasarak Mandal's Diploma In Pharmacy Institute, Osmanabad",Osmanabad,Aided,ORPHAN,Special,Any,31047,50.0
2023-24,D Pharmacy,CAP Round III,02028,"Marathwada Shikshan Prasarak Mandal's Shri Shivaji Institute Of Pharmacy, Parbhani",Parbhani,Aided,GOPENS,State Level,Any,4139,80.33
2023-24,D Pharmacy,CAP Round III,02028,"Marathwada Shikshan Prasarak Mandal's Shri Shivaji Institute Of Pharmacy, Parbhani",Parbhani,Aided,GSCS,State Level,Any,24402,57.0
2023-24,D Pharmacy,CAP Round III,02028,"Marathwada Shikshan Prasarak Mandal's Shri Shivaji Institute Of Pharmacy, Parbhani",Parbhani,Aided,GSTS,State Level,Any,34433,46.33
2023-24,D Pharmacy,CAP Round III,02028,"Marathwada Shikshan Prasarak Mandal's Shri Shivaji Institute Of Pharmacy, Parbhani",Parbhani,Aided,GNT1S,State Level,Any,18962,63.0
2023-24,D Pharmacy,CAP Round III,02028,"Marathwada Shikshan Prasarak Mandal's Shri Shivaji Institute Of Pharmacy, Parbhani",Parbhani,Aided,GOBCS,State Level,Any,14897,67.33
2023-24,D Pharmacy,CAP Round III,02028,"Marathwada Shikshan Prasarak Mandal's Shri Shivaji Institute Of Pharmacy, Parbhani",Parbhani,Aided,LOPENS,State Level,Ladies,3632,81.33
2023-24,D Pharmacy,CAP Round III,02028,"Marathwada Shikshan Prasarak Mandal's Shri Shivaji Institute Of Pharmacy, Parbhani",Parbhani,Aided,LSCS,State Level,Ladies,8061,75.0
2023-24,D Pharmacy,CAP Round III,02028,"Marathwada Shikshan Prasarak Mandal's Shri Shivaji Institute Of Pharmacy, Parbhani",Parbhani,Aided,LOBCS,State Level,Ladies,9630,73.33
2023-24,D Pharmacy,CAP Round III,02028,"Marathwada Shikshan Prasarak Mandal's Shri Shivaji Institute Of Pharmacy, Parbhani",Parbhani,Aided,EWS,Special,Any,6860,76.67
2023-24,D Pharmacy,CAP Round III,02028,"Marathwada Shikshan Prasarak Mandal's Shri Shivaji Institute Of Pharmacy, Parbhani",Parbhani,Aided,ORPHAN,Special,Any,5670,78.33
2023-24,D Pharmacy,CAP Round III,02118,"Shree Bhairavnath Nisarg Mandal.'S Diploma In Pharmacy Institute, Hatta, Tal.Basmat",Hingoli,Unaided,GOPENS,State Level,Any,33814,47.0
2023-24,D Pharmacy,CAP Round III,02118,"Shree Bhairavnath Nisarg Mandal.'S Diploma In Pharmacy Institute, Hatta, Tal.Basmat",Hingoli,Unaided,GSCS,State Level,Any,41401,40.0
2023-24,D Pharmacy,CAP Round III,02118,"Shree Bhairavnath Nisarg Mandal.'S Diploma In Pharmacy Institute, Hatta, Tal.Basmat",Hingoli,Unaided,GNT3S,State Level,Any,36404,44.67
2023-24,D Pharmacy,CAP Round III,02118,"Shree Bhairavnath Nisarg Mandal.'S Diploma In Pharmacy Institute, Hatta, Tal.Basmat",Hingoli,Unaided,GOBCS,State Level,Any,39603,41.67
2023-24,D Pharmacy,CAP Round III,02118,"Shree Bhairavnath Nisarg Mandal.'S Diploma In Pharmacy Institute, Hatta, Tal.Basmat",Hingoli,Unaided,LOPENS,State Level,Ladies,37076,44.0
2023-24,D Pharmacy,CAP Round III,02118,"Shree Bhairavnath Nisarg Mandal.'S Diploma In Pharmacy Institute, Hatta, Tal.Basmat",Hingoli,Unaided,LOBCS,State Level,Ladies,40757,40.33
2023-24,D Pharmacy,CAP Round III,02118,"Shree Bhairavnath Nisarg Mandal.'S Diploma In Pharmacy Institute, Hatta, Tal.Basmat",Hingoli,Unaided,EWS,Special,Any,36368,44.67
2023-24,D Pharmacy,CAP Round III,02118,"Shree Bhairavnath Nisarg Mandal.'S Diploma In Pharmacy Institute, Hatta, Tal.Basmat",Hingoli,Unaided,DEFOPENS,State Level,Any,35748,45.33
2023-24,D Pharmacy,CAP Round III,02143,"Shri Dhaneshwari Manav Vikas Mandal's Diploma In Pharmacy Institute, At Post Gevrai Tanda, Paithan Road, Aurangabad.",Chhatrapati Sambhajinagar,Unaided,GOPENS,State Level,Any,17985,64.0
2023-24,D Pharmacy,CAP Round III,02143,"Shri Dhaneshwari Manav Vikas Mandal's Diploma In Pharmacy Institute, At Post Gevrai Tanda, Paithan Road, Aurangabad.",Chhatrapati Sambhajinagar,Unaided,GSCS,State Level,Any,25585,56.0
2023-24,D Pharmacy,CAP Round III,02143,"Shri Dhaneshwari Manav Vikas Mandal's Diploma In Pharmacy Institute, At Post Gevrai Tanda, Paithan Road, Aurangabad.",Chhatrapati Sambhajinagar,Unaided,GNT1S,State Level,Any,35206,45.67
2023-24,D Pharmacy,CAP Round III,02143,"Shri Dhaneshwari Manav Vikas Mandal's Diploma In Pharmacy Institute, At Post Gevrai Tanda, Paithan Road, Aurangabad.",Chhatrapati Sambhajinagar,Unaided,GNT3S,State Level,Any,25085,56.33
2023-24,D Pharmacy,CAP Round III,02143,"Shri Dhaneshwari Manav Vikas Mandal's Diploma In Pharmacy Institute, At Post Gevrai Tanda, Paithan Road, Aurangabad.",Chhatrapati Sambhajinagar,Unaided,LOPENS,State Level,Ladies,20201,61.67
2023-24,D Pharmacy,CAP Round III,02143,"Shri Dhaneshwari Manav Vikas Mandal's Diploma In Pharmacy Institute, At Post Gevrai Tanda, Paithan Road, Aurangabad.",Chhatrapati Sambhajinagar,Unaided,LOBCS,State Level,Ladies,28792,52.33
2023-24,D Pharmacy,CAP Round III,02143,"Shri Dhaneshwari Manav Vikas Mandal's Diploma In Pharmacy Institute, At Post Gevrai Tanda, Paithan Road, Aurangabad.",Chhatrapati Sambhajinagar,Unaided,EWS,Special,Any,15416,67.0
2023-24,D Pharmacy,CAP Round III,02143,"Shri Dhaneshwari Manav Vikas Mandal's Diploma In Pharmacy Institute, At Post Gevrai Tanda, Paithan Road, Aurangabad.",Chhatrapati Sambhajinagar,Unaided,DEFOPENS,State Level,Any,20633,61.33
2023-24,D Pharmacy,CAP Round III,02143,"Shri Dhaneshwari Manav Vikas Mandal's Diploma In Pharmacy Institute, At Post Gevrai Tanda, Paithan Road, Aurangabad.",Chhatrapati Sambhajinagar,Unaided,GVJS,State Level,Any,23204,58.33
2023-24,D Pharmacy,CAP Round III,02143,"Shri Dhaneshwari Manav Vikas Mandal's Diploma In Pharmacy Institute, At Post Gevrai Tanda, Paithan Road, Aurangabad.",Chhatrapati Sambhajinagar,Unaided,GOBCS,State Level,Any,29695,51.67
2023-24,D Pharmacy,CAP Round III,02143,"Shri Dhaneshwari Manav Vikas Mandal's Diploma In Pharmacy Institute, At Post Gevrai Tanda, Paithan Road, Aurangabad.",Chhatrapati Sambhajinagar,Unaided,LNT3S,State Level,Ladies,22592,59.0
2023-24,D Pharmacy,CAP Round III,02152,"Shivlingeshwar College of Pharmacy, Almala, Dist. Latur",Latur,Unaided,GOPENS,State Level,Any,38157,43.0
2023-24,D Pharmacy,CAP Round III,02152,"Shivlingeshwar College of Pharmacy, Almala, Dist. Latur",Latur,Unaided,LOPENS,State Level,Ladies,37504,43.33
2023-24,D Pharmacy,CAP Round III,02152,"Shivlingeshwar College of Pharmacy, Almala, Dist. Latur",Latur,Unaided,EWS,Special,Any,29421,51.67
2023-24,D Pharmacy,CAP Round III,02152,"Shivlingeshwar College of Pharmacy, Almala, Dist. Latur",Latur,Unaided,TFWS,Special,Any,43003,38.67
2023-24,D Pharmacy,CAP Round III,02152,"Shivlingeshwar College of Pharmacy, Almala, Dist. Latur",Latur,Unaided,PWDOPENS,State Level,Any,43231,38.33
2023-24,D Pharmacy,CAP Round III,02152,"Shivlingeshwar College of Pharmacy, Almala, Dist. Latur",Latur,Unaided,DEFOPENS,State Level,Any,45540,36.33
2023-24,D Pharmacy,CAP Round III,02152,"Shivlingeshwar College of Pharmacy, Almala, Dist. Latur",Latur,Unaided,GSCS,State Level,Any,45704,36.0
2023-24,D Pharmacy,CAP Round III,02152,"Shivlingeshwar College of Pharmacy, Almala, Dist. Latur",Latur,Unaided,LSCS,State Level,Ladies,46135,35.33
2023-24,D Pharmacy,CAP Round III,02154,"Shri. Dhaneshwari Manav Vikas Mandal's Dr. Vedprakash Patil Pharmacy, College, Gevrai, Aurangabad.",Chhatrapati Sambhajinagar,Unaided,GOPENS,State Level,Any,21685,60.0
2023-24,D Pharmacy,CAP Round III,02154,"Shri. Dhaneshwari Manav Vikas Mandal's Dr. Vedprakash Patil Pharmacy, College, Gevrai, Aurangabad.",Chhatrapati Sambhajinagar,Unaided,LOPENS,State Level,Ladies,13003,69.33
2023-24,D Pharmacy,CAP Round III,02154,"Shri. Dhaneshwari Manav Vikas Mandal's Dr. Vedprakash Patil Pharmacy, College, Gevrai, Aurangabad.",Chhatrapati Sambhajinagar,Unaided,DEFOPENS,State Level,Any,28384,53.0
2023-24,D Pharmacy,CAP Round III,02154,"Shri. Dhaneshwari Manav Vikas Mandal's Dr. Vedprakash Patil Pharmacy, College, Gevrai, Aurangabad.",Chhatrapati Sambhajinagar,Unaided,GOBCS,State Level,Any,30321,50.67
2023-24,D Pharmacy,CAP Round III,02154,"Shri. Dhaneshwari Manav Vikas Mandal's Dr. Vedprakash Patil Pharmacy, College, Gevrai, Aurangabad.",Chhatrapati Sambhajinagar,Unaided,ORPHAN,Special,Any,31538,49.67
2023-24,D Pharmacy,CAP Round III,02156,"Dayanand Education Society's Dayanand College of Pharmacy, Latur",Latur,Unaided,GOPENS,State Level,Any,19395,62.33
2023-24,D Pharmacy,CAP Round III,02156,"Dayanand Education Society's Dayanand College of Pharmacy, Latur",Latur,Unaided,GSTS,State Level,Any,25482,56.0
2023-24,D Pharmacy,CAP Round III,02156,"Dayanand Education Society's Dayanand College of Pharmacy, Latur",Latur,Unaided,GVJS,State Level,Any,36153,44.67
2023-24,D Pharmacy,CAP Round III,02156,"Dayanand Education Society's Dayanand College of Pharmacy, Latur",Latur,Unaided,GOBCS,State Level,Any,36798,44.0
2023-24,D Pharmacy,CAP Round III,02156,"Dayanand Education Society's Dayanand College of Pharmacy, Latur",Latur,Unaided,LSTS,State Level,Ladies,27865,53.33
2023-24,D Pharmacy,CAP Round III,02156,"Dayanand Education Society's Dayanand College of Pharmacy, Latur",Latur,Unaided,LOBCS,State Level,Ladies,35144,45.67
2023-24,D Pharmacy,CAP Round III,02156,"Dayanand Education Society's Dayanand College of Pharmacy, Latur",Latur,Unaided,LNT3S,State Level,Ladies,19489,62.33
2023-24,D Pharmacy,CAP Round III,02156,"Dayanand Education Society's Dayanand College of Pharmacy, Latur",Latur,Unaided,DEFOPENS,State Level,Any,24085,57.33
2023-24,D Pharmacy,CAP Round III,02156,"Dayanand Education Society's Dayanand College of Pharmacy, Latur",Latur,Unaided,GOBCS,State Level,Any,24868,56.67
2023-24,D Pharmacy,CAP Round III,02156,"Dayanand Education Society's Dayanand College of Pharmacy, Latur",Latur,Unaided,LSTS,State Level,Ladies,24715,56.67
2023-24,D Pharmacy,CAP Round III,02157,"Sahyog Sewabhavi Sanstha's Indira College of Pharmacy, Nanded",Nanded,Unaided,GOPENS,State Level,Any,15811,66.33
2023-24,D Pharmacy,CAP Round III,02157,"Sahyog Sewabhavi Sanstha's Indira College of Pharmacy, Nanded",Nanded,Unaided,GSCS,State Level,Any,21205,60.67
2023-24,D Pharmacy,CAP Round III,02157,"Sahyog Sewabhavi Sanstha's Indira College of Pharmacy, Nanded",Nanded,Unaided,GNT2S,State Level,Any,35046,46.0
2023-24,D Pharmacy,CAP Round III,02157,"Sahyog Sewabhavi Sanstha's Indira College of Pharmacy, Nanded",Nanded,Unaided,GOBCS,State Level,Any,28281,53.0
2023-24,D Pharmacy,CAP Round III,02157,"Sahyog Sewabhavi Sanstha's Indira College of Pharmacy, Nanded",Nanded,Unaided,LOPENS,State Level,Ladies,7479,75.67
2023-24,D Pharmacy,CAP Round III,02157,"Sahyog Sewabhavi Sanstha's Indira College of Pharmacy, Nanded",Nanded,Unaided,LOBCS,State Level,Ladies,15878,66.33
2023-24,D Pharmacy,CAP Round III,02157,"Sahyog Sewabhavi Sanstha's Indira College of Pharmacy, Nanded",Nanded,Unaided,EWS,Special,Any,17207,64.67
2023-24,D Pharmacy,CAP Round III,02157,"Sahyog Sewabhavi Sanstha's Indira College of Pharmacy, Nanded",Nanded,Unaided,PWDOPENS,State Level,Any,15949,66.33
2023-24,D Pharmacy,CAP Round III,02157,"Sahyog Sewabhavi Sanstha's Indira College of Pharmacy, Nanded",Nanded,Unaided,DEFOPENS,State Level,Any,17242,64.67
2023-24,D Pharmacy,CAP Round III,02157,"Sahyog Sewabhavi Sanstha's Indira College of Pharmacy, Nanded",Nanded,Unaided,GOBCS,State Level,Any,25631,55.67
2023-24,D Pharmacy,CAP Round III,02157,"Sahyog Sewabhavi Sanstha's Indira College of Pharmacy, Nanded",Nanded,Unaided,GVJS,State Level,Any,25628,55.67
2023-24,D Pharmacy,CAP Round III,02158,"Ramchandra Sanskritik Krida Mandal's R.D. Bhakt College of Pharmacy, Jalna",Jalna,Unaided,GOPENS,State Level,Any,33497,47.33
2023-24,D Pharmacy,CAP Round III,02158,"Ramchandra Sanskritik Krida Mandal's R.D. Bhakt College of Pharmacy, Jalna",Jalna,Unaided,LOPENS,State Level,Ladies,15993,66.33
2023-24,D Pharmacy,CAP Round III,02158,"Ramchandra Sanskritik Krida Mandal's R.D. Bhakt College of Pharmacy, Jalna",Jalna,Unaided,EWS,Special,Any,31961,49.0
2023-24,D Pharmacy,CAP Round III,02158,"Ramchandra Sanskritik Krida Mandal's R.D. Bhakt College of Pharmacy, Jalna",Jalna,Unaided,GSTS,State Level,Any,34920,46.0
2023-24,D Pharmacy,CAP Round III,02158,"Ramchandra Sanskritik Krida Mandal's R.D. Bhakt College of Pharmacy, Jalna",Jalna,Unaided,GNT2S,State Level,Any,35317,45.67
2023-24,D Pharmacy,CAP Round III,02158,"Ramchandra Sanskritik Krida Mandal's R.D. Bhakt College of Pharmacy, Jalna",Jalna,Unaided,GNT3S,State Level,Any,42059,39.33
2023-24,D Pharmacy,CAP Round III,02158,"Ramchandra Sanskritik Krida Mandal's R.D. Bhakt College of Pharmacy, Jalna",Jalna,Unaided,GOBCS,State Level,Any,43256,38.33
2023-24,D Pharmacy,CAP Round III,02158,"Ramchandra Sanskritik Krida Mandal's R.D. Bhakt College of Pharmacy, Jalna",Jalna,Unaided,LSTS,State Level,Ladies,34962,46.0
2023-24,D Pharmacy,CAP Round III,02158,"Ramchandra Sanskritik Krida Mandal's R.D. Bhakt College of Pharmacy, Jalna",Jalna,Unaided,LNT2S,State Level,Ladies,39995,41.33
2023-24,D Pharmacy,CAP Round III,02202,"Sayli Charitable Trust's College Of Pharmacy, Mitmita, Aurangabad.",Chhatrapati Sambhajinagar,Unaided,GOPENS,State Level,Any,14385,68.0
2023-24,D Pharmacy,CAP Round III,02202,"Sayli Charitable Trust's College Of Pharmacy, Mitmita, Aurangabad.",Chhatrapati Sambhajinagar,Unaided,GSCS,State Level,Any,15981,66.33
2023-24,D Pharmacy,CAP Round III,02202,"Sayli Charitable Trust's College Of Pharmacy, Mitmita, Aurangabad.",Chhatrapati Sambhajinagar,Unaided,GOBCS,State Level,Any,27859,53.33
2023-24,D Pharmacy,CAP Round III,02202,"Sayli Charitable Trust's College Of Pharmacy, Mitmita, Aurangabad.",Chhatrapati Sambhajinagar,Unaided,LNT3S,State Level,Ladies,16187,66.0
2023-24,D Pharmacy,CAP Round III,02202,"Sayli Charitable Trust's College Of Pharmacy, Mitmita, Aurangabad.",Chhatrapati Sambhajinagar,Unaided,EWS,Special,Any,27808,53.33
2023-24,D Pharmacy,CAP Round III,02202,"Sayli Charitable Trust's College Of Pharmacy, Mitmita, Aurangabad.",Chhatrapati Sambhajinagar,Unaided,PWDOPENS,State Level,Any,15979,66.33
2023-24,D Pharmacy,CAP Round III,02202,"Sayli Charitable Trust's College Of Pharmacy, Mitmita, Aurangabad.",Chhatrapati Sambhajinagar,Unaided,GSTS,State Level,Any,22692,59.0
2023-24,D Pharmacy,CAP Round III,02202,"Sayli Charitable Trust's College Of Pharmacy, Mitmita, Aurangabad.",Chhatrapati Sambhajinagar,Unaided,GNT2S,State Level,Any,16142,66.0
2023-24,D Pharmacy,CAP Round III,02202,"Sayli Charitable Trust's College Of Pharmacy, Mitmita, Aurangabad.",Chhatrapati Sambhajinagar,Unaided,GNT3S,State Level,Any,20806,61.0
2023-24,D Pharmacy,CAP Round III,02202,"Sayli Charitable Trust's College Of Pharmacy, Mitmita, Aurangabad.",Chhatrapati Sambhajinagar,Unaided,LSTS,State Level,Ladies,16079,66.0
2023-24,D Pharmacy,CAP Round III,02202,"Sayli Charitable Trust's College Of Pharmacy, Mitmita, Aurangabad.",Chhatrapati Sambhajinagar,Unaided,LVJS,State Level,Ladies,16775,65.33
2023-24,D Pharmacy,CAP Round III,02203,"Bhagwan Shikshan Prasarak Mandal's Dr. Y.S. Khedkar College Of Pharmacy, CIDCO, Aurangabad",Chhatrapati Sambhajinagar,Unaided,GOPENS,State Level,Any,11392,71.33
2023-24,D Pharmacy,CAP Round III,02203,"Bhagwan Shikshan Prasarak Mandal's Dr. Y.S. Khedkar College Of Pharmacy, CIDCO, Aurangabad",Chhatrapati Sambhajinagar,Unaided,GOBCS,State Level,Any,17244,64.67
2023-24,D Pharmacy,CAP Round III,02203,"Bhagwan Shikshan Prasarak Mandal's Dr. Y.S. Khedkar College Of Pharmacy, CIDCO, Aurangabad",Chhatrapati Sambhajinagar,Unaided,LOPENS,State Level,Ladies,9247,73.67
2023-24,D Pharmacy,CAP Round III,02203,"Bhagwan Shikshan Prasarak Mandal's Dr. Y.S. Khedkar College Of Pharmacy, CIDCO, Aurangabad",Chhatrapati Sambhajinagar,Unaided,LSCS,State Level,Ladies,23305,58.33
2023-24,D Pharmacy,CAP Round III,02205,"Anand Charitable sanstha's College of Pharmacy, Ashti, Dist. Beed",Beed,Unaided,GOPENS,State Level,Any,13335,69.0
2023-24,D Pharmacy,CAP Round III,02205,"Anand Charitable sanstha's College of Pharmacy, Ashti, Dist. Beed",Beed,Unaided,GOBCS,State Level,Any,30902,50.33
2023-24,D Pharmacy,CAP Round III,02205,"Anand Charitable sanstha's College of Pharmacy, Ashti, Dist. Beed",Beed,Unaided,LOBCS,State Level,Ladies,23640,58.0
2023-24,D Pharmacy,CAP Round III,02205,"Anand Charitable sanstha's College of Pharmacy, Ashti, Dist. Beed",Beed,Unaided,TFWS,Special,Any,6705,76.67
2023-24,D Pharmacy,CAP Round III,02205,"Anand Charitable sanstha's College of Pharmacy, Ashti, Dist. Beed",Beed,Unaided,PWDOPENS,State Level,Any,13349,69.0
2023-24,D Pharmacy,CAP Round III,02205,"Anand Charitable sanstha's College of Pharmacy, Ashti, Dist. Beed",Beed,Unaided,GOBCS,State Level,Any,15136,67.0
2023-24,D Pharmacy,CAP Round III,02205,"Anand Charitable sanstha's College of Pharmacy, Ashti, Dist. Beed",Beed,Unaided,GNT1S,State Level,Any,14072,68.33
2023-24,D Pharmacy,CAP Round III,02205,"Anand Charitable sanstha's College of Pharmacy, Ashti, Dist. Beed",Beed,Unaided,LSTS,State Level,Ladies,15487,66.67
2023-24,D Pharmacy,CAP Round III,02205,"Anand Charitable sanstha's College of Pharmacy, Ashti, Dist. Beed",Beed,Unaided,LNT1S,State Level,Ladies,14135,68.33
2023-24,D Pharmacy,CAP Round III,02206,"Adarsh Shikshan Sansta's Colllege of Pharmacy, Beed",Beed,Unaided,GOPENS,State Level,Any,10344,72.33
2023-24,D Pharmacy,CAP Round III,02206,"Adarsh Shikshan Sansta's Colllege of Pharmacy, Beed",Beed,Unaided,GOBCS,State Level,Any,13506,69.0
2023-24,D Pharmacy,CAP Round III,02206,"Adarsh Shikshan Sansta's Colllege of Pharmacy, Beed",Beed,Unaided,LOPENS,State Level,Ladies,8289,75.0
2023-24,D Pharmacy,CAP Round III,02206,"Adarsh Shikshan Sansta's Colllege of Pharmacy, Beed",Beed,Unaided,EWS,Special,Any,7033,76.33
2023-24,D Pharmacy,CAP Round III,02206,"Adarsh Shikshan Sansta's Colllege of Pharmacy, Beed",Beed,Unaided,GSCS,State Level,Any,10456,72.33
2023-24,D Pharmacy,CAP Round III,02206,"Adarsh Shikshan Sansta's Colllege of Pharmacy, Beed",Beed,Unaided,LSCS,State Level,Ladies,11026,71.67
2023-24,D Pharmacy,CAP Round III,02208,"Navgan Shikshan Sanstha's P.V.P. College Of Pharmacy, Patoda, Beed",Beed,Unaided,GOPENS,State Level,Any,19206,62.67
2023-24,D Pharmacy,CAP Round III,02208,"Navgan Shikshan Sanstha's P.V.P. College Of Pharmacy, Patoda, Beed",Beed,Unaided,GNT3S,State Level,Any,43929,37.67
2023-24,D Pharmacy,CAP Round III,02208,"Navgan Shikshan Sanstha's P.V.P. College Of Pharmacy, Patoda, Beed",Beed,Unaided,PWDOPENS,State Level,Any,19491,62.33
2023-24,D Pharmacy,CAP Round III,02208,"Navgan Shikshan Sanstha's P.V.P. College Of Pharmacy, Patoda, Beed",Beed,Unaided,GSCS,State Level,Any,19791,62.0
2023-24,D Pharmacy,CAP Round III,02208,"Navgan Shikshan Sanstha's P.V.P. College Of Pharmacy, Patoda, Beed",Beed,Unaided,GSTS,State Level,Any,21425,60.33
2023-24,D Pharmacy,CAP Round III,02208,"Navgan Shikshan Sanstha's P.V.P. College Of Pharmacy, Patoda, Beed",Beed,Unaided,GNT2S,State Level,Any,24276,57.33
2023-24,D Pharmacy,CAP Round III,02208,"Navgan Shikshan Sanstha's P.V.P. College Of Pharmacy, Patoda, Beed",Beed,Unaided,GOBCS,State Level,Any,42681,39.0
2023-24,D Pharmacy,CAP Round III,02209,"Shree Balaji Shikshan Prasarak's Institute of Pharmacy, Ambejogai, Dist. Beed.",Beed,Unaided,GOPENS,State Level,Any,29819,51.33
2023-24,D Pharmacy,CAP Round III,02209,"Shree Balaji Shikshan Prasarak's Institute of Pharmacy, Ambejogai, Dist. Beed.",Beed,Unaided,GNT3S,State Level,Any,41184,40.0
2023-24,D Pharmacy,CAP Round III,02209,"Shree Balaji Shikshan Prasarak's Institute of Pharmacy, Ambejogai, Dist. Beed.",Beed,Unaided,GOBCS,State Level,Any,39485,41.67
2023-24,D Pharmacy,CAP Round III,02209,"Shree Balaji Shikshan Prasarak's Institute of Pharmacy, Ambejogai, Dist. Beed.",Beed,Unaided,EWS,Special,Any,7661,75.67
2023-24,D Pharmacy,CAP Round III,02209,"Shree Balaji Shikshan Prasarak's Institute of Pharmacy, Ambejogai, Dist. Beed.",Beed,Unaided,TFWS,Special,Any,1781,85.0
2023-24,D Pharmacy,CAP Round III,02209,"Shree Balaji Shikshan Prasarak's Institute of Pharmacy, Ambejogai, Dist. Beed.",Beed,Unaided,GSCS,State Level,Any,46326,35.0
2023-24,D Pharmacy,CAP Round III,02212,"Ramchandra Sansrutik Krida Mandal's C.P.College of Pharmacy, Jalna",Jalna,Unaided,GOPENS,State Level,Any,16981,65.0
2023-24,D Pharmacy,CAP Round III,02212,"Ramchandra Sansrutik Krida Mandal's C.P.College of Pharmacy, Jalna",Jalna,Unaided,LOPENS,State Level,Ladies,30352,50.67
2023-24,D Pharmacy,CAP Round III,02212,"Ramchandra Sansrutik Krida Mandal's C.P.College of Pharmacy, Jalna",Jalna,Unaided,EWS,Special,Any,18128,63.67
2023-24,D Pharmacy,CAP Round III,02213,"Jalana Education Society's Institute Of Pharmacy,Jalna",Jalna,Unaided,GOPENS,State Level,Any,22748,59.0
2023-24,D Pharmacy,CAP Round III,02213,"Jalana Education Society's Institute Of Pharmacy,Jalna",Jalna,Unaided,LOPENS,State Level,Ladies,20719,61.0
2023-24,D Pharmacy,CAP Round III,02213,"Jalana Education Society's Institute Of Pharmacy,Jalna",Jalna,Unaided,EWS,Special,Any,13690,68.67
2023-24,D Pharmacy,CAP Round III,02214,"Mahatma Basveshwar Education Soc., College of Pharmacy, Barshi Road, Latur",Latur,Unaided,GOPENS,State Level,Any,44629,37.0
2023-24,D Pharmacy,CAP Round III,02214,"Mahatma Basveshwar Education Soc., College of Pharmacy, Barshi Road, Latur",Latur,Unaided,LOPENS,State Level,Ladies,36774,44.0
2023-24,D Pharmacy,CAP Round III,02214,"Mahatma Basveshwar Education Soc., College of Pharmacy, Barshi Road, Latur",Latur,Unaided,EWS,Special,Any,29264,52.0
2023-24,D Pharmacy,CAP Round III,02215,"Shri Vishweshwar Shikshan Prasarak Mandal's Swa.Dagdojirao Deshmukh D.Pharmacy College, Ausa,(Almala) Dist. Latur",Latur,Unaided,GOPENS,State Level,Any,27925,53.33
2023-24,D Pharmacy,CAP Round III,02215,"Shri Vishweshwar Shikshan Prasarak Mandal's Swa.Dagdojirao Deshmukh D.Pharmacy College, Ausa,(Almala) Dist. Latur",Latur,Unaided,LOPENS,State Level,Ladies,37168,43.67
2023-24,D Pharmacy,CAP Round III,02215,"Shri Vishweshwar Shikshan Prasarak Mandal's Swa.Dagdojirao Deshmukh D.Pharmacy College, Ausa,(Almala) Dist. Latur",Latur,Unaided,EWS,Special,Any,34130,46.67
2023-24,D Pharmacy,CAP Round III,02216,"Sahayog Sevabhavi Sanstha's College of Pharmacy, Vishnupuri, Nanded.",Nanded,Unaided,GOPENS,State Level,Any,28277,53.0
2023-24,D Pharmacy,CAP Round III,02216,"Sahayog Sevabhavi Sanstha's College of Pharmacy, Vishnupuri, Nanded.",Nanded,Unaided,GSCS,State Level,Any,36823,44.0
2023-24,D Pharmacy,CAP Round III,02216,"Sahayog Sevabhavi Sanstha's College of Pharmacy, Vishnupuri, Nanded.",Nanded,Unaided,GNT3S,State Level,Any,32786,48.0
2023-24,D Pharmacy,CAP Round III,02216,"Sahayog Sevabhavi Sanstha's College of Pharmacy, Vishnupuri, Nanded.",Nanded,Unaided,LOPENS,State Level,Ladies,3748,81.0
2023-24,D Pharmacy,CAP Round III,02216,"Sahayog Sevabhavi Sanstha's College of Pharmacy, Vishnupuri, Nanded.",Nanded,Unaided,LSCS,State Level,Ladies,28385,53.0
2023-24,D Pharmacy,CAP Round III,02216,"Sahayog Sevabhavi Sanstha's College of Pharmacy, Vishnupuri, Nanded.",Nanded,Unaided,PWDOPENS,State Level,Any,35440,45.33
2023-24,D Pharmacy,CAP Round III,02216,"Sahayog Sevabhavi Sanstha's College of Pharmacy, Vishnupuri, Nanded.",Nanded,Unaided,EWS,Special,Any,11816,70.67
2023-24,D Pharmacy,CAP Round III,02216,"Sahayog Sevabhavi Sanstha's College of Pharmacy, Vishnupuri, Nanded.",Nanded,Unaided,DEFOPENS,State Level,Any,28349,53.0
2023-24,D Pharmacy,CAP Round III,02216,"Sahayog Sevabhavi Sanstha's College of Pharmacy, Vishnupuri, Nanded.",Nanded,Unaided,LOBCS,State Level,Ladies,31876,49.0
2023-24,D Pharmacy,CAP Round III,02218,"Education Society Naigaon Diploma in Pharmacy, Nanded.",Nanded,Unaided,GOPENS,State Level,Any,32081,49.0
2023-24,D Pharmacy,CAP Round III,02218,"Education Society Naigaon Diploma in Pharmacy, Nanded.",Nanded,Unaided,GSCS,State Level,Any,41820,39.67
2023-24,D Pharmacy,CAP Round III,02218,"Education Society Naigaon Diploma in Pharmacy, Nanded.",Nanded,Unaided,GNT3S,State Level,Any,45796,36.0
2023-24,D Pharmacy,CAP Round III,02218,"Education Society Naigaon Diploma in Pharmacy, Nanded.",Nanded,Unaided,LOPENS,State Level,Ladies,12160,70.33
2023-24,D Pharmacy,CAP Round III,02218,"Education Society Naigaon Diploma in Pharmacy, Nanded.",Nanded,Unaided,PWDOPENS,State Level,Any,32647,48.33
2023-24,D Pharmacy,CAP Round III,02218,"Education Society Naigaon Diploma in Pharmacy, Nanded.",Nanded,Unaided,DEFOPENS,State Level,Any,34375,46.67
2023-24,D Pharmacy,CAP Round III,02218,"Education Society Naigaon Diploma in Pharmacy, Nanded.",Nanded,Unaided,GSTS,State Level,Any,44183,37.67
2023-24,D Pharmacy,CAP Round III,02218,"Education Society Naigaon Diploma in Pharmacy, Nanded.",Nanded,Unaided,GNT1S,State Level,Any,45088,36.67
2023-24,D Pharmacy,CAP Round III,02218,"Education Society Naigaon Diploma in Pharmacy, Nanded.",Nanded,Unaided,GOBCS,State Level,Any,46463,35.0
2023-24,D Pharmacy,CAP Round III,02219,"Shree Bhairavnath Nisarga Mandal's D. Pharmacy College, Aalani",Ahmednagar,Unaided,LOPENS,State Level,Ladies,26987,54.33
2023-24,D Pharmacy,CAP Round III,02219,"Shree Bhairavnath Nisarga Mandal's D. Pharmacy College, Aalani",Ahmednagar,Unaided,EWS,Special,Any,31041,50.0
2023-24,D Pharmacy,CAP Round III,02219,"Shree Bhairavnath Nisarga Mandal's D. Pharmacy College, Aalani",Ahmednagar,Unaided,LOPENS,State Level,Ladies,27495,53.67
2023-24,D Pharmacy,CAP Round III,02219,"Shree Bhairavnath Nisarga Mandal's D. Pharmacy College, Aalani",Ahmednagar,Unaided,GSCS,State Level,Any,42896,38.67
2023-24,D Pharmacy,CAP Round III,02220,"Anandgram Krushi Vikas Mandals Late Maharudra Bappa Mote College of Pharmacy, Girwali Tal. Bhoom",Osmanabad,Unaided,LSCS,State Level,Ladies,42513,39.0
2023-24,D Pharmacy,CAP Round III,02220,"Anandgram Krushi Vikas Mandals Late Maharudra Bappa Mote College of Pharmacy, Girwali Tal. Bhoom",Osmanabad,Unaided,DEFOPENS,State Level,Any,25813,55.67
2023-24,D Pharmacy,CAP Round III,02220,"Anandgram Krushi Vikas Mandals Late Maharudra Bappa Mote College of Pharmacy, Girwali Tal. Bhoom",Osmanabad,Unaided,GSCS,State Level,Any,26350,55.0
2023-24,D Pharmacy,CAP Round III,02220,"Anandgram Krushi Vikas Mandals Late Maharudra Bappa Mote College of Pharmacy, Girwali Tal. Bhoom",Osmanabad,Unaided,GSTS,State Level,Any,37849,43.0
2023-24,D Pharmacy,CAP Round III,02220,"Anandgram Krushi Vikas Mandals Late Maharudra Bappa Mote College of Pharmacy, Girwali Tal. Bhoom",Osmanabad,Unaided,GNT1S,State Level,Any,45812,36.0
2023-24,D Pharmacy,CAP Round III,02222,"Durgamata Institute Of Pharmacy, (D.Pharm), Parbhani",Parbhani,Unaided,GOPENS,State Level,Any,43831,38.0
2023-24,D Pharmacy,CAP Round III,02222,"Durgamata Institute Of Pharmacy, (D.Pharm), Parbhani",Parbhani,Unaided,LOPENS,State Level,Ladies,39307,41.67
2023-24,D Pharmacy,CAP Round III,02222,"Durgamata Institute Of Pharmacy, (D.Pharm), Parbhani",Parbhani,Unaided,EWS,Special,Any,35907,45.0
2023-24,D Pharmacy,CAP Round III,02223,"Vivekvardhini Sevabhavi Sanstha's Diploma Pharmacy College, Pingali",Parbhani,Unaided,GOPENS,State Level,Any,29603,51.67
2023-24,D Pharmacy,CAP Round III,02223,"Vivekvardhini Sevabhavi Sanstha's Diploma Pharmacy College, Pingali",Parbhani,Unaided,GOBCS,State Level,Any,43648,38.0
2023-24,D Pharmacy,CAP Round III,02223,"Vivekvardhini Sevabhavi Sanstha's Diploma Pharmacy College, Pingali",Parbhani,Unaided,LOBCS,State Level,Ladies,31811,49.33
2023-24,D Pharmacy,CAP Round III,02223,"Vivekvardhini Sevabhavi Sanstha's Diploma Pharmacy College, Pingali",Parbhani,Unaided,TFWS,Special,Any,23555,58.0
2023-24,D Pharmacy,CAP Round III,02223,"Vivekvardhini Sevabhavi Sanstha's Diploma Pharmacy College, Pingali",Parbhani,Unaided,LNT3S,State Level,Ladies,40768,40.33
2023-24,D Pharmacy,CAP Round III,02223,"Vivekvardhini Sevabhavi Sanstha's Diploma Pharmacy College, Pingali",Parbhani,Unaided,DEFOPENS,State Level,Any,38167,43.0
2023-24,D Pharmacy,CAP Round III,02253,"Channabasweshwar Pharmacy College ( Degree), Latur",Latur,Unaided,GOPENS,State Level,Any,32638,48.33
2023-24,D Pharmacy,CAP Round III,02253,"Channabasweshwar Pharmacy College ( Degree), Latur",Latur,Unaided,LOPENS,State Level,Ladies,24067,57.33
2023-24,D Pharmacy,CAP Round III,02253,"Channabasweshwar Pharmacy College ( Degree), Latur",Latur,Unaided,EWS,Special,Any,26587,54.67
2023-24,D Pharmacy,CAP Round III,02253,"Channabasweshwar Pharmacy College ( Degree), Latur",Latur,Unaided,PWDOPENS,State Level,Any,32908,48.0
2023-24,D Pharmacy,CAP Round III,02253,"Channabasweshwar Pharmacy College ( Degree), Latur",Latur,Unaided,DEFOPENS,State Level,Any,33027,48.0
2023-24,D Pharmacy,CAP Round III,02253,"Channabasweshwar Pharmacy College ( Degree), Latur",Latur,Unaided,GSTS,State Level,Any,44277,37.33
2023-24,D Pharmacy,CAP Round III,02514,"Oyster Institute of Pharmacy, Aurangabad.",Chhatrapati Sambhajinagar,Unaided,GSCS,State Level,Any,13589,68.67
2023-24,D Pharmacy,CAP Round III,02514,"Oyster Institute of Pharmacy, Aurangabad.",Chhatrapati Sambhajinagar,Unaided,LOPENS,State Level,Ladies,24468,57.0
2023-24,D Pharmacy,CAP Round III,02514,"Oyster Institute of Pharmacy, Aurangabad.",Chhatrapati Sambhajinagar,Unaided,EWS,Special,Any,30275,51.0
2023-24,D Pharmacy,CAP Round III,02514,"Oyster Institute of Pharmacy, Aurangabad.",Chhatrapati Sambhajinagar,Unaided,TFWS,Special,Any,34678,46.33
2023-24,D Pharmacy,CAP Round III,02514,"Oyster Institute of Pharmacy, Aurangabad.",Chhatrapati Sambhajinagar,Unaided,GSTS,State Level,Any,13476,69.0
2023-24,D Pharmacy,CAP Round III,02514,"Oyster Institute of Pharmacy, Aurangabad.",Chhatrapati Sambhajinagar,Unaided,GNT3S,State Level,Any,33980,47.0
2023-24,D Pharmacy,CAP Round III,02514,"Oyster Institute of Pharmacy, Aurangabad.",Chhatrapati Sambhajinagar,Unaided,GVJS,State Level,Any,27399,54.0
2023-24,D Pharmacy,CAP Round III,02514,"Oyster Institute of Pharmacy, Aurangabad.",Chhatrapati Sambhajinagar,Unaided,GOBCS,State Level,Any,31960,49.0
2023-24,D Pharmacy,CAP Round III,02514,"Oyster Institute of Pharmacy, Aurangabad.",Chhatrapati Sambhajinagar,Unaided,LSTS,State Level,Ladies,19142,62.67
2023-24,D Pharmacy,CAP Round III,02514,"Oyster Institute of Pharmacy, Aurangabad.",Chhatrapati Sambhajinagar,Unaided,LNT3S,State Level,Ladies,26330,55.0
2023-24,D Pharmacy,CAP Round III,02514,"Oyster Institute of Pharmacy, Aurangabad.",Chhatrapati Sambhajinagar,Unaided,LOBCS,State Level,Ladies,33945,47.0
2023-24,D Pharmacy,CAP Round III,02539,"Rajesh Bhaiyya Tope College of Pharmacy, Aurangabad",Chhatrapati Sambhajinagar,Unaided,GOPENS,State Level,Any,26461,55.0
2023-24,D Pharmacy,CAP Round III,02539,"Rajesh Bhaiyya Tope College of Pharmacy, Aurangabad",Chhatrapati Sambhajinagar,Unaided,GSCS,State Level,Any,43568,38.0
2023-24,D Pharmacy,CAP Round III,02539,"Rajesh Bhaiyya Tope College of Pharmacy, Aurangabad",Chhatrapati Sambhajinagar,Unaided,GNT2S,State Level,Any,32055,49.0
2023-24,D Pharmacy,CAP Round III,02539,"Rajesh Bhaiyya Tope College of Pharmacy, Aurangabad",Chhatrapati Sambhajinagar,Unaided,LOPENS,State Level,Ladies,24490,57.0
2023-24,D Pharmacy,CAP Round III,02539,"Rajesh Bhaiyya Tope College of Pharmacy, Aurangabad",Chhatrapati Sambhajinagar,Unaided,LSCS,State Level,Ladies,31475,49.67
2023-24,D Pharmacy,CAP Round III,02539,"Rajesh Bhaiyya Tope College of Pharmacy, Aurangabad",Chhatrapati Sambhajinagar,Unaided,EWS,Special,Any,13516,69.0
2023-24,D Pharmacy,CAP Round III,02539,"Rajesh Bhaiyya Tope College of Pharmacy, Aurangabad",Chhatrapati Sambhajinagar,Unaided,TFWS,Special,Any,12711,69.67
2023-24,D Pharmacy,CAP Round III,02539,"Rajesh Bhaiyya Tope College of Pharmacy, Aurangabad",Chhatrapati Sambhajinagar,Unaided,GVJS,State Level,Any,28308,53.0
2023-24,D Pharmacy,CAP Round III,02539,"Rajesh Bhaiyya Tope College of Pharmacy, Aurangabad",Chhatrapati Sambhajinagar,Unaided,GOBCS,State Level,Any,35480,45.33
2023-24,D Pharmacy,CAP Round III,02539,"Rajesh Bhaiyya Tope College of Pharmacy, Aurangabad",Chhatrapati Sambhajinagar,Unaided,LSTS,State Level,Ladies,26531,55.0
2023-24,D Pharmacy,CAP Round III,02539,"Rajesh Bhaiyya Tope College of Pharmacy, Aurangabad",Chhatrapati Sambhajinagar,Unaided,LNT3S,State Level,Ladies,27725,53.67
2023-24,D Pharmacy,CAP Round III,02539,"Rajesh Bhaiyya Tope College of Pharmacy, Aurangabad",Chhatrapati Sambhajinagar,Unaided,LOBCS,State Level,Ladies,40410,40.67
2023-24,D Pharmacy,CAP Round III,02541,"Sarswati Institute of Pharmacy, Kurtadi, Hingoli",Hingoli,Unaided,GVJS,State Level,Any,31601,49.33
2023-24,D Pharmacy,CAP Round III,02541,"Sarswati Institute of Pharmacy, Kurtadi, Hingoli",Hingoli,Unaided,GOBCS,State Level,Any,31890,49.0
2023-24,D Pharmacy,CAP Round III,02541,"Sarswati Institute of Pharmacy, Kurtadi, Hingoli",Hingoli,Unaided,LOPENS,State Level,Ladies,11302,71.33
2023-24,D Pharmacy,CAP Round III,02541,"Sarswati Institute of Pharmacy, Kurtadi, Hingoli",Hingoli,Unaided,LNT1S,State Level,Ladies,29835,51.33
2023-24,D Pharmacy,CAP Round III,02542,"Aditya Diploma Institute of Pharmacy, Beed",Beed,Unaided,GOPENS,State Level,Any,13245,69.33
2023-24,D Pharmacy,CAP Round III,02542,"Aditya Diploma Institute of Pharmacy, Beed",Beed,Unaided,GVJS,State Level,Any,23106,58.67
2023-24,D Pharmacy,CAP Round III,02542,"Aditya Diploma Institute of Pharmacy, Beed",Beed,Unaided,LOPENS,State Level,Ladies,13061,69.33
2023-24,D Pharmacy,CAP Round III,02542,"Aditya Diploma Institute of Pharmacy, Beed",Beed,Unaided,EWS,Special,Any,24059,57.67
2023-24,D Pharmacy,CAP Round III,02542,"Aditya Diploma Institute of Pharmacy, Beed",Beed,Unaided,PWDOPENS,State Level,Any,14090,68.33
2023-24,D Pharmacy,CAP Round III,02542,"Aditya Diploma Institute of Pharmacy, Beed",Beed,Unaided,DEFOPENS,State Level,Any,14959,67.33
2023-24,D Pharmacy,CAP Round III,02542,"Aditya Diploma Institute of Pharmacy, Beed",Beed,Unaided,GSTS,State Level,Any,14971,67.33
2023-24,D Pharmacy,CAP Round III,02542,"Aditya Diploma Institute of Pharmacy, Beed",Beed,Unaided,LSTS,State Level,Ladies,15187,67.0
2023-24,D Pharmacy,CAP Round III,02543,"Aditya Pharmacy College, Beed",Beed,Unaided,GOPENS,State Level,Any,17581,64.33
2023-24,D Pharmacy,CAP Round III,02543,"Aditya Pharmacy College, Beed",Beed,Unaided,GSCS,State Level,Any,30089,51.0
2023-24,D Pharmacy,CAP Round III,02543,"Aditya Pharmacy College, Beed",Beed,Unaided,GOBCS,State Level,Any,18364,63.67
2023-24,D Pharmacy,CAP Round III,02543,"Aditya Pharmacy College, Beed",Beed,Unaided,LOPENS,State Level,Ladies,18927,63.0
2023-24,D Pharmacy,CAP Round III,02543,"Aditya Pharmacy College, Beed",Beed,Unaided,DEFOPENS,State Level,Any,25170,56.33
2023-24,D Pharmacy,CAP Round III,02543,"Aditya Pharmacy College, Beed",Beed,Unaided,GOBCS,State Level,Any,26903,54.33
2023-24,D Pharmacy,CAP Round III,02543,"Aditya Pharmacy College, Beed",Beed,Unaided,LSCS,State Level,Ladies,25186,56.33
2023-24,D Pharmacy,CAP Round III,02543,"Aditya Pharmacy College, Beed",Beed,Unaided,LSTS,State Level,Ladies,25489,56.0
2023-24,D Pharmacy,CAP Round III,02543,"Aditya Pharmacy College, Beed",Beed,Unaided,LOBCS,State Level,Ladies,41339,40.0
2023-24,D Pharmacy,CAP Round III,02544,"Gurukrupa Institute of Pharmacy, Majalgaon",Beed,Unaided,GOPENS,State Level,Any,15338,67.0
2023-24,D Pharmacy,CAP Round III,02544,"Gurukrupa Institute of Pharmacy, Majalgaon",Beed,Unaided,GOBCS,State Level,Any,27019,54.33
2023-24,D Pharmacy,CAP Round III,02544,"Gurukrupa Institute of Pharmacy, Majalgaon",Beed,Unaided,DEFOPENS,State Level,Any,26871,54.67
2023-24,D Pharmacy,CAP Round III,02544,"Gurukrupa Institute of Pharmacy, Majalgaon",Beed,Unaided,GOBCS,State Level,Any,29011,52.33
2023-24,D Pharmacy,CAP Round III,02544,"Gurukrupa Institute of Pharmacy, Majalgaon",Beed,Unaided,GSTS,State Level,Any,28527,52.67
2023-24,D Pharmacy,CAP Round III,02544,"Gurukrupa Institute of Pharmacy, Majalgaon",Beed,Unaided,LOBCS,State Level,Ladies,37034,44.0
2023-24,D Pharmacy,CAP Round III,02547,"Late Bhagirathi Yashwantrao Pathrikar College of D.Pharmacy, Pathri",Parbhani,Unaided,GSCS,State Level,Any,30182,51.0
2023-24,D Pharmacy,CAP Round III,02547,"Late Bhagirathi Yashwantrao Pathrikar College of D.Pharmacy, Pathri",Parbhani,Unaided,GNT1S,State Level,Any,21143,60.67
2023-24,D Pharmacy,CAP Round III,02547,"Late Bhagirathi Yashwantrao Pathrikar College of D.Pharmacy, Pathri",Parbhani,Unaided,GOBCS,State Level,Any,16154,66.0
2023-24,D Pharmacy,CAP Round III,02547,"Late Bhagirathi Yashwantrao Pathrikar College of D.Pharmacy, Pathri",Parbhani,Unaided,LOPENS,State Level,Ladies,1153,87.0
2023-24,D Pharmacy,CAP Round III,02547,"Late Bhagirathi Yashwantrao Pathrikar College of D.Pharmacy, Pathri",Parbhani,Unaided,LOBCS,State Level,Ladies,11131,71.67
2023-24,D Pharmacy,CAP Round III,02547,"Late Bhagirathi Yashwantrao Pathrikar College of D.Pharmacy, Pathri",Parbhani,Unaided,GSTS,State Level,Any,3183,82.0
2023-24,D Pharmacy,CAP Round III,02550,"Prerana Institute of Pharmacy(D.Pharmacy), Parbhani",Parbhani,Unaided,GOPENS,State Level,Any,45935,35.67
2023-24,D Pharmacy,CAP Round III,02550,"Prerana Institute of Pharmacy(D.Pharmacy), Parbhani",Parbhani,Unaided,GOBCS,State Level,Any,46182,35.33
2023-24,D Pharmacy,CAP Round III,02550,"Prerana Institute of Pharmacy(D.Pharmacy), Parbhani",Parbhani,Unaided,LOPENS,State Level,Ladies,21682,60.0
2023-24,D Pharmacy,CAP Round III,02550,"Prerana Institute of Pharmacy(D.Pharmacy), Parbhani",Parbhani,Unaided,EWS,Special,Any,35524,45.33
2023-24,D Pharmacy,CAP Round III,02550,"Prerana Institute of Pharmacy(D.Pharmacy), Parbhani",Parbhani,Unaided,TFWS,Special,Any,42502,39.0
2023-24,D Pharmacy,CAP Round III,02554,"Mauli College of Pharmacy(B.Pharm), Tondar, Udgir",Latur,Unaided,GNT1S,State Level,Any,14375,68.0
2023-24,D Pharmacy,CAP Round III,02554,"Mauli College of Pharmacy(B.Pharm), Tondar, Udgir",Latur,Unaided,GOBCS,State Level,Any,28309,53.0
2023-24,D Pharmacy,CAP Round III,02554,"Mauli College of Pharmacy(B.Pharm), Tondar, Udgir",Latur,Unaided,EWS,Special,Any,22866,58.67
2023-24,D Pharmacy,CAP Round III,02554,"Mauli College of Pharmacy(B.Pharm), Tondar, Udgir",Latur,Unaided,LNT3S,State Level,Ladies,35063,46.0
2023-24,D Pharmacy,CAP Round III,02555,"Aditya Institute of Pharmacutical, Beed",Beed,Unaided,GOPENS,State Level,Any,38842,42.33
2023-24,D Pharmacy,CAP Round III,02555,"Aditya Institute of Pharmacutical, Beed",Beed,Unaided,LOPENS,State Level,Ladies,29889,51.33
2023-24,D Pharmacy,CAP Round III,02555,"Aditya Institute of Pharmacutical, Beed",Beed,Unaided,TFWS,Special,Any,14773,67.67
2023-24,D Pharmacy,CAP Round III,02556,"Rajashri Shahu College of Pharmacy, Markhel",Nanded,Unaided,GSCS,State Level,Any,37422,43.67
2023-24,D Pharmacy,CAP Round III,02556,"Rajashri Shahu College of Pharmacy, Markhel",Nanded,Unaided,LOPENS,State Level,Ladies,19674,62.0
2023-24,D Pharmacy,CAP Round III,02556,"Rajashri Shahu College of Pharmacy, Markhel",Nanded,Unaided,GSCS,State Level,Any,5771,78.0
2023-24,D Pharmacy,CAP Round III,02556,"Rajashri Shahu College of Pharmacy, Markhel",Nanded,Unaided,GOBCS,State Level,Any,22526,59.33
2023-24,D Pharmacy,CAP Round III,02557,"Anand Charitable Sanstha's Gangai Pharmacy College, Kada",Beed,Unaided,GOPENS,State Level,Any,39136,42.0
2023-24,D Pharmacy,CAP Round III,02557,"Anand Charitable Sanstha's Gangai Pharmacy College, Kada",Beed,Unaided,LOPENS,State Level,Ladies,15864,66.33
2023-24,D Pharmacy,CAP Round III,02557,"Anand Charitable Sanstha's Gangai Pharmacy College, Kada",Beed,Unaided,EWS,Special,Any,9862,73.0
2023-24,D Pharmacy,CAP Round III,02557,"Anand Charitable Sanstha's Gangai Pharmacy College, Kada",Beed,Unaided,GNT1S,State Level,Any,40846,40.33
2023-24,D Pharmacy,CAP Round III,02557,"Anand Charitable Sanstha's Gangai Pharmacy College, Kada",Beed,Unaided,LOBCS,State Level,Ladies,45914,35.67
2023-24,D Pharmacy,CAP Round III,02558,"Dnyansadhana Institute of Pharmacy, Dharmapuri",Jalna,Unaided,GOPENS,State Level,Any,42706,38.67
2023-24,D Pharmacy,CAP Round III,02558,"Dnyansadhana Institute of Pharmacy, Dharmapuri",Jalna,Unaided,LOPENS,State Level,Ladies,41428,40.0
2023-24,D Pharmacy,CAP Round III,02558,"Dnyansadhana Institute of Pharmacy, Dharmapuri",Jalna,Unaided,EWS,Special,Any,28189,53.0
2023-24,D Pharmacy,CAP Round III,02558,"Dnyansadhana Institute of Pharmacy, Dharmapuri",Jalna,Unaided,TFWS,Special,Any,28728,52.33
2023-24,D Pharmacy,CAP Round III,02559,"Kandhar College of Pharmacy, Kandhar",Nanded,Unaided,GOPENS,State Level,Any,44743,37.0
2023-24,D Pharmacy,CAP Round III,02559,"Kandhar College of Pharmacy, Kandhar",Nanded,Unaided,LOPENS,State Level,Ladies,45394,36.33
2023-24,D Pharmacy,CAP Round III,02559,"Kandhar College of Pharmacy, Kandhar",Nanded,Unaided,EWS,Special,Any,13133,69.33
2023-24,D Pharmacy,CAP Round III,02563,"Shri Sai Janvikas Pratisthan's R.P. College of Pharmacy, Osmanabad",Osmanabad,Unaided,GOPENS,State Level,Any,34854,46.0
2023-24,D Pharmacy,CAP Round III,02563,"Shri Sai Janvikas Pratisthan's R.P. College of Pharmacy, Osmanabad",Osmanabad,Unaided,LOPENS,State Level,Ladies,34897,46.0
2023-24,D Pharmacy,CAP Round III,02563,"Shri Sai Janvikas Pratisthan's R.P. College of Pharmacy, Osmanabad",Osmanabad,Unaided,EWS,Special,Any,25787,55.67
2023-24,D Pharmacy,CAP Round III,02563,"Shri Sai Janvikas Pratisthan's R.P. College of Pharmacy, Osmanabad",Osmanabad,Unaided,TFWS,Special,Any,31190,50.0
2023-24,D Pharmacy,CAP Round III,02564,"Shri. Dhaneshwari Manav Vikas Mandal's S.V.P. College of Pharmacy, Hingoli",Hingoli,Unaided,GOPENS,State Level,Any,35380,45.67
2023-24,D Pharmacy,CAP Round III,02564,"Shri. Dhaneshwari Manav Vikas Mandal's S.V.P. College of Pharmacy, Hingoli",Hingoli,Unaided,LOPENS,State Level,Ladies,25788,55.67
2023-24,D Pharmacy,CAP Round III,02564,"Shri. Dhaneshwari Manav Vikas Mandal's S.V.P. College of Pharmacy, Hingoli",Hingoli,Unaided,PWDOPENS,State Level,Any,35437,45.33
2023-24,D Pharmacy,CAP Round III,02564,"Shri. Dhaneshwari Manav Vikas Mandal's S.V.P. College of Pharmacy, Hingoli",Hingoli,Unaided,GSCS,State Level,Any,39282,42.0
2023-24,D Pharmacy,CAP Round III,02564,"Shri. Dhaneshwari Manav Vikas Mandal's S.V.P. College of Pharmacy, Hingoli",Hingoli,Unaided,GSTS,State Level,Any,41306,40.0
2023-24,D Pharmacy,CAP Round III,02564,"Shri. Dhaneshwari Manav Vikas Mandal's S.V.P. College of Pharmacy, Hingoli",Hingoli,Unaided,GOBCS,State Level,Any,44061,37.67
2023-24,D Pharmacy,CAP Round III,02564,"Shri. Dhaneshwari Manav Vikas Mandal's S.V.P. College of Pharmacy, Hingoli",Hingoli,Unaided,LSCS,State Level,Ladies,40026,41.0
2023-24,D Pharmacy,CAP Round III,02564,"Shri. Dhaneshwari Manav Vikas Mandal's S.V.P. College of Pharmacy, Hingoli",Hingoli,Unaided,LSTS,State Level,Ladies,41612,39.67
2023-24,D Pharmacy,CAP Round III,02565,"Usha Dwarkadas Pathrikar Institute of Pharmacy, Dongargaon Kawad",Gondia,Unaided,GOPENS,State Level,Any,10192,72.67
2023-24,D Pharmacy,CAP Round III,02565,"Usha Dwarkadas Pathrikar Institute of Pharmacy, Dongargaon Kawad",Gondia,Unaided,LOPENS,State Level,Ladies,5333,78.67
2023-24,D Pharmacy,CAP Round III,02565,"Usha Dwarkadas Pathrikar Institute of Pharmacy, Dongargaon Kawad",Gondia,Unaided,LOBCS,State Level,Ladies,11846,70.67
2023-24,D Pharmacy,CAP Round III,02566,"Matoshri Institute of Pharmacy, Vaijapur",Chhatrapati Sambhajinagar,Unaided,GOPENS,State Level,Any,682,89.0
2023-24,D Pharmacy,CAP Round III,02566,"Matoshri Institute of Pharmacy, Vaijapur",Chhatrapati Sambhajinagar,Unaided,DEFOPENS,State Level,Any,22305,59.33
2023-24,D Pharmacy,CAP Round III,02566,"Matoshri Institute of Pharmacy, Vaijapur",Chhatrapati Sambhajinagar,Unaided,GSCS,State Level,Any,24332,57.33
2023-24,D Pharmacy,CAP Round III,02566,"Matoshri Institute of Pharmacy, Vaijapur",Chhatrapati Sambhajinagar,Unaided,GNT2S,State Level,Any,25823,55.67
2023-24,D Pharmacy,CAP Round III,02568,"Shreeyash Institute of Pharmacy, Aurangabad",Chhatrapati Sambhajinagar,Unaided,GOPENS,State Level,Any,39532,41.67
2023-24,D Pharmacy,CAP Round III,02568,"Shreeyash Institute of Pharmacy, Aurangabad",Chhatrapati Sambhajinagar,Unaided,GSCS,State Level,Any,44983,36.67
2023-24,D Pharmacy,CAP Round III,02568,"Shreeyash Institute of Pharmacy, Aurangabad",Chhatrapati Sambhajinagar,Unaided,LOPENS,State Level,Ladies,41085,40.0
2023-24,D Pharmacy,CAP Round III,02568,"Shreeyash Institute of Pharmacy, Aurangabad",Chhatrapati Sambhajinagar,Unaided,LSCS,State Level,Ladies,42042,39.33
2023-24,D Pharmacy,CAP Round III,02568,"Shreeyash Institute of Pharmacy, Aurangabad",Chhatrapati Sambhajinagar,Unaided,EWS,Special,Any,12725,69.67
2023-24,D Pharmacy,CAP Round III,02568,"Shreeyash Institute of Pharmacy, Aurangabad",Chhatrapati Sambhajinagar,Unaided,PWDOPENS,State Level,Any,44507,37.33
2023-24,D Pharmacy,CAP Round III,02568,"Shreeyash Institute of Pharmacy, Aurangabad",Chhatrapati Sambhajinagar,Unaided,DEFOPENS,State Level,Any,46301,35.33
2023-24,D Pharmacy,CAP Round III,02572,"Shreeyash Institute of Pharmaceutical Education & Research, Aurangabad",Chhatrapati Sambhajinagar,Unaided,GOPENS,State Level,Any,38606,42.33
2023-24,D Pharmacy,CAP Round III,02572,"Shreeyash Institute of Pharmaceutical Education & Research, Aurangabad",Chhatrapati Sambhajinagar,Unaided,GSCS,State Level,Any,43449,38.33
2023-24,D Pharmacy,CAP Round III,02572,"Shreeyash Institute of Pharmaceutical Education & Research, Aurangabad",Chhatrapati Sambhajinagar,Unaided,LOPENS,State Level,Ladies,41391,40.0
2023-24,D Pharmacy,CAP Round III,02572,"Shreeyash Institute of Pharmaceutical Education & Research, Aurangabad",Chhatrapati Sambhajinagar,Unaided,EWS,Special,Any,6462,77.0
2023-24,D Pharmacy,CAP Round III,02577,"Dayanand Education Society's Dayanand Institute of Pharmacy, Latur",Latur,Unaided,GOPENS,State Level,Any,39651,41.33
2023-24,D Pharmacy,CAP Round III,02577,"Dayanand Education Society's Dayanand Institute of Pharmacy, Latur",Latur,Unaided,LOPENS,State Level,Ladies,33151,47.67
2023-24,D Pharmacy,CAP Round III,02577,"Dayanand Education Society's Dayanand Institute of Pharmacy, Latur",Latur,Unaided,TFWS,Special,Any,17775,64.0
2023-24,D Pharmacy,CAP Round III,02584,"Srinath College of Pharmacy, Aurangabad",Chhatrapati Sambhajinagar,Unaided,GOPENS,State Level,Any,14286,68.0
2023-24,D Pharmacy,CAP Round III,02584,"Srinath College of Pharmacy, Aurangabad",Chhatrapati Sambhajinagar,Unaided,GSCS,State Level,Any,42084,39.33
2023-24,D Pharmacy,CAP Round III,02584,"Srinath College of Pharmacy, Aurangabad",Chhatrapati Sambhajinagar,Unaided,LOPENS,State Level,Ladies,14043,68.33
2023-24,D Pharmacy,CAP Round III,02584,"Srinath College of Pharmacy, Aurangabad",Chhatrapati Sambhajinagar,Unaided,LOBCS,State Level,Ladies,40161,41.0
2023-24,D Pharmacy,CAP Round III,02584,"Srinath College of Pharmacy, Aurangabad",Chhatrapati Sambhajinagar,Unaided,EWS,Special,Any,11559,71.0
2023-24,D Pharmacy,CAP Round III,02584,"Srinath College of Pharmacy, Aurangabad",Chhatrapati Sambhajinagar,Unaided,LOBCS,State Level,Ladies,24368,57.0
2023-24,D Pharmacy,CAP Round III,02584,"Srinath College of Pharmacy, Aurangabad",Chhatrapati Sambhajinagar,Unaided,GSTS,State Level,Any,14531,67.67
2023-24,D Pharmacy,CAP Round III,02584,"Srinath College of Pharmacy, Aurangabad",Chhatrapati Sambhajinagar,Unaided,GOBCS,State Level,Any,21957,59.67
2023-24,D Pharmacy,CAP Round III,02586,"Shri. Goraksha College of Pharmacy & Research Centre, Khamgaon, Aurangabad",Chhatrapati Sambhajinagar,Unaided,GOPENS,State Level,Any,11862,70.67
2023-24,D Pharmacy,CAP Round III,02586,"Shri. Goraksha College of Pharmacy & Research Centre, Khamgaon, Aurangabad",Chhatrapati Sambhajinagar,Unaided,GSCS,State Level,Any,12323,70.33
2023-24,D Pharmacy,CAP Round III,02586,"Shri. Goraksha College of Pharmacy & Research Centre, Khamgaon, Aurangabad",Chhatrapati Sambhajinagar,Unaided,LOPENS,State Level,Ladies,10195,72.67
2023-24,D Pharmacy,CAP Round III,02586,"Shri. Goraksha College of Pharmacy & Research Centre, Khamgaon, Aurangabad",Chhatrapati Sambhajinagar,Unaided,EWS,Special,Any,9319,73.67
2023-24,D Pharmacy,CAP Round III,02586,"Shri. Goraksha College of Pharmacy & Research Centre, Khamgaon, Aurangabad",Chhatrapati Sambhajinagar,Unaided,LSCS,State Level,Ladies,45554,36.33
2023-24,D Pharmacy,CAP Round III,02586,"Shri. Goraksha College of Pharmacy & Research Centre, Khamgaon, Aurangabad",Chhatrapati Sambhajinagar,Unaided,GSTS,State Level,Any,11899,70.67
2023-24,D Pharmacy,CAP Round III,02594,"Tatyaraoji More College of Pharmacy, Umerga",Osmanabad,Unaided,GOBCS,State Level,Any,25916,55.67
2023-24,D Pharmacy,CAP Round III,02594,"Tatyaraoji More College of Pharmacy, Umerga",Osmanabad,Unaided,EWS,Special,Any,30759,50.33
2023-24,D Pharmacy,CAP Round III,02594,"Tatyaraoji More College of Pharmacy, Umerga",Osmanabad,Unaided,GSTS,State Level,Any,29088,52.0
2023-24,D Pharmacy,CAP Round III,02594,"Tatyaraoji More College of Pharmacy, Umerga",Osmanabad,Unaided,GNT1S,State Level,Any,33068,48.0
2023-24,D Pharmacy,CAP Round III,02594,"Tatyaraoji More College of Pharmacy, Umerga",Osmanabad,Unaided,GNT3S,State Level,Any,34865,46.0
2023-24,D Pharmacy,CAP Round III,02594,"Tatyaraoji More College of Pharmacy, Umerga",Osmanabad,Unaided,LSTS,State Level,Ladies,32063,49.0
2023-24,D Pharmacy,CAP Round III,02594,"Tatyaraoji More College of Pharmacy, Umerga",Osmanabad,Unaided,LNT3S,State Level,Ladies,40103,41.0
2023-24,D Pharmacy,CAP Round III,02595,"Uttamrao Deshmukh Institute of Pharmacy, Balsond, Hingoli",Hingoli,Unaided,GOPENS,State Level,Any,28132,53.0
2023-24,D Pharmacy,CAP Round III,02595,"Uttamrao Deshmukh Institute of Pharmacy, Balsond, Hingoli",Hingoli,Unaided,EWS,Special,Any,40395,40.67
2023-24,D Pharmacy,CAP Round III,02595,"Uttamrao Deshmukh Institute of Pharmacy, Balsond, Hingoli",Hingoli,Unaided,DEFOPENS,State Level,Any,32438,48.67
2023-24,D Pharmacy,CAP Round III,02595,"Uttamrao Deshmukh Institute of Pharmacy, Balsond, Hingoli",Hingoli,Unaided,GSCS,State Level,Any,38005,43.0
2023-24,D Pharmacy,CAP Round III,02595,"Uttamrao Deshmukh Institute of Pharmacy, Balsond, Hingoli",Hingoli,Unaided,GOBCS,State Level,Any,45895,35.67
2023-24,D Pharmacy,CAP Round III,02595,"Uttamrao Deshmukh Institute of Pharmacy, Balsond, Hingoli",Hingoli,Unaided,LOBCS,State Level,Ladies,46297,35.33
2023-24,D Pharmacy,CAP Round III,02596,"Institute of Pharmacy, Badnapur",Jalna,Unaided,GOPENS,State Level,Any,5302,78.67
2023-24,D Pharmacy,CAP Round III,02596,"Institute of Pharmacy, Badnapur",Jalna,Unaided,LOPENS,State Level,Ladies,10319,72.33
2023-24,D Pharmacy,CAP Round III,02596,"Institute of Pharmacy, Badnapur",Jalna,Unaided,GSCS,State Level,Any,8632,74.33
2023-24,D Pharmacy,CAP Round III,02596,"Institute of Pharmacy, Badnapur",Jalna,Unaided,GSTS,State Level,Any,20330,61.67
2023-24,D Pharmacy,CAP Round III,02596,"Institute of Pharmacy, Badnapur",Jalna,Unaided,GNT2S,State Level,Any,23879,57.67
2023-24,D Pharmacy,CAP Round III,02596,"Institute of Pharmacy, Badnapur",Jalna,Unaided,GVJS,State Level,Any,24116,57.33
2023-24,D Pharmacy,CAP Round III,02596,"Institute of Pharmacy, Badnapur",Jalna,Unaided,GOBCS,State Level,Any,30270,51.0
2023-24,D Pharmacy,CAP Round III,02596,"Institute of Pharmacy, Badnapur",Jalna,Unaided,LSTS,State Level,Ladies,21176,60.67
2023-24,D Pharmacy,CAP Round III,02600,"Keshavrao Patil Institute of Pharmacy, Osmanabad",Osmanabad,Unaided,GOPENS,State Level,Any,32735,48.33
2023-24,D Pharmacy,CAP Round III,02600,"Keshavrao Patil Institute of Pharmacy, Osmanabad",Osmanabad,Unaided,GOBCS,State Level,Any,44428,37.33
2023-24,D Pharmacy,CAP Round III,02600,"Keshavrao Patil Institute of Pharmacy, Osmanabad",Osmanabad,Unaided,LSCS,State Level,Ladies,37601,43.33
2023-24,D Pharmacy,CAP Round III,02600,"Keshavrao Patil Institute of Pharmacy, Osmanabad",Osmanabad,Unaided,DEFOPENS,State Level,Any,33526,47.33
2023-24,D Pharmacy,CAP Round III,02600,"Keshavrao Patil Institute of Pharmacy, Osmanabad",Osmanabad,Unaided,GOBCS,State Level,Any,45844,36.0
2023-24,D Pharmacy,CAP Round III,02600,"Keshavrao Patil Institute of Pharmacy, Osmanabad",Osmanabad,Unaided,GSTS,State Level,Any,36927,44.0
2023-24,D Pharmacy,CAP Round III,02600,"Keshavrao Patil Institute of Pharmacy, Osmanabad",Osmanabad,Unaided,LSTS,State Level,Ladies,44806,37.0
2023-24,D Pharmacy,CAP Round III,02601,"Raosaheb Patil Danve College Of Pharmacy, Badnapur",Jalna,Unaided,GOPENS,State Level,Any,21257,60.67
2023-24,D Pharmacy,CAP Round III,02601,"Raosaheb Patil Danve College Of Pharmacy, Badnapur",Jalna,Unaided,LOPENS,State Level,Ladies,17425,64.67
2023-24,D Pharmacy,CAP Round III,02601,"Raosaheb Patil Danve College Of Pharmacy, Badnapur",Jalna,Unaided,EWS,Special,Any,30295,51.0
2023-24,D Pharmacy,CAP Round III,02602,"Kishori College Of Pharmacy, Beed",Beed,Unaided,GOPENS,State Level,Any,13510,69.0
2023-24,D Pharmacy,CAP Round III,02602,"Kishori College Of Pharmacy, Beed",Beed,Unaided,EWS,Special,Any,8001,75.33
2023-24,D Pharmacy,CAP Round III,02602,"Kishori College Of Pharmacy, Beed",Beed,Unaided,TFWS,Special,Any,23658,58.0
2023-24,D Pharmacy,CAP Round III,02602,"Kishori College Of Pharmacy, Beed",Beed,Unaided,PWDOPENS,State Level,Any,23818,57.67
2023-24,D Pharmacy,CAP Round III,02602,"Kishori College Of Pharmacy, Beed",Beed,Unaided,DEFOPENS,State Level,Any,37678,43.33
2023-24,D Pharmacy,CAP Round III,02605,"JGVVS's Suyash College Of Pharmacy, Warud, Jafrabad",Jalna,Unaided,GOPENS,State Level,Any,27135,54.33
2023-24,D Pharmacy,CAP Round III,02605,"JGVVS's Suyash College Of Pharmacy, Warud, Jafrabad",Jalna,Unaided,LOPENS,State Level,Ladies,24132,57.33
2023-24,D Pharmacy,CAP Round III,02605,"JGVVS's Suyash College Of Pharmacy, Warud, Jafrabad",Jalna,Unaided,EWS,Special,Any,27424,54.0
2023-24,D Pharmacy,CAP Round III,02605,"JGVVS's Suyash College Of Pharmacy, Warud, Jafrabad",Jalna,Unaided,TFWS,Special,Any,25498,56.0
2023-24,D Pharmacy,CAP Round III,02605,"JGVVS's Suyash College Of Pharmacy, Warud, Jafrabad",Jalna,Unaided,LOPENS,State Level,Ladies,33454,47.33
2023-24,D Pharmacy,CAP Round III,02607,"Shenfadu Fakirba Sonawane Institute Of Pharmacy, Phulumbri",Chhatrapati Sambhajinagar,Unaided,EWS,Special,Any,7568,75.67
2023-24,D Pharmacy,CAP Round III,02607,"Shenfadu Fakirba Sonawane Institute Of Pharmacy, Phulumbri",Chhatrapati Sambhajinagar,Unaided,PWDOPENS,State Level,Any,3834,81.0
2023-24,D Pharmacy,CAP Round III,02607,"Shenfadu Fakirba Sonawane Institute Of Pharmacy, Phulumbri",Chhatrapati Sambhajinagar,Unaided,GSCS,State Level,Any,7574,75.67
2023-24,D Pharmacy,CAP Round III,02607,"Shenfadu Fakirba Sonawane Institute Of Pharmacy, Phulumbri",Chhatrapati Sambhajinagar,Unaided,GVJS,State Level,Any,11321,71.33
2023-24,D Pharmacy,CAP Round III,02608,"Shri Sai Institute Of Pharmacy And Research, Aurangabad",Chhatrapati Sambhajinagar,Unaided,GOPENS,State Level,Any,19976,62.0
2023-24,D Pharmacy,CAP Round III,02608,"Shri Sai Institute Of Pharmacy And Research, Aurangabad",Chhatrapati Sambhajinagar,Unaided,PWDOPENS,State Level,Any,23229,58.33
2023-24,D Pharmacy,CAP Round III,02608,"Shri Sai Institute Of Pharmacy And Research, Aurangabad",Chhatrapati Sambhajinagar,Unaided,GSCS,State Level,Any,40276,41.0
2023-24,D Pharmacy,CAP Round III,02610,"Shivprasad College Of Pharmacy, mukhed",Nanded,Unaided,GOPENS,State Level,Any,30565,50.67
2023-24,D Pharmacy,CAP Round III,02610,"Shivprasad College Of Pharmacy, mukhed",Nanded,Unaided,GSCS,State Level,Any,31495,49.67
2023-24,D Pharmacy,CAP Round III,02610,"Shivprasad College Of Pharmacy, mukhed",Nanded,Unaided,LOPENS,State Level,Ladies,20431,61.33
2023-24,D Pharmacy,CAP Round III,02610,"Shivprasad College Of Pharmacy, mukhed",Nanded,Unaided,DEFOPENS,State Level,Any,39114,42.0
2023-24,D Pharmacy,CAP Round III,02612,"Shrimati Latatai Baburao Patil Institute Of Pharmacy, Khandgaon, Bendri",Amravati,Unaided,GOPENS,State Level,Any,6111,77.67
2023-24,D Pharmacy,CAP Round III,02612,"Shrimati Latatai Baburao Patil Institute Of Pharmacy, Khandgaon, Bendri",Amravati,Unaided,GSCS,State Level,Any,44082,37.67
2023-24,D Pharmacy,CAP Round III,02612,"Shrimati Latatai Baburao Patil Institute Of Pharmacy, Khandgaon, Bendri",Amravati,Unaided,TFWS,Special,Any,13718,68.67
2023-24,D Pharmacy,CAP Round III,02612,"Shrimati Latatai Baburao Patil Institute Of Pharmacy, Khandgaon, Bendri",Amravati,Unaided,DEFOPENS,State Level,Any,12056,70.67
2023-24,D Pharmacy,CAP Round III,02614,"Aurangabad Pharmacy College, Mitmita",Chhatrapati Sambhajinagar,Unaided,GOPENS,State Level,Any,27622,53.67
2023-24,D Pharmacy,CAP Round III,02614,"Aurangabad Pharmacy College, Mitmita",Chhatrapati Sambhajinagar,Unaided,LOPENS,State Level,Ladies,33228,47.67
2023-24,D Pharmacy,CAP Round III,02614,"Aurangabad Pharmacy College, Mitmita",Chhatrapati Sambhajinagar,Unaided,TFWS,Special,Any,13198,69.33
2023-24,D Pharmacy,CAP Round III,02614,"Aurangabad Pharmacy College, Mitmita",Chhatrapati Sambhajinagar,Unaided,GOPENS,State Level,Any,25871,55.67
2023-24,D Pharmacy,CAP Round III,02618,"Shri Sambhaji College Of Pharmacy, Nanded",Nanded,Unaided,GOPENS,State Level,Any,11253,71.33
2023-24,D Pharmacy,CAP Round III,02618,"Shri Sambhaji College Of Pharmacy, Nanded",Nanded,Unaided,GSCS,State Level,Any,43586,38.0
2023-24,D Pharmacy,CAP Round III,02618,"Shri Sambhaji College Of Pharmacy, Nanded",Nanded,Unaided,LOPENS,State Level,Ladies,34025,47.0
2023-24,D Pharmacy,CAP Round III,02618,"Shri Sambhaji College Of Pharmacy, Nanded",Nanded,Unaided,LSCS,State Level,Ladies,40666,40.67
2023-24,D Pharmacy,CAP Round III,02618,"Shri Sambhaji College Of Pharmacy, Nanded",Nanded,Unaided,EWS,Special,Any,43554,38.0
2023-24,D Pharmacy,CAP Round III,02618,"Shri Sambhaji College Of Pharmacy, Nanded",Nanded,Unaided,TFWS,Special,Any,28564,52.67
2023-24,D Pharmacy,CAP Round III,02618,"Shri Sambhaji College Of Pharmacy, Nanded",Nanded,Unaided,PWDOPENS,State Level,Any,31224,50.0
2023-24,D Pharmacy,CAP Round III,02618,"Shri Sambhaji College Of Pharmacy, Nanded",Nanded,Unaided,GSTS,State Level,Any,32988,48.0
2023-24,D Pharmacy,CAP Round III,02618,"Shri Sambhaji College Of Pharmacy, Nanded",Nanded,Unaided,GNT2S,State Level,Any,38069,43.0
2023-24,D Pharmacy,CAP Round III,02618,"Shri Sambhaji College Of Pharmacy, Nanded",Nanded,Unaided,GOBCS,State Level,Any,36494,44.33
2023-24,D Pharmacy,CAP Round III,02618,"Shri Sambhaji College Of Pharmacy, Nanded",Nanded,Unaided,LSTS,State Level,Ladies,36254,44.67
2023-24,D Pharmacy,CAP Round III,02618,"Shri Sambhaji College Of Pharmacy, Nanded",Nanded,Unaided,ORPHAN,Special,Any,39027,42.0
2023-24,D Pharmacy,CAP Round III,02628,"Saraswati Institute of Pharmacy, Pangri, Dist.Nanded",Nanded,Unaided,GOPENS,State Level,Any,35610,45.33
2023-24,D Pharmacy,CAP Round III,02628,"Saraswati Institute of Pharmacy, Pangri, Dist.Nanded",Nanded,Unaided,LOPENS,State Level,Ladies,39664,41.33
2023-24,D Pharmacy,CAP Round III,02628,"Saraswati Institute of Pharmacy, Pangri, Dist.Nanded",Nanded,Unaided,EWS,Special,Any,35946,45.0
2023-24,D Pharmacy,CAP Round III,02628,"Saraswati Institute of Pharmacy, Pangri, Dist.Nanded",Nanded,Unaided,PWDOPENS,State Level,Any,43247,38.33
2023-24,D Pharmacy,CAP Round III,02628,"Saraswati Institute of Pharmacy, Pangri, Dist.Nanded",Nanded,Unaided,DEFOPENS,State Level,Any,43695,38.0
2023-24,D Pharmacy,CAP Round III,02628,"Saraswati Institute of Pharmacy, Pangri, Dist.Nanded",Nanded,Unaided,GSTS,State Level,Any,43793,38.0
2023-24,D Pharmacy,CAP Round III,02628,"Saraswati Institute of Pharmacy, Pangri, Dist.Nanded",Nanded,Unaided,GOBCS,State Level,Any,45300,36.33
2023-24,D Pharmacy,CAP Round III,02630,"Ramesh Patil Institute of Pharmacy, Khandgaon(Bendri)",Amravati,Unaided,GOPENS,State Level,Any,27237,54.0
2023-24,D Pharmacy,CAP Round III,02630,"Ramesh Patil Institute of Pharmacy, Khandgaon(Bendri)",Amravati,Unaided,LOPENS,State Level,Ladies,39920,41.33
2023-24,D Pharmacy,CAP Round III,02630,"Ramesh Patil Institute of Pharmacy, Khandgaon(Bendri)",Amravati,Unaided,PWDOPENS,State Level,Any,35740,45.33
2023-24,D Pharmacy,CAP Round III,02630,"Ramesh Patil Institute of Pharmacy, Khandgaon(Bendri)",Amravati,Unaided,DEFOPENS,State Level,Any,36706,44.33
2023-24,D Pharmacy,CAP Round III,02630,"Ramesh Patil Institute of Pharmacy, Khandgaon(Bendri)",Amravati,Unaided,GSCS,State Level,Any,46198,35.33
2023-24,D Pharmacy,CAP Round III,02640,Shriram Pratishtan Aditya Institute of Pharmacy,Osmanabad,Unaided,GOPENS,State Level,Any,12979,69.33
2023-24,D Pharmacy,CAP Round III,02640,Shriram Pratishtan Aditya Institute of Pharmacy,Osmanabad,Unaided,LOPENS,State Level,Ladies,34043,47.0
2023-24,D Pharmacy,CAP Round III,02640,Shriram Pratishtan Aditya Institute of Pharmacy,Osmanabad,Unaided,PWDOPENS,State Level,Any,40711,40.67
2023-24,D Pharmacy,CAP Round III,02646,"J K College of Pharmacy, Limbala, Hingoli",Hingoli,Unaided,GOPENS,State Level,Any,41663,39.67
2023-24,D Pharmacy,CAP Round III,02646,"J K College of Pharmacy, Limbala, Hingoli",Hingoli,Unaided,LOPENS,State Level,Ladies,46230,35.33
2023-24,D Pharmacy,CAP Round III,02646,"J K College of Pharmacy, Limbala, Hingoli",Hingoli,Unaided,TFWS,Special,Any,28362,53.0
2023-24,D Pharmacy,CAP Round III,02646,"J K College of Pharmacy, Limbala, Hingoli",Hingoli,Unaided,GSCS,State Level,Any,43840,38.0
2023-24,D Pharmacy,CAP Round III,02649,Radhai College of Pharmacy,Osmanabad,Unaided,GOPENS,State Level,Any,18249,63.67
2023-24,D Pharmacy,CAP Round III,02649,Radhai College of Pharmacy,Osmanabad,Unaided,LOPENS,State Level,Ladies,39559,41.67
2023-24,D Pharmacy,CAP Round III,02649,Radhai College of Pharmacy,Osmanabad,Unaided,TFWS,Special,Any,3960,80.67
2023-24,D Pharmacy,CAP Round III,02651,"Beleshwar Institute of Pharmacy, Parbhani",Parbhani,Unaided,GOPENS,State Level,Any,43224,38.33
2023-24,D Pharmacy,CAP Round III,02651,"Beleshwar Institute of Pharmacy, Parbhani",Parbhani,Unaided,LOPENS,State Level,Ladies,31564,49.33
2023-24,D Pharmacy,CAP Round III,02651,"Beleshwar Institute of Pharmacy, Parbhani",Parbhani,Unaided,EWS,Special,Any,37534,43.33
2023-24,D Pharmacy,CAP Round III,02651,"Beleshwar Institute of Pharmacy, Parbhani",Parbhani,Unaided,TFWS,Special,Any,32975,48.0
2023-24,D Pharmacy,CAP Round III,02653,Vitthai D.Pharmacy College,Osmanabad,Unaided,GOPENS,State Level,Any,7228,76.0
2023-24,D Pharmacy,CAP Round III,02653,Vitthai D.Pharmacy College,Osmanabad,Unaided,LOPENS,State Level,Ladies,15213,67.0
2023-24,D Pharmacy,CAP Round III,02653,Vitthai D.Pharmacy College,Osmanabad,Unaided,EWS,Special,Any,10626,72.0
2023-24,D Pharmacy,CAP Round III,02654,Shri Shri Amrutanand Mahayogeshwar D.Pharmacy College,Osmanabad,Unaided,GOPENS,State Level,Any,28075,53.33
2023-24,D Pharmacy,CAP Round III,02654,Shri Shri Amrutanand Mahayogeshwar D.Pharmacy College,Osmanabad,Unaided,LOPENS,State Level,Ladies,28922,52.33
2023-24,D Pharmacy,CAP Round III,02654,Shri Shri Amrutanand Mahayogeshwar D.Pharmacy College,Osmanabad,Unaided,EWS,Special,Any,32668,48.33
2023-24,D Pharmacy,CAP Round III,02658,"R.G. Institute of Pharmacy, Aurala",Chhatrapati Sambhajinagar,Unaided,GOPENS,State Level,Any,29964,51.33
2023-24,D Pharmacy,CAP Round III,02658,"R.G. Institute of Pharmacy, Aurala",Chhatrapati Sambhajinagar,Unaided,LOPENS,State Level,Ladies,18240,63.67
2023-24,D Pharmacy,CAP Round III,02658,"R.G. Institute of Pharmacy, Aurala",Chhatrapati Sambhajinagar,Unaided,EWS,Special,Any,26538,55.0
2023-24,D Pharmacy,CAP Round III,02658,"R.G. Institute of Pharmacy, Aurala",Chhatrapati Sambhajinagar,Unaided,TFWS,Special,Any,30144,51.0
2023-24,D Pharmacy,CAP Round III,03009,"Government Polytechnic, Ratnagiri",Ratnagiri,Government,GOPENS,State Level,Any,14664,67.67
2023-24,D Pharmacy,CAP Round III,03009,"Government Polytechnic, Ratnagiri",Ratnagiri,Government,GSCS,State Level,Any,23811,57.67
2023-24,D Pharmacy,CAP Round III,03009,"Government Polytechnic, Ratnagiri",Ratnagiri,Government,GSTS,State Level,Any,20810,61.0
2023-24,D Pharmacy,CAP Round III,03009,"Government Polytechnic, Ratnagiri",Ratnagiri,Government,GNT2S,State Level,Any,15114,67.33
2023-24,D Pharmacy,CAP Round III,03009,"Government Polytechnic, Ratnagiri",Ratnagiri,Government,GOBCS,State Level,Any,18570,63.33
2023-24,D Pharmacy,CAP Round III,03009,"Government Polytechnic, Ratnagiri",Ratnagiri,Government,LOPENS,State Level,Ladies,12124,70.33
2023-24,D Pharmacy,CAP Round III,03009,"Government Polytechnic, Ratnagiri",Ratnagiri,Government,LSCS,State Level,Ladies,31069,50.0
2023-24,D Pharmacy,CAP Round III,03009,"Government Polytechnic, Ratnagiri",Ratnagiri,Government,EWS,Special,Any,13609,68.67
2023-24,D Pharmacy,CAP Round III,03009,"Government Polytechnic, Ratnagiri",Ratnagiri,Government,TFWS,Special,Any,6873,76.67
2023-24,D Pharmacy,CAP Round III,03009,"Government Polytechnic, Ratnagiri",Ratnagiri,Government,LNT1S,State Level,Ladies,27052,54.33
2023-24,D Pharmacy,CAP Round III,03027,"Premlila Vithaldas Polytechnic(Womens),Mumbai",Mumbai,Aided,LOPENS,State Level,Ladies,9206,73.67
2023-24,D Pharmacy,CAP Round III,03027,"Premlila Vithaldas Polytechnic(Womens),Mumbai",Mumbai,Aided,LSCS,State Level,Ladies,40490,40.67
2023-24,D Pharmacy,CAP Round III,03027,"Premlila Vithaldas Polytechnic(Womens),Mumbai",Mumbai,Aided,LOBCS,State Level,Ladies,37417,43.67
2023-24,D Pharmacy,CAP Round III,03027,"Premlila Vithaldas Polytechnic(Womens),Mumbai",Mumbai,Aided,EWS,Special,Any,7849,75.33
2023-24,D Pharmacy,CAP Round III,03027,"Premlila Vithaldas Polytechnic(Womens),Mumbai",Mumbai,Aided,TFWS,Special,Any,19120,62.67
2023-24,D Pharmacy,CAP Round III,03027,"Premlila Vithaldas Polytechnic(Womens),Mumbai",Mumbai,Aided,LSTS,State Level,Ladies,9293,73.67
2023-24,D Pharmacy,CAP Round III,03027,"Premlila Vithaldas Polytechnic(Womens),Mumbai",Mumbai,Aided,LVJS,State Level,Ladies,10386,72.33
2023-24,D Pharmacy,CAP Round III,03205,"Bharati Vidyapeeth College of Pharmacy, Belapur, Navi Mumbai",Mumbai,Unaided,GOPENS,State Level,Any,16231,66.0
2023-24,D Pharmacy,CAP Round III,03205,"Bharati Vidyapeeth College of Pharmacy, Belapur, Navi Mumbai",Mumbai,Unaided,GSCS,State Level,Any,32643,48.33
2023-24,D Pharmacy,CAP Round III,03205,"Bharati Vidyapeeth College of Pharmacy, Belapur, Navi Mumbai",Mumbai,Unaided,GOBCS,State Level,Any,28207,53.0
2023-24,D Pharmacy,CAP Round III,03205,"Bharati Vidyapeeth College of Pharmacy, Belapur, Navi Mumbai",Mumbai,Unaided,LOBCS,State Level,Ladies,35890,45.0
2023-24,D Pharmacy,CAP Round III,03205,"Bharati Vidyapeeth College of Pharmacy, Belapur, Navi Mumbai",Mumbai,Unaided,EWS,Special,Any,44162,37.67
2023-24,D Pharmacy,CAP Round III,03233,"Govindrao Nikam College Of Pharmacy, Sawarde",Sindhudurg,Unaided,GOBCS,State Level,Any,40403,40.67
2023-24,D Pharmacy,CAP Round III,03233,"Govindrao Nikam College Of Pharmacy, Sawarde",Sindhudurg,Unaided,LOPENS,State Level,Ladies,29715,51.33
2023-24,D Pharmacy,CAP Round III,03233,"Govindrao Nikam College Of Pharmacy, Sawarde",Sindhudurg,Unaided,LSCS,State Level,Ladies,43734,38.0
2023-24,D Pharmacy,CAP Round III,03233,"Govindrao Nikam College Of Pharmacy, Sawarde",Sindhudurg,Unaided,TFWS,Special,Any,42176,39.33
2023-24,D Pharmacy,CAP Round III,03235,"Gahlot Institute of Pharmacy, Koparkhairane, Navi Mumbai",Mumbai,Unaided,GOPENS,State Level,Any,27639,53.67
2023-24,D Pharmacy,CAP Round III,03235,"Gahlot Institute of Pharmacy, Koparkhairane, Navi Mumbai",Mumbai,Unaided,GSCS,State Level,Any,34054,47.0
2023-24,D Pharmacy,CAP Round III,03235,"Gahlot Institute of Pharmacy, Koparkhairane, Navi Mumbai",Mumbai,Unaided,GVJS,State Level,Any,37054,44.0
2023-24,D Pharmacy,CAP Round III,03235,"Gahlot Institute of Pharmacy, Koparkhairane, Navi Mumbai",Mumbai,Unaided,GOBCS,State Level,Any,39704,41.33
2023-24,D Pharmacy,CAP Round III,03235,"Gahlot Institute of Pharmacy, Koparkhairane, Navi Mumbai",Mumbai,Unaided,LOPENS,State Level,Ladies,21974,59.67
2023-24,D Pharmacy,CAP Round III,03235,"Gahlot Institute of Pharmacy, Koparkhairane, Navi Mumbai",Mumbai,Unaided,LOBCS,State Level,Ladies,36286,44.67
2023-24,D Pharmacy,CAP Round III,03235,"Gahlot Institute of Pharmacy, Koparkhairane, Navi Mumbai",Mumbai,Unaided,GSTS,State Level,Any,27895,53.33
2023-24,D Pharmacy,CAP Round III,03236,"Konkan Gyanpeeth Rahul Dharkar College of Pharmacy & Research Institute, Karjat, Dahivali, Karjat Dist. Raigad",Raigad,Unaided,GOPENS,State Level,Any,41787,39.67
2023-24,D Pharmacy,CAP Round III,03236,"Konkan Gyanpeeth Rahul Dharkar College of Pharmacy & Research Institute, Karjat, Dahivali, Karjat Dist. Raigad",Raigad,Unaided,LNT3S,State Level,Ladies,46368,35.0
2023-24,D Pharmacy,CAP Round III,03236,"Konkan Gyanpeeth Rahul Dharkar College of Pharmacy & Research Institute, Karjat, Dahivali, Karjat Dist. Raigad",Raigad,Unaided,EWS,Special,Any,44665,37.0
2023-24,D Pharmacy,CAP Round III,03236,"Konkan Gyanpeeth Rahul Dharkar College of Pharmacy & Research Institute, Karjat, Dahivali, Karjat Dist. Raigad",Raigad,Unaided,GNT1S,State Level,Any,41902,39.33
2023-24,D Pharmacy,CAP Round III,03236,"Konkan Gyanpeeth Rahul Dharkar College of Pharmacy & Research Institute, Karjat, Dahivali, Karjat Dist. Raigad",Raigad,Unaided,GNT2S,State Level,Any,42030,39.33
2023-24,D Pharmacy,CAP Round III,03239,"Prabhodhan Shikshan Prasarak Sanshta's Indira Institute of Pharmacy, Sadavali",Ratnagiri,Unaided,GOPENS,State Level,Any,44369,37.33
2023-24,D Pharmacy,CAP Round III,03239,"Prabhodhan Shikshan Prasarak Sanshta's Indira Institute of Pharmacy, Sadavali",Ratnagiri,Unaided,LOPENS,State Level,Ladies,28235,53.0
2023-24,D Pharmacy,CAP Round III,03239,"Prabhodhan Shikshan Prasarak Sanshta's Indira Institute of Pharmacy, Sadavali",Ratnagiri,Unaided,GSCS,State Level,Any,44968,36.67
2023-24,D Pharmacy,CAP Round III,03239,"Prabhodhan Shikshan Prasarak Sanshta's Indira Institute of Pharmacy, Sadavali",Ratnagiri,Unaided,GSTS,State Level,Any,45385,36.33
2023-24,D Pharmacy,CAP Round III,03241,"Vighnarta Trust, Shivajirao Jondhale College of Pharmacy, Shahapur",Thane,Unaided,GOPENS,State Level,Any,34191,46.67
2023-24,D Pharmacy,CAP Round III,03241,"Vighnarta Trust, Shivajirao Jondhale College of Pharmacy, Shahapur",Thane,Unaided,LOPENS,State Level,Ladies,28506,52.67
2023-24,D Pharmacy,CAP Round III,03241,"Vighnarta Trust, Shivajirao Jondhale College of Pharmacy, Shahapur",Thane,Unaided,LSCS,State Level,Ladies,40082,41.0
2023-24,D Pharmacy,CAP Round III,03241,"Vighnarta Trust, Shivajirao Jondhale College of Pharmacy, Shahapur",Thane,Unaided,PWDOPENS,State Level,Any,36952,44.0
2023-24,D Pharmacy,CAP Round III,03241,"Vighnarta Trust, Shivajirao Jondhale College of Pharmacy, Shahapur",Thane,Unaided,DEFOPENS,State Level,Any,37276,43.67
2023-24,D Pharmacy,CAP Round III,03290,Sahyadri Shikshan Sanstha's College of Pharmacy Sawarde,Sindhudurg,Unaided,GOPENS,State Level,Any,41136,40.0
2023-24,D Pharmacy,CAP Round III,03290,Sahyadri Shikshan Sanstha's College of Pharmacy Sawarde,Sindhudurg,Unaided,GOBCS,State Level,Any,42924,38.67
2023-24,D Pharmacy,CAP Round III,03290,Sahyadri Shikshan Sanstha's College of Pharmacy Sawarde,Sindhudurg,Unaided,GSTS,State Level,Any,41251,40.0
2023-24,D Pharmacy,CAP Round III,03290,Sahyadri Shikshan Sanstha's College of Pharmacy Sawarde,Sindhudurg,Unaided,LNT3S,State Level,Ladies,41619,39.67
2023-24,D Pharmacy,CAP Round III,03293,"Mumbai Education Trust's Institute Of Pharmacy, Mumbai",Mumbai,Unaided,GOPENS,State Level,Any,35576,45.33
2023-24,D Pharmacy,CAP Round III,03293,"Mumbai Education Trust's Institute Of Pharmacy, Mumbai",Mumbai,Unaided,LOPENS,State Level,Ladies,35520,45.33
2023-24,D Pharmacy,CAP Round III,03293,"Mumbai Education Trust's Institute Of Pharmacy, Mumbai",Mumbai,Unaided,DEFOPENS,State Level,Any,35587,45.33
2023-24,D Pharmacy,CAP Round III,03293,"Mumbai Education Trust's Institute Of Pharmacy, Mumbai",Mumbai,Unaided,GSTS,State Level,Any,37173,43.67
2023-24,D Pharmacy,CAP Round III,03293,"Mumbai Education Trust's Institute Of Pharmacy, Mumbai",Mumbai,Unaided,GNT3S,State Level,Any,37264,43.67
2023-24,D Pharmacy,CAP Round III,03293,"Mumbai Education Trust's Institute Of Pharmacy, Mumbai",Mumbai,Unaided,GOBCS,State Level,Any,36607,44.33
2023-24,D Pharmacy,CAP Round III,03293,"Mumbai Education Trust's Institute Of Pharmacy, Mumbai",Mumbai,Unaided,LNT3S,State Level,Ladies,36217,44.67
2023-24,D Pharmacy,CAP Round III,03296,"Saraswati Education Society's Yadavrao Tasgaonkar Institute Of Pharmacy(Diploma), Bhivpuri, Karjat",Raigad,Unaided,GOPENS,State Level,Any,45708,36.0
2023-24,D Pharmacy,CAP Round III,03296,"Saraswati Education Society's Yadavrao Tasgaonkar Institute Of Pharmacy(Diploma), Bhivpuri, Karjat",Raigad,Unaided,LOPENS,State Level,Ladies,43524,38.0
2023-24,D Pharmacy,CAP Round III,03296,"Saraswati Education Society's Yadavrao Tasgaonkar Institute Of Pharmacy(Diploma), Bhivpuri, Karjat",Raigad,Unaided,PWDOPENS,State Level,Any,46446,35.0
2023-24,D Pharmacy,CAP Round III,03307,Nagrik Shikshan Sanstha's College of Pharmacy,Solapur,Unaided,GOPENS,State Level,Any,38451,42.67
2023-24,D Pharmacy,CAP Round III,03307,Nagrik Shikshan Sanstha's College of Pharmacy,Solapur,Unaided,GSCS,State Level,Any,43799,38.0
2023-24,D Pharmacy,CAP Round III,03307,Nagrik Shikshan Sanstha's College of Pharmacy,Solapur,Unaided,GVJS,State Level,Any,39168,42.0
2023-24,D Pharmacy,CAP Round III,03307,Nagrik Shikshan Sanstha's College of Pharmacy,Solapur,Unaided,GOBCS,State Level,Any,43218,38.33
2023-24,D Pharmacy,CAP Round III,03307,Nagrik Shikshan Sanstha's College of Pharmacy,Solapur,Unaided,LOPENS,State Level,Ladies,38962,42.0
2023-24,D Pharmacy,CAP Round III,03307,Nagrik Shikshan Sanstha's College of Pharmacy,Solapur,Unaided,LSCS,State Level,Ladies,41395,40.0
2023-24,D Pharmacy,CAP Round III,03307,Nagrik Shikshan Sanstha's College of Pharmacy,Solapur,Unaided,DEFOPENS,State Level,Any,39392,41.67
2023-24,D Pharmacy,CAP Round III,03307,Nagrik Shikshan Sanstha's College of Pharmacy,Solapur,Unaided,GOBCS,State Level,Any,39531,41.67
2023-24,D Pharmacy,CAP Round III,03307,Nagrik Shikshan Sanstha's College of Pharmacy,Solapur,Unaided,GNT2S,State Level,Any,39417,41.67
2023-24,D Pharmacy,CAP Round III,03307,Nagrik Shikshan Sanstha's College of Pharmacy,Solapur,Unaided,GNT3S,State Level,Any,39487,41.67
2023-24,D Pharmacy,CAP Round III,03307,Nagrik Shikshan Sanstha's College of Pharmacy,Solapur,Unaided,LSTS,State Level,Ladies,39593,41.67
2023-24,D Pharmacy,CAP Round III,03307,Nagrik Shikshan Sanstha's College of Pharmacy,Solapur,Unaided,LOBCS,State Level,Ladies,39662,41.33
2023-24,D Pharmacy,CAP Round III,03428,"Bharati Vidyapeeth Institute of Pharmacy, Belapur Navi Mumbai",Mumbai,Unaided,GOPENS,State Level,Any,30066,51.0
2023-24,D Pharmacy,CAP Round III,03428,"Bharati Vidyapeeth Institute of Pharmacy, Belapur Navi Mumbai",Mumbai,Unaided,GOBCS,State Level,Any,42792,38.67
2023-24,D Pharmacy,CAP Round III,03428,"Bharati Vidyapeeth Institute of Pharmacy, Belapur Navi Mumbai",Mumbai,Unaided,LOPENS,State Level,Ladies,29407,51.67
2023-24,D Pharmacy,CAP Round III,03428,"Bharati Vidyapeeth Institute of Pharmacy, Belapur Navi Mumbai",Mumbai,Unaided,TFWS,Special,Any,38155,43.0
2023-24,D Pharmacy,CAP Round III,03428,"Bharati Vidyapeeth Institute of Pharmacy, Belapur Navi Mumbai",Mumbai,Unaided,PWDOPENS,State Level,Any,30265,51.0
2023-24,D Pharmacy,CAP Round III,03428,"Bharati Vidyapeeth Institute of Pharmacy, Belapur Navi Mumbai",Mumbai,Unaided,LNT2S,State Level,Ladies,30646,50.33
2023-24,D Pharmacy,CAP Round III,03485,"St. Wilfred's Institute of Pharmacy, Panvel",Raigad,Unaided,GOPENS,State Level,Any,37145,43.67
2023-24,D Pharmacy,CAP Round III,03485,"St. Wilfred's Institute of Pharmacy, Panvel",Raigad,Unaided,GOBCS,State Level,Any,46499,35.0
2023-24,D Pharmacy,CAP Round III,03485,"St. Wilfred's Institute of Pharmacy, Panvel",Raigad,Unaided,LOPENS,State Level,Ladies,31698,49.33
2023-24,D Pharmacy,CAP Round III,03485,"St. Wilfred's Institute of Pharmacy, Panvel",Raigad,Unaided,PWDOPENS,State Level,Any,37744,43.33
2023-24,D Pharmacy,CAP Round III,03485,"St. Wilfred's Institute of Pharmacy, Panvel",Raigad,Unaided,GOBCS,State Level,Any,39814,41.33
2023-24,D Pharmacy,CAP Round III,03485,"St. Wilfred's Institute of Pharmacy, Panvel",Raigad,Unaided,GSCS,State Level,Any,40014,41.0
2023-24,D Pharmacy,CAP Round III,03485,"St. Wilfred's Institute of Pharmacy, Panvel",Raigad,Unaided,GSTS,State Level,Any,39300,41.67
2023-24,D Pharmacy,CAP Round III,03485,"St. Wilfred's Institute of Pharmacy, Panvel",Raigad,Unaided,GVJS,State Level,Any,39563,41.67
2023-24,D Pharmacy,CAP Round III,03487,"Ideal Institute of Pharmacy, Wada",Palghar,Unaided,GOPENS,State Level,Any,46485,35.0
2023-24,D Pharmacy,CAP Round III,03487,"Ideal Institute of Pharmacy, Wada",Palghar,Unaided,LOPENS,State Level,Ladies,46204,35.33
2023-24,D Pharmacy,CAP Round III,03487,"Ideal Institute of Pharmacy, Wada",Palghar,Unaided,TFWS,Special,Any,40259,41.0
2023-24,D Pharmacy,CAP Round III,03505,"Abhinav Institute Of Pharmacy, Chinchpada",Nandurbar,Unaided,GOPENS,State Level,Any,40166,41.0
2023-24,D Pharmacy,CAP Round III,03505,"Abhinav Institute Of Pharmacy, Chinchpada",Nandurbar,Unaided,GOBCS,State Level,Any,45043,36.67
2023-24,D Pharmacy,CAP Round III,03505,"Abhinav Institute Of Pharmacy, Chinchpada",Nandurbar,Unaided,LOPENS,State Level,Ladies,36662,44.33
2023-24,D Pharmacy,CAP Round III,03505,"Abhinav Institute Of Pharmacy, Chinchpada",Nandurbar,Unaided,LOBCS,State Level,Ladies,40283,41.0
2023-24,D Pharmacy,CAP Round III,03505,"Abhinav Institute Of Pharmacy, Chinchpada",Nandurbar,Unaided,PWDOPENS,State Level,Any,40638,40.67
2023-24,D Pharmacy,CAP Round III,03505,"Abhinav Institute Of Pharmacy, Chinchpada",Nandurbar,Unaided,GSCS,State Level,Any,40734,40.33
2023-24,D Pharmacy,CAP Round III,03505,"Abhinav Institute Of Pharmacy, Chinchpada",Nandurbar,Unaided,GSTS,State Level,Any,43337,38.33
2023-24,D Pharmacy,CAP Round III,03508,"B.K. Patil Institute of Pharmacy, Taloja, Panvel",Raigad,Unaided,GOPENS,State Level,Any,33798,47.0
2023-24,D Pharmacy,CAP Round III,03508,"B.K. Patil Institute of Pharmacy, Taloja, Panvel",Raigad,Unaided,GSCS,State Level,Any,44565,37.33
2023-24,D Pharmacy,CAP Round III,03508,"B.K. Patil Institute of Pharmacy, Taloja, Panvel",Raigad,Unaided,DEFOPENS,State Level,Any,34653,46.33
2023-24,D Pharmacy,CAP Round III,03508,"B.K. Patil Institute of Pharmacy, Taloja, Panvel",Raigad,Unaided,GSTS,State Level,Any,40289,41.0
2023-24,D Pharmacy,CAP Round III,03508,"B.K. Patil Institute of Pharmacy, Taloja, Panvel",Raigad,Unaided,GNT2S,State Level,Any,40461,40.67
2023-24,D Pharmacy,CAP Round III,03508,"B.K. Patil Institute of Pharmacy, Taloja, Panvel",Raigad,Unaided,GNT3S,State Level,Any,42219,39.33
2023-24,D Pharmacy,CAP Round III,03508,"B.K. Patil Institute of Pharmacy, Taloja, Panvel",Raigad,Unaided,GOBCS,State Level,Any,42551,39.0
2023-24,D Pharmacy,CAP Round III,03508,"B.K. Patil Institute of Pharmacy, Taloja, Panvel",Raigad,Unaided,LSTS,State Level,Ladies,40413,40.67
2023-24,D Pharmacy,CAP Round III,03508,"B.K. Patil Institute of Pharmacy, Taloja, Panvel",Raigad,Unaided,LVJS,State Level,Ladies,42307,39.0
2023-24,D Pharmacy,CAP Round III,03509,"Indala Institute of Pharmacy, Bapsai, Kalyan",Thane,Unaided,GOPENS,State Level,Any,39703,41.33
2023-24,D Pharmacy,CAP Round III,03509,"Indala Institute of Pharmacy, Bapsai, Kalyan",Thane,Unaided,GOBCS,State Level,Any,45790,36.0
2023-24,D Pharmacy,CAP Round III,03509,"Indala Institute of Pharmacy, Bapsai, Kalyan",Thane,Unaided,LSCS,State Level,Ladies,45882,35.67
2023-24,D Pharmacy,CAP Round III,03509,"Indala Institute of Pharmacy, Bapsai, Kalyan",Thane,Unaided,LOBCS,State Level,Ladies,45119,36.67
2023-24,D Pharmacy,CAP Round III,03509,"Indala Institute of Pharmacy, Bapsai, Kalyan",Thane,Unaided,DEFOPENS,State Level,Any,42453,39.0
2023-24,D Pharmacy,CAP Round III,03509,"Indala Institute of Pharmacy, Bapsai, Kalyan",Thane,Unaided,GOBCS,State Level,Any,42930,38.67
2023-24,D Pharmacy,CAP Round III,03509,"Indala Institute of Pharmacy, Bapsai, Kalyan",Thane,Unaided,GSCS,State Level,Any,43753,38.0
2023-24,D Pharmacy,CAP Round III,03509,"Indala Institute of Pharmacy, Bapsai, Kalyan",Thane,Unaided,GSTS,State Level,Any,43630,38.0
2023-24,D Pharmacy,CAP Round III,03509,"Indala Institute of Pharmacy, Bapsai, Kalyan",Thane,Unaided,GNT1S,State Level,Any,44489,37.33
2023-24,D Pharmacy,CAP Round III,03510,"Lokmanya Tilak Institute of Pharmacy, Kharghar, Navi Mumbai",Mumbai,Unaided,GOPENS,State Level,Any,37827,43.33
2023-24,D Pharmacy,CAP Round III,03510,"Lokmanya Tilak Institute of Pharmacy, Kharghar, Navi Mumbai",Mumbai,Unaided,LOPENS,State Level,Ladies,39140,42.0
2023-24,D Pharmacy,CAP Round III,03510,"Lokmanya Tilak Institute of Pharmacy, Kharghar, Navi Mumbai",Mumbai,Unaided,LSCS,State Level,Ladies,44166,37.67
2023-24,D Pharmacy,CAP Round III,03510,"Lokmanya Tilak Institute of Pharmacy, Kharghar, Navi Mumbai",Mumbai,Unaided,TFWS,Special,Any,38738,42.33
2023-24,D Pharmacy,CAP Round III,03510,"Lokmanya Tilak Institute of Pharmacy, Kharghar, Navi Mumbai",Mumbai,Unaided,PWDOPENS,State Level,Any,38169,43.0
2023-24,D Pharmacy,CAP Round III,03510,"Lokmanya Tilak Institute of Pharmacy, Kharghar, Navi Mumbai",Mumbai,Unaided,LSCS,State Level,Ladies,39439,41.67
2023-24,D Pharmacy,CAP Round III,03510,"Lokmanya Tilak Institute of Pharmacy, Kharghar, Navi Mumbai",Mumbai,Unaided,GSCS,State Level,Any,42815,38.67
2023-24,D Pharmacy,CAP Round III,03510,"Lokmanya Tilak Institute of Pharmacy, Kharghar, Navi Mumbai",Mumbai,Unaided,GSTS,State Level,Any,40182,41.0
2023-24,D Pharmacy,CAP Round III,03510,"Lokmanya Tilak Institute of Pharmacy, Kharghar, Navi Mumbai",Mumbai,Unaided,GNT2S,State Level,Any,40504,40.67
2023-24,D Pharmacy,CAP Round III,03510,"Lokmanya Tilak Institute of Pharmacy, Kharghar, Navi Mumbai",Mumbai,Unaided,GVJS,State Level,Any,40855,40.33
2023-24,D Pharmacy,CAP Round III,03510,"Lokmanya Tilak Institute of Pharmacy, Kharghar, Navi Mumbai",Mumbai,Unaided,GOBCS,State Level,Any,42624,39.0
2023-24,D Pharmacy,CAP Round III,03510,"Lokmanya Tilak Institute of Pharmacy, Kharghar, Navi Mumbai",Mumbai,Unaided,LSTS,State Level,Ladies,40271,41.0
2023-24,D Pharmacy,CAP Round III,03511,"DPO's Nett College of Pharmacy, Thane",Thane,Unaided,GOPENS,State Level,Any,40837,40.33
2023-24,D Pharmacy,CAP Round III,03511,"DPO's Nett College of Pharmacy, Thane",Thane,Unaided,GSCS,State Level,Any,44771,37.0
2023-24,D Pharmacy,CAP Round III,03511,"DPO's Nett College of Pharmacy, Thane",Thane,Unaided,LOPENS,State Level,Ladies,39435,41.67
2023-24,D Pharmacy,CAP Round III,03511,"DPO's Nett College of Pharmacy, Thane",Thane,Unaided,LSCS,State Level,Ladies,41514,39.67
2023-24,D Pharmacy,CAP Round III,03511,"DPO's Nett College of Pharmacy, Thane",Thane,Unaided,LSTS,State Level,Ladies,41008,40.33
2023-24,D Pharmacy,CAP Round III,03511,"DPO's Nett College of Pharmacy, Thane",Thane,Unaided,LOBCS,State Level,Ladies,43788,38.0
2023-24,D Pharmacy,CAP Round III,03511,"DPO's Nett College of Pharmacy, Thane",Thane,Unaided,DEFOPENS,State Level,Any,41343,40.0
2023-24,D Pharmacy,CAP Round III,03511,"DPO's Nett College of Pharmacy, Thane",Thane,Unaided,LSCS,State Level,Ladies,41708,39.67
2023-24,D Pharmacy,CAP Round III,03511,"DPO's Nett College of Pharmacy, Thane",Thane,Unaided,GSTS,State Level,Any,43979,37.67
2023-24,D Pharmacy,CAP Round III,03511,"DPO's Nett College of Pharmacy, Thane",Thane,Unaided,GNT3S,State Level,Any,43574,38.0
2023-24,D Pharmacy,CAP Round III,03511,"DPO's Nett College of Pharmacy, Thane",Thane,Unaided,GOBCS,State Level,Any,44619,37.0
2023-24,D Pharmacy,CAP Round III,03511,"DPO's Nett College of Pharmacy, Thane",Thane,Unaided,LNT1S,State Level,Ladies,43988,37.67
2023-24,D Pharmacy,CAP Round III,03531,B.R. Harne College of Pharmacy,Thane,Unaided,GOPENS,State Level,Any,46134,35.33
2023-24,D Pharmacy,CAP Round III,03531,B.R. Harne College of Pharmacy,Thane,Unaided,LOPENS,State Level,Ladies,41394,40.0
2023-24,D Pharmacy,CAP Round III,03531,B.R. Harne College of Pharmacy,Thane,Unaided,PWDOPENS,State Level,Any,46245,35.33
2023-24,D Pharmacy,CAP Round III,03531,B.R. Harne College of Pharmacy,Thane,Unaided,DEFOPENS,State Level,Any,46254,35.33
2023-24,D Pharmacy,CAP Round III,03531,B.R. Harne College of Pharmacy,Thane,Unaided,GSCS,State Level,Any,46310,35.33
2023-24,D Pharmacy,CAP Round III,03535,"Deep College of Pharmacy, Boisar",Mumbai,Unaided,GOPENS,State Level,Any,37408,43.67
2023-24,D Pharmacy,CAP Round III,03535,"Deep College of Pharmacy, Boisar",Mumbai,Unaided,LOPENS,State Level,Ladies,46404,35.0
2023-24,D Pharmacy,CAP Round III,03535,"Deep College of Pharmacy, Boisar",Mumbai,Unaided,GSCS,State Level,Any,46376,35.0
2023-24,D Pharmacy,CAP Round III,03537,Vaishalitai Jondhale College of Pharmacy D.Pharm,Thane,Unaided,GOPENS,State Level,Any,46045,35.67
2023-24,D Pharmacy,CAP Round III,03537,Vaishalitai Jondhale College of Pharmacy D.Pharm,Thane,Unaided,LOPENS,State Level,Ladies,45981,35.67
2023-24,D Pharmacy,CAP Round III,03537,Vaishalitai Jondhale College of Pharmacy D.Pharm,Thane,Unaided,DEFOPENS,State Level,Any,46391,35.0
2023-24,D Pharmacy,CAP Round III,03541,"AIMS College of Pharmacy, Vadavali, Kalyan",Thane,Unaided,GOPENS,State Level,Any,46264,35.33
2023-24,D Pharmacy,CAP Round III,03541,"AIMS College of Pharmacy, Vadavali, Kalyan",Thane,Unaided,LOPENS,State Level,Ladies,45780,36.0
2023-24,D Pharmacy,CAP Round III,03541,"AIMS College of Pharmacy, Vadavali, Kalyan",Thane,Unaided,TFWS,Special,Any,39177,42.0
2023-24,D Pharmacy,CAP Round III,03541,"AIMS College of Pharmacy, Vadavali, Kalyan",Thane,Unaided,PWDOPENS,State Level,Any,46325,35.0
2023-24,D Pharmacy,CAP Round III,03541,"AIMS College of Pharmacy, Vadavali, Kalyan",Thane,Unaided,DEFOPENS,State Level,Any,46390,35.0
2023-24,D Pharmacy,CAP Round III,03541,"AIMS College of Pharmacy, Vadavali, Kalyan",Thane,Unaided,GSCS,State Level,Any,46434,35.0
2023-24,D Pharmacy,CAP Round III,04019,"Nagar Yuvak Shikshan Sanstha Adv. V.R.Manohar Institute Of Diploma In Pharmacy, Nagpur",Nagpur,Aided,GOPENS,State Level,Any,15792,66.33
2023-24,D Pharmacy,CAP Round III,04019,"Nagar Yuvak Shikshan Sanstha Adv. V.R.Manohar Institute Of Diploma In Pharmacy, Nagpur",Nagpur,Aided,GSCS,State Level,Any,30853,50.33
2023-24,D Pharmacy,CAP Round III,04019,"Nagar Yuvak Shikshan Sanstha Adv. V.R.Manohar Institute Of Diploma In Pharmacy, Nagpur",Nagpur,Aided,GNT2S,State Level,Any,18537,63.33
2023-24,D Pharmacy,CAP Round III,04019,"Nagar Yuvak Shikshan Sanstha Adv. V.R.Manohar Institute Of Diploma In Pharmacy, Nagpur",Nagpur,Aided,GNT3S,State Level,Any,28289,53.0
2023-24,D Pharmacy,CAP Round III,04019,"Nagar Yuvak Shikshan Sanstha Adv. V.R.Manohar Institute Of Diploma In Pharmacy, Nagpur",Nagpur,Aided,GOBCS,State Level,Any,17182,64.67
2023-24,D Pharmacy,CAP Round III,04019,"Nagar Yuvak Shikshan Sanstha Adv. V.R.Manohar Institute Of Diploma In Pharmacy, Nagpur",Nagpur,Aided,LOPENS,State Level,Ladies,11089,71.67
2023-24,D Pharmacy,CAP Round III,04019,"Nagar Yuvak Shikshan Sanstha Adv. V.R.Manohar Institute Of Diploma In Pharmacy, Nagpur",Nagpur,Aided,LSCS,State Level,Ladies,24814,56.67
2023-24,D Pharmacy,CAP Round III,04019,"Nagar Yuvak Shikshan Sanstha Adv. V.R.Manohar Institute Of Diploma In Pharmacy, Nagpur",Nagpur,Aided,LSTS,State Level,Ladies,44759,37.0
2023-24,D Pharmacy,CAP Round III,04019,"Nagar Yuvak Shikshan Sanstha Adv. V.R.Manohar Institute Of Diploma In Pharmacy, Nagpur",Nagpur,Aided,EWS,Special,Any,23929,57.67
2023-24,D Pharmacy,CAP Round III,04019,"Nagar Yuvak Shikshan Sanstha Adv. V.R.Manohar Institute Of Diploma In Pharmacy, Nagpur",Nagpur,Aided,TFWS,Special,Any,22853,58.67
2023-24,D Pharmacy,CAP Round III,04019,"Nagar Yuvak Shikshan Sanstha Adv. V.R.Manohar Institute Of Diploma In Pharmacy, Nagpur",Nagpur,Aided,LNT1S,State Level,Ladies,25443,56.0
2023-24,D Pharmacy,CAP Round III,04019,"Nagar Yuvak Shikshan Sanstha Adv. V.R.Manohar Institute Of Diploma In Pharmacy, Nagpur",Nagpur,Aided,DEFOPENS,State Level,Any,21346,60.33
2023-24,D Pharmacy,CAP Round III,04020,"Shikshan Prasarak Mandal's Smt. Kusumtai Wankhede Institute of Pharmacy, Katol",Nagpur,Aided,GOPENS,State Level,Any,28453,52.67
2023-24,D Pharmacy,CAP Round III,04020,"Shikshan Prasarak Mandal's Smt. Kusumtai Wankhede Institute of Pharmacy, Katol",Nagpur,Aided,GSCS,State Level,Any,43428,38.33
2023-24,D Pharmacy,CAP Round III,04020,"Shikshan Prasarak Mandal's Smt. Kusumtai Wankhede Institute of Pharmacy, Katol",Nagpur,Aided,GNT1S,State Level,Any,31135,50.0
2023-24,D Pharmacy,CAP Round III,04020,"Shikshan Prasarak Mandal's Smt. Kusumtai Wankhede Institute of Pharmacy, Katol",Nagpur,Aided,GNT2S,State Level,Any,38820,42.33
2023-24,D Pharmacy,CAP Round III,04020,"Shikshan Prasarak Mandal's Smt. Kusumtai Wankhede Institute of Pharmacy, Katol",Nagpur,Aided,GNT3S,State Level,Any,33956,47.0
2023-24,D Pharmacy,CAP Round III,04020,"Shikshan Prasarak Mandal's Smt. Kusumtai Wankhede Institute of Pharmacy, Katol",Nagpur,Aided,GOBCS,State Level,Any,28573,52.67
2023-24,D Pharmacy,CAP Round III,04020,"Shikshan Prasarak Mandal's Smt. Kusumtai Wankhede Institute of Pharmacy, Katol",Nagpur,Aided,LSCS,State Level,Ladies,32114,49.0
2023-24,D Pharmacy,CAP Round III,04020,"Shikshan Prasarak Mandal's Smt. Kusumtai Wankhede Institute of Pharmacy, Katol",Nagpur,Aided,EWS,Special,Any,39099,42.0
2023-24,D Pharmacy,CAP Round III,04020,"Shikshan Prasarak Mandal's Smt. Kusumtai Wankhede Institute of Pharmacy, Katol",Nagpur,Aided,PWDOPENS,State Level,Any,30097,51.0
2023-24,D Pharmacy,CAP Round III,04020,"Shikshan Prasarak Mandal's Smt. Kusumtai Wankhede Institute of Pharmacy, Katol",Nagpur,Aided,DEFOPENS,State Level,Any,31662,49.33
2023-24,D Pharmacy,CAP Round III,04020,"Shikshan Prasarak Mandal's Smt. Kusumtai Wankhede Institute of Pharmacy, Katol",Nagpur,Aided,GSCS,State Level,Any,31986,49.0
2023-24,D Pharmacy,CAP Round III,04020,"Shikshan Prasarak Mandal's Smt. Kusumtai Wankhede Institute of Pharmacy, Katol",Nagpur,Aided,GVJS,State Level,Any,32744,48.33
2023-24,D Pharmacy,CAP Round III,04020,"Shikshan Prasarak Mandal's Smt. Kusumtai Wankhede Institute of Pharmacy, Katol",Nagpur,Aided,ORPHAN,Special,Any,33715,47.33
2023-24,D Pharmacy,CAP Round III,04021,"Vidharbha Youth Welfare Society's Institute of Diploma in Pharmacy Borgaon Meghe,Wardha",Wardha,Aided,GOPENS,State Level,Any,20455,61.33
2023-24,D Pharmacy,CAP Round III,04021,"Vidharbha Youth Welfare Society's Institute of Diploma in Pharmacy Borgaon Meghe,Wardha",Wardha,Aided,GSCS,State Level,Any,26518,55.0
2023-24,D Pharmacy,CAP Round III,04021,"Vidharbha Youth Welfare Society's Institute of Diploma in Pharmacy Borgaon Meghe,Wardha",Wardha,Aided,GSTS,State Level,Any,44205,37.67
2023-24,D Pharmacy,CAP Round III,04021,"Vidharbha Youth Welfare Society's Institute of Diploma in Pharmacy Borgaon Meghe,Wardha",Wardha,Aided,GNT1S,State Level,Any,25973,55.33
2023-24,D Pharmacy,CAP Round III,04021,"Vidharbha Youth Welfare Society's Institute of Diploma in Pharmacy Borgaon Meghe,Wardha",Wardha,Aided,GNT3S,State Level,Any,38600,42.33
2023-24,D Pharmacy,CAP Round III,04021,"Vidharbha Youth Welfare Society's Institute of Diploma in Pharmacy Borgaon Meghe,Wardha",Wardha,Aided,GOBCS,State Level,Any,27086,54.33
2023-24,D Pharmacy,CAP Round III,04021,"Vidharbha Youth Welfare Society's Institute of Diploma in Pharmacy Borgaon Meghe,Wardha",Wardha,Aided,LOPENS,State Level,Ladies,7080,76.33
2023-24,D Pharmacy,CAP Round III,04021,"Vidharbha Youth Welfare Society's Institute of Diploma in Pharmacy Borgaon Meghe,Wardha",Wardha,Aided,LSCS,State Level,Ladies,39905,41.33
2023-24,D Pharmacy,CAP Round III,04021,"Vidharbha Youth Welfare Society's Institute of Diploma in Pharmacy Borgaon Meghe,Wardha",Wardha,Aided,LOBCS,State Level,Ladies,24341,57.33
2023-24,D Pharmacy,CAP Round III,04021,"Vidharbha Youth Welfare Society's Institute of Diploma in Pharmacy Borgaon Meghe,Wardha",Wardha,Aided,EWS,Special,Any,34532,46.33
2023-24,D Pharmacy,CAP Round III,04021,"Vidharbha Youth Welfare Society's Institute of Diploma in Pharmacy Borgaon Meghe,Wardha",Wardha,Aided,PWDOPENS,State Level,Any,25903,55.67
2023-24,D Pharmacy,CAP Round III,04021,"Vidharbha Youth Welfare Society's Institute of Diploma in Pharmacy Borgaon Meghe,Wardha",Wardha,Aided,GSCS,State Level,Any,26456,55.0
2023-24,D Pharmacy,CAP Round III,04021,"Vidharbha Youth Welfare Society's Institute of Diploma in Pharmacy Borgaon Meghe,Wardha",Wardha,Aided,LSCS,State Level,Ladies,28156,53.0
2023-24,D Pharmacy,CAP Round III,04021,"Vidharbha Youth Welfare Society's Institute of Diploma in Pharmacy Borgaon Meghe,Wardha",Wardha,Aided,LVJS,State Level,Ladies,28941,52.33
2023-24,D Pharmacy,CAP Round III,04161,"Jay Mahakali Shikshan Sanstha's Agnihotri College of Pharmacy, Wardha",Wardha,Unaided,GOPENS,State Level,Any,45448,36.33
2023-24,D Pharmacy,CAP Round III,04161,"Jay Mahakali Shikshan Sanstha's Agnihotri College of Pharmacy, Wardha",Wardha,Unaided,LOPENS,State Level,Ladies,43908,37.67
2023-24,D Pharmacy,CAP Round III,04161,"Jay Mahakali Shikshan Sanstha's Agnihotri College of Pharmacy, Wardha",Wardha,Unaided,EWS,Special,Any,15408,67.0
2023-24,D Pharmacy,CAP Round III,04199,"S.Patil Shikshan Sanstha's Smt. Kishoritai Bhoyar College of Pharmacy,Kamptee",Nagpur,Unaided,GOPENS,State Level,Any,30192,51.0
2023-24,D Pharmacy,CAP Round III,04199,"S.Patil Shikshan Sanstha's Smt. Kishoritai Bhoyar College of Pharmacy,Kamptee",Nagpur,Unaided,GSCS,State Level,Any,40828,40.33
2023-24,D Pharmacy,CAP Round III,04199,"S.Patil Shikshan Sanstha's Smt. Kishoritai Bhoyar College of Pharmacy,Kamptee",Nagpur,Unaided,GOBCS,State Level,Any,34347,46.67
2023-24,D Pharmacy,CAP Round III,04199,"S.Patil Shikshan Sanstha's Smt. Kishoritai Bhoyar College of Pharmacy,Kamptee",Nagpur,Unaided,PWDOPENS,State Level,Any,37734,43.33
2023-24,D Pharmacy,CAP Round III,04199,"S.Patil Shikshan Sanstha's Smt. Kishoritai Bhoyar College of Pharmacy,Kamptee",Nagpur,Unaided,GSTS,State Level,Any,41863,39.33
2023-24,D Pharmacy,CAP Round III,04199,"S.Patil Shikshan Sanstha's Smt. Kishoritai Bhoyar College of Pharmacy,Kamptee",Nagpur,Unaided,GNT1S,State Level,Any,42288,39.0
2023-24,D Pharmacy,CAP Round III,04199,"S.Patil Shikshan Sanstha's Smt. Kishoritai Bhoyar College of Pharmacy,Kamptee",Nagpur,Unaided,GNT3S,State Level,Any,44114,37.67
2023-24,D Pharmacy,CAP Round III,04199,"S.Patil Shikshan Sanstha's Smt. Kishoritai Bhoyar College of Pharmacy,Kamptee",Nagpur,Unaided,LSTS,State Level,Ladies,42224,39.33
2023-24,D Pharmacy,CAP Round III,04210,"Shree Tuljabhavani Sevabhavi Saikshanik & Samajik Sanstha, Hi-Tech College of Pharmacy, Morwa, Chandrapur",Chandrapur,Unaided,GOPENS,State Level,Any,14240,68.0
2023-24,D Pharmacy,CAP Round III,04210,"Shree Tuljabhavani Sevabhavi Saikshanik & Samajik Sanstha, Hi-Tech College of Pharmacy, Morwa, Chandrapur",Chandrapur,Unaided,GNT3S,State Level,Any,44872,37.0
2023-24,D Pharmacy,CAP Round III,04210,"Shree Tuljabhavani Sevabhavi Saikshanik & Samajik Sanstha, Hi-Tech College of Pharmacy, Morwa, Chandrapur",Chandrapur,Unaided,GOBCS,State Level,Any,36031,45.0
2023-24,D Pharmacy,CAP Round III,04210,"Shree Tuljabhavani Sevabhavi Saikshanik & Samajik Sanstha, Hi-Tech College of Pharmacy, Morwa, Chandrapur",Chandrapur,Unaided,LSCS,State Level,Ladies,19685,62.0
2023-24,D Pharmacy,CAP Round III,04210,"Shree Tuljabhavani Sevabhavi Saikshanik & Samajik Sanstha, Hi-Tech College of Pharmacy, Morwa, Chandrapur",Chandrapur,Unaided,GSTS,State Level,Any,30054,51.0
2023-24,D Pharmacy,CAP Round III,04260,"Sikh Education Society's Gurunanak Technical Institute of Pharmacy, Nagpur",Nagpur,Unaided,GSCS,State Level,Any,39688,41.33
2023-24,D Pharmacy,CAP Round III,04260,"Sikh Education Society's Gurunanak Technical Institute of Pharmacy, Nagpur",Nagpur,Unaided,GNT2S,State Level,Any,45744,36.0
2023-24,D Pharmacy,CAP Round III,04260,"Sikh Education Society's Gurunanak Technical Institute of Pharmacy, Nagpur",Nagpur,Unaided,GOBCS,State Level,Any,37393,43.67
2023-24,D Pharmacy,CAP Round III,04260,"Sikh Education Society's Gurunanak Technical Institute of Pharmacy, Nagpur",Nagpur,Unaided,LSCS,State Level,Ladies,37013,44.0
2023-24,D Pharmacy,CAP Round III,04260,"Sikh Education Society's Gurunanak Technical Institute of Pharmacy, Nagpur",Nagpur,Unaided,LNT1S,State Level,Ladies,30856,50.33
2023-24,D Pharmacy,CAP Round III,04260,"Sikh Education Society's Gurunanak Technical Institute of Pharmacy, Nagpur",Nagpur,Unaided,LOBCS,State Level,Ladies,37675,43.33
2023-24,D Pharmacy,CAP Round III,04260,"Sikh Education Society's Gurunanak Technical Institute of Pharmacy, Nagpur",Nagpur,Unaided,EWS,Special,Any,37003,44.0
2023-24,D Pharmacy,CAP Round III,04260,"Sikh Education Society's Gurunanak Technical Institute of Pharmacy, Nagpur",Nagpur,Unaided,GVJS,State Level,Any,42568,39.0
2023-24,D Pharmacy,CAP Round III,04260,"Sikh Education Society's Gurunanak Technical Institute of Pharmacy, Nagpur",Nagpur,Unaided,LSTS,State Level,Ladies,42363,39.0
2023-24,D Pharmacy,CAP Round III,04260,"Sikh Education Society's Gurunanak Technical Institute of Pharmacy, Nagpur",Nagpur,Unaided,ORPHAN,Special,Any,44169,37.67
2023-24,D Pharmacy,CAP Round III,04261,"Shri Bhawabhuti Shikshan Sanstha's Shri Laxmanrao Mankar Institute Of Pharmacy, Amgoan",Gondia,Unaided,GOPENS,State Level,Any,15261,67.0
2023-24,D Pharmacy,CAP Round III,04261,"Shri Bhawabhuti Shikshan Sanstha's Shri Laxmanrao Mankar Institute Of Pharmacy, Amgoan",Gondia,Unaided,GSCS,State Level,Any,28913,52.33
2023-24,D Pharmacy,CAP Round III,04261,"Shri Bhawabhuti Shikshan Sanstha's Shri Laxmanrao Mankar Institute Of Pharmacy, Amgoan",Gondia,Unaided,GSTS,State Level,Any,28030,53.33
2023-24,D Pharmacy,CAP Round III,04261,"Shri Bhawabhuti Shikshan Sanstha's Shri Laxmanrao Mankar Institute Of Pharmacy, Amgoan",Gondia,Unaided,GOBCS,State Level,Any,19833,62.0
2023-24,D Pharmacy,CAP Round III,04261,"Shri Bhawabhuti Shikshan Sanstha's Shri Laxmanrao Mankar Institute Of Pharmacy, Amgoan",Gondia,Unaided,DEFOPENS,State Level,Any,19465,62.33
2023-24,D Pharmacy,CAP Round III,04261,"Shri Bhawabhuti Shikshan Sanstha's Shri Laxmanrao Mankar Institute Of Pharmacy, Amgoan",Gondia,Unaided,ORPHAN,Special,Any,20429,61.33
2023-24,D Pharmacy,CAP Round III,04262,"Ravi Bahu-Uddeshiya Shikshan Sanstha's Ravi Institute Of Diploma In Pharmacy, Mahadula, Devi Road, Koradi",Nagpur,Unaided,GOPENS,State Level,Any,34058,47.0
2023-24,D Pharmacy,CAP Round III,04262,"Ravi Bahu-Uddeshiya Shikshan Sanstha's Ravi Institute Of Diploma In Pharmacy, Mahadula, Devi Road, Koradi",Nagpur,Unaided,GSCS,State Level,Any,42694,39.0
2023-24,D Pharmacy,CAP Round III,04262,"Ravi Bahu-Uddeshiya Shikshan Sanstha's Ravi Institute Of Diploma In Pharmacy, Mahadula, Devi Road, Koradi",Nagpur,Unaided,TFWS,Special,Any,32179,48.67
2023-24,D Pharmacy,CAP Round III,04262,"Ravi Bahu-Uddeshiya Shikshan Sanstha's Ravi Institute Of Diploma In Pharmacy, Mahadula, Devi Road, Koradi",Nagpur,Unaided,PWDOPENS,State Level,Any,44944,37.0
2023-24,D Pharmacy,CAP Round III,04263,"S.K.B.College of Pharmacy, Gada, Kamptee",Nagpur,Unaided,GOPENS,State Level,Any,34650,46.33
2023-24,D Pharmacy,CAP Round III,04263,"S.K.B.College of Pharmacy, Gada, Kamptee",Nagpur,Unaided,GOBCS,State Level,Any,45999,35.67
2023-24,D Pharmacy,CAP Round III,04263,"S.K.B.College of Pharmacy, Gada, Kamptee",Nagpur,Unaided,LOPENS,State Level,Ladies,23523,58.0
2023-24,D Pharmacy,CAP Round III,04265,"Lokmanya Tilak Jankalyan Shikshan Sanstha's Priyadarshini J. L. college of pharmacy, Nagpur",Nagpur,Unaided,GOPENS,State Level,Any,46109,35.33
2023-24,D Pharmacy,CAP Round III,04265,"Lokmanya Tilak Jankalyan Shikshan Sanstha's Priyadarshini J. L. college of pharmacy, Nagpur",Nagpur,Unaided,LOPENS,State Level,Ladies,34851,46.0
2023-24,D Pharmacy,CAP Round III,04265,"Lokmanya Tilak Jankalyan Shikshan Sanstha's Priyadarshini J. L. college of pharmacy, Nagpur",Nagpur,Unaided,TFWS,Special,Any,37859,43.0
2023-24,D Pharmacy,CAP Round III,04268,"Wainganga Bahu-uddeshiya Vikas Sanstha,s Bajiraoji Karanjekar College of Pharmacy, Sakoli",Bhandara,Unaided,GOPENS,State Level,Any,30249,51.0
2023-24,D Pharmacy,CAP Round III,04268,"Wainganga Bahu-uddeshiya Vikas Sanstha,s Bajiraoji Karanjekar College of Pharmacy, Sakoli",Bhandara,Unaided,LOBCS,State Level,Ladies,31752,49.33
2023-24,D Pharmacy,CAP Round III,04268,"Wainganga Bahu-uddeshiya Vikas Sanstha,s Bajiraoji Karanjekar College of Pharmacy, Sakoli",Bhandara,Unaided,DEFOPENS,State Level,Any,43917,37.67
2023-24,D Pharmacy,CAP Round III,04269,"Anurag College of Pharmacy, Warathi, Tal. Mohadi Dist. Bhandara",Bhandara,Unaided,GOPENS,State Level,Any,6429,77.0
2023-24,D Pharmacy,CAP Round III,04269,"Anurag College of Pharmacy, Warathi, Tal. Mohadi Dist. Bhandara",Bhandara,Unaided,DEFOPENS,State Level,Any,20509,61.33
2023-24,D Pharmacy,CAP Round III,04269,"Anurag College of Pharmacy, Warathi, Tal. Mohadi Dist. Bhandara",Bhandara,Unaided,GNT3S,State Level,Any,20816,61.0
2023-24,D Pharmacy,CAP Round III,04270,"Backward Class Youth Relief Committee's Institute of D. Pharmacy, Nagpur",Nagpur,Unaided,GOPENS,State Level,Any,35557,45.33
2023-24,D Pharmacy,CAP Round III,04270,"Backward Class Youth Relief Committee's Institute of D. Pharmacy, Nagpur",Nagpur,Unaided,GOBCS,State Level,Any,45552,36.33
2023-24,D Pharmacy,CAP Round III,04270,"Backward Class Youth Relief Committee's Institute of D. Pharmacy, Nagpur",Nagpur,Unaided,LOBCS,State Level,Ladies,45459,36.33
2023-24,D Pharmacy,CAP Round III,04270,"Backward Class Youth Relief Committee's Institute of D. Pharmacy, Nagpur",Nagpur,Unaided,TFWS,Special,Any,21726,60.0
2023-24,D Pharmacy,CAP Round III,04277,"Sudam Shikshan Prasarak Mandal's Shree Babasaheb Gharfalkar College Of Pharmacy, Nachangaon, Pulgaon",Nagpur,Unaided,GOPENS,State Level,Any,42167,39.33
2023-24,D Pharmacy,CAP Round III,04277,"Sudam Shikshan Prasarak Mandal's Shree Babasaheb Gharfalkar College Of Pharmacy, Nachangaon, Pulgaon",Nagpur,Unaided,GOBCS,State Level,Any,45828,36.0
2023-24,D Pharmacy,CAP Round III,04277,"Sudam Shikshan Prasarak Mandal's Shree Babasaheb Gharfalkar College Of Pharmacy, Nachangaon, Pulgaon",Nagpur,Unaided,LOPENS,State Level,Ladies,34749,46.33
2023-24,D Pharmacy,CAP Round III,04277,"Sudam Shikshan Prasarak Mandal's Shree Babasaheb Gharfalkar College Of Pharmacy, Nachangaon, Pulgaon",Nagpur,Unaided,TFWS,Special,Any,29290,52.0
2023-24,D Pharmacy,CAP Round III,04277,"Sudam Shikshan Prasarak Mandal's Shree Babasaheb Gharfalkar College Of Pharmacy, Nachangaon, Pulgaon",Nagpur,Unaided,DEFOPENS,State Level,Any,43106,38.67
2023-24,D Pharmacy,CAP Round III,04278,"Young Engineers Education Society's Maharashtra Institute Of Pharmacy, Betada, Bramhapuri, Chandrapur",Chandrapur,Unaided,GOPENS,State Level,Any,44462,37.33
2023-24,D Pharmacy,CAP Round III,04278,"Young Engineers Education Society's Maharashtra Institute Of Pharmacy, Betada, Bramhapuri, Chandrapur",Chandrapur,Unaided,LOPENS,State Level,Ladies,35648,45.33
2023-24,D Pharmacy,CAP Round III,04278,"Young Engineers Education Society's Maharashtra Institute Of Pharmacy, Betada, Bramhapuri, Chandrapur",Chandrapur,Unaided,DEFOPENS,State Level,Any,46118,35.33
2023-24,D Pharmacy,CAP Round III,04279,"Sanmarg Shikshan Sanstha's K.R.Pandav Institute Of Pharmacy, Nagpur",Nagpur,Unaided,GOPENS,State Level,Any,41330,40.0
2023-24,D Pharmacy,CAP Round III,04279,"Sanmarg Shikshan Sanstha's K.R.Pandav Institute Of Pharmacy, Nagpur",Nagpur,Unaided,LOPENS,State Level,Ladies,25140,56.33
2023-24,D Pharmacy,CAP Round III,04279,"Sanmarg Shikshan Sanstha's K.R.Pandav Institute Of Pharmacy, Nagpur",Nagpur,Unaided,PWDOPENS,State Level,Any,46064,35.67
2023-24,D Pharmacy,CAP Round III,04280,"Krushna Sahyogi Tantra Shikshan Sanstha's Chatrapati Shivaji College Of Pharmacy, Devari, Tal. Devari, Dist.Gondiya",Gondia,Unaided,GOPENS,State Level,Any,35411,45.33
2023-24,D Pharmacy,CAP Round III,04280,"Krushna Sahyogi Tantra Shikshan Sanstha's Chatrapati Shivaji College Of Pharmacy, Devari, Tal. Devari, Dist.Gondiya",Gondia,Unaided,GOBCS,State Level,Any,36879,44.0
2023-24,D Pharmacy,CAP Round III,04280,"Krushna Sahyogi Tantra Shikshan Sanstha's Chatrapati Shivaji College Of Pharmacy, Devari, Tal. Devari, Dist.Gondiya",Gondia,Unaided,LOPENS,State Level,Ladies,31721,49.33
2023-24,D Pharmacy,CAP Round III,04280,"Krushna Sahyogi Tantra Shikshan Sanstha's Chatrapati Shivaji College Of Pharmacy, Devari, Tal. Devari, Dist.Gondiya",Gondia,Unaided,GSCS,State Level,Any,40980,40.33
2023-24,D Pharmacy,CAP Round III,04281,"Shri Sachhidanand Shikshan Santha's Taywade Institute Of Diploma In Pharmacy, Koradi, Kamptee,Dist.Nagpur",Nagpur,Unaided,GOPENS,State Level,Any,44447,37.33
2023-24,D Pharmacy,CAP Round III,04281,"Shri Sachhidanand Shikshan Santha's Taywade Institute Of Diploma In Pharmacy, Koradi, Kamptee,Dist.Nagpur",Nagpur,Unaided,GSCS,State Level,Any,46362,35.0
2023-24,D Pharmacy,CAP Round III,04281,"Shri Sachhidanand Shikshan Santha's Taywade Institute Of Diploma In Pharmacy, Koradi, Kamptee,Dist.Nagpur",Nagpur,Unaided,DEFOPENS,State Level,Any,45513,36.33
2023-24,D Pharmacy,CAP Round III,04640,"Abdul Majeed Central Education Society, Institute of Pharmacy, Lonara",Nagpur,Unaided,GOPENS,State Level,Any,856,88.33
2023-24,D Pharmacy,CAP Round III,04640,"Abdul Majeed Central Education Society, Institute of Pharmacy, Lonara",Nagpur,Unaided,LOBCS,State Level,Ladies,36347,44.67
2023-24,D Pharmacy,CAP Round III,04640,"Abdul Majeed Central Education Society, Institute of Pharmacy, Lonara",Nagpur,Unaided,PWDOPENS,State Level,Any,38071,43.0
2023-24,D Pharmacy,CAP Round III,04644,"Dadasaheb Balpande College of Diploma in Pharmacy, (DBCDIP) Nagpur",Amravati,Unaided,GOPENS,State Level,Any,43414,38.33
2023-24,D Pharmacy,CAP Round III,04644,"Dadasaheb Balpande College of Diploma in Pharmacy, (DBCDIP) Nagpur",Amravati,Unaided,GOBCS,State Level,Any,46155,35.33
2023-24,D Pharmacy,CAP Round III,04644,"Dadasaheb Balpande College of Diploma in Pharmacy, (DBCDIP) Nagpur",Amravati,Unaided,LOPENS,State Level,Ladies,42970,38.67
2023-24,D Pharmacy,CAP Round III,04644,"Dadasaheb Balpande College of Diploma in Pharmacy, (DBCDIP) Nagpur",Amravati,Unaided,LSCS,State Level,Ladies,46313,35.0
2023-24,D Pharmacy,CAP Round III,04644,"Dadasaheb Balpande College of Diploma in Pharmacy, (DBCDIP) Nagpur",Amravati,Unaided,GSCS,State Level,Any,43974,37.67
2023-24,D Pharmacy,CAP Round III,04644,"Dadasaheb Balpande College of Diploma in Pharmacy, (DBCDIP) Nagpur",Amravati,Unaided,GNT1S,State Level,Any,45319,36.33
2023-24,D Pharmacy,CAP Round III,04650,"P.R.Patil Institute of Pharmacy, Talegaon(SP),Wardha",Wardha,Unaided,GOPENS,State Level,Any,43066,38.67
2023-24,D Pharmacy,CAP Round III,04650,"P.R.Patil Institute of Pharmacy, Talegaon(SP),Wardha",Wardha,Unaided,GOBCS,State Level,Any,45550,36.33
2023-24,D Pharmacy,CAP Round III,04650,"P.R.Patil Institute of Pharmacy, Talegaon(SP),Wardha",Wardha,Unaided,LOPENS,State Level,Ladies,30503,50.67
2023-24,D Pharmacy,CAP Round III,04650,"P.R.Patil Institute of Pharmacy, Talegaon(SP),Wardha",Wardha,Unaided,TFWS,Special,Any,28497,52.67
2023-24,D Pharmacy,CAP Round III,04650,"P.R.Patil Institute of Pharmacy, Talegaon(SP),Wardha",Wardha,Unaided,PWDOPENS,State Level,Any,45232,36.67
2023-24,D Pharmacy,CAP Round III,04656,"Nagpur College Of Pharmacy, Hingana",Nagpur,Unaided,GOPENS,State Level,Any,41357,40.0
2023-24,D Pharmacy,CAP Round III,04656,"Nagpur College Of Pharmacy, Hingana",Nagpur,Unaided,GSCS,State Level,Any,45177,36.67
2023-24,D Pharmacy,CAP Round III,04656,"Nagpur College Of Pharmacy, Hingana",Nagpur,Unaided,GOBCS,State Level,Any,45384,36.33
2023-24,D Pharmacy,CAP Round III,04656,"Nagpur College Of Pharmacy, Hingana",Nagpur,Unaided,LOPENS,State Level,Ladies,36850,44.0
2023-24,D Pharmacy,CAP Round III,04656,"Nagpur College Of Pharmacy, Hingana",Nagpur,Unaided,EWS,Special,Any,35466,45.33
2023-24,D Pharmacy,CAP Round III,04656,"Nagpur College Of Pharmacy, Hingana",Nagpur,Unaided,LSTS,State Level,Ladies,44871,37.0
2023-24,D Pharmacy,CAP Round III,04660,"Gondia College Of Pharmacy, Chulod",Jalgaon,Unaided,GOPENS,State Level,Any,38438,42.67
2023-24,D Pharmacy,CAP Round III,04660,"Gondia College Of Pharmacy, Chulod",Jalgaon,Unaided,LOPENS,State Level,Ladies,7198,76.0
2023-24,D Pharmacy,CAP Round III,04660,"Gondia College Of Pharmacy, Chulod",Jalgaon,Unaided,LOBCS,State Level,Ladies,43453,38.33
2023-24,D Pharmacy,CAP Round III,04664,"Maharashtra College of Pharmacy, At Khamari, Gondia",Gondia,Unaided,GOPENS,State Level,Any,26909,54.33
2023-24,D Pharmacy,CAP Round III,04664,"Maharashtra College of Pharmacy, At Khamari, Gondia",Gondia,Unaided,GSCS,State Level,Any,42563,39.0
2023-24,D Pharmacy,CAP Round III,04664,"Maharashtra College of Pharmacy, At Khamari, Gondia",Gondia,Unaided,GOBCS,State Level,Any,39002,42.0
2023-24,D Pharmacy,CAP Round III,04664,"Maharashtra College of Pharmacy, At Khamari, Gondia",Gondia,Unaided,LOPENS,State Level,Ladies,34938,46.0
2023-24,D Pharmacy,CAP Round III,04664,"Maharashtra College of Pharmacy, At Khamari, Gondia",Gondia,Unaided,PWDOPENS,State Level,Any,45794,36.0
2023-24,D Pharmacy,CAP Round III,04681,Mata Mahakali College of Pharmacy,Nagpur,Unaided,GOPENS,State Level,Any,24655,57.0
2023-24,D Pharmacy,CAP Round III,04681,Mata Mahakali College of Pharmacy,Nagpur,Unaided,GSCS,State Level,Any,39194,42.0
2023-24,D Pharmacy,CAP Round III,04681,Mata Mahakali College of Pharmacy,Nagpur,Unaided,GOBCS,State Level,Any,36005,45.0
2023-24,D Pharmacy,CAP Round III,04681,Mata Mahakali College of Pharmacy,Nagpur,Unaided,LSTS,State Level,Ladies,27568,53.67
2023-24,D Pharmacy,CAP Round III,04681,Mata Mahakali College of Pharmacy,Nagpur,Unaided,LOBCS,State Level,Ladies,40997,40.33
2023-24,D Pharmacy,CAP Round III,04681,Mata Mahakali College of Pharmacy,Nagpur,Unaided,LSCS,State Level,Ladies,41310,40.0
2023-24,D Pharmacy,CAP Round III,04681,Mata Mahakali College of Pharmacy,Nagpur,Unaided,PWDOPENS,State Level,Any,44420,37.33
2023-24,D Pharmacy,CAP Round III,05005,"NDMVP Samaj's College of Pharmacy, Nashik",Nashik,Unaided,GOPENS,State Level,Any,33176,47.67
2023-24,D Pharmacy,CAP Round III,05005,"NDMVP Samaj's College of Pharmacy, Nashik",Nashik,Unaided,GOBCS,State Level,Any,41234,40.0
2023-24,D Pharmacy,CAP Round III,05005,"NDMVP Samaj's College of Pharmacy, Nashik",Nashik,Unaided,LOPENS,State Level,Ladies,26766,54.67
2023-24,D Pharmacy,CAP Round III,05005,"NDMVP Samaj's College of Pharmacy, Nashik",Nashik,Unaided,EWS,Special,Any,21642,60.0
2023-24,D Pharmacy,CAP Round III,05005,"NDMVP Samaj's College of Pharmacy, Nashik",Nashik,Unaided,TFWS,Special,Any,45081,36.67
2023-24,D Pharmacy,CAP Round III,05005,"NDMVP Samaj's College of Pharmacy, Nashik",Nashik,Unaided,DEFOPENS,State Level,Any,34617,46.33
2023-24,D Pharmacy,CAP Round III,05008,"Government Polytechnic, Jalgaon",Jalgaon,Government,GOPENS,State Level,Any,6038,77.67
2023-24,D Pharmacy,CAP Round III,05008,"Government Polytechnic, Jalgaon",Jalgaon,Government,GSCS,State Level,Any,22382,59.33
2023-24,D Pharmacy,CAP Round III,05008,"Government Polytechnic, Jalgaon",Jalgaon,Government,GNT1S,State Level,Any,6654,77.0
2023-24,D Pharmacy,CAP Round III,05008,"Government Polytechnic, Jalgaon",Jalgaon,Government,GNT2S,State Level,Any,8716,74.33
2023-24,D Pharmacy,CAP Round III,05008,"Government Polytechnic, Jalgaon",Jalgaon,Government,GVJS,State Level,Any,21913,60.0
2023-24,D Pharmacy,CAP Round III,05008,"Government Polytechnic, Jalgaon",Jalgaon,Government,GOBCS,State Level,Any,8523,74.67
2023-24,D Pharmacy,CAP Round III,05008,"Government Polytechnic, Jalgaon",Jalgaon,Government,LOPENS,State Level,Ladies,4064,80.67
2023-24,D Pharmacy,CAP Round III,05008,"Government Polytechnic, Jalgaon",Jalgaon,Government,PWDOPENS,State Level,Any,21169,60.67
2023-24,D Pharmacy,CAP Round III,05008,"Government Polytechnic, Jalgaon",Jalgaon,Government,EWS,Special,Any,7580,75.67
2023-24,D Pharmacy,CAP Round III,05008,"Government Polytechnic, Jalgaon",Jalgaon,Government,TFWS,Special,Any,2999,82.33
2023-24,D Pharmacy,CAP Round III,05008,"Government Polytechnic, Jalgaon",Jalgaon,Government,DEFOPENS,State Level,Any,6905,76.67
2023-24,D Pharmacy,CAP Round III,05008,"Government Polytechnic, Jalgaon",Jalgaon,Government,ORPHAN,Special,Any,7274,76.0
2023-24,D Pharmacy,CAP Round III,05012,"Pravara Rural Education Society's Pravara Rural College Of Pharmacy, Pravaranagar",Ahmednagar,Aided,GOPENS,State Level,Any,31827,49.33
2023-24,D Pharmacy,CAP Round III,05012,"Pravara Rural Education Society's Pravara Rural College Of Pharmacy, Pravaranagar",Ahmednagar,Aided,GSCS,State Level,Any,36561,44.33
2023-24,D Pharmacy,CAP Round III,05012,"Pravara Rural Education Society's Pravara Rural College Of Pharmacy, Pravaranagar",Ahmednagar,Aided,GSTS,State Level,Any,42580,39.0
2023-24,D Pharmacy,CAP Round III,05012,"Pravara Rural Education Society's Pravara Rural College Of Pharmacy, Pravaranagar",Ahmednagar,Aided,GOBCS,State Level,Any,43306,38.33
2023-24,D Pharmacy,CAP Round III,05012,"Pravara Rural Education Society's Pravara Rural College Of Pharmacy, Pravaranagar",Ahmednagar,Aided,LOPENS,State Level,Ladies,19747,62.0
2023-24,D Pharmacy,CAP Round III,05012,"Pravara Rural Education Society's Pravara Rural College Of Pharmacy, Pravaranagar",Ahmednagar,Aided,EWS,Special,Any,12824,69.67
2023-24,D Pharmacy,CAP Round III,05012,"Pravara Rural Education Society's Pravara Rural College Of Pharmacy, Pravaranagar",Ahmednagar,Aided,GSCS,State Level,Any,36812,44.0
2023-24,D Pharmacy,CAP Round III,05012,"Pravara Rural Education Society's Pravara Rural College Of Pharmacy, Pravaranagar",Ahmednagar,Aided,GSTS,State Level,Any,37499,43.33
2023-24,D Pharmacy,CAP Round III,05012,"Pravara Rural Education Society's Pravara Rural College Of Pharmacy, Pravaranagar",Ahmednagar,Aided,GNT1S,State Level,Any,43504,38.0
2023-24,D Pharmacy,CAP Round III,05012,"Pravara Rural Education Society's Pravara Rural College Of Pharmacy, Pravaranagar",Ahmednagar,Aided,LSCS,State Level,Ladies,37127,43.67
2023-24,D Pharmacy,CAP Round III,05012,"Pravara Rural Education Society's Pravara Rural College Of Pharmacy, Pravaranagar",Ahmednagar,Aided,LSTS,State Level,Ladies,42656,39.0
2023-24,D Pharmacy,CAP Round III,05013,"Mahatma Gandhi Taluka Shikshan Mandal's Sharadchandrika S. Patil Inst of Technology, Chopda",Jalgaon,Aided,GOPENS,State Level,Any,11596,71.0
2023-24,D Pharmacy,CAP Round III,05013,"Mahatma Gandhi Taluka Shikshan Mandal's Sharadchandrika S. Patil Inst of Technology, Chopda",Jalgaon,Aided,GSTS,State Level,Any,12823,69.67
2023-24,D Pharmacy,CAP Round III,05013,"Mahatma Gandhi Taluka Shikshan Mandal's Sharadchandrika S. Patil Inst of Technology, Chopda",Jalgaon,Aided,GOBCS,State Level,Any,13373,69.0
2023-24,D Pharmacy,CAP Round III,05013,"Mahatma Gandhi Taluka Shikshan Mandal's Sharadchandrika S. Patil Inst of Technology, Chopda",Jalgaon,Aided,LOPENS,State Level,Ladies,6229,77.33
2023-24,D Pharmacy,CAP Round III,05013,"Mahatma Gandhi Taluka Shikshan Mandal's Sharadchandrika S. Patil Inst of Technology, Chopda",Jalgaon,Aided,LNT1S,State Level,Ladies,23251,58.33
2023-24,D Pharmacy,CAP Round III,05013,"Mahatma Gandhi Taluka Shikshan Mandal's Sharadchandrika S. Patil Inst of Technology, Chopda",Jalgaon,Aided,LOBCS,State Level,Ladies,14613,67.67
2023-24,D Pharmacy,CAP Round III,05013,"Mahatma Gandhi Taluka Shikshan Mandal's Sharadchandrika S. Patil Inst of Technology, Chopda",Jalgaon,Aided,PWDOPENS,State Level,Any,18575,63.33
2023-24,D Pharmacy,CAP Round III,05013,"Mahatma Gandhi Taluka Shikshan Mandal's Sharadchandrika S. Patil Inst of Technology, Chopda",Jalgaon,Aided,GSCS,State Level,Any,24171,57.33
2023-24,D Pharmacy,CAP Round III,05013,"Mahatma Gandhi Taluka Shikshan Mandal's Sharadchandrika S. Patil Inst of Technology, Chopda",Jalgaon,Aided,GNT3S,State Level,Any,27383,54.0
2023-24,D Pharmacy,CAP Round III,05154,"Mahatma Gandhi Vidya Mandir's Pharmacy College, Panchavati, Nashik",Nashik,Unaided,GOPENS,State Level,Any,25849,55.67
2023-24,D Pharmacy,CAP Round III,05154,"Mahatma Gandhi Vidya Mandir's Pharmacy College, Panchavati, Nashik",Nashik,Unaided,GSTS,State Level,Any,30541,50.67
2023-24,D Pharmacy,CAP Round III,05154,"Mahatma Gandhi Vidya Mandir's Pharmacy College, Panchavati, Nashik",Nashik,Unaided,GOBCS,State Level,Any,42179,39.33
2023-24,D Pharmacy,CAP Round III,05154,"Mahatma Gandhi Vidya Mandir's Pharmacy College, Panchavati, Nashik",Nashik,Unaided,LSCS,State Level,Ladies,45730,36.0
2023-24,D Pharmacy,CAP Round III,05154,"Mahatma Gandhi Vidya Mandir's Pharmacy College, Panchavati, Nashik",Nashik,Unaided,LVJS,State Level,Ladies,41305,40.0
2023-24,D Pharmacy,CAP Round III,05154,"Mahatma Gandhi Vidya Mandir's Pharmacy College, Panchavati, Nashik",Nashik,Unaided,PWDOPENS,State Level,Any,30776,50.33
2023-24,D Pharmacy,CAP Round III,05154,"Mahatma Gandhi Vidya Mandir's Pharmacy College, Panchavati, Nashik",Nashik,Unaided,GSCS,State Level,Any,31079,50.0
2023-24,D Pharmacy,CAP Round III,05154,"Mahatma Gandhi Vidya Mandir's Pharmacy College, Panchavati, Nashik",Nashik,Unaided,LNT3S,State Level,Ladies,33172,47.67
2023-24,D Pharmacy,CAP Round III,05195,"Sanjivani Rural Education Society's Sanjivani College of Pharmaceutical & Research, Kopargaon",Ahmednagar,Unaided,GOPENS,State Level,Any,42345,39.0
2023-24,D Pharmacy,CAP Round III,05195,"Sanjivani Rural Education Society's Sanjivani College of Pharmaceutical & Research, Kopargaon",Ahmednagar,Unaided,GSCS,State Level,Any,42997,38.67
2023-24,D Pharmacy,CAP Round III,05195,"Sanjivani Rural Education Society's Sanjivani College of Pharmaceutical & Research, Kopargaon",Ahmednagar,Unaided,LOPENS,State Level,Ladies,32242,48.67
2023-24,D Pharmacy,CAP Round III,05195,"Sanjivani Rural Education Society's Sanjivani College of Pharmaceutical & Research, Kopargaon",Ahmednagar,Unaided,LOBCS,State Level,Ladies,42961,38.67
2023-24,D Pharmacy,CAP Round III,05195,"Sanjivani Rural Education Society's Sanjivani College of Pharmaceutical & Research, Kopargaon",Ahmednagar,Unaided,EWS,Special,Any,29135,52.0
2023-24,D Pharmacy,CAP Round III,05195,"Sanjivani Rural Education Society's Sanjivani College of Pharmaceutical & Research, Kopargaon",Ahmednagar,Unaided,DEFOPENS,State Level,Any,44209,37.67
2023-24,D Pharmacy,CAP Round III,05205,"MGVM's Samajshri Prashantdada Hiray College of Pharmacy, Malegaon Camp, Malegaon",Nashik,Unaided,GOPENS,State Level,Any,40301,41.0
2023-24,D Pharmacy,CAP Round III,05205,"MGVM's Samajshri Prashantdada Hiray College of Pharmacy, Malegaon Camp, Malegaon",Nashik,Unaided,GSTS,State Level,Any,41908,39.33
2023-24,D Pharmacy,CAP Round III,05205,"MGVM's Samajshri Prashantdada Hiray College of Pharmacy, Malegaon Camp, Malegaon",Nashik,Unaided,LOPENS,State Level,Ladies,45278,36.67
2023-24,D Pharmacy,CAP Round III,05206,"Kisan Vidya Prasarak Sanstha's Institute of Pharmaceutical Education, Boradi, Shirpur, Dhule",Dhule,Unaided,GOPENS,State Level,Any,18990,63.0
2023-24,D Pharmacy,CAP Round III,05206,"Kisan Vidya Prasarak Sanstha's Institute of Pharmaceutical Education, Boradi, Shirpur, Dhule",Dhule,Unaided,LOPENS,State Level,Ladies,10428,72.33
2023-24,D Pharmacy,CAP Round III,05206,"Kisan Vidya Prasarak Sanstha's Institute of Pharmaceutical Education, Boradi, Shirpur, Dhule",Dhule,Unaided,TFWS,Special,Any,11035,71.67
2023-24,D Pharmacy,CAP Round III,05207,"MET's, Institute of Pharmacy,Bhujbal Knowledge City, Metleague Colleges, Adgaon, Nashik",Nashik,Unaided,GOBCS,State Level,Any,45984,35.67
2023-24,D Pharmacy,CAP Round III,05207,"MET's, Institute of Pharmacy,Bhujbal Knowledge City, Metleague Colleges, Adgaon, Nashik",Nashik,Unaided,LOBCS,State Level,Ladies,45411,36.33
2023-24,D Pharmacy,CAP Round III,05207,"MET's, Institute of Pharmacy,Bhujbal Knowledge City, Metleague Colleges, Adgaon, Nashik",Nashik,Unaided,TFWS,Special,Any,41222,40.0
2023-24,D Pharmacy,CAP Round III,05207,"MET's, Institute of Pharmacy,Bhujbal Knowledge City, Metleague Colleges, Adgaon, Nashik",Nashik,Unaided,GOBCS,State Level,Any,27881,53.33
2023-24,D Pharmacy,CAP Round III,05207,"MET's, Institute of Pharmacy,Bhujbal Knowledge City, Metleague Colleges, Adgaon, Nashik",Nashik,Unaided,LNT3S,State Level,Ladies,17028,65.0
2023-24,D Pharmacy,CAP Round III,05209,"Kai Yashodabai Dagadu Saraf Charitable Trust's College of Pharmacy, Sakegaon",Jalgaon,Unaided,GOPENS,State Level,Any,17136,65.0
2023-24,D Pharmacy,CAP Round III,05209,"Kai Yashodabai Dagadu Saraf Charitable Trust's College of Pharmacy, Sakegaon",Jalgaon,Unaided,LOPENS,State Level,Ladies,37841,43.0
2023-24,D Pharmacy,CAP Round III,05209,"Kai Yashodabai Dagadu Saraf Charitable Trust's College of Pharmacy, Sakegaon",Jalgaon,Unaided,LOBCS,State Level,Ladies,21202,60.67
2023-24,D Pharmacy,CAP Round III,05209,"Kai Yashodabai Dagadu Saraf Charitable Trust's College of Pharmacy, Sakegaon",Jalgaon,Unaided,PWDOPENS,State Level,Any,25833,55.67
2023-24,D Pharmacy,CAP Round III,05209,"Kai Yashodabai Dagadu Saraf Charitable Trust's College of Pharmacy, Sakegaon",Jalgaon,Unaided,DEFOPENS,State Level,Any,33114,48.0
2023-24,D Pharmacy,CAP Round III,05209,"Kai Yashodabai Dagadu Saraf Charitable Trust's College of Pharmacy, Sakegaon",Jalgaon,Unaided,GSCS,State Level,Any,36586,44.33
2023-24,D Pharmacy,CAP Round III,05209,"Kai Yashodabai Dagadu Saraf Charitable Trust's College of Pharmacy, Sakegaon",Jalgaon,Unaided,LSCS,State Level,Ladies,39646,41.67
2023-24,D Pharmacy,CAP Round III,05273,"Late Shree Yashwantrao Chavan MMRDF Yashwantrao Chavan College of Pharmacy, Ahmednagar",Ahmednagar,Unaided,GOPENS,State Level,Any,23895,57.67
2023-24,D Pharmacy,CAP Round III,05273,"Late Shree Yashwantrao Chavan MMRDF Yashwantrao Chavan College of Pharmacy, Ahmednagar",Ahmednagar,Unaided,GSCS,State Level,Any,30606,50.67
2023-24,D Pharmacy,CAP Round III,05273,"Late Shree Yashwantrao Chavan MMRDF Yashwantrao Chavan College of Pharmacy, Ahmednagar",Ahmednagar,Unaided,GOBCS,State Level,Any,31486,49.67
2023-24,D Pharmacy,CAP Round III,05273,"Late Shree Yashwantrao Chavan MMRDF Yashwantrao Chavan College of Pharmacy, Ahmednagar",Ahmednagar,Unaided,PWDOPENS,State Level,Any,26850,54.67
2023-24,D Pharmacy,CAP Round III,05273,"Late Shree Yashwantrao Chavan MMRDF Yashwantrao Chavan College of Pharmacy, Ahmednagar",Ahmednagar,Unaided,GSTS,State Level,Any,32309,48.67
2023-24,D Pharmacy,CAP Round III,05273,"Late Shree Yashwantrao Chavan MMRDF Yashwantrao Chavan College of Pharmacy, Ahmednagar",Ahmednagar,Unaided,GNT1S,State Level,Any,34356,46.67
2023-24,D Pharmacy,CAP Round III,05273,"Late Shree Yashwantrao Chavan MMRDF Yashwantrao Chavan College of Pharmacy, Ahmednagar",Ahmednagar,Unaided,LSCS,State Level,Ladies,31133,50.0
2023-24,D Pharmacy,CAP Round III,05273,"Late Shree Yashwantrao Chavan MMRDF Yashwantrao Chavan College of Pharmacy, Ahmednagar",Ahmednagar,Unaided,LNT1S,State Level,Ladies,35883,45.0
2023-24,D Pharmacy,CAP Round III,05276,"Khandesh Education Societyâ€™s Late Shri Pandharinath Chhagansheth Bhandarkar College of D. Pharmacy and Late Prof R. K. Kele College of B. Pharmacy, Amalner",Jalgaon,Unaided,GOPENS,State Level,Any,16488,65.67
2023-24,D Pharmacy,CAP Round III,05276,"Khandesh Education Societyâ€™s Late Shri Pandharinath Chhagansheth Bhandarkar College of D. Pharmacy and Late Prof R. K. Kele College of B. Pharmacy, Amalner",Jalgaon,Unaided,GOBCS,State Level,Any,27155,54.33
2023-24,D Pharmacy,CAP Round III,05276,"Khandesh Education Societyâ€™s Late Shri Pandharinath Chhagansheth Bhandarkar College of D. Pharmacy and Late Prof R. K. Kele College of B. Pharmacy, Amalner",Jalgaon,Unaided,PWDOPENS,State Level,Any,19510,62.33
2023-24,D Pharmacy,CAP Round III,05280,"Sanjivani Rural Education Society's Sanjivani Institute Of Pharmacy And Research, Kopargaon",Ahmednagar,Unaided,GOPENS,State Level,Any,44047,37.67
2023-24,D Pharmacy,CAP Round III,05280,"Sanjivani Rural Education Society's Sanjivani Institute Of Pharmacy And Research, Kopargaon",Ahmednagar,Unaided,LOPENS,State Level,Ladies,42458,39.0
2023-24,D Pharmacy,CAP Round III,05280,"Sanjivani Rural Education Society's Sanjivani Institute Of Pharmacy And Research, Kopargaon",Ahmednagar,Unaided,DEFOPENS,State Level,Any,46243,35.33
2023-24,D Pharmacy,CAP Round III,05280,"Sanjivani Rural Education Society's Sanjivani Institute Of Pharmacy And Research, Kopargaon",Ahmednagar,Unaided,LSCS,State Level,Ladies,46263,35.33
2023-24,D Pharmacy,CAP Round III,05281,"Mahavir Institute Of Pharmacy, Nashik",Nashik,Unaided,GOPENS,State Level,Any,21764,60.0
2023-24,D Pharmacy,CAP Round III,05281,"Mahavir Institute Of Pharmacy, Nashik",Nashik,Unaided,LOPENS,State Level,Ladies,33916,47.0
2023-24,D Pharmacy,CAP Round III,05281,"Mahavir Institute Of Pharmacy, Nashik",Nashik,Unaided,LOPENS,State Level,Ladies,38111,43.0
2023-24,D Pharmacy,CAP Round III,05281,"Mahavir Institute Of Pharmacy, Nashik",Nashik,Unaided,LSTS,State Level,Ladies,41444,40.0
2023-24,D Pharmacy,CAP Round III,05288,"Adivasi Deomogara Edu. Society's K. D. Gavit D.Pharmacy College, Pathrai, Tal.Dist.-Nandurbar",Nandurbar,Unaided,GOPENS,State Level,Any,18309,63.67
2023-24,D Pharmacy,CAP Round III,05288,"Adivasi Deomogara Edu. Society's K. D. Gavit D.Pharmacy College, Pathrai, Tal.Dist.-Nandurbar",Nandurbar,Unaided,GSTS,State Level,Any,20531,61.33
2023-24,D Pharmacy,CAP Round III,05288,"Adivasi Deomogara Edu. Society's K. D. Gavit D.Pharmacy College, Pathrai, Tal.Dist.-Nandurbar",Nandurbar,Unaided,LOBCS,State Level,Ladies,23637,58.0
2023-24,D Pharmacy,CAP Round III,05288,"Adivasi Deomogara Edu. Society's K. D. Gavit D.Pharmacy College, Pathrai, Tal.Dist.-Nandurbar",Nandurbar,Unaided,GVJS,State Level,Any,20928,61.0
2023-24,D Pharmacy,CAP Round III,05290,"Shellino Education Society's NanaSaheb R.G.Patil Institute Of Pharmacy,Mamurabad, Jalgaon",Jalgaon,Unaided,GOPENS,State Level,Any,6525,77.0
2023-24,D Pharmacy,CAP Round III,05290,"Shellino Education Society's NanaSaheb R.G.Patil Institute Of Pharmacy,Mamurabad, Jalgaon",Jalgaon,Unaided,GOBCS,State Level,Any,30007,51.33
2023-24,D Pharmacy,CAP Round III,05290,"Shellino Education Society's NanaSaheb R.G.Patil Institute Of Pharmacy,Mamurabad, Jalgaon",Jalgaon,Unaided,LOPENS,State Level,Ladies,39061,42.0
2023-24,D Pharmacy,CAP Round III,05290,"Shellino Education Society's NanaSaheb R.G.Patil Institute Of Pharmacy,Mamurabad, Jalgaon",Jalgaon,Unaided,LOPENS,State Level,Ladies,15177,67.0
2023-24,D Pharmacy,CAP Round III,05290,"Shellino Education Society's NanaSaheb R.G.Patil Institute Of Pharmacy,Mamurabad, Jalgaon",Jalgaon,Unaided,GSCS,State Level,Any,22971,58.67
2023-24,D Pharmacy,CAP Round III,05290,"Shellino Education Society's NanaSaheb R.G.Patil Institute Of Pharmacy,Mamurabad, Jalgaon",Jalgaon,Unaided,LSCS,State Level,Ladies,36726,44.33
2023-24,D Pharmacy,CAP Round III,05295,"Sanjay Education Society's Institute of Pharmacy, Navalnagar, Dhule",Dhule,Unaided,GOPENS,State Level,Any,27171,54.33
2023-24,D Pharmacy,CAP Round III,05295,"Sanjay Education Society's Institute of Pharmacy, Navalnagar, Dhule",Dhule,Unaided,PWDOPENS,State Level,Any,36057,45.0
2023-24,D Pharmacy,CAP Round III,05295,"Sanjay Education Society's Institute of Pharmacy, Navalnagar, Dhule",Dhule,Unaided,GSCS,State Level,Any,38535,42.67
2023-24,D Pharmacy,CAP Round III,05296,"Navmaharahstra Shikshan Mandal's Abasaheb kakade Pharmacy College, Bodhegaon, Ahmednagar",Ahmednagar,Unaided,GOPENS,State Level,Any,16874,65.0
2023-24,D Pharmacy,CAP Round III,05296,"Navmaharahstra Shikshan Mandal's Abasaheb kakade Pharmacy College, Bodhegaon, Ahmednagar",Ahmednagar,Unaided,GOBCS,State Level,Any,16980,65.0
2023-24,D Pharmacy,CAP Round III,05296,"Navmaharahstra Shikshan Mandal's Abasaheb kakade Pharmacy College, Bodhegaon, Ahmednagar",Ahmednagar,Unaided,LOPENS,State Level,Ladies,9536,73.33
2023-24,D Pharmacy,CAP Round III,05296,"Navmaharahstra Shikshan Mandal's Abasaheb kakade Pharmacy College, Bodhegaon, Ahmednagar",Ahmednagar,Unaided,EWS,Special,Any,28375,53.0
2023-24,D Pharmacy,CAP Round III,05296,"Navmaharahstra Shikshan Mandal's Abasaheb kakade Pharmacy College, Bodhegaon, Ahmednagar",Ahmednagar,Unaided,DEFOPENS,State Level,Any,17313,64.67
2023-24,D Pharmacy,CAP Round III,05296,"Navmaharahstra Shikshan Mandal's Abasaheb kakade Pharmacy College, Bodhegaon, Ahmednagar",Ahmednagar,Unaided,GSCS,State Level,Any,22652,59.0
2023-24,D Pharmacy,CAP Round III,05301,"Shri.Krishna Educational & Cultural Mandal,Shri.Gulabrao Deokar Institute of Pharmacy & Research Centre, Jalgaon",Jalgaon,Unaided,GOPENS,State Level,Any,33826,47.0
2023-24,D Pharmacy,CAP Round III,05301,"Shri.Krishna Educational & Cultural Mandal,Shri.Gulabrao Deokar Institute of Pharmacy & Research Centre, Jalgaon",Jalgaon,Unaided,LOPENS,State Level,Ladies,22026,59.67
2023-24,D Pharmacy,CAP Round III,05301,"Shri.Krishna Educational & Cultural Mandal,Shri.Gulabrao Deokar Institute of Pharmacy & Research Centre, Jalgaon",Jalgaon,Unaided,LOBCS,State Level,Ladies,42687,39.0
2023-24,D Pharmacy,CAP Round III,05301,"Shri.Krishna Educational & Cultural Mandal,Shri.Gulabrao Deokar Institute of Pharmacy & Research Centre, Jalgaon",Jalgaon,Unaided,EWS,Special,Any,31213,50.0
2023-24,D Pharmacy,CAP Round III,05407,"J.E.S.S. College of Pharmacy, Nandurbar",Nandurbar,Unaided,GOPENS,State Level,Any,19308,62.67
2023-24,D Pharmacy,CAP Round III,05407,"J.E.S.S. College of Pharmacy, Nandurbar",Nandurbar,Unaided,GSTS,State Level,Any,21370,60.33
2023-24,D Pharmacy,CAP Round III,05407,"J.E.S.S. College of Pharmacy, Nandurbar",Nandurbar,Unaided,LOPENS,State Level,Ladies,20494,61.33
2023-24,D Pharmacy,CAP Round III,05407,"J.E.S.S. College of Pharmacy, Nandurbar",Nandurbar,Unaided,DEFOPENS,State Level,Any,22207,59.67
2023-24,D Pharmacy,CAP Round III,05407,"J.E.S.S. College of Pharmacy, Nandurbar",Nandurbar,Unaided,GSCS,State Level,Any,22459,59.33
2023-24,D Pharmacy,CAP Round III,05407,"J.E.S.S. College of Pharmacy, Nandurbar",Nandurbar,Unaided,GNT2S,State Level,Any,25259,56.33
2023-24,D Pharmacy,CAP Round III,05407,"J.E.S.S. College of Pharmacy, Nandurbar",Nandurbar,Unaided,GNT3S,State Level,Any,28208,53.0
2023-24,D Pharmacy,CAP Round III,05407,"J.E.S.S. College of Pharmacy, Nandurbar",Nandurbar,Unaided,LSCS,State Level,Ladies,24227,57.33
2023-24,D Pharmacy,CAP Round III,05410,"Gokhale Education Society's Sir Dr. M.S.Gosavi College of Pharmaceutical Education & Research, Nashik",Nashik,Unaided,GOPENS,State Level,Any,40156,41.0
2023-24,D Pharmacy,CAP Round III,05410,"Gokhale Education Society's Sir Dr. M.S.Gosavi College of Pharmaceutical Education & Research, Nashik",Nashik,Unaided,GOBCS,State Level,Any,44646,37.0
2023-24,D Pharmacy,CAP Round III,05410,"Gokhale Education Society's Sir Dr. M.S.Gosavi College of Pharmaceutical Education & Research, Nashik",Nashik,Unaided,GSCS,State Level,Any,41218,40.0
2023-24,D Pharmacy,CAP Round III,05410,"Gokhale Education Society's Sir Dr. M.S.Gosavi College of Pharmaceutical Education & Research, Nashik",Nashik,Unaided,GNT2S,State Level,Any,45436,36.33
2023-24,D Pharmacy,CAP Round III,05410,"Gokhale Education Society's Sir Dr. M.S.Gosavi College of Pharmaceutical Education & Research, Nashik",Nashik,Unaided,LNT3S,State Level,Ladies,46131,35.33
2023-24,D Pharmacy,CAP Round III,05421,"Pravara Rural Education Society's College of PHarmacy (D.Pharm), Chincholi",Chandrapur,Unaided,GOPENS,State Level,Any,37554,43.33
2023-24,D Pharmacy,CAP Round III,05421,"Pravara Rural Education Society's College of PHarmacy (D.Pharm), Chincholi",Chandrapur,Unaided,GOBCS,State Level,Any,43851,38.0
2023-24,D Pharmacy,CAP Round III,05421,"Pravara Rural Education Society's College of PHarmacy (D.Pharm), Chincholi",Chandrapur,Unaided,LOPENS,State Level,Ladies,45908,35.67
2023-24,D Pharmacy,CAP Round III,05425,"Pravara Rural Education Society's Institute of Pharmacy, Loni Kd",Ahmednagar,Unaided,GOPENS,State Level,Any,40248,41.0
2023-24,D Pharmacy,CAP Round III,05425,"Pravara Rural Education Society's Institute of Pharmacy, Loni Kd",Ahmednagar,Unaided,LOPENS,State Level,Ladies,22162,59.67
2023-24,D Pharmacy,CAP Round III,05425,"Pravara Rural Education Society's Institute of Pharmacy, Loni Kd",Ahmednagar,Unaided,LOBCS,State Level,Ladies,40386,40.67
2023-24,D Pharmacy,CAP Round III,05425,"Pravara Rural Education Society's Institute of Pharmacy, Loni Kd",Ahmednagar,Unaided,DEFOPENS,State Level,Any,44741,37.0
2023-24,D Pharmacy,CAP Round III,05427,"R.G.Sapkal Institute of Pharmacy, Anjaneri",Nashik,Unaided,GOPENS,State Level,Any,44103,37.67
2023-24,D Pharmacy,CAP Round III,05427,"R.G.Sapkal Institute of Pharmacy, Anjaneri",Nashik,Unaided,LOPENS,State Level,Ladies,17844,64.0
2023-24,D Pharmacy,CAP Round III,05427,"R.G.Sapkal Institute of Pharmacy, Anjaneri",Nashik,Unaided,LSCS,State Level,Ladies,45565,36.33
2023-24,D Pharmacy,CAP Round III,05427,"R.G.Sapkal Institute of Pharmacy, Anjaneri",Nashik,Unaided,LSTS,State Level,Ladies,44465,37.33
2023-24,D Pharmacy,CAP Round III,05427,"R.G.Sapkal Institute of Pharmacy, Anjaneri",Nashik,Unaided,PWDOPENS,State Level,Any,44394,37.33
2023-24,D Pharmacy,CAP Round III,05437,"Trimurti Institute of Pharmacy, Paldhi (BK), Jalgaon",Jalgaon,Unaided,GOPENS,State Level,Any,15997,66.33
2023-24,D Pharmacy,CAP Round III,05437,"Trimurti Institute of Pharmacy, Paldhi (BK), Jalgaon",Jalgaon,Unaided,LOPENS,State Level,Ladies,16740,65.33
2023-24,D Pharmacy,CAP Round III,05437,"Trimurti Institute of Pharmacy, Paldhi (BK), Jalgaon",Jalgaon,Unaided,EWS,Special,Any,13213,69.33
2023-24,D Pharmacy,CAP Round III,05437,"Trimurti Institute of Pharmacy, Paldhi (BK), Jalgaon",Jalgaon,Unaided,GSCS,State Level,Any,28995,52.33
2023-24,D Pharmacy,CAP Round III,05442,"MET's Institute of D. Pharmacy, Adgaon, Nashik",Nashik,Unaided,GOPENS,State Level,Any,42764,38.67
2023-24,D Pharmacy,CAP Round III,05442,"MET's Institute of D. Pharmacy, Adgaon, Nashik",Nashik,Unaided,LOPENS,State Level,Ladies,38328,42.67
2023-24,D Pharmacy,CAP Round III,05442,"MET's Institute of D. Pharmacy, Adgaon, Nashik",Nashik,Unaided,GVJS,State Level,Any,45568,36.33
2023-24,D Pharmacy,CAP Round III,05450,"K. K. Wagh College of Pharmacy, Nashik",Nashik,Unaided,GOPENS,State Level,Any,30658,50.33
2023-24,D Pharmacy,CAP Round III,05450,"K. K. Wagh College of Pharmacy, Nashik",Nashik,Unaided,GOBCS,State Level,Any,37573,43.33
2023-24,D Pharmacy,CAP Round III,05450,"K. K. Wagh College of Pharmacy, Nashik",Nashik,Unaided,LSCS,State Level,Ladies,35877,45.0
2023-24,D Pharmacy,CAP Round III,05450,"K. K. Wagh College of Pharmacy, Nashik",Nashik,Unaided,TFWS,Special,Any,20951,60.67
2023-24,D Pharmacy,CAP Round III,05450,"K. K. Wagh College of Pharmacy, Nashik",Nashik,Unaided,GVJS,State Level,Any,34787,46.0
2023-24,D Pharmacy,CAP Round III,05458,"Shri. Prakashchand Jain College of Pharmacy & Research, Palaskheda",Jalgaon,Unaided,GOPENS,State Level,Any,12258,70.33
2023-24,D Pharmacy,CAP Round III,05458,"Shri. Prakashchand Jain College of Pharmacy & Research, Palaskheda",Jalgaon,Unaided,LOPENS,State Level,Ladies,14081,68.33
2023-24,D Pharmacy,CAP Round III,05458,"Shri. Prakashchand Jain College of Pharmacy & Research, Palaskheda",Jalgaon,Unaided,TFWS,Special,Any,24225,57.33
2023-24,D Pharmacy,CAP Round III,05458,"Shri. Prakashchand Jain College of Pharmacy & Research, Palaskheda",Jalgaon,Unaided,GOPENS,State Level,Any,35409,45.67
2023-24,D Pharmacy,CAP Round III,05459,"Shri Gulabrao Deokar College of Pharmacy, Shirsoly Road, Jalgaon",Jalgaon,Unaided,GOPENS,State Level,Any,24980,56.67
2023-24,D Pharmacy,CAP Round III,05459,"Shri Gulabrao Deokar College of Pharmacy, Shirsoly Road, Jalgaon",Jalgaon,Unaided,LOPENS,State Level,Ladies,20930,61.0
2023-24,D Pharmacy,CAP Round III,05459,"Shri Gulabrao Deokar College of Pharmacy, Shirsoly Road, Jalgaon",Jalgaon,Unaided,PWDOPENS,State Level,Any,31528,49.67
2023-24,D Pharmacy,CAP Round III,05463,K. K. Wagh Institute of Pharmacy,Nashik,Unaided,GOPENS,State Level,Any,6118,77.67
2023-24,D Pharmacy,CAP Round III,05463,K. K. Wagh Institute of Pharmacy,Nashik,Unaided,LOPENS,State Level,Ladies,43792,38.0
2023-24,D Pharmacy,CAP Round III,05463,K. K. Wagh Institute of Pharmacy,Nashik,Unaided,EWS,Special,Any,23375,58.33
2023-24,D Pharmacy,CAP Round III,05466,"Shiva Trust, Shivajirao Pawar College of Pharmacy, At-Pachegaon, Tq.Newsa, Ahmednagar",Ahmednagar,Unaided,GOPENS,State Level,Any,23624,58.0
2023-24,D Pharmacy,CAP Round III,05466,"Shiva Trust, Shivajirao Pawar College of Pharmacy, At-Pachegaon, Tq.Newsa, Ahmednagar",Ahmednagar,Unaided,GSTS,State Level,Any,33777,47.33
2023-24,D Pharmacy,CAP Round III,05466,"Shiva Trust, Shivajirao Pawar College of Pharmacy, At-Pachegaon, Tq.Newsa, Ahmednagar",Ahmednagar,Unaided,TFWS,Special,Any,31825,49.33
2023-24,D Pharmacy,CAP Round III,05466,"Shiva Trust, Shivajirao Pawar College of Pharmacy, At-Pachegaon, Tq.Newsa, Ahmednagar",Ahmednagar,Unaided,PWDOPENS,State Level,Any,42341,39.0
2023-24,D Pharmacy,CAP Round III,05469,"P. G. College Of Pharmaceutical Science And Research, Chaupale",Nandurbar,Unaided,GOPENS,State Level,Any,14626,67.67
2023-24,D Pharmacy,CAP Round III,05469,"P. G. College Of Pharmaceutical Science And Research, Chaupale",Nandurbar,Unaided,LOPENS,State Level,Ladies,19954,62.0
2023-24,D Pharmacy,CAP Round III,05469,"P. G. College Of Pharmaceutical Science And Research, Chaupale",Nandurbar,Unaided,GSCS,State Level,Any,24267,57.33
2023-24,D Pharmacy,CAP Round III,05469,"P. G. College Of Pharmaceutical Science And Research, Chaupale",Nandurbar,Unaided,GNT2S,State Level,Any,28072,53.33
2023-24,D Pharmacy,CAP Round III,05469,"P. G. College Of Pharmaceutical Science And Research, Chaupale",Nandurbar,Unaided,GNT3S,State Level,Any,27628,53.67
2023-24,D Pharmacy,CAP Round III,05470,"Bankar Patil College Of Pharmacy, Yeola",Nashik,Unaided,GSTS,State Level,Any,28629,52.67
2023-24,D Pharmacy,CAP Round III,05470,"Bankar Patil College Of Pharmacy, Yeola",Nashik,Unaided,GOBCS,State Level,Any,12909,69.67
2023-24,D Pharmacy,CAP Round III,05470,"Bankar Patil College Of Pharmacy, Yeola",Nashik,Unaided,PWDOPENS,State Level,Any,41396,40.0
2023-24,D Pharmacy,CAP Round III,05471,"Saikrupa Institute Of Pharmacy, Ghargaon, Tal.Shrigonda",Ahmednagar,Unaided,GOPENS,State Level,Any,2264,84.0
2023-24,D Pharmacy,CAP Round III,05471,"Saikrupa Institute Of Pharmacy, Ghargaon, Tal.Shrigonda",Ahmednagar,Unaided,GOBCS,State Level,Any,43122,38.33
2023-24,D Pharmacy,CAP Round III,05471,"Saikrupa Institute Of Pharmacy, Ghargaon, Tal.Shrigonda",Ahmednagar,Unaided,EWS,Special,Any,24169,57.33
2023-24,D Pharmacy,CAP Round III,05471,"Saikrupa Institute Of Pharmacy, Ghargaon, Tal.Shrigonda",Ahmednagar,Unaided,LSCS,State Level,Ladies,6178,77.33
2023-24,D Pharmacy,CAP Round III,05472,"Sumantai Institute Of Pharmacy, Bamrud(Kh)",Jalgaon,Unaided,LOPENS,State Level,Ladies,19545,62.33
2023-24,D Pharmacy,CAP Round III,05472,"Sumantai Institute Of Pharmacy, Bamrud(Kh)",Jalgaon,Unaided,PWDOPENS,State Level,Any,19949,62.0
2023-24,D Pharmacy,CAP Round III,05472,"Sumantai Institute Of Pharmacy, Bamrud(Kh)",Jalgaon,Unaided,GSCS,State Level,Any,22982,58.67
2023-24,D Pharmacy,CAP Round III,05484,"Shri Swami Samarth Institute Of Pharmacy, Malwadi, Bota",Ahmednagar,Unaided,GOPENS,State Level,Any,14608,67.67
2023-24,D Pharmacy,CAP Round III,05484,"Shri Swami Samarth Institute Of Pharmacy, Malwadi, Bota",Ahmednagar,Unaided,GSCS,State Level,Any,28537,52.67
2023-24,D Pharmacy,CAP Round III,05484,"Shri Swami Samarth Institute Of Pharmacy, Malwadi, Bota",Ahmednagar,Unaided,LOPENS,State Level,Ladies,4302,80.33
2023-24,D Pharmacy,CAP Round III,05484,"Shri Swami Samarth Institute Of Pharmacy, Malwadi, Bota",Ahmednagar,Unaided,PWDOPENS,State Level,Any,37098,44.0
2023-24,D Pharmacy,CAP Round III,05499,"Shri Siddhivinayak Institute of Pharmacy, Siddhatek Berdi",Ahmednagar,Unaided,GOPENS,State Level,Any,28264,53.0
2023-24,D Pharmacy,CAP Round III,05499,"Shri Siddhivinayak Institute of Pharmacy, Siddhatek Berdi",Ahmednagar,Unaided,LOPENS,State Level,Ladies,42962,38.67
2023-24,D Pharmacy,CAP Round III,05499,"Shri Siddhivinayak Institute of Pharmacy, Siddhatek Berdi",Ahmednagar,Unaided,EWS,Special,Any,5282,78.67
2023-24,D Pharmacy,CAP Round III,05499,"Shri Siddhivinayak Institute of Pharmacy, Siddhatek Berdi",Ahmednagar,Unaided,TFWS,Special,Any,7059,76.33
2023-24,D Pharmacy,CAP Round III,05506,"Vishwabharati Academys, College of Pharmacy, Saroda baddi, Ahmednagar",Ahmednagar,Unaided,GOPENS,State Level,Any,12734,69.67
2023-24,D Pharmacy,CAP Round III,05506,"Vishwabharati Academys, College of Pharmacy, Saroda baddi, Ahmednagar",Ahmednagar,Unaided,LOPENS,State Level,Ladies,31992,49.0
2023-24,D Pharmacy,CAP Round III,05506,"Vishwabharati Academys, College of Pharmacy, Saroda baddi, Ahmednagar",Ahmednagar,Unaided,TFWS,Special,Any,18010,64.0
2023-24,D Pharmacy,CAP Round III,05531,MKD College of Pharmacy,Nashik,Unaided,GOPENS,State Level,Any,23773,58.0
2023-24,D Pharmacy,CAP Round III,05531,MKD College of Pharmacy,Nashik,Unaided,GSTS,State Level,Any,25578,56.0
2023-24,D Pharmacy,CAP Round III,05531,MKD College of Pharmacy,Nashik,Unaided,LOPENS,State Level,Ladies,32648,48.33
2023-24,D Pharmacy,CAP Round III,05531,MKD College of Pharmacy,Nashik,Unaided,GNT3S,State Level,Any,29330,52.0
2023-24,D Pharmacy,CAP Round III,05531,MKD College of Pharmacy,Nashik,Unaided,GOBCS,State Level,Any,33287,47.67
2023-24,D Pharmacy,CAP Round III,05531,MKD College of Pharmacy,Nashik,Unaided,LOBCS,State Level,Ladies,38103,43.0
2023-24,D Pharmacy,CAP Round III,05536,Shinde Institute of Pharmacy & Research,Nashik,Unaided,GOPENS,State Level,Any,25268,56.33
2023-24,D Pharmacy,CAP Round III,05536,Shinde Institute of Pharmacy & Research,Nashik,Unaided,LOPENS,State Level,Ladies,13958,68.33
2023-24,D Pharmacy,CAP Round III,05536,Shinde Institute of Pharmacy & Research,Nashik,Unaided,TFWS,Special,Any,23730,58.0
2023-24,D Pharmacy,CAP Round III,06008,"Government College of Pharmacy, Karad",Satara,Government,GOPENS,State Level,Any,6761,76.67
2023-24,D Pharmacy,CAP Round III,06008,"Government College of Pharmacy, Karad",Satara,Government,GSCS,State Level,Any,12438,70.0
2023-24,D Pharmacy,CAP Round III,06008,"Government College of Pharmacy, Karad",Satara,Government,GNT3S,State Level,Any,11593,71.0
2023-24,D Pharmacy,CAP Round III,06008,"Government College of Pharmacy, Karad",Satara,Government,GVJS,State Level,Any,10014,72.67
2023-24,D Pharmacy,CAP Round III,06008,"Government College of Pharmacy, Karad",Satara,Government,GOBCS,State Level,Any,15574,66.67
2023-24,D Pharmacy,CAP Round III,06008,"Government College of Pharmacy, Karad",Satara,Government,LOPENS,State Level,Ladies,7302,76.0
2023-24,D Pharmacy,CAP Round III,06008,"Government College of Pharmacy, Karad",Satara,Government,LSCS,State Level,Ladies,41852,39.33
2023-24,D Pharmacy,CAP Round III,06008,"Government College of Pharmacy, Karad",Satara,Government,LSTS,State Level,Ladies,37150,43.67
2023-24,D Pharmacy,CAP Round III,06008,"Government College of Pharmacy, Karad",Satara,Government,LOBCS,State Level,Ladies,17487,64.33
2023-24,D Pharmacy,CAP Round III,06008,"Government College of Pharmacy, Karad",Satara,Government,EWS,Special,Any,6697,76.67
2023-24,D Pharmacy,CAP Round III,06008,"Government College of Pharmacy, Karad",Satara,Government,PWDOPENS,State Level,Any,7480,75.67
2023-24,D Pharmacy,CAP Round III,06008,"Government College of Pharmacy, Karad",Satara,Government,GSTS,State Level,Any,12456,70.0
2023-24,D Pharmacy,CAP Round III,06023,"Kolhapur District Chemist Asso. Inst. Of Pharmacy, Kolhapur",Kolhapur,Aided,GOPENS,State Level,Any,37567,43.33
2023-24,D Pharmacy,CAP Round III,06023,"Kolhapur District Chemist Asso. Inst. Of Pharmacy, Kolhapur",Kolhapur,Aided,GNT3S,State Level,Any,43951,37.67
2023-24,D Pharmacy,CAP Round III,06023,"Kolhapur District Chemist Asso. Inst. Of Pharmacy, Kolhapur",Kolhapur,Aided,GOBCS,State Level,Any,43426,38.33
2023-24,D Pharmacy,CAP Round III,06023,"Kolhapur District Chemist Asso. Inst. Of Pharmacy, Kolhapur",Kolhapur,Aided,LOPENS,State Level,Ladies,33165,47.67
2023-24,D Pharmacy,CAP Round III,06023,"Kolhapur District Chemist Asso. Inst. Of Pharmacy, Kolhapur",Kolhapur,Aided,LSCS,State Level,Ladies,45877,35.67
2023-24,D Pharmacy,CAP Round III,06023,"Kolhapur District Chemist Asso. Inst. Of Pharmacy, Kolhapur",Kolhapur,Aided,LOBCS,State Level,Ladies,41660,39.67
2023-24,D Pharmacy,CAP Round III,06023,"Kolhapur District Chemist Asso. Inst. Of Pharmacy, Kolhapur",Kolhapur,Aided,EWS,Special,Any,29284,52.0
2023-24,D Pharmacy,CAP Round III,06023,"Kolhapur District Chemist Asso. Inst. Of Pharmacy, Kolhapur",Kolhapur,Aided,TFWS,Special,Any,12730,69.67
2023-24,D Pharmacy,CAP Round III,06023,"Kolhapur District Chemist Asso. Inst. Of Pharmacy, Kolhapur",Kolhapur,Aided,LSCS,State Level,Ladies,40822,40.33
2023-24,D Pharmacy,CAP Round III,06023,"Kolhapur District Chemist Asso. Inst. Of Pharmacy, Kolhapur",Kolhapur,Aided,PWDOPENS,State Level,Any,39415,41.67
2023-24,D Pharmacy,CAP Round III,06023,"Kolhapur District Chemist Asso. Inst. Of Pharmacy, Kolhapur",Kolhapur,Aided,DEFOPENS,State Level,Any,43311,38.33
2023-24,D Pharmacy,CAP Round III,06023,"Kolhapur District Chemist Asso. Inst. Of Pharmacy, Kolhapur",Kolhapur,Aided,GNT1S,State Level,Any,44457,37.33
2023-24,D Pharmacy,CAP Round III,06023,"Kolhapur District Chemist Asso. Inst. Of Pharmacy, Kolhapur",Kolhapur,Aided,LSTS,State Level,Ladies,43735,38.0
2023-24,D Pharmacy,CAP Round III,06023,"Kolhapur District Chemist Asso. Inst. Of Pharmacy, Kolhapur",Kolhapur,Aided,LNT1S,State Level,Ladies,44475,37.33
2023-24,D Pharmacy,CAP Round III,06024,"Bharti Vidyapeeth's Institute of Pharmacy (Aided Wing), Pune",Pune,Aided,GOPENS,State Level,Any,9749,73.0
2023-24,D Pharmacy,CAP Round III,06024,"Bharti Vidyapeeth's Institute of Pharmacy (Aided Wing), Pune",Pune,Aided,LOPENS,State Level,Ladies,2040,84.33
2023-24,D Pharmacy,CAP Round III,06024,"Bharti Vidyapeeth's Institute of Pharmacy (Aided Wing), Pune",Pune,Aided,LSCS,State Level,Ladies,23221,58.33
2023-24,D Pharmacy,CAP Round III,06024,"Bharti Vidyapeeth's Institute of Pharmacy (Aided Wing), Pune",Pune,Aided,LOBCS,State Level,Ladies,45946,35.67
2023-24,D Pharmacy,CAP Round III,06024,"Bharti Vidyapeeth's Institute of Pharmacy (Aided Wing), Pune",Pune,Aided,TFWS,Special,Any,4625,79.67
2023-24,D Pharmacy,CAP Round III,06024,"Bharti Vidyapeeth's Institute of Pharmacy (Aided Wing), Pune",Pune,Aided,LOBCS,State Level,Ladies,24497,57.0
2023-24,D Pharmacy,CAP Round III,06024,"Bharti Vidyapeeth's Institute of Pharmacy (Aided Wing), Pune",Pune,Aided,DEFOPENS,State Level,Any,10605,72.0
2023-24,D Pharmacy,CAP Round III,06024,"Bharti Vidyapeeth's Institute of Pharmacy (Aided Wing), Pune",Pune,Aided,GSTS,State Level,Any,11020,71.67
2023-24,D Pharmacy,CAP Round III,06025,"Shri Swami Vivekanand Shikshan Santha's Institute Of Pharmacy,Miraj",Sangli,Aided,GOPENS,State Level,Any,39951,41.33
2023-24,D Pharmacy,CAP Round III,06025,"Shri Swami Vivekanand Shikshan Santha's Institute Of Pharmacy,Miraj",Sangli,Aided,LOPENS,State Level,Ladies,37202,43.67
2023-24,D Pharmacy,CAP Round III,06025,"Shri Swami Vivekanand Shikshan Santha's Institute Of Pharmacy,Miraj",Sangli,Aided,TFWS,Special,Any,40046,41.0
2023-24,D Pharmacy,CAP Round III,06026,"Dakshin Solapur Taluka Shikshan Mandal's College Of Pharmacy (Poly), Solapur",Solapur,Aided,GOPENS,State Level,Any,10976,71.67
2023-24,D Pharmacy,CAP Round III,06026,"Dakshin Solapur Taluka Shikshan Mandal's College Of Pharmacy (Poly), Solapur",Solapur,Aided,GSCS,State Level,Any,17267,64.67
2023-24,D Pharmacy,CAP Round III,06026,"Dakshin Solapur Taluka Shikshan Mandal's College Of Pharmacy (Poly), Solapur",Solapur,Aided,LOPENS,State Level,Ladies,11830,70.67
2023-24,D Pharmacy,CAP Round III,06026,"Dakshin Solapur Taluka Shikshan Mandal's College Of Pharmacy (Poly), Solapur",Solapur,Aided,EWS,Special,Any,14241,68.0
2023-24,D Pharmacy,CAP Round III,06026,"Dakshin Solapur Taluka Shikshan Mandal's College Of Pharmacy (Poly), Solapur",Solapur,Aided,GSTS,State Level,Any,11870,70.67
2023-24,D Pharmacy,CAP Round III,06026,"Dakshin Solapur Taluka Shikshan Mandal's College Of Pharmacy (Poly), Solapur",Solapur,Aided,GVJS,State Level,Any,12782,69.67
2023-24,D Pharmacy,CAP Round III,06125,"Poona District Education Association, Shankarrao Ursal College of Pharmacy(Diploma), Kharadi, Tal: Haveli",Pune,Unaided,GOPENS,State Level,Any,33887,47.0
2023-24,D Pharmacy,CAP Round III,06125,"Poona District Education Association, Shankarrao Ursal College of Pharmacy(Diploma), Kharadi, Tal: Haveli",Pune,Unaided,GSCS,State Level,Any,46439,35.0
2023-24,D Pharmacy,CAP Round III,06125,"Poona District Education Association, Shankarrao Ursal College of Pharmacy(Diploma), Kharadi, Tal: Haveli",Pune,Unaided,GNT3S,State Level,Any,43145,38.33
2023-24,D Pharmacy,CAP Round III,06125,"Poona District Education Association, Shankarrao Ursal College of Pharmacy(Diploma), Kharadi, Tal: Haveli",Pune,Unaided,GOBCS,State Level,Any,36359,44.67
2023-24,D Pharmacy,CAP Round III,06125,"Poona District Education Association, Shankarrao Ursal College of Pharmacy(Diploma), Kharadi, Tal: Haveli",Pune,Unaided,LOPENS,State Level,Ladies,18755,63.0
2023-24,D Pharmacy,CAP Round III,06125,"Poona District Education Association, Shankarrao Ursal College of Pharmacy(Diploma), Kharadi, Tal: Haveli",Pune,Unaided,LSCS,State Level,Ladies,40877,40.33
2023-24,D Pharmacy,CAP Round III,06125,"Poona District Education Association, Shankarrao Ursal College of Pharmacy(Diploma), Kharadi, Tal: Haveli",Pune,Unaided,EWS,Special,Any,43964,37.67
2023-24,D Pharmacy,CAP Round III,06125,"Poona District Education Association, Shankarrao Ursal College of Pharmacy(Diploma), Kharadi, Tal: Haveli",Pune,Unaided,LOBCS,State Level,Ladies,41291,40.0
2023-24,D Pharmacy,CAP Round III,06125,"Poona District Education Association, Shankarrao Ursal College of Pharmacy(Diploma), Kharadi, Tal: Haveli",Pune,Unaided,GSCS,State Level,Any,37852,43.0
2023-24,D Pharmacy,CAP Round III,06125,"Poona District Education Association, Shankarrao Ursal College of Pharmacy(Diploma), Kharadi, Tal: Haveli",Pune,Unaided,GSTS,State Level,Any,33990,47.0
2023-24,D Pharmacy,CAP Round III,06125,"Poona District Education Association, Shankarrao Ursal College of Pharmacy(Diploma), Kharadi, Tal: Haveli",Pune,Unaided,LSTS,State Level,Ladies,37390,43.67
2023-24,D Pharmacy,CAP Round III,06125,"Poona District Education Association, Shankarrao Ursal College of Pharmacy(Diploma), Kharadi, Tal: Haveli",Pune,Unaided,LNT1S,State Level,Ladies,37512,43.33
2023-24,D Pharmacy,CAP Round III,06256,"Bharati Vidyapeeth's College of Pharmacy, Kolhapur",Kolhapur,Unaided,GOPENS,State Level,Any,39494,41.67
2023-24,D Pharmacy,CAP Round III,06256,"Bharati Vidyapeeth's College of Pharmacy, Kolhapur",Kolhapur,Unaided,LOPENS,State Level,Ladies,44314,37.33
2023-24,D Pharmacy,CAP Round III,06256,"Bharati Vidyapeeth's College of Pharmacy, Kolhapur",Kolhapur,Unaided,EWS,Special,Any,44272,37.33
2023-24,D Pharmacy,CAP Round III,06260,"Rajgad Dnyanpeeth's College of Pharmacy, Bhor",Pune,Unaided,GOPENS,State Level,Any,42947,38.67
2023-24,D Pharmacy,CAP Round III,06260,"Rajgad Dnyanpeeth's College of Pharmacy, Bhor",Pune,Unaided,LOPENS,State Level,Ladies,37033,44.0
2023-24,D Pharmacy,CAP Round III,06260,"Rajgad Dnyanpeeth's College of Pharmacy, Bhor",Pune,Unaided,TFWS,Special,Any,13948,68.33
2023-24,D Pharmacy,CAP Round III,06359,"Alard Charitable Trust's Alard College of Pharmacy, Marunje, Hinjewadi, Pune",Pune,Unaided,GOPENS,State Level,Any,39907,41.33
2023-24,D Pharmacy,CAP Round III,06359,"Alard Charitable Trust's Alard College of Pharmacy, Marunje, Hinjewadi, Pune",Pune,Unaided,LOPENS,State Level,Ladies,35482,45.33
2023-24,D Pharmacy,CAP Round III,06359,"Alard Charitable Trust's Alard College of Pharmacy, Marunje, Hinjewadi, Pune",Pune,Unaided,TFWS,Special,Any,28470,52.67
2023-24,D Pharmacy,CAP Round III,06359,"Alard Charitable Trust's Alard College of Pharmacy, Marunje, Hinjewadi, Pune",Pune,Unaided,GOPENS,State Level,Any,43396,38.33
2023-24,D Pharmacy,CAP Round III,06360,"Chanakya Education. Soceity's, Indira College of Pharmacy, Tathawade, Pune",Pune,Unaided,GOPENS,State Level,Any,34574,46.33
2023-24,D Pharmacy,CAP Round III,06360,"Chanakya Education. Soceity's, Indira College of Pharmacy, Tathawade, Pune",Pune,Unaided,GSCS,State Level,Any,39614,41.67
2023-24,D Pharmacy,CAP Round III,06360,"Chanakya Education. Soceity's, Indira College of Pharmacy, Tathawade, Pune",Pune,Unaided,GOBCS,State Level,Any,37617,43.33
2023-24,D Pharmacy,CAP Round III,06360,"Chanakya Education. Soceity's, Indira College of Pharmacy, Tathawade, Pune",Pune,Unaided,LOPENS,State Level,Ladies,20953,60.67
2023-24,D Pharmacy,CAP Round III,06360,"Chanakya Education. Soceity's, Indira College of Pharmacy, Tathawade, Pune",Pune,Unaided,LNT3S,State Level,Ladies,39558,41.67
2023-24,D Pharmacy,CAP Round III,06360,"Chanakya Education. Soceity's, Indira College of Pharmacy, Tathawade, Pune",Pune,Unaided,EWS,Special,Any,42716,38.67
2023-24,D Pharmacy,CAP Round III,06360,"Chanakya Education. Soceity's, Indira College of Pharmacy, Tathawade, Pune",Pune,Unaided,PWDOPENS,State Level,Any,38411,42.67
2023-24,D Pharmacy,CAP Round III,06360,"Chanakya Education. Soceity's, Indira College of Pharmacy, Tathawade, Pune",Pune,Unaided,GSTS,State Level,Any,42034,39.33
2023-24,D Pharmacy,CAP Round III,06360,"Chanakya Education. Soceity's, Indira College of Pharmacy, Tathawade, Pune",Pune,Unaided,GNT2S,State Level,Any,41522,39.67
2023-24,D Pharmacy,CAP Round III,06364,"Progressive Education Society's Modern College of Pharmacy( for Women), Moshi.(Tal.Haveli)",Pune,Unaided,LOPENS,State Level,Ladies,24921,56.67
2023-24,D Pharmacy,CAP Round III,06364,"Progressive Education Society's Modern College of Pharmacy( for Women), Moshi.(Tal.Haveli)",Pune,Unaided,LSCS,State Level,Ladies,42533,39.0
2023-24,D Pharmacy,CAP Round III,06364,"Progressive Education Society's Modern College of Pharmacy( for Women), Moshi.(Tal.Haveli)",Pune,Unaided,LSCS,State Level,Ladies,31388,49.67
2023-24,D Pharmacy,CAP Round III,06364,"Progressive Education Society's Modern College of Pharmacy( for Women), Moshi.(Tal.Haveli)",Pune,Unaided,LOBCS,State Level,Ladies,35581,45.33
2023-24,D Pharmacy,CAP Round III,06371,"Dr. D.Y. Patil College of Pharmacy , Akurdi, Pune",Pune,Unaided,GOPENS,State Level,Any,3951,80.67
2023-24,D Pharmacy,CAP Round III,06371,"Dr. D.Y. Patil College of Pharmacy , Akurdi, Pune",Pune,Unaided,GOBCS,State Level,Any,42413,39.0
2023-24,D Pharmacy,CAP Round III,06371,"Dr. D.Y. Patil College of Pharmacy , Akurdi, Pune",Pune,Unaided,LOPENS,State Level,Ladies,295,91.33
2023-24,D Pharmacy,CAP Round III,06371,"Dr. D.Y. Patil College of Pharmacy , Akurdi, Pune",Pune,Unaided,EWS,Special,Any,39839,41.33
2023-24,D Pharmacy,CAP Round III,06371,"Dr. D.Y. Patil College of Pharmacy , Akurdi, Pune",Pune,Unaided,TFWS,Special,Any,16229,66.0
2023-24,D Pharmacy,CAP Round III,06371,"Dr. D.Y. Patil College of Pharmacy , Akurdi, Pune",Pune,Unaided,DEFOPENS,State Level,Any,8834,74.0
2023-24,D Pharmacy,CAP Round III,06371,"Dr. D.Y. Patil College of Pharmacy , Akurdi, Pune",Pune,Unaided,GSTS,State Level,Any,12573,70.0
2023-24,D Pharmacy,CAP Round III,06375,"Dr. D.Y. Patil Unitech Society's Dr. D.Y. Patil Institute of Pharmaceutical Science & Research, Pimpri, Pune",Pune,Unaided,GOPENS,State Level,Any,29929,51.33
2023-24,D Pharmacy,CAP Round III,06375,"Dr. D.Y. Patil Unitech Society's Dr. D.Y. Patil Institute of Pharmaceutical Science & Research, Pimpri, Pune",Pune,Unaided,GSCS,State Level,Any,32585,48.33
2023-24,D Pharmacy,CAP Round III,06375,"Dr. D.Y. Patil Unitech Society's Dr. D.Y. Patil Institute of Pharmaceutical Science & Research, Pimpri, Pune",Pune,Unaided,GNT3S,State Level,Any,40924,40.33
2023-24,D Pharmacy,CAP Round III,06375,"Dr. D.Y. Patil Unitech Society's Dr. D.Y. Patil Institute of Pharmaceutical Science & Research, Pimpri, Pune",Pune,Unaided,LOPENS,State Level,Ladies,28224,53.0
2023-24,D Pharmacy,CAP Round III,06375,"Dr. D.Y. Patil Unitech Society's Dr. D.Y. Patil Institute of Pharmaceutical Science & Research, Pimpri, Pune",Pune,Unaided,LOBCS,State Level,Ladies,43830,38.0
2023-24,D Pharmacy,CAP Round III,06375,"Dr. D.Y. Patil Unitech Society's Dr. D.Y. Patil Institute of Pharmaceutical Science & Research, Pimpri, Pune",Pune,Unaided,GVJS,State Level,Any,33331,47.67
2023-24,D Pharmacy,CAP Round III,06375,"Dr. D.Y. Patil Unitech Society's Dr. D.Y. Patil Institute of Pharmaceutical Science & Research, Pimpri, Pune",Pune,Unaided,LNT1S,State Level,Ladies,32610,48.33
2023-24,D Pharmacy,CAP Round III,06380,"Marathwada Mitra Mandal's College of Pharmacy,Thergaon( Kalewadi) ,Pune",Pune,Unaided,GOPENS,State Level,Any,38228,42.67
2023-24,D Pharmacy,CAP Round III,06380,"Marathwada Mitra Mandal's College of Pharmacy,Thergaon( Kalewadi) ,Pune",Pune,Unaided,LOPENS,State Level,Ladies,29713,51.33
2023-24,D Pharmacy,CAP Round III,06380,"Marathwada Mitra Mandal's College of Pharmacy,Thergaon( Kalewadi) ,Pune",Pune,Unaided,EWS,Special,Any,41129,40.0
2023-24,D Pharmacy,CAP Round III,06380,"Marathwada Mitra Mandal's College of Pharmacy,Thergaon( Kalewadi) ,Pune",Pune,Unaided,GOBCS,State Level,Any,39517,41.67
2023-24,D Pharmacy,CAP Round III,06380,"Marathwada Mitra Mandal's College of Pharmacy,Thergaon( Kalewadi) ,Pune",Pune,Unaided,LNT3S,State Level,Ladies,38634,42.33
2023-24,D Pharmacy,CAP Round III,06385,"Poona District Education Association, Shankarrao Ursal College of Pharmaceutical Sciences & Research Centre, Kharadi, Tal: Haveli",Pune,Unaided,GOPENS,State Level,Any,44136,37.67
2023-24,D Pharmacy,CAP Round III,06385,"Poona District Education Association, Shankarrao Ursal College of Pharmaceutical Sciences & Research Centre, Kharadi, Tal: Haveli",Pune,Unaided,LOPENS,State Level,Ladies,44780,37.0
2023-24,D Pharmacy,CAP Round III,06385,"Poona District Education Association, Shankarrao Ursal College of Pharmaceutical Sciences & Research Centre, Kharadi, Tal: Haveli",Pune,Unaided,DEFOPENS,State Level,Any,45164,36.67
2023-24,D Pharmacy,CAP Round III,06388,"Shri Appasaheb Birnale College of Pharmacy, Sangli",Sangli,Unaided,GOPENS,State Level,Any,31805,49.33
2023-24,D Pharmacy,CAP Round III,06388,"Shri Appasaheb Birnale College of Pharmacy, Sangli",Sangli,Unaided,TFWS,Special,Any,33815,47.0
2023-24,D Pharmacy,CAP Round III,06388,"Shri Appasaheb Birnale College of Pharmacy, Sangli",Sangli,Unaided,GSTS,State Level,Any,37144,43.67
2023-24,D Pharmacy,CAP Round III,06388,"Shri Appasaheb Birnale College of Pharmacy, Sangli",Sangli,Unaided,GNT1S,State Level,Any,39004,42.0
2023-24,D Pharmacy,CAP Round III,06388,"Shri Appasaheb Birnale College of Pharmacy, Sangli",Sangli,Unaided,GVJS,State Level,Any,40544,40.67
2023-24,D Pharmacy,CAP Round III,06388,"Shri Appasaheb Birnale College of Pharmacy, Sangli",Sangli,Unaided,GOBCS,State Level,Any,42470,39.0
2023-24,D Pharmacy,CAP Round III,06388,"Shri Appasaheb Birnale College of Pharmacy, Sangli",Sangli,Unaided,LSCS,State Level,Ladies,36150,44.67
2023-24,D Pharmacy,CAP Round III,06388,"Shri Appasaheb Birnale College of Pharmacy, Sangli",Sangli,Unaided,LSTS,State Level,Ladies,38603,42.33
2023-24,D Pharmacy,CAP Round III,06389,"K.E. Socities. Rajarambapu College of Pharmacy, Kasegaon, Sangli",Sangli,Unaided,GOPENS,State Level,Any,44208,37.67
2023-24,D Pharmacy,CAP Round III,06389,"K.E. Socities. Rajarambapu College of Pharmacy, Kasegaon, Sangli",Sangli,Unaided,LOPENS,State Level,Ladies,42268,39.0
2023-24,D Pharmacy,CAP Round III,06389,"K.E. Socities. Rajarambapu College of Pharmacy, Kasegaon, Sangli",Sangli,Unaided,EWS,Special,Any,39178,42.0
2023-24,D Pharmacy,CAP Round III,06393,"Samarth Education Trust Arvind Gavali college of Pharmacy, Satara",Satara,Unaided,GOPENS,State Level,Any,44726,37.0
2023-24,D Pharmacy,CAP Round III,06393,"Samarth Education Trust Arvind Gavali college of Pharmacy, Satara",Satara,Unaided,GSCS,State Level,Any,44805,37.0
2023-24,D Pharmacy,CAP Round III,06393,"Samarth Education Trust Arvind Gavali college of Pharmacy, Satara",Satara,Unaided,LOPENS,State Level,Ladies,36743,44.33
2023-24,D Pharmacy,CAP Round III,06393,"Samarth Education Trust Arvind Gavali college of Pharmacy, Satara",Satara,Unaided,EWS,Special,Any,33402,47.67
2023-24,D Pharmacy,CAP Round III,06397,"Shri. Vitthal Edu. & Research's College of Pharmacy, Gopalpur, Pandharpur",Solapur,Unaided,GOPENS,State Level,Any,25077,56.33
2023-24,D Pharmacy,CAP Round III,06397,"Shri. Vitthal Edu. & Research's College of Pharmacy, Gopalpur, Pandharpur",Solapur,Unaided,GOBCS,State Level,Any,33735,47.33
2023-24,D Pharmacy,CAP Round III,06397,"Shri. Vitthal Edu. & Research's College of Pharmacy, Gopalpur, Pandharpur",Solapur,Unaided,LOPENS,State Level,Ladies,11720,71.0
2023-24,D Pharmacy,CAP Round III,06397,"Shri. Vitthal Edu. & Research's College of Pharmacy, Gopalpur, Pandharpur",Solapur,Unaided,LSCS,State Level,Ladies,33765,47.33
2023-24,D Pharmacy,CAP Round III,06397,"Shri. Vitthal Edu. & Research's College of Pharmacy, Gopalpur, Pandharpur",Solapur,Unaided,DEFOPENS,State Level,Any,26618,54.67
2023-24,D Pharmacy,CAP Round III,06398,"Shikshan & Krishi Vikas Pratishtan's Sahyadri College of Pharmacy, Methavade, Ta.:Sangola, Dist.: Solapur",Solapur,Unaided,GOPENS,State Level,Any,24191,57.33
2023-24,D Pharmacy,CAP Round III,06398,"Shikshan & Krishi Vikas Pratishtan's Sahyadri College of Pharmacy, Methavade, Ta.:Sangola, Dist.: Solapur",Solapur,Unaided,GSCS,State Level,Any,38416,42.67
2023-24,D Pharmacy,CAP Round III,06398,"Shikshan & Krishi Vikas Pratishtan's Sahyadri College of Pharmacy, Methavade, Ta.:Sangola, Dist.: Solapur",Solapur,Unaided,LOPENS,State Level,Ladies,30916,50.33
2023-24,D Pharmacy,CAP Round III,06398,"Shikshan & Krishi Vikas Pratishtan's Sahyadri College of Pharmacy, Methavade, Ta.:Sangola, Dist.: Solapur",Solapur,Unaided,EWS,Special,Any,33215,47.67
2023-24,D Pharmacy,CAP Round III,06398,"Shikshan & Krishi Vikas Pratishtan's Sahyadri College of Pharmacy, Methavade, Ta.:Sangola, Dist.: Solapur",Solapur,Unaided,PWDOPENS,State Level,Any,30284,51.0
2023-24,D Pharmacy,CAP Round III,06398,"Shikshan & Krishi Vikas Pratishtan's Sahyadri College of Pharmacy, Methavade, Ta.:Sangola, Dist.: Solapur",Solapur,Unaided,GSTS,State Level,Any,33738,47.33
2023-24,D Pharmacy,CAP Round III,06398,"Shikshan & Krishi Vikas Pratishtan's Sahyadri College of Pharmacy, Methavade, Ta.:Sangola, Dist.: Solapur",Solapur,Unaided,GOBCS,State Level,Any,34909,46.0
2023-24,D Pharmacy,CAP Round III,06401,"Shikshan Prasarak Mandal's College of Pharmacy, Akluj",Solapur,Unaided,GOPENS,State Level,Any,37258,43.67
2023-24,D Pharmacy,CAP Round III,06401,"Shikshan Prasarak Mandal's College of Pharmacy, Akluj",Solapur,Unaided,LOPENS,State Level,Ladies,34497,46.33
2023-24,D Pharmacy,CAP Round III,06401,"Shikshan Prasarak Mandal's College of Pharmacy, Akluj",Solapur,Unaided,TFWS,Special,Any,1740,85.0
2023-24,D Pharmacy,CAP Round III,06478,"Bharti Vidyapeeths Institute of Pharmacy (Un Aided Wing), Pune",Pune,Unaided,GOPENS,State Level,Any,21607,60.0
2023-24,D Pharmacy,CAP Round III,06478,"Bharti Vidyapeeths Institute of Pharmacy (Un Aided Wing), Pune",Pune,Unaided,GSCS,State Level,Any,27933,53.33
2023-24,D Pharmacy,CAP Round III,06478,"Bharti Vidyapeeths Institute of Pharmacy (Un Aided Wing), Pune",Pune,Unaided,GOBCS,State Level,Any,45551,36.33
2023-24,D Pharmacy,CAP Round III,06478,"Bharti Vidyapeeths Institute of Pharmacy (Un Aided Wing), Pune",Pune,Unaided,EWS,Special,Any,20345,61.33
2023-24,D Pharmacy,CAP Round III,06478,"Bharti Vidyapeeths Institute of Pharmacy (Un Aided Wing), Pune",Pune,Unaided,TFWS,Special,Any,34887,46.0
2023-24,D Pharmacy,CAP Round III,06478,"Bharti Vidyapeeths Institute of Pharmacy (Un Aided Wing), Pune",Pune,Unaided,PWDOPENS,State Level,Any,23255,58.33
2023-24,D Pharmacy,CAP Round III,06478,"Bharti Vidyapeeths Institute of Pharmacy (Un Aided Wing), Pune",Pune,Unaided,DEFOPENS,State Level,Any,27534,53.67
2023-24,D Pharmacy,CAP Round III,06478,"Bharti Vidyapeeths Institute of Pharmacy (Un Aided Wing), Pune",Pune,Unaided,GOBCS,State Level,Any,32677,48.33
2023-24,D Pharmacy,CAP Round III,06478,"Bharti Vidyapeeths Institute of Pharmacy (Un Aided Wing), Pune",Pune,Unaided,GSTS,State Level,Any,30313,50.67
2023-24,D Pharmacy,CAP Round III,06478,"Bharti Vidyapeeths Institute of Pharmacy (Un Aided Wing), Pune",Pune,Unaided,LNT1S,State Level,Ladies,31289,49.67
2023-24,D Pharmacy,CAP Round III,06478,"Bharti Vidyapeeths Institute of Pharmacy (Un Aided Wing), Pune",Pune,Unaided,LOBCS,State Level,Ladies,32836,48.0
2023-24,D Pharmacy,CAP Round III,06482,"Shri. Balasaheb Mane Shikshan Prasarak Mandal Ambap's, Ashokrao Mane Institute of Diploma in Pharmacy, Vadgaon",Pune,Unaided,GOPENS,State Level,Any,12982,69.33
2023-24,D Pharmacy,CAP Round III,06482,"Shri. Balasaheb Mane Shikshan Prasarak Mandal Ambap's, Ashokrao Mane Institute of Diploma in Pharmacy, Vadgaon",Pune,Unaided,LOBCS,State Level,Ladies,25345,56.0
2023-24,D Pharmacy,CAP Round III,06482,"Shri. Balasaheb Mane Shikshan Prasarak Mandal Ambap's, Ashokrao Mane Institute of Diploma in Pharmacy, Vadgaon",Pune,Unaided,GVJS,State Level,Any,36058,45.0
2023-24,D Pharmacy,CAP Round III,06482,"Shri. Balasaheb Mane Shikshan Prasarak Mandal Ambap's, Ashokrao Mane Institute of Diploma in Pharmacy, Vadgaon",Pune,Unaided,LNT2S,State Level,Ladies,33839,47.0
2023-24,D Pharmacy,CAP Round III,06487,"Jayawant Shikshan Prasarak Mandal's Jayawant Institute Of Pharmacy, Pune",Pune,Unaided,GOPENS,State Level,Any,35706,45.33
2023-24,D Pharmacy,CAP Round III,06487,"Jayawant Shikshan Prasarak Mandal's Jayawant Institute Of Pharmacy, Pune",Pune,Unaided,GSCS,State Level,Any,45524,36.33
2023-24,D Pharmacy,CAP Round III,06487,"Jayawant Shikshan Prasarak Mandal's Jayawant Institute Of Pharmacy, Pune",Pune,Unaided,LSCS,State Level,Ladies,41321,40.0
2023-24,D Pharmacy,CAP Round III,06487,"Jayawant Shikshan Prasarak Mandal's Jayawant Institute Of Pharmacy, Pune",Pune,Unaided,GSTS,State Level,Any,41141,40.0
2023-24,D Pharmacy,CAP Round III,06487,"Jayawant Shikshan Prasarak Mandal's Jayawant Institute Of Pharmacy, Pune",Pune,Unaided,GVJS,State Level,Any,45478,36.33
2023-24,D Pharmacy,CAP Round III,06487,"Jayawant Shikshan Prasarak Mandal's Jayawant Institute Of Pharmacy, Pune",Pune,Unaided,GOBCS,State Level,Any,45525,36.33
2023-24,D Pharmacy,CAP Round III,06487,"Jayawant Shikshan Prasarak Mandal's Jayawant Institute Of Pharmacy, Pune",Pune,Unaided,LSTS,State Level,Ladies,44026,37.67
2023-24,D Pharmacy,CAP Round III,06489,"Gourishankar Education Society's College Of Pharmacy (D.Pharm.), Degaon, Satara",Satara,Unaided,GOPENS,State Level,Any,44711,37.0
2023-24,D Pharmacy,CAP Round III,06489,"Gourishankar Education Society's College Of Pharmacy (D.Pharm.), Degaon, Satara",Satara,Unaided,EWS,Special,Any,43739,38.0
2023-24,D Pharmacy,CAP Round III,06489,"Gourishankar Education Society's College Of Pharmacy (D.Pharm.), Degaon, Satara",Satara,Unaided,PWDOPENS,State Level,Any,45009,36.67
2023-24,D Pharmacy,CAP Round III,06491,"Shri Y.S.P.Mandal's Vasantidevi Patil Institute of Pharmacy , Kodoli, Dist.Kolhapur",Kolhapur,Unaided,GOPENS,State Level,Any,44653,37.0
2023-24,D Pharmacy,CAP Round III,06491,"Shri Y.S.P.Mandal's Vasantidevi Patil Institute of Pharmacy , Kodoli, Dist.Kolhapur",Kolhapur,Unaided,LOPENS,State Level,Ladies,39744,41.33
2023-24,D Pharmacy,CAP Round III,06491,"Shri Y.S.P.Mandal's Vasantidevi Patil Institute of Pharmacy , Kodoli, Dist.Kolhapur",Kolhapur,Unaided,EWS,Special,Any,43087,38.67
2023-24,D Pharmacy,CAP Round III,06491,"Shri Y.S.P.Mandal's Vasantidevi Patil Institute of Pharmacy , Kodoli, Dist.Kolhapur",Kolhapur,Unaided,TFWS,Special,Any,23236,58.33
2023-24,D Pharmacy,CAP Round III,06495,"Dr. D. Y. Patil Pratishthan's Dr. D. Y. Patil Institute Of Pharmacy, Akurdi, Pune",Pune,Unaided,GOPENS,State Level,Any,34171,46.67
2023-24,D Pharmacy,CAP Round III,06495,"Dr. D. Y. Patil Pratishthan's Dr. D. Y. Patil Institute Of Pharmacy, Akurdi, Pune",Pune,Unaided,GOBCS,State Level,Any,38023,43.0
2023-24,D Pharmacy,CAP Round III,06495,"Dr. D. Y. Patil Pratishthan's Dr. D. Y. Patil Institute Of Pharmacy, Akurdi, Pune",Pune,Unaided,LSCS,State Level,Ladies,42377,39.0
2023-24,D Pharmacy,CAP Round III,06495,"Dr. D. Y. Patil Pratishthan's Dr. D. Y. Patil Institute Of Pharmacy, Akurdi, Pune",Pune,Unaided,EWS,Special,Any,40097,41.0
2023-24,D Pharmacy,CAP Round III,06495,"Dr. D. Y. Patil Pratishthan's Dr. D. Y. Patil Institute Of Pharmacy, Akurdi, Pune",Pune,Unaided,TFWS,Special,Any,28858,52.33
2023-24,D Pharmacy,CAP Round III,06495,"Dr. D. Y. Patil Pratishthan's Dr. D. Y. Patil Institute Of Pharmacy, Akurdi, Pune",Pune,Unaided,LNT2S,State Level,Ladies,40574,40.67
2023-24,D Pharmacy,CAP Round III,06495,"Dr. D. Y. Patil Pratishthan's Dr. D. Y. Patil Institute Of Pharmacy, Akurdi, Pune",Pune,Unaided,GNT1S,State Level,Any,35324,45.67
2023-24,D Pharmacy,CAP Round III,06497,"Gulabrao Patil Memorial Trust, Gulabrao Patil College of Pharmacy, Miraj",Sangli,Unaided,GOPENS,State Level,Any,34723,46.33
2023-24,D Pharmacy,CAP Round III,06497,"Gulabrao Patil Memorial Trust, Gulabrao Patil College of Pharmacy, Miraj",Sangli,Unaided,LOPENS,State Level,Ladies,27261,54.0
2023-24,D Pharmacy,CAP Round III,06497,"Gulabrao Patil Memorial Trust, Gulabrao Patil College of Pharmacy, Miraj",Sangli,Unaided,GOBCS,State Level,Any,37966,43.0
2023-24,D Pharmacy,CAP Round III,06498,"Sharadchandra Pawar Institute of Pharmacy,Dhumberwadi, Junnar",Pune,Unaided,GOPENS,State Level,Any,45523,36.33
2023-24,D Pharmacy,CAP Round III,06498,"Sharadchandra Pawar Institute of Pharmacy,Dhumberwadi, Junnar",Pune,Unaided,LOPENS,State Level,Ladies,44266,37.33
2023-24,D Pharmacy,CAP Round III,06498,"Sharadchandra Pawar Institute of Pharmacy,Dhumberwadi, Junnar",Pune,Unaided,EWS,Special,Any,44064,37.67
2023-24,D Pharmacy,CAP Round III,06501,"Shri Dhanlaxmi Foundation, Karad's Late Adv. Dadasaheb Chavan Memorial Institute of Pharmacy, Malwadi-Masur",Satara,Unaided,GNT1S,State Level,Any,44979,36.67
2023-24,D Pharmacy,CAP Round III,06501,"Shri Dhanlaxmi Foundation, Karad's Late Adv. Dadasaheb Chavan Memorial Institute of Pharmacy, Malwadi-Masur",Satara,Unaided,GSCS,State Level,Any,24701,56.67
2023-24,D Pharmacy,CAP Round III,06501,"Shri Dhanlaxmi Foundation, Karad's Late Adv. Dadasaheb Chavan Memorial Institute of Pharmacy, Malwadi-Masur",Satara,Unaided,GSTS,State Level,Any,46406,35.0
2023-24,D Pharmacy,CAP Round III,06501,"Shri Dhanlaxmi Foundation, Karad's Late Adv. Dadasaheb Chavan Memorial Institute of Pharmacy, Malwadi-Masur",Satara,Unaided,LSTS,State Level,Ladies,46426,35.0
2023-24,D Pharmacy,CAP Round III,06504,"Yashoda Shikshan Prasarak mandal's Sojar College of Pharmacy, Khandvi, Barshi, Solapur",Solapur,Unaided,GOPENS,State Level,Any,27632,53.67
2023-24,D Pharmacy,CAP Round III,06504,"Yashoda Shikshan Prasarak mandal's Sojar College of Pharmacy, Khandvi, Barshi, Solapur",Solapur,Unaided,PWDOPENS,State Level,Any,27848,53.33
2023-24,D Pharmacy,CAP Round III,06504,"Yashoda Shikshan Prasarak mandal's Sojar College of Pharmacy, Khandvi, Barshi, Solapur",Solapur,Unaided,GSCS,State Level,Any,34358,46.67
2023-24,D Pharmacy,CAP Round III,06504,"Yashoda Shikshan Prasarak mandal's Sojar College of Pharmacy, Khandvi, Barshi, Solapur",Solapur,Unaided,GSTS,State Level,Any,38427,42.67
2023-24,D Pharmacy,CAP Round III,06505,"Shri Vithal Education & Research Institute's, College of Pharmacy(Poly.), Pandharpur",Solapur,Unaided,GOPENS,State Level,Any,17350,64.67
2023-24,D Pharmacy,CAP Round III,06505,"Shri Vithal Education & Research Institute's, College of Pharmacy(Poly.), Pandharpur",Solapur,Unaided,GSCS,State Level,Any,21977,59.67
2023-24,D Pharmacy,CAP Round III,06505,"Shri Vithal Education & Research Institute's, College of Pharmacy(Poly.), Pandharpur",Solapur,Unaided,EWS,Special,Any,16701,65.33
2023-24,D Pharmacy,CAP Round III,06505,"Shri Vithal Education & Research Institute's, College of Pharmacy(Poly.), Pandharpur",Solapur,Unaided,GSTS,State Level,Any,23829,57.67
2023-24,D Pharmacy,CAP Round III,06506,"Jayawant Shikshan Prasark Mandal's Jaywantrao Sawant Institute Of Pharmacy, Hadapsar, Pune",Pune,Unaided,GOPENS,State Level,Any,34373,46.67
2023-24,D Pharmacy,CAP Round III,06506,"Jayawant Shikshan Prasark Mandal's Jaywantrao Sawant Institute Of Pharmacy, Hadapsar, Pune",Pune,Unaided,GSCS,State Level,Any,46028,35.67
2023-24,D Pharmacy,CAP Round III,06506,"Jayawant Shikshan Prasark Mandal's Jaywantrao Sawant Institute Of Pharmacy, Hadapsar, Pune",Pune,Unaided,LOPENS,State Level,Ladies,42712,38.67
2023-24,D Pharmacy,CAP Round III,06506,"Jayawant Shikshan Prasark Mandal's Jaywantrao Sawant Institute Of Pharmacy, Hadapsar, Pune",Pune,Unaided,EWS,Special,Any,35817,45.0
2023-24,D Pharmacy,CAP Round III,06506,"Jayawant Shikshan Prasark Mandal's Jaywantrao Sawant Institute Of Pharmacy, Hadapsar, Pune",Pune,Unaided,GNT1S,State Level,Any,37572,43.33
2023-24,D Pharmacy,CAP Round III,06506,"Jayawant Shikshan Prasark Mandal's Jaywantrao Sawant Institute Of Pharmacy, Hadapsar, Pune",Pune,Unaided,GNT2S,State Level,Any,43557,38.0
2023-24,D Pharmacy,CAP Round III,06506,"Jayawant Shikshan Prasark Mandal's Jaywantrao Sawant Institute Of Pharmacy, Hadapsar, Pune",Pune,Unaided,GOBCS,State Level,Any,41109,40.0
2023-24,D Pharmacy,CAP Round III,06510,"Shriram Shikshan Sanstha's College of Pharmacy, Paniv, Malshiras, Dist. Solapur",Solapur,Unaided,LOPENS,State Level,Ladies,29445,51.67
2023-24,D Pharmacy,CAP Round III,06510,"Shriram Shikshan Sanstha's College of Pharmacy, Paniv, Malshiras, Dist. Solapur",Solapur,Unaided,GSTS,State Level,Any,30302,51.0
2023-24,D Pharmacy,CAP Round III,06510,"Shriram Shikshan Sanstha's College of Pharmacy, Paniv, Malshiras, Dist. Solapur",Solapur,Unaided,GVJS,State Level,Any,31257,49.67
2023-24,D Pharmacy,CAP Round III,06510,"Shriram Shikshan Sanstha's College of Pharmacy, Paniv, Malshiras, Dist. Solapur",Solapur,Unaided,GOBCS,State Level,Any,35070,46.0
2023-24,D Pharmacy,CAP Round III,06514,"Abhinav Education Society's College Of Pharmacy, Narhe, Tal. Haveli, Dist. Pune",Pune,Unaided,GOPENS,State Level,Any,39230,42.0
2023-24,D Pharmacy,CAP Round III,06514,"Abhinav Education Society's College Of Pharmacy, Narhe, Tal. Haveli, Dist. Pune",Pune,Unaided,LOPENS,State Level,Ladies,26636,54.67
2023-24,D Pharmacy,CAP Round III,06514,"Abhinav Education Society's College Of Pharmacy, Narhe, Tal. Haveli, Dist. Pune",Pune,Unaided,GOBCS,State Level,Any,42814,38.67
2023-24,D Pharmacy,CAP Round III,06516,"Krishna Charitable Trust's Krishna College of Pharmacy, Malkapur, Karad.",Satara,Unaided,GOPENS,State Level,Any,36433,44.33
2023-24,D Pharmacy,CAP Round III,06516,"Krishna Charitable Trust's Krishna College of Pharmacy, Malkapur, Karad.",Satara,Unaided,LOPENS,State Level,Ladies,37332,43.67
2023-24,D Pharmacy,CAP Round III,06516,"Krishna Charitable Trust's Krishna College of Pharmacy, Malkapur, Karad.",Satara,Unaided,EWS,Special,Any,32505,48.33
2023-24,D Pharmacy,CAP Round III,06516,"Krishna Charitable Trust's Krishna College of Pharmacy, Malkapur, Karad.",Satara,Unaided,GNT3S,State Level,Any,45437,36.33
2023-24,D Pharmacy,CAP Round III,06516,"Krishna Charitable Trust's Krishna College of Pharmacy, Malkapur, Karad.",Satara,Unaided,LSCS,State Level,Ladies,41765,39.67
2023-24,D Pharmacy,CAP Round III,06520,"Sant Gajanan Maharaj Rural Hospital And Research Centre's Sant Gajanan Maharaj Rural Pharmacy College, Mahagaon, Kolhapur",Kolhapur,Unaided,GOPENS,State Level,Any,40649,40.67
2023-24,D Pharmacy,CAP Round III,06520,"Sant Gajanan Maharaj Rural Hospital And Research Centre's Sant Gajanan Maharaj Rural Pharmacy College, Mahagaon, Kolhapur",Kolhapur,Unaided,LOPENS,State Level,Ladies,34884,46.0
2023-24,D Pharmacy,CAP Round III,06520,"Sant Gajanan Maharaj Rural Hospital And Research Centre's Sant Gajanan Maharaj Rural Pharmacy College, Mahagaon, Kolhapur",Kolhapur,Unaided,GSTS,State Level,Any,41331,40.0
2023-24,D Pharmacy,CAP Round III,06520,"Sant Gajanan Maharaj Rural Hospital And Research Centre's Sant Gajanan Maharaj Rural Pharmacy College, Mahagaon, Kolhapur",Kolhapur,Unaided,GNT1S,State Level,Any,41716,39.67
2023-24,D Pharmacy,CAP Round III,06520,"Sant Gajanan Maharaj Rural Hospital And Research Centre's Sant Gajanan Maharaj Rural Pharmacy College, Mahagaon, Kolhapur",Kolhapur,Unaided,GNT2S,State Level,Any,43042,38.67
2023-24,D Pharmacy,CAP Round III,06520,"Sant Gajanan Maharaj Rural Hospital And Research Centre's Sant Gajanan Maharaj Rural Pharmacy College, Mahagaon, Kolhapur",Kolhapur,Unaided,GVJS,State Level,Any,44040,37.67
2023-24,D Pharmacy,CAP Round III,06520,"Sant Gajanan Maharaj Rural Hospital And Research Centre's Sant Gajanan Maharaj Rural Pharmacy College, Mahagaon, Kolhapur",Kolhapur,Unaided,GOBCS,State Level,Any,46104,35.67
2023-24,D Pharmacy,CAP Round III,06520,"Sant Gajanan Maharaj Rural Hospital And Research Centre's Sant Gajanan Maharaj Rural Pharmacy College, Mahagaon, Kolhapur",Kolhapur,Unaided,LSCS,State Level,Ladies,41286,40.0
2023-24,D Pharmacy,CAP Round III,06520,"Sant Gajanan Maharaj Rural Hospital And Research Centre's Sant Gajanan Maharaj Rural Pharmacy College, Mahagaon, Kolhapur",Kolhapur,Unaided,LSTS,State Level,Ladies,41342,40.0
2023-24,D Pharmacy,CAP Round III,06520,"Sant Gajanan Maharaj Rural Hospital And Research Centre's Sant Gajanan Maharaj Rural Pharmacy College, Mahagaon, Kolhapur",Kolhapur,Unaided,LNT1S,State Level,Ladies,42000,39.33
2023-24,D Pharmacy,CAP Round III,06520,"Sant Gajanan Maharaj Rural Hospital And Research Centre's Sant Gajanan Maharaj Rural Pharmacy College, Mahagaon, Kolhapur",Kolhapur,Unaided,LNT3S,State Level,Ladies,43711,38.0
2023-24,D Pharmacy,CAP Round III,06616,"Sant Gajanan Maharaj College of Pharmacy, Gadhinglaj",Kolhapur,Unaided,GOPENS,State Level,Any,39619,41.67
2023-24,D Pharmacy,CAP Round III,06616,"Sant Gajanan Maharaj College of Pharmacy, Gadhinglaj",Kolhapur,Unaided,LOPENS,State Level,Ladies,37184,43.67
2023-24,D Pharmacy,CAP Round III,06616,"Sant Gajanan Maharaj College of Pharmacy, Gadhinglaj",Kolhapur,Unaided,EWS,Special,Any,40428,40.67
2023-24,D Pharmacy,CAP Round III,06616,"Sant Gajanan Maharaj College of Pharmacy, Gadhinglaj",Kolhapur,Unaided,PWDOPENS,State Level,Any,41118,40.0
2023-24,D Pharmacy,CAP Round III,06616,"Sant Gajanan Maharaj College of Pharmacy, Gadhinglaj",Kolhapur,Unaided,GSCS,State Level,Any,45122,36.67
2023-24,D Pharmacy,CAP Round III,06736,Shivnagar Vidya Prasarak Manda'ls Institute Of Pharmacy Malegaon,Nashik,Unaided,GOPENS,State Level,Any,36911,44.0
2023-24,D Pharmacy,CAP Round III,06736,Shivnagar Vidya Prasarak Manda'ls Institute Of Pharmacy Malegaon,Nashik,Unaided,LOBCS,State Level,Ladies,42738,38.67
2023-24,D Pharmacy,CAP Round III,06736,Shivnagar Vidya Prasarak Manda'ls Institute Of Pharmacy Malegaon,Nashik,Unaided,EWS,Special,Any,38403,42.67
2023-24,D Pharmacy,CAP Round III,06736,Shivnagar Vidya Prasarak Manda'ls Institute Of Pharmacy Malegaon,Nashik,Unaided,LOBCS,State Level,Ladies,43497,38.0
2023-24,D Pharmacy,CAP Round III,06736,Shivnagar Vidya Prasarak Manda'ls Institute Of Pharmacy Malegaon,Nashik,Unaided,GSTS,State Level,Any,38317,42.67
2023-24,D Pharmacy,CAP Round III,06736,Shivnagar Vidya Prasarak Manda'ls Institute Of Pharmacy Malegaon,Nashik,Unaided,GOBCS,State Level,Any,39553,41.67
2023-24,D Pharmacy,CAP Round III,06835,"Gandhi Natha Rangji College of Diploma Pharmacy, Solapur",Solapur,Unaided,GOPENS,State Level,Any,14810,67.67
2023-24,D Pharmacy,CAP Round III,06835,"Gandhi Natha Rangji College of Diploma Pharmacy, Solapur",Solapur,Unaided,GOBCS,State Level,Any,20253,61.67
2023-24,D Pharmacy,CAP Round III,06835,"Gandhi Natha Rangji College of Diploma Pharmacy, Solapur",Solapur,Unaided,LOPENS,State Level,Ladies,13813,68.67
2023-24,D Pharmacy,CAP Round III,06835,"Gandhi Natha Rangji College of Diploma Pharmacy, Solapur",Solapur,Unaided,LSCS,State Level,Ladies,26304,55.0
2023-24,D Pharmacy,CAP Round III,06835,"Gandhi Natha Rangji College of Diploma Pharmacy, Solapur",Solapur,Unaided,LOBCS,State Level,Ladies,19253,62.67
2023-24,D Pharmacy,CAP Round III,06835,"Gandhi Natha Rangji College of Diploma Pharmacy, Solapur",Solapur,Unaided,EWS,Special,Any,37179,43.67
2023-24,D Pharmacy,CAP Round III,06835,"Gandhi Natha Rangji College of Diploma Pharmacy, Solapur",Solapur,Unaided,TFWS,Special,Any,29576,51.67
2023-24,D Pharmacy,CAP Round III,06835,"Gandhi Natha Rangji College of Diploma Pharmacy, Solapur",Solapur,Unaided,PWDOPENS,State Level,Any,16136,66.0
2023-24,D Pharmacy,CAP Round III,06835,"Gandhi Natha Rangji College of Diploma Pharmacy, Solapur",Solapur,Unaided,DEFOPENS,State Level,Any,16469,65.67
2023-24,D Pharmacy,CAP Round III,06835,"Gandhi Natha Rangji College of Diploma Pharmacy, Solapur",Solapur,Unaided,GSTS,State Level,Any,17821,64.0
2023-24,D Pharmacy,CAP Round III,06835,"Gandhi Natha Rangji College of Diploma Pharmacy, Solapur",Solapur,Unaided,GVJS,State Level,Any,18661,63.33
2023-24,D Pharmacy,CAP Round III,06835,"Gandhi Natha Rangji College of Diploma Pharmacy, Solapur",Solapur,Unaided,LSTS,State Level,Ladies,18406,63.33
2023-24,D Pharmacy,CAP Round III,06835,"Gandhi Natha Rangji College of Diploma Pharmacy, Solapur",Solapur,Unaided,LNT2S,State Level,Ladies,18462,63.33
2023-24,D Pharmacy,CAP Round III,06905,"Navsahyadri Institute of Pharmacy, Naigaon( Nasarapur), Pune",Pune,Unaided,GOPENS,State Level,Any,20375,61.33
2023-24,D Pharmacy,CAP Round III,06905,"Navsahyadri Institute of Pharmacy, Naigaon( Nasarapur), Pune",Pune,Unaided,GOBCS,State Level,Any,46506,35.0
2023-24,D Pharmacy,CAP Round III,06905,"Navsahyadri Institute of Pharmacy, Naigaon( Nasarapur), Pune",Pune,Unaided,LSCS,State Level,Ladies,28370,53.0
2023-24,D Pharmacy,CAP Round III,06905,"Navsahyadri Institute of Pharmacy, Naigaon( Nasarapur), Pune",Pune,Unaided,LNT3S,State Level,Ladies,40358,40.67
2023-24,D Pharmacy,CAP Round III,06905,"Navsahyadri Institute of Pharmacy, Naigaon( Nasarapur), Pune",Pune,Unaided,LOBCS,State Level,Ladies,36144,44.67
2023-24,D Pharmacy,CAP Round III,06905,"Navsahyadri Institute of Pharmacy, Naigaon( Nasarapur), Pune",Pune,Unaided,GSCS,State Level,Any,35028,46.0
2023-24,D Pharmacy,CAP Round III,06905,"Navsahyadri Institute of Pharmacy, Naigaon( Nasarapur), Pune",Pune,Unaided,GSTS,State Level,Any,40160,41.0
2023-24,D Pharmacy,CAP Round III,06905,"Navsahyadri Institute of Pharmacy, Naigaon( Nasarapur), Pune",Pune,Unaided,GNT1S,State Level,Any,44139,37.67
2023-24,D Pharmacy,CAP Round III,06905,"Navsahyadri Institute of Pharmacy, Naigaon( Nasarapur), Pune",Pune,Unaided,LSTS,State Level,Ladies,41478,39.67
2023-24,D Pharmacy,CAP Round III,06932,Dr Bapuji Salunkhe Institute Of Pharmacy Miraj,Sangli,Unaided,GOPENS,State Level,Any,40239,41.0
2023-24,D Pharmacy,CAP Round III,06932,Dr Bapuji Salunkhe Institute Of Pharmacy Miraj,Sangli,Unaided,LOPENS,State Level,Ladies,43479,38.33
2023-24,D Pharmacy,CAP Round III,06932,Dr Bapuji Salunkhe Institute Of Pharmacy Miraj,Sangli,Unaided,EWS,Special,Any,40511,40.67
2023-24,D Pharmacy,CAP Round III,06932,Dr Bapuji Salunkhe Institute Of Pharmacy Miraj,Sangli,Unaided,PWDOPENS,State Level,Any,42664,39.0
2023-24,D Pharmacy,CAP Round III,06932,Dr Bapuji Salunkhe Institute Of Pharmacy Miraj,Sangli,Unaided,DEFOPENS,State Level,Any,44329,37.33
2023-24,D Pharmacy,CAP Round III,06934,Pune District Education Associations College Of Pharmacy Hadapsar Pune,Pune,Unaided,GOPENS,State Level,Any,43877,38.0
2023-24,D Pharmacy,CAP Round III,06934,Pune District Education Associations College Of Pharmacy Hadapsar Pune,Pune,Unaided,EWS,Special,Any,5005,79.0
2023-24,D Pharmacy,CAP Round III,06934,Pune District Education Associations College Of Pharmacy Hadapsar Pune,Pune,Unaided,LVJS,State Level,Ladies,45875,35.67
2023-24,D Pharmacy,CAP Round III,06935,"Lokmangal College Of Pharmacy, Wadala",Mumbai,Unaided,GOPENS,State Level,Any,46515,35.0
2023-24,D Pharmacy,CAP Round III,06935,"Lokmangal College Of Pharmacy, Wadala",Mumbai,Unaided,LOPENS,State Level,Ladies,26697,54.67
2023-24,D Pharmacy,CAP Round III,06935,"Lokmangal College Of Pharmacy, Wadala",Mumbai,Unaided,TFWS,Special,Any,650,89.33
2023-24,D Pharmacy,CAP Round III,06937,"Fabtech College Of Pharmacy, Sangola",Solapur,Unaided,GOPENS,State Level,Any,33138,47.67
2023-24,D Pharmacy,CAP Round III,06937,"Fabtech College Of Pharmacy, Sangola",Solapur,Unaided,LOPENS,State Level,Ladies,26907,54.33
2023-24,D Pharmacy,CAP Round III,06937,"Fabtech College Of Pharmacy, Sangola",Solapur,Unaided,EWS,Special,Any,33471,47.33
2023-24,D Pharmacy,CAP Round III,06942,"School of Pharmacy and Research Centre, Baramati",Pune,Unaided,GSCS,State Level,Any,44075,37.67
2023-24,D Pharmacy,CAP Round III,06942,"School of Pharmacy and Research Centre, Baramati",Pune,Unaided,GOBCS,State Level,Any,44155,37.67
2023-24,D Pharmacy,CAP Round III,06942,"School of Pharmacy and Research Centre, Baramati",Pune,Unaided,LSTS,State Level,Ladies,5676,78.0
2023-24,D Pharmacy,CAP Round III,06942,"School of Pharmacy and Research Centre, Baramati",Pune,Unaided,LOBCS,State Level,Ladies,44940,37.0
2023-24,D Pharmacy,CAP Round III,06956,Trinity College Of Pharmacy Pune,Pune,Unaided,GOPENS,State Level,Any,42173,39.33
2023-24,D Pharmacy,CAP Round III,06956,Trinity College Of Pharmacy Pune,Pune,Unaided,LOPENS,State Level,Ladies,46027,35.67
2023-24,D Pharmacy,CAP Round III,06956,Trinity College Of Pharmacy Pune,Pune,Unaided,GSCS,State Level,Any,44334,37.33
2023-24,D Pharmacy,CAP Round III,06956,Trinity College Of Pharmacy Pune,Pune,Unaided,GOBCS,State Level,Any,43946,37.67
2023-24,D Pharmacy,CAP Round III,06964,"Amepurva Forum's Nirant Institute of Pharmacy, Solapur",Solapur,Unaided,GOPENS,State Level,Any,33625,47.33
2023-24,D Pharmacy,CAP Round III,06964,"Amepurva Forum's Nirant Institute of Pharmacy, Solapur",Solapur,Unaided,GSCS,State Level,Any,35840,45.0
2023-24,D Pharmacy,CAP Round III,06964,"Amepurva Forum's Nirant Institute of Pharmacy, Solapur",Solapur,Unaided,LOPENS,State Level,Ladies,28902,52.33
2023-24,D Pharmacy,CAP Round III,06964,"Amepurva Forum's Nirant Institute of Pharmacy, Solapur",Solapur,Unaided,GSTS,State Level,Any,42229,39.33
2023-24,D Pharmacy,CAP Round III,06964,"Amepurva Forum's Nirant Institute of Pharmacy, Solapur",Solapur,Unaided,LSTS,State Level,Ladies,45251,36.67
2023-24,D Pharmacy,CAP Round III,06964,"Amepurva Forum's Nirant Institute of Pharmacy, Solapur",Solapur,Unaided,LNT3S,State Level,Ladies,46232,35.33
2023-24,D Pharmacy,CAP Round III,06981,Vitthal Pratishthan College of Pharmacy,Pune,Unaided,GOPENS,State Level,Any,27236,54.0
2023-24,D Pharmacy,CAP Round III,06981,Vitthal Pratishthan College of Pharmacy,Pune,Unaided,EWS,Special,Any,15525,66.67
2023-24,D Pharmacy,CAP Round III,06981,Vitthal Pratishthan College of Pharmacy,Pune,Unaided,DEFOPENS,State Level,Any,33121,48.0
2023-24,D Pharmacy,CAP Round III,06981,Vitthal Pratishthan College of Pharmacy,Pune,Unaided,GSCS,State Level,Any,41458,40.0
2023-24,D Pharmacy,CAP Round III,16109,Dalit Mitra Kadam Guruji College of Pharmacy,Nashik,Unaided,GOPENS,State Level,Any,30725,50.33
2023-24,D Pharmacy,CAP Round III,16109,Dalit Mitra Kadam Guruji College of Pharmacy,Nashik,Unaided,LSCS,State Level,Ladies,34888,46.0
2023-24,D Pharmacy,CAP Round III,16109,Dalit Mitra Kadam Guruji College of Pharmacy,Nashik,Unaided,EWS,Special,Any,33007,48.0
2023-24,D Pharmacy,CAP Round III,16109,Dalit Mitra Kadam Guruji College of Pharmacy,Nashik,Unaided,PWDOPENS,State Level,Any,43140,38.33
2023-24,D Pharmacy,CAP Round III,16113,"Padmabhushan Krantiveer Dr. Nagnath Anna Nayakawadi College of Pharmacy, Walwa",Sangli,Unaided,GOPENS,State Level,Any,42220,39.33
2023-24,D Pharmacy,CAP Round III,16113,"Padmabhushan Krantiveer Dr. Nagnath Anna Nayakawadi College of Pharmacy, Walwa",Sangli,Unaided,LOPENS,State Level,Ladies,44225,37.33
2023-24,D Pharmacy,CAP Round III,16113,"Padmabhushan Krantiveer Dr. Nagnath Anna Nayakawadi College of Pharmacy, Walwa",Sangli,Unaided,EWS,Special,Any,43499,38.0
2023-24,D Pharmacy,CAP Round III,16113,"Padmabhushan Krantiveer Dr. Nagnath Anna Nayakawadi College of Pharmacy, Walwa",Sangli,Unaided,TFWS,Special,Any,33749,47.33
