Year,Branch_Name,CAP_Round,College_Code,College_Name,Location,College_Type,Category,Seat_Type,Gender,Rank,Percentile
2024-25,D Pharmacy,CAP Round I,01008,"Government Polytechnic, Amravati",Amravati,Government,GOPEN,State Level,Any,663,88.0
2024-25,D Pharmacy,CAP Round I,01008,"Government Polytechnic, Amravati",Amravati,Government,GSC,State Level,Any,2191,83.33
2024-25,D Pharmacy,CAP Round I,01008,"Government Polytechnic, Amravati",Amravati,Government,GST,State Level,Any,4606,78.67
2024-25,D Pharmacy,CAP Round I,01008,"Government Polytechnic, Amravati",Amravati,Government,GNTA,State Level,Any,1400,85.33
2024-25,D Pharmacy,CAP Round I,01008,"Government Polytechnic, Amravati",Amravati,Government,GNTB,State Level,Any,2726,82.0
2024-25,D Pharmacy,CAP Round I,01008,"Government Polytechnic, Amravati",Amravati,Government,GNTC,State Level,Any,995,86.67
2024-25,D Pharmacy,CAP Round I,01008,"Government Polytechnic, Amravati",Amravati,Government,GNTD,State Level,Any,997,86.67
2024-25,D Pharmacy,CAP Round I,01008,"Government Polytechnic, Amravati",Amravati,Government,GOBC,State Level,Any,1101,86.33
2024-25,D Pharmacy,CAP Round I,01008,"Government Polytechnic, Amravati",Amravati,Government,GSEBC,State Level,Any,2376,82.67
2024-25,D Pharmacy,CAP Round I,01008,"Government Polytechnic, Amravati",Amravati,Government,LOPEN,State Level,Ladies,372,89.67
2024-25,D Pharmacy,CAP Round I,01008,"Government Polytechnic, Amravati",Amravati,Government,LSC,State Level,Ladies,2097,83.33
2024-25,D Pharmacy,CAP Round I,01008,"Government Polytechnic, Amravati",Amravati,Government,LST,State Level,Ladies,2974,81.67
2024-25,D Pharmacy,CAP Round I,01008,"Government Polytechnic, Amravati",Amravati,Government,LNTA,State Level,Ladies,1738,84.33
2024-25,D Pharmacy,CAP Round I,01008,"Government Polytechnic, Amravati",Amravati,Government,LNTC,State Level,Ladies,1102,86.33
2024-25,D Pharmacy,CAP Round I,01008,"Government Polytechnic, Amravati",Amravati,Government,LOBC,State Level,Ladies,631,88.0
2024-25,D Pharmacy,CAP Round I,01008,"Government Polytechnic, Amravati",Amravati,Government,LSEBC,State Level,Ladies,1297,85.67
2024-25,D Pharmacy,CAP Round I,01008,"Government Polytechnic, Amravati",Amravati,Government,PWDOPEN,State Level,Any,925,87.0
2024-25,D Pharmacy,CAP Round I,01008,"Government Polytechnic, Amravati",Amravati,Government,PWDRSC,State Level,Any,28099,47.0
2024-25,D Pharmacy,CAP Round I,01008,"Government Polytechnic, Amravati",Amravati,Government,PWDROBC,State Level,Any,11773,68.33
2024-25,D Pharmacy,CAP Round I,01008,"Government Polytechnic, Amravati",Amravati,Government,EWS,Special,Any,5794,76.67
2024-25,D Pharmacy,CAP Round I,01008,"Government Polytechnic, Amravati",Amravati,Government,TFWS,Special,Any,525,88.67
2024-25,D Pharmacy,CAP Round I,01014,"Geetadevi Khandelwal Institute of Pharmacy, Akola",Akola,Aided,GOPEN,State Level,Any,2249,83.0
2024-25,D Pharmacy,CAP Round I,01014,"Geetadevi Khandelwal Institute of Pharmacy, Akola",Akola,Aided,GSC,State Level,Any,6107,76.33
2024-25,D Pharmacy,CAP Round I,01014,"Geetadevi Khandelwal Institute of Pharmacy, Akola",Akola,Aided,GST,State Level,Any,11738,68.67
2024-25,D Pharmacy,CAP Round I,01014,"Geetadevi Khandelwal Institute of Pharmacy, Akola",Akola,Aided,GNTA,State Level,Any,7253,74.67
2024-25,D Pharmacy,CAP Round I,01014,"Geetadevi Khandelwal Institute of Pharmacy, Akola",Akola,Aided,GNTB,State Level,Any,2280,83.0
2024-25,D Pharmacy,CAP Round I,01014,"Geetadevi Khandelwal Institute of Pharmacy, Akola",Akola,Aided,GNTC,State Level,Any,5940,76.67
2024-25,D Pharmacy,CAP Round I,01014,"Geetadevi Khandelwal Institute of Pharmacy, Akola",Akola,Aided,GOBC,State Level,Any,2772,82.0
2024-25,D Pharmacy,CAP Round I,01014,"Geetadevi Khandelwal Institute of Pharmacy, Akola",Akola,Aided,GSEBC,State Level,Any,32471,41.33
2024-25,D Pharmacy,CAP Round I,01014,"Geetadevi Khandelwal Institute of Pharmacy, Akola",Akola,Aided,LOPEN,State Level,Ladies,782,87.33
2024-25,D Pharmacy,CAP Round I,01014,"Geetadevi Khandelwal Institute of Pharmacy, Akola",Akola,Aided,LSC,State Level,Ladies,2291,83.0
2024-25,D Pharmacy,CAP Round I,01014,"Geetadevi Khandelwal Institute of Pharmacy, Akola",Akola,Aided,LST,State Level,Ladies,2716,82.0
2024-25,D Pharmacy,CAP Round I,01014,"Geetadevi Khandelwal Institute of Pharmacy, Akola",Akola,Aided,LNTB,State Level,Ladies,1406,85.33
2024-25,D Pharmacy,CAP Round I,01014,"Geetadevi Khandelwal Institute of Pharmacy, Akola",Akola,Aided,LNTD,State Level,Ladies,2809,82.0
2024-25,D Pharmacy,CAP Round I,01014,"Geetadevi Khandelwal Institute of Pharmacy, Akola",Akola,Aided,LOBC,State Level,Ladies,1683,84.33
2024-25,D Pharmacy,CAP Round I,01014,"Geetadevi Khandelwal Institute of Pharmacy, Akola",Akola,Aided,LSEBC,State Level,Ladies,22042,54.67
2024-25,D Pharmacy,CAP Round I,01014,"Geetadevi Khandelwal Institute of Pharmacy, Akola",Akola,Aided,PWDOPEN,State Level,Any,2327,83.0
2024-25,D Pharmacy,CAP Round I,01014,"Geetadevi Khandelwal Institute of Pharmacy, Akola",Akola,Aided,DEFOPEN,State Level,Any,3538,80.67
2024-25,D Pharmacy,CAP Round I,01014,"Geetadevi Khandelwal Institute of Pharmacy, Akola",Akola,Aided,EWS,Special,Any,5523,77.33
2024-25,D Pharmacy,CAP Round I,01014,"Geetadevi Khandelwal Institute of Pharmacy, Akola",Akola,Aided,TFWS,Special,Any,808,87.33
2024-25,D Pharmacy,CAP Round I,01115,"J.S.P Mandal's Sudhakarrao Naik Institute of Pharmacy, Pusad Dist. Yavatmal",Yavatmal,Unaided,GOPEN,State Level,Any,6494,75.67
2024-25,D Pharmacy,CAP Round I,01115,"J.S.P Mandal's Sudhakarrao Naik Institute of Pharmacy, Pusad Dist. Yavatmal",Yavatmal,Unaided,GSC,State Level,Any,23875,52.33
2024-25,D Pharmacy,CAP Round I,01115,"J.S.P Mandal's Sudhakarrao Naik Institute of Pharmacy, Pusad Dist. Yavatmal",Yavatmal,Unaided,GST,State Level,Any,35960,37.0
2024-25,D Pharmacy,CAP Round I,01115,"J.S.P Mandal's Sudhakarrao Naik Institute of Pharmacy, Pusad Dist. Yavatmal",Yavatmal,Unaided,GNTA,State Level,Any,8058,73.67
2024-25,D Pharmacy,CAP Round I,01115,"J.S.P Mandal's Sudhakarrao Naik Institute of Pharmacy, Pusad Dist. Yavatmal",Yavatmal,Unaided,GNTB,State Level,Any,14651,64.67
2024-25,D Pharmacy,CAP Round I,01115,"J.S.P Mandal's Sudhakarrao Naik Institute of Pharmacy, Pusad Dist. Yavatmal",Yavatmal,Unaided,GNTC,State Level,Any,17509,60.67
2024-25,D Pharmacy,CAP Round I,01115,"J.S.P Mandal's Sudhakarrao Naik Institute of Pharmacy, Pusad Dist. Yavatmal",Yavatmal,Unaided,GNTD,State Level,Any,11262,69.33
2024-25,D Pharmacy,CAP Round I,01115,"J.S.P Mandal's Sudhakarrao Naik Institute of Pharmacy, Pusad Dist. Yavatmal",Yavatmal,Unaided,GOBC,State Level,Any,15789,63.0
2024-25,D Pharmacy,CAP Round I,01115,"J.S.P Mandal's Sudhakarrao Naik Institute of Pharmacy, Pusad Dist. Yavatmal",Yavatmal,Unaided,GSEBC,State Level,Any,31990,42.0
2024-25,D Pharmacy,CAP Round I,01115,"J.S.P Mandal's Sudhakarrao Naik Institute of Pharmacy, Pusad Dist. Yavatmal",Yavatmal,Unaided,LOPEN,State Level,Ladies,2489,82.67
2024-25,D Pharmacy,CAP Round I,01115,"J.S.P Mandal's Sudhakarrao Naik Institute of Pharmacy, Pusad Dist. Yavatmal",Yavatmal,Unaided,LSC,State Level,Ladies,9513,71.67
2024-25,D Pharmacy,CAP Round I,01115,"J.S.P Mandal's Sudhakarrao Naik Institute of Pharmacy, Pusad Dist. Yavatmal",Yavatmal,Unaided,LST,State Level,Ladies,9321,72.0
2024-25,D Pharmacy,CAP Round I,01115,"J.S.P Mandal's Sudhakarrao Naik Institute of Pharmacy, Pusad Dist. Yavatmal",Yavatmal,Unaided,LNTB,State Level,Ladies,9526,71.67
2024-25,D Pharmacy,CAP Round I,01115,"J.S.P Mandal's Sudhakarrao Naik Institute of Pharmacy, Pusad Dist. Yavatmal",Yavatmal,Unaided,LNTC,State Level,Ladies,5323,77.67
2024-25,D Pharmacy,CAP Round I,01115,"J.S.P Mandal's Sudhakarrao Naik Institute of Pharmacy, Pusad Dist. Yavatmal",Yavatmal,Unaided,LOBC,State Level,Ladies,4086,79.67
2024-25,D Pharmacy,CAP Round I,01115,"J.S.P Mandal's Sudhakarrao Naik Institute of Pharmacy, Pusad Dist. Yavatmal",Yavatmal,Unaided,LSEBC,State Level,Ladies,22148,54.67
2024-25,D Pharmacy,CAP Round I,01115,"J.S.P Mandal's Sudhakarrao Naik Institute of Pharmacy, Pusad Dist. Yavatmal",Yavatmal,Unaided,EWS,Special,Any,20865,56.33
2024-25,D Pharmacy,CAP Round I,01115,"J.S.P Mandal's Sudhakarrao Naik Institute of Pharmacy, Pusad Dist. Yavatmal",Yavatmal,Unaided,TFWS,Special,Any,3644,80.33
2024-25,D Pharmacy,CAP Round I,01115,"J.S.P Mandal's Sudhakarrao Naik Institute of Pharmacy, Pusad Dist. Yavatmal",Yavatmal,Unaided,LNTD,State Level,Ladies,30655,43.67
2024-25,D Pharmacy,CAP Round I,01131,"Vidya Bharati College of Pharmacy, Amravati",Amravati,Unaided,GOPEN,State Level,Any,3210,81.0
2024-25,D Pharmacy,CAP Round I,01131,"Vidya Bharati College of Pharmacy, Amravati",Amravati,Unaided,GSC,State Level,Any,10438,70.33
2024-25,D Pharmacy,CAP Round I,01131,"Vidya Bharati College of Pharmacy, Amravati",Amravati,Unaided,GST,State Level,Any,14042,65.33
2024-25,D Pharmacy,CAP Round I,01131,"Vidya Bharati College of Pharmacy, Amravati",Amravati,Unaided,GNTA,State Level,Any,3605,80.33
2024-25,D Pharmacy,CAP Round I,01131,"Vidya Bharati College of Pharmacy, Amravati",Amravati,Unaided,GNTB,State Level,Any,3839,80.0
2024-25,D Pharmacy,CAP Round I,01131,"Vidya Bharati College of Pharmacy, Amravati",Amravati,Unaided,GNTC,State Level,Any,7853,74.0
2024-25,D Pharmacy,CAP Round I,01131,"Vidya Bharati College of Pharmacy, Amravati",Amravati,Unaided,GNTD,State Level,Any,3464,80.67
2024-25,D Pharmacy,CAP Round I,01131,"Vidya Bharati College of Pharmacy, Amravati",Amravati,Unaided,GOBC,State Level,Any,5072,78.0
2024-25,D Pharmacy,CAP Round I,01131,"Vidya Bharati College of Pharmacy, Amravati",Amravati,Unaided,LOPEN,State Level,Ladies,2558,82.33
2024-25,D Pharmacy,CAP Round I,01131,"Vidya Bharati College of Pharmacy, Amravati",Amravati,Unaided,LSC,State Level,Ladies,6525,75.67
2024-25,D Pharmacy,CAP Round I,01131,"Vidya Bharati College of Pharmacy, Amravati",Amravati,Unaided,LST,State Level,Ladies,10231,70.67
2024-25,D Pharmacy,CAP Round I,01131,"Vidya Bharati College of Pharmacy, Amravati",Amravati,Unaided,LOBC,State Level,Ladies,3169,81.33
2024-25,D Pharmacy,CAP Round I,01131,"Vidya Bharati College of Pharmacy, Amravati",Amravati,Unaided,PWDOPEN,State Level,Any,36697,35.0
2024-25,D Pharmacy,CAP Round I,01131,"Vidya Bharati College of Pharmacy, Amravati",Amravati,Unaided,DEFOPEN,State Level,Any,5206,77.67
2024-25,D Pharmacy,CAP Round I,01131,"Vidya Bharati College of Pharmacy, Amravati",Amravati,Unaided,EWS,Special,Any,17154,61.0
2024-25,D Pharmacy,CAP Round I,01131,"Vidya Bharati College of Pharmacy, Amravati",Amravati,Unaided,TFWS,Special,Any,1854,84.0
2024-25,D Pharmacy,CAP Round I,01133,"Anuradha College Of Pharmacy, Chikhli",Buldhana,Unaided,GOPEN,State Level,Any,2498,82.67
2024-25,D Pharmacy,CAP Round I,01133,"Anuradha College Of Pharmacy, Chikhli",Buldhana,Unaided,GSC,State Level,Any,17376,61.0
2024-25,D Pharmacy,CAP Round I,01133,"Anuradha College Of Pharmacy, Chikhli",Buldhana,Unaided,GNTA,State Level,Any,4439,79.0
2024-25,D Pharmacy,CAP Round I,01133,"Anuradha College Of Pharmacy, Chikhli",Buldhana,Unaided,GNTB,State Level,Any,4923,78.33
2024-25,D Pharmacy,CAP Round I,01133,"Anuradha College Of Pharmacy, Chikhli",Buldhana,Unaided,GNTC,State Level,Any,3821,80.0
2024-25,D Pharmacy,CAP Round I,01133,"Anuradha College Of Pharmacy, Chikhli",Buldhana,Unaided,GNTD,State Level,Any,5113,78.0
2024-25,D Pharmacy,CAP Round I,01133,"Anuradha College Of Pharmacy, Chikhli",Buldhana,Unaided,GOBC,State Level,Any,3840,80.0
2024-25,D Pharmacy,CAP Round I,01133,"Anuradha College Of Pharmacy, Chikhli",Buldhana,Unaided,GSEBC,State Level,Any,16966,61.33
2024-25,D Pharmacy,CAP Round I,01133,"Anuradha College Of Pharmacy, Chikhli",Buldhana,Unaided,LOPEN,State Level,Ladies,572,88.67
2024-25,D Pharmacy,CAP Round I,01133,"Anuradha College Of Pharmacy, Chikhli",Buldhana,Unaided,LSC,State Level,Ladies,8891,72.33
2024-25,D Pharmacy,CAP Round I,01133,"Anuradha College Of Pharmacy, Chikhli",Buldhana,Unaided,LNTA,State Level,Ladies,3971,79.67
2024-25,D Pharmacy,CAP Round I,01133,"Anuradha College Of Pharmacy, Chikhli",Buldhana,Unaided,LNTB,State Level,Ladies,5010,78.0
2024-25,D Pharmacy,CAP Round I,01133,"Anuradha College Of Pharmacy, Chikhli",Buldhana,Unaided,LNTC,State Level,Ladies,2500,82.67
2024-25,D Pharmacy,CAP Round I,01133,"Anuradha College Of Pharmacy, Chikhli",Buldhana,Unaided,LOBC,State Level,Ladies,2262,83.0
2024-25,D Pharmacy,CAP Round I,01133,"Anuradha College Of Pharmacy, Chikhli",Buldhana,Unaided,LSEBC,State Level,Ladies,24773,51.0
2024-25,D Pharmacy,CAP Round I,01133,"Anuradha College Of Pharmacy, Chikhli",Buldhana,Unaided,EWS,Special,Any,13460,66.33
2024-25,D Pharmacy,CAP Round I,01133,"Anuradha College Of Pharmacy, Chikhli",Buldhana,Unaided,TFWS,Special,Any,1444,85.0
2024-25,D Pharmacy,CAP Round I,01133,"Anuradha College Of Pharmacy, Chikhli",Buldhana,Unaided,ORPHAN,Special,Any,3076,81.33
2024-25,D Pharmacy,CAP Round I,01134,"Yavatmal Zilla Vikas Samitee's Pataldhamal Wadhwani College of Pharmacy, Yavatmal",Yavatmal,Unaided,GOPEN,State Level,Any,12499,67.33
2024-25,D Pharmacy,CAP Round I,01134,"Yavatmal Zilla Vikas Samitee's Pataldhamal Wadhwani College of Pharmacy, Yavatmal",Yavatmal,Unaided,GSC,State Level,Any,23376,53.0
2024-25,D Pharmacy,CAP Round I,01134,"Yavatmal Zilla Vikas Samitee's Pataldhamal Wadhwani College of Pharmacy, Yavatmal",Yavatmal,Unaided,GST,State Level,Any,24692,51.33
2024-25,D Pharmacy,CAP Round I,01134,"Yavatmal Zilla Vikas Samitee's Pataldhamal Wadhwani College of Pharmacy, Yavatmal",Yavatmal,Unaided,GNTA,State Level,Any,13188,66.67
2024-25,D Pharmacy,CAP Round I,01134,"Yavatmal Zilla Vikas Samitee's Pataldhamal Wadhwani College of Pharmacy, Yavatmal",Yavatmal,Unaided,GNTB,State Level,Any,12959,67.0
2024-25,D Pharmacy,CAP Round I,01134,"Yavatmal Zilla Vikas Samitee's Pataldhamal Wadhwani College of Pharmacy, Yavatmal",Yavatmal,Unaided,GOBC,State Level,Any,23249,53.0
2024-25,D Pharmacy,CAP Round I,01134,"Yavatmal Zilla Vikas Samitee's Pataldhamal Wadhwani College of Pharmacy, Yavatmal",Yavatmal,Unaided,GSEBC,State Level,Any,26584,48.67
2024-25,D Pharmacy,CAP Round I,01134,"Yavatmal Zilla Vikas Samitee's Pataldhamal Wadhwani College of Pharmacy, Yavatmal",Yavatmal,Unaided,LOPEN,State Level,Ladies,9697,71.33
2024-25,D Pharmacy,CAP Round I,01134,"Yavatmal Zilla Vikas Samitee's Pataldhamal Wadhwani College of Pharmacy, Yavatmal",Yavatmal,Unaided,LSC,State Level,Ladies,10666,70.0
2024-25,D Pharmacy,CAP Round I,01134,"Yavatmal Zilla Vikas Samitee's Pataldhamal Wadhwani College of Pharmacy, Yavatmal",Yavatmal,Unaided,LST,State Level,Ladies,9962,71.0
2024-25,D Pharmacy,CAP Round I,01134,"Yavatmal Zilla Vikas Samitee's Pataldhamal Wadhwani College of Pharmacy, Yavatmal",Yavatmal,Unaided,LNTA,State Level,Ladies,16524,62.0
2024-25,D Pharmacy,CAP Round I,01134,"Yavatmal Zilla Vikas Samitee's Pataldhamal Wadhwani College of Pharmacy, Yavatmal",Yavatmal,Unaided,LNTC,State Level,Ladies,24214,52.0
2024-25,D Pharmacy,CAP Round I,01134,"Yavatmal Zilla Vikas Samitee's Pataldhamal Wadhwani College of Pharmacy, Yavatmal",Yavatmal,Unaided,LOBC,State Level,Ladies,21764,55.0
2024-25,D Pharmacy,CAP Round I,01134,"Yavatmal Zilla Vikas Samitee's Pataldhamal Wadhwani College of Pharmacy, Yavatmal",Yavatmal,Unaided,LSEBC,State Level,Ladies,23798,52.33
2024-25,D Pharmacy,CAP Round I,01134,"Yavatmal Zilla Vikas Samitee's Pataldhamal Wadhwani College of Pharmacy, Yavatmal",Yavatmal,Unaided,DEFOPEN,State Level,Any,797,87.33
2024-25,D Pharmacy,CAP Round I,01134,"Yavatmal Zilla Vikas Samitee's Pataldhamal Wadhwani College of Pharmacy, Yavatmal",Yavatmal,Unaided,EWS,Special,Any,22843,53.67
2024-25,D Pharmacy,CAP Round I,01134,"Yavatmal Zilla Vikas Samitee's Pataldhamal Wadhwani College of Pharmacy, Yavatmal",Yavatmal,Unaided,TFWS,Special,Any,4474,79.0
2024-25,D Pharmacy,CAP Round I,01136,"Dr. Rajendra Gode College of Pharmacy,Malkapur",Akola,Unaided,GOPEN,State Level,Any,6455,76.0
2024-25,D Pharmacy,CAP Round I,01136,"Dr. Rajendra Gode College of Pharmacy,Malkapur",Akola,Unaided,GSC,State Level,Any,23451,53.0
2024-25,D Pharmacy,CAP Round I,01136,"Dr. Rajendra Gode College of Pharmacy,Malkapur",Akola,Unaided,GNTA,State Level,Any,12990,67.0
2024-25,D Pharmacy,CAP Round I,01136,"Dr. Rajendra Gode College of Pharmacy,Malkapur",Akola,Unaided,GNTB,State Level,Any,9460,71.67
2024-25,D Pharmacy,CAP Round I,01136,"Dr. Rajendra Gode College of Pharmacy,Malkapur",Akola,Unaided,GNTC,State Level,Any,7185,74.67
2024-25,D Pharmacy,CAP Round I,01136,"Dr. Rajendra Gode College of Pharmacy,Malkapur",Akola,Unaided,GOBC,State Level,Any,8240,73.33
2024-25,D Pharmacy,CAP Round I,01136,"Dr. Rajendra Gode College of Pharmacy,Malkapur",Akola,Unaided,LOPEN,State Level,Ladies,1838,84.0
2024-25,D Pharmacy,CAP Round I,01136,"Dr. Rajendra Gode College of Pharmacy,Malkapur",Akola,Unaided,LSC,State Level,Ladies,16625,62.0
2024-25,D Pharmacy,CAP Round I,01136,"Dr. Rajendra Gode College of Pharmacy,Malkapur",Akola,Unaided,LOBC,State Level,Ladies,4087,79.67
2024-25,D Pharmacy,CAP Round I,01136,"Dr. Rajendra Gode College of Pharmacy,Malkapur",Akola,Unaided,PWDOPEN,State Level,Any,24718,51.33
2024-25,D Pharmacy,CAP Round I,01136,"Dr. Rajendra Gode College of Pharmacy,Malkapur",Akola,Unaided,PWDROBC,State Level,Any,26260,49.33
2024-25,D Pharmacy,CAP Round I,01136,"Dr. Rajendra Gode College of Pharmacy,Malkapur",Akola,Unaided,EWS,Special,Any,27798,47.33
2024-25,D Pharmacy,CAP Round I,01136,"Dr. Rajendra Gode College of Pharmacy,Malkapur",Akola,Unaided,TFWS,Special,Any,7195,74.67
2024-25,D Pharmacy,CAP Round I,01136,"Dr. Rajendra Gode College of Pharmacy,Malkapur",Akola,Unaided,LNTA,State Level,Ladies,13931,65.67
2024-25,D Pharmacy,CAP Round I,01155,"Shikshan Prsarak Mandal's Institute of Pharmacy, Wani",Washim,Unaided,GOPEN,State Level,Any,20980,56.0
2024-25,D Pharmacy,CAP Round I,01155,"Shikshan Prsarak Mandal's Institute of Pharmacy, Wani",Washim,Unaided,GSC,State Level,Any,34692,38.67
2024-25,D Pharmacy,CAP Round I,01155,"Shikshan Prsarak Mandal's Institute of Pharmacy, Wani",Washim,Unaided,GST,State Level,Any,32028,42.0
2024-25,D Pharmacy,CAP Round I,01155,"Shikshan Prsarak Mandal's Institute of Pharmacy, Wani",Washim,Unaided,GNTB,State Level,Any,26937,48.33
2024-25,D Pharmacy,CAP Round I,01155,"Shikshan Prsarak Mandal's Institute of Pharmacy, Wani",Washim,Unaided,GOBC,State Level,Any,25483,50.33
2024-25,D Pharmacy,CAP Round I,01155,"Shikshan Prsarak Mandal's Institute of Pharmacy, Wani",Washim,Unaided,LOPEN,State Level,Ladies,5729,77.0
2024-25,D Pharmacy,CAP Round I,01155,"Shikshan Prsarak Mandal's Institute of Pharmacy, Wani",Washim,Unaided,LSC,State Level,Ladies,31166,43.0
2024-25,D Pharmacy,CAP Round I,01155,"Shikshan Prsarak Mandal's Institute of Pharmacy, Wani",Washim,Unaided,LST,State Level,Ladies,25172,50.67
2024-25,D Pharmacy,CAP Round I,01155,"Shikshan Prsarak Mandal's Institute of Pharmacy, Wani",Washim,Unaided,LOBC,State Level,Ladies,15396,63.67
2024-25,D Pharmacy,CAP Round I,01155,"Shikshan Prsarak Mandal's Institute of Pharmacy, Wani",Washim,Unaided,EWS,Special,Any,32954,41.0
2024-25,D Pharmacy,CAP Round I,01155,"Shikshan Prsarak Mandal's Institute of Pharmacy, Wani",Washim,Unaided,TFWS,Special,Any,27826,47.33
2024-25,D Pharmacy,CAP Round I,01156,"Janata Shikshan Prasarak Mandal's Sudhakarrao Naik Institute Of Pharmacy, Pusad",Yavatmal,Unaided,GOPEN,State Level,Any,8277,73.33
2024-25,D Pharmacy,CAP Round I,01156,"Janata Shikshan Prasarak Mandal's Sudhakarrao Naik Institute Of Pharmacy, Pusad",Yavatmal,Unaided,GSC,State Level,Any,36373,36.0
2024-25,D Pharmacy,CAP Round I,01156,"Janata Shikshan Prasarak Mandal's Sudhakarrao Naik Institute Of Pharmacy, Pusad",Yavatmal,Unaided,GNTA,State Level,Any,9030,72.33
2024-25,D Pharmacy,CAP Round I,01156,"Janata Shikshan Prasarak Mandal's Sudhakarrao Naik Institute Of Pharmacy, Pusad",Yavatmal,Unaided,GNTB,State Level,Any,33356,40.33
2024-25,D Pharmacy,CAP Round I,01156,"Janata Shikshan Prasarak Mandal's Sudhakarrao Naik Institute Of Pharmacy, Pusad",Yavatmal,Unaided,GNTC,State Level,Any,28746,46.0
2024-25,D Pharmacy,CAP Round I,01156,"Janata Shikshan Prasarak Mandal's Sudhakarrao Naik Institute Of Pharmacy, Pusad",Yavatmal,Unaided,GOBC,State Level,Any,31825,42.33
2024-25,D Pharmacy,CAP Round I,01156,"Janata Shikshan Prasarak Mandal's Sudhakarrao Naik Institute Of Pharmacy, Pusad",Yavatmal,Unaided,GSEBC,State Level,Any,27012,48.33
2024-25,D Pharmacy,CAP Round I,01156,"Janata Shikshan Prasarak Mandal's Sudhakarrao Naik Institute Of Pharmacy, Pusad",Yavatmal,Unaided,LOPEN,State Level,Ladies,1380,85.33
2024-25,D Pharmacy,CAP Round I,01156,"Janata Shikshan Prasarak Mandal's Sudhakarrao Naik Institute Of Pharmacy, Pusad",Yavatmal,Unaided,LSC,State Level,Ladies,35597,37.67
2024-25,D Pharmacy,CAP Round I,01156,"Janata Shikshan Prasarak Mandal's Sudhakarrao Naik Institute Of Pharmacy, Pusad",Yavatmal,Unaided,LST,State Level,Ladies,2130,83.33
2024-25,D Pharmacy,CAP Round I,01156,"Janata Shikshan Prasarak Mandal's Sudhakarrao Naik Institute Of Pharmacy, Pusad",Yavatmal,Unaided,LNTC,State Level,Ladies,4889,78.33
2024-25,D Pharmacy,CAP Round I,01156,"Janata Shikshan Prasarak Mandal's Sudhakarrao Naik Institute Of Pharmacy, Pusad",Yavatmal,Unaided,LOBC,State Level,Ladies,14764,64.33
2024-25,D Pharmacy,CAP Round I,01156,"Janata Shikshan Prasarak Mandal's Sudhakarrao Naik Institute Of Pharmacy, Pusad",Yavatmal,Unaided,LSEBC,State Level,Ladies,13556,66.0
2024-25,D Pharmacy,CAP Round I,01156,"Janata Shikshan Prasarak Mandal's Sudhakarrao Naik Institute Of Pharmacy, Pusad",Yavatmal,Unaided,EWS,Special,Any,28373,46.67
2024-25,D Pharmacy,CAP Round I,01156,"Janata Shikshan Prasarak Mandal's Sudhakarrao Naik Institute Of Pharmacy, Pusad",Yavatmal,Unaided,TFWS,Special,Any,3528,80.67
2024-25,D Pharmacy,CAP Round I,01157,"Shri Chhatrapati Shahumaharaj Shikshan Santha's Institute Of Pharmacy, Maregaon",Yavatmal,Unaided,GOPEN,State Level,Any,25238,50.67
2024-25,D Pharmacy,CAP Round I,01157,"Shri Chhatrapati Shahumaharaj Shikshan Santha's Institute Of Pharmacy, Maregaon",Yavatmal,Unaided,GSC,State Level,Any,29918,44.67
2024-25,D Pharmacy,CAP Round I,01157,"Shri Chhatrapati Shahumaharaj Shikshan Santha's Institute Of Pharmacy, Maregaon",Yavatmal,Unaided,GST,State Level,Any,29373,45.33
2024-25,D Pharmacy,CAP Round I,01157,"Shri Chhatrapati Shahumaharaj Shikshan Santha's Institute Of Pharmacy, Maregaon",Yavatmal,Unaided,GNTA,State Level,Any,25667,50.0
2024-25,D Pharmacy,CAP Round I,01157,"Shri Chhatrapati Shahumaharaj Shikshan Santha's Institute Of Pharmacy, Maregaon",Yavatmal,Unaided,GNTB,State Level,Any,33218,40.67
2024-25,D Pharmacy,CAP Round I,01157,"Shri Chhatrapati Shahumaharaj Shikshan Santha's Institute Of Pharmacy, Maregaon",Yavatmal,Unaided,GOBC,State Level,Any,30703,43.67
2024-25,D Pharmacy,CAP Round I,01157,"Shri Chhatrapati Shahumaharaj Shikshan Santha's Institute Of Pharmacy, Maregaon",Yavatmal,Unaided,LOPEN,State Level,Ladies,19149,58.67
2024-25,D Pharmacy,CAP Round I,01157,"Shri Chhatrapati Shahumaharaj Shikshan Santha's Institute Of Pharmacy, Maregaon",Yavatmal,Unaided,LST,State Level,Ladies,34267,39.33
2024-25,D Pharmacy,CAP Round I,01157,"Shri Chhatrapati Shahumaharaj Shikshan Santha's Institute Of Pharmacy, Maregaon",Yavatmal,Unaided,LNTA,State Level,Ladies,35068,38.33
2024-25,D Pharmacy,CAP Round I,01157,"Shri Chhatrapati Shahumaharaj Shikshan Santha's Institute Of Pharmacy, Maregaon",Yavatmal,Unaided,LOBC,State Level,Ladies,28799,46.0
2024-25,D Pharmacy,CAP Round I,01157,"Shri Chhatrapati Shahumaharaj Shikshan Santha's Institute Of Pharmacy, Maregaon",Yavatmal,Unaided,PWDOPEN,State Level,Any,34434,39.0
2024-25,D Pharmacy,CAP Round I,01157,"Shri Chhatrapati Shahumaharaj Shikshan Santha's Institute Of Pharmacy, Maregaon",Yavatmal,Unaided,EWS,Special,Any,29065,45.67
2024-25,D Pharmacy,CAP Round I,01157,"Shri Chhatrapati Shahumaharaj Shikshan Santha's Institute Of Pharmacy, Maregaon",Yavatmal,Unaided,TFWS,Special,Any,16067,62.67
2024-25,D Pharmacy,CAP Round I,01158,"Paramhansa Ramkrishna Maunibaba Shikshan Santha's Anuradha College of Pharmacy, Chikhali",Buldhana,Unaided,GOPEN,State Level,Any,11166,69.33
2024-25,D Pharmacy,CAP Round I,01158,"Paramhansa Ramkrishna Maunibaba Shikshan Santha's Anuradha College of Pharmacy, Chikhali",Buldhana,Unaided,GSC,State Level,Any,35612,37.67
2024-25,D Pharmacy,CAP Round I,01158,"Paramhansa Ramkrishna Maunibaba Shikshan Santha's Anuradha College of Pharmacy, Chikhali",Buldhana,Unaided,GNTA,State Level,Any,12726,67.33
2024-25,D Pharmacy,CAP Round I,01158,"Paramhansa Ramkrishna Maunibaba Shikshan Santha's Anuradha College of Pharmacy, Chikhali",Buldhana,Unaided,GNTC,State Level,Any,17080,61.33
2024-25,D Pharmacy,CAP Round I,01158,"Paramhansa Ramkrishna Maunibaba Shikshan Santha's Anuradha College of Pharmacy, Chikhali",Buldhana,Unaided,GOBC,State Level,Any,17640,60.67
2024-25,D Pharmacy,CAP Round I,01158,"Paramhansa Ramkrishna Maunibaba Shikshan Santha's Anuradha College of Pharmacy, Chikhali",Buldhana,Unaided,LOPEN,State Level,Ladies,5827,76.67
2024-25,D Pharmacy,CAP Round I,01158,"Paramhansa Ramkrishna Maunibaba Shikshan Santha's Anuradha College of Pharmacy, Chikhali",Buldhana,Unaided,LOBC,State Level,Ladies,10861,69.67
2024-25,D Pharmacy,CAP Round I,01158,"Paramhansa Ramkrishna Maunibaba Shikshan Santha's Anuradha College of Pharmacy, Chikhali",Buldhana,Unaided,EWS,Special,Any,17793,60.33
2024-25,D Pharmacy,CAP Round I,01158,"Paramhansa Ramkrishna Maunibaba Shikshan Santha's Anuradha College of Pharmacy, Chikhali",Buldhana,Unaided,TFWS,Special,Any,2154,83.33
2024-25,D Pharmacy,CAP Round I,01158,"Paramhansa Ramkrishna Maunibaba Shikshan Santha's Anuradha College of Pharmacy, Chikhali",Buldhana,Unaided,LNTA,State Level,Ladies,16746,61.67
2024-25,D Pharmacy,CAP Round I,01158,"Paramhansa Ramkrishna Maunibaba Shikshan Santha's Anuradha College of Pharmacy, Chikhali",Buldhana,Unaided,LNTC,State Level,Ladies,19724,57.67
2024-25,D Pharmacy,CAP Round I,01159,"Navsanjivan Shikshan Mandal's College of Pharmacy, Dharwa",Yavatmal,Unaided,GOPEN,State Level,Any,6209,76.33
2024-25,D Pharmacy,CAP Round I,01159,"Navsanjivan Shikshan Mandal's College of Pharmacy, Dharwa",Yavatmal,Unaided,GSC,State Level,Any,34370,39.33
2024-25,D Pharmacy,CAP Round I,01159,"Navsanjivan Shikshan Mandal's College of Pharmacy, Dharwa",Yavatmal,Unaided,GST,State Level,Any,9494,71.67
2024-25,D Pharmacy,CAP Round I,01159,"Navsanjivan Shikshan Mandal's College of Pharmacy, Dharwa",Yavatmal,Unaided,GNTA,State Level,Any,6817,75.33
2024-25,D Pharmacy,CAP Round I,01159,"Navsanjivan Shikshan Mandal's College of Pharmacy, Dharwa",Yavatmal,Unaided,GNTB,State Level,Any,8995,72.33
2024-25,D Pharmacy,CAP Round I,01159,"Navsanjivan Shikshan Mandal's College of Pharmacy, Dharwa",Yavatmal,Unaided,GNTC,State Level,Any,33232,40.67
2024-25,D Pharmacy,CAP Round I,01159,"Navsanjivan Shikshan Mandal's College of Pharmacy, Dharwa",Yavatmal,Unaided,GOBC,State Level,Any,12162,68.0
2024-25,D Pharmacy,CAP Round I,01159,"Navsanjivan Shikshan Mandal's College of Pharmacy, Dharwa",Yavatmal,Unaided,GSEBC,State Level,Any,32084,42.0
2024-25,D Pharmacy,CAP Round I,01159,"Navsanjivan Shikshan Mandal's College of Pharmacy, Dharwa",Yavatmal,Unaided,LOPEN,State Level,Ladies,2658,82.33
2024-25,D Pharmacy,CAP Round I,01159,"Navsanjivan Shikshan Mandal's College of Pharmacy, Dharwa",Yavatmal,Unaided,LSC,State Level,Ladies,10033,71.0
2024-25,D Pharmacy,CAP Round I,01159,"Navsanjivan Shikshan Mandal's College of Pharmacy, Dharwa",Yavatmal,Unaided,LOBC,State Level,Ladies,8785,72.67
2024-25,D Pharmacy,CAP Round I,01159,"Navsanjivan Shikshan Mandal's College of Pharmacy, Dharwa",Yavatmal,Unaided,LSEBC,State Level,Ladies,14063,65.33
2024-25,D Pharmacy,CAP Round I,01159,"Navsanjivan Shikshan Mandal's College of Pharmacy, Dharwa",Yavatmal,Unaided,PWDOPEN,State Level,Any,26572,48.67
2024-25,D Pharmacy,CAP Round I,01159,"Navsanjivan Shikshan Mandal's College of Pharmacy, Dharwa",Yavatmal,Unaided,EWS,Special,Any,14445,64.67
2024-25,D Pharmacy,CAP Round I,01159,"Navsanjivan Shikshan Mandal's College of Pharmacy, Dharwa",Yavatmal,Unaided,TFWS,Special,Any,1540,84.67
2024-25,D Pharmacy,CAP Round I,01160,"Shri.Durgamata Bahuudeshiya Krida and Shaikshanik Sanstha,Ishwar Deshmukh Institute Of Pharmacy, Digras",Yavatmal,Unaided,GOPEN,State Level,Any,5512,77.33
2024-25,D Pharmacy,CAP Round I,01160,"Shri.Durgamata Bahuudeshiya Krida and Shaikshanik Sanstha,Ishwar Deshmukh Institute Of Pharmacy, Digras",Yavatmal,Unaided,GSC,State Level,Any,20026,57.33
2024-25,D Pharmacy,CAP Round I,01160,"Shri.Durgamata Bahuudeshiya Krida and Shaikshanik Sanstha,Ishwar Deshmukh Institute Of Pharmacy, Digras",Yavatmal,Unaided,GNTA,State Level,Any,5767,77.0
2024-25,D Pharmacy,CAP Round I,01160,"Shri.Durgamata Bahuudeshiya Krida and Shaikshanik Sanstha,Ishwar Deshmukh Institute Of Pharmacy, Digras",Yavatmal,Unaided,GNTB,State Level,Any,16878,61.33
2024-25,D Pharmacy,CAP Round I,01160,"Shri.Durgamata Bahuudeshiya Krida and Shaikshanik Sanstha,Ishwar Deshmukh Institute Of Pharmacy, Digras",Yavatmal,Unaided,GNTC,State Level,Any,12927,67.0
2024-25,D Pharmacy,CAP Round I,01160,"Shri.Durgamata Bahuudeshiya Krida and Shaikshanik Sanstha,Ishwar Deshmukh Institute Of Pharmacy, Digras",Yavatmal,Unaided,GOBC,State Level,Any,8230,73.33
2024-25,D Pharmacy,CAP Round I,01160,"Shri.Durgamata Bahuudeshiya Krida and Shaikshanik Sanstha,Ishwar Deshmukh Institute Of Pharmacy, Digras",Yavatmal,Unaided,GSEBC,State Level,Any,15366,63.67
2024-25,D Pharmacy,CAP Round I,01160,"Shri.Durgamata Bahuudeshiya Krida and Shaikshanik Sanstha,Ishwar Deshmukh Institute Of Pharmacy, Digras",Yavatmal,Unaided,LOPEN,State Level,Ladies,1446,85.0
2024-25,D Pharmacy,CAP Round I,01160,"Shri.Durgamata Bahuudeshiya Krida and Shaikshanik Sanstha,Ishwar Deshmukh Institute Of Pharmacy, Digras",Yavatmal,Unaided,LSC,State Level,Ladies,4235,79.33
2024-25,D Pharmacy,CAP Round I,01160,"Shri.Durgamata Bahuudeshiya Krida and Shaikshanik Sanstha,Ishwar Deshmukh Institute Of Pharmacy, Digras",Yavatmal,Unaided,LNTA,State Level,Ladies,2464,82.67
2024-25,D Pharmacy,CAP Round I,01160,"Shri.Durgamata Bahuudeshiya Krida and Shaikshanik Sanstha,Ishwar Deshmukh Institute Of Pharmacy, Digras",Yavatmal,Unaided,LOBC,State Level,Ladies,4907,78.33
2024-25,D Pharmacy,CAP Round I,01160,"Shri.Durgamata Bahuudeshiya Krida and Shaikshanik Sanstha,Ishwar Deshmukh Institute Of Pharmacy, Digras",Yavatmal,Unaided,LSEBC,State Level,Ladies,10081,70.67
2024-25,D Pharmacy,CAP Round I,01160,"Shri.Durgamata Bahuudeshiya Krida and Shaikshanik Sanstha,Ishwar Deshmukh Institute Of Pharmacy, Digras",Yavatmal,Unaided,EWS,Special,Any,12506,67.33
2024-25,D Pharmacy,CAP Round I,01160,"Shri.Durgamata Bahuudeshiya Krida and Shaikshanik Sanstha,Ishwar Deshmukh Institute Of Pharmacy, Digras",Yavatmal,Unaided,TFWS,Special,Any,3884,80.0
2024-25,D Pharmacy,CAP Round I,01160,"Shri.Durgamata Bahuudeshiya Krida and Shaikshanik Sanstha,Ishwar Deshmukh Institute Of Pharmacy, Digras",Yavatmal,Unaided,LSC,State Level,Ladies,26556,48.67
2024-25,D Pharmacy,CAP Round I,01161,"Matoshri Education Society's Satyajeet College of Pharmacy, Khandala, Akola Road Mehkar, Tq. Mehkar, Dist. Buldhana",Buldhana,Unaided,GOPEN,State Level,Any,10886,69.67
2024-25,D Pharmacy,CAP Round I,01161,"Matoshri Education Society's Satyajeet College of Pharmacy, Khandala, Akola Road Mehkar, Tq. Mehkar, Dist. Buldhana",Buldhana,Unaided,GST,State Level,Any,15346,63.67
2024-25,D Pharmacy,CAP Round I,01161,"Matoshri Education Society's Satyajeet College of Pharmacy, Khandala, Akola Road Mehkar, Tq. Mehkar, Dist. Buldhana",Buldhana,Unaided,GOBC,State Level,Any,35624,37.33
2024-25,D Pharmacy,CAP Round I,01161,"Matoshri Education Society's Satyajeet College of Pharmacy, Khandala, Akola Road Mehkar, Tq. Mehkar, Dist. Buldhana",Buldhana,Unaided,LOPEN,State Level,Ladies,1512,85.0
2024-25,D Pharmacy,CAP Round I,01161,"Matoshri Education Society's Satyajeet College of Pharmacy, Khandala, Akola Road Mehkar, Tq. Mehkar, Dist. Buldhana",Buldhana,Unaided,LSC,State Level,Ladies,4514,78.67
2024-25,D Pharmacy,CAP Round I,01161,"Matoshri Education Society's Satyajeet College of Pharmacy, Khandala, Akola Road Mehkar, Tq. Mehkar, Dist. Buldhana",Buldhana,Unaided,LNTB,State Level,Ladies,16182,62.33
2024-25,D Pharmacy,CAP Round I,01161,"Matoshri Education Society's Satyajeet College of Pharmacy, Khandala, Akola Road Mehkar, Tq. Mehkar, Dist. Buldhana",Buldhana,Unaided,LOBC,State Level,Ladies,2266,83.0
2024-25,D Pharmacy,CAP Round I,01161,"Matoshri Education Society's Satyajeet College of Pharmacy, Khandala, Akola Road Mehkar, Tq. Mehkar, Dist. Buldhana",Buldhana,Unaided,DEFOPEN,State Level,Any,19876,57.67
2024-25,D Pharmacy,CAP Round I,01161,"Matoshri Education Society's Satyajeet College of Pharmacy, Khandala, Akola Road Mehkar, Tq. Mehkar, Dist. Buldhana",Buldhana,Unaided,EWS,Special,Any,1430,85.0
2024-25,D Pharmacy,CAP Round I,01161,"Matoshri Education Society's Satyajeet College of Pharmacy, Khandala, Akola Road Mehkar, Tq. Mehkar, Dist. Buldhana",Buldhana,Unaided,TFWS,Special,Any,36374,36.0
2024-25,D Pharmacy,CAP Round I,01162,"Sanjay Rathod Shikshan Sanstha's Manohar Naik Institute of Pharmacy,Umarkhed",Washim,Unaided,GOPEN,State Level,Any,9902,71.0
2024-25,D Pharmacy,CAP Round I,01162,"Sanjay Rathod Shikshan Sanstha's Manohar Naik Institute of Pharmacy,Umarkhed",Washim,Unaided,GSC,State Level,Any,31751,42.33
2024-25,D Pharmacy,CAP Round I,01162,"Sanjay Rathod Shikshan Sanstha's Manohar Naik Institute of Pharmacy,Umarkhed",Washim,Unaided,GNTA,State Level,Any,10943,69.67
2024-25,D Pharmacy,CAP Round I,01162,"Sanjay Rathod Shikshan Sanstha's Manohar Naik Institute of Pharmacy,Umarkhed",Washim,Unaided,GNTB,State Level,Any,24883,51.0
2024-25,D Pharmacy,CAP Round I,01162,"Sanjay Rathod Shikshan Sanstha's Manohar Naik Institute of Pharmacy,Umarkhed",Washim,Unaided,GNTC,State Level,Any,21977,54.67
2024-25,D Pharmacy,CAP Round I,01162,"Sanjay Rathod Shikshan Sanstha's Manohar Naik Institute of Pharmacy,Umarkhed",Washim,Unaided,GOBC,State Level,Any,22694,54.0
2024-25,D Pharmacy,CAP Round I,01162,"Sanjay Rathod Shikshan Sanstha's Manohar Naik Institute of Pharmacy,Umarkhed",Washim,Unaided,GSEBC,State Level,Any,12947,67.0
2024-25,D Pharmacy,CAP Round I,01162,"Sanjay Rathod Shikshan Sanstha's Manohar Naik Institute of Pharmacy,Umarkhed",Washim,Unaided,LOPEN,State Level,Ladies,5505,77.33
2024-25,D Pharmacy,CAP Round I,01162,"Sanjay Rathod Shikshan Sanstha's Manohar Naik Institute of Pharmacy,Umarkhed",Washim,Unaided,LSC,State Level,Ladies,13169,66.67
2024-25,D Pharmacy,CAP Round I,01162,"Sanjay Rathod Shikshan Sanstha's Manohar Naik Institute of Pharmacy,Umarkhed",Washim,Unaided,LNTC,State Level,Ladies,10650,70.0
2024-25,D Pharmacy,CAP Round I,01162,"Sanjay Rathod Shikshan Sanstha's Manohar Naik Institute of Pharmacy,Umarkhed",Washim,Unaided,LOBC,State Level,Ladies,9811,71.0
2024-25,D Pharmacy,CAP Round I,01162,"Sanjay Rathod Shikshan Sanstha's Manohar Naik Institute of Pharmacy,Umarkhed",Washim,Unaided,LSEBC,State Level,Ladies,11457,69.0
2024-25,D Pharmacy,CAP Round I,01162,"Sanjay Rathod Shikshan Sanstha's Manohar Naik Institute of Pharmacy,Umarkhed",Washim,Unaided,EWS,Special,Any,12517,67.33
2024-25,D Pharmacy,CAP Round I,01162,"Sanjay Rathod Shikshan Sanstha's Manohar Naik Institute of Pharmacy,Umarkhed",Washim,Unaided,TFWS,Special,Any,1181,86.0
2024-25,D Pharmacy,CAP Round I,01163,"Mahila Utkarsha Pratishstan's Pharmacy College, Risod, Dist. Washim",Washim,Unaided,GOPEN,State Level,Any,22326,54.33
2024-25,D Pharmacy,CAP Round I,01163,"Mahila Utkarsha Pratishstan's Pharmacy College, Risod, Dist. Washim",Washim,Unaided,GSC,State Level,Any,35113,38.33
2024-25,D Pharmacy,CAP Round I,01163,"Mahila Utkarsha Pratishstan's Pharmacy College, Risod, Dist. Washim",Washim,Unaided,GNTD,State Level,Any,24104,52.0
2024-25,D Pharmacy,CAP Round I,01163,"Mahila Utkarsha Pratishstan's Pharmacy College, Risod, Dist. Washim",Washim,Unaided,GOBC,State Level,Any,23513,52.67
2024-25,D Pharmacy,CAP Round I,01163,"Mahila Utkarsha Pratishstan's Pharmacy College, Risod, Dist. Washim",Washim,Unaided,LOPEN,State Level,Ladies,9095,72.0
2024-25,D Pharmacy,CAP Round I,01163,"Mahila Utkarsha Pratishstan's Pharmacy College, Risod, Dist. Washim",Washim,Unaided,LSC,State Level,Ladies,18506,59.33
2024-25,D Pharmacy,CAP Round I,01163,"Mahila Utkarsha Pratishstan's Pharmacy College, Risod, Dist. Washim",Washim,Unaided,LST,State Level,Ladies,17476,60.67
2024-25,D Pharmacy,CAP Round I,01163,"Mahila Utkarsha Pratishstan's Pharmacy College, Risod, Dist. Washim",Washim,Unaided,EWS,Special,Any,25538,50.0
2024-25,D Pharmacy,CAP Round I,01163,"Mahila Utkarsha Pratishstan's Pharmacy College, Risod, Dist. Washim",Washim,Unaided,TFWS,Special,Any,2783,82.0
2024-25,D Pharmacy,CAP Round I,01164,"Shree, Swami Samarth Institute of Pharmacy, at parsodi, Dhamangaon Rly, Dist.Amravati",Amravati,Unaided,GOPEN,State Level,Any,28380,46.67
2024-25,D Pharmacy,CAP Round I,01164,"Shree, Swami Samarth Institute of Pharmacy, at parsodi, Dhamangaon Rly, Dist.Amravati",Amravati,Unaided,GSC,State Level,Any,32026,42.0
2024-25,D Pharmacy,CAP Round I,01164,"Shree, Swami Samarth Institute of Pharmacy, at parsodi, Dhamangaon Rly, Dist.Amravati",Amravati,Unaided,GNTA,State Level,Any,34016,39.67
2024-25,D Pharmacy,CAP Round I,01164,"Shree, Swami Samarth Institute of Pharmacy, at parsodi, Dhamangaon Rly, Dist.Amravati",Amravati,Unaided,GNTC,State Level,Any,30316,44.0
2024-25,D Pharmacy,CAP Round I,01164,"Shree, Swami Samarth Institute of Pharmacy, at parsodi, Dhamangaon Rly, Dist.Amravati",Amravati,Unaided,GOBC,State Level,Any,35362,38.0
2024-25,D Pharmacy,CAP Round I,01164,"Shree, Swami Samarth Institute of Pharmacy, at parsodi, Dhamangaon Rly, Dist.Amravati",Amravati,Unaided,LOPEN,State Level,Ladies,24799,51.0
2024-25,D Pharmacy,CAP Round I,01164,"Shree, Swami Samarth Institute of Pharmacy, at parsodi, Dhamangaon Rly, Dist.Amravati",Amravati,Unaided,LSC,State Level,Ladies,31462,42.67
2024-25,D Pharmacy,CAP Round I,01164,"Shree, Swami Samarth Institute of Pharmacy, at parsodi, Dhamangaon Rly, Dist.Amravati",Amravati,Unaided,LST,State Level,Ladies,28809,46.0
2024-25,D Pharmacy,CAP Round I,01164,"Shree, Swami Samarth Institute of Pharmacy, at parsodi, Dhamangaon Rly, Dist.Amravati",Amravati,Unaided,LOBC,State Level,Ladies,33408,40.33
2024-25,D Pharmacy,CAP Round I,01164,"Shree, Swami Samarth Institute of Pharmacy, at parsodi, Dhamangaon Rly, Dist.Amravati",Amravati,Unaided,EWS,Special,Any,24434,51.67
2024-25,D Pharmacy,CAP Round I,01165,"Dwarka Bahuuddeshiya Gramin Vikas Foundation's Rajashri Shahu College Of Pharmacy, Buldhana",Buldhana,Unaided,GOPEN,State Level,Any,11252,69.33
2024-25,D Pharmacy,CAP Round I,01165,"Dwarka Bahuuddeshiya Gramin Vikas Foundation's Rajashri Shahu College Of Pharmacy, Buldhana",Buldhana,Unaided,GSC,State Level,Any,14332,65.0
2024-25,D Pharmacy,CAP Round I,01165,"Dwarka Bahuuddeshiya Gramin Vikas Foundation's Rajashri Shahu College Of Pharmacy, Buldhana",Buldhana,Unaided,GNTA,State Level,Any,12301,67.67
2024-25,D Pharmacy,CAP Round I,01165,"Dwarka Bahuuddeshiya Gramin Vikas Foundation's Rajashri Shahu College Of Pharmacy, Buldhana",Buldhana,Unaided,GNTC,State Level,Any,15078,64.0
2024-25,D Pharmacy,CAP Round I,01165,"Dwarka Bahuuddeshiya Gramin Vikas Foundation's Rajashri Shahu College Of Pharmacy, Buldhana",Buldhana,Unaided,GOBC,State Level,Any,23343,53.0
2024-25,D Pharmacy,CAP Round I,01165,"Dwarka Bahuuddeshiya Gramin Vikas Foundation's Rajashri Shahu College Of Pharmacy, Buldhana",Buldhana,Unaided,LOPEN,State Level,Ladies,4077,79.67
2024-25,D Pharmacy,CAP Round I,01165,"Dwarka Bahuuddeshiya Gramin Vikas Foundation's Rajashri Shahu College Of Pharmacy, Buldhana",Buldhana,Unaided,LSC,State Level,Ladies,6164,76.33
2024-25,D Pharmacy,CAP Round I,01165,"Dwarka Bahuuddeshiya Gramin Vikas Foundation's Rajashri Shahu College Of Pharmacy, Buldhana",Buldhana,Unaided,LNTA,State Level,Ladies,5721,77.0
2024-25,D Pharmacy,CAP Round I,01165,"Dwarka Bahuuddeshiya Gramin Vikas Foundation's Rajashri Shahu College Of Pharmacy, Buldhana",Buldhana,Unaided,LOBC,State Level,Ladies,7907,73.67
2024-25,D Pharmacy,CAP Round I,01165,"Dwarka Bahuuddeshiya Gramin Vikas Foundation's Rajashri Shahu College Of Pharmacy, Buldhana",Buldhana,Unaided,PWDOPEN,State Level,Any,5150,77.67
2024-25,D Pharmacy,CAP Round I,01165,"Dwarka Bahuuddeshiya Gramin Vikas Foundation's Rajashri Shahu College Of Pharmacy, Buldhana",Buldhana,Unaided,PWDRSC,State Level,Any,10020,71.0
2024-25,D Pharmacy,CAP Round I,01165,"Dwarka Bahuuddeshiya Gramin Vikas Foundation's Rajashri Shahu College Of Pharmacy, Buldhana",Buldhana,Unaided,EWS,Special,Any,15355,63.67
2024-25,D Pharmacy,CAP Round I,01165,"Dwarka Bahuuddeshiya Gramin Vikas Foundation's Rajashri Shahu College Of Pharmacy, Buldhana",Buldhana,Unaided,TFWS,Special,Any,1204,85.67
2024-25,D Pharmacy,CAP Round I,01165,"Dwarka Bahuuddeshiya Gramin Vikas Foundation's Rajashri Shahu College Of Pharmacy, Buldhana",Buldhana,Unaided,LSC,State Level,Ladies,18432,59.33
2024-25,D Pharmacy,CAP Round I,01165,"Dwarka Bahuuddeshiya Gramin Vikas Foundation's Rajashri Shahu College Of Pharmacy, Buldhana",Buldhana,Unaided,LNTC,State Level,Ladies,19102,58.67
2024-25,D Pharmacy,CAP Round I,01167,"Shri Gurudatta Shikshan Prasarak Sanstha's Late Shri Ramraoji Gawande Institute Of Pharmacy, Akola",Akola,Unaided,GOPEN,State Level,Any,6720,75.33
2024-25,D Pharmacy,CAP Round I,01167,"Shri Gurudatta Shikshan Prasarak Sanstha's Late Shri Ramraoji Gawande Institute Of Pharmacy, Akola",Akola,Unaided,GSC,State Level,Any,8081,73.67
2024-25,D Pharmacy,CAP Round I,01167,"Shri Gurudatta Shikshan Prasarak Sanstha's Late Shri Ramraoji Gawande Institute Of Pharmacy, Akola",Akola,Unaided,GNTA,State Level,Any,14989,64.0
2024-25,D Pharmacy,CAP Round I,01167,"Shri Gurudatta Shikshan Prasarak Sanstha's Late Shri Ramraoji Gawande Institute Of Pharmacy, Akola",Akola,Unaided,GNTC,State Level,Any,8092,73.67
2024-25,D Pharmacy,CAP Round I,01167,"Shri Gurudatta Shikshan Prasarak Sanstha's Late Shri Ramraoji Gawande Institute Of Pharmacy, Akola",Akola,Unaided,GOBC,State Level,Any,8422,73.0
2024-25,D Pharmacy,CAP Round I,01167,"Shri Gurudatta Shikshan Prasarak Sanstha's Late Shri Ramraoji Gawande Institute Of Pharmacy, Akola",Akola,Unaided,LOPEN,State Level,Ladies,4970,78.0
2024-25,D Pharmacy,CAP Round I,01167,"Shri Gurudatta Shikshan Prasarak Sanstha's Late Shri Ramraoji Gawande Institute Of Pharmacy, Akola",Akola,Unaided,LSC,State Level,Ladies,6654,75.67
2024-25,D Pharmacy,CAP Round I,01167,"Shri Gurudatta Shikshan Prasarak Sanstha's Late Shri Ramraoji Gawande Institute Of Pharmacy, Akola",Akola,Unaided,LST,State Level,Ladies,26478,49.0
2024-25,D Pharmacy,CAP Round I,01167,"Shri Gurudatta Shikshan Prasarak Sanstha's Late Shri Ramraoji Gawande Institute Of Pharmacy, Akola",Akola,Unaided,LNTB,State Level,Ladies,5618,77.0
2024-25,D Pharmacy,CAP Round I,01167,"Shri Gurudatta Shikshan Prasarak Sanstha's Late Shri Ramraoji Gawande Institute Of Pharmacy, Akola",Akola,Unaided,LOBC,State Level,Ladies,6136,76.33
2024-25,D Pharmacy,CAP Round I,01167,"Shri Gurudatta Shikshan Prasarak Sanstha's Late Shri Ramraoji Gawande Institute Of Pharmacy, Akola",Akola,Unaided,EWS,Special,Any,11360,69.0
2024-25,D Pharmacy,CAP Round I,01167,"Shri Gurudatta Shikshan Prasarak Sanstha's Late Shri Ramraoji Gawande Institute Of Pharmacy, Akola",Akola,Unaided,TFWS,Special,Any,2885,81.67
2024-25,D Pharmacy,CAP Round I,01171,"Pataldhamal Wadhwani College of Pharmacy, Yavatmal",Yavatmal,Unaided,GOPEN,State Level,Any,12270,67.67
2024-25,D Pharmacy,CAP Round I,01171,"Pataldhamal Wadhwani College of Pharmacy, Yavatmal",Yavatmal,Unaided,GSC,State Level,Any,16286,62.33
2024-25,D Pharmacy,CAP Round I,01171,"Pataldhamal Wadhwani College of Pharmacy, Yavatmal",Yavatmal,Unaided,GST,State Level,Any,25520,50.33
2024-25,D Pharmacy,CAP Round I,01171,"Pataldhamal Wadhwani College of Pharmacy, Yavatmal",Yavatmal,Unaided,GNTA,State Level,Any,16896,61.33
2024-25,D Pharmacy,CAP Round I,01171,"Pataldhamal Wadhwani College of Pharmacy, Yavatmal",Yavatmal,Unaided,GNTB,State Level,Any,25810,49.67
2024-25,D Pharmacy,CAP Round I,01171,"Pataldhamal Wadhwani College of Pharmacy, Yavatmal",Yavatmal,Unaided,GNTC,State Level,Any,29891,44.67
2024-25,D Pharmacy,CAP Round I,01171,"Pataldhamal Wadhwani College of Pharmacy, Yavatmal",Yavatmal,Unaided,GOBC,State Level,Any,35715,37.33
2024-25,D Pharmacy,CAP Round I,01171,"Pataldhamal Wadhwani College of Pharmacy, Yavatmal",Yavatmal,Unaided,LOPEN,State Level,Ladies,6042,76.33
2024-25,D Pharmacy,CAP Round I,01171,"Pataldhamal Wadhwani College of Pharmacy, Yavatmal",Yavatmal,Unaided,LSC,State Level,Ladies,35999,37.0
2024-25,D Pharmacy,CAP Round I,01171,"Pataldhamal Wadhwani College of Pharmacy, Yavatmal",Yavatmal,Unaided,LNTA,State Level,Ladies,15357,63.67
2024-25,D Pharmacy,CAP Round I,01171,"Pataldhamal Wadhwani College of Pharmacy, Yavatmal",Yavatmal,Unaided,LOBC,State Level,Ladies,27288,48.0
2024-25,D Pharmacy,CAP Round I,01171,"Pataldhamal Wadhwani College of Pharmacy, Yavatmal",Yavatmal,Unaided,PWDOPEN,State Level,Any,26673,48.67
2024-25,D Pharmacy,CAP Round I,01171,"Pataldhamal Wadhwani College of Pharmacy, Yavatmal",Yavatmal,Unaided,EWS,Special,Any,15594,63.33
2024-25,D Pharmacy,CAP Round I,01171,"Pataldhamal Wadhwani College of Pharmacy, Yavatmal",Yavatmal,Unaided,TFWS,Special,Any,3888,80.0
2024-25,D Pharmacy,CAP Round I,01264,"Vidarbha Institute of Pharmacy, Washim",Washim,Unaided,GOPEN,State Level,Any,8911,72.33
2024-25,D Pharmacy,CAP Round I,01264,"Vidarbha Institute of Pharmacy, Washim",Washim,Unaided,GSC,State Level,Any,25493,50.33
2024-25,D Pharmacy,CAP Round I,01264,"Vidarbha Institute of Pharmacy, Washim",Washim,Unaided,GST,State Level,Any,11596,68.67
2024-25,D Pharmacy,CAP Round I,01264,"Vidarbha Institute of Pharmacy, Washim",Washim,Unaided,GNTA,State Level,Any,9774,71.33
2024-25,D Pharmacy,CAP Round I,01264,"Vidarbha Institute of Pharmacy, Washim",Washim,Unaided,GNTC,State Level,Any,10760,70.0
2024-25,D Pharmacy,CAP Round I,01264,"Vidarbha Institute of Pharmacy, Washim",Washim,Unaided,GNTD,State Level,Any,15420,63.33
2024-25,D Pharmacy,CAP Round I,01264,"Vidarbha Institute of Pharmacy, Washim",Washim,Unaided,GOBC,State Level,Any,12961,67.0
2024-25,D Pharmacy,CAP Round I,01264,"Vidarbha Institute of Pharmacy, Washim",Washim,Unaided,GSEBC,State Level,Any,23740,52.67
2024-25,D Pharmacy,CAP Round I,01264,"Vidarbha Institute of Pharmacy, Washim",Washim,Unaided,LOPEN,State Level,Ladies,439,89.33
2024-25,D Pharmacy,CAP Round I,01264,"Vidarbha Institute of Pharmacy, Washim",Washim,Unaided,LSC,State Level,Ladies,6302,76.0
2024-25,D Pharmacy,CAP Round I,01264,"Vidarbha Institute of Pharmacy, Washim",Washim,Unaided,LST,State Level,Ladies,4669,78.67
2024-25,D Pharmacy,CAP Round I,01264,"Vidarbha Institute of Pharmacy, Washim",Washim,Unaided,LNTB,State Level,Ladies,2725,82.0
2024-25,D Pharmacy,CAP Round I,01264,"Vidarbha Institute of Pharmacy, Washim",Washim,Unaided,LNTC,State Level,Ladies,7913,73.67
2024-25,D Pharmacy,CAP Round I,01264,"Vidarbha Institute of Pharmacy, Washim",Washim,Unaided,LOBC,State Level,Ladies,1480,85.0
2024-25,D Pharmacy,CAP Round I,01264,"Vidarbha Institute of Pharmacy, Washim",Washim,Unaided,LSEBC,State Level,Ladies,23809,52.33
2024-25,D Pharmacy,CAP Round I,01264,"Vidarbha Institute of Pharmacy, Washim",Washim,Unaided,PWDOPEN,State Level,Any,10497,70.33
2024-25,D Pharmacy,CAP Round I,01264,"Vidarbha Institute of Pharmacy, Washim",Washim,Unaided,EWS,Special,Any,30575,43.67
2024-25,D Pharmacy,CAP Round I,01264,"Vidarbha Institute of Pharmacy, Washim",Washim,Unaided,TFWS,Special,Any,400,89.67
2024-25,D Pharmacy,CAP Round I,01280,"Gawande College of Pharmacy, Sakharkherda",Buldhana,Unaided,GOPEN,State Level,Any,4262,79.33
2024-25,D Pharmacy,CAP Round I,01280,"Gawande College of Pharmacy, Sakharkherda",Buldhana,Unaided,GSC,State Level,Any,21031,56.0
2024-25,D Pharmacy,CAP Round I,01280,"Gawande College of Pharmacy, Sakharkherda",Buldhana,Unaided,GNTA,State Level,Any,17643,60.67
2024-25,D Pharmacy,CAP Round I,01280,"Gawande College of Pharmacy, Sakharkherda",Buldhana,Unaided,GNTB,State Level,Any,25311,50.33
2024-25,D Pharmacy,CAP Round I,01280,"Gawande College of Pharmacy, Sakharkherda",Buldhana,Unaided,GNTC,State Level,Any,6201,76.33
2024-25,D Pharmacy,CAP Round I,01280,"Gawande College of Pharmacy, Sakharkherda",Buldhana,Unaided,GNTD,State Level,Any,5559,77.33
2024-25,D Pharmacy,CAP Round I,01280,"Gawande College of Pharmacy, Sakharkherda",Buldhana,Unaided,GOBC,State Level,Any,11747,68.67
2024-25,D Pharmacy,CAP Round I,01280,"Gawande College of Pharmacy, Sakharkherda",Buldhana,Unaided,LOPEN,State Level,Ladies,882,87.0
2024-25,D Pharmacy,CAP Round I,01280,"Gawande College of Pharmacy, Sakharkherda",Buldhana,Unaided,LSC,State Level,Ladies,4873,78.33
2024-25,D Pharmacy,CAP Round I,01280,"Gawande College of Pharmacy, Sakharkherda",Buldhana,Unaided,LNTA,State Level,Ladies,8783,72.67
2024-25,D Pharmacy,CAP Round I,01280,"Gawande College of Pharmacy, Sakharkherda",Buldhana,Unaided,LNTC,State Level,Ladies,6751,75.33
2024-25,D Pharmacy,CAP Round I,01280,"Gawande College of Pharmacy, Sakharkherda",Buldhana,Unaided,LOBC,State Level,Ladies,10158,70.67
2024-25,D Pharmacy,CAP Round I,01280,"Gawande College of Pharmacy, Sakharkherda",Buldhana,Unaided,PWDOPEN,State Level,Any,23122,53.33
2024-25,D Pharmacy,CAP Round I,01280,"Gawande College of Pharmacy, Sakharkherda",Buldhana,Unaided,EWS,Special,Any,31362,43.0
2024-25,D Pharmacy,CAP Round I,01280,"Gawande College of Pharmacy, Sakharkherda",Buldhana,Unaided,TFWS,Special,Any,8547,73.0
2024-25,D Pharmacy,CAP Round I,01281,"Kamalprakash Pharmacy College & Research Centre, Kherda",Ahmednagar,Unaided,GOPEN,State Level,Any,5392,77.33
2024-25,D Pharmacy,CAP Round I,01281,"Kamalprakash Pharmacy College & Research Centre, Kherda",Ahmednagar,Unaided,GSC,State Level,Any,12234,67.67
2024-25,D Pharmacy,CAP Round I,01281,"Kamalprakash Pharmacy College & Research Centre, Kherda",Ahmednagar,Unaided,GNTA,State Level,Any,7321,74.67
2024-25,D Pharmacy,CAP Round I,01281,"Kamalprakash Pharmacy College & Research Centre, Kherda",Ahmednagar,Unaided,GNTB,State Level,Any,9946,71.0
2024-25,D Pharmacy,CAP Round I,01281,"Kamalprakash Pharmacy College & Research Centre, Kherda",Ahmednagar,Unaided,GOBC,State Level,Any,11228,69.33
2024-25,D Pharmacy,CAP Round I,01281,"Kamalprakash Pharmacy College & Research Centre, Kherda",Ahmednagar,Unaided,LOPEN,State Level,Ladies,4437,79.0
2024-25,D Pharmacy,CAP Round I,01281,"Kamalprakash Pharmacy College & Research Centre, Kherda",Ahmednagar,Unaided,LSC,State Level,Ladies,10816,69.67
2024-25,D Pharmacy,CAP Round I,01281,"Kamalprakash Pharmacy College & Research Centre, Kherda",Ahmednagar,Unaided,LNTC,State Level,Ladies,9055,72.33
2024-25,D Pharmacy,CAP Round I,01281,"Kamalprakash Pharmacy College & Research Centre, Kherda",Ahmednagar,Unaided,LOBC,State Level,Ladies,10179,70.67
2024-25,D Pharmacy,CAP Round I,01281,"Kamalprakash Pharmacy College & Research Centre, Kherda",Ahmednagar,Unaided,PWDOPEN,State Level,Any,2890,81.67
2024-25,D Pharmacy,CAP Round I,01281,"Kamalprakash Pharmacy College & Research Centre, Kherda",Ahmednagar,Unaided,EWS,Special,Any,23038,53.33
2024-25,D Pharmacy,CAP Round I,01281,"Kamalprakash Pharmacy College & Research Centre, Kherda",Ahmednagar,Unaided,TFWS,Special,Any,9098,72.0
2024-25,D Pharmacy,CAP Round I,01282,"Laddhad College of Pharmacy, Yelgaon, Buldhana",Buldhana,Unaided,GOPEN,State Level,Any,19147,58.67
2024-25,D Pharmacy,CAP Round I,01282,"Laddhad College of Pharmacy, Yelgaon, Buldhana",Buldhana,Unaided,GNTC,State Level,Any,26002,49.67
2024-25,D Pharmacy,CAP Round I,01282,"Laddhad College of Pharmacy, Yelgaon, Buldhana",Buldhana,Unaided,GOBC,State Level,Any,23234,53.33
2024-25,D Pharmacy,CAP Round I,01282,"Laddhad College of Pharmacy, Yelgaon, Buldhana",Buldhana,Unaided,LOPEN,State Level,Ladies,27981,47.0
2024-25,D Pharmacy,CAP Round I,01282,"Laddhad College of Pharmacy, Yelgaon, Buldhana",Buldhana,Unaided,TFWS,Special,Any,16629,62.0
2024-25,D Pharmacy,CAP Round I,01283,"P R Pote Patil College of Pharmacy, Amravati",Amravati,Unaided,GOPEN,State Level,Any,6233,76.0
2024-25,D Pharmacy,CAP Round I,01283,"P R Pote Patil College of Pharmacy, Amravati",Amravati,Unaided,GSC,State Level,Any,17141,61.0
2024-25,D Pharmacy,CAP Round I,01283,"P R Pote Patil College of Pharmacy, Amravati",Amravati,Unaided,GST,State Level,Any,21398,55.67
2024-25,D Pharmacy,CAP Round I,01283,"P R Pote Patil College of Pharmacy, Amravati",Amravati,Unaided,GNTA,State Level,Any,8972,72.33
2024-25,D Pharmacy,CAP Round I,01283,"P R Pote Patil College of Pharmacy, Amravati",Amravati,Unaided,GNTB,State Level,Any,7906,73.67
2024-25,D Pharmacy,CAP Round I,01283,"P R Pote Patil College of Pharmacy, Amravati",Amravati,Unaided,GNTC,State Level,Any,12090,68.0
2024-25,D Pharmacy,CAP Round I,01283,"P R Pote Patil College of Pharmacy, Amravati",Amravati,Unaided,GOBC,State Level,Any,8306,73.33
2024-25,D Pharmacy,CAP Round I,01283,"P R Pote Patil College of Pharmacy, Amravati",Amravati,Unaided,LOPEN,State Level,Ladies,2438,82.67
2024-25,D Pharmacy,CAP Round I,01283,"P R Pote Patil College of Pharmacy, Amravati",Amravati,Unaided,LSC,State Level,Ladies,13023,66.67
2024-25,D Pharmacy,CAP Round I,01283,"P R Pote Patil College of Pharmacy, Amravati",Amravati,Unaided,LST,State Level,Ladies,8676,72.67
2024-25,D Pharmacy,CAP Round I,01283,"P R Pote Patil College of Pharmacy, Amravati",Amravati,Unaided,LNTD,State Level,Ladies,5303,77.67
2024-25,D Pharmacy,CAP Round I,01283,"P R Pote Patil College of Pharmacy, Amravati",Amravati,Unaided,LOBC,State Level,Ladies,3640,80.33
2024-25,D Pharmacy,CAP Round I,01283,"P R Pote Patil College of Pharmacy, Amravati",Amravati,Unaided,EWS,Special,Any,20433,56.67
2024-25,D Pharmacy,CAP Round I,01283,"P R Pote Patil College of Pharmacy, Amravati",Amravati,Unaided,TFWS,Special,Any,7151,75.0
2024-25,D Pharmacy,CAP Round I,01284,"Dr. Rajendra Gode Institute of Pharmacy, Amravati",Amravati,Unaided,GOPEN,State Level,Any,15144,64.0
2024-25,D Pharmacy,CAP Round I,01284,"Dr. Rajendra Gode Institute of Pharmacy, Amravati",Amravati,Unaided,GSC,State Level,Any,27765,47.33
2024-25,D Pharmacy,CAP Round I,01284,"Dr. Rajendra Gode Institute of Pharmacy, Amravati",Amravati,Unaided,GST,State Level,Any,35915,37.0
2024-25,D Pharmacy,CAP Round I,01284,"Dr. Rajendra Gode Institute of Pharmacy, Amravati",Amravati,Unaided,GNTA,State Level,Any,29958,44.67
2024-25,D Pharmacy,CAP Round I,01284,"Dr. Rajendra Gode Institute of Pharmacy, Amravati",Amravati,Unaided,GNTC,State Level,Any,35056,38.33
2024-25,D Pharmacy,CAP Round I,01284,"Dr. Rajendra Gode Institute of Pharmacy, Amravati",Amravati,Unaided,GOBC,State Level,Any,25357,50.33
2024-25,D Pharmacy,CAP Round I,01284,"Dr. Rajendra Gode Institute of Pharmacy, Amravati",Amravati,Unaided,LOPEN,State Level,Ladies,11518,69.0
2024-25,D Pharmacy,CAP Round I,01284,"Dr. Rajendra Gode Institute of Pharmacy, Amravati",Amravati,Unaided,LSC,State Level,Ladies,22641,54.0
2024-25,D Pharmacy,CAP Round I,01284,"Dr. Rajendra Gode Institute of Pharmacy, Amravati",Amravati,Unaided,LST,State Level,Ladies,34153,39.33
2024-25,D Pharmacy,CAP Round I,01284,"Dr. Rajendra Gode Institute of Pharmacy, Amravati",Amravati,Unaided,LNTC,State Level,Ladies,16723,61.67
2024-25,D Pharmacy,CAP Round I,01284,"Dr. Rajendra Gode Institute of Pharmacy, Amravati",Amravati,Unaided,LOBC,State Level,Ladies,15048,64.0
2024-25,D Pharmacy,CAP Round I,01284,"Dr. Rajendra Gode Institute of Pharmacy, Amravati",Amravati,Unaided,EWS,Special,Any,25004,50.67
2024-25,D Pharmacy,CAP Round I,01284,"Dr. Rajendra Gode Institute of Pharmacy, Amravati",Amravati,Unaided,TFWS,Special,Any,9298,72.0
2024-25,D Pharmacy,CAP Round I,01285,"MES College of Pharmacy, Mehkar",Buldhana,Unaided,GOPEN,State Level,Any,8341,73.33
2024-25,D Pharmacy,CAP Round I,01285,"MES College of Pharmacy, Mehkar",Buldhana,Unaided,GSC,State Level,Any,17257,61.0
2024-25,D Pharmacy,CAP Round I,01285,"MES College of Pharmacy, Mehkar",Buldhana,Unaided,GNTC,State Level,Any,11782,68.33
2024-25,D Pharmacy,CAP Round I,01285,"MES College of Pharmacy, Mehkar",Buldhana,Unaided,GOBC,State Level,Any,19597,58.0
2024-25,D Pharmacy,CAP Round I,01285,"MES College of Pharmacy, Mehkar",Buldhana,Unaided,LOPEN,State Level,Ladies,2986,81.67
2024-25,D Pharmacy,CAP Round I,01285,"MES College of Pharmacy, Mehkar",Buldhana,Unaided,LSC,State Level,Ladies,6530,75.67
2024-25,D Pharmacy,CAP Round I,01285,"MES College of Pharmacy, Mehkar",Buldhana,Unaided,LOBC,State Level,Ladies,3395,80.67
2024-25,D Pharmacy,CAP Round I,01285,"MES College of Pharmacy, Mehkar",Buldhana,Unaided,EWS,Special,Any,17487,60.67
2024-25,D Pharmacy,CAP Round I,01285,"MES College of Pharmacy, Mehkar",Buldhana,Unaided,TFWS,Special,Any,5398,77.33
2024-25,D Pharmacy,CAP Round I,01286,"Institute of Pharmacy & Research, Badnera",Amravati,Unaided,GOPEN,State Level,Any,17985,60.0
2024-25,D Pharmacy,CAP Round I,01286,"Institute of Pharmacy & Research, Badnera",Amravati,Unaided,GSC,State Level,Any,30916,43.33
2024-25,D Pharmacy,CAP Round I,01286,"Institute of Pharmacy & Research, Badnera",Amravati,Unaided,GST,State Level,Any,33170,40.67
2024-25,D Pharmacy,CAP Round I,01286,"Institute of Pharmacy & Research, Badnera",Amravati,Unaided,GNTA,State Level,Any,35343,38.0
2024-25,D Pharmacy,CAP Round I,01286,"Institute of Pharmacy & Research, Badnera",Amravati,Unaided,GNTB,State Level,Any,26367,49.0
2024-25,D Pharmacy,CAP Round I,01286,"Institute of Pharmacy & Research, Badnera",Amravati,Unaided,GOBC,State Level,Any,20857,56.33
2024-25,D Pharmacy,CAP Round I,01286,"Institute of Pharmacy & Research, Badnera",Amravati,Unaided,LOPEN,State Level,Ladies,9545,71.67
2024-25,D Pharmacy,CAP Round I,01286,"Institute of Pharmacy & Research, Badnera",Amravati,Unaided,LSC,State Level,Ladies,27903,47.0
2024-25,D Pharmacy,CAP Round I,01286,"Institute of Pharmacy & Research, Badnera",Amravati,Unaided,LNTA,State Level,Ladies,28785,46.0
2024-25,D Pharmacy,CAP Round I,01286,"Institute of Pharmacy & Research, Badnera",Amravati,Unaided,LOBC,State Level,Ladies,13499,66.0
2024-25,D Pharmacy,CAP Round I,01286,"Institute of Pharmacy & Research, Badnera",Amravati,Unaided,EWS,Special,Any,31476,42.67
2024-25,D Pharmacy,CAP Round I,01286,"Institute of Pharmacy & Research, Badnera",Amravati,Unaided,TFWS,Special,Any,16662,61.67
2024-25,D Pharmacy,CAP Round I,01287,"Raje Laxmansingh Bhosale College of Pharmacy, Hingna Barlinga",Nagpur,Unaided,GOPEN,State Level,Any,15377,63.67
2024-25,D Pharmacy,CAP Round I,01287,"Raje Laxmansingh Bhosale College of Pharmacy, Hingna Barlinga",Nagpur,Unaided,GSC,State Level,Any,23604,52.67
2024-25,D Pharmacy,CAP Round I,01287,"Raje Laxmansingh Bhosale College of Pharmacy, Hingna Barlinga",Nagpur,Unaided,GOBC,State Level,Any,33297,40.33
2024-25,D Pharmacy,CAP Round I,01287,"Raje Laxmansingh Bhosale College of Pharmacy, Hingna Barlinga",Nagpur,Unaided,LOPEN,State Level,Ladies,27806,47.33
2024-25,D Pharmacy,CAP Round I,01287,"Raje Laxmansingh Bhosale College of Pharmacy, Hingna Barlinga",Nagpur,Unaided,EWS,Special,Any,34188,39.33
2024-25,D Pharmacy,CAP Round I,01287,"Raje Laxmansingh Bhosale College of Pharmacy, Hingna Barlinga",Nagpur,Unaided,TFWS,Special,Any,9945,71.0
2024-25,D Pharmacy,CAP Round I,01287,"Raje Laxmansingh Bhosale College of Pharmacy, Hingna Barlinga",Nagpur,Unaided,LNTB,State Level,Ladies,34085,39.33
2024-25,D Pharmacy,CAP Round I,01290,"Jagadambha Institute Of Pharmacy And Research, Kalamb",Hingoli,Unaided,GOPEN,State Level,Any,27085,48.0
2024-25,D Pharmacy,CAP Round I,01290,"Jagadambha Institute Of Pharmacy And Research, Kalamb",Hingoli,Unaided,GNTB,State Level,Any,32057,42.0
2024-25,D Pharmacy,CAP Round I,01290,"Jagadambha Institute Of Pharmacy And Research, Kalamb",Hingoli,Unaided,GOBC,State Level,Any,35780,37.33
2024-25,D Pharmacy,CAP Round I,01290,"Jagadambha Institute Of Pharmacy And Research, Kalamb",Hingoli,Unaided,LOPEN,State Level,Ladies,12167,68.0
2024-25,D Pharmacy,CAP Round I,01290,"Jagadambha Institute Of Pharmacy And Research, Kalamb",Hingoli,Unaided,LNTA,State Level,Ladies,19834,57.67
2024-25,D Pharmacy,CAP Round I,01290,"Jagadambha Institute Of Pharmacy And Research, Kalamb",Hingoli,Unaided,LOBC,State Level,Ladies,31517,42.67
2024-25,D Pharmacy,CAP Round I,01290,"Jagadambha Institute Of Pharmacy And Research, Kalamb",Hingoli,Unaided,EWS,Special,Any,26934,48.33
2024-25,D Pharmacy,CAP Round I,01290,"Jagadambha Institute Of Pharmacy And Research, Kalamb",Hingoli,Unaided,TFWS,Special,Any,18178,59.67
2024-25,D Pharmacy,CAP Round I,01291,"Shri. Sant Gajanan Maharaj College Of Pharmacy, Buldhana",Buldhana,Unaided,GOPEN,State Level,Any,16136,62.67
2024-25,D Pharmacy,CAP Round I,01291,"Shri. Sant Gajanan Maharaj College Of Pharmacy, Buldhana",Buldhana,Unaided,GSC,State Level,Any,17824,60.33
2024-25,D Pharmacy,CAP Round I,01291,"Shri. Sant Gajanan Maharaj College Of Pharmacy, Buldhana",Buldhana,Unaided,GST,State Level,Any,16597,62.0
2024-25,D Pharmacy,CAP Round I,01291,"Shri. Sant Gajanan Maharaj College Of Pharmacy, Buldhana",Buldhana,Unaided,GNTD,State Level,Any,21646,55.33
2024-25,D Pharmacy,CAP Round I,01291,"Shri. Sant Gajanan Maharaj College Of Pharmacy, Buldhana",Buldhana,Unaided,GOBC,State Level,Any,31434,42.67
2024-25,D Pharmacy,CAP Round I,01291,"Shri. Sant Gajanan Maharaj College Of Pharmacy, Buldhana",Buldhana,Unaided,LOPEN,State Level,Ladies,12878,67.0
2024-25,D Pharmacy,CAP Round I,01291,"Shri. Sant Gajanan Maharaj College Of Pharmacy, Buldhana",Buldhana,Unaided,LSC,State Level,Ladies,26974,48.33
2024-25,D Pharmacy,CAP Round I,01291,"Shri. Sant Gajanan Maharaj College Of Pharmacy, Buldhana",Buldhana,Unaided,LST,State Level,Ladies,17311,61.0
2024-25,D Pharmacy,CAP Round I,01291,"Shri. Sant Gajanan Maharaj College Of Pharmacy, Buldhana",Buldhana,Unaided,LNTC,State Level,Ladies,25118,50.67
2024-25,D Pharmacy,CAP Round I,01291,"Shri. Sant Gajanan Maharaj College Of Pharmacy, Buldhana",Buldhana,Unaided,LOBC,State Level,Ladies,28546,46.33
2024-25,D Pharmacy,CAP Round I,01291,"Shri. Sant Gajanan Maharaj College Of Pharmacy, Buldhana",Buldhana,Unaided,PWDOPEN,State Level,Any,19363,58.33
2024-25,D Pharmacy,CAP Round I,01291,"Shri. Sant Gajanan Maharaj College Of Pharmacy, Buldhana",Buldhana,Unaided,EWS,Special,Any,1822,84.0
2024-25,D Pharmacy,CAP Round I,01291,"Shri. Sant Gajanan Maharaj College Of Pharmacy, Buldhana",Buldhana,Unaided,TFWS,Special,Any,1575,84.67
2024-25,D Pharmacy,CAP Round I,01293,"Shraddha Institute Of Pharmacy, Washim",Washim,Unaided,GOPEN,State Level,Any,17550,60.67
2024-25,D Pharmacy,CAP Round I,01293,"Shraddha Institute Of Pharmacy, Washim",Washim,Unaided,GNTA,State Level,Any,19274,58.33
2024-25,D Pharmacy,CAP Round I,01293,"Shraddha Institute Of Pharmacy, Washim",Washim,Unaided,GOBC,State Level,Any,31165,43.0
2024-25,D Pharmacy,CAP Round I,01293,"Shraddha Institute Of Pharmacy, Washim",Washim,Unaided,LOPEN,State Level,Ladies,3750,80.0
2024-25,D Pharmacy,CAP Round I,01293,"Shraddha Institute Of Pharmacy, Washim",Washim,Unaided,LST,State Level,Ladies,23457,53.0
2024-25,D Pharmacy,CAP Round I,01293,"Shraddha Institute Of Pharmacy, Washim",Washim,Unaided,LNTD,State Level,Ladies,5698,77.0
2024-25,D Pharmacy,CAP Round I,01293,"Shraddha Institute Of Pharmacy, Washim",Washim,Unaided,LOBC,State Level,Ladies,16016,62.67
2024-25,D Pharmacy,CAP Round I,01293,"Shraddha Institute Of Pharmacy, Washim",Washim,Unaided,LSEBC,State Level,Ladies,6221,76.33
2024-25,D Pharmacy,CAP Round I,01293,"Shraddha Institute Of Pharmacy, Washim",Washim,Unaided,EWS,Special,Any,17484,60.67
2024-25,D Pharmacy,CAP Round I,01293,"Shraddha Institute Of Pharmacy, Washim",Washim,Unaided,TFWS,Special,Any,10639,70.0
2024-25,D Pharmacy,CAP Round I,01294,"Samarth College Of Pharmacy, Deulgaon Raja",Buldhana,Unaided,GOPEN,State Level,Any,3913,80.0
2024-25,D Pharmacy,CAP Round I,01294,"Samarth College Of Pharmacy, Deulgaon Raja",Buldhana,Unaided,GSC,State Level,Any,25949,49.67
2024-25,D Pharmacy,CAP Round I,01294,"Samarth College Of Pharmacy, Deulgaon Raja",Buldhana,Unaided,GNTA,State Level,Any,8638,72.67
2024-25,D Pharmacy,CAP Round I,01294,"Samarth College Of Pharmacy, Deulgaon Raja",Buldhana,Unaided,GNTC,State Level,Any,5541,77.33
2024-25,D Pharmacy,CAP Round I,01294,"Samarth College Of Pharmacy, Deulgaon Raja",Buldhana,Unaided,GNTD,State Level,Any,4261,79.33
2024-25,D Pharmacy,CAP Round I,01294,"Samarth College Of Pharmacy, Deulgaon Raja",Buldhana,Unaided,GOBC,State Level,Any,9694,71.33
2024-25,D Pharmacy,CAP Round I,01294,"Samarth College Of Pharmacy, Deulgaon Raja",Buldhana,Unaided,GSEBC,State Level,Any,11462,69.0
2024-25,D Pharmacy,CAP Round I,01294,"Samarth College Of Pharmacy, Deulgaon Raja",Buldhana,Unaided,LOPEN,State Level,Ladies,936,87.0
2024-25,D Pharmacy,CAP Round I,01294,"Samarth College Of Pharmacy, Deulgaon Raja",Buldhana,Unaided,LSC,State Level,Ladies,18023,60.0
2024-25,D Pharmacy,CAP Round I,01294,"Samarth College Of Pharmacy, Deulgaon Raja",Buldhana,Unaided,LOBC,State Level,Ladies,1426,85.33
2024-25,D Pharmacy,CAP Round I,01294,"Samarth College Of Pharmacy, Deulgaon Raja",Buldhana,Unaided,LSEBC,State Level,Ladies,1492,85.0
2024-25,D Pharmacy,CAP Round I,01294,"Samarth College Of Pharmacy, Deulgaon Raja",Buldhana,Unaided,TFWS,Special,Any,7142,75.0
2024-25,D Pharmacy,CAP Round I,01294,"Samarth College Of Pharmacy, Deulgaon Raja",Buldhana,Unaided,LNTC,State Level,Ladies,5658,77.0
2024-25,D Pharmacy,CAP Round I,01295,"Karmayogi Tatyasaheb Bondre Institute Of Pharmacy, Chikhli",Buldhana,Unaided,GOPEN,State Level,Any,29099,45.67
2024-25,D Pharmacy,CAP Round I,01295,"Karmayogi Tatyasaheb Bondre Institute Of Pharmacy, Chikhli",Buldhana,Unaided,LOPEN,State Level,Ladies,4809,78.33
2024-25,D Pharmacy,CAP Round I,01295,"Karmayogi Tatyasaheb Bondre Institute Of Pharmacy, Chikhli",Buldhana,Unaided,LNTA,State Level,Ladies,6214,76.33
2024-25,D Pharmacy,CAP Round I,01295,"Karmayogi Tatyasaheb Bondre Institute Of Pharmacy, Chikhli",Buldhana,Unaided,LNTD,State Level,Ladies,10113,70.67
2024-25,D Pharmacy,CAP Round I,01295,"Karmayogi Tatyasaheb Bondre Institute Of Pharmacy, Chikhli",Buldhana,Unaided,LOBC,State Level,Ladies,22021,54.67
2024-25,D Pharmacy,CAP Round I,01295,"Karmayogi Tatyasaheb Bondre Institute Of Pharmacy, Chikhli",Buldhana,Unaided,EWS,Special,Any,4071,79.67
2024-25,D Pharmacy,CAP Round I,01296,"Dr. Rajendra Gode College Of Pharmacy, Amravati",Amravati,Unaided,GOPEN,State Level,Any,26161,49.33
2024-25,D Pharmacy,CAP Round I,01296,"Dr. Rajendra Gode College Of Pharmacy, Amravati",Amravati,Unaided,GSC,State Level,Any,32909,41.0
2024-25,D Pharmacy,CAP Round I,01296,"Dr. Rajendra Gode College Of Pharmacy, Amravati",Amravati,Unaided,GNTA,State Level,Any,30273,44.0
2024-25,D Pharmacy,CAP Round I,01296,"Dr. Rajendra Gode College Of Pharmacy, Amravati",Amravati,Unaided,GNTB,State Level,Any,29043,45.67
2024-25,D Pharmacy,CAP Round I,01296,"Dr. Rajendra Gode College Of Pharmacy, Amravati",Amravati,Unaided,GNTC,State Level,Any,27556,47.67
2024-25,D Pharmacy,CAP Round I,01296,"Dr. Rajendra Gode College Of Pharmacy, Amravati",Amravati,Unaided,GOBC,State Level,Any,32358,41.67
2024-25,D Pharmacy,CAP Round I,01296,"Dr. Rajendra Gode College Of Pharmacy, Amravati",Amravati,Unaided,LOPEN,State Level,Ladies,23956,52.33
2024-25,D Pharmacy,CAP Round I,01296,"Dr. Rajendra Gode College Of Pharmacy, Amravati",Amravati,Unaided,LSC,State Level,Ladies,31250,43.0
2024-25,D Pharmacy,CAP Round I,01296,"Dr. Rajendra Gode College Of Pharmacy, Amravati",Amravati,Unaided,LOBC,State Level,Ladies,31063,43.33
2024-25,D Pharmacy,CAP Round I,01296,"Dr. Rajendra Gode College Of Pharmacy, Amravati",Amravati,Unaided,EWS,Special,Any,30110,44.33
2024-25,D Pharmacy,CAP Round I,01296,"Dr. Rajendra Gode College Of Pharmacy, Amravati",Amravati,Unaided,TFWS,Special,Any,16907,61.33
2024-25,D Pharmacy,CAP Round I,01296,"Dr. Rajendra Gode College Of Pharmacy, Amravati",Amravati,Unaided,LNTB,State Level,Ladies,29434,45.33
2024-25,D Pharmacy,CAP Round I,01296,"Dr. Rajendra Gode College Of Pharmacy, Amravati",Amravati,Unaided,LNTC,State Level,Ladies,29653,45.0
2024-25,D Pharmacy,CAP Round I,01297,"Vidyaniketan College Of Pharmacy, Anjangaon Surji",Amravati,Unaided,GOPEN,State Level,Any,22959,53.67
2024-25,D Pharmacy,CAP Round I,01297,"Vidyaniketan College Of Pharmacy, Anjangaon Surji",Amravati,Unaided,LOPEN,State Level,Ladies,18176,59.67
2024-25,D Pharmacy,CAP Round I,01297,"Vidyaniketan College Of Pharmacy, Anjangaon Surji",Amravati,Unaided,MI,Special,Any,29035,45.67
2024-25,D Pharmacy,CAP Round I,01297,"Vidyaniketan College Of Pharmacy, Anjangaon Surji",Amravati,Unaided,TFWS,Special,Any,3877,80.0
2024-25,D Pharmacy,CAP Round I,01299,"NK College of Pharmacy, Antraj Khamgaon",Buldhana,Unaided,GOPEN,State Level,Any,25632,50.0
2024-25,D Pharmacy,CAP Round I,01299,"NK College of Pharmacy, Antraj Khamgaon",Buldhana,Unaided,GSC,State Level,Any,28946,45.67
2024-25,D Pharmacy,CAP Round I,01299,"NK College of Pharmacy, Antraj Khamgaon",Buldhana,Unaided,LOPEN,State Level,Ladies,21683,55.33
2024-25,D Pharmacy,CAP Round I,01299,"NK College of Pharmacy, Antraj Khamgaon",Buldhana,Unaided,EWS,Special,Any,27584,47.67
2024-25,D Pharmacy,CAP Round I,01299,"NK College of Pharmacy, Antraj Khamgaon",Buldhana,Unaided,TFWS,Special,Any,5811,76.67
2024-25,D Pharmacy,CAP Round I,01300,Laxminarayan College of Pharmacy,Pharmacy,Unaided,GOPEN,State Level,Any,32948,41.0
2024-25,D Pharmacy,CAP Round I,01300,Laxminarayan College of Pharmacy,Pharmacy,Unaided,LOPEN,State Level,Ladies,26979,48.33
2024-25,D Pharmacy,CAP Round I,01300,Laxminarayan College of Pharmacy,Pharmacy,Unaided,TFWS,Special,Any,6605,75.67
2024-25,D Pharmacy,CAP Round I,01301,"Mauli Institute of Pharmacy & Research Centre, Washim",Washim,Unaided,GOPEN,State Level,Any,36365,36.0
2024-25,D Pharmacy,CAP Round I,01301,"Mauli Institute of Pharmacy & Research Centre, Washim",Washim,Unaided,LOPEN,State Level,Ladies,32389,41.67
2024-25,D Pharmacy,CAP Round I,01301,"Mauli Institute of Pharmacy & Research Centre, Washim",Washim,Unaided,EWS,Special,Any,32869,41.0
2024-25,D Pharmacy,CAP Round I,01301,"Mauli Institute of Pharmacy & Research Centre, Washim",Washim,Unaided,TFWS,Special,Any,16993,61.33
2024-25,D Pharmacy,CAP Round I,01303,"Satpuda Institute of Pharmacy, Shegaon",Buldhana,Unaided,GOPEN,State Level,Any,12444,67.67
2024-25,D Pharmacy,CAP Round I,01303,"Satpuda Institute of Pharmacy, Shegaon",Buldhana,Unaided,GSC,State Level,Any,21645,55.33
2024-25,D Pharmacy,CAP Round I,01303,"Satpuda Institute of Pharmacy, Shegaon",Buldhana,Unaided,GNTB,State Level,Any,14639,64.67
2024-25,D Pharmacy,CAP Round I,01303,"Satpuda Institute of Pharmacy, Shegaon",Buldhana,Unaided,GNTC,State Level,Any,16057,62.67
2024-25,D Pharmacy,CAP Round I,01303,"Satpuda Institute of Pharmacy, Shegaon",Buldhana,Unaided,GOBC,State Level,Any,17467,60.67
2024-25,D Pharmacy,CAP Round I,01303,"Satpuda Institute of Pharmacy, Shegaon",Buldhana,Unaided,LOPEN,State Level,Ladies,5881,76.67
2024-25,D Pharmacy,CAP Round I,01303,"Satpuda Institute of Pharmacy, Shegaon",Buldhana,Unaided,LSC,State Level,Ladies,31191,43.0
2024-25,D Pharmacy,CAP Round I,01303,"Satpuda Institute of Pharmacy, Shegaon",Buldhana,Unaided,LST,State Level,Ladies,12968,67.0
2024-25,D Pharmacy,CAP Round I,01303,"Satpuda Institute of Pharmacy, Shegaon",Buldhana,Unaided,LNTB,State Level,Ladies,8833,72.67
2024-25,D Pharmacy,CAP Round I,01303,"Satpuda Institute of Pharmacy, Shegaon",Buldhana,Unaided,LOBC,State Level,Ladies,7983,73.67
2024-25,D Pharmacy,CAP Round I,01303,"Satpuda Institute of Pharmacy, Shegaon",Buldhana,Unaided,PWDOPEN,State Level,Any,24507,51.67
2024-25,D Pharmacy,CAP Round I,01303,"Satpuda Institute of Pharmacy, Shegaon",Buldhana,Unaided,EWS,Special,Any,25622,50.0
2024-25,D Pharmacy,CAP Round I,01303,"Satpuda Institute of Pharmacy, Shegaon",Buldhana,Unaided,TFWS,Special,Any,6968,75.0
2024-25,D Pharmacy,CAP Round I,01304,"Mahatma Phule Pharmacy College, Babhulgaon Dist. Akola",Akola,Unaided,GOPEN,State Level,Any,13865,65.67
2024-25,D Pharmacy,CAP Round I,01304,"Mahatma Phule Pharmacy College, Babhulgaon Dist. Akola",Akola,Unaided,GSC,State Level,Any,27620,47.67
2024-25,D Pharmacy,CAP Round I,01304,"Mahatma Phule Pharmacy College, Babhulgaon Dist. Akola",Akola,Unaided,GNTB,State Level,Any,18824,59.0
2024-25,D Pharmacy,CAP Round I,01304,"Mahatma Phule Pharmacy College, Babhulgaon Dist. Akola",Akola,Unaided,GNTC,State Level,Any,30051,44.33
2024-25,D Pharmacy,CAP Round I,01304,"Mahatma Phule Pharmacy College, Babhulgaon Dist. Akola",Akola,Unaided,GNTD,State Level,Any,16113,62.67
2024-25,D Pharmacy,CAP Round I,01304,"Mahatma Phule Pharmacy College, Babhulgaon Dist. Akola",Akola,Unaided,GOBC,State Level,Any,23820,52.33
2024-25,D Pharmacy,CAP Round I,01304,"Mahatma Phule Pharmacy College, Babhulgaon Dist. Akola",Akola,Unaided,LOPEN,State Level,Ladies,14889,64.33
2024-25,D Pharmacy,CAP Round I,01304,"Mahatma Phule Pharmacy College, Babhulgaon Dist. Akola",Akola,Unaided,LSC,State Level,Ladies,24425,51.67
2024-25,D Pharmacy,CAP Round I,01304,"Mahatma Phule Pharmacy College, Babhulgaon Dist. Akola",Akola,Unaided,LOBC,State Level,Ladies,32371,41.67
2024-25,D Pharmacy,CAP Round I,01304,"Mahatma Phule Pharmacy College, Babhulgaon Dist. Akola",Akola,Unaided,EWS,Special,Any,25573,50.0
2024-25,D Pharmacy,CAP Round I,01304,"Mahatma Phule Pharmacy College, Babhulgaon Dist. Akola",Akola,Unaided,TFWS,Special,Any,9093,72.0
2024-25,D Pharmacy,CAP Round I,01304,"Mahatma Phule Pharmacy College, Babhulgaon Dist. Akola",Akola,Unaided,LOBC,State Level,Ladies,24747,51.33
2024-25,D Pharmacy,CAP Round I,01305,"Cambridge College of Pharmacy, Yelgaon Dist. Buldhana",Buldhana,Unaided,GOPEN,State Level,Any,33867,39.67
2024-25,D Pharmacy,CAP Round I,01305,"Cambridge College of Pharmacy, Yelgaon Dist. Buldhana",Buldhana,Unaided,LOPEN,State Level,Ladies,27740,47.33
2024-25,D Pharmacy,CAP Round I,01305,"Cambridge College of Pharmacy, Yelgaon Dist. Buldhana",Buldhana,Unaided,TFWS,Special,Any,13698,66.0
2024-25,D Pharmacy,CAP Round I,01306,Rajashri College of Pharmacy,Pharmacy,Unaided,GOPEN,State Level,Any,5519,77.33
2024-25,D Pharmacy,CAP Round I,01306,Rajashri College of Pharmacy,Pharmacy,Unaided,GSC,State Level,Any,18020,60.0
2024-25,D Pharmacy,CAP Round I,01306,Rajashri College of Pharmacy,Pharmacy,Unaided,GNTA,State Level,Any,8839,72.33
2024-25,D Pharmacy,CAP Round I,01306,Rajashri College of Pharmacy,Pharmacy,Unaided,GNTB,State Level,Any,9797,71.33
2024-25,D Pharmacy,CAP Round I,01306,Rajashri College of Pharmacy,Pharmacy,Unaided,GNTC,State Level,Any,14617,64.67
2024-25,D Pharmacy,CAP Round I,01306,Rajashri College of Pharmacy,Pharmacy,Unaided,GOBC,State Level,Any,10997,69.67
2024-25,D Pharmacy,CAP Round I,01306,Rajashri College of Pharmacy,Pharmacy,Unaided,LOPEN,State Level,Ladies,847,87.33
2024-25,D Pharmacy,CAP Round I,01306,Rajashri College of Pharmacy,Pharmacy,Unaided,LOBC,State Level,Ladies,8793,72.67
2024-25,D Pharmacy,CAP Round I,01306,Rajashri College of Pharmacy,Pharmacy,Unaided,EWS,Special,Any,11560,68.67
2024-25,D Pharmacy,CAP Round I,01306,Rajashri College of Pharmacy,Pharmacy,Unaided,TFWS,Special,Any,11236,69.33
2024-25,D Pharmacy,CAP Round I,01307,Sushganga College of Pharmacy,Pharmacy,Unaided,GOPEN,State Level,Any,35592,37.67
2024-25,D Pharmacy,CAP Round I,01307,Sushganga College of Pharmacy,Pharmacy,Unaided,LOPEN,State Level,Ladies,26944,48.33
2024-25,D Pharmacy,CAP Round I,01307,Sushganga College of Pharmacy,Pharmacy,Unaided,LSC,State Level,Ladies,27974,47.0
2024-25,D Pharmacy,CAP Round I,01307,Sushganga College of Pharmacy,Pharmacy,Unaided,LOBC,State Level,Ladies,34312,39.33
2024-25,D Pharmacy,CAP Round I,01307,Sushganga College of Pharmacy,Pharmacy,Unaided,EWS,Special,Any,28019,47.0
2024-25,D Pharmacy,CAP Round I,01307,Sushganga College of Pharmacy,Pharmacy,Unaided,TFWS,Special,Any,24988,51.0
2024-25,D Pharmacy,CAP Round I,01308,"Advika College of Pharmacy and Research Centre , Ansingh, Dist.Washim",Washim,Unaided,GOPEN,State Level,Any,13106,66.67
2024-25,D Pharmacy,CAP Round I,01308,"Advika College of Pharmacy and Research Centre , Ansingh, Dist.Washim",Washim,Unaided,GSC,State Level,Any,36562,35.33
2024-25,D Pharmacy,CAP Round I,01308,"Advika College of Pharmacy and Research Centre , Ansingh, Dist.Washim",Washim,Unaided,GST,State Level,Any,14159,65.33
2024-25,D Pharmacy,CAP Round I,01308,"Advika College of Pharmacy and Research Centre , Ansingh, Dist.Washim",Washim,Unaided,GNTA,State Level,Any,15148,64.0
2024-25,D Pharmacy,CAP Round I,01308,"Advika College of Pharmacy and Research Centre , Ansingh, Dist.Washim",Washim,Unaided,GNTB,State Level,Any,15609,63.33
2024-25,D Pharmacy,CAP Round I,01308,"Advika College of Pharmacy and Research Centre , Ansingh, Dist.Washim",Washim,Unaided,GNTC,State Level,Any,31170,43.0
2024-25,D Pharmacy,CAP Round I,01308,"Advika College of Pharmacy and Research Centre , Ansingh, Dist.Washim",Washim,Unaided,GOBC,State Level,Any,20568,56.67
2024-25,D Pharmacy,CAP Round I,01308,"Advika College of Pharmacy and Research Centre , Ansingh, Dist.Washim",Washim,Unaided,LOPEN,State Level,Ladies,4680,78.67
2024-25,D Pharmacy,CAP Round I,01308,"Advika College of Pharmacy and Research Centre , Ansingh, Dist.Washim",Washim,Unaided,LSC,State Level,Ladies,24908,51.0
2024-25,D Pharmacy,CAP Round I,01308,"Advika College of Pharmacy and Research Centre , Ansingh, Dist.Washim",Washim,Unaided,LST,State Level,Ladies,32570,41.33
2024-25,D Pharmacy,CAP Round I,01308,"Advika College of Pharmacy and Research Centre , Ansingh, Dist.Washim",Washim,Unaided,LNTA,State Level,Ladies,7619,74.33
2024-25,D Pharmacy,CAP Round I,01308,"Advika College of Pharmacy and Research Centre , Ansingh, Dist.Washim",Washim,Unaided,LOBC,State Level,Ladies,10933,69.67
2024-25,D Pharmacy,CAP Round I,01308,"Advika College of Pharmacy and Research Centre , Ansingh, Dist.Washim",Washim,Unaided,EWS,Special,Any,15909,63.0
2024-25,D Pharmacy,CAP Round I,01308,"Advika College of Pharmacy and Research Centre , Ansingh, Dist.Washim",Washim,Unaided,TFWS,Special,Any,1610,84.67
2024-25,D Pharmacy,CAP Round I,01308,"Advika College of Pharmacy and Research Centre , Ansingh, Dist.Washim",Washim,Unaided,LNTB,State Level,Ladies,29039,45.67
2024-25,D Pharmacy,CAP Round I,01309,"Late Ramraoji Zanak College of Pharmacy and Research Center, Kenwad",Pune,Unaided,GOPEN,State Level,Any,4456,79.0
2024-25,D Pharmacy,CAP Round I,01309,"Late Ramraoji Zanak College of Pharmacy and Research Center, Kenwad",Pune,Unaided,GSC,State Level,Any,20225,57.0
2024-25,D Pharmacy,CAP Round I,01309,"Late Ramraoji Zanak College of Pharmacy and Research Center, Kenwad",Pune,Unaided,GNTB,State Level,Any,17847,60.33
2024-25,D Pharmacy,CAP Round I,01309,"Late Ramraoji Zanak College of Pharmacy and Research Center, Kenwad",Pune,Unaided,GNTC,State Level,Any,4494,79.0
2024-25,D Pharmacy,CAP Round I,01309,"Late Ramraoji Zanak College of Pharmacy and Research Center, Kenwad",Pune,Unaided,GOBC,State Level,Any,10641,70.0
2024-25,D Pharmacy,CAP Round I,01309,"Late Ramraoji Zanak College of Pharmacy and Research Center, Kenwad",Pune,Unaided,LOPEN,State Level,Ladies,903,87.0
2024-25,D Pharmacy,CAP Round I,01309,"Late Ramraoji Zanak College of Pharmacy and Research Center, Kenwad",Pune,Unaided,LSC,State Level,Ladies,16072,62.67
2024-25,D Pharmacy,CAP Round I,01309,"Late Ramraoji Zanak College of Pharmacy and Research Center, Kenwad",Pune,Unaided,LNTC,State Level,Ladies,3607,80.33
2024-25,D Pharmacy,CAP Round I,01309,"Late Ramraoji Zanak College of Pharmacy and Research Center, Kenwad",Pune,Unaided,LOBC,State Level,Ladies,1915,84.0
2024-25,D Pharmacy,CAP Round I,01309,"Late Ramraoji Zanak College of Pharmacy and Research Center, Kenwad",Pune,Unaided,EWS,Special,Any,19951,57.33
2024-25,D Pharmacy,CAP Round I,01309,"Late Ramraoji Zanak College of Pharmacy and Research Center, Kenwad",Pune,Unaided,TFWS,Special,Any,20905,56.33
2024-25,D Pharmacy,CAP Round I,01311,"Late Shri. S. B Purushottam College of Pharmacy, Patur, Dist-Akola",Akola,Unaided,GOPEN,State Level,Any,34297,39.33
2024-25,D Pharmacy,CAP Round I,01311,"Late Shri. S. B Purushottam College of Pharmacy, Patur, Dist-Akola",Akola,Unaided,LOPEN,State Level,Ladies,29862,44.67
2024-25,D Pharmacy,CAP Round I,01311,"Late Shri. S. B Purushottam College of Pharmacy, Patur, Dist-Akola",Akola,Unaided,LOBC,State Level,Ladies,30282,44.0
2024-25,D Pharmacy,CAP Round I,01311,"Late Shri. S. B Purushottam College of Pharmacy, Patur, Dist-Akola",Akola,Unaided,EWS,Special,Any,3910,80.0
2024-25,D Pharmacy,CAP Round I,01311,"Late Shri. S. B Purushottam College of Pharmacy, Patur, Dist-Akola",Akola,Unaided,TFWS,Special,Any,29257,45.33
2024-25,D Pharmacy,CAP Round I,01341,Sumatidevi Tompe Institute of Pharmaceutical Science & Research,Research,Unaided,GOPEN,State Level,Any,29357,45.33
2024-25,D Pharmacy,CAP Round I,01341,Sumatidevi Tompe Institute of Pharmaceutical Science & Research,Research,Unaided,GOBC,State Level,Any,29948,44.67
2024-25,D Pharmacy,CAP Round I,01341,Sumatidevi Tompe Institute of Pharmaceutical Science & Research,Research,Unaided,LOPEN,State Level,Ladies,19466,58.0
2024-25,D Pharmacy,CAP Round I,01341,Sumatidevi Tompe Institute of Pharmaceutical Science & Research,Research,Unaided,LSC,State Level,Ladies,27496,47.67
2024-25,D Pharmacy,CAP Round I,01341,Sumatidevi Tompe Institute of Pharmaceutical Science & Research,Research,Unaided,LOBC,State Level,Ladies,26346,49.0
2024-25,D Pharmacy,CAP Round I,01341,Sumatidevi Tompe Institute of Pharmaceutical Science & Research,Research,Unaided,EWS,Special,Any,18996,58.67
2024-25,D Pharmacy,CAP Round I,01341,Sumatidevi Tompe Institute of Pharmaceutical Science & Research,Research,Unaided,TFWS,Special,Any,18666,59.0
2024-25,D Pharmacy,CAP Round I,01342,Kshirsagar College of Pharmacy,Pharmacy,Unaided,GOPEN,State Level,Any,31960,42.0
2024-25,D Pharmacy,CAP Round I,01342,Kshirsagar College of Pharmacy,Pharmacy,Unaided,LOPEN,State Level,Ladies,32142,42.0
2024-25,D Pharmacy,CAP Round I,01342,Kshirsagar College of Pharmacy,Pharmacy,Unaided,EWS,Special,Any,23182,53.33
2024-25,D Pharmacy,CAP Round I,01342,Kshirsagar College of Pharmacy,Pharmacy,Unaided,TFWS,Special,Any,25371,50.33
2024-25,D Pharmacy,CAP Round I,01343,Savitridevi College of Pharmacy,Pharmacy,Unaided,GOPEN,State Level,Any,35331,38.0
2024-25,D Pharmacy,CAP Round I,01343,Savitridevi College of Pharmacy,Pharmacy,Unaided,GOBC,State Level,Any,36305,36.33
2024-25,D Pharmacy,CAP Round I,01343,Savitridevi College of Pharmacy,Pharmacy,Unaided,LOPEN,State Level,Ladies,16691,61.67
2024-25,D Pharmacy,CAP Round I,01343,Savitridevi College of Pharmacy,Pharmacy,Unaided,LSC,State Level,Ladies,35241,38.0
2024-25,D Pharmacy,CAP Round I,01343,Savitridevi College of Pharmacy,Pharmacy,Unaided,LST,State Level,Ladies,33450,40.33
2024-25,D Pharmacy,CAP Round I,01343,Savitridevi College of Pharmacy,Pharmacy,Unaided,LOBC,State Level,Ladies,31338,43.0
2024-25,D Pharmacy,CAP Round I,01343,Savitridevi College of Pharmacy,Pharmacy,Unaided,EWS,Special,Any,33184,40.67
2024-25,D Pharmacy,CAP Round I,01343,Savitridevi College of Pharmacy,Pharmacy,Unaided,TFWS,Special,Any,23818,52.33
2024-25,D Pharmacy,CAP Round I,02022,Maulana Azad Education Society's Kamla Nehru Polytechnic(Pharmacy) Aurangabad,Chhatrapati Sambhajinagar,Aided,GOPEN,State Level,Any,3082,81.33
2024-25,D Pharmacy,CAP Round I,02022,Maulana Azad Education Society's Kamla Nehru Polytechnic(Pharmacy) Aurangabad,Chhatrapati Sambhajinagar,Aided,LOPEN,State Level,Ladies,1560,84.67
2024-25,D Pharmacy,CAP Round I,02022,Maulana Azad Education Society's Kamla Nehru Polytechnic(Pharmacy) Aurangabad,Chhatrapati Sambhajinagar,Aided,MI,Special,Any,6349,76.0
2024-25,D Pharmacy,CAP Round I,02022,Maulana Azad Education Society's Kamla Nehru Polytechnic(Pharmacy) Aurangabad,Chhatrapati Sambhajinagar,Aided,TFWS,Special,Any,2002,83.67
2024-25,D Pharmacy,CAP Round I,02022,Maulana Azad Education Society's Kamla Nehru Polytechnic(Pharmacy) Aurangabad,Chhatrapati Sambhajinagar,Unaided,GOPEN,State Level,Any,11826,68.33
2024-25,D Pharmacy,CAP Round I,02022,Maulana Azad Education Society's Kamla Nehru Polytechnic(Pharmacy) Aurangabad,Chhatrapati Sambhajinagar,Unaided,LOPEN,State Level,Ladies,5341,77.33
2024-25,D Pharmacy,CAP Round I,02022,Maulana Azad Education Society's Kamla Nehru Polytechnic(Pharmacy) Aurangabad,Chhatrapati Sambhajinagar,Unaided,MI,Special,Any,22523,54.0
2024-25,D Pharmacy,CAP Round I,02022,Maulana Azad Education Society's Kamla Nehru Polytechnic(Pharmacy) Aurangabad,Chhatrapati Sambhajinagar,Unaided,TFWS,Special,Any,8105,73.33
2024-25,D Pharmacy,CAP Round I,02023,"Jai Bhavani Shikshan Prasarak Mandal's Institute Of Pharmacy, Gadhi Georai",Beed,Aided,GOPEN,State Level,Any,3454,80.67
2024-25,D Pharmacy,CAP Round I,02023,"Jai Bhavani Shikshan Prasarak Mandal's Institute Of Pharmacy, Gadhi Georai",Beed,Aided,GSC,State Level,Any,32527,41.33
2024-25,D Pharmacy,CAP Round I,02023,"Jai Bhavani Shikshan Prasarak Mandal's Institute Of Pharmacy, Gadhi Georai",Beed,Aided,GNTA,State Level,Any,7607,74.33
2024-25,D Pharmacy,CAP Round I,02023,"Jai Bhavani Shikshan Prasarak Mandal's Institute Of Pharmacy, Gadhi Georai",Beed,Aided,GNTB,State Level,Any,4580,78.67
2024-25,D Pharmacy,CAP Round I,02023,"Jai Bhavani Shikshan Prasarak Mandal's Institute Of Pharmacy, Gadhi Georai",Beed,Aided,GNTC,State Level,Any,5112,78.0
2024-25,D Pharmacy,CAP Round I,02023,"Jai Bhavani Shikshan Prasarak Mandal's Institute Of Pharmacy, Gadhi Georai",Beed,Aided,GNTD,State Level,Any,5981,76.67
2024-25,D Pharmacy,CAP Round I,02023,"Jai Bhavani Shikshan Prasarak Mandal's Institute Of Pharmacy, Gadhi Georai",Beed,Aided,GOBC,State Level,Any,6243,76.0
2024-25,D Pharmacy,CAP Round I,02023,"Jai Bhavani Shikshan Prasarak Mandal's Institute Of Pharmacy, Gadhi Georai",Beed,Aided,GSEBC,State Level,Any,9677,71.33
2024-25,D Pharmacy,CAP Round I,02023,"Jai Bhavani Shikshan Prasarak Mandal's Institute Of Pharmacy, Gadhi Georai",Beed,Aided,LOPEN,State Level,Ladies,1321,85.33
2024-25,D Pharmacy,CAP Round I,02023,"Jai Bhavani Shikshan Prasarak Mandal's Institute Of Pharmacy, Gadhi Georai",Beed,Aided,LSC,State Level,Ladies,9307,72.0
2024-25,D Pharmacy,CAP Round I,02023,"Jai Bhavani Shikshan Prasarak Mandal's Institute Of Pharmacy, Gadhi Georai",Beed,Aided,LNTB,State Level,Ladies,3745,80.0
2024-25,D Pharmacy,CAP Round I,02023,"Jai Bhavani Shikshan Prasarak Mandal's Institute Of Pharmacy, Gadhi Georai",Beed,Aided,LNTC,State Level,Ladies,1665,84.33
2024-25,D Pharmacy,CAP Round I,02023,"Jai Bhavani Shikshan Prasarak Mandal's Institute Of Pharmacy, Gadhi Georai",Beed,Aided,LOBC,State Level,Ladies,4522,78.67
2024-25,D Pharmacy,CAP Round I,02023,"Jai Bhavani Shikshan Prasarak Mandal's Institute Of Pharmacy, Gadhi Georai",Beed,Aided,LSEBC,State Level,Ladies,7755,74.0
2024-25,D Pharmacy,CAP Round I,02023,"Jai Bhavani Shikshan Prasarak Mandal's Institute Of Pharmacy, Gadhi Georai",Beed,Aided,PWDOPEN,State Level,Any,5564,77.0
2024-25,D Pharmacy,CAP Round I,02023,"Jai Bhavani Shikshan Prasarak Mandal's Institute Of Pharmacy, Gadhi Georai",Beed,Aided,EWS,Special,Any,29715,44.67
2024-25,D Pharmacy,CAP Round I,02023,"Jai Bhavani Shikshan Prasarak Mandal's Institute Of Pharmacy, Gadhi Georai",Beed,Aided,TFWS,Special,Any,1900,84.0
2024-25,D Pharmacy,CAP Round I,02024,"Maharashtra Shikshan Samiti's Maharashtra Polytechnic (D. Pharmacy) Institute, Nilanga, Latur",Latur,Aided,GOPEN,State Level,Any,3695,80.33
2024-25,D Pharmacy,CAP Round I,02024,"Maharashtra Shikshan Samiti's Maharashtra Polytechnic (D. Pharmacy) Institute, Nilanga, Latur",Latur,Aided,GSC,State Level,Any,21105,56.0
2024-25,D Pharmacy,CAP Round I,02024,"Maharashtra Shikshan Samiti's Maharashtra Polytechnic (D. Pharmacy) Institute, Nilanga, Latur",Latur,Aided,GST,State Level,Any,31875,42.33
2024-25,D Pharmacy,CAP Round I,02024,"Maharashtra Shikshan Samiti's Maharashtra Polytechnic (D. Pharmacy) Institute, Nilanga, Latur",Latur,Aided,GNTA,State Level,Any,4701,78.67
2024-25,D Pharmacy,CAP Round I,02024,"Maharashtra Shikshan Samiti's Maharashtra Polytechnic (D. Pharmacy) Institute, Nilanga, Latur",Latur,Aided,GNTB,State Level,Any,11244,69.33
2024-25,D Pharmacy,CAP Round I,02024,"Maharashtra Shikshan Samiti's Maharashtra Polytechnic (D. Pharmacy) Institute, Nilanga, Latur",Latur,Aided,GNTC,State Level,Any,4202,79.33
2024-25,D Pharmacy,CAP Round I,02024,"Maharashtra Shikshan Samiti's Maharashtra Polytechnic (D. Pharmacy) Institute, Nilanga, Latur",Latur,Aided,GNTD,State Level,Any,3717,80.33
2024-25,D Pharmacy,CAP Round I,02024,"Maharashtra Shikshan Samiti's Maharashtra Polytechnic (D. Pharmacy) Institute, Nilanga, Latur",Latur,Aided,GOBC,State Level,Any,9092,72.0
2024-25,D Pharmacy,CAP Round I,02024,"Maharashtra Shikshan Samiti's Maharashtra Polytechnic (D. Pharmacy) Institute, Nilanga, Latur",Latur,Aided,GSEBC,State Level,Any,5906,76.67
2024-25,D Pharmacy,CAP Round I,02024,"Maharashtra Shikshan Samiti's Maharashtra Polytechnic (D. Pharmacy) Institute, Nilanga, Latur",Latur,Aided,LOPEN,State Level,Ladies,2071,83.67
2024-25,D Pharmacy,CAP Round I,02024,"Maharashtra Shikshan Samiti's Maharashtra Polytechnic (D. Pharmacy) Institute, Nilanga, Latur",Latur,Aided,LSC,State Level,Ladies,5128,78.0
2024-25,D Pharmacy,CAP Round I,02024,"Maharashtra Shikshan Samiti's Maharashtra Polytechnic (D. Pharmacy) Institute, Nilanga, Latur",Latur,Aided,LNTA,State Level,Ladies,2229,83.0
2024-25,D Pharmacy,CAP Round I,02024,"Maharashtra Shikshan Samiti's Maharashtra Polytechnic (D. Pharmacy) Institute, Nilanga, Latur",Latur,Aided,LNTC,State Level,Ladies,2528,82.33
2024-25,D Pharmacy,CAP Round I,02024,"Maharashtra Shikshan Samiti's Maharashtra Polytechnic (D. Pharmacy) Institute, Nilanga, Latur",Latur,Aided,LOBC,State Level,Ladies,5800,76.67
2024-25,D Pharmacy,CAP Round I,02024,"Maharashtra Shikshan Samiti's Maharashtra Polytechnic (D. Pharmacy) Institute, Nilanga, Latur",Latur,Aided,LSEBC,State Level,Ladies,3086,81.33
2024-25,D Pharmacy,CAP Round I,02024,"Maharashtra Shikshan Samiti's Maharashtra Polytechnic (D. Pharmacy) Institute, Nilanga, Latur",Latur,Aided,PWDOPEN,State Level,Any,8998,72.33
2024-25,D Pharmacy,CAP Round I,02024,"Maharashtra Shikshan Samiti's Maharashtra Polytechnic (D. Pharmacy) Institute, Nilanga, Latur",Latur,Aided,EWS,Special,Any,7002,75.0
2024-25,D Pharmacy,CAP Round I,02024,"Maharashtra Shikshan Samiti's Maharashtra Polytechnic (D. Pharmacy) Institute, Nilanga, Latur",Latur,Aided,TFWS,Special,Any,864,87.0
2024-25,D Pharmacy,CAP Round I,02025,Channabasweshwar (Polytechnic) College Latur,Latur,Aided,GOPEN,State Level,Any,5607,77.0
2024-25,D Pharmacy,CAP Round I,02025,Channabasweshwar (Polytechnic) College Latur,Latur,Aided,GSC,State Level,Any,23309,53.0
2024-25,D Pharmacy,CAP Round I,02025,Channabasweshwar (Polytechnic) College Latur,Latur,Aided,GST,State Level,Any,36550,35.33
2024-25,D Pharmacy,CAP Round I,02025,Channabasweshwar (Polytechnic) College Latur,Latur,Aided,GNTA,State Level,Any,6925,75.0
2024-25,D Pharmacy,CAP Round I,02025,Channabasweshwar (Polytechnic) College Latur,Latur,Aided,GNTB,State Level,Any,21966,54.67
2024-25,D Pharmacy,CAP Round I,02025,Channabasweshwar (Polytechnic) College Latur,Latur,Aided,GNTC,State Level,Any,5799,76.67
2024-25,D Pharmacy,CAP Round I,02025,Channabasweshwar (Polytechnic) College Latur,Latur,Aided,GOBC,State Level,Any,17997,60.0
2024-25,D Pharmacy,CAP Round I,02025,Channabasweshwar (Polytechnic) College Latur,Latur,Aided,GSEBC,State Level,Any,13630,66.0
2024-25,D Pharmacy,CAP Round I,02025,Channabasweshwar (Polytechnic) College Latur,Latur,Aided,LOPEN,State Level,Ladies,2675,82.0
2024-25,D Pharmacy,CAP Round I,02025,Channabasweshwar (Polytechnic) College Latur,Latur,Aided,LSC,State Level,Ladies,18735,59.0
2024-25,D Pharmacy,CAP Round I,02025,Channabasweshwar (Polytechnic) College Latur,Latur,Aided,LNTA,State Level,Ladies,4165,79.33
2024-25,D Pharmacy,CAP Round I,02025,Channabasweshwar (Polytechnic) College Latur,Latur,Aided,LNTD,State Level,Ladies,11605,68.67
2024-25,D Pharmacy,CAP Round I,02025,Channabasweshwar (Polytechnic) College Latur,Latur,Aided,LOBC,State Level,Ladies,20025,57.33
2024-25,D Pharmacy,CAP Round I,02025,Channabasweshwar (Polytechnic) College Latur,Latur,Aided,LSEBC,State Level,Ladies,6854,75.33
2024-25,D Pharmacy,CAP Round I,02025,Channabasweshwar (Polytechnic) College Latur,Latur,Aided,PWDOPEN,State Level,Any,5174,77.67
2024-25,D Pharmacy,CAP Round I,02025,Channabasweshwar (Polytechnic) College Latur,Latur,Aided,PWDRSC,State Level,Any,33734,40.0
2024-25,D Pharmacy,CAP Round I,02025,Channabasweshwar (Polytechnic) College Latur,Latur,Aided,EWS,Special,Any,9582,71.33
2024-25,D Pharmacy,CAP Round I,02025,Channabasweshwar (Polytechnic) College Latur,Latur,Aided,TFWS,Special,Any,1571,84.67
2024-25,D Pharmacy,CAP Round I,02026,"Shri Sharda Bhavan Education Society's Nanded Pharmacy College (Polytechnic), Nanded",Nanded,Aided,GOPEN,State Level,Any,3794,80.0
2024-25,D Pharmacy,CAP Round I,02026,"Shri Sharda Bhavan Education Society's Nanded Pharmacy College (Polytechnic), Nanded",Nanded,Aided,GSC,State Level,Any,14610,64.67
2024-25,D Pharmacy,CAP Round I,02026,"Shri Sharda Bhavan Education Society's Nanded Pharmacy College (Polytechnic), Nanded",Nanded,Aided,GST,State Level,Any,36596,35.33
2024-25,D Pharmacy,CAP Round I,02026,"Shri Sharda Bhavan Education Society's Nanded Pharmacy College (Polytechnic), Nanded",Nanded,Aided,GNTA,State Level,Any,7874,73.67
2024-25,D Pharmacy,CAP Round I,02026,"Shri Sharda Bhavan Education Society's Nanded Pharmacy College (Polytechnic), Nanded",Nanded,Aided,GNTB,State Level,Any,11269,69.33
2024-25,D Pharmacy,CAP Round I,02026,"Shri Sharda Bhavan Education Society's Nanded Pharmacy College (Polytechnic), Nanded",Nanded,Aided,GNTC,State Level,Any,6185,76.33
2024-25,D Pharmacy,CAP Round I,02026,"Shri Sharda Bhavan Education Society's Nanded Pharmacy College (Polytechnic), Nanded",Nanded,Aided,GNTD,State Level,Any,4467,79.0
2024-25,D Pharmacy,CAP Round I,02026,"Shri Sharda Bhavan Education Society's Nanded Pharmacy College (Polytechnic), Nanded",Nanded,Aided,GOBC,State Level,Any,10072,70.67
2024-25,D Pharmacy,CAP Round I,02026,"Shri Sharda Bhavan Education Society's Nanded Pharmacy College (Polytechnic), Nanded",Nanded,Aided,GSEBC,State Level,Any,6608,75.67
2024-25,D Pharmacy,CAP Round I,02026,"Shri Sharda Bhavan Education Society's Nanded Pharmacy College (Polytechnic), Nanded",Nanded,Aided,LOPEN,State Level,Ladies,1307,85.33
2024-25,D Pharmacy,CAP Round I,02026,"Shri Sharda Bhavan Education Society's Nanded Pharmacy College (Polytechnic), Nanded",Nanded,Aided,LSC,State Level,Ladies,4696,78.67
2024-25,D Pharmacy,CAP Round I,02026,"Shri Sharda Bhavan Education Society's Nanded Pharmacy College (Polytechnic), Nanded",Nanded,Aided,LST,State Level,Ladies,7698,74.0
2024-25,D Pharmacy,CAP Round I,02026,"Shri Sharda Bhavan Education Society's Nanded Pharmacy College (Polytechnic), Nanded",Nanded,Aided,LNTC,State Level,Ladies,7089,75.0
2024-25,D Pharmacy,CAP Round I,02026,"Shri Sharda Bhavan Education Society's Nanded Pharmacy College (Polytechnic), Nanded",Nanded,Aided,LOBC,State Level,Ladies,3544,80.33
2024-25,D Pharmacy,CAP Round I,02026,"Shri Sharda Bhavan Education Society's Nanded Pharmacy College (Polytechnic), Nanded",Nanded,Aided,LSEBC,State Level,Ladies,4610,78.67
2024-25,D Pharmacy,CAP Round I,02026,"Shri Sharda Bhavan Education Society's Nanded Pharmacy College (Polytechnic), Nanded",Nanded,Aided,PWDOPEN,State Level,Any,24283,51.67
2024-25,D Pharmacy,CAP Round I,02026,"Shri Sharda Bhavan Education Society's Nanded Pharmacy College (Polytechnic), Nanded",Nanded,Aided,EWS,Special,Any,12667,67.33
2024-25,D Pharmacy,CAP Round I,02026,"Shri Sharda Bhavan Education Society's Nanded Pharmacy College (Polytechnic), Nanded",Nanded,Aided,TFWS,Special,Any,2831,81.67
2024-25,D Pharmacy,CAP Round I,02027,"Adarsh Shikshan Prasarak Mandal's Diploma In Pharmacy Institute, Osmanabad",Dharashiv,Aided,GOPEN,State Level,Any,9879,71.0
2024-25,D Pharmacy,CAP Round I,02027,"Adarsh Shikshan Prasarak Mandal's Diploma In Pharmacy Institute, Osmanabad",Dharashiv,Aided,GSC,State Level,Any,33080,40.67
2024-25,D Pharmacy,CAP Round I,02027,"Adarsh Shikshan Prasarak Mandal's Diploma In Pharmacy Institute, Osmanabad",Dharashiv,Aided,GNTA,State Level,Any,14829,64.33
2024-25,D Pharmacy,CAP Round I,02027,"Adarsh Shikshan Prasarak Mandal's Diploma In Pharmacy Institute, Osmanabad",Dharashiv,Aided,GNTB,State Level,Any,12842,67.0
2024-25,D Pharmacy,CAP Round I,02027,"Adarsh Shikshan Prasarak Mandal's Diploma In Pharmacy Institute, Osmanabad",Dharashiv,Aided,GNTC,State Level,Any,12751,67.0
2024-25,D Pharmacy,CAP Round I,02027,"Adarsh Shikshan Prasarak Mandal's Diploma In Pharmacy Institute, Osmanabad",Dharashiv,Aided,GNTD,State Level,Any,20331,57.0
2024-25,D Pharmacy,CAP Round I,02027,"Adarsh Shikshan Prasarak Mandal's Diploma In Pharmacy Institute, Osmanabad",Dharashiv,Aided,GOBC,State Level,Any,27518,47.67
2024-25,D Pharmacy,CAP Round I,02027,"Adarsh Shikshan Prasarak Mandal's Diploma In Pharmacy Institute, Osmanabad",Dharashiv,Aided,GSEBC,State Level,Any,26508,49.0
2024-25,D Pharmacy,CAP Round I,02027,"Adarsh Shikshan Prasarak Mandal's Diploma In Pharmacy Institute, Osmanabad",Dharashiv,Aided,LOPEN,State Level,Ladies,9762,71.33
2024-25,D Pharmacy,CAP Round I,02027,"Adarsh Shikshan Prasarak Mandal's Diploma In Pharmacy Institute, Osmanabad",Dharashiv,Aided,LSC,State Level,Ladies,23481,53.0
2024-25,D Pharmacy,CAP Round I,02027,"Adarsh Shikshan Prasarak Mandal's Diploma In Pharmacy Institute, Osmanabad",Dharashiv,Aided,LNTA,State Level,Ladies,29445,45.0
2024-25,D Pharmacy,CAP Round I,02027,"Adarsh Shikshan Prasarak Mandal's Diploma In Pharmacy Institute, Osmanabad",Dharashiv,Aided,LNTB,State Level,Ladies,23148,53.33
2024-25,D Pharmacy,CAP Round I,02027,"Adarsh Shikshan Prasarak Mandal's Diploma In Pharmacy Institute, Osmanabad",Dharashiv,Aided,LOBC,State Level,Ladies,20732,56.33
2024-25,D Pharmacy,CAP Round I,02027,"Adarsh Shikshan Prasarak Mandal's Diploma In Pharmacy Institute, Osmanabad",Dharashiv,Aided,LSEBC,State Level,Ladies,14226,65.0
2024-25,D Pharmacy,CAP Round I,02027,"Adarsh Shikshan Prasarak Mandal's Diploma In Pharmacy Institute, Osmanabad",Dharashiv,Aided,PWDOPEN,State Level,Any,18240,59.67
2024-25,D Pharmacy,CAP Round I,02027,"Adarsh Shikshan Prasarak Mandal's Diploma In Pharmacy Institute, Osmanabad",Dharashiv,Aided,EWS,Special,Any,23802,52.33
2024-25,D Pharmacy,CAP Round I,02027,"Adarsh Shikshan Prasarak Mandal's Diploma In Pharmacy Institute, Osmanabad",Dharashiv,Aided,TFWS,Special,Any,623,88.0
2024-25,D Pharmacy,CAP Round I,02028,"Marathwada Shikshan Prasarak Mandal's Shri Shivaji Institute Of Pharmacy, Parbhani",Parbhani,Aided,GOPEN,State Level,Any,6576,75.67
2024-25,D Pharmacy,CAP Round I,02028,"Marathwada Shikshan Prasarak Mandal's Shri Shivaji Institute Of Pharmacy, Parbhani",Parbhani,Aided,GSC,State Level,Any,26775,48.67
2024-25,D Pharmacy,CAP Round I,02028,"Marathwada Shikshan Prasarak Mandal's Shri Shivaji Institute Of Pharmacy, Parbhani",Parbhani,Aided,GST,State Level,Any,35102,38.33
2024-25,D Pharmacy,CAP Round I,02028,"Marathwada Shikshan Prasarak Mandal's Shri Shivaji Institute Of Pharmacy, Parbhani",Parbhani,Aided,GNTA,State Level,Any,8149,73.33
2024-25,D Pharmacy,CAP Round I,02028,"Marathwada Shikshan Prasarak Mandal's Shri Shivaji Institute Of Pharmacy, Parbhani",Parbhani,Aided,GNTB,State Level,Any,18916,58.67
2024-25,D Pharmacy,CAP Round I,02028,"Marathwada Shikshan Prasarak Mandal's Shri Shivaji Institute Of Pharmacy, Parbhani",Parbhani,Aided,GNTC,State Level,Any,8741,72.67
2024-25,D Pharmacy,CAP Round I,02028,"Marathwada Shikshan Prasarak Mandal's Shri Shivaji Institute Of Pharmacy, Parbhani",Parbhani,Aided,GNTD,State Level,Any,7982,73.67
2024-25,D Pharmacy,CAP Round I,02028,"Marathwada Shikshan Prasarak Mandal's Shri Shivaji Institute Of Pharmacy, Parbhani",Parbhani,Aided,GOBC,State Level,Any,16011,62.67
2024-25,D Pharmacy,CAP Round I,02028,"Marathwada Shikshan Prasarak Mandal's Shri Shivaji Institute Of Pharmacy, Parbhani",Parbhani,Aided,GSEBC,State Level,Any,13253,66.33
2024-25,D Pharmacy,CAP Round I,02028,"Marathwada Shikshan Prasarak Mandal's Shri Shivaji Institute Of Pharmacy, Parbhani",Parbhani,Aided,LOPEN,State Level,Ladies,1962,83.67
2024-25,D Pharmacy,CAP Round I,02028,"Marathwada Shikshan Prasarak Mandal's Shri Shivaji Institute Of Pharmacy, Parbhani",Parbhani,Aided,LSC,State Level,Ladies,7750,74.0
2024-25,D Pharmacy,CAP Round I,02028,"Marathwada Shikshan Prasarak Mandal's Shri Shivaji Institute Of Pharmacy, Parbhani",Parbhani,Aided,LST,State Level,Ladies,26571,48.67
2024-25,D Pharmacy,CAP Round I,02028,"Marathwada Shikshan Prasarak Mandal's Shri Shivaji Institute Of Pharmacy, Parbhani",Parbhani,Aided,LNTB,State Level,Ladies,17129,61.33
2024-25,D Pharmacy,CAP Round I,02028,"Marathwada Shikshan Prasarak Mandal's Shri Shivaji Institute Of Pharmacy, Parbhani",Parbhani,Aided,LNTC,State Level,Ladies,8597,72.67
2024-25,D Pharmacy,CAP Round I,02028,"Marathwada Shikshan Prasarak Mandal's Shri Shivaji Institute Of Pharmacy, Parbhani",Parbhani,Aided,LNTD,State Level,Ladies,8053,73.67
2024-25,D Pharmacy,CAP Round I,02028,"Marathwada Shikshan Prasarak Mandal's Shri Shivaji Institute Of Pharmacy, Parbhani",Parbhani,Aided,LOBC,State Level,Ladies,10589,70.0
2024-25,D Pharmacy,CAP Round I,02028,"Marathwada Shikshan Prasarak Mandal's Shri Shivaji Institute Of Pharmacy, Parbhani",Parbhani,Aided,LSEBC,State Level,Ladies,4955,78.0
2024-25,D Pharmacy,CAP Round I,02028,"Marathwada Shikshan Prasarak Mandal's Shri Shivaji Institute Of Pharmacy, Parbhani",Parbhani,Aided,PWDOPEN,State Level,Any,14199,65.0
2024-25,D Pharmacy,CAP Round I,02028,"Marathwada Shikshan Prasarak Mandal's Shri Shivaji Institute Of Pharmacy, Parbhani",Parbhani,Aided,EWS,Special,Any,30068,44.33
2024-25,D Pharmacy,CAP Round I,02028,"Marathwada Shikshan Prasarak Mandal's Shri Shivaji Institute Of Pharmacy, Parbhani",Parbhani,Aided,TFWS,Special,Any,1944,83.67
2024-25,D Pharmacy,CAP Round I,02118,"Shree Bhairavnath Nisarg Mandal.'S Diploma In Pharmacy Institute, Hatta, Tal.Basmat",Hingoli,Unaided,GOPEN,State Level,Any,25304,50.33
2024-25,D Pharmacy,CAP Round I,02118,"Shree Bhairavnath Nisarg Mandal.'S Diploma In Pharmacy Institute, Hatta, Tal.Basmat",Hingoli,Unaided,GSC,State Level,Any,28840,46.0
2024-25,D Pharmacy,CAP Round I,02118,"Shree Bhairavnath Nisarg Mandal.'S Diploma In Pharmacy Institute, Hatta, Tal.Basmat",Hingoli,Unaided,GNTA,State Level,Any,31156,43.0
2024-25,D Pharmacy,CAP Round I,02118,"Shree Bhairavnath Nisarg Mandal.'S Diploma In Pharmacy Institute, Hatta, Tal.Basmat",Hingoli,Unaided,GNTB,State Level,Any,30352,44.0
2024-25,D Pharmacy,CAP Round I,02118,"Shree Bhairavnath Nisarg Mandal.'S Diploma In Pharmacy Institute, Hatta, Tal.Basmat",Hingoli,Unaided,GNTC,State Level,Any,25845,49.67
2024-25,D Pharmacy,CAP Round I,02118,"Shree Bhairavnath Nisarg Mandal.'S Diploma In Pharmacy Institute, Hatta, Tal.Basmat",Hingoli,Unaided,GOBC,State Level,Any,33582,40.0
2024-25,D Pharmacy,CAP Round I,02118,"Shree Bhairavnath Nisarg Mandal.'S Diploma In Pharmacy Institute, Hatta, Tal.Basmat",Hingoli,Unaided,LOPEN,State Level,Ladies,17315,61.0
2024-25,D Pharmacy,CAP Round I,02118,"Shree Bhairavnath Nisarg Mandal.'S Diploma In Pharmacy Institute, Hatta, Tal.Basmat",Hingoli,Unaided,LSC,State Level,Ladies,25633,50.0
2024-25,D Pharmacy,CAP Round I,02118,"Shree Bhairavnath Nisarg Mandal.'S Diploma In Pharmacy Institute, Hatta, Tal.Basmat",Hingoli,Unaided,LNTC,State Level,Ladies,33215,40.67
2024-25,D Pharmacy,CAP Round I,02118,"Shree Bhairavnath Nisarg Mandal.'S Diploma In Pharmacy Institute, Hatta, Tal.Basmat",Hingoli,Unaided,LOBC,State Level,Ladies,26984,48.33
2024-25,D Pharmacy,CAP Round I,02118,"Shree Bhairavnath Nisarg Mandal.'S Diploma In Pharmacy Institute, Hatta, Tal.Basmat",Hingoli,Unaided,LSEBC,State Level,Ladies,27098,48.0
2024-25,D Pharmacy,CAP Round I,02118,"Shree Bhairavnath Nisarg Mandal.'S Diploma In Pharmacy Institute, Hatta, Tal.Basmat",Hingoli,Unaided,PWDOPEN,State Level,Any,14702,64.33
2024-25,D Pharmacy,CAP Round I,02118,"Shree Bhairavnath Nisarg Mandal.'S Diploma In Pharmacy Institute, Hatta, Tal.Basmat",Hingoli,Unaided,EWS,Special,Any,23020,53.33
2024-25,D Pharmacy,CAP Round I,02118,"Shree Bhairavnath Nisarg Mandal.'S Diploma In Pharmacy Institute, Hatta, Tal.Basmat",Hingoli,Unaided,TFWS,Special,Any,17937,60.0
2024-25,D Pharmacy,CAP Round I,02143,"Shri Dhaneshwari Manav Vikas Mandal's Diploma In Pharmacy Institute, At Post Gevrai Tanda, Paithan Road, Aurangabad.",Chhatrapati Sambhajinagar,Unaided,GOPEN,State Level,Any,5334,77.67
2024-25,D Pharmacy,CAP Round I,02143,"Shri Dhaneshwari Manav Vikas Mandal's Diploma In Pharmacy Institute, At Post Gevrai Tanda, Paithan Road, Aurangabad.",Chhatrapati Sambhajinagar,Unaided,GSC,State Level,Any,13748,65.67
2024-25,D Pharmacy,CAP Round I,02143,"Shri Dhaneshwari Manav Vikas Mandal's Diploma In Pharmacy Institute, At Post Gevrai Tanda, Paithan Road, Aurangabad.",Chhatrapati Sambhajinagar,Unaided,GST,State Level,Any,17249,61.0
2024-25,D Pharmacy,CAP Round I,02143,"Shri Dhaneshwari Manav Vikas Mandal's Diploma In Pharmacy Institute, At Post Gevrai Tanda, Paithan Road, Aurangabad.",Chhatrapati Sambhajinagar,Unaided,GNTA,State Level,Any,7134,75.0
2024-25,D Pharmacy,CAP Round I,02143,"Shri Dhaneshwari Manav Vikas Mandal's Diploma In Pharmacy Institute, At Post Gevrai Tanda, Paithan Road, Aurangabad.",Chhatrapati Sambhajinagar,Unaided,GNTB,State Level,Any,9182,72.0
2024-25,D Pharmacy,CAP Round I,02143,"Shri Dhaneshwari Manav Vikas Mandal's Diploma In Pharmacy Institute, At Post Gevrai Tanda, Paithan Road, Aurangabad.",Chhatrapati Sambhajinagar,Unaided,GNTC,State Level,Any,8530,73.0
2024-25,D Pharmacy,CAP Round I,02143,"Shri Dhaneshwari Manav Vikas Mandal's Diploma In Pharmacy Institute, At Post Gevrai Tanda, Paithan Road, Aurangabad.",Chhatrapati Sambhajinagar,Unaided,GNTD,State Level,Any,9624,71.33
2024-25,D Pharmacy,CAP Round I,02143,"Shri Dhaneshwari Manav Vikas Mandal's Diploma In Pharmacy Institute, At Post Gevrai Tanda, Paithan Road, Aurangabad.",Chhatrapati Sambhajinagar,Unaided,GOBC,State Level,Any,17888,60.33
2024-25,D Pharmacy,CAP Round I,02143,"Shri Dhaneshwari Manav Vikas Mandal's Diploma In Pharmacy Institute, At Post Gevrai Tanda, Paithan Road, Aurangabad.",Chhatrapati Sambhajinagar,Unaided,GSEBC,State Level,Any,32247,41.67
2024-25,D Pharmacy,CAP Round I,02143,"Shri Dhaneshwari Manav Vikas Mandal's Diploma In Pharmacy Institute, At Post Gevrai Tanda, Paithan Road, Aurangabad.",Chhatrapati Sambhajinagar,Unaided,LOPEN,State Level,Ladies,1596,84.67
2024-25,D Pharmacy,CAP Round I,02143,"Shri Dhaneshwari Manav Vikas Mandal's Diploma In Pharmacy Institute, At Post Gevrai Tanda, Paithan Road, Aurangabad.",Chhatrapati Sambhajinagar,Unaided,LSC,State Level,Ladies,4811,78.33
2024-25,D Pharmacy,CAP Round I,02143,"Shri Dhaneshwari Manav Vikas Mandal's Diploma In Pharmacy Institute, At Post Gevrai Tanda, Paithan Road, Aurangabad.",Chhatrapati Sambhajinagar,Unaided,LST,State Level,Ladies,12080,68.0
2024-25,D Pharmacy,CAP Round I,02143,"Shri Dhaneshwari Manav Vikas Mandal's Diploma In Pharmacy Institute, At Post Gevrai Tanda, Paithan Road, Aurangabad.",Chhatrapati Sambhajinagar,Unaided,LNTB,State Level,Ladies,3798,80.0
2024-25,D Pharmacy,CAP Round I,02143,"Shri Dhaneshwari Manav Vikas Mandal's Diploma In Pharmacy Institute, At Post Gevrai Tanda, Paithan Road, Aurangabad.",Chhatrapati Sambhajinagar,Unaided,LNTC,State Level,Ladies,13336,66.33
2024-25,D Pharmacy,CAP Round I,02143,"Shri Dhaneshwari Manav Vikas Mandal's Diploma In Pharmacy Institute, At Post Gevrai Tanda, Paithan Road, Aurangabad.",Chhatrapati Sambhajinagar,Unaided,LOBC,State Level,Ladies,21967,54.67
2024-25,D Pharmacy,CAP Round I,02143,"Shri Dhaneshwari Manav Vikas Mandal's Diploma In Pharmacy Institute, At Post Gevrai Tanda, Paithan Road, Aurangabad.",Chhatrapati Sambhajinagar,Unaided,LSEBC,State Level,Ladies,12126,68.0
2024-25,D Pharmacy,CAP Round I,02143,"Shri Dhaneshwari Manav Vikas Mandal's Diploma In Pharmacy Institute, At Post Gevrai Tanda, Paithan Road, Aurangabad.",Chhatrapati Sambhajinagar,Unaided,EWS,Special,Any,32027,42.0
2024-25,D Pharmacy,CAP Round I,02143,"Shri Dhaneshwari Manav Vikas Mandal's Diploma In Pharmacy Institute, At Post Gevrai Tanda, Paithan Road, Aurangabad.",Chhatrapati Sambhajinagar,Unaided,TFWS,Special,Any,8884,72.33
2024-25,D Pharmacy,CAP Round I,02152,"Shivlingeshwar College of Pharmacy, Almala, Dist. Latur",Latur,Unaided,GOPEN,State Level,Any,22584,54.0
2024-25,D Pharmacy,CAP Round I,02152,"Shivlingeshwar College of Pharmacy, Almala, Dist. Latur",Latur,Unaided,GSC,State Level,Any,28654,46.0
2024-25,D Pharmacy,CAP Round I,02152,"Shivlingeshwar College of Pharmacy, Almala, Dist. Latur",Latur,Unaided,GNTB,State Level,Any,24645,51.33
2024-25,D Pharmacy,CAP Round I,02152,"Shivlingeshwar College of Pharmacy, Almala, Dist. Latur",Latur,Unaided,GNTC,State Level,Any,31474,42.67
2024-25,D Pharmacy,CAP Round I,02152,"Shivlingeshwar College of Pharmacy, Almala, Dist. Latur",Latur,Unaided,GNTD,State Level,Any,30763,43.67
2024-25,D Pharmacy,CAP Round I,02152,"Shivlingeshwar College of Pharmacy, Almala, Dist. Latur",Latur,Unaided,GSEBC,State Level,Any,29956,44.67
2024-25,D Pharmacy,CAP Round I,02152,"Shivlingeshwar College of Pharmacy, Almala, Dist. Latur",Latur,Unaided,LOPEN,State Level,Ladies,10836,69.67
2024-25,D Pharmacy,CAP Round I,02152,"Shivlingeshwar College of Pharmacy, Almala, Dist. Latur",Latur,Unaided,LSC,State Level,Ladies,17919,60.0
2024-25,D Pharmacy,CAP Round I,02152,"Shivlingeshwar College of Pharmacy, Almala, Dist. Latur",Latur,Unaided,LST,State Level,Ladies,26029,49.33
2024-25,D Pharmacy,CAP Round I,02152,"Shivlingeshwar College of Pharmacy, Almala, Dist. Latur",Latur,Unaided,LNTC,State Level,Ladies,24326,51.67
2024-25,D Pharmacy,CAP Round I,02152,"Shivlingeshwar College of Pharmacy, Almala, Dist. Latur",Latur,Unaided,LNTD,State Level,Ladies,16775,61.67
2024-25,D Pharmacy,CAP Round I,02152,"Shivlingeshwar College of Pharmacy, Almala, Dist. Latur",Latur,Unaided,LOBC,State Level,Ladies,16800,61.67
2024-25,D Pharmacy,CAP Round I,02152,"Shivlingeshwar College of Pharmacy, Almala, Dist. Latur",Latur,Unaided,LSEBC,State Level,Ladies,27081,48.0
2024-25,D Pharmacy,CAP Round I,02152,"Shivlingeshwar College of Pharmacy, Almala, Dist. Latur",Latur,Unaided,EWS,Special,Any,28652,46.0
2024-25,D Pharmacy,CAP Round I,02152,"Shivlingeshwar College of Pharmacy, Almala, Dist. Latur",Latur,Unaided,TFWS,Special,Any,2626,82.33
2024-25,D Pharmacy,CAP Round I,02154,"Shri. Dhaneshwari Manav Vikas Mandal's Dr. Vedprakash Patil Pharmacy, College, Gevrai, Aurangabad.",Chhatrapati Sambhajinagar,Unaided,GOPEN,State Level,Any,12933,67.0
2024-25,D Pharmacy,CAP Round I,02154,"Shri. Dhaneshwari Manav Vikas Mandal's Dr. Vedprakash Patil Pharmacy, College, Gevrai, Aurangabad.",Chhatrapati Sambhajinagar,Unaided,GSC,State Level,Any,29695,45.0
2024-25,D Pharmacy,CAP Round I,02154,"Shri. Dhaneshwari Manav Vikas Mandal's Dr. Vedprakash Patil Pharmacy, College, Gevrai, Aurangabad.",Chhatrapati Sambhajinagar,Unaided,GST,State Level,Any,15556,63.33
2024-25,D Pharmacy,CAP Round I,02154,"Shri. Dhaneshwari Manav Vikas Mandal's Dr. Vedprakash Patil Pharmacy, College, Gevrai, Aurangabad.",Chhatrapati Sambhajinagar,Unaided,GNTA,State Level,Any,14373,65.0
2024-25,D Pharmacy,CAP Round I,02154,"Shri. Dhaneshwari Manav Vikas Mandal's Dr. Vedprakash Patil Pharmacy, College, Gevrai, Aurangabad.",Chhatrapati Sambhajinagar,Unaided,GNTB,State Level,Any,15131,64.0
2024-25,D Pharmacy,CAP Round I,02154,"Shri. Dhaneshwari Manav Vikas Mandal's Dr. Vedprakash Patil Pharmacy, College, Gevrai, Aurangabad.",Chhatrapati Sambhajinagar,Unaided,GNTC,State Level,Any,15970,62.67
2024-25,D Pharmacy,CAP Round I,02154,"Shri. Dhaneshwari Manav Vikas Mandal's Dr. Vedprakash Patil Pharmacy, College, Gevrai, Aurangabad.",Chhatrapati Sambhajinagar,Unaided,GOBC,State Level,Any,35317,38.0
2024-25,D Pharmacy,CAP Round I,02154,"Shri. Dhaneshwari Manav Vikas Mandal's Dr. Vedprakash Patil Pharmacy, College, Gevrai, Aurangabad.",Chhatrapati Sambhajinagar,Unaided,LOPEN,State Level,Ladies,10632,70.0
2024-25,D Pharmacy,CAP Round I,02154,"Shri. Dhaneshwari Manav Vikas Mandal's Dr. Vedprakash Patil Pharmacy, College, Gevrai, Aurangabad.",Chhatrapati Sambhajinagar,Unaided,LSC,State Level,Ladies,22411,54.33
2024-25,D Pharmacy,CAP Round I,02154,"Shri. Dhaneshwari Manav Vikas Mandal's Dr. Vedprakash Patil Pharmacy, College, Gevrai, Aurangabad.",Chhatrapati Sambhajinagar,Unaided,LNTB,State Level,Ladies,30125,44.33
2024-25,D Pharmacy,CAP Round I,02154,"Shri. Dhaneshwari Manav Vikas Mandal's Dr. Vedprakash Patil Pharmacy, College, Gevrai, Aurangabad.",Chhatrapati Sambhajinagar,Unaided,LOBC,State Level,Ladies,34465,39.0
2024-25,D Pharmacy,CAP Round I,02154,"Shri. Dhaneshwari Manav Vikas Mandal's Dr. Vedprakash Patil Pharmacy, College, Gevrai, Aurangabad.",Chhatrapati Sambhajinagar,Unaided,TFWS,Special,Any,9955,71.0
2024-25,D Pharmacy,CAP Round I,02156,"Dayanand Education Society's Dayanand College of Pharmacy, Latur",Latur,Unaided,GOPEN,State Level,Any,10824,69.67
2024-25,D Pharmacy,CAP Round I,02156,"Dayanand Education Society's Dayanand College of Pharmacy, Latur",Latur,Unaided,GSC,State Level,Any,28644,46.33
2024-25,D Pharmacy,CAP Round I,02156,"Dayanand Education Society's Dayanand College of Pharmacy, Latur",Latur,Unaided,GST,State Level,Any,17667,60.33
2024-25,D Pharmacy,CAP Round I,02156,"Dayanand Education Society's Dayanand College of Pharmacy, Latur",Latur,Unaided,GNTA,State Level,Any,13640,66.0
2024-25,D Pharmacy,CAP Round I,02156,"Dayanand Education Society's Dayanand College of Pharmacy, Latur",Latur,Unaided,GNTB,State Level,Any,27411,47.67
2024-25,D Pharmacy,CAP Round I,02156,"Dayanand Education Society's Dayanand College of Pharmacy, Latur",Latur,Unaided,GNTC,State Level,Any,20234,57.0
2024-25,D Pharmacy,CAP Round I,02156,"Dayanand Education Society's Dayanand College of Pharmacy, Latur",Latur,Unaided,GOBC,State Level,Any,28649,46.0
2024-25,D Pharmacy,CAP Round I,02156,"Dayanand Education Society's Dayanand College of Pharmacy, Latur",Latur,Unaided,GSEBC,State Level,Any,27381,47.67
2024-25,D Pharmacy,CAP Round I,02156,"Dayanand Education Society's Dayanand College of Pharmacy, Latur",Latur,Unaided,LOPEN,State Level,Ladies,6023,76.33
2024-25,D Pharmacy,CAP Round I,02156,"Dayanand Education Society's Dayanand College of Pharmacy, Latur",Latur,Unaided,LSC,State Level,Ladies,10349,70.33
2024-25,D Pharmacy,CAP Round I,02156,"Dayanand Education Society's Dayanand College of Pharmacy, Latur",Latur,Unaided,LNTA,State Level,Ladies,18486,59.33
2024-25,D Pharmacy,CAP Round I,02156,"Dayanand Education Society's Dayanand College of Pharmacy, Latur",Latur,Unaided,LNTC,State Level,Ladies,17423,60.67
2024-25,D Pharmacy,CAP Round I,02156,"Dayanand Education Society's Dayanand College of Pharmacy, Latur",Latur,Unaided,LNTD,State Level,Ladies,13773,65.67
2024-25,D Pharmacy,CAP Round I,02156,"Dayanand Education Society's Dayanand College of Pharmacy, Latur",Latur,Unaided,LOBC,State Level,Ladies,16512,62.0
2024-25,D Pharmacy,CAP Round I,02156,"Dayanand Education Society's Dayanand College of Pharmacy, Latur",Latur,Unaided,LSEBC,State Level,Ladies,19114,58.67
2024-25,D Pharmacy,CAP Round I,02156,"Dayanand Education Society's Dayanand College of Pharmacy, Latur",Latur,Unaided,PWDOPEN,State Level,Any,1394,85.33
2024-25,D Pharmacy,CAP Round I,02156,"Dayanand Education Society's Dayanand College of Pharmacy, Latur",Latur,Unaided,EWS,Special,Any,35676,37.33
2024-25,D Pharmacy,CAP Round I,02156,"Dayanand Education Society's Dayanand College of Pharmacy, Latur",Latur,Unaided,TFWS,Special,Any,10599,70.0
2024-25,D Pharmacy,CAP Round I,02157,"Sahyog Sewabhavi Sanstha's Indira College of Pharmacy, Nanded",Nanded,Unaided,GOPEN,State Level,Any,15858,63.0
2024-25,D Pharmacy,CAP Round I,02157,"Sahyog Sewabhavi Sanstha's Indira College of Pharmacy, Nanded",Nanded,Unaided,GSC,State Level,Any,26537,49.0
2024-25,D Pharmacy,CAP Round I,02157,"Sahyog Sewabhavi Sanstha's Indira College of Pharmacy, Nanded",Nanded,Unaided,GNTA,State Level,Any,18906,58.67
2024-25,D Pharmacy,CAP Round I,02157,"Sahyog Sewabhavi Sanstha's Indira College of Pharmacy, Nanded",Nanded,Unaided,GNTB,State Level,Any,16197,62.33
2024-25,D Pharmacy,CAP Round I,02157,"Sahyog Sewabhavi Sanstha's Indira College of Pharmacy, Nanded",Nanded,Unaided,GNTC,State Level,Any,20722,56.33
2024-25,D Pharmacy,CAP Round I,02157,"Sahyog Sewabhavi Sanstha's Indira College of Pharmacy, Nanded",Nanded,Unaided,GNTD,State Level,Any,17328,61.0
2024-25,D Pharmacy,CAP Round I,02157,"Sahyog Sewabhavi Sanstha's Indira College of Pharmacy, Nanded",Nanded,Unaided,GOBC,State Level,Any,28960,45.67
2024-25,D Pharmacy,CAP Round I,02157,"Sahyog Sewabhavi Sanstha's Indira College of Pharmacy, Nanded",Nanded,Unaided,GSEBC,State Level,Any,22527,54.0
2024-25,D Pharmacy,CAP Round I,02157,"Sahyog Sewabhavi Sanstha's Indira College of Pharmacy, Nanded",Nanded,Unaided,LOPEN,State Level,Ladies,9668,71.33
2024-25,D Pharmacy,CAP Round I,02157,"Sahyog Sewabhavi Sanstha's Indira College of Pharmacy, Nanded",Nanded,Unaided,LSC,State Level,Ladies,17734,60.33
2024-25,D Pharmacy,CAP Round I,02157,"Sahyog Sewabhavi Sanstha's Indira College of Pharmacy, Nanded",Nanded,Unaided,LNTC,State Level,Ladies,17694,60.33
2024-25,D Pharmacy,CAP Round I,02157,"Sahyog Sewabhavi Sanstha's Indira College of Pharmacy, Nanded",Nanded,Unaided,LSEBC,State Level,Ladies,10463,70.33
2024-25,D Pharmacy,CAP Round I,02157,"Sahyog Sewabhavi Sanstha's Indira College of Pharmacy, Nanded",Nanded,Unaided,DEFOPEN,State Level,Any,19370,58.33
2024-25,D Pharmacy,CAP Round I,02157,"Sahyog Sewabhavi Sanstha's Indira College of Pharmacy, Nanded",Nanded,Unaided,EWS,Special,Any,27702,47.33
2024-25,D Pharmacy,CAP Round I,02157,"Sahyog Sewabhavi Sanstha's Indira College of Pharmacy, Nanded",Nanded,Unaided,TFWS,Special,Any,13296,66.33
2024-25,D Pharmacy,CAP Round I,02158,"Ramchandra Sanskritik Krida Mandal's R.D. Bhakt College of Pharmacy, Jalna",Jalna,Unaided,GOPEN,State Level,Any,13909,65.67
2024-25,D Pharmacy,CAP Round I,02158,"Ramchandra Sanskritik Krida Mandal's R.D. Bhakt College of Pharmacy, Jalna",Jalna,Unaided,GSC,State Level,Any,35274,38.0
2024-25,D Pharmacy,CAP Round I,02158,"Ramchandra Sanskritik Krida Mandal's R.D. Bhakt College of Pharmacy, Jalna",Jalna,Unaided,GNTA,State Level,Any,18613,59.33
2024-25,D Pharmacy,CAP Round I,02158,"Ramchandra Sanskritik Krida Mandal's R.D. Bhakt College of Pharmacy, Jalna",Jalna,Unaided,GNTB,State Level,Any,21580,55.33
2024-25,D Pharmacy,CAP Round I,02158,"Ramchandra Sanskritik Krida Mandal's R.D. Bhakt College of Pharmacy, Jalna",Jalna,Unaided,GNTC,State Level,Any,17708,60.33
2024-25,D Pharmacy,CAP Round I,02158,"Ramchandra Sanskritik Krida Mandal's R.D. Bhakt College of Pharmacy, Jalna",Jalna,Unaided,GNTD,State Level,Any,19866,57.67
2024-25,D Pharmacy,CAP Round I,02158,"Ramchandra Sanskritik Krida Mandal's R.D. Bhakt College of Pharmacy, Jalna",Jalna,Unaided,GOBC,State Level,Any,26546,49.0
2024-25,D Pharmacy,CAP Round I,02158,"Ramchandra Sanskritik Krida Mandal's R.D. Bhakt College of Pharmacy, Jalna",Jalna,Unaided,GSEBC,State Level,Any,31198,43.0
2024-25,D Pharmacy,CAP Round I,02158,"Ramchandra Sanskritik Krida Mandal's R.D. Bhakt College of Pharmacy, Jalna",Jalna,Unaided,LOPEN,State Level,Ladies,8125,73.33
2024-25,D Pharmacy,CAP Round I,02158,"Ramchandra Sanskritik Krida Mandal's R.D. Bhakt College of Pharmacy, Jalna",Jalna,Unaided,LSC,State Level,Ladies,20187,57.0
2024-25,D Pharmacy,CAP Round I,02158,"Ramchandra Sanskritik Krida Mandal's R.D. Bhakt College of Pharmacy, Jalna",Jalna,Unaided,LNTA,State Level,Ladies,12187,68.0
2024-25,D Pharmacy,CAP Round I,02158,"Ramchandra Sanskritik Krida Mandal's R.D. Bhakt College of Pharmacy, Jalna",Jalna,Unaided,LOBC,State Level,Ladies,19954,57.33
2024-25,D Pharmacy,CAP Round I,02158,"Ramchandra Sanskritik Krida Mandal's R.D. Bhakt College of Pharmacy, Jalna",Jalna,Unaided,LSEBC,State Level,Ladies,29708,44.67
2024-25,D Pharmacy,CAP Round I,02158,"Ramchandra Sanskritik Krida Mandal's R.D. Bhakt College of Pharmacy, Jalna",Jalna,Unaided,EWS,Special,Any,4196,79.33
2024-25,D Pharmacy,CAP Round I,02158,"Ramchandra Sanskritik Krida Mandal's R.D. Bhakt College of Pharmacy, Jalna",Jalna,Unaided,TFWS,Special,Any,19405,58.0
2024-25,D Pharmacy,CAP Round I,02202,"Sayli Charitable Trust's College Of Pharmacy, Mitmita, Aurangabad.",Chhatrapati Sambhajinagar,Unaided,GOPEN,State Level,Any,13297,66.33
2024-25,D Pharmacy,CAP Round I,02202,"Sayli Charitable Trust's College Of Pharmacy, Mitmita, Aurangabad.",Chhatrapati Sambhajinagar,Unaided,GSC,State Level,Any,36401,36.0
2024-25,D Pharmacy,CAP Round I,02202,"Sayli Charitable Trust's College Of Pharmacy, Mitmita, Aurangabad.",Chhatrapati Sambhajinagar,Unaided,GST,State Level,Any,26605,48.67
2024-25,D Pharmacy,CAP Round I,02202,"Sayli Charitable Trust's College Of Pharmacy, Mitmita, Aurangabad.",Chhatrapati Sambhajinagar,Unaided,GNTC,State Level,Any,23904,52.33
2024-25,D Pharmacy,CAP Round I,02202,"Sayli Charitable Trust's College Of Pharmacy, Mitmita, Aurangabad.",Chhatrapati Sambhajinagar,Unaided,GOBC,State Level,Any,34537,39.0
2024-25,D Pharmacy,CAP Round I,02202,"Sayli Charitable Trust's College Of Pharmacy, Mitmita, Aurangabad.",Chhatrapati Sambhajinagar,Unaided,LOPEN,State Level,Ladies,10878,69.67
2024-25,D Pharmacy,CAP Round I,02202,"Sayli Charitable Trust's College Of Pharmacy, Mitmita, Aurangabad.",Chhatrapati Sambhajinagar,Unaided,LSC,State Level,Ladies,21311,55.67
2024-25,D Pharmacy,CAP Round I,02202,"Sayli Charitable Trust's College Of Pharmacy, Mitmita, Aurangabad.",Chhatrapati Sambhajinagar,Unaided,LNTC,State Level,Ladies,22341,54.33
2024-25,D Pharmacy,CAP Round I,02202,"Sayli Charitable Trust's College Of Pharmacy, Mitmita, Aurangabad.",Chhatrapati Sambhajinagar,Unaided,LNTD,State Level,Ladies,24266,51.67
2024-25,D Pharmacy,CAP Round I,02202,"Sayli Charitable Trust's College Of Pharmacy, Mitmita, Aurangabad.",Chhatrapati Sambhajinagar,Unaided,LSEBC,State Level,Ladies,27321,48.0
2024-25,D Pharmacy,CAP Round I,02202,"Sayli Charitable Trust's College Of Pharmacy, Mitmita, Aurangabad.",Chhatrapati Sambhajinagar,Unaided,DEFOPEN,State Level,Any,17502,60.67
2024-25,D Pharmacy,CAP Round I,02202,"Sayli Charitable Trust's College Of Pharmacy, Mitmita, Aurangabad.",Chhatrapati Sambhajinagar,Unaided,EWS,Special,Any,24979,51.0
2024-25,D Pharmacy,CAP Round I,02202,"Sayli Charitable Trust's College Of Pharmacy, Mitmita, Aurangabad.",Chhatrapati Sambhajinagar,Unaided,TFWS,Special,Any,8247,73.33
2024-25,D Pharmacy,CAP Round I,02203,"Bhagwan Shikshan Prasarak Mandal's Dr. Y.S. Khedkar College Of Pharmacy, CIDCO, Aurangabad",Chhatrapati Sambhajinagar,Unaided,GOPEN,State Level,Any,9722,71.33
2024-25,D Pharmacy,CAP Round I,02203,"Bhagwan Shikshan Prasarak Mandal's Dr. Y.S. Khedkar College Of Pharmacy, CIDCO, Aurangabad",Chhatrapati Sambhajinagar,Unaided,GSC,State Level,Any,20799,56.33
2024-25,D Pharmacy,CAP Round I,02203,"Bhagwan Shikshan Prasarak Mandal's Dr. Y.S. Khedkar College Of Pharmacy, CIDCO, Aurangabad",Chhatrapati Sambhajinagar,Unaided,GNTA,State Level,Any,9965,71.0
2024-25,D Pharmacy,CAP Round I,02203,"Bhagwan Shikshan Prasarak Mandal's Dr. Y.S. Khedkar College Of Pharmacy, CIDCO, Aurangabad",Chhatrapati Sambhajinagar,Unaided,GNTC,State Level,Any,23721,52.67
2024-25,D Pharmacy,CAP Round I,02203,"Bhagwan Shikshan Prasarak Mandal's Dr. Y.S. Khedkar College Of Pharmacy, CIDCO, Aurangabad",Chhatrapati Sambhajinagar,Unaided,GNTD,State Level,Any,17375,61.0
2024-25,D Pharmacy,CAP Round I,02203,"Bhagwan Shikshan Prasarak Mandal's Dr. Y.S. Khedkar College Of Pharmacy, CIDCO, Aurangabad",Chhatrapati Sambhajinagar,Unaided,GOBC,State Level,Any,25115,50.67
2024-25,D Pharmacy,CAP Round I,02203,"Bhagwan Shikshan Prasarak Mandal's Dr. Y.S. Khedkar College Of Pharmacy, CIDCO, Aurangabad",Chhatrapati Sambhajinagar,Unaided,GSEBC,State Level,Any,23244,53.0
2024-25,D Pharmacy,CAP Round I,02203,"Bhagwan Shikshan Prasarak Mandal's Dr. Y.S. Khedkar College Of Pharmacy, CIDCO, Aurangabad",Chhatrapati Sambhajinagar,Unaided,LOPEN,State Level,Ladies,1230,85.67
2024-25,D Pharmacy,CAP Round I,02203,"Bhagwan Shikshan Prasarak Mandal's Dr. Y.S. Khedkar College Of Pharmacy, CIDCO, Aurangabad",Chhatrapati Sambhajinagar,Unaided,LSC,State Level,Ladies,17411,60.67
2024-25,D Pharmacy,CAP Round I,02203,"Bhagwan Shikshan Prasarak Mandal's Dr. Y.S. Khedkar College Of Pharmacy, CIDCO, Aurangabad",Chhatrapati Sambhajinagar,Unaided,LNTC,State Level,Ladies,5380,77.33
2024-25,D Pharmacy,CAP Round I,02203,"Bhagwan Shikshan Prasarak Mandal's Dr. Y.S. Khedkar College Of Pharmacy, CIDCO, Aurangabad",Chhatrapati Sambhajinagar,Unaided,LOBC,State Level,Ladies,5909,76.67
2024-25,D Pharmacy,CAP Round I,02203,"Bhagwan Shikshan Prasarak Mandal's Dr. Y.S. Khedkar College Of Pharmacy, CIDCO, Aurangabad",Chhatrapati Sambhajinagar,Unaided,LSEBC,State Level,Ladies,1839,84.0
2024-25,D Pharmacy,CAP Round I,02203,"Bhagwan Shikshan Prasarak Mandal's Dr. Y.S. Khedkar College Of Pharmacy, CIDCO, Aurangabad",Chhatrapati Sambhajinagar,Unaided,EWS,Special,Any,6135,76.33
2024-25,D Pharmacy,CAP Round I,02203,"Bhagwan Shikshan Prasarak Mandal's Dr. Y.S. Khedkar College Of Pharmacy, CIDCO, Aurangabad",Chhatrapati Sambhajinagar,Unaided,TFWS,Special,Any,1316,85.33
2024-25,D Pharmacy,CAP Round I,02206,"Adarsh Shikshan Sansta's Colllege of Pharmacy, Beed",Beed,Unaided,GOPEN,State Level,Any,3972,79.67
2024-25,D Pharmacy,CAP Round I,02206,"Adarsh Shikshan Sansta's Colllege of Pharmacy, Beed",Beed,Unaided,GSC,State Level,Any,21300,55.67
2024-25,D Pharmacy,CAP Round I,02206,"Adarsh Shikshan Sansta's Colllege of Pharmacy, Beed",Beed,Unaided,GST,State Level,Any,10047,70.67
2024-25,D Pharmacy,CAP Round I,02206,"Adarsh Shikshan Sansta's Colllege of Pharmacy, Beed",Beed,Unaided,GNTA,State Level,Any,8538,73.0
2024-25,D Pharmacy,CAP Round I,02206,"Adarsh Shikshan Sansta's Colllege of Pharmacy, Beed",Beed,Unaided,GNTB,State Level,Any,8782,72.67
2024-25,D Pharmacy,CAP Round I,02206,"Adarsh Shikshan Sansta's Colllege of Pharmacy, Beed",Beed,Unaided,GNTC,State Level,Any,6064,76.33
2024-25,D Pharmacy,CAP Round I,02206,"Adarsh Shikshan Sansta's Colllege of Pharmacy, Beed",Beed,Unaided,GNTD,State Level,Any,5114,78.0
2024-25,D Pharmacy,CAP Round I,02206,"Adarsh Shikshan Sansta's Colllege of Pharmacy, Beed",Beed,Unaided,GOBC,State Level,Any,14817,64.33
2024-25,D Pharmacy,CAP Round I,02206,"Adarsh Shikshan Sansta's Colllege of Pharmacy, Beed",Beed,Unaided,GSEBC,State Level,Any,6680,75.67
2024-25,D Pharmacy,CAP Round I,02206,"Adarsh Shikshan Sansta's Colllege of Pharmacy, Beed",Beed,Unaided,LOPEN,State Level,Ladies,3062,81.33
2024-25,D Pharmacy,CAP Round I,02206,"Adarsh Shikshan Sansta's Colllege of Pharmacy, Beed",Beed,Unaided,LSC,State Level,Ladies,32222,41.67
2024-25,D Pharmacy,CAP Round I,02206,"Adarsh Shikshan Sansta's Colllege of Pharmacy, Beed",Beed,Unaided,LNTA,State Level,Ladies,9219,72.0
2024-25,D Pharmacy,CAP Round I,02206,"Adarsh Shikshan Sansta's Colllege of Pharmacy, Beed",Beed,Unaided,LOBC,State Level,Ladies,14676,64.67
2024-25,D Pharmacy,CAP Round I,02206,"Adarsh Shikshan Sansta's Colllege of Pharmacy, Beed",Beed,Unaided,PWDOPEN,State Level,Any,9625,71.33
2024-25,D Pharmacy,CAP Round I,02206,"Adarsh Shikshan Sansta's Colllege of Pharmacy, Beed",Beed,Unaided,EWS,Special,Any,24491,51.67
2024-25,D Pharmacy,CAP Round I,02206,"Adarsh Shikshan Sansta's Colllege of Pharmacy, Beed",Beed,Unaided,TFWS,Special,Any,7009,75.0
2024-25,D Pharmacy,CAP Round I,02206,"Adarsh Shikshan Sansta's Colllege of Pharmacy, Beed",Beed,Unaided,LOBC,State Level,Ladies,18856,59.0
2024-25,D Pharmacy,CAP Round I,02206,"Adarsh Shikshan Sansta's Colllege of Pharmacy, Beed",Beed,Unaided,LSEBC,State Level,Ladies,7959,73.67
2024-25,D Pharmacy,CAP Round I,02207,"Shri Amolak Jain Vidya Prasarak Mandal's Pharmacy College, Kada, Ashti, Beed",Beed,Unaided,GOPEN,State Level,Any,12396,67.67
2024-25,D Pharmacy,CAP Round I,02207,"Shri Amolak Jain Vidya Prasarak Mandal's Pharmacy College, Kada, Ashti, Beed",Beed,Unaided,LOPEN,State Level,Ladies,3916,80.0
2024-25,D Pharmacy,CAP Round I,02207,"Shri Amolak Jain Vidya Prasarak Mandal's Pharmacy College, Kada, Ashti, Beed",Beed,Unaided,MI,Special,Any,25590,50.0
2024-25,D Pharmacy,CAP Round I,02207,"Shri Amolak Jain Vidya Prasarak Mandal's Pharmacy College, Kada, Ashti, Beed",Beed,Unaided,TFWS,Special,Any,2168,83.33
2024-25,D Pharmacy,CAP Round I,02208,"Navgan Shikshan Sanstha's P.V.P. College Of Pharmacy, Patoda, Beed",Beed,Unaided,GOPEN,State Level,Any,5483,77.33
2024-25,D Pharmacy,CAP Round I,02208,"Navgan Shikshan Sanstha's P.V.P. College Of Pharmacy, Patoda, Beed",Beed,Unaided,GSC,State Level,Any,6350,76.0
2024-25,D Pharmacy,CAP Round I,02208,"Navgan Shikshan Sanstha's P.V.P. College Of Pharmacy, Patoda, Beed",Beed,Unaided,GNTA,State Level,Any,17838,60.33
2024-25,D Pharmacy,CAP Round I,02208,"Navgan Shikshan Sanstha's P.V.P. College Of Pharmacy, Patoda, Beed",Beed,Unaided,GNTB,State Level,Any,12784,67.0
2024-25,D Pharmacy,CAP Round I,02208,"Navgan Shikshan Sanstha's P.V.P. College Of Pharmacy, Patoda, Beed",Beed,Unaided,GNTC,State Level,Any,5717,77.0
2024-25,D Pharmacy,CAP Round I,02208,"Navgan Shikshan Sanstha's P.V.P. College Of Pharmacy, Patoda, Beed",Beed,Unaided,GOBC,State Level,Any,13010,66.67
2024-25,D Pharmacy,CAP Round I,02208,"Navgan Shikshan Sanstha's P.V.P. College Of Pharmacy, Patoda, Beed",Beed,Unaided,GSEBC,State Level,Any,10302,70.33
2024-25,D Pharmacy,CAP Round I,02208,"Navgan Shikshan Sanstha's P.V.P. College Of Pharmacy, Patoda, Beed",Beed,Unaided,LOPEN,State Level,Ladies,1995,83.67
2024-25,D Pharmacy,CAP Round I,02208,"Navgan Shikshan Sanstha's P.V.P. College Of Pharmacy, Patoda, Beed",Beed,Unaided,LSC,State Level,Ladies,6561,75.67
2024-25,D Pharmacy,CAP Round I,02208,"Navgan Shikshan Sanstha's P.V.P. College Of Pharmacy, Patoda, Beed",Beed,Unaided,LNTC,State Level,Ladies,8691,72.67
2024-25,D Pharmacy,CAP Round I,02208,"Navgan Shikshan Sanstha's P.V.P. College Of Pharmacy, Patoda, Beed",Beed,Unaided,LNTD,State Level,Ladies,2398,82.67
2024-25,D Pharmacy,CAP Round I,02208,"Navgan Shikshan Sanstha's P.V.P. College Of Pharmacy, Patoda, Beed",Beed,Unaided,LOBC,State Level,Ladies,2739,82.0
2024-25,D Pharmacy,CAP Round I,02208,"Navgan Shikshan Sanstha's P.V.P. College Of Pharmacy, Patoda, Beed",Beed,Unaided,LSEBC,State Level,Ladies,2493,82.67
2024-25,D Pharmacy,CAP Round I,02208,"Navgan Shikshan Sanstha's P.V.P. College Of Pharmacy, Patoda, Beed",Beed,Unaided,DEFOPEN,State Level,Any,29076,45.67
2024-25,D Pharmacy,CAP Round I,02208,"Navgan Shikshan Sanstha's P.V.P. College Of Pharmacy, Patoda, Beed",Beed,Unaided,EWS,Special,Any,28069,47.0
2024-25,D Pharmacy,CAP Round I,02208,"Navgan Shikshan Sanstha's P.V.P. College Of Pharmacy, Patoda, Beed",Beed,Unaided,TFWS,Special,Any,228,91.0
2024-25,D Pharmacy,CAP Round I,02209,"Shree Balaji Shikshan Prasarak's Institute of Pharmacy, Ambejogai, Dist. Beed.",Beed,Unaided,GOPEN,State Level,Any,9649,71.33
2024-25,D Pharmacy,CAP Round I,02209,"Shree Balaji Shikshan Prasarak's Institute of Pharmacy, Ambejogai, Dist. Beed.",Beed,Unaided,GSC,State Level,Any,20050,57.33
2024-25,D Pharmacy,CAP Round I,02209,"Shree Balaji Shikshan Prasarak's Institute of Pharmacy, Ambejogai, Dist. Beed.",Beed,Unaided,GNTA,State Level,Any,11142,69.33
2024-25,D Pharmacy,CAP Round I,02209,"Shree Balaji Shikshan Prasarak's Institute of Pharmacy, Ambejogai, Dist. Beed.",Beed,Unaided,GNTC,State Level,Any,16412,62.0
2024-25,D Pharmacy,CAP Round I,02209,"Shree Balaji Shikshan Prasarak's Institute of Pharmacy, Ambejogai, Dist. Beed.",Beed,Unaided,GNTD,State Level,Any,10544,70.0
2024-25,D Pharmacy,CAP Round I,02209,"Shree Balaji Shikshan Prasarak's Institute of Pharmacy, Ambejogai, Dist. Beed.",Beed,Unaided,GOBC,State Level,Any,15009,64.0
2024-25,D Pharmacy,CAP Round I,02209,"Shree Balaji Shikshan Prasarak's Institute of Pharmacy, Ambejogai, Dist. Beed.",Beed,Unaided,LOPEN,State Level,Ladies,5690,77.0
2024-25,D Pharmacy,CAP Round I,02209,"Shree Balaji Shikshan Prasarak's Institute of Pharmacy, Ambejogai, Dist. Beed.",Beed,Unaided,LSC,State Level,Ladies,26777,48.67
2024-25,D Pharmacy,CAP Round I,02209,"Shree Balaji Shikshan Prasarak's Institute of Pharmacy, Ambejogai, Dist. Beed.",Beed,Unaided,LOBC,State Level,Ladies,21003,56.0
2024-25,D Pharmacy,CAP Round I,02209,"Shree Balaji Shikshan Prasarak's Institute of Pharmacy, Ambejogai, Dist. Beed.",Beed,Unaided,LSEBC,State Level,Ladies,11776,68.33
2024-25,D Pharmacy,CAP Round I,02209,"Shree Balaji Shikshan Prasarak's Institute of Pharmacy, Ambejogai, Dist. Beed.",Beed,Unaided,EWS,Special,Any,7249,74.67
2024-25,D Pharmacy,CAP Round I,02209,"Shree Balaji Shikshan Prasarak's Institute of Pharmacy, Ambejogai, Dist. Beed.",Beed,Unaided,TFWS,Special,Any,7903,73.67
2024-25,D Pharmacy,CAP Round I,02212,"Ramchandra Sansrutik Krida Mandal's C.P.College of Pharmacy, Jalna",Jalna,Unaided,GOPEN,State Level,Any,18894,59.0
2024-25,D Pharmacy,CAP Round I,02212,"Ramchandra Sansrutik Krida Mandal's C.P.College of Pharmacy, Jalna",Jalna,Unaided,GSC,State Level,Any,35296,38.0
2024-25,D Pharmacy,CAP Round I,02212,"Ramchandra Sansrutik Krida Mandal's C.P.College of Pharmacy, Jalna",Jalna,Unaided,GNTB,State Level,Any,30827,43.33
2024-25,D Pharmacy,CAP Round I,02212,"Ramchandra Sansrutik Krida Mandal's C.P.College of Pharmacy, Jalna",Jalna,Unaided,LOPEN,State Level,Ladies,17301,61.0
2024-25,D Pharmacy,CAP Round I,02212,"Ramchandra Sansrutik Krida Mandal's C.P.College of Pharmacy, Jalna",Jalna,Unaided,LSC,State Level,Ladies,21157,56.0
2024-25,D Pharmacy,CAP Round I,02212,"Ramchandra Sansrutik Krida Mandal's C.P.College of Pharmacy, Jalna",Jalna,Unaided,LNTC,State Level,Ladies,28778,46.0
2024-25,D Pharmacy,CAP Round I,02212,"Ramchandra Sansrutik Krida Mandal's C.P.College of Pharmacy, Jalna",Jalna,Unaided,EWS,Special,Any,16572,62.0
2024-25,D Pharmacy,CAP Round I,02212,"Ramchandra Sansrutik Krida Mandal's C.P.College of Pharmacy, Jalna",Jalna,Unaided,TFWS,Special,Any,11922,68.33
2024-25,D Pharmacy,CAP Round I,02213,"Jalana Education Society's Institute Of Pharmacy,Jalna",Jalna,Unaided,GOPEN,State Level,Any,17379,61.0
2024-25,D Pharmacy,CAP Round I,02213,"Jalana Education Society's Institute Of Pharmacy,Jalna",Jalna,Unaided,GSC,State Level,Any,33307,40.33
2024-25,D Pharmacy,CAP Round I,02213,"Jalana Education Society's Institute Of Pharmacy,Jalna",Jalna,Unaided,GNTB,State Level,Any,35511,37.67
2024-25,D Pharmacy,CAP Round I,02213,"Jalana Education Society's Institute Of Pharmacy,Jalna",Jalna,Unaided,GNTC,State Level,Any,34049,39.67
2024-25,D Pharmacy,CAP Round I,02213,"Jalana Education Society's Institute Of Pharmacy,Jalna",Jalna,Unaided,GOBC,State Level,Any,26282,49.0
2024-25,D Pharmacy,CAP Round I,02213,"Jalana Education Society's Institute Of Pharmacy,Jalna",Jalna,Unaided,GSEBC,State Level,Any,36218,36.33
2024-25,D Pharmacy,CAP Round I,02213,"Jalana Education Society's Institute Of Pharmacy,Jalna",Jalna,Unaided,LOPEN,State Level,Ladies,10093,70.67
2024-25,D Pharmacy,CAP Round I,02213,"Jalana Education Society's Institute Of Pharmacy,Jalna",Jalna,Unaided,LNTA,State Level,Ladies,27559,47.67
2024-25,D Pharmacy,CAP Round I,02213,"Jalana Education Society's Institute Of Pharmacy,Jalna",Jalna,Unaided,LNTC,State Level,Ladies,11362,69.0
2024-25,D Pharmacy,CAP Round I,02213,"Jalana Education Society's Institute Of Pharmacy,Jalna",Jalna,Unaided,LOBC,State Level,Ladies,36177,36.33
2024-25,D Pharmacy,CAP Round I,02213,"Jalana Education Society's Institute Of Pharmacy,Jalna",Jalna,Unaided,LSEBC,State Level,Ladies,11728,68.67
2024-25,D Pharmacy,CAP Round I,02213,"Jalana Education Society's Institute Of Pharmacy,Jalna",Jalna,Unaided,EWS,Special,Any,32855,41.0
2024-25,D Pharmacy,CAP Round I,02213,"Jalana Education Society's Institute Of Pharmacy,Jalna",Jalna,Unaided,TFWS,Special,Any,17632,60.67
2024-25,D Pharmacy,CAP Round I,02214,"Mahatma Basveshwar Education Soc., College of Pharmacy, Barshi Road, Latur",Latur,Unaided,GOPEN,State Level,Any,29499,45.0
2024-25,D Pharmacy,CAP Round I,02214,"Mahatma Basveshwar Education Soc., College of Pharmacy, Barshi Road, Latur",Latur,Unaided,GSC,State Level,Any,35315,38.0
2024-25,D Pharmacy,CAP Round I,02214,"Mahatma Basveshwar Education Soc., College of Pharmacy, Barshi Road, Latur",Latur,Unaided,GNTA,State Level,Any,31592,42.67
2024-25,D Pharmacy,CAP Round I,02214,"Mahatma Basveshwar Education Soc., College of Pharmacy, Barshi Road, Latur",Latur,Unaided,GNTC,State Level,Any,31034,43.33
2024-25,D Pharmacy,CAP Round I,02214,"Mahatma Basveshwar Education Soc., College of Pharmacy, Barshi Road, Latur",Latur,Unaided,GOBC,State Level,Any,36555,35.33
2024-25,D Pharmacy,CAP Round I,02214,"Mahatma Basveshwar Education Soc., College of Pharmacy, Barshi Road, Latur",Latur,Unaided,LOPEN,State Level,Ladies,24508,51.67
2024-25,D Pharmacy,CAP Round I,02214,"Mahatma Basveshwar Education Soc., College of Pharmacy, Barshi Road, Latur",Latur,Unaided,LSC,State Level,Ladies,31489,42.67
2024-25,D Pharmacy,CAP Round I,02214,"Mahatma Basveshwar Education Soc., College of Pharmacy, Barshi Road, Latur",Latur,Unaided,LST,State Level,Ladies,36598,35.33
2024-25,D Pharmacy,CAP Round I,02214,"Mahatma Basveshwar Education Soc., College of Pharmacy, Barshi Road, Latur",Latur,Unaided,EWS,Special,Any,20604,56.67
2024-25,D Pharmacy,CAP Round I,02214,"Mahatma Basveshwar Education Soc., College of Pharmacy, Barshi Road, Latur",Latur,Unaided,TFWS,Special,Any,26023,49.33
2024-25,D Pharmacy,CAP Round I,02215,"Shri Vishweshwar Shikshan Prasarak Mandal's Swa.Dagdojirao Deshmukh D.Pharmacy College, Ausa,(Almala) Dist. Latur",Latur,Unaided,GOPEN,State Level,Any,16653,61.67
2024-25,D Pharmacy,CAP Round I,02215,"Shri Vishweshwar Shikshan Prasarak Mandal's Swa.Dagdojirao Deshmukh D.Pharmacy College, Ausa,(Almala) Dist. Latur",Latur,Unaided,GSC,State Level,Any,21254,55.67
2024-25,D Pharmacy,CAP Round I,02215,"Shri Vishweshwar Shikshan Prasarak Mandal's Swa.Dagdojirao Deshmukh D.Pharmacy College, Ausa,(Almala) Dist. Latur",Latur,Unaided,GNTA,State Level,Any,32334,41.67
2024-25,D Pharmacy,CAP Round I,02215,"Shri Vishweshwar Shikshan Prasarak Mandal's Swa.Dagdojirao Deshmukh D.Pharmacy College, Ausa,(Almala) Dist. Latur",Latur,Unaided,GNTC,State Level,Any,19181,58.33
2024-25,D Pharmacy,CAP Round I,02215,"Shri Vishweshwar Shikshan Prasarak Mandal's Swa.Dagdojirao Deshmukh D.Pharmacy College, Ausa,(Almala) Dist. Latur",Latur,Unaided,GOBC,State Level,Any,36200,36.33
2024-25,D Pharmacy,CAP Round I,02215,"Shri Vishweshwar Shikshan Prasarak Mandal's Swa.Dagdojirao Deshmukh D.Pharmacy College, Ausa,(Almala) Dist. Latur",Latur,Unaided,GSEBC,State Level,Any,32317,41.67
2024-25,D Pharmacy,CAP Round I,02215,"Shri Vishweshwar Shikshan Prasarak Mandal's Swa.Dagdojirao Deshmukh D.Pharmacy College, Ausa,(Almala) Dist. Latur",Latur,Unaided,LOPEN,State Level,Ladies,5561,77.0
2024-25,D Pharmacy,CAP Round I,02215,"Shri Vishweshwar Shikshan Prasarak Mandal's Swa.Dagdojirao Deshmukh D.Pharmacy College, Ausa,(Almala) Dist. Latur",Latur,Unaided,LSC,State Level,Ladies,15180,63.67
2024-25,D Pharmacy,CAP Round I,02215,"Shri Vishweshwar Shikshan Prasarak Mandal's Swa.Dagdojirao Deshmukh D.Pharmacy College, Ausa,(Almala) Dist. Latur",Latur,Unaided,LNTA,State Level,Ladies,18216,59.67
2024-25,D Pharmacy,CAP Round I,02215,"Shri Vishweshwar Shikshan Prasarak Mandal's Swa.Dagdojirao Deshmukh D.Pharmacy College, Ausa,(Almala) Dist. Latur",Latur,Unaided,LNTC,State Level,Ladies,6706,75.33
2024-25,D Pharmacy,CAP Round I,02215,"Shri Vishweshwar Shikshan Prasarak Mandal's Swa.Dagdojirao Deshmukh D.Pharmacy College, Ausa,(Almala) Dist. Latur",Latur,Unaided,LOBC,State Level,Ladies,11574,68.67
2024-25,D Pharmacy,CAP Round I,02215,"Shri Vishweshwar Shikshan Prasarak Mandal's Swa.Dagdojirao Deshmukh D.Pharmacy College, Ausa,(Almala) Dist. Latur",Latur,Unaided,LSEBC,State Level,Ladies,10125,70.67
2024-25,D Pharmacy,CAP Round I,02215,"Shri Vishweshwar Shikshan Prasarak Mandal's Swa.Dagdojirao Deshmukh D.Pharmacy College, Ausa,(Almala) Dist. Latur",Latur,Unaided,EWS,Special,Any,15787,63.0
2024-25,D Pharmacy,CAP Round I,02215,"Shri Vishweshwar Shikshan Prasarak Mandal's Swa.Dagdojirao Deshmukh D.Pharmacy College, Ausa,(Almala) Dist. Latur",Latur,Unaided,TFWS,Special,Any,3363,80.79
2024-25,D Pharmacy,CAP Round I,02216,"Sahayog Sevabhavi Sanstha's College of Pharmacy, Vishnupuri, Nanded.",Nanded,Unaided,GOPEN,State Level,Any,23024,53.33
2024-25,D Pharmacy,CAP Round I,02216,"Sahayog Sevabhavi Sanstha's College of Pharmacy, Vishnupuri, Nanded.",Nanded,Unaided,GSC,State Level,Any,36355,36.0
2024-25,D Pharmacy,CAP Round I,02216,"Sahayog Sevabhavi Sanstha's College of Pharmacy, Vishnupuri, Nanded.",Nanded,Unaided,GNTA,State Level,Any,26266,49.33
2024-25,D Pharmacy,CAP Round I,02216,"Sahayog Sevabhavi Sanstha's College of Pharmacy, Vishnupuri, Nanded.",Nanded,Unaided,GNTB,State Level,Any,24466,51.67
2024-25,D Pharmacy,CAP Round I,02216,"Sahayog Sevabhavi Sanstha's College of Pharmacy, Vishnupuri, Nanded.",Nanded,Unaided,GNTC,State Level,Any,35633,37.33
2024-25,D Pharmacy,CAP Round I,02216,"Sahayog Sevabhavi Sanstha's College of Pharmacy, Vishnupuri, Nanded.",Nanded,Unaided,GNTD,State Level,Any,33011,40.67
2024-25,D Pharmacy,CAP Round I,02216,"Sahayog Sevabhavi Sanstha's College of Pharmacy, Vishnupuri, Nanded.",Nanded,Unaided,GOBC,State Level,Any,32580,41.33
2024-25,D Pharmacy,CAP Round I,02216,"Sahayog Sevabhavi Sanstha's College of Pharmacy, Vishnupuri, Nanded.",Nanded,Unaided,GSEBC,State Level,Any,33667,40.0
2024-25,D Pharmacy,CAP Round I,02216,"Sahayog Sevabhavi Sanstha's College of Pharmacy, Vishnupuri, Nanded.",Nanded,Unaided,LOPEN,State Level,Ladies,17395,60.67
2024-25,D Pharmacy,CAP Round I,02216,"Sahayog Sevabhavi Sanstha's College of Pharmacy, Vishnupuri, Nanded.",Nanded,Unaided,LSC,State Level,Ladies,26304,49.0
2024-25,D Pharmacy,CAP Round I,02216,"Sahayog Sevabhavi Sanstha's College of Pharmacy, Vishnupuri, Nanded.",Nanded,Unaided,LNTA,State Level,Ladies,19100,58.67
2024-25,D Pharmacy,CAP Round I,02216,"Sahayog Sevabhavi Sanstha's College of Pharmacy, Vishnupuri, Nanded.",Nanded,Unaided,LNTC,State Level,Ladies,31996,42.0
2024-25,D Pharmacy,CAP Round I,02216,"Sahayog Sevabhavi Sanstha's College of Pharmacy, Vishnupuri, Nanded.",Nanded,Unaided,LOBC,State Level,Ladies,31059,43.33
2024-25,D Pharmacy,CAP Round I,02216,"Sahayog Sevabhavi Sanstha's College of Pharmacy, Vishnupuri, Nanded.",Nanded,Unaided,LSEBC,State Level,Ladies,22785,53.67
2024-25,D Pharmacy,CAP Round I,02216,"Sahayog Sevabhavi Sanstha's College of Pharmacy, Vishnupuri, Nanded.",Nanded,Unaided,TFWS,Special,Any,29740,44.67
2024-25,D Pharmacy,CAP Round I,02218,"Education Society Naigaon Diploma in Pharmacy, Nanded.",Nanded,Unaided,GOPEN,State Level,Any,13511,66.0
2024-25,D Pharmacy,CAP Round I,02218,"Education Society Naigaon Diploma in Pharmacy, Nanded.",Nanded,Unaided,GSC,State Level,Any,19140,58.67
2024-25,D Pharmacy,CAP Round I,02218,"Education Society Naigaon Diploma in Pharmacy, Nanded.",Nanded,Unaided,GNTA,State Level,Any,31879,42.33
2024-25,D Pharmacy,CAP Round I,02218,"Education Society Naigaon Diploma in Pharmacy, Nanded.",Nanded,Unaided,GNTB,State Level,Any,16693,61.67
2024-25,D Pharmacy,CAP Round I,02218,"Education Society Naigaon Diploma in Pharmacy, Nanded.",Nanded,Unaided,GNTC,State Level,Any,35653,37.33
2024-25,D Pharmacy,CAP Round I,02218,"Education Society Naigaon Diploma in Pharmacy, Nanded.",Nanded,Unaided,GSEBC,State Level,Any,25824,49.67
2024-25,D Pharmacy,CAP Round I,02218,"Education Society Naigaon Diploma in Pharmacy, Nanded.",Nanded,Unaided,LOPEN,State Level,Ladies,3125,81.33
2024-25,D Pharmacy,CAP Round I,02218,"Education Society Naigaon Diploma in Pharmacy, Nanded.",Nanded,Unaided,LSC,State Level,Ladies,8715,72.67
2024-25,D Pharmacy,CAP Round I,02218,"Education Society Naigaon Diploma in Pharmacy, Nanded.",Nanded,Unaided,LNTB,State Level,Ladies,16646,61.67
2024-25,D Pharmacy,CAP Round I,02218,"Education Society Naigaon Diploma in Pharmacy, Nanded.",Nanded,Unaided,LSEBC,State Level,Ladies,11533,68.67
2024-25,D Pharmacy,CAP Round I,02218,"Education Society Naigaon Diploma in Pharmacy, Nanded.",Nanded,Unaided,EWS,Special,Any,36474,35.67
2024-25,D Pharmacy,CAP Round I,02218,"Education Society Naigaon Diploma in Pharmacy, Nanded.",Nanded,Unaided,TFWS,Special,Any,3891,80.0
2024-25,D Pharmacy,CAP Round I,02219,"Shree Bhairavnath Nisarga Mandal's D. Pharmacy College, Aalani",Ahmednagar,Unaided,GOPEN,State Level,Any,11788,68.33
2024-25,D Pharmacy,CAP Round I,02219,"Shree Bhairavnath Nisarga Mandal's D. Pharmacy College, Aalani",Ahmednagar,Unaided,GSC,State Level,Any,30018,44.33
2024-25,D Pharmacy,CAP Round I,02219,"Shree Bhairavnath Nisarga Mandal's D. Pharmacy College, Aalani",Ahmednagar,Unaided,GNTA,State Level,Any,19057,58.67
2024-25,D Pharmacy,CAP Round I,02219,"Shree Bhairavnath Nisarga Mandal's D. Pharmacy College, Aalani",Ahmednagar,Unaided,GNTC,State Level,Any,16318,62.33
2024-25,D Pharmacy,CAP Round I,02219,"Shree Bhairavnath Nisarga Mandal's D. Pharmacy College, Aalani",Ahmednagar,Unaided,GNTD,State Level,Any,28977,45.67
2024-25,D Pharmacy,CAP Round I,02219,"Shree Bhairavnath Nisarga Mandal's D. Pharmacy College, Aalani",Ahmednagar,Unaided,GOBC,State Level,Any,36601,35.33
2024-25,D Pharmacy,CAP Round I,02219,"Shree Bhairavnath Nisarga Mandal's D. Pharmacy College, Aalani",Ahmednagar,Unaided,GSEBC,State Level,Any,28186,46.67
2024-25,D Pharmacy,CAP Round I,02219,"Shree Bhairavnath Nisarga Mandal's D. Pharmacy College, Aalani",Ahmednagar,Unaided,LOPEN,State Level,Ladies,6019,76.33
2024-25,D Pharmacy,CAP Round I,02219,"Shree Bhairavnath Nisarga Mandal's D. Pharmacy College, Aalani",Ahmednagar,Unaided,LSC,State Level,Ladies,29274,45.33
2024-25,D Pharmacy,CAP Round I,02219,"Shree Bhairavnath Nisarga Mandal's D. Pharmacy College, Aalani",Ahmednagar,Unaided,LST,State Level,Ladies,33773,40.0
2024-25,D Pharmacy,CAP Round I,02219,"Shree Bhairavnath Nisarga Mandal's D. Pharmacy College, Aalani",Ahmednagar,Unaided,LOBC,State Level,Ladies,29697,44.67
2024-25,D Pharmacy,CAP Round I,02219,"Shree Bhairavnath Nisarga Mandal's D. Pharmacy College, Aalani",Ahmednagar,Unaided,LSEBC,State Level,Ladies,36565,35.33
2024-25,D Pharmacy,CAP Round I,02219,"Shree Bhairavnath Nisarga Mandal's D. Pharmacy College, Aalani",Ahmednagar,Unaided,EWS,Special,Any,31992,42.0
2024-25,D Pharmacy,CAP Round I,02219,"Shree Bhairavnath Nisarga Mandal's D. Pharmacy College, Aalani",Ahmednagar,Unaided,TFWS,Special,Any,13117,66.67
2024-25,D Pharmacy,CAP Round I,02219,"Shree Bhairavnath Nisarga Mandal's D. Pharmacy College, Aalani",Ahmednagar,Unaided,LNTA,State Level,Ladies,25990,49.67
2024-25,D Pharmacy,CAP Round I,02220,"Anandgram Krushi Vikas Mandals Late Maharudra Bappa Mote College of Pharmacy, Girwali Tal. Bhoom",Dharashiv,Unaided,GOPEN,State Level,Any,12191,68.0
2024-25,D Pharmacy,CAP Round I,02220,"Anandgram Krushi Vikas Mandals Late Maharudra Bappa Mote College of Pharmacy, Girwali Tal. Bhoom",Dharashiv,Unaided,GSC,State Level,Any,33554,40.0
2024-25,D Pharmacy,CAP Round I,02220,"Anandgram Krushi Vikas Mandals Late Maharudra Bappa Mote College of Pharmacy, Girwali Tal. Bhoom",Dharashiv,Unaided,GNTC,State Level,Any,12399,67.67
2024-25,D Pharmacy,CAP Round I,02220,"Anandgram Krushi Vikas Mandals Late Maharudra Bappa Mote College of Pharmacy, Girwali Tal. Bhoom",Dharashiv,Unaided,GNTD,State Level,Any,18154,59.67
2024-25,D Pharmacy,CAP Round I,02220,"Anandgram Krushi Vikas Mandals Late Maharudra Bappa Mote College of Pharmacy, Girwali Tal. Bhoom",Dharashiv,Unaided,GOBC,State Level,Any,35860,37.0
2024-25,D Pharmacy,CAP Round I,02220,"Anandgram Krushi Vikas Mandals Late Maharudra Bappa Mote College of Pharmacy, Girwali Tal. Bhoom",Dharashiv,Unaided,GSEBC,State Level,Any,30685,43.67
2024-25,D Pharmacy,CAP Round I,02220,"Anandgram Krushi Vikas Mandals Late Maharudra Bappa Mote College of Pharmacy, Girwali Tal. Bhoom",Dharashiv,Unaided,LOPEN,State Level,Ladies,3637,80.33
2024-25,D Pharmacy,CAP Round I,02220,"Anandgram Krushi Vikas Mandals Late Maharudra Bappa Mote College of Pharmacy, Girwali Tal. Bhoom",Dharashiv,Unaided,LSC,State Level,Ladies,16263,62.33
2024-25,D Pharmacy,CAP Round I,02220,"Anandgram Krushi Vikas Mandals Late Maharudra Bappa Mote College of Pharmacy, Girwali Tal. Bhoom",Dharashiv,Unaided,LOBC,State Level,Ladies,27678,47.33
2024-25,D Pharmacy,CAP Round I,02220,"Anandgram Krushi Vikas Mandals Late Maharudra Bappa Mote College of Pharmacy, Girwali Tal. Bhoom",Dharashiv,Unaided,EWS,Special,Any,2921,81.67
2024-25,D Pharmacy,CAP Round I,02220,"Anandgram Krushi Vikas Mandals Late Maharudra Bappa Mote College of Pharmacy, Girwali Tal. Bhoom",Dharashiv,Unaided,TFWS,Special,Any,16736,61.67
2024-25,D Pharmacy,CAP Round I,02222,"Durgamata Institute Of Pharmacy, (D.Pharm), Parbhani",Parbhani,Unaided,GOPEN,State Level,Any,31265,43.0
2024-25,D Pharmacy,CAP Round I,02222,"Durgamata Institute Of Pharmacy, (D.Pharm), Parbhani",Parbhani,Unaided,GST,State Level,Any,32198,41.67
2024-25,D Pharmacy,CAP Round I,02222,"Durgamata Institute Of Pharmacy, (D.Pharm), Parbhani",Parbhani,Unaided,GSEBC,State Level,Any,32306,41.67
2024-25,D Pharmacy,CAP Round I,02222,"Durgamata Institute Of Pharmacy, (D.Pharm), Parbhani",Parbhani,Unaided,LOPEN,State Level,Ladies,27756,47.33
2024-25,D Pharmacy,CAP Round I,02222,"Durgamata Institute Of Pharmacy, (D.Pharm), Parbhani",Parbhani,Unaided,TFWS,Special,Any,24267,51.67
2024-25,D Pharmacy,CAP Round I,02223,"Vivekvardhini Sevabhavi Sanstha's Diploma Pharmacy College, Pingali",Parbhani,Unaided,GOPEN,State Level,Any,28371,46.67
2024-25,D Pharmacy,CAP Round I,02223,"Vivekvardhini Sevabhavi Sanstha's Diploma Pharmacy College, Pingali",Parbhani,Unaided,GSC,State Level,Any,35726,37.33
2024-25,D Pharmacy,CAP Round I,02223,"Vivekvardhini Sevabhavi Sanstha's Diploma Pharmacy College, Pingali",Parbhani,Unaided,GNTC,State Level,Any,33281,40.33
2024-25,D Pharmacy,CAP Round I,02223,"Vivekvardhini Sevabhavi Sanstha's Diploma Pharmacy College, Pingali",Parbhani,Unaided,GOBC,State Level,Any,36233,36.33
2024-25,D Pharmacy,CAP Round I,02223,"Vivekvardhini Sevabhavi Sanstha's Diploma Pharmacy College, Pingali",Parbhani,Unaided,GSEBC,State Level,Any,36526,35.67
2024-25,D Pharmacy,CAP Round I,02223,"Vivekvardhini Sevabhavi Sanstha's Diploma Pharmacy College, Pingali",Parbhani,Unaided,LOPEN,State Level,Ladies,18456,59.33
2024-25,D Pharmacy,CAP Round I,02223,"Vivekvardhini Sevabhavi Sanstha's Diploma Pharmacy College, Pingali",Parbhani,Unaided,LSC,State Level,Ladies,33755,40.0
2024-25,D Pharmacy,CAP Round I,02223,"Vivekvardhini Sevabhavi Sanstha's Diploma Pharmacy College, Pingali",Parbhani,Unaided,LNTD,State Level,Ladies,21947,55.0
2024-25,D Pharmacy,CAP Round I,02223,"Vivekvardhini Sevabhavi Sanstha's Diploma Pharmacy College, Pingali",Parbhani,Unaided,LOBC,State Level,Ladies,34088,39.33
2024-25,D Pharmacy,CAP Round I,02223,"Vivekvardhini Sevabhavi Sanstha's Diploma Pharmacy College, Pingali",Parbhani,Unaided,EWS,Special,Any,35625,37.33
2024-25,D Pharmacy,CAP Round I,02223,"Vivekvardhini Sevabhavi Sanstha's Diploma Pharmacy College, Pingali",Parbhani,Unaided,TFWS,Special,Any,14416,64.67
2024-25,D Pharmacy,CAP Round I,02253,"Channabasweshwar Pharmacy College ( Degree), Latur",Latur,Unaided,GOPEN,State Level,Any,27475,47.67
2024-25,D Pharmacy,CAP Round I,02253,"Channabasweshwar Pharmacy College ( Degree), Latur",Latur,Unaided,GSC,State Level,Any,35152,38.0
2024-25,D Pharmacy,CAP Round I,02253,"Channabasweshwar Pharmacy College ( Degree), Latur",Latur,Unaided,GOBC,State Level,Any,34778,38.67
2024-25,D Pharmacy,CAP Round I,02253,"Channabasweshwar Pharmacy College ( Degree), Latur",Latur,Unaided,LOPEN,State Level,Ladies,10536,70.0
2024-25,D Pharmacy,CAP Round I,02253,"Channabasweshwar Pharmacy College ( Degree), Latur",Latur,Unaided,LSC,State Level,Ladies,11126,69.33
2024-25,D Pharmacy,CAP Round I,02253,"Channabasweshwar Pharmacy College ( Degree), Latur",Latur,Unaided,LOBC,State Level,Ladies,22488,54.0
2024-25,D Pharmacy,CAP Round I,02253,"Channabasweshwar Pharmacy College ( Degree), Latur",Latur,Unaided,LSEBC,State Level,Ladies,25012,50.67
2024-25,D Pharmacy,CAP Round I,02253,"Channabasweshwar Pharmacy College ( Degree), Latur",Latur,Unaided,EWS,Special,Any,31116,43.0
2024-25,D Pharmacy,CAP Round I,02253,"Channabasweshwar Pharmacy College ( Degree), Latur",Latur,Unaided,TFWS,Special,Any,11042,69.33
2024-25,D Pharmacy,CAP Round I,02514,"Oyster Institute of Pharmacy, Aurangabad.",Chhatrapati Sambhajinagar,Unaided,GOPEN,State Level,Any,7540,74.33
2024-25,D Pharmacy,CAP Round I,02514,"Oyster Institute of Pharmacy, Aurangabad.",Chhatrapati Sambhajinagar,Unaided,GSC,State Level,Any,21575,55.33
2024-25,D Pharmacy,CAP Round I,02514,"Oyster Institute of Pharmacy, Aurangabad.",Chhatrapati Sambhajinagar,Unaided,GNTA,State Level,Any,11232,69.33
2024-25,D Pharmacy,CAP Round I,02514,"Oyster Institute of Pharmacy, Aurangabad.",Chhatrapati Sambhajinagar,Unaided,GNTC,State Level,Any,16114,62.67
2024-25,D Pharmacy,CAP Round I,02514,"Oyster Institute of Pharmacy, Aurangabad.",Chhatrapati Sambhajinagar,Unaided,GOBC,State Level,Any,35606,37.67
2024-25,D Pharmacy,CAP Round I,02514,"Oyster Institute of Pharmacy, Aurangabad.",Chhatrapati Sambhajinagar,Unaided,LOPEN,State Level,Ladies,8188,73.33
2024-25,D Pharmacy,CAP Round I,02514,"Oyster Institute of Pharmacy, Aurangabad.",Chhatrapati Sambhajinagar,Unaided,LSC,State Level,Ladies,36337,36.0
2024-25,D Pharmacy,CAP Round I,02514,"Oyster Institute of Pharmacy, Aurangabad.",Chhatrapati Sambhajinagar,Unaided,LNTC,State Level,Ladies,27764,47.33
2024-25,D Pharmacy,CAP Round I,02514,"Oyster Institute of Pharmacy, Aurangabad.",Chhatrapati Sambhajinagar,Unaided,LOBC,State Level,Ladies,19869,57.67
2024-25,D Pharmacy,CAP Round I,02514,"Oyster Institute of Pharmacy, Aurangabad.",Chhatrapati Sambhajinagar,Unaided,EWS,Special,Any,16403,62.0
2024-25,D Pharmacy,CAP Round I,02514,"Oyster Institute of Pharmacy, Aurangabad.",Chhatrapati Sambhajinagar,Unaided,TFWS,Special,Any,16024,62.67
2024-25,D Pharmacy,CAP Round I,02514,"Oyster Institute of Pharmacy, Aurangabad.",Chhatrapati Sambhajinagar,Unaided,LSC,State Level,Ladies,29243,45.33
2024-25,D Pharmacy,CAP Round I,02514,"Oyster Institute of Pharmacy, Aurangabad.",Chhatrapati Sambhajinagar,Unaided,LNTA,State Level,Ladies,15878,63.0
2024-25,D Pharmacy,CAP Round I,02538,"Latur College of Pharmacy, Latur",Latur,Unaided,GOPEN,State Level,Any,30915,43.33
2024-25,D Pharmacy,CAP Round I,02538,"Latur College of Pharmacy, Latur",Latur,Unaided,GNTC,State Level,Any,33561,40.0
2024-25,D Pharmacy,CAP Round I,02538,"Latur College of Pharmacy, Latur",Latur,Unaided,GSEBC,State Level,Any,35104,38.33
2024-25,D Pharmacy,CAP Round I,02538,"Latur College of Pharmacy, Latur",Latur,Unaided,LOPEN,State Level,Ladies,14091,65.33
2024-25,D Pharmacy,CAP Round I,02538,"Latur College of Pharmacy, Latur",Latur,Unaided,LSC,State Level,Ladies,25082,50.67
2024-25,D Pharmacy,CAP Round I,02538,"Latur College of Pharmacy, Latur",Latur,Unaided,LOBC,State Level,Ladies,29772,44.67
2024-25,D Pharmacy,CAP Round I,02538,"Latur College of Pharmacy, Latur",Latur,Unaided,EWS,Special,Any,35347,38.0
2024-25,D Pharmacy,CAP Round I,02538,"Latur College of Pharmacy, Latur",Latur,Unaided,TFWS,Special,Any,32477,41.33
2024-25,D Pharmacy,CAP Round I,02539,"Rajesh Bhaiyya Tope College of Pharmacy, Aurangabad",Chhatrapati Sambhajinagar,Unaided,GOPEN,State Level,Any,13588,66.0
2024-25,D Pharmacy,CAP Round I,02539,"Rajesh Bhaiyya Tope College of Pharmacy, Aurangabad",Chhatrapati Sambhajinagar,Unaided,GSC,State Level,Any,31560,42.67
2024-25,D Pharmacy,CAP Round I,02539,"Rajesh Bhaiyya Tope College of Pharmacy, Aurangabad",Chhatrapati Sambhajinagar,Unaided,GST,State Level,Any,31883,42.33
2024-25,D Pharmacy,CAP Round I,02539,"Rajesh Bhaiyya Tope College of Pharmacy, Aurangabad",Chhatrapati Sambhajinagar,Unaided,GNTA,State Level,Any,25932,49.67
2024-25,D Pharmacy,CAP Round I,02539,"Rajesh Bhaiyya Tope College of Pharmacy, Aurangabad",Chhatrapati Sambhajinagar,Unaided,GNTC,State Level,Any,18002,60.0
2024-25,D Pharmacy,CAP Round I,02539,"Rajesh Bhaiyya Tope College of Pharmacy, Aurangabad",Chhatrapati Sambhajinagar,Unaided,GNTD,State Level,Any,14000,65.33
2024-25,D Pharmacy,CAP Round I,02539,"Rajesh Bhaiyya Tope College of Pharmacy, Aurangabad",Chhatrapati Sambhajinagar,Unaided,GOBC,State Level,Any,33614,40.0
2024-25,D Pharmacy,CAP Round I,02539,"Rajesh Bhaiyya Tope College of Pharmacy, Aurangabad",Chhatrapati Sambhajinagar,Unaided,GSEBC,State Level,Any,18363,59.67
2024-25,D Pharmacy,CAP Round I,02539,"Rajesh Bhaiyya Tope College of Pharmacy, Aurangabad",Chhatrapati Sambhajinagar,Unaided,LOPEN,State Level,Ladies,5401,77.33
2024-25,D Pharmacy,CAP Round I,02539,"Rajesh Bhaiyya Tope College of Pharmacy, Aurangabad",Chhatrapati Sambhajinagar,Unaided,LSC,State Level,Ladies,13015,66.67
2024-25,D Pharmacy,CAP Round I,02539,"Rajesh Bhaiyya Tope College of Pharmacy, Aurangabad",Chhatrapati Sambhajinagar,Unaided,LST,State Level,Ladies,14551,64.67
2024-25,D Pharmacy,CAP Round I,02539,"Rajesh Bhaiyya Tope College of Pharmacy, Aurangabad",Chhatrapati Sambhajinagar,Unaided,LNTA,State Level,Ladies,8381,73.0
2024-25,D Pharmacy,CAP Round I,02539,"Rajesh Bhaiyya Tope College of Pharmacy, Aurangabad",Chhatrapati Sambhajinagar,Unaided,LNTD,State Level,Ladies,5812,76.67
2024-25,D Pharmacy,CAP Round I,02539,"Rajesh Bhaiyya Tope College of Pharmacy, Aurangabad",Chhatrapati Sambhajinagar,Unaided,LOBC,State Level,Ladies,34452,39.0
2024-25,D Pharmacy,CAP Round I,02539,"Rajesh Bhaiyya Tope College of Pharmacy, Aurangabad",Chhatrapati Sambhajinagar,Unaided,EWS,Special,Any,327,90.33
2024-25,D Pharmacy,CAP Round I,02539,"Rajesh Bhaiyya Tope College of Pharmacy, Aurangabad",Chhatrapati Sambhajinagar,Unaided,TFWS,Special,Any,16444,62.0
2024-25,D Pharmacy,CAP Round I,02541,"Sarswati Institute of Pharmacy, Kurtadi, Hingoli",Hingoli,Unaided,GOPEN,State Level,Any,14221,65.0
2024-25,D Pharmacy,CAP Round I,02541,"Sarswati Institute of Pharmacy, Kurtadi, Hingoli",Hingoli,Unaided,GSC,State Level,Any,26805,48.67
2024-25,D Pharmacy,CAP Round I,02541,"Sarswati Institute of Pharmacy, Kurtadi, Hingoli",Hingoli,Unaided,GST,State Level,Any,28134,47.0
2024-25,D Pharmacy,CAP Round I,02541,"Sarswati Institute of Pharmacy, Kurtadi, Hingoli",Hingoli,Unaided,GNTA,State Level,Any,32557,41.33
2024-25,D Pharmacy,CAP Round I,02541,"Sarswati Institute of Pharmacy, Kurtadi, Hingoli",Hingoli,Unaided,GNTC,State Level,Any,21963,55.0
2024-25,D Pharmacy,CAP Round I,02541,"Sarswati Institute of Pharmacy, Kurtadi, Hingoli",Hingoli,Unaided,GNTD,State Level,Any,14485,64.67
2024-25,D Pharmacy,CAP Round I,02541,"Sarswati Institute of Pharmacy, Kurtadi, Hingoli",Hingoli,Unaided,GOBC,State Level,Any,33549,40.0
2024-25,D Pharmacy,CAP Round I,02541,"Sarswati Institute of Pharmacy, Kurtadi, Hingoli",Hingoli,Unaided,GSEBC,State Level,Any,32844,41.0
2024-25,D Pharmacy,CAP Round I,02541,"Sarswati Institute of Pharmacy, Kurtadi, Hingoli",Hingoli,Unaided,LOPEN,State Level,Ladies,6524,75.67
2024-25,D Pharmacy,CAP Round I,02541,"Sarswati Institute of Pharmacy, Kurtadi, Hingoli",Hingoli,Unaided,LSC,State Level,Ladies,15833,63.0
2024-25,D Pharmacy,CAP Round I,02541,"Sarswati Institute of Pharmacy, Kurtadi, Hingoli",Hingoli,Unaided,LNTB,State Level,Ladies,28209,46.67
2024-25,D Pharmacy,CAP Round I,02541,"Sarswati Institute of Pharmacy, Kurtadi, Hingoli",Hingoli,Unaided,LOBC,State Level,Ladies,20889,56.33
2024-25,D Pharmacy,CAP Round I,02541,"Sarswati Institute of Pharmacy, Kurtadi, Hingoli",Hingoli,Unaided,LSEBC,State Level,Ladies,11868,68.33
2024-25,D Pharmacy,CAP Round I,02541,"Sarswati Institute of Pharmacy, Kurtadi, Hingoli",Hingoli,Unaided,EWS,Special,Any,18152,59.67
2024-25,D Pharmacy,CAP Round I,02541,"Sarswati Institute of Pharmacy, Kurtadi, Hingoli",Hingoli,Unaided,TFWS,Special,Any,1797,84.0
2024-25,D Pharmacy,CAP Round I,02541,"Sarswati Institute of Pharmacy, Kurtadi, Hingoli",Hingoli,Unaided,LNTC,State Level,Ladies,22409,54.33
2024-25,D Pharmacy,CAP Round I,02542,"Aditya Diploma Institute of Pharmacy, Beed",Beed,Unaided,GOPEN,State Level,Any,6954,75.0
2024-25,D Pharmacy,CAP Round I,02542,"Aditya Diploma Institute of Pharmacy, Beed",Beed,Unaided,GSC,State Level,Any,16829,61.67
2024-25,D Pharmacy,CAP Round I,02542,"Aditya Diploma Institute of Pharmacy, Beed",Beed,Unaided,GNTA,State Level,Any,8519,73.0
2024-25,D Pharmacy,CAP Round I,02542,"Aditya Diploma Institute of Pharmacy, Beed",Beed,Unaided,GNTB,State Level,Any,10119,70.67
2024-25,D Pharmacy,CAP Round I,02542,"Aditya Diploma Institute of Pharmacy, Beed",Beed,Unaided,GNTD,State Level,Any,8096,73.33
2024-25,D Pharmacy,CAP Round I,02542,"Aditya Diploma Institute of Pharmacy, Beed",Beed,Unaided,GOBC,State Level,Any,29540,45.0
2024-25,D Pharmacy,CAP Round I,02542,"Aditya Diploma Institute of Pharmacy, Beed",Beed,Unaided,GSEBC,State Level,Any,13520,66.0
2024-25,D Pharmacy,CAP Round I,02542,"Aditya Diploma Institute of Pharmacy, Beed",Beed,Unaided,LOPEN,State Level,Ladies,5849,76.67
2024-25,D Pharmacy,CAP Round I,02542,"Aditya Diploma Institute of Pharmacy, Beed",Beed,Unaided,LSC,State Level,Ladies,18249,59.67
2024-25,D Pharmacy,CAP Round I,02542,"Aditya Diploma Institute of Pharmacy, Beed",Beed,Unaided,LNTA,State Level,Ladies,6142,76.33
2024-25,D Pharmacy,CAP Round I,02542,"Aditya Diploma Institute of Pharmacy, Beed",Beed,Unaided,LOBC,State Level,Ladies,16859,61.33
2024-25,D Pharmacy,CAP Round I,02542,"Aditya Diploma Institute of Pharmacy, Beed",Beed,Unaided,EWS,Special,Any,17769,60.33
2024-25,D Pharmacy,CAP Round I,02542,"Aditya Diploma Institute of Pharmacy, Beed",Beed,Unaided,TFWS,Special,Any,3578,80.33
2024-25,D Pharmacy,CAP Round I,02543,"Aditya Pharmacy College, Beed",Beed,Unaided,GOPEN,State Level,Any,8618,72.67
2024-25,D Pharmacy,CAP Round I,02543,"Aditya Pharmacy College, Beed",Beed,Unaided,GSC,State Level,Any,13036,66.67
2024-25,D Pharmacy,CAP Round I,02543,"Aditya Pharmacy College, Beed",Beed,Unaided,GNTA,State Level,Any,11869,68.33
2024-25,D Pharmacy,CAP Round I,02543,"Aditya Pharmacy College, Beed",Beed,Unaided,GNTB,State Level,Any,8897,72.33
2024-25,D Pharmacy,CAP Round I,02543,"Aditya Pharmacy College, Beed",Beed,Unaided,GNTD,State Level,Any,9976,71.0
2024-25,D Pharmacy,CAP Round I,02543,"Aditya Pharmacy College, Beed",Beed,Unaided,GOBC,State Level,Any,17835,60.33
2024-25,D Pharmacy,CAP Round I,02543,"Aditya Pharmacy College, Beed",Beed,Unaided,GSEBC,State Level,Any,13716,65.67
2024-25,D Pharmacy,CAP Round I,02543,"Aditya Pharmacy College, Beed",Beed,Unaided,LOPEN,State Level,Ladies,6775,75.33
2024-25,D Pharmacy,CAP Round I,02543,"Aditya Pharmacy College, Beed",Beed,Unaided,LSC,State Level,Ladies,32313,41.67
2024-25,D Pharmacy,CAP Round I,02543,"Aditya Pharmacy College, Beed",Beed,Unaided,LNTC,State Level,Ladies,17424,60.67
2024-25,D Pharmacy,CAP Round I,02543,"Aditya Pharmacy College, Beed",Beed,Unaided,LOBC,State Level,Ladies,32806,41.0
2024-25,D Pharmacy,CAP Round I,02543,"Aditya Pharmacy College, Beed",Beed,Unaided,TFWS,Special,Any,2251,83.0
2024-25,D Pharmacy,CAP Round I,02544,"Gurukrupa Institute of Pharmacy, Majalgaon",Beed,Unaided,GOPEN,State Level,Any,8413,73.0
2024-25,D Pharmacy,CAP Round I,02544,"Gurukrupa Institute of Pharmacy, Majalgaon",Beed,Unaided,GSC,State Level,Any,18877,59.0
2024-25,D Pharmacy,CAP Round I,02544,"Gurukrupa Institute of Pharmacy, Majalgaon",Beed,Unaided,GNTA,State Level,Any,10394,70.33
2024-25,D Pharmacy,CAP Round I,02544,"Gurukrupa Institute of Pharmacy, Majalgaon",Beed,Unaided,GNTB,State Level,Any,11020,69.67
2024-25,D Pharmacy,CAP Round I,02544,"Gurukrupa Institute of Pharmacy, Majalgaon",Beed,Unaided,GNTC,State Level,Any,14971,64.0
2024-25,D Pharmacy,CAP Round I,02544,"Gurukrupa Institute of Pharmacy, Majalgaon",Beed,Unaided,GNTD,State Level,Any,11564,68.67
2024-25,D Pharmacy,CAP Round I,02544,"Gurukrupa Institute of Pharmacy, Majalgaon",Beed,Unaided,GOBC,State Level,Any,22757,53.67
2024-25,D Pharmacy,CAP Round I,02544,"Gurukrupa Institute of Pharmacy, Majalgaon",Beed,Unaided,GSEBC,State Level,Any,24543,51.33
2024-25,D Pharmacy,CAP Round I,02544,"Gurukrupa Institute of Pharmacy, Majalgaon",Beed,Unaided,LOPEN,State Level,Ladies,5029,78.0
2024-25,D Pharmacy,CAP Round I,02544,"Gurukrupa Institute of Pharmacy, Majalgaon",Beed,Unaided,LSC,State Level,Ladies,8605,72.67
2024-25,D Pharmacy,CAP Round I,02544,"Gurukrupa Institute of Pharmacy, Majalgaon",Beed,Unaided,LNTC,State Level,Ladies,14337,65.0
2024-25,D Pharmacy,CAP Round I,02544,"Gurukrupa Institute of Pharmacy, Majalgaon",Beed,Unaided,LOBC,State Level,Ladies,14213,65.0
2024-25,D Pharmacy,CAP Round I,02544,"Gurukrupa Institute of Pharmacy, Majalgaon",Beed,Unaided,LSEBC,State Level,Ladies,9367,71.67
2024-25,D Pharmacy,CAP Round I,02544,"Gurukrupa Institute of Pharmacy, Majalgaon",Beed,Unaided,EWS,Special,Any,33553,40.0
2024-25,D Pharmacy,CAP Round I,02544,"Gurukrupa Institute of Pharmacy, Majalgaon",Beed,Unaided,TFWS,Special,Any,8863,72.33
2024-25,D Pharmacy,CAP Round I,02545,"Shriganesh Ramchandra Katruwar College of Pharmacy, Manwath",Parbhani,Unaided,GOPEN,State Level,Any,26259,49.33
2024-25,D Pharmacy,CAP Round I,02545,"Shriganesh Ramchandra Katruwar College of Pharmacy, Manwath",Parbhani,Unaided,GNTA,State Level,Any,27357,48.0
2024-25,D Pharmacy,CAP Round I,02545,"Shriganesh Ramchandra Katruwar College of Pharmacy, Manwath",Parbhani,Unaided,GNTC,State Level,Any,34295,39.33
2024-25,D Pharmacy,CAP Round I,02545,"Shriganesh Ramchandra Katruwar College of Pharmacy, Manwath",Parbhani,Unaided,LOPEN,State Level,Ladies,14229,65.0
2024-25,D Pharmacy,CAP Round I,02545,"Shriganesh Ramchandra Katruwar College of Pharmacy, Manwath",Parbhani,Unaided,LNTA,State Level,Ladies,24303,51.67
2024-25,D Pharmacy,CAP Round I,02545,"Shriganesh Ramchandra Katruwar College of Pharmacy, Manwath",Parbhani,Unaided,LOBC,State Level,Ladies,35951,37.0
2024-25,D Pharmacy,CAP Round I,02545,"Shriganesh Ramchandra Katruwar College of Pharmacy, Manwath",Parbhani,Unaided,LSEBC,State Level,Ladies,27630,47.33
2024-25,D Pharmacy,CAP Round I,02545,"Shriganesh Ramchandra Katruwar College of Pharmacy, Manwath",Parbhani,Unaided,TFWS,Special,Any,18331,59.67
2024-25,D Pharmacy,CAP Round I,02546,"College of Pharmacy(D.Pharm), Khandala",Satara,Unaided,GOPEN,State Level,Any,36638,35.33
2024-25,D Pharmacy,CAP Round I,02546,"College of Pharmacy(D.Pharm), Khandala",Satara,Unaided,LOPEN,State Level,Ladies,17554,60.67
2024-25,D Pharmacy,CAP Round I,02546,"College of Pharmacy(D.Pharm), Khandala",Satara,Unaided,LNTC,State Level,Ladies,20564,56.67
2024-25,D Pharmacy,CAP Round I,02546,"College of Pharmacy(D.Pharm), Khandala",Satara,Unaided,LOBC,State Level,Ladies,21287,55.67
2024-25,D Pharmacy,CAP Round I,02546,"College of Pharmacy(D.Pharm), Khandala",Satara,Unaided,EWS,Special,Any,26657,48.67
2024-25,D Pharmacy,CAP Round I,02546,"College of Pharmacy(D.Pharm), Khandala",Satara,Unaided,TFWS,Special,Any,34303,39.33
2024-25,D Pharmacy,CAP Round I,02547,"Late Bhagirathi Yashwantrao Pathrikar College of D.Pharmacy, Pathri",Parbhani,Unaided,GOPEN,State Level,Any,3137,81.33
2024-25,D Pharmacy,CAP Round I,02547,"Late Bhagirathi Yashwantrao Pathrikar College of D.Pharmacy, Pathri",Parbhani,Unaided,GSC,State Level,Any,11834,68.33
2024-25,D Pharmacy,CAP Round I,02547,"Late Bhagirathi Yashwantrao Pathrikar College of D.Pharmacy, Pathri",Parbhani,Unaided,GNTA,State Level,Any,5246,77.67
2024-25,D Pharmacy,CAP Round I,02547,"Late Bhagirathi Yashwantrao Pathrikar College of D.Pharmacy, Pathri",Parbhani,Unaided,GNTB,State Level,Any,17621,60.67
2024-25,D Pharmacy,CAP Round I,02547,"Late Bhagirathi Yashwantrao Pathrikar College of D.Pharmacy, Pathri",Parbhani,Unaided,GNTC,State Level,Any,5514,77.33
2024-25,D Pharmacy,CAP Round I,02547,"Late Bhagirathi Yashwantrao Pathrikar College of D.Pharmacy, Pathri",Parbhani,Unaided,GOBC,State Level,Any,8662,72.67
2024-25,D Pharmacy,CAP Round I,02547,"Late Bhagirathi Yashwantrao Pathrikar College of D.Pharmacy, Pathri",Parbhani,Unaided,GSEBC,State Level,Any,6062,76.33
2024-25,D Pharmacy,CAP Round I,02547,"Late Bhagirathi Yashwantrao Pathrikar College of D.Pharmacy, Pathri",Parbhani,Unaided,LOPEN,State Level,Ladies,984,86.67
2024-25,D Pharmacy,CAP Round I,02547,"Late Bhagirathi Yashwantrao Pathrikar College of D.Pharmacy, Pathri",Parbhani,Unaided,LSC,State Level,Ladies,3514,80.67
2024-25,D Pharmacy,CAP Round I,02547,"Late Bhagirathi Yashwantrao Pathrikar College of D.Pharmacy, Pathri",Parbhani,Unaided,LNTC,State Level,Ladies,1749,84.33
2024-25,D Pharmacy,CAP Round I,02547,"Late Bhagirathi Yashwantrao Pathrikar College of D.Pharmacy, Pathri",Parbhani,Unaided,LOBC,State Level,Ladies,7244,74.67
2024-25,D Pharmacy,CAP Round I,02547,"Late Bhagirathi Yashwantrao Pathrikar College of D.Pharmacy, Pathri",Parbhani,Unaided,LSEBC,State Level,Ladies,1124,86.0
2024-25,D Pharmacy,CAP Round I,02547,"Late Bhagirathi Yashwantrao Pathrikar College of D.Pharmacy, Pathri",Parbhani,Unaided,EWS,Special,Any,10653,70.0
2024-25,D Pharmacy,CAP Round I,02547,"Late Bhagirathi Yashwantrao Pathrikar College of D.Pharmacy, Pathri",Parbhani,Unaided,TFWS,Special,Any,612,88.33
2024-25,D Pharmacy,CAP Round I,02549,"Warpudkar Institute of Pharmacy(D.Pharmacy), Pedgaon",Pune,Unaided,GOPEN,State Level,Any,29824,44.67
2024-25,D Pharmacy,CAP Round I,02549,"Warpudkar Institute of Pharmacy(D.Pharmacy), Pedgaon",Pune,Unaided,GSC,State Level,Any,34792,38.67
2024-25,D Pharmacy,CAP Round I,02549,"Warpudkar Institute of Pharmacy(D.Pharmacy), Pedgaon",Pune,Unaided,LOPEN,State Level,Ladies,18913,58.67
2024-25,D Pharmacy,CAP Round I,02549,"Warpudkar Institute of Pharmacy(D.Pharmacy), Pedgaon",Pune,Unaided,EWS,Special,Any,22348,54.33
2024-25,D Pharmacy,CAP Round I,02550,"Prerana Institute of Pharmacy(D.Pharmacy), Parbhani",Parbhani,Unaided,GOPEN,State Level,Any,11816,68.33
2024-25,D Pharmacy,CAP Round I,02550,"Prerana Institute of Pharmacy(D.Pharmacy), Parbhani",Parbhani,Unaided,GSC,State Level,Any,28274,46.67
2024-25,D Pharmacy,CAP Round I,02550,"Prerana Institute of Pharmacy(D.Pharmacy), Parbhani",Parbhani,Unaided,GNTA,State Level,Any,20145,57.33
2024-25,D Pharmacy,CAP Round I,02550,"Prerana Institute of Pharmacy(D.Pharmacy), Parbhani",Parbhani,Unaided,GNTC,State Level,Any,19076,58.67
2024-25,D Pharmacy,CAP Round I,02550,"Prerana Institute of Pharmacy(D.Pharmacy), Parbhani",Parbhani,Unaided,GNTD,State Level,Any,18583,59.33
2024-25,D Pharmacy,CAP Round I,02550,"Prerana Institute of Pharmacy(D.Pharmacy), Parbhani",Parbhani,Unaided,GOBC,State Level,Any,35824,37.0
2024-25,D Pharmacy,CAP Round I,02550,"Prerana Institute of Pharmacy(D.Pharmacy), Parbhani",Parbhani,Unaided,GSEBC,State Level,Any,23367,53.0
2024-25,D Pharmacy,CAP Round I,02550,"Prerana Institute of Pharmacy(D.Pharmacy), Parbhani",Parbhani,Unaided,LOPEN,State Level,Ladies,13252,66.33
2024-25,D Pharmacy,CAP Round I,02550,"Prerana Institute of Pharmacy(D.Pharmacy), Parbhani",Parbhani,Unaided,LSC,State Level,Ladies,33427,40.33
2024-25,D Pharmacy,CAP Round I,02550,"Prerana Institute of Pharmacy(D.Pharmacy), Parbhani",Parbhani,Unaided,LOBC,State Level,Ladies,22062,54.67
2024-25,D Pharmacy,CAP Round I,02550,"Prerana Institute of Pharmacy(D.Pharmacy), Parbhani",Parbhani,Unaided,LSEBC,State Level,Ladies,25926,49.67
2024-25,D Pharmacy,CAP Round I,02550,"Prerana Institute of Pharmacy(D.Pharmacy), Parbhani",Parbhani,Unaided,EWS,Special,Any,32223,41.67
2024-25,D Pharmacy,CAP Round I,02550,"Prerana Institute of Pharmacy(D.Pharmacy), Parbhani",Parbhani,Unaided,TFWS,Special,Any,8854,72.33
2024-25,D Pharmacy,CAP Round I,02550,"Prerana Institute of Pharmacy(D.Pharmacy), Parbhani",Parbhani,Unaided,LSC,State Level,Ladies,30278,44.0
2024-25,D Pharmacy,CAP Round I,02551,"College of Pharmacy(D.Pharmacy), Pathri",Parbhani,Unaided,GOPEN,State Level,Any,16441,62.0
2024-25,D Pharmacy,CAP Round I,02551,"College of Pharmacy(D.Pharmacy), Pathri",Parbhani,Unaided,GSC,State Level,Any,26296,49.0
2024-25,D Pharmacy,CAP Round I,02551,"College of Pharmacy(D.Pharmacy), Pathri",Parbhani,Unaided,GST,State Level,Any,18469,59.33
2024-25,D Pharmacy,CAP Round I,02551,"College of Pharmacy(D.Pharmacy), Pathri",Parbhani,Unaided,GNTA,State Level,Any,17639,60.67
2024-25,D Pharmacy,CAP Round I,02551,"College of Pharmacy(D.Pharmacy), Pathri",Parbhani,Unaided,GNTC,State Level,Any,33103,40.67
2024-25,D Pharmacy,CAP Round I,02551,"College of Pharmacy(D.Pharmacy), Pathri",Parbhani,Unaided,GNTD,State Level,Any,34466,39.0
2024-25,D Pharmacy,CAP Round I,02551,"College of Pharmacy(D.Pharmacy), Pathri",Parbhani,Unaided,GOBC,State Level,Any,31381,42.67
2024-25,D Pharmacy,CAP Round I,02551,"College of Pharmacy(D.Pharmacy), Pathri",Parbhani,Unaided,GSEBC,State Level,Any,28435,46.33
2024-25,D Pharmacy,CAP Round I,02551,"College of Pharmacy(D.Pharmacy), Pathri",Parbhani,Unaided,LOPEN,State Level,Ladies,5810,76.67
2024-25,D Pharmacy,CAP Round I,02551,"College of Pharmacy(D.Pharmacy), Pathri",Parbhani,Unaided,LSC,State Level,Ladies,14421,64.67
2024-25,D Pharmacy,CAP Round I,02551,"College of Pharmacy(D.Pharmacy), Pathri",Parbhani,Unaided,LNTB,State Level,Ladies,15739,63.0
2024-25,D Pharmacy,CAP Round I,02551,"College of Pharmacy(D.Pharmacy), Pathri",Parbhani,Unaided,LNTC,State Level,Ladies,23086,53.33
2024-25,D Pharmacy,CAP Round I,02551,"College of Pharmacy(D.Pharmacy), Pathri",Parbhani,Unaided,LOBC,State Level,Ladies,23355,53.0
2024-25,D Pharmacy,CAP Round I,02551,"College of Pharmacy(D.Pharmacy), Pathri",Parbhani,Unaided,LSEBC,State Level,Ladies,26272,49.33
2024-25,D Pharmacy,CAP Round I,02551,"College of Pharmacy(D.Pharmacy), Pathri",Parbhani,Unaided,PWDOPEN,State Level,Any,31206,43.0
2024-25,D Pharmacy,CAP Round I,02551,"College of Pharmacy(D.Pharmacy), Pathri",Parbhani,Unaided,EWS,Special,Any,36389,36.0
2024-25,D Pharmacy,CAP Round I,02551,"College of Pharmacy(D.Pharmacy), Pathri",Parbhani,Unaided,TFWS,Special,Any,19577,58.0
2024-25,D Pharmacy,CAP Round I,02552,"Savitribai College of Pharmacy, Bamani",Buldhana,Unaided,GOPEN,State Level,Any,33,95.67
2024-25,D Pharmacy,CAP Round I,02552,"Savitribai College of Pharmacy, Bamani",Buldhana,Unaided,GSC,State Level,Any,144,92.0
2024-25,D Pharmacy,CAP Round I,02552,"Savitribai College of Pharmacy, Bamani",Buldhana,Unaided,GST,State Level,Any,12767,67.0
2024-25,D Pharmacy,CAP Round I,02552,"Savitribai College of Pharmacy, Bamani",Buldhana,Unaided,GNTA,State Level,Any,70,94.0
2024-25,D Pharmacy,CAP Round I,02552,"Savitribai College of Pharmacy, Bamani",Buldhana,Unaided,GNTB,State Level,Any,147,92.0
2024-25,D Pharmacy,CAP Round I,02552,"Savitribai College of Pharmacy, Bamani",Buldhana,Unaided,GNTC,State Level,Any,47,95.0
2024-25,D Pharmacy,CAP Round I,02552,"Savitribai College of Pharmacy, Bamani",Buldhana,Unaided,GNTD,State Level,Any,464,89.0
2024-25,D Pharmacy,CAP Round I,02552,"Savitribai College of Pharmacy, Bamani",Buldhana,Unaided,GOBC,State Level,Any,188,91.33
2024-25,D Pharmacy,CAP Round I,02552,"Savitribai College of Pharmacy, Bamani",Buldhana,Unaided,GSEBC,State Level,Any,26629,48.67
2024-25,D Pharmacy,CAP Round I,02552,"Savitribai College of Pharmacy, Bamani",Buldhana,Unaided,LOPEN,State Level,Ladies,23,96.33
2024-25,D Pharmacy,CAP Round I,02552,"Savitribai College of Pharmacy, Bamani",Buldhana,Unaided,LSC,State Level,Ladies,44,95.0
2024-25,D Pharmacy,CAP Round I,02552,"Savitribai College of Pharmacy, Bamani",Buldhana,Unaided,LST,State Level,Ladies,28879,45.67
2024-25,D Pharmacy,CAP Round I,02552,"Savitribai College of Pharmacy, Bamani",Buldhana,Unaided,LNTB,State Level,Ladies,223,91.0
2024-25,D Pharmacy,CAP Round I,02552,"Savitribai College of Pharmacy, Bamani",Buldhana,Unaided,LNTC,State Level,Ladies,3367,80.67
2024-25,D Pharmacy,CAP Round I,02552,"Savitribai College of Pharmacy, Bamani",Buldhana,Unaided,LOBC,State Level,Ladies,48,95.0
2024-25,D Pharmacy,CAP Round I,02552,"Savitribai College of Pharmacy, Bamani",Buldhana,Unaided,LSEBC,State Level,Ladies,82,93.67
2024-25,D Pharmacy,CAP Round I,02552,"Savitribai College of Pharmacy, Bamani",Buldhana,Unaided,EWS,Special,Any,22002,54.67
2024-25,D Pharmacy,CAP Round I,02552,"Savitribai College of Pharmacy, Bamani",Buldhana,Unaided,TFWS,Special,Any,3873,80.0
2024-25,D Pharmacy,CAP Round I,02553,"Latur College of Pharmacy, Gurunathappa Bavage Knowledge City",Latur,Unaided,GOPEN,State Level,Any,36682,35.0
2024-25,D Pharmacy,CAP Round I,02553,"Latur College of Pharmacy, Gurunathappa Bavage Knowledge City",Latur,Unaided,LOPEN,State Level,Ladies,33758,40.0
2024-25,D Pharmacy,CAP Round I,02553,"Latur College of Pharmacy, Gurunathappa Bavage Knowledge City",Latur,Unaided,EWS,Special,Any,1046,86.33
2024-25,D Pharmacy,CAP Round I,02554,"Mauli College of Pharmacy(B.Pharm), Tondar, Udgir",Latur,Unaided,GOPEN,State Level,Any,15606,63.33
2024-25,D Pharmacy,CAP Round I,02554,"Mauli College of Pharmacy(B.Pharm), Tondar, Udgir",Latur,Unaided,GSC,State Level,Any,34130,39.33
2024-25,D Pharmacy,CAP Round I,02554,"Mauli College of Pharmacy(B.Pharm), Tondar, Udgir",Latur,Unaided,GNTC,State Level,Any,27592,47.67
2024-25,D Pharmacy,CAP Round I,02554,"Mauli College of Pharmacy(B.Pharm), Tondar, Udgir",Latur,Unaided,LOPEN,State Level,Ladies,15561,63.33
2024-25,D Pharmacy,CAP Round I,02554,"Mauli College of Pharmacy(B.Pharm), Tondar, Udgir",Latur,Unaided,LSC,State Level,Ladies,36080,36.67
2024-25,D Pharmacy,CAP Round I,02554,"Mauli College of Pharmacy(B.Pharm), Tondar, Udgir",Latur,Unaided,LNTA,State Level,Ladies,17490,60.67
2024-25,D Pharmacy,CAP Round I,02554,"Mauli College of Pharmacy(B.Pharm), Tondar, Udgir",Latur,Unaided,PWDOPEN,State Level,Any,7434,74.33
2024-25,D Pharmacy,CAP Round I,02554,"Mauli College of Pharmacy(B.Pharm), Tondar, Udgir",Latur,Unaided,EWS,Special,Any,25758,50.0
2024-25,D Pharmacy,CAP Round I,02554,"Mauli College of Pharmacy(B.Pharm), Tondar, Udgir",Latur,Unaided,TFWS,Special,Any,17182,61.0
2024-25,D Pharmacy,CAP Round I,02555,"Aditya Institute of Pharmacutical, Beed",Beed,Unaided,GOPEN,State Level,Any,6730,75.33
2024-25,D Pharmacy,CAP Round I,02555,"Aditya Institute of Pharmacutical, Beed",Beed,Unaided,GSC,State Level,Any,20362,57.0
2024-25,D Pharmacy,CAP Round I,02555,"Aditya Institute of Pharmacutical, Beed",Beed,Unaided,GNTA,State Level,Any,7861,74.0
2024-25,D Pharmacy,CAP Round I,02555,"Aditya Institute of Pharmacutical, Beed",Beed,Unaided,GNTC,State Level,Any,9176,72.0
2024-25,D Pharmacy,CAP Round I,02555,"Aditya Institute of Pharmacutical, Beed",Beed,Unaided,GNTD,State Level,Any,8692,72.67
2024-25,D Pharmacy,CAP Round I,02555,"Aditya Institute of Pharmacutical, Beed",Beed,Unaided,GOBC,State Level,Any,11590,68.67
2024-25,D Pharmacy,CAP Round I,02555,"Aditya Institute of Pharmacutical, Beed",Beed,Unaided,GSEBC,State Level,Any,9929,71.0
2024-25,D Pharmacy,CAP Round I,02555,"Aditya Institute of Pharmacutical, Beed",Beed,Unaided,LOPEN,State Level,Ladies,5358,77.33
2024-25,D Pharmacy,CAP Round I,02555,"Aditya Institute of Pharmacutical, Beed",Beed,Unaided,LSC,State Level,Ladies,19322,58.33
2024-25,D Pharmacy,CAP Round I,02555,"Aditya Institute of Pharmacutical, Beed",Beed,Unaided,LNTB,State Level,Ladies,29155,45.33
2024-25,D Pharmacy,CAP Round I,02555,"Aditya Institute of Pharmacutical, Beed",Beed,Unaided,LOBC,State Level,Ladies,13149,66.67
2024-25,D Pharmacy,CAP Round I,02555,"Aditya Institute of Pharmacutical, Beed",Beed,Unaided,EWS,Special,Any,19175,58.33
2024-25,D Pharmacy,CAP Round I,02555,"Aditya Institute of Pharmacutical, Beed",Beed,Unaided,TFWS,Special,Any,11549,68.67
2024-25,D Pharmacy,CAP Round I,02555,"Aditya Institute of Pharmacutical, Beed",Beed,Unaided,LNTC,State Level,Ladies,11149,69.33
2024-25,D Pharmacy,CAP Round I,02556,"Rajashri Shahu College of Pharmacy, Markhel",Nanded,Unaided,GOPEN,State Level,Any,18074,60.0
2024-25,D Pharmacy,CAP Round I,02556,"Rajashri Shahu College of Pharmacy, Markhel",Nanded,Unaided,GSC,State Level,Any,25964,49.67
2024-25,D Pharmacy,CAP Round I,02556,"Rajashri Shahu College of Pharmacy, Markhel",Nanded,Unaided,GNTA,State Level,Any,36599,35.33
2024-25,D Pharmacy,CAP Round I,02556,"Rajashri Shahu College of Pharmacy, Markhel",Nanded,Unaided,LOPEN,State Level,Ladies,11004,69.67
2024-25,D Pharmacy,CAP Round I,02556,"Rajashri Shahu College of Pharmacy, Markhel",Nanded,Unaided,LSC,State Level,Ladies,23686,52.67
2024-25,D Pharmacy,CAP Round I,02556,"Rajashri Shahu College of Pharmacy, Markhel",Nanded,Unaided,LNTA,State Level,Ladies,29459,45.0
2024-25,D Pharmacy,CAP Round I,02556,"Rajashri Shahu College of Pharmacy, Markhel",Nanded,Unaided,LNTC,State Level,Ladies,17083,61.33
2024-25,D Pharmacy,CAP Round I,02556,"Rajashri Shahu College of Pharmacy, Markhel",Nanded,Unaided,LSEBC,State Level,Ladies,17914,60.0
2024-25,D Pharmacy,CAP Round I,02556,"Rajashri Shahu College of Pharmacy, Markhel",Nanded,Unaided,EWS,Special,Any,32136,42.0
2024-25,D Pharmacy,CAP Round I,02556,"Rajashri Shahu College of Pharmacy, Markhel",Nanded,Unaided,TFWS,Special,Any,35229,38.0
2024-25,D Pharmacy,CAP Round I,02557,"Anand Charitable Sanstha's Gangai Pharmacy College, Kada",Beed,Unaided,GOPEN,State Level,Any,10106,70.67
2024-25,D Pharmacy,CAP Round I,02557,"Anand Charitable Sanstha's Gangai Pharmacy College, Kada",Beed,Unaided,GSC,State Level,Any,29953,44.67
2024-25,D Pharmacy,CAP Round I,02557,"Anand Charitable Sanstha's Gangai Pharmacy College, Kada",Beed,Unaided,GNTA,State Level,Any,16144,62.33
2024-25,D Pharmacy,CAP Round I,02557,"Anand Charitable Sanstha's Gangai Pharmacy College, Kada",Beed,Unaided,GNTB,State Level,Any,10581,70.0
2024-25,D Pharmacy,CAP Round I,02557,"Anand Charitable Sanstha's Gangai Pharmacy College, Kada",Beed,Unaided,GNTC,State Level,Any,13438,66.33
2024-25,D Pharmacy,CAP Round I,02557,"Anand Charitable Sanstha's Gangai Pharmacy College, Kada",Beed,Unaided,GNTD,State Level,Any,12213,68.0
2024-25,D Pharmacy,CAP Round I,02557,"Anand Charitable Sanstha's Gangai Pharmacy College, Kada",Beed,Unaided,GOBC,State Level,Any,31804,42.33
2024-25,D Pharmacy,CAP Round I,02557,"Anand Charitable Sanstha's Gangai Pharmacy College, Kada",Beed,Unaided,GSEBC,State Level,Any,11248,69.33
2024-25,D Pharmacy,CAP Round I,02557,"Anand Charitable Sanstha's Gangai Pharmacy College, Kada",Beed,Unaided,LOPEN,State Level,Ladies,5798,76.67
2024-25,D Pharmacy,CAP Round I,02557,"Anand Charitable Sanstha's Gangai Pharmacy College, Kada",Beed,Unaided,LSC,State Level,Ladies,31582,42.67
2024-25,D Pharmacy,CAP Round I,02557,"Anand Charitable Sanstha's Gangai Pharmacy College, Kada",Beed,Unaided,LNTC,State Level,Ladies,15856,63.0
2024-25,D Pharmacy,CAP Round I,02557,"Anand Charitable Sanstha's Gangai Pharmacy College, Kada",Beed,Unaided,LOBC,State Level,Ladies,14118,65.33
2024-25,D Pharmacy,CAP Round I,02557,"Anand Charitable Sanstha's Gangai Pharmacy College, Kada",Beed,Unaided,LSEBC,State Level,Ladies,6755,75.33
2024-25,D Pharmacy,CAP Round I,02557,"Anand Charitable Sanstha's Gangai Pharmacy College, Kada",Beed,Unaided,EWS,Special,Any,8052,73.67
2024-25,D Pharmacy,CAP Round I,02557,"Anand Charitable Sanstha's Gangai Pharmacy College, Kada",Beed,Unaided,TFWS,Special,Any,2240,83.0
2024-25,D Pharmacy,CAP Round I,02558,"Dnyansadhana Institute of Pharmacy, Dharmapuri",Jalna,Unaided,GOPEN,State Level,Any,23506,52.67
2024-25,D Pharmacy,CAP Round I,02558,"Dnyansadhana Institute of Pharmacy, Dharmapuri",Jalna,Unaided,GSC,State Level,Any,35125,38.33
2024-25,D Pharmacy,CAP Round I,02558,"Dnyansadhana Institute of Pharmacy, Dharmapuri",Jalna,Unaided,GNTA,State Level,Any,29395,45.33
2024-25,D Pharmacy,CAP Round I,02558,"Dnyansadhana Institute of Pharmacy, Dharmapuri",Jalna,Unaided,GNTB,State Level,Any,31659,42.33
2024-25,D Pharmacy,CAP Round I,02558,"Dnyansadhana Institute of Pharmacy, Dharmapuri",Jalna,Unaided,GNTC,State Level,Any,26569,48.67
2024-25,D Pharmacy,CAP Round I,02558,"Dnyansadhana Institute of Pharmacy, Dharmapuri",Jalna,Unaided,GOBC,State Level,Any,25260,50.33
2024-25,D Pharmacy,CAP Round I,02558,"Dnyansadhana Institute of Pharmacy, Dharmapuri",Jalna,Unaided,GSEBC,State Level,Any,29713,44.67
2024-25,D Pharmacy,CAP Round I,02558,"Dnyansadhana Institute of Pharmacy, Dharmapuri",Jalna,Unaided,LOPEN,State Level,Ladies,14443,64.67
2024-25,D Pharmacy,CAP Round I,02558,"Dnyansadhana Institute of Pharmacy, Dharmapuri",Jalna,Unaided,LSC,State Level,Ladies,32993,40.67
2024-25,D Pharmacy,CAP Round I,02558,"Dnyansadhana Institute of Pharmacy, Dharmapuri",Jalna,Unaided,LOBC,State Level,Ladies,36677,35.0
2024-25,D Pharmacy,CAP Round I,02558,"Dnyansadhana Institute of Pharmacy, Dharmapuri",Jalna,Unaided,LSEBC,State Level,Ladies,17648,60.33
2024-25,D Pharmacy,CAP Round I,02558,"Dnyansadhana Institute of Pharmacy, Dharmapuri",Jalna,Unaided,TFWS,Special,Any,11275,69.0
2024-25,D Pharmacy,CAP Round I,02559,"Kandhar College of Pharmacy, Kandhar",Nanded,Unaided,GOPEN,State Level,Any,8301,73.33
2024-25,D Pharmacy,CAP Round I,02559,"Kandhar College of Pharmacy, Kandhar",Nanded,Unaided,GSC,State Level,Any,34038,39.67
2024-25,D Pharmacy,CAP Round I,02559,"Kandhar College of Pharmacy, Kandhar",Nanded,Unaided,GNTA,State Level,Any,10883,69.67
2024-25,D Pharmacy,CAP Round I,02559,"Kandhar College of Pharmacy, Kandhar",Nanded,Unaided,GNTB,State Level,Any,8559,73.0
2024-25,D Pharmacy,CAP Round I,02559,"Kandhar College of Pharmacy, Kandhar",Nanded,Unaided,GNTC,State Level,Any,19106,58.67
2024-25,D Pharmacy,CAP Round I,02559,"Kandhar College of Pharmacy, Kandhar",Nanded,Unaided,GOBC,State Level,Any,30335,44.0
2024-25,D Pharmacy,CAP Round I,02559,"Kandhar College of Pharmacy, Kandhar",Nanded,Unaided,GSEBC,State Level,Any,28678,46.0
2024-25,D Pharmacy,CAP Round I,02559,"Kandhar College of Pharmacy, Kandhar",Nanded,Unaided,LOPEN,State Level,Ladies,5626,77.0
2024-25,D Pharmacy,CAP Round I,02559,"Kandhar College of Pharmacy, Kandhar",Nanded,Unaided,LSC,State Level,Ladies,12101,68.0
2024-25,D Pharmacy,CAP Round I,02559,"Kandhar College of Pharmacy, Kandhar",Nanded,Unaided,LNTD,State Level,Ladies,15973,62.67
2024-25,D Pharmacy,CAP Round I,02559,"Kandhar College of Pharmacy, Kandhar",Nanded,Unaided,LOBC,State Level,Ladies,15074,64.0
2024-25,D Pharmacy,CAP Round I,02559,"Kandhar College of Pharmacy, Kandhar",Nanded,Unaided,LSEBC,State Level,Ladies,10264,70.67
2024-25,D Pharmacy,CAP Round I,02559,"Kandhar College of Pharmacy, Kandhar",Nanded,Unaided,PWDOPEN,State Level,Any,7196,74.67
2024-25,D Pharmacy,CAP Round I,02559,"Kandhar College of Pharmacy, Kandhar",Nanded,Unaided,EWS,Special,Any,35126,38.33
2024-25,D Pharmacy,CAP Round I,02559,"Kandhar College of Pharmacy, Kandhar",Nanded,Unaided,TFWS,Special,Any,6479,75.67
2024-25,D Pharmacy,CAP Round I,02560,"Anand Charitable Sanstha's College of Pharmaceutical Science & Research, Ashti",Beed,Unaided,GOPEN,State Level,Any,10559,70.0
2024-25,D Pharmacy,CAP Round I,02560,"Anand Charitable Sanstha's College of Pharmaceutical Science & Research, Ashti",Beed,Unaided,GSC,State Level,Any,28948,45.67
2024-25,D Pharmacy,CAP Round I,02560,"Anand Charitable Sanstha's College of Pharmaceutical Science & Research, Ashti",Beed,Unaided,GNTC,State Level,Any,16457,62.0
2024-25,D Pharmacy,CAP Round I,02560,"Anand Charitable Sanstha's College of Pharmaceutical Science & Research, Ashti",Beed,Unaided,GNTD,State Level,Any,13033,66.67
2024-25,D Pharmacy,CAP Round I,02560,"Anand Charitable Sanstha's College of Pharmaceutical Science & Research, Ashti",Beed,Unaided,GOBC,State Level,Any,28930,45.67
2024-25,D Pharmacy,CAP Round I,02560,"Anand Charitable Sanstha's College of Pharmaceutical Science & Research, Ashti",Beed,Unaided,GSEBC,State Level,Any,17972,60.0
2024-25,D Pharmacy,CAP Round I,02560,"Anand Charitable Sanstha's College of Pharmaceutical Science & Research, Ashti",Beed,Unaided,LOPEN,State Level,Ladies,4317,79.0
2024-25,D Pharmacy,CAP Round I,02560,"Anand Charitable Sanstha's College of Pharmaceutical Science & Research, Ashti",Beed,Unaided,LSC,State Level,Ladies,15621,63.33
2024-25,D Pharmacy,CAP Round I,02560,"Anand Charitable Sanstha's College of Pharmaceutical Science & Research, Ashti",Beed,Unaided,LOBC,State Level,Ladies,15753,63.0
2024-25,D Pharmacy,CAP Round I,02560,"Anand Charitable Sanstha's College of Pharmaceutical Science & Research, Ashti",Beed,Unaided,LSEBC,State Level,Ladies,9121,72.0
2024-25,D Pharmacy,CAP Round I,02560,"Anand Charitable Sanstha's College of Pharmaceutical Science & Research, Ashti",Beed,Unaided,EWS,Special,Any,23001,53.67
2024-25,D Pharmacy,CAP Round I,02560,"Anand Charitable Sanstha's College of Pharmaceutical Science & Research, Ashti",Beed,Unaided,TFWS,Special,Any,1332,85.33
2024-25,D Pharmacy,CAP Round I,02561,"Rajesh Bhaiyya Tope College of B Pharmacy, Nipani, Aurangbad",Chhatrapati Sambhajinagar,Unaided,GOPEN,State Level,Any,32738,41.0
2024-25,D Pharmacy,CAP Round I,02561,"Rajesh Bhaiyya Tope College of B Pharmacy, Nipani, Aurangbad",Chhatrapati Sambhajinagar,Unaided,LOPEN,State Level,Ladies,14266,65.0
2024-25,D Pharmacy,CAP Round I,02561,"Rajesh Bhaiyya Tope College of B Pharmacy, Nipani, Aurangbad",Chhatrapati Sambhajinagar,Unaided,LOBC,State Level,Ladies,17196,61.0
2024-25,D Pharmacy,CAP Round I,02561,"Rajesh Bhaiyya Tope College of B Pharmacy, Nipani, Aurangbad",Chhatrapati Sambhajinagar,Unaided,LSEBC,State Level,Ladies,16438,62.0
2024-25,D Pharmacy,CAP Round I,02561,"Rajesh Bhaiyya Tope College of B Pharmacy, Nipani, Aurangbad",Chhatrapati Sambhajinagar,Unaided,TFWS,Special,Any,15311,63.67
2024-25,D Pharmacy,CAP Round I,02563,"Shri Sai Janvikas Pratisthan's R.P. College of Pharmacy, Osmanabad",Dharashiv,Unaided,GOPEN,State Level,Any,15500,63.33
2024-25,D Pharmacy,CAP Round I,02563,"Shri Sai Janvikas Pratisthan's R.P. College of Pharmacy, Osmanabad",Dharashiv,Unaided,GSC,State Level,Any,33417,40.33
2024-25,D Pharmacy,CAP Round I,02563,"Shri Sai Janvikas Pratisthan's R.P. College of Pharmacy, Osmanabad",Dharashiv,Unaided,GNTA,State Level,Any,21395,55.67
2024-25,D Pharmacy,CAP Round I,02563,"Shri Sai Janvikas Pratisthan's R.P. College of Pharmacy, Osmanabad",Dharashiv,Unaided,GOBC,State Level,Any,35158,38.0
2024-25,D Pharmacy,CAP Round I,02563,"Shri Sai Janvikas Pratisthan's R.P. College of Pharmacy, Osmanabad",Dharashiv,Unaided,GSEBC,State Level,Any,26836,48.33
2024-25,D Pharmacy,CAP Round I,02563,"Shri Sai Janvikas Pratisthan's R.P. College of Pharmacy, Osmanabad",Dharashiv,Unaided,LOPEN,State Level,Ladies,5381,77.33
2024-25,D Pharmacy,CAP Round I,02563,"Shri Sai Janvikas Pratisthan's R.P. College of Pharmacy, Osmanabad",Dharashiv,Unaided,LSC,State Level,Ladies,14694,64.33
2024-25,D Pharmacy,CAP Round I,02563,"Shri Sai Janvikas Pratisthan's R.P. College of Pharmacy, Osmanabad",Dharashiv,Unaided,LNTA,State Level,Ladies,23860,52.33
2024-25,D Pharmacy,CAP Round I,02563,"Shri Sai Janvikas Pratisthan's R.P. College of Pharmacy, Osmanabad",Dharashiv,Unaided,LNTC,State Level,Ladies,30865,43.33
2024-25,D Pharmacy,CAP Round I,02563,"Shri Sai Janvikas Pratisthan's R.P. College of Pharmacy, Osmanabad",Dharashiv,Unaided,LOBC,State Level,Ladies,10538,70.0
2024-25,D Pharmacy,CAP Round I,02563,"Shri Sai Janvikas Pratisthan's R.P. College of Pharmacy, Osmanabad",Dharashiv,Unaided,LSEBC,State Level,Ladies,22699,54.0
2024-25,D Pharmacy,CAP Round I,02563,"Shri Sai Janvikas Pratisthan's R.P. College of Pharmacy, Osmanabad",Dharashiv,Unaided,EWS,Special,Any,26608,48.67
2024-25,D Pharmacy,CAP Round I,02563,"Shri Sai Janvikas Pratisthan's R.P. College of Pharmacy, Osmanabad",Dharashiv,Unaided,TFWS,Special,Any,21327,55.67
2024-25,D Pharmacy,CAP Round I,02564,"Shri. Dhaneshwari Manav Vikas Mandal's S.V.P. College of Pharmacy, Hingoli",Hingoli,Unaided,GOPEN,State Level,Any,24224,52.0
2024-25,D Pharmacy,CAP Round I,02564,"Shri. Dhaneshwari Manav Vikas Mandal's S.V.P. College of Pharmacy, Hingoli",Hingoli,Unaided,GSC,State Level,Any,32974,41.0
2024-25,D Pharmacy,CAP Round I,02564,"Shri. Dhaneshwari Manav Vikas Mandal's S.V.P. College of Pharmacy, Hingoli",Hingoli,Unaided,GST,State Level,Any,25132,50.67
2024-25,D Pharmacy,CAP Round I,02564,"Shri. Dhaneshwari Manav Vikas Mandal's S.V.P. College of Pharmacy, Hingoli",Hingoli,Unaided,GNTA,State Level,Any,33682,40.0
2024-25,D Pharmacy,CAP Round I,02564,"Shri. Dhaneshwari Manav Vikas Mandal's S.V.P. College of Pharmacy, Hingoli",Hingoli,Unaided,GSEBC,State Level,Any,33816,39.67
2024-25,D Pharmacy,CAP Round I,02564,"Shri. Dhaneshwari Manav Vikas Mandal's S.V.P. College of Pharmacy, Hingoli",Hingoli,Unaided,LOPEN,State Level,Ladies,12804,67.0
2024-25,D Pharmacy,CAP Round I,02564,"Shri. Dhaneshwari Manav Vikas Mandal's S.V.P. College of Pharmacy, Hingoli",Hingoli,Unaided,LNTC,State Level,Ladies,14043,65.33
2024-25,D Pharmacy,CAP Round I,02564,"Shri. Dhaneshwari Manav Vikas Mandal's S.V.P. College of Pharmacy, Hingoli",Hingoli,Unaided,LOBC,State Level,Ladies,31390,42.67
2024-25,D Pharmacy,CAP Round I,02564,"Shri. Dhaneshwari Manav Vikas Mandal's S.V.P. College of Pharmacy, Hingoli",Hingoli,Unaided,LSEBC,State Level,Ladies,13957,65.33
2024-25,D Pharmacy,CAP Round I,02564,"Shri. Dhaneshwari Manav Vikas Mandal's S.V.P. College of Pharmacy, Hingoli",Hingoli,Unaided,PWDOPEN,State Level,Any,28220,46.67
2024-25,D Pharmacy,CAP Round I,02564,"Shri. Dhaneshwari Manav Vikas Mandal's S.V.P. College of Pharmacy, Hingoli",Hingoli,Unaided,EWS,Special,Any,28598,46.33
2024-25,D Pharmacy,CAP Round I,02564,"Shri. Dhaneshwari Manav Vikas Mandal's S.V.P. College of Pharmacy, Hingoli",Hingoli,Unaided,TFWS,Special,Any,12742,67.0
2024-25,D Pharmacy,CAP Round I,02565,"Usha Dwarkadas Pathrikar Institute of Pharmacy, Dongargaon Kawad",Gondia,Unaided,GOPEN,State Level,Any,6979,75.0
2024-25,D Pharmacy,CAP Round I,02565,"Usha Dwarkadas Pathrikar Institute of Pharmacy, Dongargaon Kawad",Gondia,Unaided,GSC,State Level,Any,20868,56.33
2024-25,D Pharmacy,CAP Round I,02565,"Usha Dwarkadas Pathrikar Institute of Pharmacy, Dongargaon Kawad",Gondia,Unaided,GNTB,State Level,Any,13262,66.33
2024-25,D Pharmacy,CAP Round I,02565,"Usha Dwarkadas Pathrikar Institute of Pharmacy, Dongargaon Kawad",Gondia,Unaided,GNTC,State Level,Any,9957,71.0
2024-25,D Pharmacy,CAP Round I,02565,"Usha Dwarkadas Pathrikar Institute of Pharmacy, Dongargaon Kawad",Gondia,Unaided,GOBC,State Level,Any,8463,73.0
2024-25,D Pharmacy,CAP Round I,02565,"Usha Dwarkadas Pathrikar Institute of Pharmacy, Dongargaon Kawad",Gondia,Unaided,GSEBC,State Level,Any,14125,65.33
2024-25,D Pharmacy,CAP Round I,02565,"Usha Dwarkadas Pathrikar Institute of Pharmacy, Dongargaon Kawad",Gondia,Unaided,LOPEN,State Level,Ladies,4181,79.33
2024-25,D Pharmacy,CAP Round I,02565,"Usha Dwarkadas Pathrikar Institute of Pharmacy, Dongargaon Kawad",Gondia,Unaided,LSC,State Level,Ladies,22336,54.33
2024-25,D Pharmacy,CAP Round I,02565,"Usha Dwarkadas Pathrikar Institute of Pharmacy, Dongargaon Kawad",Gondia,Unaided,LOBC,State Level,Ladies,10303,70.33
2024-25,D Pharmacy,CAP Round I,02565,"Usha Dwarkadas Pathrikar Institute of Pharmacy, Dongargaon Kawad",Gondia,Unaided,LSEBC,State Level,Ladies,12570,67.33
2024-25,D Pharmacy,CAP Round I,02565,"Usha Dwarkadas Pathrikar Institute of Pharmacy, Dongargaon Kawad",Gondia,Unaided,EWS,Special,Any,21665,55.33
2024-25,D Pharmacy,CAP Round I,02565,"Usha Dwarkadas Pathrikar Institute of Pharmacy, Dongargaon Kawad",Gondia,Unaided,TFWS,Special,Any,8192,73.33
2024-25,D Pharmacy,CAP Round I,02566,"Matoshri Institute of Pharmacy, Vaijapur",Chhatrapati Sambhajinagar,Unaided,GOPEN,State Level,Any,14331,65.0
2024-25,D Pharmacy,CAP Round I,02566,"Matoshri Institute of Pharmacy, Vaijapur",Chhatrapati Sambhajinagar,Unaided,GSC,State Level,Any,21680,55.33
2024-25,D Pharmacy,CAP Round I,02566,"Matoshri Institute of Pharmacy, Vaijapur",Chhatrapati Sambhajinagar,Unaided,GNTA,State Level,Any,17817,60.33
2024-25,D Pharmacy,CAP Round I,02566,"Matoshri Institute of Pharmacy, Vaijapur",Chhatrapati Sambhajinagar,Unaided,GOBC,State Level,Any,28642,46.33
2024-25,D Pharmacy,CAP Round I,02566,"Matoshri Institute of Pharmacy, Vaijapur",Chhatrapati Sambhajinagar,Unaided,GSEBC,State Level,Any,27417,47.67
2024-25,D Pharmacy,CAP Round I,02566,"Matoshri Institute of Pharmacy, Vaijapur",Chhatrapati Sambhajinagar,Unaided,LOPEN,State Level,Ladies,8708,72.67
2024-25,D Pharmacy,CAP Round I,02566,"Matoshri Institute of Pharmacy, Vaijapur",Chhatrapati Sambhajinagar,Unaided,LSC,State Level,Ladies,13899,65.67
2024-25,D Pharmacy,CAP Round I,02566,"Matoshri Institute of Pharmacy, Vaijapur",Chhatrapati Sambhajinagar,Unaided,LNTC,State Level,Ladies,12910,67.0
2024-25,D Pharmacy,CAP Round I,02566,"Matoshri Institute of Pharmacy, Vaijapur",Chhatrapati Sambhajinagar,Unaided,LOBC,State Level,Ladies,10102,70.67
2024-25,D Pharmacy,CAP Round I,02566,"Matoshri Institute of Pharmacy, Vaijapur",Chhatrapati Sambhajinagar,Unaided,LSEBC,State Level,Ladies,14642,64.67
2024-25,D Pharmacy,CAP Round I,02566,"Matoshri Institute of Pharmacy, Vaijapur",Chhatrapati Sambhajinagar,Unaided,EWS,Special,Any,13726,65.67
2024-25,D Pharmacy,CAP Round I,02566,"Matoshri Institute of Pharmacy, Vaijapur",Chhatrapati Sambhajinagar,Unaided,TFWS,Special,Any,5992,76.67
2024-25,D Pharmacy,CAP Round I,02567,"Yashodeep Institute of Pharmacy, Pimpalgaon Pandhari, Aurangabad.",Chhatrapati Sambhajinagar,Unaided,GOPEN,State Level,Any,18872,59.0
2024-25,D Pharmacy,CAP Round I,02567,"Yashodeep Institute of Pharmacy, Pimpalgaon Pandhari, Aurangabad.",Chhatrapati Sambhajinagar,Unaided,GSC,State Level,Any,23286,53.0
2024-25,D Pharmacy,CAP Round I,02567,"Yashodeep Institute of Pharmacy, Pimpalgaon Pandhari, Aurangabad.",Chhatrapati Sambhajinagar,Unaided,GNTA,State Level,Any,30730,43.67
2024-25,D Pharmacy,CAP Round I,02567,"Yashodeep Institute of Pharmacy, Pimpalgaon Pandhari, Aurangabad.",Chhatrapati Sambhajinagar,Unaided,GNTD,State Level,Any,35753,37.33
2024-25,D Pharmacy,CAP Round I,02567,"Yashodeep Institute of Pharmacy, Pimpalgaon Pandhari, Aurangabad.",Chhatrapati Sambhajinagar,Unaided,LOPEN,State Level,Ladies,10962,69.67
2024-25,D Pharmacy,CAP Round I,02567,"Yashodeep Institute of Pharmacy, Pimpalgaon Pandhari, Aurangabad.",Chhatrapati Sambhajinagar,Unaided,LNTA,State Level,Ladies,15065,64.0
2024-25,D Pharmacy,CAP Round I,02567,"Yashodeep Institute of Pharmacy, Pimpalgaon Pandhari, Aurangabad.",Chhatrapati Sambhajinagar,Unaided,LSEBC,State Level,Ladies,12432,67.67
2024-25,D Pharmacy,CAP Round I,02567,"Yashodeep Institute of Pharmacy, Pimpalgaon Pandhari, Aurangabad.",Chhatrapati Sambhajinagar,Unaided,EWS,Special,Any,18345,59.67
2024-25,D Pharmacy,CAP Round I,02568,"Shreeyash Institute of Pharmacy, Aurangabad",Chhatrapati Sambhajinagar,Unaided,GOPEN,State Level,Any,13093,66.67
2024-25,D Pharmacy,CAP Round I,02568,"Shreeyash Institute of Pharmacy, Aurangabad",Chhatrapati Sambhajinagar,Unaided,GSC,State Level,Any,36731,35.0
2024-25,D Pharmacy,CAP Round I,02568,"Shreeyash Institute of Pharmacy, Aurangabad",Chhatrapati Sambhajinagar,Unaided,GST,State Level,Any,34496,39.0
2024-25,D Pharmacy,CAP Round I,02568,"Shreeyash Institute of Pharmacy, Aurangabad",Chhatrapati Sambhajinagar,Unaided,GNTC,State Level,Any,26635,48.67
2024-25,D Pharmacy,CAP Round I,02568,"Shreeyash Institute of Pharmacy, Aurangabad",Chhatrapati Sambhajinagar,Unaided,GNTD,State Level,Any,23473,53.0
2024-25,D Pharmacy,CAP Round I,02568,"Shreeyash Institute of Pharmacy, Aurangabad",Chhatrapati Sambhajinagar,Unaided,GSEBC,State Level,Any,27218,48.0
2024-25,D Pharmacy,CAP Round I,02568,"Shreeyash Institute of Pharmacy, Aurangabad",Chhatrapati Sambhajinagar,Unaided,LOPEN,State Level,Ladies,9681,71.33
2024-25,D Pharmacy,CAP Round I,02568,"Shreeyash Institute of Pharmacy, Aurangabad",Chhatrapati Sambhajinagar,Unaided,LSC,State Level,Ladies,31984,42.0
2024-25,D Pharmacy,CAP Round I,02568,"Shreeyash Institute of Pharmacy, Aurangabad",Chhatrapati Sambhajinagar,Unaided,LNTA,State Level,Ladies,16682,61.67
2024-25,D Pharmacy,CAP Round I,02568,"Shreeyash Institute of Pharmacy, Aurangabad",Chhatrapati Sambhajinagar,Unaided,LOBC,State Level,Ladies,25585,50.0
2024-25,D Pharmacy,CAP Round I,02568,"Shreeyash Institute of Pharmacy, Aurangabad",Chhatrapati Sambhajinagar,Unaided,LSEBC,State Level,Ladies,17942,60.0
2024-25,D Pharmacy,CAP Round I,02568,"Shreeyash Institute of Pharmacy, Aurangabad",Chhatrapati Sambhajinagar,Unaided,EWS,Special,Any,35764,37.33
2024-25,D Pharmacy,CAP Round I,02568,"Shreeyash Institute of Pharmacy, Aurangabad",Chhatrapati Sambhajinagar,Unaided,TFWS,Special,Any,11155,69.33
2024-25,D Pharmacy,CAP Round I,02572,"Shreeyash Institute of Pharmaceutical Education & Research, Aurangabad",Chhatrapati Sambhajinagar,Unaided,GOPEN,State Level,Any,24629,51.33
2024-25,D Pharmacy,CAP Round I,02572,"Shreeyash Institute of Pharmaceutical Education & Research, Aurangabad",Chhatrapati Sambhajinagar,Unaided,GNTA,State Level,Any,27063,48.33
2024-25,D Pharmacy,CAP Round I,02572,"Shreeyash Institute of Pharmaceutical Education & Research, Aurangabad",Chhatrapati Sambhajinagar,Unaided,GNTC,State Level,Any,27941,47.0
2024-25,D Pharmacy,CAP Round I,02572,"Shreeyash Institute of Pharmaceutical Education & Research, Aurangabad",Chhatrapati Sambhajinagar,Unaided,GSEBC,State Level,Any,31540,42.67
2024-25,D Pharmacy,CAP Round I,02572,"Shreeyash Institute of Pharmaceutical Education & Research, Aurangabad",Chhatrapati Sambhajinagar,Unaided,LOPEN,State Level,Ladies,15023,64.0
2024-25,D Pharmacy,CAP Round I,02572,"Shreeyash Institute of Pharmaceutical Education & Research, Aurangabad",Chhatrapati Sambhajinagar,Unaided,LSC,State Level,Ladies,18324,59.67
2024-25,D Pharmacy,CAP Round I,02572,"Shreeyash Institute of Pharmaceutical Education & Research, Aurangabad",Chhatrapati Sambhajinagar,Unaided,LNTC,State Level,Ladies,26624,48.67
2024-25,D Pharmacy,CAP Round I,02572,"Shreeyash Institute of Pharmaceutical Education & Research, Aurangabad",Chhatrapati Sambhajinagar,Unaided,LSEBC,State Level,Ladies,23800,52.33
2024-25,D Pharmacy,CAP Round I,02572,"Shreeyash Institute of Pharmaceutical Education & Research, Aurangabad",Chhatrapati Sambhajinagar,Unaided,EWS,Special,Any,18861,59.0
2024-25,D Pharmacy,CAP Round I,02572,"Shreeyash Institute of Pharmaceutical Education & Research, Aurangabad",Chhatrapati Sambhajinagar,Unaided,TFWS,Special,Any,10487,70.33
2024-25,D Pharmacy,CAP Round I,02575,"Gurukrupa Sevabhavi Sanstha's Gurukrupa Institute of Pharmacy(B.Pharm), Majalegaon, Beed",Beed,Unaided,GOPEN,State Level,Any,13510,66.0
2024-25,D Pharmacy,CAP Round I,02575,"Gurukrupa Sevabhavi Sanstha's Gurukrupa Institute of Pharmacy(B.Pharm), Majalegaon, Beed",Beed,Unaided,GSC,State Level,Any,21096,56.0
2024-25,D Pharmacy,CAP Round I,02575,"Gurukrupa Sevabhavi Sanstha's Gurukrupa Institute of Pharmacy(B.Pharm), Majalegaon, Beed",Beed,Unaided,GNTA,State Level,Any,14874,64.33
2024-25,D Pharmacy,CAP Round I,02575,"Gurukrupa Sevabhavi Sanstha's Gurukrupa Institute of Pharmacy(B.Pharm), Majalegaon, Beed",Beed,Unaided,GNTC,State Level,Any,20860,56.33
2024-25,D Pharmacy,CAP Round I,02575,"Gurukrupa Sevabhavi Sanstha's Gurukrupa Institute of Pharmacy(B.Pharm), Majalegaon, Beed",Beed,Unaided,GNTD,State Level,Any,13900,65.67
2024-25,D Pharmacy,CAP Round I,02575,"Gurukrupa Sevabhavi Sanstha's Gurukrupa Institute of Pharmacy(B.Pharm), Majalegaon, Beed",Beed,Unaided,GOBC,State Level,Any,25228,50.67
2024-25,D Pharmacy,CAP Round I,02575,"Gurukrupa Sevabhavi Sanstha's Gurukrupa Institute of Pharmacy(B.Pharm), Majalegaon, Beed",Beed,Unaided,LOPEN,State Level,Ladies,8082,73.67
2024-25,D Pharmacy,CAP Round I,02575,"Gurukrupa Sevabhavi Sanstha's Gurukrupa Institute of Pharmacy(B.Pharm), Majalegaon, Beed",Beed,Unaided,LSC,State Level,Ladies,9833,71.0
2024-25,D Pharmacy,CAP Round I,02575,"Gurukrupa Sevabhavi Sanstha's Gurukrupa Institute of Pharmacy(B.Pharm), Majalegaon, Beed",Beed,Unaided,LOBC,State Level,Ladies,20323,57.0
2024-25,D Pharmacy,CAP Round I,02575,"Gurukrupa Sevabhavi Sanstha's Gurukrupa Institute of Pharmacy(B.Pharm), Majalegaon, Beed",Beed,Unaided,LSEBC,State Level,Ladies,12888,67.0
2024-25,D Pharmacy,CAP Round I,02575,"Gurukrupa Sevabhavi Sanstha's Gurukrupa Institute of Pharmacy(B.Pharm), Majalegaon, Beed",Beed,Unaided,EWS,Special,Any,21102,56.0
2024-25,D Pharmacy,CAP Round I,02575,"Gurukrupa Sevabhavi Sanstha's Gurukrupa Institute of Pharmacy(B.Pharm), Majalegaon, Beed",Beed,Unaided,TFWS,Special,Any,11522,68.67
2024-25,D Pharmacy,CAP Round I,02576,"VSS Institute of Pharmacy, Badnapur",Jalna,Unaided,GOPEN,State Level,Any,7634,74.33
2024-25,D Pharmacy,CAP Round I,02576,"VSS Institute of Pharmacy, Badnapur",Jalna,Unaided,GSC,State Level,Any,34170,39.33
2024-25,D Pharmacy,CAP Round I,02576,"VSS Institute of Pharmacy, Badnapur",Jalna,Unaided,GNTA,State Level,Any,10704,70.0
2024-25,D Pharmacy,CAP Round I,02576,"VSS Institute of Pharmacy, Badnapur",Jalna,Unaided,GNTB,State Level,Any,13629,66.0
2024-25,D Pharmacy,CAP Round I,02576,"VSS Institute of Pharmacy, Badnapur",Jalna,Unaided,GNTC,State Level,Any,10328,70.33
2024-25,D Pharmacy,CAP Round I,02576,"VSS Institute of Pharmacy, Badnapur",Jalna,Unaided,GNTD,State Level,Any,7800,74.0
2024-25,D Pharmacy,CAP Round I,02576,"VSS Institute of Pharmacy, Badnapur",Jalna,Unaided,GOBC,State Level,Any,14033,65.33
2024-25,D Pharmacy,CAP Round I,02576,"VSS Institute of Pharmacy, Badnapur",Jalna,Unaided,GSEBC,State Level,Any,10239,70.67
2024-25,D Pharmacy,CAP Round I,02576,"VSS Institute of Pharmacy, Badnapur",Jalna,Unaided,LOPEN,State Level,Ladies,4312,79.0
2024-25,D Pharmacy,CAP Round I,02576,"VSS Institute of Pharmacy, Badnapur",Jalna,Unaided,LSC,State Level,Ladies,24858,51.0
2024-25,D Pharmacy,CAP Round I,02576,"VSS Institute of Pharmacy, Badnapur",Jalna,Unaided,LNTC,State Level,Ladies,9333,71.67
2024-25,D Pharmacy,CAP Round I,02576,"VSS Institute of Pharmacy, Badnapur",Jalna,Unaided,LNTD,State Level,Ladies,13335,66.33
2024-25,D Pharmacy,CAP Round I,02576,"VSS Institute of Pharmacy, Badnapur",Jalna,Unaided,LOBC,State Level,Ladies,18936,58.67
2024-25,D Pharmacy,CAP Round I,02576,"VSS Institute of Pharmacy, Badnapur",Jalna,Unaided,LSEBC,State Level,Ladies,7484,74.33
2024-25,D Pharmacy,CAP Round I,02576,"VSS Institute of Pharmacy, Badnapur",Jalna,Unaided,EWS,Special,Any,33262,40.33
2024-25,D Pharmacy,CAP Round I,02576,"VSS Institute of Pharmacy, Badnapur",Jalna,Unaided,TFWS,Special,Any,4105,79.67
2024-25,D Pharmacy,CAP Round I,02577,"Dayanand Education Society's Dayanand Institute of Pharmacy, Latur",Latur,Unaided,GOPEN,State Level,Any,23455,53.0
2024-25,D Pharmacy,CAP Round I,02577,"Dayanand Education Society's Dayanand Institute of Pharmacy, Latur",Latur,Unaided,GSC,State Level,Any,36582,35.33
2024-25,D Pharmacy,CAP Round I,02577,"Dayanand Education Society's Dayanand Institute of Pharmacy, Latur",Latur,Unaided,GNTA,State Level,Any,26545,49.0
2024-25,D Pharmacy,CAP Round I,02577,"Dayanand Education Society's Dayanand Institute of Pharmacy, Latur",Latur,Unaided,GNTC,State Level,Any,32994,40.67
2024-25,D Pharmacy,CAP Round I,02577,"Dayanand Education Society's Dayanand Institute of Pharmacy, Latur",Latur,Unaided,GOBC,State Level,Any,27273,48.0
2024-25,D Pharmacy,CAP Round I,02577,"Dayanand Education Society's Dayanand Institute of Pharmacy, Latur",Latur,Unaided,GSEBC,State Level,Any,35262,38.0
2024-25,D Pharmacy,CAP Round I,02577,"Dayanand Education Society's Dayanand Institute of Pharmacy, Latur",Latur,Unaided,LOPEN,State Level,Ladies,19377,58.33
2024-25,D Pharmacy,CAP Round I,02577,"Dayanand Education Society's Dayanand Institute of Pharmacy, Latur",Latur,Unaided,LSC,State Level,Ladies,32073,42.0
2024-25,D Pharmacy,CAP Round I,02577,"Dayanand Education Society's Dayanand Institute of Pharmacy, Latur",Latur,Unaided,LNTA,State Level,Ladies,21955,55.0
2024-25,D Pharmacy,CAP Round I,02577,"Dayanand Education Society's Dayanand Institute of Pharmacy, Latur",Latur,Unaided,LOBC,State Level,Ladies,35622,37.33
2024-25,D Pharmacy,CAP Round I,02577,"Dayanand Education Society's Dayanand Institute of Pharmacy, Latur",Latur,Unaided,LSEBC,State Level,Ladies,23760,52.33
2024-25,D Pharmacy,CAP Round I,02577,"Dayanand Education Society's Dayanand Institute of Pharmacy, Latur",Latur,Unaided,EWS,Special,Any,22782,53.67
2024-25,D Pharmacy,CAP Round I,02577,"Dayanand Education Society's Dayanand Institute of Pharmacy, Latur",Latur,Unaided,TFWS,Special,Any,18492,59.33
2024-25,D Pharmacy,CAP Round I,02578,"Godavari Institute of Pharmacy, Kolpa, Tal. & Dist. Latur",Latur,Unaided,GOPEN,State Level,Any,19225,58.33
2024-25,D Pharmacy,CAP Round I,02578,"Godavari Institute of Pharmacy, Kolpa, Tal. & Dist. Latur",Latur,Unaided,GSC,State Level,Any,36342,36.0
2024-25,D Pharmacy,CAP Round I,02578,"Godavari Institute of Pharmacy, Kolpa, Tal. & Dist. Latur",Latur,Unaided,GNTC,State Level,Any,26264,49.33
2024-25,D Pharmacy,CAP Round I,02578,"Godavari Institute of Pharmacy, Kolpa, Tal. & Dist. Latur",Latur,Unaided,GNTD,State Level,Any,24533,51.33
2024-25,D Pharmacy,CAP Round I,02578,"Godavari Institute of Pharmacy, Kolpa, Tal. & Dist. Latur",Latur,Unaided,GOBC,State Level,Any,28897,45.67
2024-25,D Pharmacy,CAP Round I,02578,"Godavari Institute of Pharmacy, Kolpa, Tal. & Dist. Latur",Latur,Unaided,GSEBC,State Level,Any,34480,39.0
2024-25,D Pharmacy,CAP Round I,02578,"Godavari Institute of Pharmacy, Kolpa, Tal. & Dist. Latur",Latur,Unaided,LOPEN,State Level,Ladies,14419,64.67
2024-25,D Pharmacy,CAP Round I,02578,"Godavari Institute of Pharmacy, Kolpa, Tal. & Dist. Latur",Latur,Unaided,LSC,State Level,Ladies,28934,45.67
2024-25,D Pharmacy,CAP Round I,02578,"Godavari Institute of Pharmacy, Kolpa, Tal. & Dist. Latur",Latur,Unaided,LNTB,State Level,Ladies,32499,41.33
2024-25,D Pharmacy,CAP Round I,02578,"Godavari Institute of Pharmacy, Kolpa, Tal. & Dist. Latur",Latur,Unaided,EWS,Special,Any,35463,37.67
2024-25,D Pharmacy,CAP Round I,02578,"Godavari Institute of Pharmacy, Kolpa, Tal. & Dist. Latur",Latur,Unaided,TFWS,Special,Any,16325,62.33
2024-25,D Pharmacy,CAP Round I,02578,"Godavari Institute of Pharmacy, Kolpa, Tal. & Dist. Latur",Latur,Unaided,LNTC,State Level,Ladies,29387,45.33
2024-25,D Pharmacy,CAP Round I,02579,"D.K. Patil Institute of Pharmacy, Loha, Nanded",Nanded,Unaided,GOPEN,State Level,Any,20934,56.0
2024-25,D Pharmacy,CAP Round I,02579,"D.K. Patil Institute of Pharmacy, Loha, Nanded",Nanded,Unaided,GSC,State Level,Any,33361,40.33
2024-25,D Pharmacy,CAP Round I,02579,"D.K. Patil Institute of Pharmacy, Loha, Nanded",Nanded,Unaided,GNTB,State Level,Any,33510,40.33
2024-25,D Pharmacy,CAP Round I,02579,"D.K. Patil Institute of Pharmacy, Loha, Nanded",Nanded,Unaided,GNTC,State Level,Any,27916,47.0
2024-25,D Pharmacy,CAP Round I,02579,"D.K. Patil Institute of Pharmacy, Loha, Nanded",Nanded,Unaided,GOBC,State Level,Any,29009,45.67
2024-25,D Pharmacy,CAP Round I,02579,"D.K. Patil Institute of Pharmacy, Loha, Nanded",Nanded,Unaided,LOPEN,State Level,Ladies,11315,69.0
2024-25,D Pharmacy,CAP Round I,02579,"D.K. Patil Institute of Pharmacy, Loha, Nanded",Nanded,Unaided,LSC,State Level,Ladies,29282,45.33
2024-25,D Pharmacy,CAP Round I,02579,"D.K. Patil Institute of Pharmacy, Loha, Nanded",Nanded,Unaided,LNTC,State Level,Ladies,12609,67.33
2024-25,D Pharmacy,CAP Round I,02579,"D.K. Patil Institute of Pharmacy, Loha, Nanded",Nanded,Unaided,LNTD,State Level,Ladies,14693,64.33
2024-25,D Pharmacy,CAP Round I,02579,"D.K. Patil Institute of Pharmacy, Loha, Nanded",Nanded,Unaided,LOBC,State Level,Ladies,24064,52.0
2024-25,D Pharmacy,CAP Round I,02579,"D.K. Patil Institute of Pharmacy, Loha, Nanded",Nanded,Unaided,LSEBC,State Level,Ladies,13470,66.0
2024-25,D Pharmacy,CAP Round I,02579,"D.K. Patil Institute of Pharmacy, Loha, Nanded",Nanded,Unaided,PWDOPEN,State Level,Any,3402,80.67
2024-25,D Pharmacy,CAP Round I,02579,"D.K. Patil Institute of Pharmacy, Loha, Nanded",Nanded,Unaided,EWS,Special,Any,13294,66.33
2024-25,D Pharmacy,CAP Round I,02579,"D.K. Patil Institute of Pharmacy, Loha, Nanded",Nanded,Unaided,TFWS,Special,Any,33394,40.33
2024-25,D Pharmacy,CAP Round I,02580,"Shri.Ramkrishna Paramhans college of Pharmacy, (D.Pharm), Hasnapur, Parbhani",Parbhani,Unaided,GOPEN,State Level,Any,21983,54.67
2024-25,D Pharmacy,CAP Round I,02580,"Shri.Ramkrishna Paramhans college of Pharmacy, (D.Pharm), Hasnapur, Parbhani",Parbhani,Unaided,GSC,State Level,Any,25598,50.0
2024-25,D Pharmacy,CAP Round I,02580,"Shri.Ramkrishna Paramhans college of Pharmacy, (D.Pharm), Hasnapur, Parbhani",Parbhani,Unaided,GNTA,State Level,Any,30000,44.33
2024-25,D Pharmacy,CAP Round I,02580,"Shri.Ramkrishna Paramhans college of Pharmacy, (D.Pharm), Hasnapur, Parbhani",Parbhani,Unaided,GNTC,State Level,Any,25287,50.33
2024-25,D Pharmacy,CAP Round I,02580,"Shri.Ramkrishna Paramhans college of Pharmacy, (D.Pharm), Hasnapur, Parbhani",Parbhani,Unaided,GNTD,State Level,Any,22784,53.67
2024-25,D Pharmacy,CAP Round I,02580,"Shri.Ramkrishna Paramhans college of Pharmacy, (D.Pharm), Hasnapur, Parbhani",Parbhani,Unaided,GOBC,State Level,Any,23295,53.0
2024-25,D Pharmacy,CAP Round I,02580,"Shri.Ramkrishna Paramhans college of Pharmacy, (D.Pharm), Hasnapur, Parbhani",Parbhani,Unaided,LOPEN,State Level,Ladies,16636,61.67
2024-25,D Pharmacy,CAP Round I,02580,"Shri.Ramkrishna Paramhans college of Pharmacy, (D.Pharm), Hasnapur, Parbhani",Parbhani,Unaided,LSC,State Level,Ladies,27128,48.0
2024-25,D Pharmacy,CAP Round I,02580,"Shri.Ramkrishna Paramhans college of Pharmacy, (D.Pharm), Hasnapur, Parbhani",Parbhani,Unaided,LNTC,State Level,Ladies,22803,53.67
2024-25,D Pharmacy,CAP Round I,02580,"Shri.Ramkrishna Paramhans college of Pharmacy, (D.Pharm), Hasnapur, Parbhani",Parbhani,Unaided,LOBC,State Level,Ladies,27557,47.67
2024-25,D Pharmacy,CAP Round I,02580,"Shri.Ramkrishna Paramhans college of Pharmacy, (D.Pharm), Hasnapur, Parbhani",Parbhani,Unaided,LSEBC,State Level,Ladies,35320,38.0
2024-25,D Pharmacy,CAP Round I,02580,"Shri.Ramkrishna Paramhans college of Pharmacy, (D.Pharm), Hasnapur, Parbhani",Parbhani,Unaided,EWS,Special,Any,23223,53.33
2024-25,D Pharmacy,CAP Round I,02580,"Shri.Ramkrishna Paramhans college of Pharmacy, (D.Pharm), Hasnapur, Parbhani",Parbhani,Unaided,TFWS,Special,Any,12338,67.67
2024-25,D Pharmacy,CAP Round I,02581,"Radheya Charitable Trusts Dinesh Bembade College of Pharmacy, Mahalangra, Taluka Chakur",Latur,Unaided,GOPEN,State Level,Any,13644,66.0
2024-25,D Pharmacy,CAP Round I,02581,"Radheya Charitable Trusts Dinesh Bembade College of Pharmacy, Mahalangra, Taluka Chakur",Latur,Unaided,GSC,State Level,Any,35400,37.67
2024-25,D Pharmacy,CAP Round I,02581,"Radheya Charitable Trusts Dinesh Bembade College of Pharmacy, Mahalangra, Taluka Chakur",Latur,Unaided,GST,State Level,Any,30593,43.67
2024-25,D Pharmacy,CAP Round I,02581,"Radheya Charitable Trusts Dinesh Bembade College of Pharmacy, Mahalangra, Taluka Chakur",Latur,Unaided,GNTA,State Level,Any,27195,48.0
2024-25,D Pharmacy,CAP Round I,02581,"Radheya Charitable Trusts Dinesh Bembade College of Pharmacy, Mahalangra, Taluka Chakur",Latur,Unaided,GNTB,State Level,Any,22653,54.0
2024-25,D Pharmacy,CAP Round I,02581,"Radheya Charitable Trusts Dinesh Bembade College of Pharmacy, Mahalangra, Taluka Chakur",Latur,Unaided,GNTC,State Level,Any,20547,56.67
2024-25,D Pharmacy,CAP Round I,02581,"Radheya Charitable Trusts Dinesh Bembade College of Pharmacy, Mahalangra, Taluka Chakur",Latur,Unaided,GNTD,State Level,Any,20473,56.67
2024-25,D Pharmacy,CAP Round I,02581,"Radheya Charitable Trusts Dinesh Bembade College of Pharmacy, Mahalangra, Taluka Chakur",Latur,Unaided,GOBC,State Level,Any,25784,49.67
2024-25,D Pharmacy,CAP Round I,02581,"Radheya Charitable Trusts Dinesh Bembade College of Pharmacy, Mahalangra, Taluka Chakur",Latur,Unaided,GSEBC,State Level,Any,27107,48.0
2024-25,D Pharmacy,CAP Round I,02581,"Radheya Charitable Trusts Dinesh Bembade College of Pharmacy, Mahalangra, Taluka Chakur",Latur,Unaided,LOPEN,State Level,Ladies,9751,71.33
2024-25,D Pharmacy,CAP Round I,02581,"Radheya Charitable Trusts Dinesh Bembade College of Pharmacy, Mahalangra, Taluka Chakur",Latur,Unaided,LSC,State Level,Ladies,17819,60.33
2024-25,D Pharmacy,CAP Round I,02581,"Radheya Charitable Trusts Dinesh Bembade College of Pharmacy, Mahalangra, Taluka Chakur",Latur,Unaided,LNTC,State Level,Ladies,19732,57.67
2024-25,D Pharmacy,CAP Round I,02581,"Radheya Charitable Trusts Dinesh Bembade College of Pharmacy, Mahalangra, Taluka Chakur",Latur,Unaided,LOBC,State Level,Ladies,24592,51.33
2024-25,D Pharmacy,CAP Round I,02581,"Radheya Charitable Trusts Dinesh Bembade College of Pharmacy, Mahalangra, Taluka Chakur",Latur,Unaided,EWS,Special,Any,33123,40.67
2024-25,D Pharmacy,CAP Round I,02581,"Radheya Charitable Trusts Dinesh Bembade College of Pharmacy, Mahalangra, Taluka Chakur",Latur,Unaided,TFWS,Special,Any,21049,56.0
2024-25,D Pharmacy,CAP Round I,02583,"Swami Vivekanand College of Pharmacy, Udgir",Latur,Unaided,GOPEN,State Level,Any,34440,39.0
2024-25,D Pharmacy,CAP Round I,02583,"Swami Vivekanand College of Pharmacy, Udgir",Latur,Unaided,LOPEN,State Level,Ladies,23278,53.0
2024-25,D Pharmacy,CAP Round I,02583,"Swami Vivekanand College of Pharmacy, Udgir",Latur,Unaided,LSC,State Level,Ladies,28609,46.33
2024-25,D Pharmacy,CAP Round I,02583,"Swami Vivekanand College of Pharmacy, Udgir",Latur,Unaided,EWS,Special,Any,9088,72.0
2024-25,D Pharmacy,CAP Round I,02583,"Swami Vivekanand College of Pharmacy, Udgir",Latur,Unaided,TFWS,Special,Any,34967,38.33
2024-25,D Pharmacy,CAP Round I,02584,"Srinath College of Pharmacy, Aurangabad",Chhatrapati Sambhajinagar,Unaided,GOPEN,State Level,Any,8871,72.33
2024-25,D Pharmacy,CAP Round I,02584,"Srinath College of Pharmacy, Aurangabad",Chhatrapati Sambhajinagar,Unaided,GSC,State Level,Any,26901,48.33
2024-25,D Pharmacy,CAP Round I,02584,"Srinath College of Pharmacy, Aurangabad",Chhatrapati Sambhajinagar,Unaided,GNTA,State Level,Any,13971,65.33
2024-25,D Pharmacy,CAP Round I,02584,"Srinath College of Pharmacy, Aurangabad",Chhatrapati Sambhajinagar,Unaided,GNTC,State Level,Any,21321,55.67
2024-25,D Pharmacy,CAP Round I,02584,"Srinath College of Pharmacy, Aurangabad",Chhatrapati Sambhajinagar,Unaided,GNTD,State Level,Any,21000,56.0
2024-25,D Pharmacy,CAP Round I,02584,"Srinath College of Pharmacy, Aurangabad",Chhatrapati Sambhajinagar,Unaided,GOBC,State Level,Any,22350,54.33
2024-25,D Pharmacy,CAP Round I,02584,"Srinath College of Pharmacy, Aurangabad",Chhatrapati Sambhajinagar,Unaided,GSEBC,State Level,Any,12893,67.0
2024-25,D Pharmacy,CAP Round I,02584,"Srinath College of Pharmacy, Aurangabad",Chhatrapati Sambhajinagar,Unaided,LOPEN,State Level,Ladies,3081,81.33
2024-25,D Pharmacy,CAP Round I,02584,"Srinath College of Pharmacy, Aurangabad",Chhatrapati Sambhajinagar,Unaided,LSC,State Level,Ladies,25175,50.67
2024-25,D Pharmacy,CAP Round I,02584,"Srinath College of Pharmacy, Aurangabad",Chhatrapati Sambhajinagar,Unaided,LNTD,State Level,Ladies,6745,75.33
2024-25,D Pharmacy,CAP Round I,02584,"Srinath College of Pharmacy, Aurangabad",Chhatrapati Sambhajinagar,Unaided,LOBC,State Level,Ladies,8737,72.67
2024-25,D Pharmacy,CAP Round I,02584,"Srinath College of Pharmacy, Aurangabad",Chhatrapati Sambhajinagar,Unaided,LSEBC,State Level,Ladies,5805,76.67
2024-25,D Pharmacy,CAP Round I,02584,"Srinath College of Pharmacy, Aurangabad",Chhatrapati Sambhajinagar,Unaided,EWS,Special,Any,17582,60.67
2024-25,D Pharmacy,CAP Round I,02584,"Srinath College of Pharmacy, Aurangabad",Chhatrapati Sambhajinagar,Unaided,TFWS,Special,Any,8141,73.33
2024-25,D Pharmacy,CAP Round I,02586,"Shri. Goraksha College of Pharmacy & Research Centre, Khamgaon, Aurangabad",Chhatrapati Sambhajinagar,Unaided,GOPEN,State Level,Any,4632,78.67
2024-25,D Pharmacy,CAP Round I,02586,"Shri. Goraksha College of Pharmacy & Research Centre, Khamgaon, Aurangabad",Chhatrapati Sambhajinagar,Unaided,GSC,State Level,Any,14529,64.67
2024-25,D Pharmacy,CAP Round I,02586,"Shri. Goraksha College of Pharmacy & Research Centre, Khamgaon, Aurangabad",Chhatrapati Sambhajinagar,Unaided,GST,State Level,Any,29518,45.0
2024-25,D Pharmacy,CAP Round I,02586,"Shri. Goraksha College of Pharmacy & Research Centre, Khamgaon, Aurangabad",Chhatrapati Sambhajinagar,Unaided,GNTC,State Level,Any,5198,77.67
2024-25,D Pharmacy,CAP Round I,02586,"Shri. Goraksha College of Pharmacy & Research Centre, Khamgaon, Aurangabad",Chhatrapati Sambhajinagar,Unaided,GNTD,State Level,Any,19056,58.67
2024-25,D Pharmacy,CAP Round I,02586,"Shri. Goraksha College of Pharmacy & Research Centre, Khamgaon, Aurangabad",Chhatrapati Sambhajinagar,Unaided,GOBC,State Level,Any,8480,73.0
2024-25,D Pharmacy,CAP Round I,02586,"Shri. Goraksha College of Pharmacy & Research Centre, Khamgaon, Aurangabad",Chhatrapati Sambhajinagar,Unaided,GSEBC,State Level,Any,11993,68.0
2024-25,D Pharmacy,CAP Round I,02586,"Shri. Goraksha College of Pharmacy & Research Centre, Khamgaon, Aurangabad",Chhatrapati Sambhajinagar,Unaided,LOPEN,State Level,Ladies,2303,83.0
2024-25,D Pharmacy,CAP Round I,02586,"Shri. Goraksha College of Pharmacy & Research Centre, Khamgaon, Aurangabad",Chhatrapati Sambhajinagar,Unaided,LSC,State Level,Ladies,18298,59.67
2024-25,D Pharmacy,CAP Round I,02586,"Shri. Goraksha College of Pharmacy & Research Centre, Khamgaon, Aurangabad",Chhatrapati Sambhajinagar,Unaided,LOBC,State Level,Ladies,12098,68.0
2024-25,D Pharmacy,CAP Round I,02586,"Shri. Goraksha College of Pharmacy & Research Centre, Khamgaon, Aurangabad",Chhatrapati Sambhajinagar,Unaided,LSEBC,State Level,Ladies,6168,76.33
2024-25,D Pharmacy,CAP Round I,02586,"Shri. Goraksha College of Pharmacy & Research Centre, Khamgaon, Aurangabad",Chhatrapati Sambhajinagar,Unaided,EWS,Special,Any,19831,57.67
2024-25,D Pharmacy,CAP Round I,02586,"Shri. Goraksha College of Pharmacy & Research Centre, Khamgaon, Aurangabad",Chhatrapati Sambhajinagar,Unaided,TFWS,Special,Any,603,88.33
2024-25,D Pharmacy,CAP Round I,02587,"Nandkumar Shinde College of Pharmacy, Vaijapur",Chhatrapati Sambhajinagar,Unaided,GOPEN,State Level,Any,18931,58.67
2024-25,D Pharmacy,CAP Round I,02587,"Nandkumar Shinde College of Pharmacy, Vaijapur",Chhatrapati Sambhajinagar,Unaided,GSC,State Level,Any,27746,47.33
2024-25,D Pharmacy,CAP Round I,02587,"Nandkumar Shinde College of Pharmacy, Vaijapur",Chhatrapati Sambhajinagar,Unaided,GNTC,State Level,Any,22118,54.67
2024-25,D Pharmacy,CAP Round I,02587,"Nandkumar Shinde College of Pharmacy, Vaijapur",Chhatrapati Sambhajinagar,Unaided,GOBC,State Level,Any,26359,49.0
2024-25,D Pharmacy,CAP Round I,02587,"Nandkumar Shinde College of Pharmacy, Vaijapur",Chhatrapati Sambhajinagar,Unaided,GSEBC,State Level,Any,19967,57.33
2024-25,D Pharmacy,CAP Round I,02587,"Nandkumar Shinde College of Pharmacy, Vaijapur",Chhatrapati Sambhajinagar,Unaided,LOPEN,State Level,Ladies,7304,74.67
2024-25,D Pharmacy,CAP Round I,02587,"Nandkumar Shinde College of Pharmacy, Vaijapur",Chhatrapati Sambhajinagar,Unaided,LSC,State Level,Ladies,29291,45.33
2024-25,D Pharmacy,CAP Round I,02587,"Nandkumar Shinde College of Pharmacy, Vaijapur",Chhatrapati Sambhajinagar,Unaided,LOBC,State Level,Ladies,31827,42.33
2024-25,D Pharmacy,CAP Round I,02587,"Nandkumar Shinde College of Pharmacy, Vaijapur",Chhatrapati Sambhajinagar,Unaided,LSEBC,State Level,Ladies,14736,64.33
2024-25,D Pharmacy,CAP Round I,02587,"Nandkumar Shinde College of Pharmacy, Vaijapur",Chhatrapati Sambhajinagar,Unaided,EWS,Special,Any,23625,52.67
2024-25,D Pharmacy,CAP Round I,02587,"Nandkumar Shinde College of Pharmacy, Vaijapur",Chhatrapati Sambhajinagar,Unaided,TFWS,Special,Any,7430,74.33
2024-25,D Pharmacy,CAP Round I,02587,"Nandkumar Shinde College of Pharmacy, Vaijapur",Chhatrapati Sambhajinagar,Unaided,LNTC,State Level,Ladies,28810,46.0
2024-25,D Pharmacy,CAP Round I,02589,"Shri. Sai Janvikas Pratishthan's OJAS College of Pharmacy, Jalna",Jalna,Unaided,GOPEN,State Level,Any,8520,73.0
2024-25,D Pharmacy,CAP Round I,02589,"Shri. Sai Janvikas Pratishthan's OJAS College of Pharmacy, Jalna",Jalna,Unaided,GSC,State Level,Any,30202,44.33
2024-25,D Pharmacy,CAP Round I,02589,"Shri. Sai Janvikas Pratishthan's OJAS College of Pharmacy, Jalna",Jalna,Unaided,GST,State Level,Any,21423,55.67
2024-25,D Pharmacy,CAP Round I,02589,"Shri. Sai Janvikas Pratishthan's OJAS College of Pharmacy, Jalna",Jalna,Unaided,GNTA,State Level,Any,8806,72.67
2024-25,D Pharmacy,CAP Round I,02589,"Shri. Sai Janvikas Pratishthan's OJAS College of Pharmacy, Jalna",Jalna,Unaided,GNTC,State Level,Any,9912,71.0
2024-25,D Pharmacy,CAP Round I,02589,"Shri. Sai Janvikas Pratishthan's OJAS College of Pharmacy, Jalna",Jalna,Unaided,GNTD,State Level,Any,11233,69.33
2024-25,D Pharmacy,CAP Round I,02589,"Shri. Sai Janvikas Pratishthan's OJAS College of Pharmacy, Jalna",Jalna,Unaided,GOBC,State Level,Any,26326,49.0
2024-25,D Pharmacy,CAP Round I,02589,"Shri. Sai Janvikas Pratishthan's OJAS College of Pharmacy, Jalna",Jalna,Unaided,GSEBC,State Level,Any,15177,63.67
2024-25,D Pharmacy,CAP Round I,02589,"Shri. Sai Janvikas Pratishthan's OJAS College of Pharmacy, Jalna",Jalna,Unaided,LOPEN,State Level,Ladies,6189,76.33
2024-25,D Pharmacy,CAP Round I,02589,"Shri. Sai Janvikas Pratishthan's OJAS College of Pharmacy, Jalna",Jalna,Unaided,LSC,State Level,Ladies,14183,65.0
2024-25,D Pharmacy,CAP Round I,02589,"Shri. Sai Janvikas Pratishthan's OJAS College of Pharmacy, Jalna",Jalna,Unaided,LNTB,State Level,Ladies,13591,66.0
2024-25,D Pharmacy,CAP Round I,02589,"Shri. Sai Janvikas Pratishthan's OJAS College of Pharmacy, Jalna",Jalna,Unaided,LOBC,State Level,Ladies,10674,70.0
2024-25,D Pharmacy,CAP Round I,02589,"Shri. Sai Janvikas Pratishthan's OJAS College of Pharmacy, Jalna",Jalna,Unaided,LSEBC,State Level,Ladies,9438,71.67
2024-25,D Pharmacy,CAP Round I,02589,"Shri. Sai Janvikas Pratishthan's OJAS College of Pharmacy, Jalna",Jalna,Unaided,EWS,Special,Any,33834,39.67
2024-25,D Pharmacy,CAP Round I,02589,"Shri. Sai Janvikas Pratishthan's OJAS College of Pharmacy, Jalna",Jalna,Unaided,TFWS,Special,Any,9022,72.33
2024-25,D Pharmacy,CAP Round I,02590,"DJP's College of Pharmacy, Pohetakli",Parbhani,Unaided,GOPEN,State Level,Any,15882,63.0
2024-25,D Pharmacy,CAP Round I,02590,"DJP's College of Pharmacy, Pohetakli",Parbhani,Unaided,GSC,State Level,Any,31284,43.0
2024-25,D Pharmacy,CAP Round I,02590,"DJP's College of Pharmacy, Pohetakli",Parbhani,Unaided,GNTA,State Level,Any,18791,59.0
2024-25,D Pharmacy,CAP Round I,02590,"DJP's College of Pharmacy, Pohetakli",Parbhani,Unaided,GNTB,State Level,Any,29426,45.33
2024-25,D Pharmacy,CAP Round I,02590,"DJP's College of Pharmacy, Pohetakli",Parbhani,Unaided,GOBC,State Level,Any,33996,39.67
2024-25,D Pharmacy,CAP Round I,02590,"DJP's College of Pharmacy, Pohetakli",Parbhani,Unaided,GSEBC,State Level,Any,18758,59.0
2024-25,D Pharmacy,CAP Round I,02590,"DJP's College of Pharmacy, Pohetakli",Parbhani,Unaided,LOPEN,State Level,Ladies,22492,54.0
2024-25,D Pharmacy,CAP Round I,02590,"DJP's College of Pharmacy, Pohetakli",Parbhani,Unaided,EWS,Special,Any,24717,51.33
2024-25,D Pharmacy,CAP Round I,02590,"DJP's College of Pharmacy, Pohetakli",Parbhani,Unaided,LNTA,State Level,Ladies,20436,56.67
2024-25,D Pharmacy,CAP Round I,02591,"DNYANSADHANA COLLEGE OF PHARMACY, DHARMAPURI PATI, PARBHANI",Parbhani,Unaided,GOPEN,State Level,Any,30554,43.67
2024-25,D Pharmacy,CAP Round I,02591,"DNYANSADHANA COLLEGE OF PHARMACY, DHARMAPURI PATI, PARBHANI",Parbhani,Unaided,GSC,State Level,Any,31692,42.33
2024-25,D Pharmacy,CAP Round I,02591,"DNYANSADHANA COLLEGE OF PHARMACY, DHARMAPURI PATI, PARBHANI",Parbhani,Unaided,GNTA,State Level,Any,34829,38.67
2024-25,D Pharmacy,CAP Round I,02591,"DNYANSADHANA COLLEGE OF PHARMACY, DHARMAPURI PATI, PARBHANI",Parbhani,Unaided,GNTC,State Level,Any,30805,43.33
2024-25,D Pharmacy,CAP Round I,02591,"DNYANSADHANA COLLEGE OF PHARMACY, DHARMAPURI PATI, PARBHANI",Parbhani,Unaided,LOPEN,State Level,Ladies,17250,61.0
2024-25,D Pharmacy,CAP Round I,02591,"DNYANSADHANA COLLEGE OF PHARMACY, DHARMAPURI PATI, PARBHANI",Parbhani,Unaided,LSC,State Level,Ladies,35155,38.0
2024-25,D Pharmacy,CAP Round I,02591,"DNYANSADHANA COLLEGE OF PHARMACY, DHARMAPURI PATI, PARBHANI",Parbhani,Unaided,LOBC,State Level,Ladies,33312,40.33
2024-25,D Pharmacy,CAP Round I,02591,"DNYANSADHANA COLLEGE OF PHARMACY, DHARMAPURI PATI, PARBHANI",Parbhani,Unaided,LSEBC,State Level,Ladies,23013,53.33
2024-25,D Pharmacy,CAP Round I,02591,"DNYANSADHANA COLLEGE OF PHARMACY, DHARMAPURI PATI, PARBHANI",Parbhani,Unaided,TFWS,Special,Any,10061,70.67
2024-25,D Pharmacy,CAP Round I,02592,"GAJANAN MAHARAJ COLLEGE OF PHARMACY, NIPANI, AURANGABAD",Chhatrapati Sambhajinagar,Unaided,GOPEN,State Level,Any,17663,60.33
2024-25,D Pharmacy,CAP Round I,02592,"GAJANAN MAHARAJ COLLEGE OF PHARMACY, NIPANI, AURANGABAD",Chhatrapati Sambhajinagar,Unaided,GSC,State Level,Any,36232,36.33
2024-25,D Pharmacy,CAP Round I,02592,"GAJANAN MAHARAJ COLLEGE OF PHARMACY, NIPANI, AURANGABAD",Chhatrapati Sambhajinagar,Unaided,GNTA,State Level,Any,22966,53.67
2024-25,D Pharmacy,CAP Round I,02592,"GAJANAN MAHARAJ COLLEGE OF PHARMACY, NIPANI, AURANGABAD",Chhatrapati Sambhajinagar,Unaided,GNTB,State Level,Any,20715,56.33
2024-25,D Pharmacy,CAP Round I,02592,"GAJANAN MAHARAJ COLLEGE OF PHARMACY, NIPANI, AURANGABAD",Chhatrapati Sambhajinagar,Unaided,GNTC,State Level,Any,18584,59.33
2024-25,D Pharmacy,CAP Round I,02592,"GAJANAN MAHARAJ COLLEGE OF PHARMACY, NIPANI, AURANGABAD",Chhatrapati Sambhajinagar,Unaided,GNTD,State Level,Any,22045,54.67
2024-25,D Pharmacy,CAP Round I,02592,"GAJANAN MAHARAJ COLLEGE OF PHARMACY, NIPANI, AURANGABAD",Chhatrapati Sambhajinagar,Unaided,GOBC,State Level,Any,35294,38.0
2024-25,D Pharmacy,CAP Round I,02592,"GAJANAN MAHARAJ COLLEGE OF PHARMACY, NIPANI, AURANGABAD",Chhatrapati Sambhajinagar,Unaided,LOPEN,State Level,Ladies,12854,67.0
2024-25,D Pharmacy,CAP Round I,02592,"GAJANAN MAHARAJ COLLEGE OF PHARMACY, NIPANI, AURANGABAD",Chhatrapati Sambhajinagar,Unaided,LNTA,State Level,Ladies,19320,58.33
2024-25,D Pharmacy,CAP Round I,02592,"GAJANAN MAHARAJ COLLEGE OF PHARMACY, NIPANI, AURANGABAD",Chhatrapati Sambhajinagar,Unaided,LNTC,State Level,Ladies,35689,37.33
2024-25,D Pharmacy,CAP Round I,02592,"GAJANAN MAHARAJ COLLEGE OF PHARMACY, NIPANI, AURANGABAD",Chhatrapati Sambhajinagar,Unaided,EWS,Special,Any,11704,68.67
2024-25,D Pharmacy,CAP Round I,02592,"GAJANAN MAHARAJ COLLEGE OF PHARMACY, NIPANI, AURANGABAD",Chhatrapati Sambhajinagar,Unaided,TFWS,Special,Any,13990,65.33
2024-25,D Pharmacy,CAP Round I,02593,"S.R. Institute of Diploma in Pharmacy, Udgir",Latur,Unaided,GOPEN,State Level,Any,14916,64.33
2024-25,D Pharmacy,CAP Round I,02593,"S.R. Institute of Diploma in Pharmacy, Udgir",Latur,Unaided,GSC,State Level,Any,35316,38.0
2024-25,D Pharmacy,CAP Round I,02593,"S.R. Institute of Diploma in Pharmacy, Udgir",Latur,Unaided,GST,State Level,Any,16290,62.33
2024-25,D Pharmacy,CAP Round I,02593,"S.R. Institute of Diploma in Pharmacy, Udgir",Latur,Unaided,GNTA,State Level,Any,36744,35.0
2024-25,D Pharmacy,CAP Round I,02593,"S.R. Institute of Diploma in Pharmacy, Udgir",Latur,Unaided,GNTB,State Level,Any,29692,45.0
2024-25,D Pharmacy,CAP Round I,02593,"S.R. Institute of Diploma in Pharmacy, Udgir",Latur,Unaided,GNTC,State Level,Any,22664,54.0
2024-25,D Pharmacy,CAP Round I,02593,"S.R. Institute of Diploma in Pharmacy, Udgir",Latur,Unaided,GOBC,State Level,Any,24665,51.33
2024-25,D Pharmacy,CAP Round I,02593,"S.R. Institute of Diploma in Pharmacy, Udgir",Latur,Unaided,LOPEN,State Level,Ladies,5876,76.67
2024-25,D Pharmacy,CAP Round I,02593,"S.R. Institute of Diploma in Pharmacy, Udgir",Latur,Unaided,LSC,State Level,Ladies,29923,44.67
2024-25,D Pharmacy,CAP Round I,02593,"S.R. Institute of Diploma in Pharmacy, Udgir",Latur,Unaided,LNTC,State Level,Ladies,11160,69.33
2024-25,D Pharmacy,CAP Round I,02593,"S.R. Institute of Diploma in Pharmacy, Udgir",Latur,Unaided,EWS,Special,Any,27948,47.0
2024-25,D Pharmacy,CAP Round I,02593,"S.R. Institute of Diploma in Pharmacy, Udgir",Latur,Unaided,LNTB,State Level,Ladies,36060,36.67
2024-25,D Pharmacy,CAP Round I,02594,"Tatyaraoji More College of Pharmacy, Umerga",Dharashiv,Unaided,GOPEN,State Level,Any,5623,77.0
2024-25,D Pharmacy,CAP Round I,02594,"Tatyaraoji More College of Pharmacy, Umerga",Dharashiv,Unaided,GSC,State Level,Any,34178,39.33
2024-25,D Pharmacy,CAP Round I,02594,"Tatyaraoji More College of Pharmacy, Umerga",Dharashiv,Unaided,GNTA,State Level,Any,17549,60.67
2024-25,D Pharmacy,CAP Round I,02594,"Tatyaraoji More College of Pharmacy, Umerga",Dharashiv,Unaided,GNTC,State Level,Any,9784,71.33
2024-25,D Pharmacy,CAP Round I,02594,"Tatyaraoji More College of Pharmacy, Umerga",Dharashiv,Unaided,GOBC,State Level,Any,15329,63.67
2024-25,D Pharmacy,CAP Round I,02594,"Tatyaraoji More College of Pharmacy, Umerga",Dharashiv,Unaided,GSEBC,State Level,Any,15902,63.0
2024-25,D Pharmacy,CAP Round I,02594,"Tatyaraoji More College of Pharmacy, Umerga",Dharashiv,Unaided,LOPEN,State Level,Ladies,3265,81.0
2024-25,D Pharmacy,CAP Round I,02594,"Tatyaraoji More College of Pharmacy, Umerga",Dharashiv,Unaided,LSC,State Level,Ladies,25641,50.0
2024-25,D Pharmacy,CAP Round I,02594,"Tatyaraoji More College of Pharmacy, Umerga",Dharashiv,Unaided,LOBC,State Level,Ladies,4543,78.67
2024-25,D Pharmacy,CAP Round I,02594,"Tatyaraoji More College of Pharmacy, Umerga",Dharashiv,Unaided,LSEBC,State Level,Ladies,7272,74.67
2024-25,D Pharmacy,CAP Round I,02594,"Tatyaraoji More College of Pharmacy, Umerga",Dharashiv,Unaided,EWS,Special,Any,6334,76.0
2024-25,D Pharmacy,CAP Round I,02594,"Tatyaraoji More College of Pharmacy, Umerga",Dharashiv,Unaided,TFWS,Special,Any,9474,71.67
2024-25,D Pharmacy,CAP Round I,02595,"Uttamrao Deshmukh Institute of Pharmacy, Balsond, Hingoli",Hingoli,Unaided,GOPEN,State Level,Any,34941,38.33
2024-25,D Pharmacy,CAP Round I,02595,"Uttamrao Deshmukh Institute of Pharmacy, Balsond, Hingoli",Hingoli,Unaided,GSC,State Level,Any,35870,37.0
2024-25,D Pharmacy,CAP Round I,02595,"Uttamrao Deshmukh Institute of Pharmacy, Balsond, Hingoli",Hingoli,Unaided,GNTC,State Level,Any,36158,36.67
2024-25,D Pharmacy,CAP Round I,02595,"Uttamrao Deshmukh Institute of Pharmacy, Balsond, Hingoli",Hingoli,Unaided,LOPEN,State Level,Ladies,9817,71.0
2024-25,D Pharmacy,CAP Round I,02595,"Uttamrao Deshmukh Institute of Pharmacy, Balsond, Hingoli",Hingoli,Unaided,LSC,State Level,Ladies,24636,51.33
2024-25,D Pharmacy,CAP Round I,02595,"Uttamrao Deshmukh Institute of Pharmacy, Balsond, Hingoli",Hingoli,Unaided,LNTC,State Level,Ladies,24308,51.67
2024-25,D Pharmacy,CAP Round I,02595,"Uttamrao Deshmukh Institute of Pharmacy, Balsond, Hingoli",Hingoli,Unaided,LOBC,State Level,Ladies,21493,55.33
2024-25,D Pharmacy,CAP Round I,02595,"Uttamrao Deshmukh Institute of Pharmacy, Balsond, Hingoli",Hingoli,Unaided,EWS,Special,Any,16657,61.67
2024-25,D Pharmacy,CAP Round I,02595,"Uttamrao Deshmukh Institute of Pharmacy, Balsond, Hingoli",Hingoli,Unaided,TFWS,Special,Any,12591,67.33
2024-25,D Pharmacy,CAP Round I,02596,"Institute of Pharmacy, Badnapur",Jalna,Unaided,GOPEN,State Level,Any,12182,68.0
2024-25,D Pharmacy,CAP Round I,02596,"Institute of Pharmacy, Badnapur",Jalna,Unaided,GSC,State Level,Any,31114,43.0
2024-25,D Pharmacy,CAP Round I,02596,"Institute of Pharmacy, Badnapur",Jalna,Unaided,GNTA,State Level,Any,12994,67.0
2024-25,D Pharmacy,CAP Round I,02596,"Institute of Pharmacy, Badnapur",Jalna,Unaided,GNTB,State Level,Any,15263,63.67
2024-25,D Pharmacy,CAP Round I,02596,"Institute of Pharmacy, Badnapur",Jalna,Unaided,GNTC,State Level,Any,16265,62.33
2024-25,D Pharmacy,CAP Round I,02596,"Institute of Pharmacy, Badnapur",Jalna,Unaided,GOBC,State Level,Any,24282,51.67
2024-25,D Pharmacy,CAP Round I,02596,"Institute of Pharmacy, Badnapur",Jalna,Unaided,GSEBC,State Level,Any,18635,59.33
2024-25,D Pharmacy,CAP Round I,02596,"Institute of Pharmacy, Badnapur",Jalna,Unaided,LOPEN,State Level,Ladies,4716,78.67
2024-25,D Pharmacy,CAP Round I,02596,"Institute of Pharmacy, Badnapur",Jalna,Unaided,LSC,State Level,Ladies,12700,67.33
2024-25,D Pharmacy,CAP Round I,02596,"Institute of Pharmacy, Badnapur",Jalna,Unaided,LNTA,State Level,Ladies,9417,71.67
2024-25,D Pharmacy,CAP Round I,02596,"Institute of Pharmacy, Badnapur",Jalna,Unaided,LNTD,State Level,Ladies,14260,65.0
2024-25,D Pharmacy,CAP Round I,02596,"Institute of Pharmacy, Badnapur",Jalna,Unaided,LOBC,State Level,Ladies,6437,76.0
2024-25,D Pharmacy,CAP Round I,02596,"Institute of Pharmacy, Badnapur",Jalna,Unaided,LSEBC,State Level,Ladies,5147,77.67
2024-25,D Pharmacy,CAP Round I,02596,"Institute of Pharmacy, Badnapur",Jalna,Unaided,EWS,Special,Any,34614,39.0
2024-25,D Pharmacy,CAP Round I,02596,"Institute of Pharmacy, Badnapur",Jalna,Unaided,TFWS,Special,Any,2067,83.67
2024-25,D Pharmacy,CAP Round I,02597,"MDA School of Pharmacy, Kolpa",Latur,Unaided,GOPEN,State Level,Any,15849,63.0
2024-25,D Pharmacy,CAP Round I,02597,"MDA School of Pharmacy, Kolpa",Latur,Unaided,GSC,State Level,Any,35067,38.33
2024-25,D Pharmacy,CAP Round I,02597,"MDA School of Pharmacy, Kolpa",Latur,Unaided,GNTA,State Level,Any,17225,61.0
2024-25,D Pharmacy,CAP Round I,02597,"MDA School of Pharmacy, Kolpa",Latur,Unaided,GNTC,State Level,Any,25868,49.67
2024-25,D Pharmacy,CAP Round I,02597,"MDA School of Pharmacy, Kolpa",Latur,Unaided,GNTD,State Level,Any,32281,41.67
2024-25,D Pharmacy,CAP Round I,02597,"MDA School of Pharmacy, Kolpa",Latur,Unaided,GOBC,State Level,Any,19362,58.33
2024-25,D Pharmacy,CAP Round I,02597,"MDA School of Pharmacy, Kolpa",Latur,Unaided,LOPEN,State Level,Ladies,16731,61.67
2024-25,D Pharmacy,CAP Round I,02597,"MDA School of Pharmacy, Kolpa",Latur,Unaided,LSC,State Level,Ladies,25018,50.67
2024-25,D Pharmacy,CAP Round I,02597,"MDA School of Pharmacy, Kolpa",Latur,Unaided,LOBC,State Level,Ladies,23260,53.0
2024-25,D Pharmacy,CAP Round I,02597,"MDA School of Pharmacy, Kolpa",Latur,Unaided,TFWS,Special,Any,16767,61.67
2024-25,D Pharmacy,CAP Round I,02597,"MDA School of Pharmacy, Kolpa",Latur,Unaided,LNTC,State Level,Ladies,27202,48.0
2024-25,D Pharmacy,CAP Round I,02598,"Shivai Charitable Trust's College of Pharmacy, Koregaonwadi, Umerga",Dharashiv,Unaided,GOPEN,State Level,Any,15083,64.0
2024-25,D Pharmacy,CAP Round I,02598,"Shivai Charitable Trust's College of Pharmacy, Koregaonwadi, Umerga",Dharashiv,Unaided,GSC,State Level,Any,26792,48.67
2024-25,D Pharmacy,CAP Round I,02598,"Shivai Charitable Trust's College of Pharmacy, Koregaonwadi, Umerga",Dharashiv,Unaided,GNTA,State Level,Any,33213,40.67
2024-25,D Pharmacy,CAP Round I,02598,"Shivai Charitable Trust's College of Pharmacy, Koregaonwadi, Umerga",Dharashiv,Unaided,GNTC,State Level,Any,26022,49.33
2024-25,D Pharmacy,CAP Round I,02598,"Shivai Charitable Trust's College of Pharmacy, Koregaonwadi, Umerga",Dharashiv,Unaided,GOBC,State Level,Any,16514,62.0
2024-25,D Pharmacy,CAP Round I,02598,"Shivai Charitable Trust's College of Pharmacy, Koregaonwadi, Umerga",Dharashiv,Unaided,LOPEN,State Level,Ladies,9941,71.0
2024-25,D Pharmacy,CAP Round I,02598,"Shivai Charitable Trust's College of Pharmacy, Koregaonwadi, Umerga",Dharashiv,Unaided,LSC,State Level,Ladies,36186,36.33
2024-25,D Pharmacy,CAP Round I,02598,"Shivai Charitable Trust's College of Pharmacy, Koregaonwadi, Umerga",Dharashiv,Unaided,LNTC,State Level,Ladies,11989,68.0
2024-25,D Pharmacy,CAP Round I,02598,"Shivai Charitable Trust's College of Pharmacy, Koregaonwadi, Umerga",Dharashiv,Unaided,EWS,Special,Any,32167,42.0
2024-25,D Pharmacy,CAP Round I,02598,"Shivai Charitable Trust's College of Pharmacy, Koregaonwadi, Umerga",Dharashiv,Unaided,TFWS,Special,Any,7155,74.67
2024-25,D Pharmacy,CAP Round I,02600,"Keshavrao Patil Institute of Pharmacy, Osmanabad",Dharashiv,Unaided,GOPEN,State Level,Any,12503,67.33
2024-25,D Pharmacy,CAP Round I,02600,"Keshavrao Patil Institute of Pharmacy, Osmanabad",Dharashiv,Unaided,GSC,State Level,Any,31861,42.33
2024-25,D Pharmacy,CAP Round I,02600,"Keshavrao Patil Institute of Pharmacy, Osmanabad",Dharashiv,Unaided,GNTA,State Level,Any,25039,50.67
2024-25,D Pharmacy,CAP Round I,02600,"Keshavrao Patil Institute of Pharmacy, Osmanabad",Dharashiv,Unaided,GNTB,State Level,Any,28363,46.67
2024-25,D Pharmacy,CAP Round I,02600,"Keshavrao Patil Institute of Pharmacy, Osmanabad",Dharashiv,Unaided,GNTC,State Level,Any,29250,45.33
2024-25,D Pharmacy,CAP Round I,02600,"Keshavrao Patil Institute of Pharmacy, Osmanabad",Dharashiv,Unaided,GNTD,State Level,Any,27099,48.0
2024-25,D Pharmacy,CAP Round I,02600,"Keshavrao Patil Institute of Pharmacy, Osmanabad",Dharashiv,Unaided,GOBC,State Level,Any,28170,46.67
2024-25,D Pharmacy,CAP Round I,02600,"Keshavrao Patil Institute of Pharmacy, Osmanabad",Dharashiv,Unaided,GSEBC,State Level,Any,29718,44.67
2024-25,D Pharmacy,CAP Round I,02600,"Keshavrao Patil Institute of Pharmacy, Osmanabad",Dharashiv,Unaided,LOPEN,State Level,Ladies,4508,78.67
2024-25,D Pharmacy,CAP Round I,02600,"Keshavrao Patil Institute of Pharmacy, Osmanabad",Dharashiv,Unaided,LSC,State Level,Ladies,28328,46.67
2024-25,D Pharmacy,CAP Round I,02600,"Keshavrao Patil Institute of Pharmacy, Osmanabad",Dharashiv,Unaided,LNTA,State Level,Ladies,11905,68.33
2024-25,D Pharmacy,CAP Round I,02600,"Keshavrao Patil Institute of Pharmacy, Osmanabad",Dharashiv,Unaided,LOBC,State Level,Ladies,27961,47.0
2024-25,D Pharmacy,CAP Round I,02600,"Keshavrao Patil Institute of Pharmacy, Osmanabad",Dharashiv,Unaided,LSEBC,State Level,Ladies,7631,74.33
2024-25,D Pharmacy,CAP Round I,02600,"Keshavrao Patil Institute of Pharmacy, Osmanabad",Dharashiv,Unaided,EWS,Special,Any,22853,53.67
2024-25,D Pharmacy,CAP Round I,02600,"Keshavrao Patil Institute of Pharmacy, Osmanabad",Dharashiv,Unaided,TFWS,Special,Any,3428,80.67
2024-25,D Pharmacy,CAP Round I,02601,"Raosaheb Patil Danve College Of Pharmacy, Badnapur",Jalna,Unaided,GOPEN,State Level,Any,8304,73.33
2024-25,D Pharmacy,CAP Round I,02601,"Raosaheb Patil Danve College Of Pharmacy, Badnapur",Jalna,Unaided,GSC,State Level,Any,21703,55.33
2024-25,D Pharmacy,CAP Round I,02601,"Raosaheb Patil Danve College Of Pharmacy, Badnapur",Jalna,Unaided,GNTA,State Level,Any,9793,71.33
2024-25,D Pharmacy,CAP Round I,02601,"Raosaheb Patil Danve College Of Pharmacy, Badnapur",Jalna,Unaided,GNTC,State Level,Any,11933,68.33
2024-25,D Pharmacy,CAP Round I,02601,"Raosaheb Patil Danve College Of Pharmacy, Badnapur",Jalna,Unaided,GNTD,State Level,Any,16527,62.0
2024-25,D Pharmacy,CAP Round I,02601,"Raosaheb Patil Danve College Of Pharmacy, Badnapur",Jalna,Unaided,GOBC,State Level,Any,22799,53.67
2024-25,D Pharmacy,CAP Round I,02601,"Raosaheb Patil Danve College Of Pharmacy, Badnapur",Jalna,Unaided,GSEBC,State Level,Any,21401,55.67
2024-25,D Pharmacy,CAP Round I,02601,"Raosaheb Patil Danve College Of Pharmacy, Badnapur",Jalna,Unaided,LOPEN,State Level,Ladies,3324,81.0
2024-25,D Pharmacy,CAP Round I,02601,"Raosaheb Patil Danve College Of Pharmacy, Badnapur",Jalna,Unaided,LSC,State Level,Ladies,22198,54.67
2024-25,D Pharmacy,CAP Round I,02601,"Raosaheb Patil Danve College Of Pharmacy, Badnapur",Jalna,Unaided,LNTA,State Level,Ladies,5120,78.0
2024-25,D Pharmacy,CAP Round I,02601,"Raosaheb Patil Danve College Of Pharmacy, Badnapur",Jalna,Unaided,LOBC,State Level,Ladies,14721,64.33
2024-25,D Pharmacy,CAP Round I,02601,"Raosaheb Patil Danve College Of Pharmacy, Badnapur",Jalna,Unaided,LSEBC,State Level,Ladies,10346,70.33
2024-25,D Pharmacy,CAP Round I,02601,"Raosaheb Patil Danve College Of Pharmacy, Badnapur",Jalna,Unaided,EWS,Special,Any,29075,45.67
2024-25,D Pharmacy,CAP Round I,02601,"Raosaheb Patil Danve College Of Pharmacy, Badnapur",Jalna,Unaided,TFWS,Special,Any,9571,71.67
2024-25,D Pharmacy,CAP Round I,02603,"Mangaldeep Institute Of Pharmacy, Aurangabad",Chhatrapati Sambhajinagar,Unaided,GOPEN,State Level,Any,12808,67.0
2024-25,D Pharmacy,CAP Round I,02603,"Mangaldeep Institute Of Pharmacy, Aurangabad",Chhatrapati Sambhajinagar,Unaided,GSC,State Level,Any,24142,52.0
2024-25,D Pharmacy,CAP Round I,02603,"Mangaldeep Institute Of Pharmacy, Aurangabad",Chhatrapati Sambhajinagar,Unaided,GST,State Level,Any,22718,54.0
2024-25,D Pharmacy,CAP Round I,02603,"Mangaldeep Institute Of Pharmacy, Aurangabad",Chhatrapati Sambhajinagar,Unaided,GNTA,State Level,Any,14212,65.0
2024-25,D Pharmacy,CAP Round I,02603,"Mangaldeep Institute Of Pharmacy, Aurangabad",Chhatrapati Sambhajinagar,Unaided,GNTC,State Level,Any,28267,46.67
2024-25,D Pharmacy,CAP Round I,02603,"Mangaldeep Institute Of Pharmacy, Aurangabad",Chhatrapati Sambhajinagar,Unaided,GNTD,State Level,Any,18980,58.67
2024-25,D Pharmacy,CAP Round I,02603,"Mangaldeep Institute Of Pharmacy, Aurangabad",Chhatrapati Sambhajinagar,Unaided,LOPEN,State Level,Ladies,8756,72.67
2024-25,D Pharmacy,CAP Round I,02603,"Mangaldeep Institute Of Pharmacy, Aurangabad",Chhatrapati Sambhajinagar,Unaided,LSC,State Level,Ladies,13293,66.33
2024-25,D Pharmacy,CAP Round I,02603,"Mangaldeep Institute Of Pharmacy, Aurangabad",Chhatrapati Sambhajinagar,Unaided,LOBC,State Level,Ladies,34385,39.0
2024-25,D Pharmacy,CAP Round I,02603,"Mangaldeep Institute Of Pharmacy, Aurangabad",Chhatrapati Sambhajinagar,Unaided,LSEBC,State Level,Ladies,10563,70.0
2024-25,D Pharmacy,CAP Round I,02603,"Mangaldeep Institute Of Pharmacy, Aurangabad",Chhatrapati Sambhajinagar,Unaided,TFWS,Special,Any,23765,52.33
2024-25,D Pharmacy,CAP Round I,02603,"Mangaldeep Institute Of Pharmacy, Aurangabad",Chhatrapati Sambhajinagar,Unaided,LNTC,State Level,Ladies,34592,39.0
2024-25,D Pharmacy,CAP Round I,02604,"Nbs Institute Of Pharmacy, Ausa",Latur,Unaided,GOPEN,State Level,Any,13366,66.33
2024-25,D Pharmacy,CAP Round I,02604,"Nbs Institute Of Pharmacy, Ausa",Latur,Unaided,GSC,State Level,Any,20321,57.0
2024-25,D Pharmacy,CAP Round I,02604,"Nbs Institute Of Pharmacy, Ausa",Latur,Unaided,GNTC,State Level,Any,15431,63.33
2024-25,D Pharmacy,CAP Round I,02604,"Nbs Institute Of Pharmacy, Ausa",Latur,Unaided,GOBC,State Level,Any,19858,57.67
2024-25,D Pharmacy,CAP Round I,02604,"Nbs Institute Of Pharmacy, Ausa",Latur,Unaided,LOPEN,State Level,Ladies,11530,68.67
2024-25,D Pharmacy,CAP Round I,02604,"Nbs Institute Of Pharmacy, Ausa",Latur,Unaided,LOBC,State Level,Ladies,25196,50.67
2024-25,D Pharmacy,CAP Round I,02604,"Nbs Institute Of Pharmacy, Ausa",Latur,Unaided,LSEBC,State Level,Ladies,29440,45.0
2024-25,D Pharmacy,CAP Round I,02604,"Nbs Institute Of Pharmacy, Ausa",Latur,Unaided,EWS,Special,Any,13497,66.0
2024-25,D Pharmacy,CAP Round I,02604,"Nbs Institute Of Pharmacy, Ausa",Latur,Unaided,TFWS,Special,Any,6008,76.33
2024-25,D Pharmacy,CAP Round I,02605,"JGVVS's Suyash College Of Pharmacy, Warud, Jafrabad",Jalna,Unaided,GOPEN,State Level,Any,3482,80.67
2024-25,D Pharmacy,CAP Round I,02605,"JGVVS's Suyash College Of Pharmacy, Warud, Jafrabad",Jalna,Unaided,GSC,State Level,Any,33559,40.0
2024-25,D Pharmacy,CAP Round I,02605,"JGVVS's Suyash College Of Pharmacy, Warud, Jafrabad",Jalna,Unaided,GNTB,State Level,Any,12639,67.33
2024-25,D Pharmacy,CAP Round I,02605,"JGVVS's Suyash College Of Pharmacy, Warud, Jafrabad",Jalna,Unaided,GNTC,State Level,Any,13650,66.0
2024-25,D Pharmacy,CAP Round I,02605,"JGVVS's Suyash College Of Pharmacy, Warud, Jafrabad",Jalna,Unaided,GOBC,State Level,Any,5924,76.67
2024-25,D Pharmacy,CAP Round I,02605,"JGVVS's Suyash College Of Pharmacy, Warud, Jafrabad",Jalna,Unaided,GSEBC,State Level,Any,14507,64.67
2024-25,D Pharmacy,CAP Round I,02605,"JGVVS's Suyash College Of Pharmacy, Warud, Jafrabad",Jalna,Unaided,LOPEN,State Level,Ladies,1391,85.33
2024-25,D Pharmacy,CAP Round I,02605,"JGVVS's Suyash College Of Pharmacy, Warud, Jafrabad",Jalna,Unaided,LOBC,State Level,Ladies,2541,82.33
2024-25,D Pharmacy,CAP Round I,02605,"JGVVS's Suyash College Of Pharmacy, Warud, Jafrabad",Jalna,Unaided,LSEBC,State Level,Ladies,17938,60.0
2024-25,D Pharmacy,CAP Round I,02605,"JGVVS's Suyash College Of Pharmacy, Warud, Jafrabad",Jalna,Unaided,PWDOPEN,State Level,Any,1982,83.67
2024-25,D Pharmacy,CAP Round I,02605,"JGVVS's Suyash College Of Pharmacy, Warud, Jafrabad",Jalna,Unaided,TFWS,Special,Any,1990,83.67
2024-25,D Pharmacy,CAP Round I,02605,"JGVVS's Suyash College Of Pharmacy, Warud, Jafrabad",Jalna,Unaided,LNTD,State Level,Ladies,5856,76.67
2024-25,D Pharmacy,CAP Round I,02606,"Ambadasrao Warpudkar Institute Of Pharmacy, Warpud",Palghar,Unaided,GOPEN,State Level,Any,27927,47.0
2024-25,D Pharmacy,CAP Round I,02606,"Ambadasrao Warpudkar Institute Of Pharmacy, Warpud",Palghar,Unaided,GSC,State Level,Any,36024,36.67
2024-25,D Pharmacy,CAP Round I,02606,"Ambadasrao Warpudkar Institute Of Pharmacy, Warpud",Palghar,Unaided,GNTA,State Level,Any,33922,39.67
2024-25,D Pharmacy,CAP Round I,02606,"Ambadasrao Warpudkar Institute Of Pharmacy, Warpud",Palghar,Unaided,GOBC,State Level,Any,30350,44.0
2024-25,D Pharmacy,CAP Round I,02606,"Ambadasrao Warpudkar Institute Of Pharmacy, Warpud",Palghar,Unaided,LOPEN,State Level,Ladies,22571,54.0
2024-25,D Pharmacy,CAP Round I,02606,"Ambadasrao Warpudkar Institute Of Pharmacy, Warpud",Palghar,Unaided,EWS,Special,Any,35350,38.0
2024-25,D Pharmacy,CAP Round I,02606,"Ambadasrao Warpudkar Institute Of Pharmacy, Warpud",Palghar,Unaided,TFWS,Special,Any,33068,40.67
2024-25,D Pharmacy,CAP Round I,02607,"Shenfadu Fakirba Sonawane Institute Of Pharmacy, Phulumbri",Chhatrapati Sambhajinagar,Unaided,GOPEN,State Level,Any,4154,79.33
2024-25,D Pharmacy,CAP Round I,02607,"Shenfadu Fakirba Sonawane Institute Of Pharmacy, Phulumbri",Chhatrapati Sambhajinagar,Unaided,GSC,State Level,Any,9861,71.0
2024-25,D Pharmacy,CAP Round I,02607,"Shenfadu Fakirba Sonawane Institute Of Pharmacy, Phulumbri",Chhatrapati Sambhajinagar,Unaided,GNTA,State Level,Any,22164,54.67
2024-25,D Pharmacy,CAP Round I,02607,"Shenfadu Fakirba Sonawane Institute Of Pharmacy, Phulumbri",Chhatrapati Sambhajinagar,Unaided,GNTC,State Level,Any,4546,78.67
2024-25,D Pharmacy,CAP Round I,02607,"Shenfadu Fakirba Sonawane Institute Of Pharmacy, Phulumbri",Chhatrapati Sambhajinagar,Unaided,GNTD,State Level,Any,15080,64.0
2024-25,D Pharmacy,CAP Round I,02607,"Shenfadu Fakirba Sonawane Institute Of Pharmacy, Phulumbri",Chhatrapati Sambhajinagar,Unaided,GOBC,State Level,Any,31629,42.67
2024-25,D Pharmacy,CAP Round I,02607,"Shenfadu Fakirba Sonawane Institute Of Pharmacy, Phulumbri",Chhatrapati Sambhajinagar,Unaided,GSEBC,State Level,Any,6826,75.33
2024-25,D Pharmacy,CAP Round I,02607,"Shenfadu Fakirba Sonawane Institute Of Pharmacy, Phulumbri",Chhatrapati Sambhajinagar,Unaided,LOPEN,State Level,Ladies,1137,86.0
2024-25,D Pharmacy,CAP Round I,02607,"Shenfadu Fakirba Sonawane Institute Of Pharmacy, Phulumbri",Chhatrapati Sambhajinagar,Unaided,LSC,State Level,Ladies,12706,67.33
2024-25,D Pharmacy,CAP Round I,02607,"Shenfadu Fakirba Sonawane Institute Of Pharmacy, Phulumbri",Chhatrapati Sambhajinagar,Unaided,LNTC,State Level,Ladies,3423,80.67
2024-25,D Pharmacy,CAP Round I,02607,"Shenfadu Fakirba Sonawane Institute Of Pharmacy, Phulumbri",Chhatrapati Sambhajinagar,Unaided,LOBC,State Level,Ladies,3085,81.33
2024-25,D Pharmacy,CAP Round I,02607,"Shenfadu Fakirba Sonawane Institute Of Pharmacy, Phulumbri",Chhatrapati Sambhajinagar,Unaided,LSEBC,State Level,Ladies,2086,83.33
2024-25,D Pharmacy,CAP Round I,02607,"Shenfadu Fakirba Sonawane Institute Of Pharmacy, Phulumbri",Chhatrapati Sambhajinagar,Unaided,EWS,Special,Any,28813,46.0
2024-25,D Pharmacy,CAP Round I,02607,"Shenfadu Fakirba Sonawane Institute Of Pharmacy, Phulumbri",Chhatrapati Sambhajinagar,Unaided,TFWS,Special,Any,2727,82.0
2024-25,D Pharmacy,CAP Round I,02608,"Shri Sai Institute Of Pharmacy And Research, Aurangabad",Chhatrapati Sambhajinagar,Unaided,GOPEN,State Level,Any,19634,58.0
2024-25,D Pharmacy,CAP Round I,02608,"Shri Sai Institute Of Pharmacy And Research, Aurangabad",Chhatrapati Sambhajinagar,Unaided,GNTA,State Level,Any,19672,57.67
2024-25,D Pharmacy,CAP Round I,02608,"Shri Sai Institute Of Pharmacy And Research, Aurangabad",Chhatrapati Sambhajinagar,Unaided,LOPEN,State Level,Ladies,9637,71.33
2024-25,D Pharmacy,CAP Round I,02608,"Shri Sai Institute Of Pharmacy And Research, Aurangabad",Chhatrapati Sambhajinagar,Unaided,LSC,State Level,Ladies,29812,44.67
2024-25,D Pharmacy,CAP Round I,02608,"Shri Sai Institute Of Pharmacy And Research, Aurangabad",Chhatrapati Sambhajinagar,Unaided,LOBC,State Level,Ladies,12491,67.33
2024-25,D Pharmacy,CAP Round I,02608,"Shri Sai Institute Of Pharmacy And Research, Aurangabad",Chhatrapati Sambhajinagar,Unaided,EWS,Special,Any,24698,51.33
2024-25,D Pharmacy,CAP Round I,02608,"Shri Sai Institute Of Pharmacy And Research, Aurangabad",Chhatrapati Sambhajinagar,Unaided,TFWS,Special,Any,12259,67.67
2024-25,D Pharmacy,CAP Round I,02609,Vasant Pharmacy College Kaij,Beed,Unaided,GOPEN,State Level,Any,11209,69.33
2024-25,D Pharmacy,CAP Round I,02609,Vasant Pharmacy College Kaij,Beed,Unaided,GSC,State Level,Any,23561,52.67
2024-25,D Pharmacy,CAP Round I,02609,Vasant Pharmacy College Kaij,Beed,Unaided,GNTC,State Level,Any,14870,64.33
2024-25,D Pharmacy,CAP Round I,02609,Vasant Pharmacy College Kaij,Beed,Unaided,GNTD,State Level,Any,12518,67.33
2024-25,D Pharmacy,CAP Round I,02609,Vasant Pharmacy College Kaij,Beed,Unaided,GOBC,State Level,Any,22786,53.67
2024-25,D Pharmacy,CAP Round I,02609,Vasant Pharmacy College Kaij,Beed,Unaided,LOPEN,State Level,Ladies,5283,77.67
2024-25,D Pharmacy,CAP Round I,02609,Vasant Pharmacy College Kaij,Beed,Unaided,LSC,State Level,Ladies,9185,72.0
2024-25,D Pharmacy,CAP Round I,02609,Vasant Pharmacy College Kaij,Beed,Unaided,LOBC,State Level,Ladies,25284,50.33
2024-25,D Pharmacy,CAP Round I,02609,Vasant Pharmacy College Kaij,Beed,Unaided,LSEBC,State Level,Ladies,5784,76.67
2024-25,D Pharmacy,CAP Round I,02609,Vasant Pharmacy College Kaij,Beed,Unaided,EWS,Special,Any,35264,38.0
2024-25,D Pharmacy,CAP Round I,02609,Vasant Pharmacy College Kaij,Beed,Unaided,TFWS,Special,Any,3694,80.33
2024-25,D Pharmacy,CAP Round I,02610,"Shivprasad College Of Pharmacy, mukhed",Nanded,Unaided,GOPEN,State Level,Any,24729,51.33
2024-25,D Pharmacy,CAP Round I,02610,"Shivprasad College Of Pharmacy, mukhed",Nanded,Unaided,GSC,State Level,Any,29378,45.33
2024-25,D Pharmacy,CAP Round I,02610,"Shivprasad College Of Pharmacy, mukhed",Nanded,Unaided,GNTD,State Level,Any,26281,49.0
2024-25,D Pharmacy,CAP Round I,02610,"Shivprasad College Of Pharmacy, mukhed",Nanded,Unaided,GOBC,State Level,Any,30173,44.33
2024-25,D Pharmacy,CAP Round I,02610,"Shivprasad College Of Pharmacy, mukhed",Nanded,Unaided,LOPEN,State Level,Ladies,17923,60.0
2024-25,D Pharmacy,CAP Round I,02610,"Shivprasad College Of Pharmacy, mukhed",Nanded,Unaided,LSC,State Level,Ladies,28951,45.67
2024-25,D Pharmacy,CAP Round I,02610,"Shivprasad College Of Pharmacy, mukhed",Nanded,Unaided,LOBC,State Level,Ladies,34109,39.33
2024-25,D Pharmacy,CAP Round I,02610,"Shivprasad College Of Pharmacy, mukhed",Nanded,Unaided,EWS,Special,Any,35481,37.67
2024-25,D Pharmacy,CAP Round I,02610,"Shivprasad College Of Pharmacy, mukhed",Nanded,Unaided,TFWS,Special,Any,10324,70.33
2024-25,D Pharmacy,CAP Round I,02611,"Kadam College Of Pharmacy, Vaijapur",Chhatrapati Sambhajinagar,Unaided,GOPEN,State Level,Any,18102,60.0
2024-25,D Pharmacy,CAP Round I,02611,"Kadam College Of Pharmacy, Vaijapur",Chhatrapati Sambhajinagar,Unaided,GSC,State Level,Any,30909,43.33
2024-25,D Pharmacy,CAP Round I,02611,"Kadam College Of Pharmacy, Vaijapur",Chhatrapati Sambhajinagar,Unaided,GNTC,State Level,Any,28013,47.0
2024-25,D Pharmacy,CAP Round I,02611,"Kadam College Of Pharmacy, Vaijapur",Chhatrapati Sambhajinagar,Unaided,GOBC,State Level,Any,30228,44.33
2024-25,D Pharmacy,CAP Round I,02611,"Kadam College Of Pharmacy, Vaijapur",Chhatrapati Sambhajinagar,Unaided,GSEBC,State Level,Any,33843,39.67
2024-25,D Pharmacy,CAP Round I,02611,"Kadam College Of Pharmacy, Vaijapur",Chhatrapati Sambhajinagar,Unaided,LOPEN,State Level,Ladies,7401,74.67
2024-25,D Pharmacy,CAP Round I,02611,"Kadam College Of Pharmacy, Vaijapur",Chhatrapati Sambhajinagar,Unaided,LSC,State Level,Ladies,22706,54.0
2024-25,D Pharmacy,CAP Round I,02611,"Kadam College Of Pharmacy, Vaijapur",Chhatrapati Sambhajinagar,Unaided,LST,State Level,Ladies,13570,66.0
2024-25,D Pharmacy,CAP Round I,02611,"Kadam College Of Pharmacy, Vaijapur",Chhatrapati Sambhajinagar,Unaided,LNTC,State Level,Ladies,26613,48.67
2024-25,D Pharmacy,CAP Round I,02611,"Kadam College Of Pharmacy, Vaijapur",Chhatrapati Sambhajinagar,Unaided,LOBC,State Level,Ladies,21659,55.33
2024-25,D Pharmacy,CAP Round I,02611,"Kadam College Of Pharmacy, Vaijapur",Chhatrapati Sambhajinagar,Unaided,LSEBC,State Level,Ladies,8731,72.67
2024-25,D Pharmacy,CAP Round I,02611,"Kadam College Of Pharmacy, Vaijapur",Chhatrapati Sambhajinagar,Unaided,EWS,Special,Any,28850,46.0
2024-25,D Pharmacy,CAP Round I,02611,"Kadam College Of Pharmacy, Vaijapur",Chhatrapati Sambhajinagar,Unaided,TFWS,Special,Any,6167,76.33
2024-25,D Pharmacy,CAP Round I,02612,"Shrimati Latatai Baburao Patil Institute Of Pharmacy, Khandgaon, Bendri",Amravati,Unaided,GOPEN,State Level,Any,2475,82.67
2024-25,D Pharmacy,CAP Round I,02612,"Shrimati Latatai Baburao Patil Institute Of Pharmacy, Khandgaon, Bendri",Amravati,Unaided,GSC,State Level,Any,12528,67.33
2024-25,D Pharmacy,CAP Round I,02612,"Shrimati Latatai Baburao Patil Institute Of Pharmacy, Khandgaon, Bendri",Amravati,Unaided,GST,State Level,Any,7612,74.33
2024-25,D Pharmacy,CAP Round I,02612,"Shrimati Latatai Baburao Patil Institute Of Pharmacy, Khandgaon, Bendri",Amravati,Unaided,GNTB,State Level,Any,7481,74.33
2024-25,D Pharmacy,CAP Round I,02612,"Shrimati Latatai Baburao Patil Institute Of Pharmacy, Khandgaon, Bendri",Amravati,Unaided,GNTC,State Level,Any,2608,82.33
2024-25,D Pharmacy,CAP Round I,02612,"Shrimati Latatai Baburao Patil Institute Of Pharmacy, Khandgaon, Bendri",Amravati,Unaided,GOBC,State Level,Any,27895,47.33
2024-25,D Pharmacy,CAP Round I,02612,"Shrimati Latatai Baburao Patil Institute Of Pharmacy, Khandgaon, Bendri",Amravati,Unaided,GSEBC,State Level,Any,10021,71.0
2024-25,D Pharmacy,CAP Round I,02612,"Shrimati Latatai Baburao Patil Institute Of Pharmacy, Khandgaon, Bendri",Amravati,Unaided,LOPEN,State Level,Ladies,1314,85.33
2024-25,D Pharmacy,CAP Round I,02612,"Shrimati Latatai Baburao Patil Institute Of Pharmacy, Khandgaon, Bendri",Amravati,Unaided,LSC,State Level,Ladies,10617,70.0
2024-25,D Pharmacy,CAP Round I,02612,"Shrimati Latatai Baburao Patil Institute Of Pharmacy, Khandgaon, Bendri",Amravati,Unaided,LST,State Level,Ladies,10137,70.67
2024-25,D Pharmacy,CAP Round I,02612,"Shrimati Latatai Baburao Patil Institute Of Pharmacy, Khandgaon, Bendri",Amravati,Unaided,LOBC,State Level,Ladies,16963,61.33
2024-25,D Pharmacy,CAP Round I,02612,"Shrimati Latatai Baburao Patil Institute Of Pharmacy, Khandgaon, Bendri",Amravati,Unaided,LSEBC,State Level,Ladies,30271,44.33
2024-25,D Pharmacy,CAP Round I,02612,"Shrimati Latatai Baburao Patil Institute Of Pharmacy, Khandgaon, Bendri",Amravati,Unaided,EWS,Special,Any,6210,76.33
2024-25,D Pharmacy,CAP Round I,02612,"Shrimati Latatai Baburao Patil Institute Of Pharmacy, Khandgaon, Bendri",Amravati,Unaided,TFWS,Special,Any,1477,85.0
2024-25,D Pharmacy,CAP Round I,02612,"Shrimati Latatai Baburao Patil Institute Of Pharmacy, Khandgaon, Bendri",Amravati,Unaided,LNTD,State Level,Ladies,5980,76.67
2024-25,D Pharmacy,CAP Round I,02613,"Valmik Naik College Of Pharmacy, Telwadi, Kannad",Chhatrapati Sambhajinagar,Unaided,GOPEN,State Level,Any,25423,50.33
2024-25,D Pharmacy,CAP Round I,02613,"Valmik Naik College Of Pharmacy, Telwadi, Kannad",Chhatrapati Sambhajinagar,Unaided,GNTA,State Level,Any,27855,47.33
2024-25,D Pharmacy,CAP Round I,02613,"Valmik Naik College Of Pharmacy, Telwadi, Kannad",Chhatrapati Sambhajinagar,Unaided,GSEBC,State Level,Any,27586,47.67
2024-25,D Pharmacy,CAP Round I,02613,"Valmik Naik College Of Pharmacy, Telwadi, Kannad",Chhatrapati Sambhajinagar,Unaided,LOPEN,State Level,Ladies,11364,69.0
2024-25,D Pharmacy,CAP Round I,02613,"Valmik Naik College Of Pharmacy, Telwadi, Kannad",Chhatrapati Sambhajinagar,Unaided,LST,State Level,Ladies,22361,54.33
2024-25,D Pharmacy,CAP Round I,02613,"Valmik Naik College Of Pharmacy, Telwadi, Kannad",Chhatrapati Sambhajinagar,Unaided,LNTA,State Level,Ladies,14313,65.0
2024-25,D Pharmacy,CAP Round I,02613,"Valmik Naik College Of Pharmacy, Telwadi, Kannad",Chhatrapati Sambhajinagar,Unaided,LOBC,State Level,Ladies,29088,45.67
2024-25,D Pharmacy,CAP Round I,02613,"Valmik Naik College Of Pharmacy, Telwadi, Kannad",Chhatrapati Sambhajinagar,Unaided,LSEBC,State Level,Ladies,22881,53.67
2024-25,D Pharmacy,CAP Round I,02613,"Valmik Naik College Of Pharmacy, Telwadi, Kannad",Chhatrapati Sambhajinagar,Unaided,DEFOPEN,State Level,Any,23136,53.33
2024-25,D Pharmacy,CAP Round I,02613,"Valmik Naik College Of Pharmacy, Telwadi, Kannad",Chhatrapati Sambhajinagar,Unaided,EWS,Special,Any,9952,71.0
2024-25,D Pharmacy,CAP Round I,02613,"Valmik Naik College Of Pharmacy, Telwadi, Kannad",Chhatrapati Sambhajinagar,Unaided,TFWS,Special,Any,35297,38.0
2024-25,D Pharmacy,CAP Round I,02614,"Aurangabad Pharmacy College, Mitmita",Chhatrapati Sambhajinagar,Unaided,GOPEN,State Level,Any,24174,52.0
2024-25,D Pharmacy,CAP Round I,02614,"Aurangabad Pharmacy College, Mitmita",Chhatrapati Sambhajinagar,Unaided,LOPEN,State Level,Ladies,21180,55.67
2024-25,D Pharmacy,CAP Round I,02614,"Aurangabad Pharmacy College, Mitmita",Chhatrapati Sambhajinagar,Unaided,MI,Special,Any,19645,58.0
2024-25,D Pharmacy,CAP Round I,02614,"Aurangabad Pharmacy College, Mitmita",Chhatrapati Sambhajinagar,Unaided,TFWS,Special,Any,26044,49.33
2024-25,D Pharmacy,CAP Round I,02615,"Kohinoor Education Society's Kohinoor Institute Of D Pharmacy, Khuldabad",Chhatrapati Sambhajinagar,Unaided,GOPEN,State Level,Any,26560,48.67
2024-25,D Pharmacy,CAP Round I,02615,"Kohinoor Education Society's Kohinoor Institute Of D Pharmacy, Khuldabad",Chhatrapati Sambhajinagar,Unaided,LOPEN,State Level,Ladies,8949,72.33
2024-25,D Pharmacy,CAP Round I,02615,"Kohinoor Education Society's Kohinoor Institute Of D Pharmacy, Khuldabad",Chhatrapati Sambhajinagar,Unaided,MI,Special,Any,35579,37.67
2024-25,D Pharmacy,CAP Round I,02615,"Kohinoor Education Society's Kohinoor Institute Of D Pharmacy, Khuldabad",Chhatrapati Sambhajinagar,Unaided,TFWS,Special,Any,22700,54.0
2024-25,D Pharmacy,CAP Round I,02617,"Ismail Mehta College Of Pharmacy, Ambad",Jalna,Unaided,GOPEN,State Level,Any,34528,39.0
2024-25,D Pharmacy,CAP Round I,02617,"Ismail Mehta College Of Pharmacy, Ambad",Jalna,Unaided,LOPEN,State Level,Ladies,35747,37.33
2024-25,D Pharmacy,CAP Round I,02617,"Ismail Mehta College Of Pharmacy, Ambad",Jalna,Unaided,MI,Special,Any,27432,47.67
2024-25,D Pharmacy,CAP Round I,02617,"Ismail Mehta College Of Pharmacy, Ambad",Jalna,Unaided,TFWS,Special,Any,5124,78.0
2024-25,D Pharmacy,CAP Round I,02617,"Ismail Mehta College Of Pharmacy, Ambad",Jalna,Unaided,LOPEN,State Level,Ladies,34851,38.67
2024-25,D Pharmacy,CAP Round I,02618,"Shri Sambhaji College Of Pharmacy, Nanded",Nanded,Unaided,GOPEN,State Level,Any,26845,48.33
2024-25,D Pharmacy,CAP Round I,02618,"Shri Sambhaji College Of Pharmacy, Nanded",Nanded,Unaided,GSC,State Level,Any,33959,39.67
2024-25,D Pharmacy,CAP Round I,02618,"Shri Sambhaji College Of Pharmacy, Nanded",Nanded,Unaided,GNTA,State Level,Any,33605,40.0
2024-25,D Pharmacy,CAP Round I,02618,"Shri Sambhaji College Of Pharmacy, Nanded",Nanded,Unaided,GOBC,State Level,Any,32935,41.0
2024-25,D Pharmacy,CAP Round I,02618,"Shri Sambhaji College Of Pharmacy, Nanded",Nanded,Unaided,LOPEN,State Level,Ladies,23046,53.33
2024-25,D Pharmacy,CAP Round I,02618,"Shri Sambhaji College Of Pharmacy, Nanded",Nanded,Unaided,LSC,State Level,Ladies,33326,40.33
2024-25,D Pharmacy,CAP Round I,02618,"Shri Sambhaji College Of Pharmacy, Nanded",Nanded,Unaided,LNTB,State Level,Ladies,34911,38.33
2024-25,D Pharmacy,CAP Round I,02618,"Shri Sambhaji College Of Pharmacy, Nanded",Nanded,Unaided,LSEBC,State Level,Ladies,28171,46.67
2024-25,D Pharmacy,CAP Round I,02618,"Shri Sambhaji College Of Pharmacy, Nanded",Nanded,Unaided,EWS,Special,Any,35227,38.0
2024-25,D Pharmacy,CAP Round I,02618,"Shri Sambhaji College Of Pharmacy, Nanded",Nanded,Unaided,TFWS,Special,Any,14828,64.33
2024-25,D Pharmacy,CAP Round I,02619,"Shramjivi Shikshan Prasarak Mandals Shramjivi College Of Pharmacy, Umerga",Dharashiv,Unaided,GOPEN,State Level,Any,12122,68.0
2024-25,D Pharmacy,CAP Round I,02619,"Shramjivi Shikshan Prasarak Mandals Shramjivi College Of Pharmacy, Umerga",Dharashiv,Unaided,GSC,State Level,Any,32211,41.67
2024-25,D Pharmacy,CAP Round I,02619,"Shramjivi Shikshan Prasarak Mandals Shramjivi College Of Pharmacy, Umerga",Dharashiv,Unaided,GNTA,State Level,Any,18969,58.67
2024-25,D Pharmacy,CAP Round I,02619,"Shramjivi Shikshan Prasarak Mandals Shramjivi College Of Pharmacy, Umerga",Dharashiv,Unaided,GNTB,State Level,Any,15098,64.0
2024-25,D Pharmacy,CAP Round I,02619,"Shramjivi Shikshan Prasarak Mandals Shramjivi College Of Pharmacy, Umerga",Dharashiv,Unaided,GNTC,State Level,Any,20164,57.33
2024-25,D Pharmacy,CAP Round I,02619,"Shramjivi Shikshan Prasarak Mandals Shramjivi College Of Pharmacy, Umerga",Dharashiv,Unaided,GOBC,State Level,Any,13597,66.0
2024-25,D Pharmacy,CAP Round I,02619,"Shramjivi Shikshan Prasarak Mandals Shramjivi College Of Pharmacy, Umerga",Dharashiv,Unaided,GSEBC,State Level,Any,23146,53.33
2024-25,D Pharmacy,CAP Round I,02619,"Shramjivi Shikshan Prasarak Mandals Shramjivi College Of Pharmacy, Umerga",Dharashiv,Unaided,LOPEN,State Level,Ladies,7006,75.0
2024-25,D Pharmacy,CAP Round I,02619,"Shramjivi Shikshan Prasarak Mandals Shramjivi College Of Pharmacy, Umerga",Dharashiv,Unaided,LOBC,State Level,Ladies,15468,63.33
2024-25,D Pharmacy,CAP Round I,02619,"Shramjivi Shikshan Prasarak Mandals Shramjivi College Of Pharmacy, Umerga",Dharashiv,Unaided,LSEBC,State Level,Ladies,9005,72.33
2024-25,D Pharmacy,CAP Round I,02619,"Shramjivi Shikshan Prasarak Mandals Shramjivi College Of Pharmacy, Umerga",Dharashiv,Unaided,DEFOPEN,State Level,Any,22359,54.33
2024-25,D Pharmacy,CAP Round I,02619,"Shramjivi Shikshan Prasarak Mandals Shramjivi College Of Pharmacy, Umerga",Dharashiv,Unaided,EWS,Special,Any,16391,62.0
2024-25,D Pharmacy,CAP Round I,02619,"Shramjivi Shikshan Prasarak Mandals Shramjivi College Of Pharmacy, Umerga",Dharashiv,Unaided,TFWS,Special,Any,3624,80.33
2024-25,D Pharmacy,CAP Round I,02619,"Shramjivi Shikshan Prasarak Mandals Shramjivi College Of Pharmacy, Umerga",Dharashiv,Unaided,LNTC,State Level,Ladies,23233,53.33
2024-25,D Pharmacy,CAP Round I,02620,"Rashtriya College of Pharmacy, Hatnoor, Kannad",Chhatrapati Sambhajinagar,Unaided,GOPEN,State Level,Any,9844,71.0
2024-25,D Pharmacy,CAP Round I,02620,"Rashtriya College of Pharmacy, Hatnoor, Kannad",Chhatrapati Sambhajinagar,Unaided,GNTA,State Level,Any,12320,67.67
2024-25,D Pharmacy,CAP Round I,02620,"Rashtriya College of Pharmacy, Hatnoor, Kannad",Chhatrapati Sambhajinagar,Unaided,GNTC,State Level,Any,19714,57.67
2024-25,D Pharmacy,CAP Round I,02620,"Rashtriya College of Pharmacy, Hatnoor, Kannad",Chhatrapati Sambhajinagar,Unaided,GNTD,State Level,Any,24657,51.33
2024-25,D Pharmacy,CAP Round I,02620,"Rashtriya College of Pharmacy, Hatnoor, Kannad",Chhatrapati Sambhajinagar,Unaided,GOBC,State Level,Any,34208,39.33
2024-25,D Pharmacy,CAP Round I,02620,"Rashtriya College of Pharmacy, Hatnoor, Kannad",Chhatrapati Sambhajinagar,Unaided,LOPEN,State Level,Ladies,6560,75.67
2024-25,D Pharmacy,CAP Round I,02620,"Rashtriya College of Pharmacy, Hatnoor, Kannad",Chhatrapati Sambhajinagar,Unaided,LSC,State Level,Ladies,23204,53.33
2024-25,D Pharmacy,CAP Round I,02620,"Rashtriya College of Pharmacy, Hatnoor, Kannad",Chhatrapati Sambhajinagar,Unaided,LNTA,State Level,Ladies,14618,64.67
2024-25,D Pharmacy,CAP Round I,02620,"Rashtriya College of Pharmacy, Hatnoor, Kannad",Chhatrapati Sambhajinagar,Unaided,LNTD,State Level,Ladies,23461,53.0
2024-25,D Pharmacy,CAP Round I,02620,"Rashtriya College of Pharmacy, Hatnoor, Kannad",Chhatrapati Sambhajinagar,Unaided,LOBC,State Level,Ladies,20755,56.33
2024-25,D Pharmacy,CAP Round I,02620,"Rashtriya College of Pharmacy, Hatnoor, Kannad",Chhatrapati Sambhajinagar,Unaided,EWS,Special,Any,17871,60.33
2024-25,D Pharmacy,CAP Round I,02620,"Rashtriya College of Pharmacy, Hatnoor, Kannad",Chhatrapati Sambhajinagar,Unaided,TFWS,Special,Any,13046,66.67
2024-25,D Pharmacy,CAP Round I,02626,"Jay Bharat College of Pharmacy Dapka, Taluka Nilanga, Dist.Latur",Latur,Unaided,GOPEN,State Level,Any,6657,75.67
2024-25,D Pharmacy,CAP Round I,02626,"Jay Bharat College of Pharmacy Dapka, Taluka Nilanga, Dist.Latur",Latur,Unaided,GSC,State Level,Any,23993,52.33
2024-25,D Pharmacy,CAP Round I,02626,"Jay Bharat College of Pharmacy Dapka, Taluka Nilanga, Dist.Latur",Latur,Unaided,GNTA,State Level,Any,11674,68.67
2024-25,D Pharmacy,CAP Round I,02626,"Jay Bharat College of Pharmacy Dapka, Taluka Nilanga, Dist.Latur",Latur,Unaided,GNTB,State Level,Any,9415,71.67
2024-25,D Pharmacy,CAP Round I,02626,"Jay Bharat College of Pharmacy Dapka, Taluka Nilanga, Dist.Latur",Latur,Unaided,GNTC,State Level,Any,6812,75.33
2024-25,D Pharmacy,CAP Round I,02626,"Jay Bharat College of Pharmacy Dapka, Taluka Nilanga, Dist.Latur",Latur,Unaided,GOBC,State Level,Any,13769,65.67
2024-25,D Pharmacy,CAP Round I,02626,"Jay Bharat College of Pharmacy Dapka, Taluka Nilanga, Dist.Latur",Latur,Unaided,GSEBC,State Level,Any,17684,60.33
2024-25,D Pharmacy,CAP Round I,02626,"Jay Bharat College of Pharmacy Dapka, Taluka Nilanga, Dist.Latur",Latur,Unaided,LOPEN,State Level,Ladies,4180,79.33
2024-25,D Pharmacy,CAP Round I,02626,"Jay Bharat College of Pharmacy Dapka, Taluka Nilanga, Dist.Latur",Latur,Unaided,LNTC,State Level,Ladies,6249,76.0
2024-25,D Pharmacy,CAP Round I,02626,"Jay Bharat College of Pharmacy Dapka, Taluka Nilanga, Dist.Latur",Latur,Unaided,LOBC,State Level,Ladies,18436,59.33
2024-25,D Pharmacy,CAP Round I,02626,"Jay Bharat College of Pharmacy Dapka, Taluka Nilanga, Dist.Latur",Latur,Unaided,LSEBC,State Level,Ladies,16997,61.33
2024-25,D Pharmacy,CAP Round I,02626,"Jay Bharat College of Pharmacy Dapka, Taluka Nilanga, Dist.Latur",Latur,Unaided,EWS,Special,Any,15260,63.67
2024-25,D Pharmacy,CAP Round I,02626,"Jay Bharat College of Pharmacy Dapka, Taluka Nilanga, Dist.Latur",Latur,Unaided,TFWS,Special,Any,3255,81.0
2024-25,D Pharmacy,CAP Round I,02626,"Jay Bharat College of Pharmacy Dapka, Taluka Nilanga, Dist.Latur",Latur,Unaided,LNTA,State Level,Ladies,17901,60.0
2024-25,D Pharmacy,CAP Round I,02627,"Madhavrao Patil College of Pharmacy, Murum",Dharashiv,Unaided,GOPEN,State Level,Any,18258,59.67
2024-25,D Pharmacy,CAP Round I,02627,"Madhavrao Patil College of Pharmacy, Murum",Dharashiv,Unaided,GSC,State Level,Any,22249,54.33
2024-25,D Pharmacy,CAP Round I,02627,"Madhavrao Patil College of Pharmacy, Murum",Dharashiv,Unaided,GNTA,State Level,Any,21061,56.0
2024-25,D Pharmacy,CAP Round I,02627,"Madhavrao Patil College of Pharmacy, Murum",Dharashiv,Unaided,GNTC,State Level,Any,20498,56.67
2024-25,D Pharmacy,CAP Round I,02627,"Madhavrao Patil College of Pharmacy, Murum",Dharashiv,Unaided,GOBC,State Level,Any,24360,51.67
2024-25,D Pharmacy,CAP Round I,02627,"Madhavrao Patil College of Pharmacy, Murum",Dharashiv,Unaided,LOPEN,State Level,Ladies,3957,79.67
2024-25,D Pharmacy,CAP Round I,02627,"Madhavrao Patil College of Pharmacy, Murum",Dharashiv,Unaided,LSC,State Level,Ladies,14075,65.33
2024-25,D Pharmacy,CAP Round I,02627,"Madhavrao Patil College of Pharmacy, Murum",Dharashiv,Unaided,LNTB,State Level,Ladies,30109,44.33
2024-25,D Pharmacy,CAP Round I,02627,"Madhavrao Patil College of Pharmacy, Murum",Dharashiv,Unaided,LNTC,State Level,Ladies,5556,77.33
2024-25,D Pharmacy,CAP Round I,02627,"Madhavrao Patil College of Pharmacy, Murum",Dharashiv,Unaided,LOBC,State Level,Ladies,12413,67.67
2024-25,D Pharmacy,CAP Round I,02627,"Madhavrao Patil College of Pharmacy, Murum",Dharashiv,Unaided,LSEBC,State Level,Ladies,20800,56.33
2024-25,D Pharmacy,CAP Round I,02627,"Madhavrao Patil College of Pharmacy, Murum",Dharashiv,Unaided,PWDOPEN,State Level,Any,23719,52.67
2024-25,D Pharmacy,CAP Round I,02627,"Madhavrao Patil College of Pharmacy, Murum",Dharashiv,Unaided,PWDRSC,State Level,Any,23948,52.33
2024-25,D Pharmacy,CAP Round I,02627,"Madhavrao Patil College of Pharmacy, Murum",Dharashiv,Unaided,EWS,Special,Any,14544,64.67
2024-25,D Pharmacy,CAP Round I,02627,"Madhavrao Patil College of Pharmacy, Murum",Dharashiv,Unaided,TFWS,Special,Any,19017,58.67
2024-25,D Pharmacy,CAP Round I,02628,"Saraswati Institute of Pharmacy, Pangri, Dist.Nanded",Nanded,Unaided,GOPEN,State Level,Any,21847,55.0
2024-25,D Pharmacy,CAP Round I,02628,"Saraswati Institute of Pharmacy, Pangri, Dist.Nanded",Nanded,Unaided,GSC,State Level,Any,33638,40.0
2024-25,D Pharmacy,CAP Round I,02628,"Saraswati Institute of Pharmacy, Pangri, Dist.Nanded",Nanded,Unaided,GST,State Level,Any,34588,39.0
2024-25,D Pharmacy,CAP Round I,02628,"Saraswati Institute of Pharmacy, Pangri, Dist.Nanded",Nanded,Unaided,GNTA,State Level,Any,34815,38.67
2024-25,D Pharmacy,CAP Round I,02628,"Saraswati Institute of Pharmacy, Pangri, Dist.Nanded",Nanded,Unaided,GNTC,State Level,Any,33276,40.33
2024-25,D Pharmacy,CAP Round I,02628,"Saraswati Institute of Pharmacy, Pangri, Dist.Nanded",Nanded,Unaided,GOBC,State Level,Any,34376,39.33
2024-25,D Pharmacy,CAP Round I,02628,"Saraswati Institute of Pharmacy, Pangri, Dist.Nanded",Nanded,Unaided,GSEBC,State Level,Any,33405,40.33
2024-25,D Pharmacy,CAP Round I,02628,"Saraswati Institute of Pharmacy, Pangri, Dist.Nanded",Nanded,Unaided,LOPEN,State Level,Ladies,28431,46.33
2024-25,D Pharmacy,CAP Round I,02628,"Saraswati Institute of Pharmacy, Pangri, Dist.Nanded",Nanded,Unaided,LOBC,State Level,Ladies,28870,46.0
2024-25,D Pharmacy,CAP Round I,02628,"Saraswati Institute of Pharmacy, Pangri, Dist.Nanded",Nanded,Unaided,LSEBC,State Level,Ladies,32190,41.67
2024-25,D Pharmacy,CAP Round I,02628,"Saraswati Institute of Pharmacy, Pangri, Dist.Nanded",Nanded,Unaided,EWS,Special,Any,24547,51.33
2024-25,D Pharmacy,CAP Round I,02628,"Saraswati Institute of Pharmacy, Pangri, Dist.Nanded",Nanded,Unaided,TFWS,Special,Any,15123,64.0
2024-25,D Pharmacy,CAP Round I,02628,"Saraswati Institute of Pharmacy, Pangri, Dist.Nanded",Nanded,Unaided,LNTB,State Level,Ladies,36538,35.67
2024-25,D Pharmacy,CAP Round I,02629,"Supriya College of Pharmacy, Tembhurni, Taluka Jafrabad, Jalna",Jalna,Unaided,GOPEN,State Level,Any,11495,69.0
2024-25,D Pharmacy,CAP Round I,02629,"Supriya College of Pharmacy, Tembhurni, Taluka Jafrabad, Jalna",Jalna,Unaided,GNTB,State Level,Any,27465,47.67
2024-25,D Pharmacy,CAP Round I,02629,"Supriya College of Pharmacy, Tembhurni, Taluka Jafrabad, Jalna",Jalna,Unaided,GNTC,State Level,Any,15109,64.0
2024-25,D Pharmacy,CAP Round I,02629,"Supriya College of Pharmacy, Tembhurni, Taluka Jafrabad, Jalna",Jalna,Unaided,GNTD,State Level,Any,33788,40.0
2024-25,D Pharmacy,CAP Round I,02629,"Supriya College of Pharmacy, Tembhurni, Taluka Jafrabad, Jalna",Jalna,Unaided,GOBC,State Level,Any,26461,49.0
2024-25,D Pharmacy,CAP Round I,02629,"Supriya College of Pharmacy, Tembhurni, Taluka Jafrabad, Jalna",Jalna,Unaided,LOPEN,State Level,Ladies,3879,80.0
2024-25,D Pharmacy,CAP Round I,02629,"Supriya College of Pharmacy, Tembhurni, Taluka Jafrabad, Jalna",Jalna,Unaided,LSC,State Level,Ladies,8587,72.67
2024-25,D Pharmacy,CAP Round I,02629,"Supriya College of Pharmacy, Tembhurni, Taluka Jafrabad, Jalna",Jalna,Unaided,LNTC,State Level,Ladies,15595,63.33
2024-25,D Pharmacy,CAP Round I,02629,"Supriya College of Pharmacy, Tembhurni, Taluka Jafrabad, Jalna",Jalna,Unaided,LOBC,State Level,Ladies,11765,68.33
2024-25,D Pharmacy,CAP Round I,02629,"Supriya College of Pharmacy, Tembhurni, Taluka Jafrabad, Jalna",Jalna,Unaided,LSEBC,State Level,Ladies,4957,78.0
2024-25,D Pharmacy,CAP Round I,02629,"Supriya College of Pharmacy, Tembhurni, Taluka Jafrabad, Jalna",Jalna,Unaided,EWS,Special,Any,18281,59.67
2024-25,D Pharmacy,CAP Round I,02629,"Supriya College of Pharmacy, Tembhurni, Taluka Jafrabad, Jalna",Jalna,Unaided,TFWS,Special,Any,11396,69.0
2024-25,D Pharmacy,CAP Round I,02630,"Ramesh Patil Institute of Pharmacy, Khandgaon(Bendri)",Amravati,Unaided,GOPEN,State Level,Any,12572,67.33
2024-25,D Pharmacy,CAP Round I,02630,"Ramesh Patil Institute of Pharmacy, Khandgaon(Bendri)",Amravati,Unaided,GSC,State Level,Any,19332,58.33
2024-25,D Pharmacy,CAP Round I,02630,"Ramesh Patil Institute of Pharmacy, Khandgaon(Bendri)",Amravati,Unaided,GNTB,State Level,Any,20061,57.33
2024-25,D Pharmacy,CAP Round I,02630,"Ramesh Patil Institute of Pharmacy, Khandgaon(Bendri)",Amravati,Unaided,GNTC,State Level,Any,15514,63.33
2024-25,D Pharmacy,CAP Round I,02630,"Ramesh Patil Institute of Pharmacy, Khandgaon(Bendri)",Amravati,Unaided,GOBC,State Level,Any,24187,52.0
2024-25,D Pharmacy,CAP Round I,02630,"Ramesh Patil Institute of Pharmacy, Khandgaon(Bendri)",Amravati,Unaided,GSEBC,State Level,Any,20930,56.0
2024-25,D Pharmacy,CAP Round I,02630,"Ramesh Patil Institute of Pharmacy, Khandgaon(Bendri)",Amravati,Unaided,LOPEN,State Level,Ladies,13086,66.67
2024-25,D Pharmacy,CAP Round I,02630,"Ramesh Patil Institute of Pharmacy, Khandgaon(Bendri)",Amravati,Unaided,LSC,State Level,Ladies,18670,59.0
2024-25,D Pharmacy,CAP Round I,02630,"Ramesh Patil Institute of Pharmacy, Khandgaon(Bendri)",Amravati,Unaided,LST,State Level,Ladies,31971,42.0
2024-25,D Pharmacy,CAP Round I,02630,"Ramesh Patil Institute of Pharmacy, Khandgaon(Bendri)",Amravati,Unaided,LNTB,State Level,Ladies,13715,65.67
2024-25,D Pharmacy,CAP Round I,02630,"Ramesh Patil Institute of Pharmacy, Khandgaon(Bendri)",Amravati,Unaided,LOBC,State Level,Ladies,13466,66.0
2024-25,D Pharmacy,CAP Round I,02630,"Ramesh Patil Institute of Pharmacy, Khandgaon(Bendri)",Amravati,Unaided,EWS,Special,Any,8393,73.0
2024-25,D Pharmacy,CAP Round I,02630,"Ramesh Patil Institute of Pharmacy, Khandgaon(Bendri)",Amravati,Unaided,TFWS,Special,Any,18615,59.33
2024-25,D Pharmacy,CAP Round I,02636,"Deshmukh College of Pharmacy , Kasar Sirsi",Nashik,Unaided,GOPEN,State Level,Any,13448,66.33
2024-25,D Pharmacy,CAP Round I,02636,"Deshmukh College of Pharmacy , Kasar Sirsi",Nashik,Unaided,GSC,State Level,Any,13474,66.0
2024-25,D Pharmacy,CAP Round I,02636,"Deshmukh College of Pharmacy , Kasar Sirsi",Nashik,Unaided,LOPEN,State Level,Ladies,5780,77.0
2024-25,D Pharmacy,CAP Round I,02636,"Deshmukh College of Pharmacy , Kasar Sirsi",Nashik,Unaided,LSC,State Level,Ladies,33813,39.67
2024-25,D Pharmacy,CAP Round I,02636,"Deshmukh College of Pharmacy , Kasar Sirsi",Nashik,Unaided,LST,State Level,Ladies,32861,41.0
2024-25,D Pharmacy,CAP Round I,02636,"Deshmukh College of Pharmacy , Kasar Sirsi",Nashik,Unaided,LOBC,State Level,Ladies,35406,37.67
2024-25,D Pharmacy,CAP Round I,02636,"Deshmukh College of Pharmacy , Kasar Sirsi",Nashik,Unaided,LSEBC,State Level,Ladies,7246,74.67
2024-25,D Pharmacy,CAP Round I,02636,"Deshmukh College of Pharmacy , Kasar Sirsi",Nashik,Unaided,EWS,Special,Any,30899,43.33
2024-25,D Pharmacy,CAP Round I,02636,"Deshmukh College of Pharmacy , Kasar Sirsi",Nashik,Unaided,TFWS,Special,Any,8444,73.0
2024-25,D Pharmacy,CAP Round I,02640,"Shriram Pratishtan Aditya Institute of Pharmacy, Sailu",Parbhani,Unaided,GOPEN,State Level,Any,21670,55.33
2024-25,D Pharmacy,CAP Round I,02640,"Shriram Pratishtan Aditya Institute of Pharmacy, Sailu",Parbhani,Unaided,GSC,State Level,Any,28622,46.33
2024-25,D Pharmacy,CAP Round I,02640,"Shriram Pratishtan Aditya Institute of Pharmacy, Sailu",Parbhani,Unaided,GNTC,State Level,Any,34200,39.33
2024-25,D Pharmacy,CAP Round I,02640,"Shriram Pratishtan Aditya Institute of Pharmacy, Sailu",Parbhani,Unaided,GOBC,State Level,Any,24584,51.33
2024-25,D Pharmacy,CAP Round I,02640,"Shriram Pratishtan Aditya Institute of Pharmacy, Sailu",Parbhani,Unaided,LOPEN,State Level,Ladies,9776,71.33
2024-25,D Pharmacy,CAP Round I,02640,"Shriram Pratishtan Aditya Institute of Pharmacy, Sailu",Parbhani,Unaided,LOBC,State Level,Ladies,29637,45.0
2024-25,D Pharmacy,CAP Round I,02640,"Shriram Pratishtan Aditya Institute of Pharmacy, Sailu",Parbhani,Unaided,LSEBC,State Level,Ladies,36045,36.67
2024-25,D Pharmacy,CAP Round I,02640,"Shriram Pratishtan Aditya Institute of Pharmacy, Sailu",Parbhani,Unaided,TFWS,Special,Any,34336,39.33
2024-25,D Pharmacy,CAP Round I,02642,Guru Mishri College of Pharmacy,Pharmacy,Unaided,GOPEN,State Level,Any,36704,35.0
2024-25,D Pharmacy,CAP Round I,02642,Guru Mishri College of Pharmacy,Pharmacy,Unaided,LOPEN,State Level,Ladies,33039,40.67
2024-25,D Pharmacy,CAP Round I,02642,Guru Mishri College of Pharmacy,Pharmacy,Unaided,EWS,Special,Any,9930,71.0
2024-25,D Pharmacy,CAP Round I,02643,K.M. Institute of D. Pharmacy,Pharmacy,Unaided,GOPEN,State Level,Any,12248,67.67
2024-25,D Pharmacy,CAP Round I,02643,K.M. Institute of D. Pharmacy,Pharmacy,Unaided,GSC,State Level,Any,14135,65.33
2024-25,D Pharmacy,CAP Round I,02643,K.M. Institute of D. Pharmacy,Pharmacy,Unaided,GNTB,State Level,Any,24945,51.0
2024-25,D Pharmacy,CAP Round I,02643,K.M. Institute of D. Pharmacy,Pharmacy,Unaided,GNTD,State Level,Any,13691,66.0
2024-25,D Pharmacy,CAP Round I,02643,K.M. Institute of D. Pharmacy,Pharmacy,Unaided,LOPEN,State Level,Ladies,9261,72.0
2024-25,D Pharmacy,CAP Round I,02643,K.M. Institute of D. Pharmacy,Pharmacy,Unaided,LOBC,State Level,Ladies,30474,44.0
2024-25,D Pharmacy,CAP Round I,02643,K.M. Institute of D. Pharmacy,Pharmacy,Unaided,EWS,Special,Any,13245,66.33
2024-25,D Pharmacy,CAP Round I,02643,K.M. Institute of D. Pharmacy,Pharmacy,Unaided,TFWS,Special,Any,11306,69.0
2024-25,D Pharmacy,CAP Round I,02644,S.P. College of Pharmacy,Pharmacy,Unaided,GOPEN,State Level,Any,25326,50.33
2024-25,D Pharmacy,CAP Round I,02644,S.P. College of Pharmacy,Pharmacy,Unaided,LOPEN,State Level,Ladies,20754,56.33
2024-25,D Pharmacy,CAP Round I,02644,S.P. College of Pharmacy,Pharmacy,Unaided,EWS,Special,Any,18827,59.0
2024-25,D Pharmacy,CAP Round I,02645,"Dr. Narayanrao Chate College of Pharmacy, Chapoli",Sindhudurg,Unaided,GOPEN,State Level,Any,7309,74.67
2024-25,D Pharmacy,CAP Round I,02645,"Dr. Narayanrao Chate College of Pharmacy, Chapoli",Sindhudurg,Unaided,GSC,State Level,Any,22668,54.0
2024-25,D Pharmacy,CAP Round I,02645,"Dr. Narayanrao Chate College of Pharmacy, Chapoli",Sindhudurg,Unaided,GNTA,State Level,Any,11493,69.0
2024-25,D Pharmacy,CAP Round I,02645,"Dr. Narayanrao Chate College of Pharmacy, Chapoli",Sindhudurg,Unaided,GNTB,State Level,Any,29086,45.67
2024-25,D Pharmacy,CAP Round I,02645,"Dr. Narayanrao Chate College of Pharmacy, Chapoli",Sindhudurg,Unaided,GNTC,State Level,Any,14782,64.33
2024-25,D Pharmacy,CAP Round I,02645,"Dr. Narayanrao Chate College of Pharmacy, Chapoli",Sindhudurg,Unaided,GNTD,State Level,Any,17449,60.67
2024-25,D Pharmacy,CAP Round I,02645,"Dr. Narayanrao Chate College of Pharmacy, Chapoli",Sindhudurg,Unaided,GOBC,State Level,Any,22460,54.33
2024-25,D Pharmacy,CAP Round I,02645,"Dr. Narayanrao Chate College of Pharmacy, Chapoli",Sindhudurg,Unaided,GSEBC,State Level,Any,35892,37.0
2024-25,D Pharmacy,CAP Round I,02645,"Dr. Narayanrao Chate College of Pharmacy, Chapoli",Sindhudurg,Unaided,LOPEN,State Level,Ladies,2451,82.67
2024-25,D Pharmacy,CAP Round I,02645,"Dr. Narayanrao Chate College of Pharmacy, Chapoli",Sindhudurg,Unaided,LSC,State Level,Ladies,10215,70.67
2024-25,D Pharmacy,CAP Round I,02645,"Dr. Narayanrao Chate College of Pharmacy, Chapoli",Sindhudurg,Unaided,LNTA,State Level,Ladies,9655,71.33
2024-25,D Pharmacy,CAP Round I,02645,"Dr. Narayanrao Chate College of Pharmacy, Chapoli",Sindhudurg,Unaided,LNTC,State Level,Ladies,16556,62.0
2024-25,D Pharmacy,CAP Round I,02645,"Dr. Narayanrao Chate College of Pharmacy, Chapoli",Sindhudurg,Unaided,LOBC,State Level,Ladies,30205,44.33
2024-25,D Pharmacy,CAP Round I,02645,"Dr. Narayanrao Chate College of Pharmacy, Chapoli",Sindhudurg,Unaided,LSEBC,State Level,Ladies,27138,48.0
2024-25,D Pharmacy,CAP Round I,02645,"Dr. Narayanrao Chate College of Pharmacy, Chapoli",Sindhudurg,Unaided,EWS,Special,Any,19176,58.33
2024-25,D Pharmacy,CAP Round I,02645,"Dr. Narayanrao Chate College of Pharmacy, Chapoli",Sindhudurg,Unaided,TFWS,Special,Any,18321,59.67
2024-25,D Pharmacy,CAP Round I,02646,"J K College of Pharmacy, Limbala, Hingoli",Hingoli,Unaided,GOPEN,State Level,Any,35232,38.0
2024-25,D Pharmacy,CAP Round I,02646,"J K College of Pharmacy, Limbala, Hingoli",Hingoli,Unaided,LOPEN,State Level,Ladies,13687,66.0
2024-25,D Pharmacy,CAP Round I,02646,"J K College of Pharmacy, Limbala, Hingoli",Hingoli,Unaided,LSC,State Level,Ladies,33671,40.0
2024-25,D Pharmacy,CAP Round I,02646,"J K College of Pharmacy, Limbala, Hingoli",Hingoli,Unaided,LNTB,State Level,Ladies,31124,43.0
2024-25,D Pharmacy,CAP Round I,02646,"J K College of Pharmacy, Limbala, Hingoli",Hingoli,Unaided,LOBC,State Level,Ladies,32472,41.33
2024-25,D Pharmacy,CAP Round I,02646,"J K College of Pharmacy, Limbala, Hingoli",Hingoli,Unaided,EWS,Special,Any,24787,51.0
2024-25,D Pharmacy,CAP Round I,02646,"J K College of Pharmacy, Limbala, Hingoli",Hingoli,Unaided,TFWS,Special,Any,14942,64.0
2024-25,D Pharmacy,CAP Round I,02647,"Bordikar College of Pharmacy, Mathala, Jintur, Dist.Parbhani",Parbhani,Unaided,GOPEN,State Level,Any,18922,58.67
2024-25,D Pharmacy,CAP Round I,02647,"Bordikar College of Pharmacy, Mathala, Jintur, Dist.Parbhani",Parbhani,Unaided,GNTA,State Level,Any,25929,49.67
2024-25,D Pharmacy,CAP Round I,02647,"Bordikar College of Pharmacy, Mathala, Jintur, Dist.Parbhani",Parbhani,Unaided,GNTB,State Level,Any,34302,39.33
2024-25,D Pharmacy,CAP Round I,02647,"Bordikar College of Pharmacy, Mathala, Jintur, Dist.Parbhani",Parbhani,Unaided,GNTC,State Level,Any,22429,54.33
2024-25,D Pharmacy,CAP Round I,02647,"Bordikar College of Pharmacy, Mathala, Jintur, Dist.Parbhani",Parbhani,Unaided,GNTD,State Level,Any,35215,38.0
2024-25,D Pharmacy,CAP Round I,02647,"Bordikar College of Pharmacy, Mathala, Jintur, Dist.Parbhani",Parbhani,Unaided,GOBC,State Level,Any,36523,35.67
2024-25,D Pharmacy,CAP Round I,02647,"Bordikar College of Pharmacy, Mathala, Jintur, Dist.Parbhani",Parbhani,Unaided,GSEBC,State Level,Any,35336,38.0
2024-25,D Pharmacy,CAP Round I,02647,"Bordikar College of Pharmacy, Mathala, Jintur, Dist.Parbhani",Parbhani,Unaided,LOPEN,State Level,Ladies,1601,84.67
2024-25,D Pharmacy,CAP Round I,02647,"Bordikar College of Pharmacy, Mathala, Jintur, Dist.Parbhani",Parbhani,Unaided,LSC,State Level,Ladies,23228,53.33
2024-25,D Pharmacy,CAP Round I,02647,"Bordikar College of Pharmacy, Mathala, Jintur, Dist.Parbhani",Parbhani,Unaided,LNTA,State Level,Ladies,8885,72.33
2024-25,D Pharmacy,CAP Round I,02647,"Bordikar College of Pharmacy, Mathala, Jintur, Dist.Parbhani",Parbhani,Unaided,LNTB,State Level,Ladies,28419,46.33
2024-25,D Pharmacy,CAP Round I,02647,"Bordikar College of Pharmacy, Mathala, Jintur, Dist.Parbhani",Parbhani,Unaided,LNTC,State Level,Ladies,2203,83.33
2024-25,D Pharmacy,CAP Round I,02647,"Bordikar College of Pharmacy, Mathala, Jintur, Dist.Parbhani",Parbhani,Unaided,LOBC,State Level,Ladies,23535,52.67
2024-25,D Pharmacy,CAP Round I,02647,"Bordikar College of Pharmacy, Mathala, Jintur, Dist.Parbhani",Parbhani,Unaided,LSEBC,State Level,Ladies,9085,72.0
2024-25,D Pharmacy,CAP Round I,02647,"Bordikar College of Pharmacy, Mathala, Jintur, Dist.Parbhani",Parbhani,Unaided,EWS,Special,Any,17496,60.67
2024-25,D Pharmacy,CAP Round I,02647,"Bordikar College of Pharmacy, Mathala, Jintur, Dist.Parbhani",Parbhani,Unaided,TFWS,Special,Any,36113,36.67
2024-25,D Pharmacy,CAP Round I,02648,"Bordikar College of Pharmacy, Sailu, Dist.Parbhani",Parbhani,Unaided,GOPEN,State Level,Any,22322,54.33
2024-25,D Pharmacy,CAP Round I,02648,"Bordikar College of Pharmacy, Sailu, Dist.Parbhani",Parbhani,Unaided,GNTA,State Level,Any,33864,39.67
2024-25,D Pharmacy,CAP Round I,02648,"Bordikar College of Pharmacy, Sailu, Dist.Parbhani",Parbhani,Unaided,GNTB,State Level,Any,25551,50.0
2024-25,D Pharmacy,CAP Round I,02648,"Bordikar College of Pharmacy, Sailu, Dist.Parbhani",Parbhani,Unaided,GOBC,State Level,Any,31523,42.67
2024-25,D Pharmacy,CAP Round I,02648,"Bordikar College of Pharmacy, Sailu, Dist.Parbhani",Parbhani,Unaided,GSEBC,State Level,Any,29404,45.33
2024-25,D Pharmacy,CAP Round I,02648,"Bordikar College of Pharmacy, Sailu, Dist.Parbhani",Parbhani,Unaided,LOPEN,State Level,Ladies,14680,64.33
2024-25,D Pharmacy,CAP Round I,02648,"Bordikar College of Pharmacy, Sailu, Dist.Parbhani",Parbhani,Unaided,LST,State Level,Ladies,34913,38.33
2024-25,D Pharmacy,CAP Round I,02648,"Bordikar College of Pharmacy, Sailu, Dist.Parbhani",Parbhani,Unaided,LNTC,State Level,Ladies,34677,38.67
2024-25,D Pharmacy,CAP Round I,02648,"Bordikar College of Pharmacy, Sailu, Dist.Parbhani",Parbhani,Unaided,LOBC,State Level,Ladies,34410,39.0
2024-25,D Pharmacy,CAP Round I,02650,"Vision Institute of Pharmacy, Sonpeth",Hingoli,Unaided,GOPEN,State Level,Any,19619,58.0
2024-25,D Pharmacy,CAP Round I,02650,"Vision Institute of Pharmacy, Sonpeth",Hingoli,Unaided,GSC,State Level,Any,32372,41.67
2024-25,D Pharmacy,CAP Round I,02650,"Vision Institute of Pharmacy, Sonpeth",Hingoli,Unaided,GST,State Level,Any,24488,51.67
2024-25,D Pharmacy,CAP Round I,02650,"Vision Institute of Pharmacy, Sonpeth",Hingoli,Unaided,GNTA,State Level,Any,22717,54.0
2024-25,D Pharmacy,CAP Round I,02650,"Vision Institute of Pharmacy, Sonpeth",Hingoli,Unaided,GNTC,State Level,Any,24854,51.0
2024-25,D Pharmacy,CAP Round I,02650,"Vision Institute of Pharmacy, Sonpeth",Hingoli,Unaided,GSEBC,State Level,Any,32917,41.0
2024-25,D Pharmacy,CAP Round I,02650,"Vision Institute of Pharmacy, Sonpeth",Hingoli,Unaided,LOPEN,State Level,Ladies,18196,59.67
2024-25,D Pharmacy,CAP Round I,02650,"Vision Institute of Pharmacy, Sonpeth",Hingoli,Unaided,LSC,State Level,Ladies,30223,44.33
2024-25,D Pharmacy,CAP Round I,02650,"Vision Institute of Pharmacy, Sonpeth",Hingoli,Unaided,LOBC,State Level,Ladies,29989,44.33
2024-25,D Pharmacy,CAP Round I,02650,"Vision Institute of Pharmacy, Sonpeth",Hingoli,Unaided,LSEBC,State Level,Ladies,29632,45.0
2024-25,D Pharmacy,CAP Round I,02650,"Vision Institute of Pharmacy, Sonpeth",Hingoli,Unaided,EWS,Special,Any,13146,66.67
2024-25,D Pharmacy,CAP Round I,02650,"Vision Institute of Pharmacy, Sonpeth",Hingoli,Unaided,TFWS,Special,Any,28126,47.0
2024-25,D Pharmacy,CAP Round I,02651,"Beleshwar Institute of Pharmacy, Parbhani",Parbhani,Unaided,GOPEN,State Level,Any,33236,40.67
2024-25,D Pharmacy,CAP Round I,02651,"Beleshwar Institute of Pharmacy, Parbhani",Parbhani,Unaided,LOPEN,State Level,Ladies,35202,38.0
2024-25,D Pharmacy,CAP Round I,02651,"Beleshwar Institute of Pharmacy, Parbhani",Parbhani,Unaided,EWS,Special,Any,24096,52.0
2024-25,D Pharmacy,CAP Round I,02652,Oyster College of Pharmacy,Pharmacy,Unaided,GOPEN,State Level,Any,22314,54.33
2024-25,D Pharmacy,CAP Round I,02652,Oyster College of Pharmacy,Pharmacy,Unaided,LOPEN,State Level,Ladies,33662,40.0
2024-25,D Pharmacy,CAP Round I,02652,Oyster College of Pharmacy,Pharmacy,Unaided,EWS,Special,Any,29988,44.33
2024-25,D Pharmacy,CAP Round I,02652,Oyster College of Pharmacy,Pharmacy,Unaided,TFWS,Special,Any,34853,38.67
2024-25,D Pharmacy,CAP Round I,02653,"Vithai D.Pharmacy College, Beed",Beed,Unaided,GOPEN,State Level,Any,6947,75.0
2024-25,D Pharmacy,CAP Round I,02653,"Vithai D.Pharmacy College, Beed",Beed,Unaided,GSC,State Level,Any,13390,66.33
2024-25,D Pharmacy,CAP Round I,02653,"Vithai D.Pharmacy College, Beed",Beed,Unaided,GST,State Level,Any,7615,74.33
2024-25,D Pharmacy,CAP Round I,02653,"Vithai D.Pharmacy College, Beed",Beed,Unaided,GNTA,State Level,Any,16704,61.67
2024-25,D Pharmacy,CAP Round I,02653,"Vithai D.Pharmacy College, Beed",Beed,Unaided,GNTB,State Level,Any,12243,67.67
2024-25,D Pharmacy,CAP Round I,02653,"Vithai D.Pharmacy College, Beed",Beed,Unaided,GNTD,State Level,Any,9001,72.33
2024-25,D Pharmacy,CAP Round I,02653,"Vithai D.Pharmacy College, Beed",Beed,Unaided,GOBC,State Level,Any,12675,67.33
2024-25,D Pharmacy,CAP Round I,02653,"Vithai D.Pharmacy College, Beed",Beed,Unaided,GSEBC,State Level,Any,15276,63.67
2024-25,D Pharmacy,CAP Round I,02653,"Vithai D.Pharmacy College, Beed",Beed,Unaided,LOPEN,State Level,Ladies,1128,86.0
2024-25,D Pharmacy,CAP Round I,02653,"Vithai D.Pharmacy College, Beed",Beed,Unaided,LNTA,State Level,Ladies,5454,77.33
2024-25,D Pharmacy,CAP Round I,02653,"Vithai D.Pharmacy College, Beed",Beed,Unaided,LNTC,State Level,Ladies,9450,71.67
2024-25,D Pharmacy,CAP Round I,02653,"Vithai D.Pharmacy College, Beed",Beed,Unaided,LOBC,State Level,Ladies,8867,72.33
2024-25,D Pharmacy,CAP Round I,02653,"Vithai D.Pharmacy College, Beed",Beed,Unaided,LSEBC,State Level,Ladies,8206,73.33
2024-25,D Pharmacy,CAP Round I,02653,"Vithai D.Pharmacy College, Beed",Beed,Unaided,PWDOPEN,State Level,Any,20325,57.0
2024-25,D Pharmacy,CAP Round I,02653,"Vithai D.Pharmacy College, Beed",Beed,Unaided,DEFOPEN,State Level,Any,8820,72.67
2024-25,D Pharmacy,CAP Round I,02653,"Vithai D.Pharmacy College, Beed",Beed,Unaided,EWS,Special,Any,26311,49.0
2024-25,D Pharmacy,CAP Round I,02653,"Vithai D.Pharmacy College, Beed",Beed,Unaided,TFWS,Special,Any,5254,77.67
2024-25,D Pharmacy,CAP Round I,02654,Shri Shri Amrutanand Mahayogeshwar D.Pharmacy College,College,Unaided,GOPEN,State Level,Any,15661,63.33
2024-25,D Pharmacy,CAP Round I,02654,Shri Shri Amrutanand Mahayogeshwar D.Pharmacy College,College,Unaided,GSC,State Level,Any,20963,56.0
2024-25,D Pharmacy,CAP Round I,02654,Shri Shri Amrutanand Mahayogeshwar D.Pharmacy College,College,Unaided,GST,State Level,Any,24226,52.0
2024-25,D Pharmacy,CAP Round I,02654,Shri Shri Amrutanand Mahayogeshwar D.Pharmacy College,College,Unaided,GNTA,State Level,Any,17856,60.33
2024-25,D Pharmacy,CAP Round I,02654,Shri Shri Amrutanand Mahayogeshwar D.Pharmacy College,College,Unaided,GNTC,State Level,Any,20246,57.0
2024-25,D Pharmacy,CAP Round I,02654,Shri Shri Amrutanand Mahayogeshwar D.Pharmacy College,College,Unaided,GNTD,State Level,Any,24815,51.0
2024-25,D Pharmacy,CAP Round I,02654,Shri Shri Amrutanand Mahayogeshwar D.Pharmacy College,College,Unaided,GOBC,State Level,Any,30892,43.33
2024-25,D Pharmacy,CAP Round I,02654,Shri Shri Amrutanand Mahayogeshwar D.Pharmacy College,College,Unaided,LOPEN,State Level,Ladies,7532,74.33
2024-25,D Pharmacy,CAP Round I,02654,Shri Shri Amrutanand Mahayogeshwar D.Pharmacy College,College,Unaided,LST,State Level,Ladies,27694,47.33
2024-25,D Pharmacy,CAP Round I,02654,Shri Shri Amrutanand Mahayogeshwar D.Pharmacy College,College,Unaided,LSEBC,State Level,Ladies,12686,67.33
2024-25,D Pharmacy,CAP Round I,02654,Shri Shri Amrutanand Mahayogeshwar D.Pharmacy College,College,Unaided,EWS,Special,Any,25554,50.0
2024-25,D Pharmacy,CAP Round I,02654,Shri Shri Amrutanand Mahayogeshwar D.Pharmacy College,College,Unaided,TFWS,Special,Any,25892,49.67
2024-25,D Pharmacy,CAP Round I,02655,Shri. Chhatrapati Shivaji College of Pharmacy,Pharmacy,Unaided,GOPEN,State Level,Any,18284,59.67
2024-25,D Pharmacy,CAP Round I,02655,Shri. Chhatrapati Shivaji College of Pharmacy,Pharmacy,Unaided,GSC,State Level,Any,31350,43.0
2024-25,D Pharmacy,CAP Round I,02655,Shri. Chhatrapati Shivaji College of Pharmacy,Pharmacy,Unaided,GNTA,State Level,Any,24648,51.33
2024-25,D Pharmacy,CAP Round I,02655,Shri. Chhatrapati Shivaji College of Pharmacy,Pharmacy,Unaided,GNTB,State Level,Any,19677,57.67
2024-25,D Pharmacy,CAP Round I,02655,Shri. Chhatrapati Shivaji College of Pharmacy,Pharmacy,Unaided,GNTC,State Level,Any,27480,47.67
2024-25,D Pharmacy,CAP Round I,02655,Shri. Chhatrapati Shivaji College of Pharmacy,Pharmacy,Unaided,GNTD,State Level,Any,22111,54.67
2024-25,D Pharmacy,CAP Round I,02655,Shri. Chhatrapati Shivaji College of Pharmacy,Pharmacy,Unaided,GOBC,State Level,Any,21990,54.67
2024-25,D Pharmacy,CAP Round I,02655,Shri. Chhatrapati Shivaji College of Pharmacy,Pharmacy,Unaided,LOPEN,State Level,Ladies,6803,75.33
2024-25,D Pharmacy,CAP Round I,02655,Shri. Chhatrapati Shivaji College of Pharmacy,Pharmacy,Unaided,LSC,State Level,Ladies,31604,42.67
2024-25,D Pharmacy,CAP Round I,02655,Shri. Chhatrapati Shivaji College of Pharmacy,Pharmacy,Unaided,LNTA,State Level,Ladies,9536,71.67
2024-25,D Pharmacy,CAP Round I,02655,Shri. Chhatrapati Shivaji College of Pharmacy,Pharmacy,Unaided,LNTB,State Level,Ladies,19284,58.33
2024-25,D Pharmacy,CAP Round I,02655,Shri. Chhatrapati Shivaji College of Pharmacy,Pharmacy,Unaided,LOBC,State Level,Ladies,20587,56.67
2024-25,D Pharmacy,CAP Round I,02655,Shri. Chhatrapati Shivaji College of Pharmacy,Pharmacy,Unaided,EWS,Special,Any,13685,66.0
2024-25,D Pharmacy,CAP Round I,02655,Shri. Chhatrapati Shivaji College of Pharmacy,Pharmacy,Unaided,TFWS,Special,Any,23442,53.0
2024-25,D Pharmacy,CAP Round I,02657,Arman Institute of Pharmacy,Pharmacy,Unaided,GOPEN,State Level,Any,18091,60.0
2024-25,D Pharmacy,CAP Round I,02657,Arman Institute of Pharmacy,Pharmacy,Unaided,GSC,State Level,Any,25707,50.0
2024-25,D Pharmacy,CAP Round I,02657,Arman Institute of Pharmacy,Pharmacy,Unaided,GNTA,State Level,Any,29578,45.0
2024-25,D Pharmacy,CAP Round I,02657,Arman Institute of Pharmacy,Pharmacy,Unaided,GNTC,State Level,Any,19136,58.67
2024-25,D Pharmacy,CAP Round I,02657,Arman Institute of Pharmacy,Pharmacy,Unaided,GOBC,State Level,Any,31897,42.0
2024-25,D Pharmacy,CAP Round I,02657,Arman Institute of Pharmacy,Pharmacy,Unaided,LOPEN,State Level,Ladies,8297,73.33
2024-25,D Pharmacy,CAP Round I,02657,Arman Institute of Pharmacy,Pharmacy,Unaided,LSC,State Level,Ladies,30183,44.33
2024-25,D Pharmacy,CAP Round I,02657,Arman Institute of Pharmacy,Pharmacy,Unaided,LNTC,State Level,Ladies,16733,61.67
2024-25,D Pharmacy,CAP Round I,02657,Arman Institute of Pharmacy,Pharmacy,Unaided,LOBC,State Level,Ladies,29153,45.33
2024-25,D Pharmacy,CAP Round I,02657,Arman Institute of Pharmacy,Pharmacy,Unaided,EWS,Special,Any,23973,52.33
2024-25,D Pharmacy,CAP Round I,02658,"R.G. Institute of Pharmacy, Aurala",Chhatrapati Sambhajinagar,Unaided,GOPEN,State Level,Any,30199,44.33
2024-25,D Pharmacy,CAP Round I,02658,"R.G. Institute of Pharmacy, Aurala",Chhatrapati Sambhajinagar,Unaided,LOPEN,State Level,Ladies,14583,64.67
2024-25,D Pharmacy,CAP Round I,02658,"R.G. Institute of Pharmacy, Aurala",Chhatrapati Sambhajinagar,Unaided,LST,State Level,Ladies,17115,61.33
2024-25,D Pharmacy,CAP Round I,02658,"R.G. Institute of Pharmacy, Aurala",Chhatrapati Sambhajinagar,Unaided,TFWS,Special,Any,28731,46.0
2024-25,D Pharmacy,CAP Round I,02659,"Kai. Dyandeo Patil Trust College of Pharmacy, Chikhurda Tq Dist Latur",Latur,Unaided,GOPEN,State Level,Any,18959,58.67
2024-25,D Pharmacy,CAP Round I,02659,"Kai. Dyandeo Patil Trust College of Pharmacy, Chikhurda Tq Dist Latur",Latur,Unaided,GSC,State Level,Any,21382,55.67
2024-25,D Pharmacy,CAP Round I,02659,"Kai. Dyandeo Patil Trust College of Pharmacy, Chikhurda Tq Dist Latur",Latur,Unaided,GNTB,State Level,Any,19859,57.67
2024-25,D Pharmacy,CAP Round I,02659,"Kai. Dyandeo Patil Trust College of Pharmacy, Chikhurda Tq Dist Latur",Latur,Unaided,GNTC,State Level,Any,19105,58.67
2024-25,D Pharmacy,CAP Round I,02659,"Kai. Dyandeo Patil Trust College of Pharmacy, Chikhurda Tq Dist Latur",Latur,Unaided,GNTD,State Level,Any,35392,37.67
2024-25,D Pharmacy,CAP Round I,02659,"Kai. Dyandeo Patil Trust College of Pharmacy, Chikhurda Tq Dist Latur",Latur,Unaided,GSEBC,State Level,Any,31465,42.67
2024-25,D Pharmacy,CAP Round I,02659,"Kai. Dyandeo Patil Trust College of Pharmacy, Chikhurda Tq Dist Latur",Latur,Unaided,LOPEN,State Level,Ladies,1565,84.67
2024-25,D Pharmacy,CAP Round I,02659,"Kai. Dyandeo Patil Trust College of Pharmacy, Chikhurda Tq Dist Latur",Latur,Unaided,LOBC,State Level,Ladies,8748,72.67
2024-25,D Pharmacy,CAP Round I,02659,"Kai. Dyandeo Patil Trust College of Pharmacy, Chikhurda Tq Dist Latur",Latur,Unaided,EWS,Special,Any,18251,59.67
2024-25,D Pharmacy,CAP Round I,02660,Dharashiv Institute of Pharmaceutical Science & Research,Research,Unaided,GOPEN,State Level,Any,22389,54.33
2024-25,D Pharmacy,CAP Round I,02660,Dharashiv Institute of Pharmaceutical Science & Research,Research,Unaided,GSC,State Level,Any,35140,38.33
2024-25,D Pharmacy,CAP Round I,02660,Dharashiv Institute of Pharmaceutical Science & Research,Research,Unaided,GNTA,State Level,Any,34160,39.33
2024-25,D Pharmacy,CAP Round I,02660,Dharashiv Institute of Pharmaceutical Science & Research,Research,Unaided,GNTD,State Level,Any,32915,41.0
2024-25,D Pharmacy,CAP Round I,02660,Dharashiv Institute of Pharmaceutical Science & Research,Research,Unaided,LOPEN,State Level,Ladies,10261,70.67
2024-25,D Pharmacy,CAP Round I,02660,Dharashiv Institute of Pharmaceutical Science & Research,Research,Unaided,LSC,State Level,Ladies,19178,58.33
2024-25,D Pharmacy,CAP Round I,02660,Dharashiv Institute of Pharmaceutical Science & Research,Research,Unaided,LNTC,State Level,Ladies,14491,64.67
2024-25,D Pharmacy,CAP Round I,02660,Dharashiv Institute of Pharmaceutical Science & Research,Research,Unaided,LSEBC,State Level,Ladies,36441,35.67
2024-25,D Pharmacy,CAP Round I,02670,Gurukul Institute of Pharmacy,Pharmacy,Unaided,GOPEN,State Level,Any,10919,69.67
2024-25,D Pharmacy,CAP Round I,02670,Gurukul Institute of Pharmacy,Pharmacy,Unaided,GST,State Level,Any,11430,69.0
2024-25,D Pharmacy,CAP Round I,02670,Gurukul Institute of Pharmacy,Pharmacy,Unaided,GNTA,State Level,Any,14534,64.67
2024-25,D Pharmacy,CAP Round I,02670,Gurukul Institute of Pharmacy,Pharmacy,Unaided,GNTB,State Level,Any,11373,69.0
2024-25,D Pharmacy,CAP Round I,02670,Gurukul Institute of Pharmacy,Pharmacy,Unaided,GOBC,State Level,Any,21055,56.0
2024-25,D Pharmacy,CAP Round I,02670,Gurukul Institute of Pharmacy,Pharmacy,Unaided,GSEBC,State Level,Any,18229,59.67
2024-25,D Pharmacy,CAP Round I,02670,Gurukul Institute of Pharmacy,Pharmacy,Unaided,LOPEN,State Level,Ladies,4870,78.33
2024-25,D Pharmacy,CAP Round I,02670,Gurukul Institute of Pharmacy,Pharmacy,Unaided,LSC,State Level,Ladies,20348,57.0
2024-25,D Pharmacy,CAP Round I,02670,Gurukul Institute of Pharmacy,Pharmacy,Unaided,LSEBC,State Level,Ladies,14939,64.0
2024-25,D Pharmacy,CAP Round I,02670,Gurukul Institute of Pharmacy,Pharmacy,Unaided,PWDOPEN,State Level,Any,23000,53.67
2024-25,D Pharmacy,CAP Round I,02670,Gurukul Institute of Pharmacy,Pharmacy,Unaided,EWS,Special,Any,12695,67.33
2024-25,D Pharmacy,CAP Round I,02670,Gurukul Institute of Pharmacy,Pharmacy,Unaided,TFWS,Special,Any,4016,79.67
2024-25,D Pharmacy,CAP Round I,02672,Renuka Pharmacy College,College,Unaided,GOPEN,State Level,Any,31681,42.33
2024-25,D Pharmacy,CAP Round I,02672,Renuka Pharmacy College,College,Unaided,LOPEN,State Level,Ladies,34090,39.33
2024-25,D Pharmacy,CAP Round I,02672,Renuka Pharmacy College,College,Unaided,LOBC,State Level,Ladies,36588,35.33
2024-25,D Pharmacy,CAP Round I,02673,"Aadarsh Institute of Pharmaceutical Science & Research Center, Kendrewadi",Sangli,Unaided,GOPEN,State Level,Any,32132,42.0
2024-25,D Pharmacy,CAP Round I,02673,"Aadarsh Institute of Pharmaceutical Science & Research Center, Kendrewadi",Sangli,Unaided,LOPEN,State Level,Ladies,9158,72.0
2024-25,D Pharmacy,CAP Round I,02673,"Aadarsh Institute of Pharmaceutical Science & Research Center, Kendrewadi",Sangli,Unaided,TFWS,Special,Any,11552,68.67
2024-25,D Pharmacy,CAP Round I,02674,"Shrimati Sonabai Kele College of Pharmacy, Kelewadi",Sangli,Unaided,GOPEN,State Level,Any,34810,38.67
2024-25,D Pharmacy,CAP Round I,02674,"Shrimati Sonabai Kele College of Pharmacy, Kelewadi",Sangli,Unaided,LOPEN,State Level,Ladies,32116,42.0
2024-25,D Pharmacy,CAP Round I,02674,"Shrimati Sonabai Kele College of Pharmacy, Kelewadi",Sangli,Unaided,EWS,Special,Any,16364,62.33
2024-25,D Pharmacy,CAP Round I,02674,"Shrimati Sonabai Kele College of Pharmacy, Kelewadi",Sangli,Unaided,TFWS,Special,Any,16579,62.0
2024-25,D Pharmacy,CAP Round I,02760,Annapurna Institute of Pharmaceutical Science and Research,Research,Unaided,GOPEN,State Level,Any,25241,50.67
2024-25,D Pharmacy,CAP Round I,02760,Annapurna Institute of Pharmaceutical Science and Research,Research,Unaided,LOPEN,State Level,Ladies,14595,64.67
2024-25,D Pharmacy,CAP Round I,02760,Annapurna Institute of Pharmaceutical Science and Research,Research,Unaided,EWS,Special,Any,27458,47.67
2024-25,D Pharmacy,CAP Round I,03009,"Government Polytechnic, Ratnagiri",Ratnagiri,Government,GOPEN,State Level,Any,3906,80.0
2024-25,D Pharmacy,CAP Round I,03009,"Government Polytechnic, Ratnagiri",Ratnagiri,Government,GSC,State Level,Any,14363,65.0
2024-25,D Pharmacy,CAP Round I,03009,"Government Polytechnic, Ratnagiri",Ratnagiri,Government,GST,State Level,Any,27303,48.0
2024-25,D Pharmacy,CAP Round I,03009,"Government Polytechnic, Ratnagiri",Ratnagiri,Government,GNTC,State Level,Any,11959,68.33
2024-25,D Pharmacy,CAP Round I,03009,"Government Polytechnic, Ratnagiri",Ratnagiri,Government,GOBC,State Level,Any,7319,74.67
2024-25,D Pharmacy,CAP Round I,03009,"Government Polytechnic, Ratnagiri",Ratnagiri,Government,GSEBC,State Level,Any,32287,41.67
2024-25,D Pharmacy,CAP Round I,03009,"Government Polytechnic, Ratnagiri",Ratnagiri,Government,LOPEN,State Level,Ladies,3296,81.0
2024-25,D Pharmacy,CAP Round I,03009,"Government Polytechnic, Ratnagiri",Ratnagiri,Government,LSC,State Level,Ladies,9357,71.67
2024-25,D Pharmacy,CAP Round I,03009,"Government Polytechnic, Ratnagiri",Ratnagiri,Government,LNTA,State Level,Ladies,33883,39.67
2024-25,D Pharmacy,CAP Round I,03009,"Government Polytechnic, Ratnagiri",Ratnagiri,Government,LOBC,State Level,Ladies,7016,75.0
2024-25,D Pharmacy,CAP Round I,03009,"Government Polytechnic, Ratnagiri",Ratnagiri,Government,LSEBC,State Level,Ladies,25700,50.0
2024-25,D Pharmacy,CAP Round I,03009,"Government Polytechnic, Ratnagiri",Ratnagiri,Government,PWDOPEN,State Level,Any,21308,55.67
2024-25,D Pharmacy,CAP Round I,03009,"Government Polytechnic, Ratnagiri",Ratnagiri,Government,EWS,Special,Any,21979,54.67
2024-25,D Pharmacy,CAP Round I,03009,"Government Polytechnic, Ratnagiri",Ratnagiri,Government,TFWS,Special,Any,2454,82.67
2024-25,D Pharmacy,CAP Round I,03009,"Government Polytechnic, Ratnagiri",Ratnagiri,Government,LNTB,State Level,Ladies,32863,41.0
2024-25,D Pharmacy,CAP Round I,03027,"Premlila Vithaldas Polytechnic(Womens),Mumbai",Mumbai,Aided,LOPEN,State Level,Ladies,4537,78.67
2024-25,D Pharmacy,CAP Round I,03027,"Premlila Vithaldas Polytechnic(Womens),Mumbai",Mumbai,Aided,LSC,State Level,Ladies,27132,48.0
2024-25,D Pharmacy,CAP Round I,03027,"Premlila Vithaldas Polytechnic(Womens),Mumbai",Mumbai,Aided,LST,State Level,Ladies,17520,60.67
2024-25,D Pharmacy,CAP Round I,03027,"Premlila Vithaldas Polytechnic(Womens),Mumbai",Mumbai,Aided,LNTA,State Level,Ladies,22301,54.33
2024-25,D Pharmacy,CAP Round I,03027,"Premlila Vithaldas Polytechnic(Womens),Mumbai",Mumbai,Aided,LNTC,State Level,Ladies,24258,51.67
2024-25,D Pharmacy,CAP Round I,03027,"Premlila Vithaldas Polytechnic(Womens),Mumbai",Mumbai,Aided,LOBC,State Level,Ladies,27789,47.33
2024-25,D Pharmacy,CAP Round I,03027,"Premlila Vithaldas Polytechnic(Womens),Mumbai",Mumbai,Aided,LSEBC,State Level,Ladies,26621,48.67
2024-25,D Pharmacy,CAP Round I,03027,"Premlila Vithaldas Polytechnic(Womens),Mumbai",Mumbai,Aided,EWS,Special,Any,34744,38.67
2024-25,D Pharmacy,CAP Round I,03027,"Premlila Vithaldas Polytechnic(Womens),Mumbai",Mumbai,Aided,TFWS,Special,Any,9104,72.0
2024-25,D Pharmacy,CAP Round I,03039,"Hydrabad (Sind) National Collegiate K.M.Kundanani Pharmacy Polytechnic,Ulhasnagar Dist-Thane",Thane,Aided,GOPEN,State Level,Any,15598,63.33
2024-25,D Pharmacy,CAP Round I,03039,"Hydrabad (Sind) National Collegiate K.M.Kundanani Pharmacy Polytechnic,Ulhasnagar Dist-Thane",Thane,Aided,LOPEN,State Level,Ladies,11555,68.67
2024-25,D Pharmacy,CAP Round I,03039,"Hydrabad (Sind) National Collegiate K.M.Kundanani Pharmacy Polytechnic,Ulhasnagar Dist-Thane",Thane,Aided,MI,Special,Any,36692,35.0
2024-25,D Pharmacy,CAP Round I,03039,"Hydrabad (Sind) National Collegiate K.M.Kundanani Pharmacy Polytechnic,Ulhasnagar Dist-Thane",Thane,Aided,TFWS,Special,Any,12363,67.67
2024-25,D Pharmacy,CAP Round I,03163,"Shri Angarsiddha Shikshan Prasarak Mandal's Diploma In Pharmacy Institute,Sangulwadi,Tal-Vaibhavwadi",Sindhudurg,Unaided,GOPEN,State Level,Any,19460,58.0
2024-25,D Pharmacy,CAP Round I,03163,"Shri Angarsiddha Shikshan Prasarak Mandal's Diploma In Pharmacy Institute,Sangulwadi,Tal-Vaibhavwadi",Sindhudurg,Unaided,GSC,State Level,Any,36424,36.0
2024-25,D Pharmacy,CAP Round I,03163,"Shri Angarsiddha Shikshan Prasarak Mandal's Diploma In Pharmacy Institute,Sangulwadi,Tal-Vaibhavwadi",Sindhudurg,Unaided,GNTC,State Level,Any,20056,57.33
2024-25,D Pharmacy,CAP Round I,03163,"Shri Angarsiddha Shikshan Prasarak Mandal's Diploma In Pharmacy Institute,Sangulwadi,Tal-Vaibhavwadi",Sindhudurg,Unaided,GOBC,State Level,Any,35485,37.67
2024-25,D Pharmacy,CAP Round I,03163,"Shri Angarsiddha Shikshan Prasarak Mandal's Diploma In Pharmacy Institute,Sangulwadi,Tal-Vaibhavwadi",Sindhudurg,Unaided,GSEBC,State Level,Any,33973,39.67
2024-25,D Pharmacy,CAP Round I,03163,"Shri Angarsiddha Shikshan Prasarak Mandal's Diploma In Pharmacy Institute,Sangulwadi,Tal-Vaibhavwadi",Sindhudurg,Unaided,LOPEN,State Level,Ladies,14968,64.0
2024-25,D Pharmacy,CAP Round I,03163,"Shri Angarsiddha Shikshan Prasarak Mandal's Diploma In Pharmacy Institute,Sangulwadi,Tal-Vaibhavwadi",Sindhudurg,Unaided,LSC,State Level,Ladies,17322,61.0
2024-25,D Pharmacy,CAP Round I,03163,"Shri Angarsiddha Shikshan Prasarak Mandal's Diploma In Pharmacy Institute,Sangulwadi,Tal-Vaibhavwadi",Sindhudurg,Unaided,LOBC,State Level,Ladies,18498,59.33
2024-25,D Pharmacy,CAP Round I,03163,"Shri Angarsiddha Shikshan Prasarak Mandal's Diploma In Pharmacy Institute,Sangulwadi,Tal-Vaibhavwadi",Sindhudurg,Unaided,LSEBC,State Level,Ladies,18179,59.67
2024-25,D Pharmacy,CAP Round I,03163,"Shri Angarsiddha Shikshan Prasarak Mandal's Diploma In Pharmacy Institute,Sangulwadi,Tal-Vaibhavwadi",Sindhudurg,Unaided,EWS,Special,Any,27207,48.0
2024-25,D Pharmacy,CAP Round I,03163,"Shri Angarsiddha Shikshan Prasarak Mandal's Diploma In Pharmacy Institute,Sangulwadi,Tal-Vaibhavwadi",Sindhudurg,Unaided,TFWS,Special,Any,14743,64.33
2024-25,D Pharmacy,CAP Round I,03163,"Shri Angarsiddha Shikshan Prasarak Mandal's Diploma In Pharmacy Institute,Sangulwadi,Tal-Vaibhavwadi",Sindhudurg,Unaided,LNTB,State Level,Ladies,36050,36.67
2024-25,D Pharmacy,CAP Round I,03186,"Indrayani Shikshan Prasarak Mandal Shri Pushpasen Sawant College of Pharmacy, Kudal",Sindhudurg,Unaided,GOPEN,State Level,Any,34920,38.33
2024-25,D Pharmacy,CAP Round I,03186,"Indrayani Shikshan Prasarak Mandal Shri Pushpasen Sawant College of Pharmacy, Kudal",Sindhudurg,Unaided,LOPEN,State Level,Ladies,20142,57.33
2024-25,D Pharmacy,CAP Round I,03186,"Indrayani Shikshan Prasarak Mandal Shri Pushpasen Sawant College of Pharmacy, Kudal",Sindhudurg,Unaided,LSC,State Level,Ladies,30717,43.67
2024-25,D Pharmacy,CAP Round I,03186,"Indrayani Shikshan Prasarak Mandal Shri Pushpasen Sawant College of Pharmacy, Kudal",Sindhudurg,Unaided,LOBC,State Level,Ladies,30013,44.33
2024-25,D Pharmacy,CAP Round I,03186,"Indrayani Shikshan Prasarak Mandal Shri Pushpasen Sawant College of Pharmacy, Kudal",Sindhudurg,Unaided,LSEBC,State Level,Ladies,25353,50.33
2024-25,D Pharmacy,CAP Round I,03186,"Indrayani Shikshan Prasarak Mandal Shri Pushpasen Sawant College of Pharmacy, Kudal",Sindhudurg,Unaided,EWS,Special,Any,35291,38.0
2024-25,D Pharmacy,CAP Round I,03186,"Indrayani Shikshan Prasarak Mandal Shri Pushpasen Sawant College of Pharmacy, Kudal",Sindhudurg,Unaided,TFWS,Special,Any,16942,61.33
2024-25,D Pharmacy,CAP Round I,03205,"Bharati Vidyapeeth College of Pharmacy, Belapur, Navi Mumbai",Mumbai,Unaided,GOPEN,State Level,Any,17967,60.0
2024-25,D Pharmacy,CAP Round I,03205,"Bharati Vidyapeeth College of Pharmacy, Belapur, Navi Mumbai",Mumbai,Unaided,GSC,State Level,Any,25947,49.67
2024-25,D Pharmacy,CAP Round I,03205,"Bharati Vidyapeeth College of Pharmacy, Belapur, Navi Mumbai",Mumbai,Unaided,GST,State Level,Any,36348,36.0
2024-25,D Pharmacy,CAP Round I,03205,"Bharati Vidyapeeth College of Pharmacy, Belapur, Navi Mumbai",Mumbai,Unaided,GNTC,State Level,Any,20244,57.0
2024-25,D Pharmacy,CAP Round I,03205,"Bharati Vidyapeeth College of Pharmacy, Belapur, Navi Mumbai",Mumbai,Unaided,GNTD,State Level,Any,27145,48.0
2024-25,D Pharmacy,CAP Round I,03205,"Bharati Vidyapeeth College of Pharmacy, Belapur, Navi Mumbai",Mumbai,Unaided,GOBC,State Level,Any,28022,47.0
2024-25,D Pharmacy,CAP Round I,03205,"Bharati Vidyapeeth College of Pharmacy, Belapur, Navi Mumbai",Mumbai,Unaided,GSEBC,State Level,Any,36658,35.33
2024-25,D Pharmacy,CAP Round I,03205,"Bharati Vidyapeeth College of Pharmacy, Belapur, Navi Mumbai",Mumbai,Unaided,LOPEN,State Level,Ladies,16680,61.67
2024-25,D Pharmacy,CAP Round I,03205,"Bharati Vidyapeeth College of Pharmacy, Belapur, Navi Mumbai",Mumbai,Unaided,LSC,State Level,Ladies,21706,55.0
2024-25,D Pharmacy,CAP Round I,03205,"Bharati Vidyapeeth College of Pharmacy, Belapur, Navi Mumbai",Mumbai,Unaided,LNTB,State Level,Ladies,34414,39.0
2024-25,D Pharmacy,CAP Round I,03205,"Bharati Vidyapeeth College of Pharmacy, Belapur, Navi Mumbai",Mumbai,Unaided,LNTC,State Level,Ladies,18455,59.33
2024-25,D Pharmacy,CAP Round I,03205,"Bharati Vidyapeeth College of Pharmacy, Belapur, Navi Mumbai",Mumbai,Unaided,LOBC,State Level,Ladies,21463,55.33
2024-25,D Pharmacy,CAP Round I,03205,"Bharati Vidyapeeth College of Pharmacy, Belapur, Navi Mumbai",Mumbai,Unaided,LSEBC,State Level,Ladies,27199,48.0
2024-25,D Pharmacy,CAP Round I,03205,"Bharati Vidyapeeth College of Pharmacy, Belapur, Navi Mumbai",Mumbai,Unaided,DEFOPEN,State Level,Any,34721,38.67
2024-25,D Pharmacy,CAP Round I,03205,"Bharati Vidyapeeth College of Pharmacy, Belapur, Navi Mumbai",Mumbai,Unaided,EWS,Special,Any,35110,38.33
2024-25,D Pharmacy,CAP Round I,03205,"Bharati Vidyapeeth College of Pharmacy, Belapur, Navi Mumbai",Mumbai,Unaided,TFWS,Special,Any,10802,69.67
2024-25,D Pharmacy,CAP Round I,03225,"Saraswathi Vidya Bhavan's College of Pharmacy, Dombivli",Thane,Unaided,GOPEN,State Level,Any,23854,52.33
2024-25,D Pharmacy,CAP Round I,03225,"Saraswathi Vidya Bhavan's College of Pharmacy, Dombivli",Thane,Unaided,LOPEN,State Level,Ladies,14275,65.0
2024-25,D Pharmacy,CAP Round I,03225,"Saraswathi Vidya Bhavan's College of Pharmacy, Dombivli",Thane,Unaided,TFWS,Special,Any,25487,50.33
2024-25,D Pharmacy,CAP Round I,03229,"Dr. L. H. Hiranandani College of Pharmacy ,Ulhasnagar",Thane,Unaided,GOPEN,State Level,Any,24806,51.0
2024-25,D Pharmacy,CAP Round I,03229,"Dr. L. H. Hiranandani College of Pharmacy ,Ulhasnagar",Thane,Unaided,LOPEN,State Level,Ladies,19931,57.33
2024-25,D Pharmacy,CAP Round I,03229,"Dr. L. H. Hiranandani College of Pharmacy ,Ulhasnagar",Thane,Unaided,MI,Special,Any,34092,39.33
2024-25,D Pharmacy,CAP Round I,03229,"Dr. L. H. Hiranandani College of Pharmacy ,Ulhasnagar",Thane,Unaided,TFWS,Special,Any,24418,51.67
2024-25,D Pharmacy,CAP Round I,03230,"NCRD's Sterling Institute of Pharmacy, Nerul, Navi Mumbai",Mumbai,Unaided,GOPEN,State Level,Any,20406,56.67
2024-25,D Pharmacy,CAP Round I,03230,"NCRD's Sterling Institute of Pharmacy, Nerul, Navi Mumbai",Mumbai,Unaided,GSC,State Level,Any,27101,48.0
2024-25,D Pharmacy,CAP Round I,03230,"NCRD's Sterling Institute of Pharmacy, Nerul, Navi Mumbai",Mumbai,Unaided,GNTC,State Level,Any,30947,43.33
2024-25,D Pharmacy,CAP Round I,03230,"NCRD's Sterling Institute of Pharmacy, Nerul, Navi Mumbai",Mumbai,Unaided,GOBC,State Level,Any,27072,48.33
2024-25,D Pharmacy,CAP Round I,03230,"NCRD's Sterling Institute of Pharmacy, Nerul, Navi Mumbai",Mumbai,Unaided,LOPEN,State Level,Ladies,14475,64.67
2024-25,D Pharmacy,CAP Round I,03230,"NCRD's Sterling Institute of Pharmacy, Nerul, Navi Mumbai",Mumbai,Unaided,LSC,State Level,Ladies,15176,63.67
2024-25,D Pharmacy,CAP Round I,03230,"NCRD's Sterling Institute of Pharmacy, Nerul, Navi Mumbai",Mumbai,Unaided,LOBC,State Level,Ladies,34257,39.33
2024-25,D Pharmacy,CAP Round I,03230,"NCRD's Sterling Institute of Pharmacy, Nerul, Navi Mumbai",Mumbai,Unaided,PWDOPEN,State Level,Any,32276,41.67
2024-25,D Pharmacy,CAP Round I,03230,"NCRD's Sterling Institute of Pharmacy, Nerul, Navi Mumbai",Mumbai,Unaided,EWS,Special,Any,29985,44.33
2024-25,D Pharmacy,CAP Round I,03230,"NCRD's Sterling Institute of Pharmacy, Nerul, Navi Mumbai",Mumbai,Unaided,TFWS,Special,Any,21807,55.0
2024-25,D Pharmacy,CAP Round I,03230,"NCRD's Sterling Institute of Pharmacy, Nerul, Navi Mumbai",Mumbai,Unaided,LNTC,State Level,Ladies,35996,37.0
2024-25,D Pharmacy,CAP Round I,03233,"Govindrao Nikam College Of Pharmacy, Sawarde",Sindhudurg,Unaided,GOPEN,State Level,Any,31019,43.33
2024-25,D Pharmacy,CAP Round I,03233,"Govindrao Nikam College Of Pharmacy, Sawarde",Sindhudurg,Unaided,GNTB,State Level,Any,31832,42.33
2024-25,D Pharmacy,CAP Round I,03233,"Govindrao Nikam College Of Pharmacy, Sawarde",Sindhudurg,Unaided,GNTC,State Level,Any,31691,42.33
2024-25,D Pharmacy,CAP Round I,03233,"Govindrao Nikam College Of Pharmacy, Sawarde",Sindhudurg,Unaided,GOBC,State Level,Any,33601,40.0
2024-25,D Pharmacy,CAP Round I,03233,"Govindrao Nikam College Of Pharmacy, Sawarde",Sindhudurg,Unaided,GSEBC,State Level,Any,33718,40.0
2024-25,D Pharmacy,CAP Round I,03233,"Govindrao Nikam College Of Pharmacy, Sawarde",Sindhudurg,Unaided,LOPEN,State Level,Ladies,23770,52.33
2024-25,D Pharmacy,CAP Round I,03233,"Govindrao Nikam College Of Pharmacy, Sawarde",Sindhudurg,Unaided,LSC,State Level,Ladies,28507,46.33
2024-25,D Pharmacy,CAP Round I,03233,"Govindrao Nikam College Of Pharmacy, Sawarde",Sindhudurg,Unaided,LOBC,State Level,Ladies,28721,46.0
2024-25,D Pharmacy,CAP Round I,03233,"Govindrao Nikam College Of Pharmacy, Sawarde",Sindhudurg,Unaided,TFWS,Special,Any,33901,39.67
2024-25,D Pharmacy,CAP Round I,03235,"Gahlot Institute of Pharmacy, Koparkhairane, Navi Mumbai",Mumbai,Unaided,GOPEN,State Level,Any,22368,54.33
2024-25,D Pharmacy,CAP Round I,03235,"Gahlot Institute of Pharmacy, Koparkhairane, Navi Mumbai",Mumbai,Unaided,GSC,State Level,Any,31010,43.33
2024-25,D Pharmacy,CAP Round I,03235,"Gahlot Institute of Pharmacy, Koparkhairane, Navi Mumbai",Mumbai,Unaided,GNTC,State Level,Any,27251,48.0
2024-25,D Pharmacy,CAP Round I,03235,"Gahlot Institute of Pharmacy, Koparkhairane, Navi Mumbai",Mumbai,Unaided,GNTD,State Level,Any,36628,35.33
2024-25,D Pharmacy,CAP Round I,03235,"Gahlot Institute of Pharmacy, Koparkhairane, Navi Mumbai",Mumbai,Unaided,GOBC,State Level,Any,36187,36.33
2024-25,D Pharmacy,CAP Round I,03235,"Gahlot Institute of Pharmacy, Koparkhairane, Navi Mumbai",Mumbai,Unaided,GSEBC,State Level,Any,28079,47.0
2024-25,D Pharmacy,CAP Round I,03235,"Gahlot Institute of Pharmacy, Koparkhairane, Navi Mumbai",Mumbai,Unaided,LOPEN,State Level,Ladies,17253,61.0
2024-25,D Pharmacy,CAP Round I,03235,"Gahlot Institute of Pharmacy, Koparkhairane, Navi Mumbai",Mumbai,Unaided,LSC,State Level,Ladies,29217,45.33
2024-25,D Pharmacy,CAP Round I,03235,"Gahlot Institute of Pharmacy, Koparkhairane, Navi Mumbai",Mumbai,Unaided,LOBC,State Level,Ladies,28978,45.67
2024-25,D Pharmacy,CAP Round I,03235,"Gahlot Institute of Pharmacy, Koparkhairane, Navi Mumbai",Mumbai,Unaided,PWDOPEN,State Level,Any,30104,44.33
2024-25,D Pharmacy,CAP Round I,03235,"Gahlot Institute of Pharmacy, Koparkhairane, Navi Mumbai",Mumbai,Unaided,DEFOPEN,State Level,Any,30971,43.33
2024-25,D Pharmacy,CAP Round I,03235,"Gahlot Institute of Pharmacy, Koparkhairane, Navi Mumbai",Mumbai,Unaided,EWS,Special,Any,35574,37.67
2024-25,D Pharmacy,CAP Round I,03235,"Gahlot Institute of Pharmacy, Koparkhairane, Navi Mumbai",Mumbai,Unaided,TFWS,Special,Any,15982,62.67
2024-25,D Pharmacy,CAP Round I,03236,"Konkan Gyanpeeth Rahul Dharkar College of Pharmacy & Research Institute, Karjat, Dahivali, Karjat Dist. Raigad",Raigad,Unaided,GOPEN,State Level,Any,30545,43.67
2024-25,D Pharmacy,CAP Round I,03236,"Konkan Gyanpeeth Rahul Dharkar College of Pharmacy & Research Institute, Karjat, Dahivali, Karjat Dist. Raigad",Raigad,Unaided,GSC,State Level,Any,36368,36.0
2024-25,D Pharmacy,CAP Round I,03236,"Konkan Gyanpeeth Rahul Dharkar College of Pharmacy & Research Institute, Karjat, Dahivali, Karjat Dist. Raigad",Raigad,Unaided,GNTC,State Level,Any,36408,36.0
2024-25,D Pharmacy,CAP Round I,03236,"Konkan Gyanpeeth Rahul Dharkar College of Pharmacy & Research Institute, Karjat, Dahivali, Karjat Dist. Raigad",Raigad,Unaided,GOBC,State Level,Any,36013,36.67
2024-25,D Pharmacy,CAP Round I,03236,"Konkan Gyanpeeth Rahul Dharkar College of Pharmacy & Research Institute, Karjat, Dahivali, Karjat Dist. Raigad",Raigad,Unaided,LOPEN,State Level,Ladies,23582,52.67
2024-25,D Pharmacy,CAP Round I,03236,"Konkan Gyanpeeth Rahul Dharkar College of Pharmacy & Research Institute, Karjat, Dahivali, Karjat Dist. Raigad",Raigad,Unaided,LSC,State Level,Ladies,36487,35.67
2024-25,D Pharmacy,CAP Round I,03236,"Konkan Gyanpeeth Rahul Dharkar College of Pharmacy & Research Institute, Karjat, Dahivali, Karjat Dist. Raigad",Raigad,Unaided,LOBC,State Level,Ladies,35992,37.0
2024-25,D Pharmacy,CAP Round I,03236,"Konkan Gyanpeeth Rahul Dharkar College of Pharmacy & Research Institute, Karjat, Dahivali, Karjat Dist. Raigad",Raigad,Unaided,TFWS,Special,Any,28278,46.67
2024-25,D Pharmacy,CAP Round I,03239,"Prabhodhan Shikshan Prasarak Sanshta's Indira Institute of Pharmacy, Sadavali",Ratnagiri,Unaided,GOPEN,State Level,Any,25348,50.33
2024-25,D Pharmacy,CAP Round I,03239,"Prabhodhan Shikshan Prasarak Sanshta's Indira Institute of Pharmacy, Sadavali",Ratnagiri,Unaided,GSC,State Level,Any,34547,39.0
2024-25,D Pharmacy,CAP Round I,03239,"Prabhodhan Shikshan Prasarak Sanshta's Indira Institute of Pharmacy, Sadavali",Ratnagiri,Unaided,GNTB,State Level,Any,31707,42.33
2024-25,D Pharmacy,CAP Round I,03239,"Prabhodhan Shikshan Prasarak Sanshta's Indira Institute of Pharmacy, Sadavali",Ratnagiri,Unaided,GNTC,State Level,Any,26746,48.67
2024-25,D Pharmacy,CAP Round I,03239,"Prabhodhan Shikshan Prasarak Sanshta's Indira Institute of Pharmacy, Sadavali",Ratnagiri,Unaided,GOBC,State Level,Any,32387,41.67
2024-25,D Pharmacy,CAP Round I,03239,"Prabhodhan Shikshan Prasarak Sanshta's Indira Institute of Pharmacy, Sadavali",Ratnagiri,Unaided,GSEBC,State Level,Any,33085,40.67
2024-25,D Pharmacy,CAP Round I,03239,"Prabhodhan Shikshan Prasarak Sanshta's Indira Institute of Pharmacy, Sadavali",Ratnagiri,Unaided,LOPEN,State Level,Ladies,15017,64.0
2024-25,D Pharmacy,CAP Round I,03239,"Prabhodhan Shikshan Prasarak Sanshta's Indira Institute of Pharmacy, Sadavali",Ratnagiri,Unaided,LNTC,State Level,Ladies,32324,41.67
2024-25,D Pharmacy,CAP Round I,03239,"Prabhodhan Shikshan Prasarak Sanshta's Indira Institute of Pharmacy, Sadavali",Ratnagiri,Unaided,LOBC,State Level,Ladies,21821,55.0
2024-25,D Pharmacy,CAP Round I,03239,"Prabhodhan Shikshan Prasarak Sanshta's Indira Institute of Pharmacy, Sadavali",Ratnagiri,Unaided,LSEBC,State Level,Ladies,32877,41.0
2024-25,D Pharmacy,CAP Round I,03239,"Prabhodhan Shikshan Prasarak Sanshta's Indira Institute of Pharmacy, Sadavali",Ratnagiri,Unaided,PWDOPEN,State Level,Any,35719,37.33
2024-25,D Pharmacy,CAP Round I,03239,"Prabhodhan Shikshan Prasarak Sanshta's Indira Institute of Pharmacy, Sadavali",Ratnagiri,Unaided,EWS,Special,Any,32285,41.67
2024-25,D Pharmacy,CAP Round I,03239,"Prabhodhan Shikshan Prasarak Sanshta's Indira Institute of Pharmacy, Sadavali",Ratnagiri,Unaided,TFWS,Special,Any,17037,61.33
2024-25,D Pharmacy,CAP Round I,03240,"Aldel Education Trust's St. John Institute of Pharmacy and Research, Vevoor, Palghar",Palghar,Unaided,GOPEN,State Level,Any,15297,63.67
2024-25,D Pharmacy,CAP Round I,03240,"Aldel Education Trust's St. John Institute of Pharmacy and Research, Vevoor, Palghar",Palghar,Unaided,LOPEN,State Level,Ladies,10488,70.33
2024-25,D Pharmacy,CAP Round I,03240,"Aldel Education Trust's St. John Institute of Pharmacy and Research, Vevoor, Palghar",Palghar,Unaided,MI,Special,Any,35701,37.33
2024-25,D Pharmacy,CAP Round I,03240,"Aldel Education Trust's St. John Institute of Pharmacy and Research, Vevoor, Palghar",Palghar,Unaided,TFWS,Special,Any,7215,74.67
2024-25,D Pharmacy,CAP Round I,03241,"Vighnarta Trust, Shivajirao Jondhale College of Pharmacy, Shahapur",Thane,Unaided,GOPEN,State Level,Any,21813,55.0
2024-25,D Pharmacy,CAP Round I,03241,"Vighnarta Trust, Shivajirao Jondhale College of Pharmacy, Shahapur",Thane,Unaided,GSC,State Level,Any,36470,35.67
2024-25,D Pharmacy,CAP Round I,03241,"Vighnarta Trust, Shivajirao Jondhale College of Pharmacy, Shahapur",Thane,Unaided,GST,State Level,Any,27106,48.0
2024-25,D Pharmacy,CAP Round I,03241,"Vighnarta Trust, Shivajirao Jondhale College of Pharmacy, Shahapur",Thane,Unaided,GNTA,State Level,Any,35119,38.33
2024-25,D Pharmacy,CAP Round I,03241,"Vighnarta Trust, Shivajirao Jondhale College of Pharmacy, Shahapur",Thane,Unaided,GNTC,State Level,Any,26593,48.67
2024-25,D Pharmacy,CAP Round I,03241,"Vighnarta Trust, Shivajirao Jondhale College of Pharmacy, Shahapur",Thane,Unaided,GOBC,State Level,Any,34860,38.67
2024-25,D Pharmacy,CAP Round I,03241,"Vighnarta Trust, Shivajirao Jondhale College of Pharmacy, Shahapur",Thane,Unaided,LOPEN,State Level,Ladies,20208,57.0
2024-25,D Pharmacy,CAP Round I,03241,"Vighnarta Trust, Shivajirao Jondhale College of Pharmacy, Shahapur",Thane,Unaided,LSC,State Level,Ladies,36293,36.33
2024-25,D Pharmacy,CAP Round I,03241,"Vighnarta Trust, Shivajirao Jondhale College of Pharmacy, Shahapur",Thane,Unaided,LST,State Level,Ladies,26131,49.33
2024-25,D Pharmacy,CAP Round I,03241,"Vighnarta Trust, Shivajirao Jondhale College of Pharmacy, Shahapur",Thane,Unaided,LOBC,State Level,Ladies,34037,39.67
2024-25,D Pharmacy,CAP Round I,03241,"Vighnarta Trust, Shivajirao Jondhale College of Pharmacy, Shahapur",Thane,Unaided,LSEBC,State Level,Ladies,29531,45.0
2024-25,D Pharmacy,CAP Round I,03241,"Vighnarta Trust, Shivajirao Jondhale College of Pharmacy, Shahapur",Thane,Unaided,TFWS,Special,Any,20083,57.33
2024-25,D Pharmacy,CAP Round I,03290,Sahyadri Shikshan Sanstha's College of Pharmacy Sawarde,Sindhudurg,Unaided,GOPEN,State Level,Any,26218,49.33
2024-25,D Pharmacy,CAP Round I,03290,Sahyadri Shikshan Sanstha's College of Pharmacy Sawarde,Sindhudurg,Unaided,GSC,State Level,Any,36111,36.67
2024-25,D Pharmacy,CAP Round I,03290,Sahyadri Shikshan Sanstha's College of Pharmacy Sawarde,Sindhudurg,Unaided,GNTB,State Level,Any,27999,47.0
2024-25,D Pharmacy,CAP Round I,03290,Sahyadri Shikshan Sanstha's College of Pharmacy Sawarde,Sindhudurg,Unaided,GOBC,State Level,Any,29802,44.67
2024-25,D Pharmacy,CAP Round I,03290,Sahyadri Shikshan Sanstha's College of Pharmacy Sawarde,Sindhudurg,Unaided,LOPEN,State Level,Ladies,16125,62.67
2024-25,D Pharmacy,CAP Round I,03290,Sahyadri Shikshan Sanstha's College of Pharmacy Sawarde,Sindhudurg,Unaided,LSC,State Level,Ladies,35702,37.33
2024-25,D Pharmacy,CAP Round I,03290,Sahyadri Shikshan Sanstha's College of Pharmacy Sawarde,Sindhudurg,Unaided,LOBC,State Level,Ladies,25770,49.67
2024-25,D Pharmacy,CAP Round I,03290,Sahyadri Shikshan Sanstha's College of Pharmacy Sawarde,Sindhudurg,Unaided,LSEBC,State Level,Ladies,32476,41.33
2024-25,D Pharmacy,CAP Round I,03290,Sahyadri Shikshan Sanstha's College of Pharmacy Sawarde,Sindhudurg,Unaided,EWS,Special,Any,33310,40.33
2024-25,D Pharmacy,CAP Round I,03290,Sahyadri Shikshan Sanstha's College of Pharmacy Sawarde,Sindhudurg,Unaided,TFWS,Special,Any,17978,60.0
2024-25,D Pharmacy,CAP Round I,03291,"Mandar Education Society's College of Pharmacy(Diploma), Pedhambe",Ratnagiri,Unaided,GOPEN,State Level,Any,30470,44.0
2024-25,D Pharmacy,CAP Round I,03291,"Mandar Education Society's College of Pharmacy(Diploma), Pedhambe",Ratnagiri,Unaided,GSC,State Level,Any,32730,41.33
2024-25,D Pharmacy,CAP Round I,03291,"Mandar Education Society's College of Pharmacy(Diploma), Pedhambe",Ratnagiri,Unaided,GNTB,State Level,Any,34041,39.67
2024-25,D Pharmacy,CAP Round I,03291,"Mandar Education Society's College of Pharmacy(Diploma), Pedhambe",Ratnagiri,Unaided,GOBC,State Level,Any,35330,38.0
2024-25,D Pharmacy,CAP Round I,03291,"Mandar Education Society's College of Pharmacy(Diploma), Pedhambe",Ratnagiri,Unaided,GSEBC,State Level,Any,35120,38.33
2024-25,D Pharmacy,CAP Round I,03291,"Mandar Education Society's College of Pharmacy(Diploma), Pedhambe",Ratnagiri,Unaided,LOPEN,State Level,Ladies,24186,52.0
2024-25,D Pharmacy,CAP Round I,03291,"Mandar Education Society's College of Pharmacy(Diploma), Pedhambe",Ratnagiri,Unaided,LSC,State Level,Ladies,30502,44.0
2024-25,D Pharmacy,CAP Round I,03291,"Mandar Education Society's College of Pharmacy(Diploma), Pedhambe",Ratnagiri,Unaided,LNTB,State Level,Ladies,36240,36.33
2024-25,D Pharmacy,CAP Round I,03291,"Mandar Education Society's College of Pharmacy(Diploma), Pedhambe",Ratnagiri,Unaided,LOBC,State Level,Ladies,29152,45.33
2024-25,D Pharmacy,CAP Round I,03291,"Mandar Education Society's College of Pharmacy(Diploma), Pedhambe",Ratnagiri,Unaided,EWS,Special,Any,34811,38.67
2024-25,D Pharmacy,CAP Round I,03291,"Mandar Education Society's College of Pharmacy(Diploma), Pedhambe",Ratnagiri,Unaided,TFWS,Special,Any,35706,37.33
2024-25,D Pharmacy,CAP Round I,03292,"Navyug Vidyapeeth Trust's Institute of Pharmacy,Mahad, Raigad",Raigad,Unaided,GOPEN,State Level,Any,34459,39.0
2024-25,D Pharmacy,CAP Round I,03292,"Navyug Vidyapeeth Trust's Institute of Pharmacy,Mahad, Raigad",Raigad,Unaided,LOPEN,State Level,Ladies,25072,50.67
2024-25,D Pharmacy,CAP Round I,03292,"Navyug Vidyapeeth Trust's Institute of Pharmacy,Mahad, Raigad",Raigad,Unaided,LSC,State Level,Ladies,30694,43.67
2024-25,D Pharmacy,CAP Round I,03292,"Navyug Vidyapeeth Trust's Institute of Pharmacy,Mahad, Raigad",Raigad,Unaided,LOBC,State Level,Ladies,27617,47.67
2024-25,D Pharmacy,CAP Round I,03292,"Navyug Vidyapeeth Trust's Institute of Pharmacy,Mahad, Raigad",Raigad,Unaided,PWDOPEN,State Level,Any,16272,62.33
2024-25,D Pharmacy,CAP Round I,03292,"Navyug Vidyapeeth Trust's Institute of Pharmacy,Mahad, Raigad",Raigad,Unaided,PWDROBC,State Level,Any,21337,55.67
2024-25,D Pharmacy,CAP Round I,03292,"Navyug Vidyapeeth Trust's Institute of Pharmacy,Mahad, Raigad",Raigad,Unaided,EWS,Special,Any,36324,36.0
2024-25,D Pharmacy,CAP Round I,03292,"Navyug Vidyapeeth Trust's Institute of Pharmacy,Mahad, Raigad",Raigad,Unaided,TFWS,Special,Any,34582,39.0
2024-25,D Pharmacy,CAP Round I,03293,"Mumbai Education Trust's Institute Of Pharmacy, Mumbai",Mumbai,Unaided,GOPEN,State Level,Any,16274,62.33
2024-25,D Pharmacy,CAP Round I,03293,"Mumbai Education Trust's Institute Of Pharmacy, Mumbai",Mumbai,Unaided,GSC,State Level,Any,33927,39.67
2024-25,D Pharmacy,CAP Round I,03293,"Mumbai Education Trust's Institute Of Pharmacy, Mumbai",Mumbai,Unaided,GST,State Level,Any,34749,38.67
2024-25,D Pharmacy,CAP Round I,03293,"Mumbai Education Trust's Institute Of Pharmacy, Mumbai",Mumbai,Unaided,GNTB,State Level,Any,23526,52.67
2024-25,D Pharmacy,CAP Round I,03293,"Mumbai Education Trust's Institute Of Pharmacy, Mumbai",Mumbai,Unaided,GNTD,State Level,Any,36254,36.33
2024-25,D Pharmacy,CAP Round I,03293,"Mumbai Education Trust's Institute Of Pharmacy, Mumbai",Mumbai,Unaided,GOBC,State Level,Any,30075,44.33
2024-25,D Pharmacy,CAP Round I,03293,"Mumbai Education Trust's Institute Of Pharmacy, Mumbai",Mumbai,Unaided,GSEBC,State Level,Any,33631,40.0
2024-25,D Pharmacy,CAP Round I,03293,"Mumbai Education Trust's Institute Of Pharmacy, Mumbai",Mumbai,Unaided,LOPEN,State Level,Ladies,12705,67.33
2024-25,D Pharmacy,CAP Round I,03293,"Mumbai Education Trust's Institute Of Pharmacy, Mumbai",Mumbai,Unaided,LSC,State Level,Ladies,28931,45.67
2024-25,D Pharmacy,CAP Round I,03293,"Mumbai Education Trust's Institute Of Pharmacy, Mumbai",Mumbai,Unaided,LST,State Level,Ladies,31216,43.0
2024-25,D Pharmacy,CAP Round I,03293,"Mumbai Education Trust's Institute Of Pharmacy, Mumbai",Mumbai,Unaided,LOBC,State Level,Ladies,29209,45.33
2024-25,D Pharmacy,CAP Round I,03293,"Mumbai Education Trust's Institute Of Pharmacy, Mumbai",Mumbai,Unaided,EWS,Special,Any,22513,54.0
2024-25,D Pharmacy,CAP Round I,03293,"Mumbai Education Trust's Institute Of Pharmacy, Mumbai",Mumbai,Unaided,TFWS,Special,Any,20008,57.33
2024-25,D Pharmacy,CAP Round I,03296,"Saraswati Education Society's Yadavrao Tasgaonkar Institute Of Pharmacy(Diploma), Bhivpuri, Karjat",Raigad,Unaided,GOPEN,State Level,Any,34651,38.67
2024-25,D Pharmacy,CAP Round I,03296,"Saraswati Education Society's Yadavrao Tasgaonkar Institute Of Pharmacy(Diploma), Bhivpuri, Karjat",Raigad,Unaided,LOPEN,State Level,Ladies,30309,44.0
2024-25,D Pharmacy,CAP Round I,03296,"Saraswati Education Society's Yadavrao Tasgaonkar Institute Of Pharmacy(Diploma), Bhivpuri, Karjat",Raigad,Unaided,LSC,State Level,Ladies,34944,38.33
2024-25,D Pharmacy,CAP Round I,03296,"Saraswati Education Society's Yadavrao Tasgaonkar Institute Of Pharmacy(Diploma), Bhivpuri, Karjat",Raigad,Unaided,LOBC,State Level,Ladies,36073,36.67
2024-25,D Pharmacy,CAP Round I,03296,"Saraswati Education Society's Yadavrao Tasgaonkar Institute Of Pharmacy(Diploma), Bhivpuri, Karjat",Raigad,Unaided,TFWS,Special,Any,36155,36.67
2024-25,D Pharmacy,CAP Round I,03297,"Adarsh Shikshan Mandal's Ideal College Of Pharmacy, Kalyan",Thane,Unaided,GOPEN,State Level,Any,26295,49.0
2024-25,D Pharmacy,CAP Round I,03297,"Adarsh Shikshan Mandal's Ideal College Of Pharmacy, Kalyan",Thane,Unaided,LOPEN,State Level,Ladies,20678,56.33
2024-25,D Pharmacy,CAP Round I,03297,"Adarsh Shikshan Mandal's Ideal College Of Pharmacy, Kalyan",Thane,Unaided,MI,Special,Any,36528,35.67
2024-25,D Pharmacy,CAP Round I,03297,"Adarsh Shikshan Mandal's Ideal College Of Pharmacy, Kalyan",Thane,Unaided,TFWS,Special,Any,33442,40.33
2024-25,D Pharmacy,CAP Round I,03307,Nagrik Shikshan Sanstha's College of Pharmacy,Pharmacy,Unaided,GOPEN,State Level,Any,22302,54.33
2024-25,D Pharmacy,CAP Round I,03307,Nagrik Shikshan Sanstha's College of Pharmacy,Pharmacy,Unaided,GSC,State Level,Any,36002,36.67
2024-25,D Pharmacy,CAP Round I,03307,Nagrik Shikshan Sanstha's College of Pharmacy,Pharmacy,Unaided,GST,State Level,Any,31079,43.33
2024-25,D Pharmacy,CAP Round I,03307,Nagrik Shikshan Sanstha's College of Pharmacy,Pharmacy,Unaided,GNTD,State Level,Any,33611,40.0
2024-25,D Pharmacy,CAP Round I,03307,Nagrik Shikshan Sanstha's College of Pharmacy,Pharmacy,Unaided,LOPEN,State Level,Ladies,21965,55.0
2024-25,D Pharmacy,CAP Round I,03307,Nagrik Shikshan Sanstha's College of Pharmacy,Pharmacy,Unaided,LSC,State Level,Ladies,35866,37.0
2024-25,D Pharmacy,CAP Round I,03307,Nagrik Shikshan Sanstha's College of Pharmacy,Pharmacy,Unaided,TFWS,Special,Any,25105,50.67
2024-25,D Pharmacy,CAP Round I,03428,"Bharati Vidyapeeth Institute of Pharmacy, Belapur Navi Mumbai",Mumbai,Unaided,GOPEN,State Level,Any,22427,54.33
2024-25,D Pharmacy,CAP Round I,03428,"Bharati Vidyapeeth Institute of Pharmacy, Belapur Navi Mumbai",Mumbai,Unaided,GSC,State Level,Any,33155,40.67
2024-25,D Pharmacy,CAP Round I,03428,"Bharati Vidyapeeth Institute of Pharmacy, Belapur Navi Mumbai",Mumbai,Unaided,GNTB,State Level,Any,25618,50.0
2024-25,D Pharmacy,CAP Round I,03428,"Bharati Vidyapeeth Institute of Pharmacy, Belapur Navi Mumbai",Mumbai,Unaided,GNTC,State Level,Any,23841,52.33
2024-25,D Pharmacy,CAP Round I,03428,"Bharati Vidyapeeth Institute of Pharmacy, Belapur Navi Mumbai",Mumbai,Unaided,GNTD,State Level,Any,29204,45.33
2024-25,D Pharmacy,CAP Round I,03428,"Bharati Vidyapeeth Institute of Pharmacy, Belapur Navi Mumbai",Mumbai,Unaided,GOBC,State Level,Any,32275,41.67
2024-25,D Pharmacy,CAP Round I,03428,"Bharati Vidyapeeth Institute of Pharmacy, Belapur Navi Mumbai",Mumbai,Unaided,LOPEN,State Level,Ladies,17320,61.0
2024-25,D Pharmacy,CAP Round I,03428,"Bharati Vidyapeeth Institute of Pharmacy, Belapur Navi Mumbai",Mumbai,Unaided,LSC,State Level,Ladies,31214,43.0
2024-25,D Pharmacy,CAP Round I,03428,"Bharati Vidyapeeth Institute of Pharmacy, Belapur Navi Mumbai",Mumbai,Unaided,LNTA,State Level,Ladies,29991,44.33
2024-25,D Pharmacy,CAP Round I,03428,"Bharati Vidyapeeth Institute of Pharmacy, Belapur Navi Mumbai",Mumbai,Unaided,LNTC,State Level,Ladies,23400,53.0
2024-25,D Pharmacy,CAP Round I,03428,"Bharati Vidyapeeth Institute of Pharmacy, Belapur Navi Mumbai",Mumbai,Unaided,LOBC,State Level,Ladies,28235,46.67
2024-25,D Pharmacy,CAP Round I,03428,"Bharati Vidyapeeth Institute of Pharmacy, Belapur Navi Mumbai",Mumbai,Unaided,EWS,Special,Any,30668,43.67
2024-25,D Pharmacy,CAP Round I,03428,"Bharati Vidyapeeth Institute of Pharmacy, Belapur Navi Mumbai",Mumbai,Unaided,TFWS,Special,Any,18280,59.67
2024-25,D Pharmacy,CAP Round I,03439,"Anjuman-I-Islam's Kalsekar Technical Campus, Panvel",Raigad,Unaided,GOPEN,State Level,Any,22325,54.33
2024-25,D Pharmacy,CAP Round I,03439,"Anjuman-I-Islam's Kalsekar Technical Campus, Panvel",Raigad,Unaided,LOPEN,State Level,Ladies,20664,56.33
2024-25,D Pharmacy,CAP Round I,03439,"Anjuman-I-Islam's Kalsekar Technical Campus, Panvel",Raigad,Unaided,MI,Special,Any,21014,56.0
2024-25,D Pharmacy,CAP Round I,03439,"Anjuman-I-Islam's Kalsekar Technical Campus, Panvel",Raigad,Unaided,TFWS,Special,Any,18527,59.33
2024-25,D Pharmacy,CAP Round I,03480,"Yashwantrao Bhonsale College of Pharmacy, A/P Charathe, Sawantwadi",Sindhudurg,Unaided,GOPEN,State Level,Any,26550,48.67
2024-25,D Pharmacy,CAP Round I,03480,"Yashwantrao Bhonsale College of Pharmacy, A/P Charathe, Sawantwadi",Sindhudurg,Unaided,GSC,State Level,Any,34033,39.67
2024-25,D Pharmacy,CAP Round I,03480,"Yashwantrao Bhonsale College of Pharmacy, A/P Charathe, Sawantwadi",Sindhudurg,Unaided,GNTB,State Level,Any,28453,46.33
2024-25,D Pharmacy,CAP Round I,03480,"Yashwantrao Bhonsale College of Pharmacy, A/P Charathe, Sawantwadi",Sindhudurg,Unaided,GNTC,State Level,Any,29013,45.67
2024-25,D Pharmacy,CAP Round I,03480,"Yashwantrao Bhonsale College of Pharmacy, A/P Charathe, Sawantwadi",Sindhudurg,Unaided,GOBC,State Level,Any,34619,39.0
2024-25,D Pharmacy,CAP Round I,03480,"Yashwantrao Bhonsale College of Pharmacy, A/P Charathe, Sawantwadi",Sindhudurg,Unaided,GSEBC,State Level,Any,35598,37.67
2024-25,D Pharmacy,CAP Round I,03480,"Yashwantrao Bhonsale College of Pharmacy, A/P Charathe, Sawantwadi",Sindhudurg,Unaided,LOPEN,State Level,Ladies,12815,67.0
2024-25,D Pharmacy,CAP Round I,03480,"Yashwantrao Bhonsale College of Pharmacy, A/P Charathe, Sawantwadi",Sindhudurg,Unaided,LOBC,State Level,Ladies,27253,48.0
2024-25,D Pharmacy,CAP Round I,03480,"Yashwantrao Bhonsale College of Pharmacy, A/P Charathe, Sawantwadi",Sindhudurg,Unaided,LSEBC,State Level,Ladies,16238,62.33
2024-25,D Pharmacy,CAP Round I,03480,"Yashwantrao Bhonsale College of Pharmacy, A/P Charathe, Sawantwadi",Sindhudurg,Unaided,EWS,Special,Any,33924,39.67
2024-25,D Pharmacy,CAP Round I,03485,"St. Wilfred's Institute of Pharmacy, Panvel",Raigad,Unaided,GOPEN,State Level,Any,28318,46.67
2024-25,D Pharmacy,CAP Round I,03485,"St. Wilfred's Institute of Pharmacy, Panvel",Raigad,Unaided,GSC,State Level,Any,32779,41.0
2024-25,D Pharmacy,CAP Round I,03485,"St. Wilfred's Institute of Pharmacy, Panvel",Raigad,Unaided,GOBC,State Level,Any,34747,38.67
2024-25,D Pharmacy,CAP Round I,03485,"St. Wilfred's Institute of Pharmacy, Panvel",Raigad,Unaided,LOPEN,State Level,Ladies,21550,55.33
2024-25,D Pharmacy,CAP Round I,03485,"St. Wilfred's Institute of Pharmacy, Panvel",Raigad,Unaided,LSC,State Level,Ladies,36188,36.33
2024-25,D Pharmacy,CAP Round I,03485,"St. Wilfred's Institute of Pharmacy, Panvel",Raigad,Unaided,LOBC,State Level,Ladies,31803,42.33
2024-25,D Pharmacy,CAP Round I,03485,"St. Wilfred's Institute of Pharmacy, Panvel",Raigad,Unaided,EWS,Special,Any,31724,42.33
2024-25,D Pharmacy,CAP Round I,03485,"St. Wilfred's Institute of Pharmacy, Panvel",Raigad,Unaided,TFWS,Special,Any,34039,39.67
2024-25,D Pharmacy,CAP Round I,03486,"Shree Saraswati Institute of Pharmacy, At Post Tondavali, Kankavali",Kolhapur,Unaided,GOPEN,State Level,Any,31396,42.67
2024-25,D Pharmacy,CAP Round I,03486,"Shree Saraswati Institute of Pharmacy, At Post Tondavali, Kankavali",Kolhapur,Unaided,GSC,State Level,Any,33792,40.0
2024-25,D Pharmacy,CAP Round I,03486,"Shree Saraswati Institute of Pharmacy, At Post Tondavali, Kankavali",Kolhapur,Unaided,GNTC,State Level,Any,34444,39.0
2024-25,D Pharmacy,CAP Round I,03486,"Shree Saraswati Institute of Pharmacy, At Post Tondavali, Kankavali",Kolhapur,Unaided,GOBC,State Level,Any,33916,39.67
2024-25,D Pharmacy,CAP Round I,03486,"Shree Saraswati Institute of Pharmacy, At Post Tondavali, Kankavali",Kolhapur,Unaided,LOPEN,State Level,Ladies,13798,65.67
2024-25,D Pharmacy,CAP Round I,03486,"Shree Saraswati Institute of Pharmacy, At Post Tondavali, Kankavali",Kolhapur,Unaided,LSC,State Level,Ladies,36507,35.67
2024-25,D Pharmacy,CAP Round I,03486,"Shree Saraswati Institute of Pharmacy, At Post Tondavali, Kankavali",Kolhapur,Unaided,LNTC,State Level,Ladies,27118,48.0
2024-25,D Pharmacy,CAP Round I,03486,"Shree Saraswati Institute of Pharmacy, At Post Tondavali, Kankavali",Kolhapur,Unaided,LOBC,State Level,Ladies,32911,41.0
2024-25,D Pharmacy,CAP Round I,03486,"Shree Saraswati Institute of Pharmacy, At Post Tondavali, Kankavali",Kolhapur,Unaided,EWS,Special,Any,20366,57.0
2024-25,D Pharmacy,CAP Round I,03487,"Ideal Institute of Pharmacy, Wada",Palghar,Unaided,GOPEN,State Level,Any,25291,50.33
2024-25,D Pharmacy,CAP Round I,03487,"Ideal Institute of Pharmacy, Wada",Palghar,Unaided,GSC,State Level,Any,30994,43.33
2024-25,D Pharmacy,CAP Round I,03487,"Ideal Institute of Pharmacy, Wada",Palghar,Unaided,GST,State Level,Any,34202,39.33
2024-25,D Pharmacy,CAP Round I,03487,"Ideal Institute of Pharmacy, Wada",Palghar,Unaided,GNTC,State Level,Any,34008,39.67
2024-25,D Pharmacy,CAP Round I,03487,"Ideal Institute of Pharmacy, Wada",Palghar,Unaided,LOPEN,State Level,Ladies,24588,51.33
2024-25,D Pharmacy,CAP Round I,03487,"Ideal Institute of Pharmacy, Wada",Palghar,Unaided,LST,State Level,Ladies,30416,44.0
2024-25,D Pharmacy,CAP Round I,03487,"Ideal Institute of Pharmacy, Wada",Palghar,Unaided,TFWS,Special,Any,32596,41.33
2024-25,D Pharmacy,CAP Round I,03487,"Ideal Institute of Pharmacy, Wada",Palghar,Unaided,LNTB,State Level,Ladies,29361,45.33
2024-25,D Pharmacy,CAP Round I,03490,"VP College of Pharmacy, Madkhol, Sawantwadi",Sindhudurg,Unaided,GOPEN,State Level,Any,30859,43.33
2024-25,D Pharmacy,CAP Round I,03490,"VP College of Pharmacy, Madkhol, Sawantwadi",Sindhudurg,Unaided,GSC,State Level,Any,35236,38.0
2024-25,D Pharmacy,CAP Round I,03490,"VP College of Pharmacy, Madkhol, Sawantwadi",Sindhudurg,Unaided,GSEBC,State Level,Any,35353,38.0
2024-25,D Pharmacy,CAP Round I,03490,"VP College of Pharmacy, Madkhol, Sawantwadi",Sindhudurg,Unaided,LOPEN,State Level,Ladies,22484,54.0
2024-25,D Pharmacy,CAP Round I,03490,"VP College of Pharmacy, Madkhol, Sawantwadi",Sindhudurg,Unaided,LSC,State Level,Ladies,30834,43.33
2024-25,D Pharmacy,CAP Round I,03490,"VP College of Pharmacy, Madkhol, Sawantwadi",Sindhudurg,Unaided,LOBC,State Level,Ladies,28166,46.67
2024-25,D Pharmacy,CAP Round I,03490,"VP College of Pharmacy, Madkhol, Sawantwadi",Sindhudurg,Unaided,LSEBC,State Level,Ladies,27925,47.0
2024-25,D Pharmacy,CAP Round I,03490,"VP College of Pharmacy, Madkhol, Sawantwadi",Sindhudurg,Unaided,EWS,Special,Any,31583,42.67
2024-25,D Pharmacy,CAP Round I,03492,"SBNM College of Pharmacy(D.Pharmacy), Mahad",Raigad,Unaided,GOPEN,State Level,Any,21569,55.33
2024-25,D Pharmacy,CAP Round I,03492,"SBNM College of Pharmacy(D.Pharmacy), Mahad",Raigad,Unaided,GSC,State Level,Any,34887,38.33
2024-25,D Pharmacy,CAP Round I,03492,"SBNM College of Pharmacy(D.Pharmacy), Mahad",Raigad,Unaided,GNTB,State Level,Any,31014,43.33
2024-25,D Pharmacy,CAP Round I,03492,"SBNM College of Pharmacy(D.Pharmacy), Mahad",Raigad,Unaided,GOBC,State Level,Any,36720,35.0
2024-25,D Pharmacy,CAP Round I,03492,"SBNM College of Pharmacy(D.Pharmacy), Mahad",Raigad,Unaided,LOPEN,State Level,Ladies,19352,58.33
2024-25,D Pharmacy,CAP Round I,03492,"SBNM College of Pharmacy(D.Pharmacy), Mahad",Raigad,Unaided,LSC,State Level,Ladies,36132,36.67
2024-25,D Pharmacy,CAP Round I,03492,"SBNM College of Pharmacy(D.Pharmacy), Mahad",Raigad,Unaided,LOBC,State Level,Ladies,33955,39.67
2024-25,D Pharmacy,CAP Round I,03492,"SBNM College of Pharmacy(D.Pharmacy), Mahad",Raigad,Unaided,EWS,Special,Any,16432,62.0
2024-25,D Pharmacy,CAP Round I,03492,"SBNM College of Pharmacy(D.Pharmacy), Mahad",Raigad,Unaided,TFWS,Special,Any,31442,42.67
2024-25,D Pharmacy,CAP Round I,03493,"Shri Angarsiddha Shikshan Prasarak Mandal's ASPM College of Pharmacy, Sangulwadi",Sindhudurg,Unaided,GOPEN,State Level,Any,17617,60.67
2024-25,D Pharmacy,CAP Round I,03493,"Shri Angarsiddha Shikshan Prasarak Mandal's ASPM College of Pharmacy, Sangulwadi",Sindhudurg,Unaided,GSC,State Level,Any,21285,55.67
2024-25,D Pharmacy,CAP Round I,03493,"Shri Angarsiddha Shikshan Prasarak Mandal's ASPM College of Pharmacy, Sangulwadi",Sindhudurg,Unaided,GNTC,State Level,Any,17979,60.0
2024-25,D Pharmacy,CAP Round I,03493,"Shri Angarsiddha Shikshan Prasarak Mandal's ASPM College of Pharmacy, Sangulwadi",Sindhudurg,Unaided,GOBC,State Level,Any,34931,38.33
2024-25,D Pharmacy,CAP Round I,03493,"Shri Angarsiddha Shikshan Prasarak Mandal's ASPM College of Pharmacy, Sangulwadi",Sindhudurg,Unaided,LOPEN,State Level,Ladies,16501,62.0
2024-25,D Pharmacy,CAP Round I,03493,"Shri Angarsiddha Shikshan Prasarak Mandal's ASPM College of Pharmacy, Sangulwadi",Sindhudurg,Unaided,LSC,State Level,Ladies,21069,56.0
2024-25,D Pharmacy,CAP Round I,03493,"Shri Angarsiddha Shikshan Prasarak Mandal's ASPM College of Pharmacy, Sangulwadi",Sindhudurg,Unaided,LST,State Level,Ladies,17830,60.33
2024-25,D Pharmacy,CAP Round I,03493,"Shri Angarsiddha Shikshan Prasarak Mandal's ASPM College of Pharmacy, Sangulwadi",Sindhudurg,Unaided,LNTC,State Level,Ladies,25685,50.0
2024-25,D Pharmacy,CAP Round I,03493,"Shri Angarsiddha Shikshan Prasarak Mandal's ASPM College of Pharmacy, Sangulwadi",Sindhudurg,Unaided,LOBC,State Level,Ladies,34700,38.67
2024-25,D Pharmacy,CAP Round I,03493,"Shri Angarsiddha Shikshan Prasarak Mandal's ASPM College of Pharmacy, Sangulwadi",Sindhudurg,Unaided,EWS,Special,Any,32064,42.0
2024-25,D Pharmacy,CAP Round I,03493,"Shri Angarsiddha Shikshan Prasarak Mandal's ASPM College of Pharmacy, Sangulwadi",Sindhudurg,Unaided,TFWS,Special,Any,25345,50.33
2024-25,D Pharmacy,CAP Round I,03499,"M.S. College Of Pharmacy, Devghar",Pune,Unaided,GOPEN,State Level,Any,35171,38.0
2024-25,D Pharmacy,CAP Round I,03499,"M.S. College Of Pharmacy, Devghar",Pune,Unaided,LOPEN,State Level,Ladies,26406,49.0
2024-25,D Pharmacy,CAP Round I,03499,"M.S. College Of Pharmacy, Devghar",Pune,Unaided,MI,Special,Any,32773,41.0
2024-25,D Pharmacy,CAP Round I,03499,"M.S. College Of Pharmacy, Devghar",Pune,Unaided,TFWS,Special,Any,31613,42.67
2024-25,D Pharmacy,CAP Round I,03500,"Vijayrao Naik College Of Pharmacy, Shirval",Satara,Unaided,GOPEN,State Level,Any,36062,36.67
2024-25,D Pharmacy,CAP Round I,03500,"Vijayrao Naik College Of Pharmacy, Shirval",Satara,Unaided,LOPEN,State Level,Ladies,29779,44.67
2024-25,D Pharmacy,CAP Round I,03500,"Vijayrao Naik College Of Pharmacy, Shirval",Satara,Unaided,LOBC,State Level,Ladies,31403,42.67
2024-25,D Pharmacy,CAP Round I,03500,"Vijayrao Naik College Of Pharmacy, Shirval",Satara,Unaided,EWS,Special,Any,21545,55.33
2024-25,D Pharmacy,CAP Round I,03500,"Vijayrao Naik College Of Pharmacy, Shirval",Satara,Unaided,TFWS,Special,Any,13403,66.33
2024-25,D Pharmacy,CAP Round I,03501,"Siddhis Institute Of Pharmacy, Nandgaon",Nashik,Unaided,GOPEN,State Level,Any,33174,40.67
2024-25,D Pharmacy,CAP Round I,03501,"Siddhis Institute Of Pharmacy, Nandgaon",Nashik,Unaided,GOBC,State Level,Any,34959,38.33
2024-25,D Pharmacy,CAP Round I,03501,"Siddhis Institute Of Pharmacy, Nandgaon",Nashik,Unaided,LOPEN,State Level,Ladies,18010,60.0
2024-25,D Pharmacy,CAP Round I,03501,"Siddhis Institute Of Pharmacy, Nandgaon",Nashik,Unaided,LOBC,State Level,Ladies,23815,52.33
2024-25,D Pharmacy,CAP Round I,03501,"Siddhis Institute Of Pharmacy, Nandgaon",Nashik,Unaided,EWS,Special,Any,26988,48.33
2024-25,D Pharmacy,CAP Round I,03504,"Raigad College Of Pharmacy, Mohopre",Satara,Unaided,GOPEN,State Level,Any,17427,60.67
2024-25,D Pharmacy,CAP Round I,03504,"Raigad College Of Pharmacy, Mohopre",Satara,Unaided,GSC,State Level,Any,36694,35.0
2024-25,D Pharmacy,CAP Round I,03504,"Raigad College Of Pharmacy, Mohopre",Satara,Unaided,GNTA,State Level,Any,22398,54.33
2024-25,D Pharmacy,CAP Round I,03504,"Raigad College Of Pharmacy, Mohopre",Satara,Unaided,GNTB,State Level,Any,29789,44.67
2024-25,D Pharmacy,CAP Round I,03504,"Raigad College Of Pharmacy, Mohopre",Satara,Unaided,GOBC,State Level,Any,26705,48.67
2024-25,D Pharmacy,CAP Round I,03504,"Raigad College Of Pharmacy, Mohopre",Satara,Unaided,LOPEN,State Level,Ladies,10801,69.67
2024-25,D Pharmacy,CAP Round I,03504,"Raigad College Of Pharmacy, Mohopre",Satara,Unaided,LSC,State Level,Ladies,21615,55.33
2024-25,D Pharmacy,CAP Round I,03504,"Raigad College Of Pharmacy, Mohopre",Satara,Unaided,LOBC,State Level,Ladies,15990,62.67
2024-25,D Pharmacy,CAP Round I,03504,"Raigad College Of Pharmacy, Mohopre",Satara,Unaided,LSEBC,State Level,Ladies,35944,37.0
2024-25,D Pharmacy,CAP Round I,03504,"Raigad College Of Pharmacy, Mohopre",Satara,Unaided,PWDOPEN,State Level,Any,30690,43.67
2024-25,D Pharmacy,CAP Round I,03504,"Raigad College Of Pharmacy, Mohopre",Satara,Unaided,EWS,Special,Any,10788,69.67
2024-25,D Pharmacy,CAP Round I,03504,"Raigad College Of Pharmacy, Mohopre",Satara,Unaided,TFWS,Special,Any,16917,61.33
2024-25,D Pharmacy,CAP Round I,03505,"Abhinav Institute Of Pharmacy, Chinchpada",Nandurbar,Unaided,GOPEN,State Level,Any,30705,43.67
2024-25,D Pharmacy,CAP Round I,03505,"Abhinav Institute Of Pharmacy, Chinchpada",Nandurbar,Unaided,GSC,State Level,Any,35963,37.0
2024-25,D Pharmacy,CAP Round I,03505,"Abhinav Institute Of Pharmacy, Chinchpada",Nandurbar,Unaided,GNTB,State Level,Any,35080,38.33
2024-25,D Pharmacy,CAP Round I,03505,"Abhinav Institute Of Pharmacy, Chinchpada",Nandurbar,Unaided,GOBC,State Level,Any,34117,39.33
2024-25,D Pharmacy,CAP Round I,03505,"Abhinav Institute Of Pharmacy, Chinchpada",Nandurbar,Unaided,LOPEN,State Level,Ladies,28247,46.67
2024-25,D Pharmacy,CAP Round I,03505,"Abhinav Institute Of Pharmacy, Chinchpada",Nandurbar,Unaided,LSC,State Level,Ladies,30091,44.33
2024-25,D Pharmacy,CAP Round I,03505,"Abhinav Institute Of Pharmacy, Chinchpada",Nandurbar,Unaided,LOBC,State Level,Ladies,35908,37.0
2024-25,D Pharmacy,CAP Round I,03505,"Abhinav Institute Of Pharmacy, Chinchpada",Nandurbar,Unaided,TFWS,Special,Any,29296,45.33
2024-25,D Pharmacy,CAP Round I,03508,"B.K. Patil Institute of Pharmacy, Taloja, Panvel",Raigad,Unaided,GOPEN,State Level,Any,29621,45.0
2024-25,D Pharmacy,CAP Round I,03508,"B.K. Patil Institute of Pharmacy, Taloja, Panvel",Raigad,Unaided,GSC,State Level,Any,31942,42.0
2024-25,D Pharmacy,CAP Round I,03508,"B.K. Patil Institute of Pharmacy, Taloja, Panvel",Raigad,Unaided,LOPEN,State Level,Ladies,22767,53.67
2024-25,D Pharmacy,CAP Round I,03508,"B.K. Patil Institute of Pharmacy, Taloja, Panvel",Raigad,Unaided,LNTB,State Level,Ladies,26976,48.33
2024-25,D Pharmacy,CAP Round I,03508,"B.K. Patil Institute of Pharmacy, Taloja, Panvel",Raigad,Unaided,LOBC,State Level,Ladies,24523,51.33
2024-25,D Pharmacy,CAP Round I,03508,"B.K. Patil Institute of Pharmacy, Taloja, Panvel",Raigad,Unaided,TFWS,Special,Any,32987,40.67
2024-25,D Pharmacy,CAP Round I,03509,"Indala Institute of Pharmacy, Bapsai, Kalyan",Thane,Unaided,GOPEN,State Level,Any,28182,46.67
2024-25,D Pharmacy,CAP Round I,03509,"Indala Institute of Pharmacy, Bapsai, Kalyan",Thane,Unaided,GSC,State Level,Any,35684,37.33
2024-25,D Pharmacy,CAP Round I,03509,"Indala Institute of Pharmacy, Bapsai, Kalyan",Thane,Unaided,GST,State Level,Any,36734,35.0
2024-25,D Pharmacy,CAP Round I,03509,"Indala Institute of Pharmacy, Bapsai, Kalyan",Thane,Unaided,GNTA,State Level,Any,29078,45.67
2024-25,D Pharmacy,CAP Round I,03509,"Indala Institute of Pharmacy, Bapsai, Kalyan",Thane,Unaided,GNTB,State Level,Any,32769,41.0
2024-25,D Pharmacy,CAP Round I,03509,"Indala Institute of Pharmacy, Bapsai, Kalyan",Thane,Unaided,GOBC,State Level,Any,36283,36.33
2024-25,D Pharmacy,CAP Round I,03509,"Indala Institute of Pharmacy, Bapsai, Kalyan",Thane,Unaided,LOPEN,State Level,Ladies,10655,70.0
2024-25,D Pharmacy,CAP Round I,03509,"Indala Institute of Pharmacy, Bapsai, Kalyan",Thane,Unaided,LSC,State Level,Ladies,32912,41.0
2024-25,D Pharmacy,CAP Round I,03509,"Indala Institute of Pharmacy, Bapsai, Kalyan",Thane,Unaided,LOBC,State Level,Ladies,19074,58.67
2024-25,D Pharmacy,CAP Round I,03509,"Indala Institute of Pharmacy, Bapsai, Kalyan",Thane,Unaided,PWDOPEN,State Level,Any,36421,36.0
2024-25,D Pharmacy,CAP Round I,03509,"Indala Institute of Pharmacy, Bapsai, Kalyan",Thane,Unaided,TFWS,Special,Any,16064,62.67
2024-25,D Pharmacy,CAP Round I,03509,"Indala Institute of Pharmacy, Bapsai, Kalyan",Thane,Unaided,LNTA,State Level,Ladies,30917,43.33
2024-25,D Pharmacy,CAP Round I,03510,"Lokmanya Tilak Institute of Pharmacy, Kharghar, Navi Mumbai",Mumbai,Unaided,GOPEN,State Level,Any,27201,48.0
2024-25,D Pharmacy,CAP Round I,03510,"Lokmanya Tilak Institute of Pharmacy, Kharghar, Navi Mumbai",Mumbai,Unaided,GSC,State Level,Any,36219,36.33
2024-25,D Pharmacy,CAP Round I,03510,"Lokmanya Tilak Institute of Pharmacy, Kharghar, Navi Mumbai",Mumbai,Unaided,GOBC,State Level,Any,36385,36.0
2024-25,D Pharmacy,CAP Round I,03510,"Lokmanya Tilak Institute of Pharmacy, Kharghar, Navi Mumbai",Mumbai,Unaided,LOPEN,State Level,Ladies,26084,49.33
2024-25,D Pharmacy,CAP Round I,03510,"Lokmanya Tilak Institute of Pharmacy, Kharghar, Navi Mumbai",Mumbai,Unaided,LSC,State Level,Ladies,35859,37.0
2024-25,D Pharmacy,CAP Round I,03510,"Lokmanya Tilak Institute of Pharmacy, Kharghar, Navi Mumbai",Mumbai,Unaided,LOBC,State Level,Ladies,30555,43.67
2024-25,D Pharmacy,CAP Round I,03510,"Lokmanya Tilak Institute of Pharmacy, Kharghar, Navi Mumbai",Mumbai,Unaided,TFWS,Special,Any,27968,47.0
2024-25,D Pharmacy,CAP Round I,03511,"DPO's Nett College of Pharmacy, Thane",Thane,Unaided,GOPEN,State Level,Any,30419,44.0
2024-25,D Pharmacy,CAP Round I,03511,"DPO's Nett College of Pharmacy, Thane",Thane,Unaided,GST,State Level,Any,35886,37.0
2024-25,D Pharmacy,CAP Round I,03511,"DPO's Nett College of Pharmacy, Thane",Thane,Unaided,LOPEN,State Level,Ladies,27898,47.0
2024-25,D Pharmacy,CAP Round I,03511,"DPO's Nett College of Pharmacy, Thane",Thane,Unaided,LSC,State Level,Ladies,36035,36.67
2024-25,D Pharmacy,CAP Round I,03511,"DPO's Nett College of Pharmacy, Thane",Thane,Unaided,LST,State Level,Ladies,32628,41.33
2024-25,D Pharmacy,CAP Round I,03511,"DPO's Nett College of Pharmacy, Thane",Thane,Unaided,TFWS,Special,Any,31543,42.67
2024-25,D Pharmacy,CAP Round I,03531,B.R. Harne College of Pharmacy,Pharmacy,Unaided,GOPEN,State Level,Any,31945,42.0
2024-25,D Pharmacy,CAP Round I,03531,B.R. Harne College of Pharmacy,Pharmacy,Unaided,GSC,State Level,Any,34432,39.0
2024-25,D Pharmacy,CAP Round I,03531,B.R. Harne College of Pharmacy,Pharmacy,Unaided,GST,State Level,Any,33393,40.33
2024-25,D Pharmacy,CAP Round I,03531,B.R. Harne College of Pharmacy,Pharmacy,Unaided,GNTC,State Level,Any,35101,38.33
2024-25,D Pharmacy,CAP Round I,03531,B.R. Harne College of Pharmacy,Pharmacy,Unaided,LOPEN,State Level,Ladies,31077,43.33
2024-25,D Pharmacy,CAP Round I,03531,B.R. Harne College of Pharmacy,Pharmacy,Unaided,LSC,State Level,Ladies,35501,37.67
2024-25,D Pharmacy,CAP Round I,03531,B.R. Harne College of Pharmacy,Pharmacy,Unaided,LOBC,State Level,Ladies,32792,41.0
2024-25,D Pharmacy,CAP Round I,03531,B.R. Harne College of Pharmacy,Pharmacy,Unaided,TFWS,Special,Any,35782,37.33
2024-25,D Pharmacy,CAP Round I,03533,"Y.N.P. College of Pharmacy, At Post Asangaon, Dahanu",Palghar,Unaided,GOPEN,State Level,Any,35285,38.0
2024-25,D Pharmacy,CAP Round I,03533,"Y.N.P. College of Pharmacy, At Post Asangaon, Dahanu",Palghar,Unaided,GST,State Level,Any,36664,35.33
2024-25,D Pharmacy,CAP Round I,03533,"Y.N.P. College of Pharmacy, At Post Asangaon, Dahanu",Palghar,Unaided,LOPEN,State Level,Ladies,30308,44.0
2024-25,D Pharmacy,CAP Round I,03533,"Y.N.P. College of Pharmacy, At Post Asangaon, Dahanu",Palghar,Unaided,LST,State Level,Ladies,34309,39.33
2024-25,D Pharmacy,CAP Round I,03533,"Y.N.P. College of Pharmacy, At Post Asangaon, Dahanu",Palghar,Unaided,LOBC,State Level,Ladies,35461,37.67
2024-25,D Pharmacy,CAP Round I,03535,"Deep College of Pharmacy, Boisar",Mumbai,Unaided,GOPEN,State Level,Any,26703,48.67
2024-25,D Pharmacy,CAP Round I,03535,"Deep College of Pharmacy, Boisar",Mumbai,Unaided,GSC,State Level,Any,32308,41.67
2024-25,D Pharmacy,CAP Round I,03535,"Deep College of Pharmacy, Boisar",Mumbai,Unaided,LOPEN,State Level,Ladies,23482,53.0
2024-25,D Pharmacy,CAP Round I,03535,"Deep College of Pharmacy, Boisar",Mumbai,Unaided,LSC,State Level,Ladies,30733,43.67
2024-25,D Pharmacy,CAP Round I,03535,"Deep College of Pharmacy, Boisar",Mumbai,Unaided,LST,State Level,Ladies,35464,37.67
2024-25,D Pharmacy,CAP Round I,03535,"Deep College of Pharmacy, Boisar",Mumbai,Unaided,TFWS,Special,Any,34140,39.33
2024-25,D Pharmacy,CAP Round I,03536,"Yashodeep College of Pharmacy, At Post Saralgaon, Taluka Murbad",Thane,Unaided,GOPEN,State Level,Any,16303,62.33
2024-25,D Pharmacy,CAP Round I,03536,"Yashodeep College of Pharmacy, At Post Saralgaon, Taluka Murbad",Thane,Unaided,GST,State Level,Any,27262,48.0
2024-25,D Pharmacy,CAP Round I,03536,"Yashodeep College of Pharmacy, At Post Saralgaon, Taluka Murbad",Thane,Unaided,GNTB,State Level,Any,32556,41.33
2024-25,D Pharmacy,CAP Round I,03536,"Yashodeep College of Pharmacy, At Post Saralgaon, Taluka Murbad",Thane,Unaided,GNTD,State Level,Any,20818,56.33
2024-25,D Pharmacy,CAP Round I,03536,"Yashodeep College of Pharmacy, At Post Saralgaon, Taluka Murbad",Thane,Unaided,GOBC,State Level,Any,22265,54.33
2024-25,D Pharmacy,CAP Round I,03536,"Yashodeep College of Pharmacy, At Post Saralgaon, Taluka Murbad",Thane,Unaided,GSEBC,State Level,Any,29312,45.33
2024-25,D Pharmacy,CAP Round I,03536,"Yashodeep College of Pharmacy, At Post Saralgaon, Taluka Murbad",Thane,Unaided,LOPEN,State Level,Ladies,12315,67.67
2024-25,D Pharmacy,CAP Round I,03536,"Yashodeep College of Pharmacy, At Post Saralgaon, Taluka Murbad",Thane,Unaided,LSC,State Level,Ladies,22603,54.0
2024-25,D Pharmacy,CAP Round I,03536,"Yashodeep College of Pharmacy, At Post Saralgaon, Taluka Murbad",Thane,Unaided,LST,State Level,Ladies,32899,41.0
2024-25,D Pharmacy,CAP Round I,03536,"Yashodeep College of Pharmacy, At Post Saralgaon, Taluka Murbad",Thane,Unaided,LOBC,State Level,Ladies,15475,63.33
2024-25,D Pharmacy,CAP Round I,03536,"Yashodeep College of Pharmacy, At Post Saralgaon, Taluka Murbad",Thane,Unaided,LSEBC,State Level,Ladies,30481,44.0
2024-25,D Pharmacy,CAP Round I,03536,"Yashodeep College of Pharmacy, At Post Saralgaon, Taluka Murbad",Thane,Unaided,TFWS,Special,Any,25328,50.33
2024-25,D Pharmacy,CAP Round I,03537,Vaishalitai Jondhale College of Pharmacy D.Pharm,D.Pharm,Unaided,GOPEN,State Level,Any,33223,40.67
2024-25,D Pharmacy,CAP Round I,03537,Vaishalitai Jondhale College of Pharmacy D.Pharm,D.Pharm,Unaided,GOBC,State Level,Any,33678,40.0
2024-25,D Pharmacy,CAP Round I,03537,Vaishalitai Jondhale College of Pharmacy D.Pharm,D.Pharm,Unaided,LOPEN,State Level,Ladies,31238,43.0
2024-25,D Pharmacy,CAP Round I,03537,Vaishalitai Jondhale College of Pharmacy D.Pharm,D.Pharm,Unaided,LSC,State Level,Ladies,35777,37.33
2024-25,D Pharmacy,CAP Round I,03537,Vaishalitai Jondhale College of Pharmacy D.Pharm,D.Pharm,Unaided,LOBC,State Level,Ladies,32089,42.0
2024-25,D Pharmacy,CAP Round I,03537,Vaishalitai Jondhale College of Pharmacy D.Pharm,D.Pharm,Unaided,TFWS,Special,Any,29441,45.0
2024-25,D Pharmacy,CAP Round I,03538,"Sindhudurg Education Societys College of Pharmacy, Tondavali",Ratnagiri,Unaided,GOPEN,State Level,Any,36616,35.33
2024-25,D Pharmacy,CAP Round I,03538,"Sindhudurg Education Societys College of Pharmacy, Tondavali",Ratnagiri,Unaided,LOPEN,State Level,Ladies,33684,40.0
2024-25,D Pharmacy,CAP Round I,03538,"Sindhudurg Education Societys College of Pharmacy, Tondavali",Ratnagiri,Unaided,LOBC,State Level,Ladies,34146,39.33
2024-25,D Pharmacy,CAP Round I,03541,"AIMS College of Pharmacy, Vadavali, Kalyan",Thane,Unaided,GOPEN,State Level,Any,28498,46.33
2024-25,D Pharmacy,CAP Round I,03541,"AIMS College of Pharmacy, Vadavali, Kalyan",Thane,Unaided,GSC,State Level,Any,36631,35.33
2024-25,D Pharmacy,CAP Round I,03541,"AIMS College of Pharmacy, Vadavali, Kalyan",Thane,Unaided,GOBC,State Level,Any,36300,36.33
2024-25,D Pharmacy,CAP Round I,03541,"AIMS College of Pharmacy, Vadavali, Kalyan",Thane,Unaided,LOPEN,State Level,Ladies,22888,53.67
2024-25,D Pharmacy,CAP Round I,03541,"AIMS College of Pharmacy, Vadavali, Kalyan",Thane,Unaided,LSC,State Level,Ladies,34124,39.33
2024-25,D Pharmacy,CAP Round I,03541,"AIMS College of Pharmacy, Vadavali, Kalyan",Thane,Unaided,LNTC,State Level,Ladies,35718,37.33
2024-25,D Pharmacy,CAP Round I,03541,"AIMS College of Pharmacy, Vadavali, Kalyan",Thane,Unaided,LOBC,State Level,Ladies,35516,37.67
2024-25,D Pharmacy,CAP Round I,03541,"AIMS College of Pharmacy, Vadavali, Kalyan",Thane,Unaided,EWS,Special,Any,33705,40.0
2024-25,D Pharmacy,CAP Round I,03541,"AIMS College of Pharmacy, Vadavali, Kalyan",Thane,Unaided,TFWS,Special,Any,31260,43.0
2024-25,D Pharmacy,CAP Round I,03542,Bombay Institute of Pharmacy & Research,Research,Unaided,GOPEN,State Level,Any,18500,59.33
2024-25,D Pharmacy,CAP Round I,03542,Bombay Institute of Pharmacy & Research,Research,Unaided,GSC,State Level,Any,33954,39.67
2024-25,D Pharmacy,CAP Round I,03542,Bombay Institute of Pharmacy & Research,Research,Unaided,GNTB,State Level,Any,19087,58.67
2024-25,D Pharmacy,CAP Round I,03542,Bombay Institute of Pharmacy & Research,Research,Unaided,GNTC,State Level,Any,36118,36.67
2024-25,D Pharmacy,CAP Round I,03542,Bombay Institute of Pharmacy & Research,Research,Unaided,GOBC,State Level,Any,32425,41.67
2024-25,D Pharmacy,CAP Round I,03542,Bombay Institute of Pharmacy & Research,Research,Unaided,LOPEN,State Level,Ladies,16175,62.33
2024-25,D Pharmacy,CAP Round I,03542,Bombay Institute of Pharmacy & Research,Research,Unaided,LSC,State Level,Ladies,27390,47.67
2024-25,D Pharmacy,CAP Round I,03542,Bombay Institute of Pharmacy & Research,Research,Unaided,LOBC,State Level,Ladies,30434,44.0
2024-25,D Pharmacy,CAP Round I,03542,Bombay Institute of Pharmacy & Research,Research,Unaided,EWS,Special,Any,20643,56.67
2024-25,D Pharmacy,CAP Round I,03542,Bombay Institute of Pharmacy & Research,Research,Unaided,TFWS,Special,Any,30406,44.0
2024-25,D Pharmacy,CAP Round I,03544,A.C. Patil Institute of Pharmacy,Pharmacy,Unaided,GOPEN,State Level,Any,31256,43.0
2024-25,D Pharmacy,CAP Round I,03544,A.C. Patil Institute of Pharmacy,Pharmacy,Unaided,GNTC,State Level,Any,36684,35.0
2024-25,D Pharmacy,CAP Round I,03544,A.C. Patil Institute of Pharmacy,Pharmacy,Unaided,LOPEN,State Level,Ladies,26106,49.33
2024-25,D Pharmacy,CAP Round I,03544,A.C. Patil Institute of Pharmacy,Pharmacy,Unaided,LSC,State Level,Ladies,31872,42.33
2024-25,D Pharmacy,CAP Round I,03544,A.C. Patil Institute of Pharmacy,Pharmacy,Unaided,TFWS,Special,Any,31483,42.67
2024-25,D Pharmacy,CAP Round I,03545,Siddharth College of Pharmacy & Research Centre,Centre,Unaided,GOPEN,State Level,Any,31555,42.67
2024-25,D Pharmacy,CAP Round I,03545,Siddharth College of Pharmacy & Research Centre,Centre,Unaided,LOPEN,State Level,Ladies,26380,49.0
2024-25,D Pharmacy,CAP Round I,03545,Siddharth College of Pharmacy & Research Centre,Centre,Unaided,MI,Special,Any,35788,37.33
2024-25,D Pharmacy,CAP Round I,03710,SIES School of Pharmaceutical Science,Science,Unaided,GOPEN,State Level,Any,30477,44.0
2024-25,D Pharmacy,CAP Round I,03710,SIES School of Pharmaceutical Science,Science,Unaided,LOPEN,State Level,Ladies,27311,48.0
2024-25,D Pharmacy,CAP Round I,03710,SIES School of Pharmaceutical Science,Science,Unaided,TFWS,Special,Any,32669,41.33
2024-25,D Pharmacy,CAP Round I,03711,Devi Mahalaxmi College of Pharmacy,Pharmacy,Unaided,GOPEN,State Level,Any,36191,36.33
2024-25,D Pharmacy,CAP Round I,03711,Devi Mahalaxmi College of Pharmacy,Pharmacy,Unaided,LOPEN,State Level,Ladies,35906,37.0
2024-25,D Pharmacy,CAP Round I,03711,Devi Mahalaxmi College of Pharmacy,Pharmacy,Unaided,TFWS,Special,Any,31511,42.67
2024-25,D Pharmacy,CAP Round I,03714,Aldel College of Pharmacy & Research,Research,Unaided,GOPEN,State Level,Any,24125,52.0
2024-25,D Pharmacy,CAP Round I,03714,Aldel College of Pharmacy & Research,Research,Unaided,LOPEN,State Level,Ladies,21136,56.0
2024-25,D Pharmacy,CAP Round I,03714,Aldel College of Pharmacy & Research,Research,Unaided,TFWS,Special,Any,30108,44.33
2024-25,D Pharmacy,CAP Round I,04019,"Nagar Yuvak Shikshan Sanstha Adv. V.R.Manohar Institute Of Diploma In Pharmacy, Nagpur",Nagpur,Aided,GOPEN,State Level,Any,9297,72.0
2024-25,D Pharmacy,CAP Round I,04019,"Nagar Yuvak Shikshan Sanstha Adv. V.R.Manohar Institute Of Diploma In Pharmacy, Nagpur",Nagpur,Aided,GSC,State Level,Any,17833,60.33
2024-25,D Pharmacy,CAP Round I,04019,"Nagar Yuvak Shikshan Sanstha Adv. V.R.Manohar Institute Of Diploma In Pharmacy, Nagpur",Nagpur,Aided,GST,State Level,Any,34352,39.33
2024-25,D Pharmacy,CAP Round I,04019,"Nagar Yuvak Shikshan Sanstha Adv. V.R.Manohar Institute Of Diploma In Pharmacy, Nagpur",Nagpur,Aided,GNTA,State Level,Any,12297,67.67
2024-25,D Pharmacy,CAP Round I,04019,"Nagar Yuvak Shikshan Sanstha Adv. V.R.Manohar Institute Of Diploma In Pharmacy, Nagpur",Nagpur,Aided,GNTB,State Level,Any,11539,68.67
2024-25,D Pharmacy,CAP Round I,04019,"Nagar Yuvak Shikshan Sanstha Adv. V.R.Manohar Institute Of Diploma In Pharmacy, Nagpur",Nagpur,Aided,GNTC,State Level,Any,27469,47.67
2024-25,D Pharmacy,CAP Round I,04019,"Nagar Yuvak Shikshan Sanstha Adv. V.R.Manohar Institute Of Diploma In Pharmacy, Nagpur",Nagpur,Aided,GNTD,State Level,Any,16819,61.67
2024-25,D Pharmacy,CAP Round I,04019,"Nagar Yuvak Shikshan Sanstha Adv. V.R.Manohar Institute Of Diploma In Pharmacy, Nagpur",Nagpur,Aided,GOBC,State Level,Any,14238,65.0
2024-25,D Pharmacy,CAP Round I,04019,"Nagar Yuvak Shikshan Sanstha Adv. V.R.Manohar Institute Of Diploma In Pharmacy, Nagpur",Nagpur,Aided,LOPEN,State Level,Ladies,5348,77.33
2024-25,D Pharmacy,CAP Round I,04019,"Nagar Yuvak Shikshan Sanstha Adv. V.R.Manohar Institute Of Diploma In Pharmacy, Nagpur",Nagpur,Aided,LSC,State Level,Ladies,10018,71.0
2024-25,D Pharmacy,CAP Round I,04019,"Nagar Yuvak Shikshan Sanstha Adv. V.R.Manohar Institute Of Diploma In Pharmacy, Nagpur",Nagpur,Aided,LST,State Level,Ladies,18737,59.0
2024-25,D Pharmacy,CAP Round I,04019,"Nagar Yuvak Shikshan Sanstha Adv. V.R.Manohar Institute Of Diploma In Pharmacy, Nagpur",Nagpur,Aided,LOBC,State Level,Ladies,9617,71.33
2024-25,D Pharmacy,CAP Round I,04019,"Nagar Yuvak Shikshan Sanstha Adv. V.R.Manohar Institute Of Diploma In Pharmacy, Nagpur",Nagpur,Aided,PWDOPEN,State Level,Any,14065,65.33
2024-25,D Pharmacy,CAP Round I,04019,"Nagar Yuvak Shikshan Sanstha Adv. V.R.Manohar Institute Of Diploma In Pharmacy, Nagpur",Nagpur,Aided,PWDROBC,State Level,Any,31622,42.67
2024-25,D Pharmacy,CAP Round I,04019,"Nagar Yuvak Shikshan Sanstha Adv. V.R.Manohar Institute Of Diploma In Pharmacy, Nagpur",Nagpur,Aided,EWS,Special,Any,33231,40.67
2024-25,D Pharmacy,CAP Round I,04019,"Nagar Yuvak Shikshan Sanstha Adv. V.R.Manohar Institute Of Diploma In Pharmacy, Nagpur",Nagpur,Aided,TFWS,Special,Any,2383,82.67
2024-25,D Pharmacy,CAP Round I,04019,"Nagar Yuvak Shikshan Sanstha Adv. V.R.Manohar Institute Of Diploma In Pharmacy, Nagpur",Nagpur,Aided,LNTC,State Level,Ladies,32639,41.33
2024-25,D Pharmacy,CAP Round I,04020,"Shikshan Prasarak Mandal's Smt. Kusumtai Wankhede Institute of Pharmacy, Katol",Nagpur,Aided,GOPEN,State Level,Any,12803,67.0
2024-25,D Pharmacy,CAP Round I,04020,"Shikshan Prasarak Mandal's Smt. Kusumtai Wankhede Institute of Pharmacy, Katol",Nagpur,Aided,GSC,State Level,Any,23094,53.33
2024-25,D Pharmacy,CAP Round I,04020,"Shikshan Prasarak Mandal's Smt. Kusumtai Wankhede Institute of Pharmacy, Katol",Nagpur,Aided,GST,State Level,Any,21584,55.33
2024-25,D Pharmacy,CAP Round I,04020,"Shikshan Prasarak Mandal's Smt. Kusumtai Wankhede Institute of Pharmacy, Katol",Nagpur,Aided,GNTA,State Level,Any,13342,66.33
2024-25,D Pharmacy,CAP Round I,04020,"Shikshan Prasarak Mandal's Smt. Kusumtai Wankhede Institute of Pharmacy, Katol",Nagpur,Aided,GNTB,State Level,Any,23713,52.67
2024-25,D Pharmacy,CAP Round I,04020,"Shikshan Prasarak Mandal's Smt. Kusumtai Wankhede Institute of Pharmacy, Katol",Nagpur,Aided,GOBC,State Level,Any,15363,63.67
2024-25,D Pharmacy,CAP Round I,04020,"Shikshan Prasarak Mandal's Smt. Kusumtai Wankhede Institute of Pharmacy, Katol",Nagpur,Aided,LOPEN,State Level,Ladies,2507,82.67
2024-25,D Pharmacy,CAP Round I,04020,"Shikshan Prasarak Mandal's Smt. Kusumtai Wankhede Institute of Pharmacy, Katol",Nagpur,Aided,LSC,State Level,Ladies,11503,69.0
2024-25,D Pharmacy,CAP Round I,04020,"Shikshan Prasarak Mandal's Smt. Kusumtai Wankhede Institute of Pharmacy, Katol",Nagpur,Aided,LST,State Level,Ladies,28102,47.0
2024-25,D Pharmacy,CAP Round I,04020,"Shikshan Prasarak Mandal's Smt. Kusumtai Wankhede Institute of Pharmacy, Katol",Nagpur,Aided,LNTA,State Level,Ladies,33224,40.67
2024-25,D Pharmacy,CAP Round I,04020,"Shikshan Prasarak Mandal's Smt. Kusumtai Wankhede Institute of Pharmacy, Katol",Nagpur,Aided,LNTC,State Level,Ladies,15067,64.0
2024-25,D Pharmacy,CAP Round I,04020,"Shikshan Prasarak Mandal's Smt. Kusumtai Wankhede Institute of Pharmacy, Katol",Nagpur,Aided,LOBC,State Level,Ladies,4990,78.0
2024-25,D Pharmacy,CAP Round I,04020,"Shikshan Prasarak Mandal's Smt. Kusumtai Wankhede Institute of Pharmacy, Katol",Nagpur,Aided,LSEBC,State Level,Ladies,36392,36.0
2024-25,D Pharmacy,CAP Round I,04020,"Shikshan Prasarak Mandal's Smt. Kusumtai Wankhede Institute of Pharmacy, Katol",Nagpur,Aided,PWDOPEN,State Level,Any,26316,49.0
2024-25,D Pharmacy,CAP Round I,04020,"Shikshan Prasarak Mandal's Smt. Kusumtai Wankhede Institute of Pharmacy, Katol",Nagpur,Aided,TFWS,Special,Any,4763,78.33
2024-25,D Pharmacy,CAP Round I,04021,"Vidharbha Youth Welfare Society's Institute of Diploma in Pharmacy Borgaon Meghe,Wardha",Wardha,Aided,GOPEN,State Level,Any,10952,69.67
2024-25,D Pharmacy,CAP Round I,04021,"Vidharbha Youth Welfare Society's Institute of Diploma in Pharmacy Borgaon Meghe,Wardha",Wardha,Aided,GSC,State Level,Any,35539,37.67
2024-25,D Pharmacy,CAP Round I,04021,"Vidharbha Youth Welfare Society's Institute of Diploma in Pharmacy Borgaon Meghe,Wardha",Wardha,Aided,GNTA,State Level,Any,17336,61.0
2024-25,D Pharmacy,CAP Round I,04021,"Vidharbha Youth Welfare Society's Institute of Diploma in Pharmacy Borgaon Meghe,Wardha",Wardha,Aided,GNTB,State Level,Any,19148,58.67
2024-25,D Pharmacy,CAP Round I,04021,"Vidharbha Youth Welfare Society's Institute of Diploma in Pharmacy Borgaon Meghe,Wardha",Wardha,Aided,GNTC,State Level,Any,15863,63.0
2024-25,D Pharmacy,CAP Round I,04021,"Vidharbha Youth Welfare Society's Institute of Diploma in Pharmacy Borgaon Meghe,Wardha",Wardha,Aided,GOBC,State Level,Any,18628,59.33
2024-25,D Pharmacy,CAP Round I,04021,"Vidharbha Youth Welfare Society's Institute of Diploma in Pharmacy Borgaon Meghe,Wardha",Wardha,Aided,LOPEN,State Level,Ladies,12283,67.67
2024-25,D Pharmacy,CAP Round I,04021,"Vidharbha Youth Welfare Society's Institute of Diploma in Pharmacy Borgaon Meghe,Wardha",Wardha,Aided,LSC,State Level,Ladies,32725,41.33
2024-25,D Pharmacy,CAP Round I,04021,"Vidharbha Youth Welfare Society's Institute of Diploma in Pharmacy Borgaon Meghe,Wardha",Wardha,Aided,LNTA,State Level,Ladies,14247,65.0
2024-25,D Pharmacy,CAP Round I,04021,"Vidharbha Youth Welfare Society's Institute of Diploma in Pharmacy Borgaon Meghe,Wardha",Wardha,Aided,LNTB,State Level,Ladies,14773,64.33
2024-25,D Pharmacy,CAP Round I,04021,"Vidharbha Youth Welfare Society's Institute of Diploma in Pharmacy Borgaon Meghe,Wardha",Wardha,Aided,LOBC,State Level,Ladies,16241,62.33
2024-25,D Pharmacy,CAP Round I,04021,"Vidharbha Youth Welfare Society's Institute of Diploma in Pharmacy Borgaon Meghe,Wardha",Wardha,Aided,EWS,Special,Any,28391,46.67
2024-25,D Pharmacy,CAP Round I,04021,"Vidharbha Youth Welfare Society's Institute of Diploma in Pharmacy Borgaon Meghe,Wardha",Wardha,Aided,TFWS,Special,Any,19263,58.33
2024-25,D Pharmacy,CAP Round I,04161,"Jay Mahakali Shikshan Sanstha's Agnihotri College of Pharmacy, Wardha",Wardha,Unaided,GOPEN,State Level,Any,24603,51.33
2024-25,D Pharmacy,CAP Round I,04161,"Jay Mahakali Shikshan Sanstha's Agnihotri College of Pharmacy, Wardha",Wardha,Unaided,GSC,State Level,Any,36440,36.0
2024-25,D Pharmacy,CAP Round I,04161,"Jay Mahakali Shikshan Sanstha's Agnihotri College of Pharmacy, Wardha",Wardha,Unaided,GST,State Level,Any,27309,48.0
2024-25,D Pharmacy,CAP Round I,04161,"Jay Mahakali Shikshan Sanstha's Agnihotri College of Pharmacy, Wardha",Wardha,Unaided,GNTA,State Level,Any,34127,39.33
2024-25,D Pharmacy,CAP Round I,04161,"Jay Mahakali Shikshan Sanstha's Agnihotri College of Pharmacy, Wardha",Wardha,Unaided,GNTB,State Level,Any,27897,47.33
2024-25,D Pharmacy,CAP Round I,04161,"Jay Mahakali Shikshan Sanstha's Agnihotri College of Pharmacy, Wardha",Wardha,Unaided,GNTD,State Level,Any,33751,40.0
2024-25,D Pharmacy,CAP Round I,04161,"Jay Mahakali Shikshan Sanstha's Agnihotri College of Pharmacy, Wardha",Wardha,Unaided,GOBC,State Level,Any,29401,45.33
2024-25,D Pharmacy,CAP Round I,04161,"Jay Mahakali Shikshan Sanstha's Agnihotri College of Pharmacy, Wardha",Wardha,Unaided,LOPEN,State Level,Ladies,14505,64.67
2024-25,D Pharmacy,CAP Round I,04161,"Jay Mahakali Shikshan Sanstha's Agnihotri College of Pharmacy, Wardha",Wardha,Unaided,LSC,State Level,Ladies,35492,37.67
2024-25,D Pharmacy,CAP Round I,04161,"Jay Mahakali Shikshan Sanstha's Agnihotri College of Pharmacy, Wardha",Wardha,Unaided,LOBC,State Level,Ladies,18522,59.33
2024-25,D Pharmacy,CAP Round I,04161,"Jay Mahakali Shikshan Sanstha's Agnihotri College of Pharmacy, Wardha",Wardha,Unaided,EWS,Special,Any,34625,39.0
2024-25,D Pharmacy,CAP Round I,04161,"Jay Mahakali Shikshan Sanstha's Agnihotri College of Pharmacy, Wardha",Wardha,Unaided,TFWS,Special,Any,34653,38.67
2024-25,D Pharmacy,CAP Round I,04164,"Lokmanya Tilak Jankalyan Shikshan Sanstha's , Priyadarshini J.L.Chaturvedi College of Pharmacy(Diploma), Nagpur",Nagpur,Unaided,GOPEN,State Level,Any,25800,49.67
2024-25,D Pharmacy,CAP Round I,04164,"Lokmanya Tilak Jankalyan Shikshan Sanstha's , Priyadarshini J.L.Chaturvedi College of Pharmacy(Diploma), Nagpur",Nagpur,Unaided,LOPEN,State Level,Ladies,16449,62.0
2024-25,D Pharmacy,CAP Round I,04164,"Lokmanya Tilak Jankalyan Shikshan Sanstha's , Priyadarshini J.L.Chaturvedi College of Pharmacy(Diploma), Nagpur",Nagpur,Unaided,MI,Special,Any,35807,37.33
2024-25,D Pharmacy,CAP Round I,04164,"Lokmanya Tilak Jankalyan Shikshan Sanstha's , Priyadarshini J.L.Chaturvedi College of Pharmacy(Diploma), Nagpur",Nagpur,Unaided,TFWS,Special,Any,16193,62.33
2024-25,D Pharmacy,CAP Round I,04199,"S.Patil Shikshan Sanstha's Smt. Kishoritai Bhoyar College of Pharmacy,Kamptee",Nagpur,Unaided,GOPEN,State Level,Any,13409,66.33
2024-25,D Pharmacy,CAP Round I,04199,"S.Patil Shikshan Sanstha's Smt. Kishoritai Bhoyar College of Pharmacy,Kamptee",Nagpur,Unaided,GSC,State Level,Any,19676,57.67
2024-25,D Pharmacy,CAP Round I,04199,"S.Patil Shikshan Sanstha's Smt. Kishoritai Bhoyar College of Pharmacy,Kamptee",Nagpur,Unaided,GST,State Level,Any,30945,43.33
2024-25,D Pharmacy,CAP Round I,04199,"S.Patil Shikshan Sanstha's Smt. Kishoritai Bhoyar College of Pharmacy,Kamptee",Nagpur,Unaided,GNTB,State Level,Any,13930,65.67
2024-25,D Pharmacy,CAP Round I,04199,"S.Patil Shikshan Sanstha's Smt. Kishoritai Bhoyar College of Pharmacy,Kamptee",Nagpur,Unaided,GOBC,State Level,Any,16079,62.67
2024-25,D Pharmacy,CAP Round I,04199,"S.Patil Shikshan Sanstha's Smt. Kishoritai Bhoyar College of Pharmacy,Kamptee",Nagpur,Unaided,LOPEN,State Level,Ladies,4298,79.33
2024-25,D Pharmacy,CAP Round I,04199,"S.Patil Shikshan Sanstha's Smt. Kishoritai Bhoyar College of Pharmacy,Kamptee",Nagpur,Unaided,LSC,State Level,Ladies,16785,61.67
2024-25,D Pharmacy,CAP Round I,04199,"S.Patil Shikshan Sanstha's Smt. Kishoritai Bhoyar College of Pharmacy,Kamptee",Nagpur,Unaided,LST,State Level,Ladies,10810,69.67
2024-25,D Pharmacy,CAP Round I,04199,"S.Patil Shikshan Sanstha's Smt. Kishoritai Bhoyar College of Pharmacy,Kamptee",Nagpur,Unaided,LNTB,State Level,Ladies,10409,70.33
2024-25,D Pharmacy,CAP Round I,04199,"S.Patil Shikshan Sanstha's Smt. Kishoritai Bhoyar College of Pharmacy,Kamptee",Nagpur,Unaided,LOBC,State Level,Ladies,6227,76.0
2024-25,D Pharmacy,CAP Round I,04199,"S.Patil Shikshan Sanstha's Smt. Kishoritai Bhoyar College of Pharmacy,Kamptee",Nagpur,Unaided,EWS,Special,Any,32854,41.0
2024-25,D Pharmacy,CAP Round I,04199,"S.Patil Shikshan Sanstha's Smt. Kishoritai Bhoyar College of Pharmacy,Kamptee",Nagpur,Unaided,TFWS,Special,Any,7443,74.33
2024-25,D Pharmacy,CAP Round I,04206,"Amar Seva Mandal's, Kamla Nehru College of Pharmacy, Butibori, Nagpur",Nagpur,Unaided,GOPEN,State Level,Any,23480,53.0
2024-25,D Pharmacy,CAP Round I,04206,"Amar Seva Mandal's, Kamla Nehru College of Pharmacy, Butibori, Nagpur",Nagpur,Unaided,GSC,State Level,Any,35765,37.33
2024-25,D Pharmacy,CAP Round I,04206,"Amar Seva Mandal's, Kamla Nehru College of Pharmacy, Butibori, Nagpur",Nagpur,Unaided,GNTB,State Level,Any,25205,50.67
2024-25,D Pharmacy,CAP Round I,04206,"Amar Seva Mandal's, Kamla Nehru College of Pharmacy, Butibori, Nagpur",Nagpur,Unaided,GNTC,State Level,Any,35783,37.33
2024-25,D Pharmacy,CAP Round I,04206,"Amar Seva Mandal's, Kamla Nehru College of Pharmacy, Butibori, Nagpur",Nagpur,Unaided,GOBC,State Level,Any,26522,49.0
2024-25,D Pharmacy,CAP Round I,04206,"Amar Seva Mandal's, Kamla Nehru College of Pharmacy, Butibori, Nagpur",Nagpur,Unaided,LOPEN,State Level,Ladies,7350,74.67
2024-25,D Pharmacy,CAP Round I,04206,"Amar Seva Mandal's, Kamla Nehru College of Pharmacy, Butibori, Nagpur",Nagpur,Unaided,LSC,State Level,Ladies,25916,49.67
2024-25,D Pharmacy,CAP Round I,04206,"Amar Seva Mandal's, Kamla Nehru College of Pharmacy, Butibori, Nagpur",Nagpur,Unaided,LST,State Level,Ladies,30861,43.33
2024-25,D Pharmacy,CAP Round I,04206,"Amar Seva Mandal's, Kamla Nehru College of Pharmacy, Butibori, Nagpur",Nagpur,Unaided,LNTA,State Level,Ladies,30421,44.0
2024-25,D Pharmacy,CAP Round I,04206,"Amar Seva Mandal's, Kamla Nehru College of Pharmacy, Butibori, Nagpur",Nagpur,Unaided,LOBC,State Level,Ladies,9425,71.67
2024-25,D Pharmacy,CAP Round I,04206,"Amar Seva Mandal's, Kamla Nehru College of Pharmacy, Butibori, Nagpur",Nagpur,Unaided,EWS,Special,Any,32401,41.67
2024-25,D Pharmacy,CAP Round I,04206,"Amar Seva Mandal's, Kamla Nehru College of Pharmacy, Butibori, Nagpur",Nagpur,Unaided,TFWS,Special,Any,26275,49.33
2024-25,D Pharmacy,CAP Round I,04207,DADASAHEB BALPANDE COLLEGE OF PHARMACY,PHARMACY,Unaided,GOPEN,State Level,Any,18828,59.0
2024-25,D Pharmacy,CAP Round I,04207,DADASAHEB BALPANDE COLLEGE OF PHARMACY,PHARMACY,Unaided,GSC,State Level,Any,27639,47.33
2024-25,D Pharmacy,CAP Round I,04207,DADASAHEB BALPANDE COLLEGE OF PHARMACY,PHARMACY,Unaided,GST,State Level,Any,35722,37.33
2024-25,D Pharmacy,CAP Round I,04207,DADASAHEB BALPANDE COLLEGE OF PHARMACY,PHARMACY,Unaided,GNTB,State Level,Any,24211,52.0
2024-25,D Pharmacy,CAP Round I,04207,DADASAHEB BALPANDE COLLEGE OF PHARMACY,PHARMACY,Unaided,GNTC,State Level,Any,31436,42.67
2024-25,D Pharmacy,CAP Round I,04207,DADASAHEB BALPANDE COLLEGE OF PHARMACY,PHARMACY,Unaided,GOBC,State Level,Any,22445,54.33
2024-25,D Pharmacy,CAP Round I,04207,DADASAHEB BALPANDE COLLEGE OF PHARMACY,PHARMACY,Unaided,LOPEN,State Level,Ladies,7742,74.0
2024-25,D Pharmacy,CAP Round I,04207,DADASAHEB BALPANDE COLLEGE OF PHARMACY,PHARMACY,Unaided,LSC,State Level,Ladies,24238,52.0
2024-25,D Pharmacy,CAP Round I,04207,DADASAHEB BALPANDE COLLEGE OF PHARMACY,PHARMACY,Unaided,LST,State Level,Ladies,31899,42.0
2024-25,D Pharmacy,CAP Round I,04207,DADASAHEB BALPANDE COLLEGE OF PHARMACY,PHARMACY,Unaided,LOBC,State Level,Ladies,13887,65.67
2024-25,D Pharmacy,CAP Round I,04207,DADASAHEB BALPANDE COLLEGE OF PHARMACY,PHARMACY,Unaided,DEFOPEN,State Level,Any,30411,44.0
2024-25,D Pharmacy,CAP Round I,04207,DADASAHEB BALPANDE COLLEGE OF PHARMACY,PHARMACY,Unaided,EWS,Special,Any,35390,37.67
2024-25,D Pharmacy,CAP Round I,04207,DADASAHEB BALPANDE COLLEGE OF PHARMACY,PHARMACY,Unaided,TFWS,Special,Any,9657,71.33
2024-25,D Pharmacy,CAP Round I,04209,"Late Meghraj Ojha Smriti Shikshan Sanstha's, Shree Sainath College of Pharmacy,Nagpur",Nagpur,Unaided,GOPEN,State Level,Any,33229,40.67
2024-25,D Pharmacy,CAP Round I,04209,"Late Meghraj Ojha Smriti Shikshan Sanstha's, Shree Sainath College of Pharmacy,Nagpur",Nagpur,Unaided,GSC,State Level,Any,36686,35.0
2024-25,D Pharmacy,CAP Round I,04209,"Late Meghraj Ojha Smriti Shikshan Sanstha's, Shree Sainath College of Pharmacy,Nagpur",Nagpur,Unaided,GNTB,State Level,Any,35982,37.0
2024-25,D Pharmacy,CAP Round I,04209,"Late Meghraj Ojha Smriti Shikshan Sanstha's, Shree Sainath College of Pharmacy,Nagpur",Nagpur,Unaided,GOBC,State Level,Any,36672,35.0
2024-25,D Pharmacy,CAP Round I,04209,"Late Meghraj Ojha Smriti Shikshan Sanstha's, Shree Sainath College of Pharmacy,Nagpur",Nagpur,Unaided,LOPEN,State Level,Ladies,28333,46.67
2024-25,D Pharmacy,CAP Round I,04209,"Late Meghraj Ojha Smriti Shikshan Sanstha's, Shree Sainath College of Pharmacy,Nagpur",Nagpur,Unaided,LSC,State Level,Ladies,35395,37.67
2024-25,D Pharmacy,CAP Round I,04209,"Late Meghraj Ojha Smriti Shikshan Sanstha's, Shree Sainath College of Pharmacy,Nagpur",Nagpur,Unaided,LNTB,State Level,Ladies,30232,44.33
2024-25,D Pharmacy,CAP Round I,04209,"Late Meghraj Ojha Smriti Shikshan Sanstha's, Shree Sainath College of Pharmacy,Nagpur",Nagpur,Unaided,LOBC,State Level,Ladies,32029,42.0
2024-25,D Pharmacy,CAP Round I,04209,"Late Meghraj Ojha Smriti Shikshan Sanstha's, Shree Sainath College of Pharmacy,Nagpur",Nagpur,Unaided,EWS,Special,Any,19738,57.67
2024-25,D Pharmacy,CAP Round I,04209,"Late Meghraj Ojha Smriti Shikshan Sanstha's, Shree Sainath College of Pharmacy,Nagpur",Nagpur,Unaided,TFWS,Special,Any,28284,46.67
2024-25,D Pharmacy,CAP Round I,04210,"Shree Tuljabhavani Sevabhavi Saikshanik & Samajik Sanstha, Hi-Tech College of Pharmacy, Morwa, Chandrapur",Chandrapur,Unaided,GOPEN,State Level,Any,30034,44.33
2024-25,D Pharmacy,CAP Round I,04210,"Shree Tuljabhavani Sevabhavi Saikshanik & Samajik Sanstha, Hi-Tech College of Pharmacy, Morwa, Chandrapur",Chandrapur,Unaided,GSC,State Level,Any,35361,38.0
2024-25,D Pharmacy,CAP Round I,04210,"Shree Tuljabhavani Sevabhavi Saikshanik & Samajik Sanstha, Hi-Tech College of Pharmacy, Morwa, Chandrapur",Chandrapur,Unaided,GNTB,State Level,Any,33475,40.33
2024-25,D Pharmacy,CAP Round I,04210,"Shree Tuljabhavani Sevabhavi Saikshanik & Samajik Sanstha, Hi-Tech College of Pharmacy, Morwa, Chandrapur",Chandrapur,Unaided,GOBC,State Level,Any,34570,39.0
2024-25,D Pharmacy,CAP Round I,04210,"Shree Tuljabhavani Sevabhavi Saikshanik & Samajik Sanstha, Hi-Tech College of Pharmacy, Morwa, Chandrapur",Chandrapur,Unaided,LOPEN,State Level,Ladies,11706,68.67
2024-25,D Pharmacy,CAP Round I,04210,"Shree Tuljabhavani Sevabhavi Saikshanik & Samajik Sanstha, Hi-Tech College of Pharmacy, Morwa, Chandrapur",Chandrapur,Unaided,LSC,State Level,Ladies,25658,50.0
2024-25,D Pharmacy,CAP Round I,04210,"Shree Tuljabhavani Sevabhavi Saikshanik & Samajik Sanstha, Hi-Tech College of Pharmacy, Morwa, Chandrapur",Chandrapur,Unaided,LOBC,State Level,Ladies,24568,51.33
2024-25,D Pharmacy,CAP Round I,04210,"Shree Tuljabhavani Sevabhavi Saikshanik & Samajik Sanstha, Hi-Tech College of Pharmacy, Morwa, Chandrapur",Chandrapur,Unaided,EWS,Special,Any,29588,45.0
2024-25,D Pharmacy,CAP Round I,04210,"Shree Tuljabhavani Sevabhavi Saikshanik & Samajik Sanstha, Hi-Tech College of Pharmacy, Morwa, Chandrapur",Chandrapur,Unaided,TFWS,Special,Any,13891,65.67
2024-25,D Pharmacy,CAP Round I,04261,"Shri Bhawabhuti Shikshan Sanstha's Shri Laxmanrao Mankar Institute Of Pharmacy, Amgoan",Gondia,Unaided,GOPEN,State Level,Any,14576,64.67
2024-25,D Pharmacy,CAP Round I,04261,"Shri Bhawabhuti Shikshan Sanstha's Shri Laxmanrao Mankar Institute Of Pharmacy, Amgoan",Gondia,Unaided,GSC,State Level,Any,32341,41.67
2024-25,D Pharmacy,CAP Round I,04261,"Shri Bhawabhuti Shikshan Sanstha's Shri Laxmanrao Mankar Institute Of Pharmacy, Amgoan",Gondia,Unaided,GST,State Level,Any,19406,58.0
2024-25,D Pharmacy,CAP Round I,04261,"Shri Bhawabhuti Shikshan Sanstha's Shri Laxmanrao Mankar Institute Of Pharmacy, Amgoan",Gondia,Unaided,GNTB,State Level,Any,14599,64.67
2024-25,D Pharmacy,CAP Round I,04261,"Shri Bhawabhuti Shikshan Sanstha's Shri Laxmanrao Mankar Institute Of Pharmacy, Amgoan",Gondia,Unaided,GOBC,State Level,Any,17504,60.67
2024-25,D Pharmacy,CAP Round I,04261,"Shri Bhawabhuti Shikshan Sanstha's Shri Laxmanrao Mankar Institute Of Pharmacy, Amgoan",Gondia,Unaided,LOPEN,State Level,Ladies,4052,79.67
2024-25,D Pharmacy,CAP Round I,04261,"Shri Bhawabhuti Shikshan Sanstha's Shri Laxmanrao Mankar Institute Of Pharmacy, Amgoan",Gondia,Unaided,LSC,State Level,Ladies,14938,64.0
2024-25,D Pharmacy,CAP Round I,04261,"Shri Bhawabhuti Shikshan Sanstha's Shri Laxmanrao Mankar Institute Of Pharmacy, Amgoan",Gondia,Unaided,LST,State Level,Ladies,16452,62.0
2024-25,D Pharmacy,CAP Round I,04261,"Shri Bhawabhuti Shikshan Sanstha's Shri Laxmanrao Mankar Institute Of Pharmacy, Amgoan",Gondia,Unaided,LNTB,State Level,Ladies,13108,66.67
2024-25,D Pharmacy,CAP Round I,04261,"Shri Bhawabhuti Shikshan Sanstha's Shri Laxmanrao Mankar Institute Of Pharmacy, Amgoan",Gondia,Unaided,LOBC,State Level,Ladies,9253,72.0
2024-25,D Pharmacy,CAP Round I,04261,"Shri Bhawabhuti Shikshan Sanstha's Shri Laxmanrao Mankar Institute Of Pharmacy, Amgoan",Gondia,Unaided,EWS,Special,Any,26598,48.67
2024-25,D Pharmacy,CAP Round I,04261,"Shri Bhawabhuti Shikshan Sanstha's Shri Laxmanrao Mankar Institute Of Pharmacy, Amgoan",Gondia,Unaided,TFWS,Special,Any,3279,81.0
2024-25,D Pharmacy,CAP Round I,04262,"Ravi Bahu-Uddeshiya Shikshan Sanstha's Ravi Institute Of Diploma In Pharmacy, Mahadula, Devi Road, Koradi",Nagpur,Unaided,GOPEN,State Level,Any,23487,53.0
2024-25,D Pharmacy,CAP Round I,04262,"Ravi Bahu-Uddeshiya Shikshan Sanstha's Ravi Institute Of Diploma In Pharmacy, Mahadula, Devi Road, Koradi",Nagpur,Unaided,GSC,State Level,Any,34450,39.0
2024-25,D Pharmacy,CAP Round I,04262,"Ravi Bahu-Uddeshiya Shikshan Sanstha's Ravi Institute Of Diploma In Pharmacy, Mahadula, Devi Road, Koradi",Nagpur,Unaided,GNTB,State Level,Any,23975,52.33
2024-25,D Pharmacy,CAP Round I,04262,"Ravi Bahu-Uddeshiya Shikshan Sanstha's Ravi Institute Of Diploma In Pharmacy, Mahadula, Devi Road, Koradi",Nagpur,Unaided,GNTD,State Level,Any,27345,48.0
2024-25,D Pharmacy,CAP Round I,04262,"Ravi Bahu-Uddeshiya Shikshan Sanstha's Ravi Institute Of Diploma In Pharmacy, Mahadula, Devi Road, Koradi",Nagpur,Unaided,GOBC,State Level,Any,29313,45.33
2024-25,D Pharmacy,CAP Round I,04262,"Ravi Bahu-Uddeshiya Shikshan Sanstha's Ravi Institute Of Diploma In Pharmacy, Mahadula, Devi Road, Koradi",Nagpur,Unaided,LOPEN,State Level,Ladies,6648,75.67
2024-25,D Pharmacy,CAP Round I,04262,"Ravi Bahu-Uddeshiya Shikshan Sanstha's Ravi Institute Of Diploma In Pharmacy, Mahadula, Devi Road, Koradi",Nagpur,Unaided,LSC,State Level,Ladies,21924,55.0
2024-25,D Pharmacy,CAP Round I,04262,"Ravi Bahu-Uddeshiya Shikshan Sanstha's Ravi Institute Of Diploma In Pharmacy, Mahadula, Devi Road, Koradi",Nagpur,Unaided,LST,State Level,Ladies,14263,65.0
2024-25,D Pharmacy,CAP Round I,04262,"Ravi Bahu-Uddeshiya Shikshan Sanstha's Ravi Institute Of Diploma In Pharmacy, Mahadula, Devi Road, Koradi",Nagpur,Unaided,LNTA,State Level,Ladies,29673,45.0
2024-25,D Pharmacy,CAP Round I,04262,"Ravi Bahu-Uddeshiya Shikshan Sanstha's Ravi Institute Of Diploma In Pharmacy, Mahadula, Devi Road, Koradi",Nagpur,Unaided,LNTC,State Level,Ladies,12065,68.0
2024-25,D Pharmacy,CAP Round I,04262,"Ravi Bahu-Uddeshiya Shikshan Sanstha's Ravi Institute Of Diploma In Pharmacy, Mahadula, Devi Road, Koradi",Nagpur,Unaided,LOBC,State Level,Ladies,15455,63.33
2024-25,D Pharmacy,CAP Round I,04262,"Ravi Bahu-Uddeshiya Shikshan Sanstha's Ravi Institute Of Diploma In Pharmacy, Mahadula, Devi Road, Koradi",Nagpur,Unaided,TFWS,Special,Any,23205,53.33
2024-25,D Pharmacy,CAP Round I,04263,"S.K.B.College of Pharmacy, Gada, Kamptee",Nagpur,Unaided,GOPEN,State Level,Any,21313,55.67
2024-25,D Pharmacy,CAP Round I,04263,"S.K.B.College of Pharmacy, Gada, Kamptee",Nagpur,Unaided,GSC,State Level,Any,28672,46.0
2024-25,D Pharmacy,CAP Round I,04263,"S.K.B.College of Pharmacy, Gada, Kamptee",Nagpur,Unaided,GNTB,State Level,Any,26821,48.67
2024-25,D Pharmacy,CAP Round I,04263,"S.K.B.College of Pharmacy, Gada, Kamptee",Nagpur,Unaided,GOBC,State Level,Any,25188,50.67
2024-25,D Pharmacy,CAP Round I,04263,"S.K.B.College of Pharmacy, Gada, Kamptee",Nagpur,Unaided,LOPEN,State Level,Ladies,16820,61.67
2024-25,D Pharmacy,CAP Round I,04263,"S.K.B.College of Pharmacy, Gada, Kamptee",Nagpur,Unaided,LSC,State Level,Ladies,28174,46.67
2024-25,D Pharmacy,CAP Round I,04263,"S.K.B.College of Pharmacy, Gada, Kamptee",Nagpur,Unaided,LOBC,State Level,Ladies,17687,60.33
2024-25,D Pharmacy,CAP Round I,04263,"S.K.B.College of Pharmacy, Gada, Kamptee",Nagpur,Unaided,PWDOPEN,State Level,Any,23424,53.0
2024-25,D Pharmacy,CAP Round I,04263,"S.K.B.College of Pharmacy, Gada, Kamptee",Nagpur,Unaided,TFWS,Special,Any,10974,69.67
2024-25,D Pharmacy,CAP Round I,04264,"Gondiya Education Society's Manoharbhai Patel Institute of Pharmacy, Gondia",Gondia,Unaided,GOPEN,State Level,Any,9284,72.0
2024-25,D Pharmacy,CAP Round I,04264,"Gondiya Education Society's Manoharbhai Patel Institute of Pharmacy, Gondia",Gondia,Unaided,LOPEN,State Level,Ladies,3526,80.67
2024-25,D Pharmacy,CAP Round I,04264,"Gondiya Education Society's Manoharbhai Patel Institute of Pharmacy, Gondia",Gondia,Unaided,MI,Special,Any,16320,62.33
2024-25,D Pharmacy,CAP Round I,04264,"Gondiya Education Society's Manoharbhai Patel Institute of Pharmacy, Gondia",Gondia,Unaided,TFWS,Special,Any,6725,75.33
2024-25,D Pharmacy,CAP Round I,04265,"Lokmanya Tilak Jankalyan Shikshan Sanstha's Priyadarshini J. L. college of pharmacy, Nagpur",Nagpur,Unaided,GOPEN,State Level,Any,28779,46.0
2024-25,D Pharmacy,CAP Round I,04265,"Lokmanya Tilak Jankalyan Shikshan Sanstha's Priyadarshini J. L. college of pharmacy, Nagpur",Nagpur,Unaided,LOPEN,State Level,Ladies,21317,55.67
2024-25,D Pharmacy,CAP Round I,04265,"Lokmanya Tilak Jankalyan Shikshan Sanstha's Priyadarshini J. L. college of pharmacy, Nagpur",Nagpur,Unaided,MI,Special,Any,35107,38.33
2024-25,D Pharmacy,CAP Round I,04265,"Lokmanya Tilak Jankalyan Shikshan Sanstha's Priyadarshini J. L. college of pharmacy, Nagpur",Nagpur,Unaided,TFWS,Special,Any,16507,62.0
2024-25,D Pharmacy,CAP Round I,04266,"Mehmuda Shikshan & Mahila Gr. Vikas Bahu. Sanstha's Central India Institute Of Pharmacy, Nagpur",Nagpur,Unaided,GOPEN,State Level,Any,30709,43.67
2024-25,D Pharmacy,CAP Round I,04266,"Mehmuda Shikshan & Mahila Gr. Vikas Bahu. Sanstha's Central India Institute Of Pharmacy, Nagpur",Nagpur,Unaided,LOPEN,State Level,Ladies,18198,59.67
2024-25,D Pharmacy,CAP Round I,04266,"Mehmuda Shikshan & Mahila Gr. Vikas Bahu. Sanstha's Central India Institute Of Pharmacy, Nagpur",Nagpur,Unaided,MI,Special,Any,29389,45.33
2024-25,D Pharmacy,CAP Round I,04267,"Yashodhara Bajaj College of Pharmacy, Chandrapur",Chandrapur,Unaided,GOPEN,State Level,Any,22397,54.33
2024-25,D Pharmacy,CAP Round I,04267,"Yashodhara Bajaj College of Pharmacy, Chandrapur",Chandrapur,Unaided,LOPEN,State Level,Ladies,8245,73.33
2024-25,D Pharmacy,CAP Round I,04267,"Yashodhara Bajaj College of Pharmacy, Chandrapur",Chandrapur,Unaided,MI,Special,Any,35565,37.67
2024-25,D Pharmacy,CAP Round I,04267,"Yashodhara Bajaj College of Pharmacy, Chandrapur",Chandrapur,Unaided,TFWS,Special,Any,19447,58.0
2024-25,D Pharmacy,CAP Round I,04268,"Wainganga Bahu-uddeshiya Vikas Sanstha,s Bajiraoji Karanjekar College of Pharmacy, Sakoli",Bhandara,Unaided,GOPEN,State Level,Any,13911,65.67
2024-25,D Pharmacy,CAP Round I,04268,"Wainganga Bahu-uddeshiya Vikas Sanstha,s Bajiraoji Karanjekar College of Pharmacy, Sakoli",Bhandara,Unaided,GSC,State Level,Any,16756,61.67
2024-25,D Pharmacy,CAP Round I,04268,"Wainganga Bahu-uddeshiya Vikas Sanstha,s Bajiraoji Karanjekar College of Pharmacy, Sakoli",Bhandara,Unaided,GNTB,State Level,Any,17378,61.0
2024-25,D Pharmacy,CAP Round I,04268,"Wainganga Bahu-uddeshiya Vikas Sanstha,s Bajiraoji Karanjekar College of Pharmacy, Sakoli",Bhandara,Unaided,GOBC,State Level,Any,15304,63.67
2024-25,D Pharmacy,CAP Round I,04268,"Wainganga Bahu-uddeshiya Vikas Sanstha,s Bajiraoji Karanjekar College of Pharmacy, Sakoli",Bhandara,Unaided,LOPEN,State Level,Ladies,6748,75.33
2024-25,D Pharmacy,CAP Round I,04268,"Wainganga Bahu-uddeshiya Vikas Sanstha,s Bajiraoji Karanjekar College of Pharmacy, Sakoli",Bhandara,Unaided,LSC,State Level,Ladies,9951,71.0
2024-25,D Pharmacy,CAP Round I,04268,"Wainganga Bahu-uddeshiya Vikas Sanstha,s Bajiraoji Karanjekar College of Pharmacy, Sakoli",Bhandara,Unaided,LOBC,State Level,Ladies,9647,71.33
2024-25,D Pharmacy,CAP Round I,04268,"Wainganga Bahu-uddeshiya Vikas Sanstha,s Bajiraoji Karanjekar College of Pharmacy, Sakoli",Bhandara,Unaided,TFWS,Special,Any,19583,58.0
2024-25,D Pharmacy,CAP Round I,04269,"Anurag College of Pharmacy, Warathi, Tal. Mohadi Dist. Bhandara",Bhandara,Unaided,GOPEN,State Level,Any,7778,74.0
2024-25,D Pharmacy,CAP Round I,04269,"Anurag College of Pharmacy, Warathi, Tal. Mohadi Dist. Bhandara",Bhandara,Unaided,GSC,State Level,Any,15393,63.67
2024-25,D Pharmacy,CAP Round I,04269,"Anurag College of Pharmacy, Warathi, Tal. Mohadi Dist. Bhandara",Bhandara,Unaided,GNTB,State Level,Any,12671,67.33
2024-25,D Pharmacy,CAP Round I,04269,"Anurag College of Pharmacy, Warathi, Tal. Mohadi Dist. Bhandara",Bhandara,Unaided,GOBC,State Level,Any,9517,71.67
2024-25,D Pharmacy,CAP Round I,04269,"Anurag College of Pharmacy, Warathi, Tal. Mohadi Dist. Bhandara",Bhandara,Unaided,LOPEN,State Level,Ladies,4275,79.33
2024-25,D Pharmacy,CAP Round I,04269,"Anurag College of Pharmacy, Warathi, Tal. Mohadi Dist. Bhandara",Bhandara,Unaided,LSC,State Level,Ladies,5388,77.33
2024-25,D Pharmacy,CAP Round I,04269,"Anurag College of Pharmacy, Warathi, Tal. Mohadi Dist. Bhandara",Bhandara,Unaided,LST,State Level,Ladies,17574,60.67
2024-25,D Pharmacy,CAP Round I,04269,"Anurag College of Pharmacy, Warathi, Tal. Mohadi Dist. Bhandara",Bhandara,Unaided,LOBC,State Level,Ladies,4883,78.33
2024-25,D Pharmacy,CAP Round I,04269,"Anurag College of Pharmacy, Warathi, Tal. Mohadi Dist. Bhandara",Bhandara,Unaided,PWDOPEN,State Level,Any,22932,53.67
2024-25,D Pharmacy,CAP Round I,04269,"Anurag College of Pharmacy, Warathi, Tal. Mohadi Dist. Bhandara",Bhandara,Unaided,EWS,Special,Any,35834,37.0
2024-25,D Pharmacy,CAP Round I,04269,"Anurag College of Pharmacy, Warathi, Tal. Mohadi Dist. Bhandara",Bhandara,Unaided,TFWS,Special,Any,12373,67.67
2024-25,D Pharmacy,CAP Round I,04270,"Backward Class Youth Relief Committee's KDK College of Pharmacy & Research Institute, Nagpur",Nagpur,Unaided,GOPEN,State Level,Any,23294,53.0
2024-25,D Pharmacy,CAP Round I,04270,"Backward Class Youth Relief Committee's KDK College of Pharmacy & Research Institute, Nagpur",Nagpur,Unaided,GSC,State Level,Any,33180,40.67
2024-25,D Pharmacy,CAP Round I,04270,"Backward Class Youth Relief Committee's KDK College of Pharmacy & Research Institute, Nagpur",Nagpur,Unaided,GST,State Level,Any,34605,39.0
2024-25,D Pharmacy,CAP Round I,04270,"Backward Class Youth Relief Committee's KDK College of Pharmacy & Research Institute, Nagpur",Nagpur,Unaided,GNTB,State Level,Any,24961,51.0
2024-25,D Pharmacy,CAP Round I,04270,"Backward Class Youth Relief Committee's KDK College of Pharmacy & Research Institute, Nagpur",Nagpur,Unaided,GNTC,State Level,Any,25792,49.67
2024-25,D Pharmacy,CAP Round I,04270,"Backward Class Youth Relief Committee's KDK College of Pharmacy & Research Institute, Nagpur",Nagpur,Unaided,GOBC,State Level,Any,25392,50.33
2024-25,D Pharmacy,CAP Round I,04270,"Backward Class Youth Relief Committee's KDK College of Pharmacy & Research Institute, Nagpur",Nagpur,Unaided,LOPEN,State Level,Ladies,12342,67.67
2024-25,D Pharmacy,CAP Round I,04270,"Backward Class Youth Relief Committee's KDK College of Pharmacy & Research Institute, Nagpur",Nagpur,Unaided,LSC,State Level,Ladies,33001,40.67
2024-25,D Pharmacy,CAP Round I,04270,"Backward Class Youth Relief Committee's KDK College of Pharmacy & Research Institute, Nagpur",Nagpur,Unaided,LST,State Level,Ladies,14374,65.0
2024-25,D Pharmacy,CAP Round I,04270,"Backward Class Youth Relief Committee's KDK College of Pharmacy & Research Institute, Nagpur",Nagpur,Unaided,LOBC,State Level,Ladies,18598,59.33
2024-25,D Pharmacy,CAP Round I,04270,"Backward Class Youth Relief Committee's KDK College of Pharmacy & Research Institute, Nagpur",Nagpur,Unaided,PWDOPEN,State Level,Any,35600,37.67
2024-25,D Pharmacy,CAP Round I,04270,"Backward Class Youth Relief Committee's KDK College of Pharmacy & Research Institute, Nagpur",Nagpur,Unaided,EWS,Special,Any,8766,72.67
2024-25,D Pharmacy,CAP Round I,04270,"Backward Class Youth Relief Committee's KDK College of Pharmacy & Research Institute, Nagpur",Nagpur,Unaided,TFWS,Special,Any,16013,62.67
2024-25,D Pharmacy,CAP Round I,04271,"Jai Mahakali Shikshan Sanstha's Agnihotri Institute of Diploma in Pharmacy, Wardha",Wardha,Unaided,GOPEN,State Level,Any,21860,55.0
2024-25,D Pharmacy,CAP Round I,04271,"Jai Mahakali Shikshan Sanstha's Agnihotri Institute of Diploma in Pharmacy, Wardha",Wardha,Unaided,GSC,State Level,Any,32696,41.33
2024-25,D Pharmacy,CAP Round I,04271,"Jai Mahakali Shikshan Sanstha's Agnihotri Institute of Diploma in Pharmacy, Wardha",Wardha,Unaided,GST,State Level,Any,36546,35.33
2024-25,D Pharmacy,CAP Round I,04271,"Jai Mahakali Shikshan Sanstha's Agnihotri Institute of Diploma in Pharmacy, Wardha",Wardha,Unaided,GNTA,State Level,Any,30252,44.33
2024-25,D Pharmacy,CAP Round I,04271,"Jai Mahakali Shikshan Sanstha's Agnihotri Institute of Diploma in Pharmacy, Wardha",Wardha,Unaided,GNTB,State Level,Any,35312,38.0
2024-25,D Pharmacy,CAP Round I,04271,"Jai Mahakali Shikshan Sanstha's Agnihotri Institute of Diploma in Pharmacy, Wardha",Wardha,Unaided,GNTC,State Level,Any,29533,45.0
2024-25,D Pharmacy,CAP Round I,04271,"Jai Mahakali Shikshan Sanstha's Agnihotri Institute of Diploma in Pharmacy, Wardha",Wardha,Unaided,GOBC,State Level,Any,28263,46.67
2024-25,D Pharmacy,CAP Round I,04271,"Jai Mahakali Shikshan Sanstha's Agnihotri Institute of Diploma in Pharmacy, Wardha",Wardha,Unaided,LOPEN,State Level,Ladies,14457,64.67
2024-25,D Pharmacy,CAP Round I,04271,"Jai Mahakali Shikshan Sanstha's Agnihotri Institute of Diploma in Pharmacy, Wardha",Wardha,Unaided,LST,State Level,Ladies,29587,45.0
2024-25,D Pharmacy,CAP Round I,04271,"Jai Mahakali Shikshan Sanstha's Agnihotri Institute of Diploma in Pharmacy, Wardha",Wardha,Unaided,LNTC,State Level,Ladies,31054,43.33
2024-25,D Pharmacy,CAP Round I,04271,"Jai Mahakali Shikshan Sanstha's Agnihotri Institute of Diploma in Pharmacy, Wardha",Wardha,Unaided,LOBC,State Level,Ladies,22248,54.33
2024-25,D Pharmacy,CAP Round I,04271,"Jai Mahakali Shikshan Sanstha's Agnihotri Institute of Diploma in Pharmacy, Wardha",Wardha,Unaided,LSEBC,State Level,Ladies,16774,61.67
2024-25,D Pharmacy,CAP Round I,04271,"Jai Mahakali Shikshan Sanstha's Agnihotri Institute of Diploma in Pharmacy, Wardha",Wardha,Unaided,EWS,Special,Any,34500,39.0
2024-25,D Pharmacy,CAP Round I,04271,"Jai Mahakali Shikshan Sanstha's Agnihotri Institute of Diploma in Pharmacy, Wardha",Wardha,Unaided,TFWS,Special,Any,34296,39.33
2024-25,D Pharmacy,CAP Round I,04272,"Bhausaheb Mulak Charitable Trust 'S Bhausaheb Mulak College Of D. Pharmacy, Umred, Nagpur",Nagpur,Unaided,GOPEN,State Level,Any,27517,47.67
2024-25,D Pharmacy,CAP Round I,04272,"Bhausaheb Mulak Charitable Trust 'S Bhausaheb Mulak College Of D. Pharmacy, Umred, Nagpur",Nagpur,Unaided,GSC,State Level,Any,33884,39.67
2024-25,D Pharmacy,CAP Round I,04272,"Bhausaheb Mulak Charitable Trust 'S Bhausaheb Mulak College Of D. Pharmacy, Umred, Nagpur",Nagpur,Unaided,GOBC,State Level,Any,30610,43.67
2024-25,D Pharmacy,CAP Round I,04272,"Bhausaheb Mulak Charitable Trust 'S Bhausaheb Mulak College Of D. Pharmacy, Umred, Nagpur",Nagpur,Unaided,LOPEN,State Level,Ladies,22987,53.67
2024-25,D Pharmacy,CAP Round I,04272,"Bhausaheb Mulak Charitable Trust 'S Bhausaheb Mulak College Of D. Pharmacy, Umred, Nagpur",Nagpur,Unaided,LSC,State Level,Ladies,26181,49.33
2024-25,D Pharmacy,CAP Round I,04272,"Bhausaheb Mulak Charitable Trust 'S Bhausaheb Mulak College Of D. Pharmacy, Umred, Nagpur",Nagpur,Unaided,LST,State Level,Ladies,36033,36.67
2024-25,D Pharmacy,CAP Round I,04272,"Bhausaheb Mulak Charitable Trust 'S Bhausaheb Mulak College Of D. Pharmacy, Umred, Nagpur",Nagpur,Unaided,LOBC,State Level,Ladies,24288,51.67
2024-25,D Pharmacy,CAP Round I,04272,"Bhausaheb Mulak Charitable Trust 'S Bhausaheb Mulak College Of D. Pharmacy, Umred, Nagpur",Nagpur,Unaided,EWS,Special,Any,32071,42.0
2024-25,D Pharmacy,CAP Round I,04272,"Bhausaheb Mulak Charitable Trust 'S Bhausaheb Mulak College Of D. Pharmacy, Umred, Nagpur",Nagpur,Unaided,TFWS,Special,Any,34645,38.67
2024-25,D Pharmacy,CAP Round I,04274,"Abhinav Bahuuddeshiya's Siddhivinayak College Of Pharmacy, Warora, Dist. Chandrapur",Chandrapur,Unaided,GOPEN,State Level,Any,32151,42.0
2024-25,D Pharmacy,CAP Round I,04274,"Abhinav Bahuuddeshiya's Siddhivinayak College Of Pharmacy, Warora, Dist. Chandrapur",Chandrapur,Unaided,GSC,State Level,Any,35153,38.0
2024-25,D Pharmacy,CAP Round I,04274,"Abhinav Bahuuddeshiya's Siddhivinayak College Of Pharmacy, Warora, Dist. Chandrapur",Chandrapur,Unaided,GST,State Level,Any,35180,38.0
2024-25,D Pharmacy,CAP Round I,04274,"Abhinav Bahuuddeshiya's Siddhivinayak College Of Pharmacy, Warora, Dist. Chandrapur",Chandrapur,Unaided,GNTC,State Level,Any,34268,39.33
2024-25,D Pharmacy,CAP Round I,04274,"Abhinav Bahuuddeshiya's Siddhivinayak College Of Pharmacy, Warora, Dist. Chandrapur",Chandrapur,Unaided,GOBC,State Level,Any,34251,39.33
2024-25,D Pharmacy,CAP Round I,04274,"Abhinav Bahuuddeshiya's Siddhivinayak College Of Pharmacy, Warora, Dist. Chandrapur",Chandrapur,Unaided,LOPEN,State Level,Ladies,28108,47.0
2024-25,D Pharmacy,CAP Round I,04274,"Abhinav Bahuuddeshiya's Siddhivinayak College Of Pharmacy, Warora, Dist. Chandrapur",Chandrapur,Unaided,LST,State Level,Ladies,32619,41.33
2024-25,D Pharmacy,CAP Round I,04274,"Abhinav Bahuuddeshiya's Siddhivinayak College Of Pharmacy, Warora, Dist. Chandrapur",Chandrapur,Unaided,LOBC,State Level,Ladies,30097,44.33
2024-25,D Pharmacy,CAP Round I,04274,"Abhinav Bahuuddeshiya's Siddhivinayak College Of Pharmacy, Warora, Dist. Chandrapur",Chandrapur,Unaided,EWS,Special,Any,25776,49.67
2024-25,D Pharmacy,CAP Round I,04274,"Abhinav Bahuuddeshiya's Siddhivinayak College Of Pharmacy, Warora, Dist. Chandrapur",Chandrapur,Unaided,TFWS,Special,Any,25665,50.0
2024-25,D Pharmacy,CAP Round I,04275,"Mahatma Phule Samata Shikshan Sanstha's K.D. Pawar College of Pharmacy, Saoner,Nagpur",Nagpur,Unaided,GOPEN,State Level,Any,31031,43.33
2024-25,D Pharmacy,CAP Round I,04275,"Mahatma Phule Samata Shikshan Sanstha's K.D. Pawar College of Pharmacy, Saoner,Nagpur",Nagpur,Unaided,GNTB,State Level,Any,31355,43.0
2024-25,D Pharmacy,CAP Round I,04275,"Mahatma Phule Samata Shikshan Sanstha's K.D. Pawar College of Pharmacy, Saoner,Nagpur",Nagpur,Unaided,GOBC,State Level,Any,36065,36.67
2024-25,D Pharmacy,CAP Round I,04275,"Mahatma Phule Samata Shikshan Sanstha's K.D. Pawar College of Pharmacy, Saoner,Nagpur",Nagpur,Unaided,LOPEN,State Level,Ladies,19580,58.0
2024-25,D Pharmacy,CAP Round I,04275,"Mahatma Phule Samata Shikshan Sanstha's K.D. Pawar College of Pharmacy, Saoner,Nagpur",Nagpur,Unaided,LSC,State Level,Ladies,35967,37.0
2024-25,D Pharmacy,CAP Round I,04275,"Mahatma Phule Samata Shikshan Sanstha's K.D. Pawar College of Pharmacy, Saoner,Nagpur",Nagpur,Unaided,LST,State Level,Ladies,24322,51.67
2024-25,D Pharmacy,CAP Round I,04275,"Mahatma Phule Samata Shikshan Sanstha's K.D. Pawar College of Pharmacy, Saoner,Nagpur",Nagpur,Unaided,LOBC,State Level,Ladies,22964,53.67
2024-25,D Pharmacy,CAP Round I,04275,"Mahatma Phule Samata Shikshan Sanstha's K.D. Pawar College of Pharmacy, Saoner,Nagpur",Nagpur,Unaided,PWDOPEN,State Level,Any,7690,74.0
2024-25,D Pharmacy,CAP Round I,04275,"Mahatma Phule Samata Shikshan Sanstha's K.D. Pawar College of Pharmacy, Saoner,Nagpur",Nagpur,Unaided,TFWS,Special,Any,23375,53.0
2024-25,D Pharmacy,CAP Round I,04276,"Mahila Vikas Sanstha's Dr. R.G. Bhoyar Institute Of Pharmacy, Wardha",Wardha,Unaided,GOPEN,State Level,Any,36666,35.33
2024-25,D Pharmacy,CAP Round I,04276,"Mahila Vikas Sanstha's Dr. R.G. Bhoyar Institute Of Pharmacy, Wardha",Wardha,Unaided,LOPEN,State Level,Ladies,25629,50.0
2024-25,D Pharmacy,CAP Round I,04276,"Mahila Vikas Sanstha's Dr. R.G. Bhoyar Institute Of Pharmacy, Wardha",Wardha,Unaided,LSC,State Level,Ladies,36125,36.67
2024-25,D Pharmacy,CAP Round I,04276,"Mahila Vikas Sanstha's Dr. R.G. Bhoyar Institute Of Pharmacy, Wardha",Wardha,Unaided,LST,State Level,Ladies,32133,42.0
2024-25,D Pharmacy,CAP Round I,04276,"Mahila Vikas Sanstha's Dr. R.G. Bhoyar Institute Of Pharmacy, Wardha",Wardha,Unaided,LNTA,State Level,Ladies,35561,37.67
2024-25,D Pharmacy,CAP Round I,04276,"Mahila Vikas Sanstha's Dr. R.G. Bhoyar Institute Of Pharmacy, Wardha",Wardha,Unaided,LNTC,State Level,Ladies,33447,40.33
2024-25,D Pharmacy,CAP Round I,04276,"Mahila Vikas Sanstha's Dr. R.G. Bhoyar Institute Of Pharmacy, Wardha",Wardha,Unaided,LOBC,State Level,Ladies,35388,37.67
2024-25,D Pharmacy,CAP Round I,04277,"Sudam Shikshan Prasarak Mandal's Shree Babasaheb Gharfalkar College Of Pharmacy, Nachangaon, Pulgaon",Nagpur,Unaided,GOPEN,State Level,Any,28246,46.67
2024-25,D Pharmacy,CAP Round I,04277,"Sudam Shikshan Prasarak Mandal's Shree Babasaheb Gharfalkar College Of Pharmacy, Nachangaon, Pulgaon",Nagpur,Unaided,GSC,State Level,Any,33350,40.33
2024-25,D Pharmacy,CAP Round I,04277,"Sudam Shikshan Prasarak Mandal's Shree Babasaheb Gharfalkar College Of Pharmacy, Nachangaon, Pulgaon",Nagpur,Unaided,GST,State Level,Any,35594,37.67
2024-25,D Pharmacy,CAP Round I,04277,"Sudam Shikshan Prasarak Mandal's Shree Babasaheb Gharfalkar College Of Pharmacy, Nachangaon, Pulgaon",Nagpur,Unaided,GNTB,State Level,Any,34958,38.33
2024-25,D Pharmacy,CAP Round I,04277,"Sudam Shikshan Prasarak Mandal's Shree Babasaheb Gharfalkar College Of Pharmacy, Nachangaon, Pulgaon",Nagpur,Unaided,GNTC,State Level,Any,28593,46.33
2024-25,D Pharmacy,CAP Round I,04277,"Sudam Shikshan Prasarak Mandal's Shree Babasaheb Gharfalkar College Of Pharmacy, Nachangaon, Pulgaon",Nagpur,Unaided,GOBC,State Level,Any,36107,36.67
2024-25,D Pharmacy,CAP Round I,04277,"Sudam Shikshan Prasarak Mandal's Shree Babasaheb Gharfalkar College Of Pharmacy, Nachangaon, Pulgaon",Nagpur,Unaided,LOPEN,State Level,Ladies,21367,55.67
2024-25,D Pharmacy,CAP Round I,04277,"Sudam Shikshan Prasarak Mandal's Shree Babasaheb Gharfalkar College Of Pharmacy, Nachangaon, Pulgaon",Nagpur,Unaided,LSC,State Level,Ladies,28082,47.0
2024-25,D Pharmacy,CAP Round I,04277,"Sudam Shikshan Prasarak Mandal's Shree Babasaheb Gharfalkar College Of Pharmacy, Nachangaon, Pulgaon",Nagpur,Unaided,LST,State Level,Ladies,34895,38.33
2024-25,D Pharmacy,CAP Round I,04277,"Sudam Shikshan Prasarak Mandal's Shree Babasaheb Gharfalkar College Of Pharmacy, Nachangaon, Pulgaon",Nagpur,Unaided,LNTB,State Level,Ladies,29383,45.33
2024-25,D Pharmacy,CAP Round I,04277,"Sudam Shikshan Prasarak Mandal's Shree Babasaheb Gharfalkar College Of Pharmacy, Nachangaon, Pulgaon",Nagpur,Unaided,LNTC,State Level,Ladies,26782,48.67
2024-25,D Pharmacy,CAP Round I,04277,"Sudam Shikshan Prasarak Mandal's Shree Babasaheb Gharfalkar College Of Pharmacy, Nachangaon, Pulgaon",Nagpur,Unaided,LOBC,State Level,Ladies,24821,51.0
2024-25,D Pharmacy,CAP Round I,04277,"Sudam Shikshan Prasarak Mandal's Shree Babasaheb Gharfalkar College Of Pharmacy, Nachangaon, Pulgaon",Nagpur,Unaided,TFWS,Special,Any,22773,53.67
2024-25,D Pharmacy,CAP Round I,04278,"Young Engineers Education Society's Maharashtra Institute Of Pharmacy, Betada, Bramhapuri, Chandrapur",Chandrapur,Unaided,GOPEN,State Level,Any,20896,56.33
2024-25,D Pharmacy,CAP Round I,04278,"Young Engineers Education Society's Maharashtra Institute Of Pharmacy, Betada, Bramhapuri, Chandrapur",Chandrapur,Unaided,GSC,State Level,Any,26187,49.33
2024-25,D Pharmacy,CAP Round I,04278,"Young Engineers Education Society's Maharashtra Institute Of Pharmacy, Betada, Bramhapuri, Chandrapur",Chandrapur,Unaided,GST,State Level,Any,22826,53.67
2024-25,D Pharmacy,CAP Round I,04278,"Young Engineers Education Society's Maharashtra Institute Of Pharmacy, Betada, Bramhapuri, Chandrapur",Chandrapur,Unaided,GNTB,State Level,Any,22953,53.67
2024-25,D Pharmacy,CAP Round I,04278,"Young Engineers Education Society's Maharashtra Institute Of Pharmacy, Betada, Bramhapuri, Chandrapur",Chandrapur,Unaided,GOBC,State Level,Any,29854,44.67
2024-25,D Pharmacy,CAP Round I,04278,"Young Engineers Education Society's Maharashtra Institute Of Pharmacy, Betada, Bramhapuri, Chandrapur",Chandrapur,Unaided,LOPEN,State Level,Ladies,19493,58.0
2024-25,D Pharmacy,CAP Round I,04278,"Young Engineers Education Society's Maharashtra Institute Of Pharmacy, Betada, Bramhapuri, Chandrapur",Chandrapur,Unaided,LSC,State Level,Ladies,23217,53.33
2024-25,D Pharmacy,CAP Round I,04278,"Young Engineers Education Society's Maharashtra Institute Of Pharmacy, Betada, Bramhapuri, Chandrapur",Chandrapur,Unaided,LST,State Level,Ladies,28794,46.0
2024-25,D Pharmacy,CAP Round I,04278,"Young Engineers Education Society's Maharashtra Institute Of Pharmacy, Betada, Bramhapuri, Chandrapur",Chandrapur,Unaided,LOBC,State Level,Ladies,22722,54.0
2024-25,D Pharmacy,CAP Round I,04278,"Young Engineers Education Society's Maharashtra Institute Of Pharmacy, Betada, Bramhapuri, Chandrapur",Chandrapur,Unaided,PWDOPEN,State Level,Any,20109,57.33
2024-25,D Pharmacy,CAP Round I,04278,"Young Engineers Education Society's Maharashtra Institute Of Pharmacy, Betada, Bramhapuri, Chandrapur",Chandrapur,Unaided,EWS,Special,Any,25402,50.33
2024-25,D Pharmacy,CAP Round I,04278,"Young Engineers Education Society's Maharashtra Institute Of Pharmacy, Betada, Bramhapuri, Chandrapur",Chandrapur,Unaided,TFWS,Special,Any,29287,45.33
2024-25,D Pharmacy,CAP Round I,04279,"Sanmarg Shikshan Sanstha's K.R.Pandav Institute Of Pharmacy, Nagpur",Nagpur,Unaided,GOPEN,State Level,Any,30251,44.33
2024-25,D Pharmacy,CAP Round I,04279,"Sanmarg Shikshan Sanstha's K.R.Pandav Institute Of Pharmacy, Nagpur",Nagpur,Unaided,GSC,State Level,Any,35912,37.0
2024-25,D Pharmacy,CAP Round I,04279,"Sanmarg Shikshan Sanstha's K.R.Pandav Institute Of Pharmacy, Nagpur",Nagpur,Unaided,GOBC,State Level,Any,33770,40.0
2024-25,D Pharmacy,CAP Round I,04279,"Sanmarg Shikshan Sanstha's K.R.Pandav Institute Of Pharmacy, Nagpur",Nagpur,Unaided,LOPEN,State Level,Ladies,24953,51.0
2024-25,D Pharmacy,CAP Round I,04279,"Sanmarg Shikshan Sanstha's K.R.Pandav Institute Of Pharmacy, Nagpur",Nagpur,Unaided,LSC,State Level,Ladies,32680,41.33
2024-25,D Pharmacy,CAP Round I,04279,"Sanmarg Shikshan Sanstha's K.R.Pandav Institute Of Pharmacy, Nagpur",Nagpur,Unaided,LOBC,State Level,Ladies,29783,44.67
2024-25,D Pharmacy,CAP Round I,04279,"Sanmarg Shikshan Sanstha's K.R.Pandav Institute Of Pharmacy, Nagpur",Nagpur,Unaided,EWS,Special,Any,31725,42.33
2024-25,D Pharmacy,CAP Round I,04279,"Sanmarg Shikshan Sanstha's K.R.Pandav Institute Of Pharmacy, Nagpur",Nagpur,Unaided,TFWS,Special,Any,34767,38.67
2024-25,D Pharmacy,CAP Round I,04280,"Krushna Sahyogi Tantra Shikshan Sanstha's Chatrapati Shivaji College Of Pharmacy, Devari, Tal. Devari, Dist.Gondiya",Gondia,Unaided,GOPEN,State Level,Any,15756,63.0
2024-25,D Pharmacy,CAP Round I,04280,"Krushna Sahyogi Tantra Shikshan Sanstha's Chatrapati Shivaji College Of Pharmacy, Devari, Tal. Devari, Dist.Gondiya",Gondia,Unaided,GSC,State Level,Any,20553,56.67
2024-25,D Pharmacy,CAP Round I,04280,"Krushna Sahyogi Tantra Shikshan Sanstha's Chatrapati Shivaji College Of Pharmacy, Devari, Tal. Devari, Dist.Gondiya",Gondia,Unaided,GST,State Level,Any,18548,59.33
2024-25,D Pharmacy,CAP Round I,04280,"Krushna Sahyogi Tantra Shikshan Sanstha's Chatrapati Shivaji College Of Pharmacy, Devari, Tal. Devari, Dist.Gondiya",Gondia,Unaided,GOBC,State Level,Any,21558,55.33
2024-25,D Pharmacy,CAP Round I,04280,"Krushna Sahyogi Tantra Shikshan Sanstha's Chatrapati Shivaji College Of Pharmacy, Devari, Tal. Devari, Dist.Gondiya",Gondia,Unaided,LOPEN,State Level,Ladies,7722,74.0
2024-25,D Pharmacy,CAP Round I,04280,"Krushna Sahyogi Tantra Shikshan Sanstha's Chatrapati Shivaji College Of Pharmacy, Devari, Tal. Devari, Dist.Gondiya",Gondia,Unaided,LSC,State Level,Ladies,13697,66.0
2024-25,D Pharmacy,CAP Round I,04280,"Krushna Sahyogi Tantra Shikshan Sanstha's Chatrapati Shivaji College Of Pharmacy, Devari, Tal. Devari, Dist.Gondiya",Gondia,Unaided,LST,State Level,Ladies,14365,65.0
2024-25,D Pharmacy,CAP Round I,04280,"Krushna Sahyogi Tantra Shikshan Sanstha's Chatrapati Shivaji College Of Pharmacy, Devari, Tal. Devari, Dist.Gondiya",Gondia,Unaided,LNTB,State Level,Ladies,26263,49.33
2024-25,D Pharmacy,CAP Round I,04280,"Krushna Sahyogi Tantra Shikshan Sanstha's Chatrapati Shivaji College Of Pharmacy, Devari, Tal. Devari, Dist.Gondiya",Gondia,Unaided,LOBC,State Level,Ladies,15093,64.0
2024-25,D Pharmacy,CAP Round I,04280,"Krushna Sahyogi Tantra Shikshan Sanstha's Chatrapati Shivaji College Of Pharmacy, Devari, Tal. Devari, Dist.Gondiya",Gondia,Unaided,PWDOPEN,State Level,Any,26825,48.67
2024-25,D Pharmacy,CAP Round I,04280,"Krushna Sahyogi Tantra Shikshan Sanstha's Chatrapati Shivaji College Of Pharmacy, Devari, Tal. Devari, Dist.Gondiya",Gondia,Unaided,EWS,Special,Any,12346,67.67
2024-25,D Pharmacy,CAP Round I,04280,"Krushna Sahyogi Tantra Shikshan Sanstha's Chatrapati Shivaji College Of Pharmacy, Devari, Tal. Devari, Dist.Gondiya",Gondia,Unaided,TFWS,Special,Any,31753,42.33
2024-25,D Pharmacy,CAP Round I,04281,"Shri Sachhidanand Shikshan Santha's Taywade Institute Of Diploma In Pharmacy, Koradi, Kamptee,Dist.Nagpur",Nagpur,Unaided,GOPEN,State Level,Any,28077,47.0
2024-25,D Pharmacy,CAP Round I,04281,"Shri Sachhidanand Shikshan Santha's Taywade Institute Of Diploma In Pharmacy, Koradi, Kamptee,Dist.Nagpur",Nagpur,Unaided,GSC,State Level,Any,30384,44.0
2024-25,D Pharmacy,CAP Round I,04281,"Shri Sachhidanand Shikshan Santha's Taywade Institute Of Diploma In Pharmacy, Koradi, Kamptee,Dist.Nagpur",Nagpur,Unaided,GST,State Level,Any,32962,41.0
2024-25,D Pharmacy,CAP Round I,04281,"Shri Sachhidanand Shikshan Santha's Taywade Institute Of Diploma In Pharmacy, Koradi, Kamptee,Dist.Nagpur",Nagpur,Unaided,GNTB,State Level,Any,29586,45.0
2024-25,D Pharmacy,CAP Round I,04281,"Shri Sachhidanand Shikshan Santha's Taywade Institute Of Diploma In Pharmacy, Koradi, Kamptee,Dist.Nagpur",Nagpur,Unaided,GOBC,State Level,Any,30463,44.0
2024-25,D Pharmacy,CAP Round I,04281,"Shri Sachhidanand Shikshan Santha's Taywade Institute Of Diploma In Pharmacy, Koradi, Kamptee,Dist.Nagpur",Nagpur,Unaided,LOPEN,State Level,Ladies,12435,67.67
2024-25,D Pharmacy,CAP Round I,04281,"Shri Sachhidanand Shikshan Santha's Taywade Institute Of Diploma In Pharmacy, Koradi, Kamptee,Dist.Nagpur",Nagpur,Unaided,LSC,State Level,Ladies,22647,54.0
2024-25,D Pharmacy,CAP Round I,04281,"Shri Sachhidanand Shikshan Santha's Taywade Institute Of Diploma In Pharmacy, Koradi, Kamptee,Dist.Nagpur",Nagpur,Unaided,LST,State Level,Ladies,22969,53.67
2024-25,D Pharmacy,CAP Round I,04281,"Shri Sachhidanand Shikshan Santha's Taywade Institute Of Diploma In Pharmacy, Koradi, Kamptee,Dist.Nagpur",Nagpur,Unaided,LNTC,State Level,Ladies,22660,54.0
2024-25,D Pharmacy,CAP Round I,04281,"Shri Sachhidanand Shikshan Santha's Taywade Institute Of Diploma In Pharmacy, Koradi, Kamptee,Dist.Nagpur",Nagpur,Unaided,LOBC,State Level,Ladies,22185,54.67
2024-25,D Pharmacy,CAP Round I,04281,"Shri Sachhidanand Shikshan Santha's Taywade Institute Of Diploma In Pharmacy, Koradi, Kamptee,Dist.Nagpur",Nagpur,Unaided,TFWS,Special,Any,21579,55.33
2024-25,D Pharmacy,CAP Round I,04283,"Swa. Madhukarrao Deshmukh Education Society, Shree Sadguru Datta Institute of Pharmacy, Bhajapur",Nagpur,Unaided,GOPEN,State Level,Any,20461,56.67
2024-25,D Pharmacy,CAP Round I,04283,"Swa. Madhukarrao Deshmukh Education Society, Shree Sadguru Datta Institute of Pharmacy, Bhajapur",Nagpur,Unaided,GSC,State Level,Any,32864,41.0
2024-25,D Pharmacy,CAP Round I,04283,"Swa. Madhukarrao Deshmukh Education Society, Shree Sadguru Datta Institute of Pharmacy, Bhajapur",Nagpur,Unaided,GNTB,State Level,Any,24755,51.33
2024-25,D Pharmacy,CAP Round I,04283,"Swa. Madhukarrao Deshmukh Education Society, Shree Sadguru Datta Institute of Pharmacy, Bhajapur",Nagpur,Unaided,GOBC,State Level,Any,23445,53.0
2024-25,D Pharmacy,CAP Round I,04283,"Swa. Madhukarrao Deshmukh Education Society, Shree Sadguru Datta Institute of Pharmacy, Bhajapur",Nagpur,Unaided,LOPEN,State Level,Ladies,5853,76.67
2024-25,D Pharmacy,CAP Round I,04283,"Swa. Madhukarrao Deshmukh Education Society, Shree Sadguru Datta Institute of Pharmacy, Bhajapur",Nagpur,Unaided,LSC,State Level,Ladies,15865,63.0
2024-25,D Pharmacy,CAP Round I,04283,"Swa. Madhukarrao Deshmukh Education Society, Shree Sadguru Datta Institute of Pharmacy, Bhajapur",Nagpur,Unaided,LOBC,State Level,Ladies,14646,64.67
2024-25,D Pharmacy,CAP Round I,04283,"Swa. Madhukarrao Deshmukh Education Society, Shree Sadguru Datta Institute of Pharmacy, Bhajapur",Nagpur,Unaided,EWS,Special,Any,10078,70.67
2024-25,D Pharmacy,CAP Round I,04283,"Swa. Madhukarrao Deshmukh Education Society, Shree Sadguru Datta Institute of Pharmacy, Bhajapur",Nagpur,Unaided,TFWS,Special,Any,36320,36.0
2024-25,D Pharmacy,CAP Round I,04640,"Abdul Majeed Central Education Society, Institute of Pharmacy, Lonara",Nagpur,Unaided,GOPEN,State Level,Any,28095,47.0
2024-25,D Pharmacy,CAP Round I,04640,"Abdul Majeed Central Education Society, Institute of Pharmacy, Lonara",Nagpur,Unaided,GOBC,State Level,Any,36310,36.33
2024-25,D Pharmacy,CAP Round I,04640,"Abdul Majeed Central Education Society, Institute of Pharmacy, Lonara",Nagpur,Unaided,LOPEN,State Level,Ladies,22346,54.33
2024-25,D Pharmacy,CAP Round I,04640,"Abdul Majeed Central Education Society, Institute of Pharmacy, Lonara",Nagpur,Unaided,LSC,State Level,Ladies,31618,42.67
2024-25,D Pharmacy,CAP Round I,04640,"Abdul Majeed Central Education Society, Institute of Pharmacy, Lonara",Nagpur,Unaided,LOBC,State Level,Ladies,29010,45.67
2024-25,D Pharmacy,CAP Round I,04640,"Abdul Majeed Central Education Society, Institute of Pharmacy, Lonara",Nagpur,Unaided,TFWS,Special,Any,8746,72.67
2024-25,D Pharmacy,CAP Round I,04641,"Dr.Babasaheb Ambedkar Institute of D-Pharmacy, Sewagram, Wardha",Wardha,Unaided,GOPEN,State Level,Any,35376,38.0
2024-25,D Pharmacy,CAP Round I,04641,"Dr.Babasaheb Ambedkar Institute of D-Pharmacy, Sewagram, Wardha",Wardha,Unaided,GOBC,State Level,Any,36736,35.0
2024-25,D Pharmacy,CAP Round I,04641,"Dr.Babasaheb Ambedkar Institute of D-Pharmacy, Sewagram, Wardha",Wardha,Unaided,LOPEN,State Level,Ladies,14954,64.0
2024-25,D Pharmacy,CAP Round I,04641,"Dr.Babasaheb Ambedkar Institute of D-Pharmacy, Sewagram, Wardha",Wardha,Unaided,LNTB,State Level,Ladies,30719,43.67
2024-25,D Pharmacy,CAP Round I,04641,"Dr.Babasaheb Ambedkar Institute of D-Pharmacy, Sewagram, Wardha",Wardha,Unaided,LOBC,State Level,Ladies,35468,37.67
2024-25,D Pharmacy,CAP Round I,04641,"Dr.Babasaheb Ambedkar Institute of D-Pharmacy, Sewagram, Wardha",Wardha,Unaided,PWDOPEN,State Level,Any,14464,64.67
2024-25,D Pharmacy,CAP Round I,04641,"Dr.Babasaheb Ambedkar Institute of D-Pharmacy, Sewagram, Wardha",Wardha,Unaided,EWS,Special,Any,29668,45.0
2024-25,D Pharmacy,CAP Round I,04643,"Maharashtra Institute of Pharmacy (Betada), Brambhapuri",Chandrapur,Unaided,GOPEN,State Level,Any,26198,49.33
2024-25,D Pharmacy,CAP Round I,04643,"Maharashtra Institute of Pharmacy (Betada), Brambhapuri",Chandrapur,Unaided,GSC,State Level,Any,34808,38.67
2024-25,D Pharmacy,CAP Round I,04643,"Maharashtra Institute of Pharmacy (Betada), Brambhapuri",Chandrapur,Unaided,GNTB,State Level,Any,30313,44.0
2024-25,D Pharmacy,CAP Round I,04643,"Maharashtra Institute of Pharmacy (Betada), Brambhapuri",Chandrapur,Unaided,GOBC,State Level,Any,36058,36.67
2024-25,D Pharmacy,CAP Round I,04643,"Maharashtra Institute of Pharmacy (Betada), Brambhapuri",Chandrapur,Unaided,LOPEN,State Level,Ladies,17522,60.67
2024-25,D Pharmacy,CAP Round I,04643,"Maharashtra Institute of Pharmacy (Betada), Brambhapuri",Chandrapur,Unaided,LSC,State Level,Ladies,20012,57.33
2024-25,D Pharmacy,CAP Round I,04643,"Maharashtra Institute of Pharmacy (Betada), Brambhapuri",Chandrapur,Unaided,LOBC,State Level,Ladies,28968,45.67
2024-25,D Pharmacy,CAP Round I,04643,"Maharashtra Institute of Pharmacy (Betada), Brambhapuri",Chandrapur,Unaided,EWS,Special,Any,28630,46.33
2024-25,D Pharmacy,CAP Round I,04643,"Maharashtra Institute of Pharmacy (Betada), Brambhapuri",Chandrapur,Unaided,TFWS,Special,Any,20045,57.33
2024-25,D Pharmacy,CAP Round I,04650,"P.R.Patil Institute of Pharmacy, Talegaon(SP),Wardha",Wardha,Unaided,GOPEN,State Level,Any,29081,45.67
2024-25,D Pharmacy,CAP Round I,04650,"P.R.Patil Institute of Pharmacy, Talegaon(SP),Wardha",Wardha,Unaided,GSC,State Level,Any,35919,37.0
2024-25,D Pharmacy,CAP Round I,04650,"P.R.Patil Institute of Pharmacy, Talegaon(SP),Wardha",Wardha,Unaided,GNTA,State Level,Any,34596,39.0
2024-25,D Pharmacy,CAP Round I,04650,"P.R.Patil Institute of Pharmacy, Talegaon(SP),Wardha",Wardha,Unaided,GNTD,State Level,Any,35890,37.0
2024-25,D Pharmacy,CAP Round I,04650,"P.R.Patil Institute of Pharmacy, Talegaon(SP),Wardha",Wardha,Unaided,GOBC,State Level,Any,33315,40.33
2024-25,D Pharmacy,CAP Round I,04650,"P.R.Patil Institute of Pharmacy, Talegaon(SP),Wardha",Wardha,Unaided,LOPEN,State Level,Ladies,22453,54.33
2024-25,D Pharmacy,CAP Round I,04650,"P.R.Patil Institute of Pharmacy, Talegaon(SP),Wardha",Wardha,Unaided,LSC,State Level,Ladies,29453,45.0
2024-25,D Pharmacy,CAP Round I,04650,"P.R.Patil Institute of Pharmacy, Talegaon(SP),Wardha",Wardha,Unaided,LNTC,State Level,Ladies,34821,38.67
2024-25,D Pharmacy,CAP Round I,04650,"P.R.Patil Institute of Pharmacy, Talegaon(SP),Wardha",Wardha,Unaided,LOBC,State Level,Ladies,24877,51.0
2024-25,D Pharmacy,CAP Round I,04650,"P.R.Patil Institute of Pharmacy, Talegaon(SP),Wardha",Wardha,Unaided,EWS,Special,Any,31881,42.33
2024-25,D Pharmacy,CAP Round I,04650,"P.R.Patil Institute of Pharmacy, Talegaon(SP),Wardha",Wardha,Unaided,TFWS,Special,Any,28294,46.67
2024-25,D Pharmacy,CAP Round I,04651,"Central India College of Pharmacy, Nagpur",Nagpur,Unaided,GOPEN,State Level,Any,31416,42.67
2024-25,D Pharmacy,CAP Round I,04651,"Central India College of Pharmacy, Nagpur",Nagpur,Unaided,LOPEN,State Level,Ladies,30872,43.33
2024-25,D Pharmacy,CAP Round I,04651,"Central India College of Pharmacy, Nagpur",Nagpur,Unaided,MI,Special,Any,29319,45.33
2024-25,D Pharmacy,CAP Round I,04651,"Central India College of Pharmacy, Nagpur",Nagpur,Unaided,TFWS,Special,Any,29894,44.67
2024-25,D Pharmacy,CAP Round I,04652,"Mouda College of Pharmacy, Mauda Nagpur",Nagpur,Unaided,GOPEN,State Level,Any,21194,55.67
2024-25,D Pharmacy,CAP Round I,04652,"Mouda College of Pharmacy, Mauda Nagpur",Nagpur,Unaided,GSC,State Level,Any,34866,38.67
2024-25,D Pharmacy,CAP Round I,04652,"Mouda College of Pharmacy, Mauda Nagpur",Nagpur,Unaided,GNTB,State Level,Any,28119,47.0
2024-25,D Pharmacy,CAP Round I,04652,"Mouda College of Pharmacy, Mauda Nagpur",Nagpur,Unaided,GOBC,State Level,Any,30192,44.33
2024-25,D Pharmacy,CAP Round I,04652,"Mouda College of Pharmacy, Mauda Nagpur",Nagpur,Unaided,LOPEN,State Level,Ladies,5532,77.33
2024-25,D Pharmacy,CAP Round I,04652,"Mouda College of Pharmacy, Mauda Nagpur",Nagpur,Unaided,LSC,State Level,Ladies,34608,39.0
2024-25,D Pharmacy,CAP Round I,04652,"Mouda College of Pharmacy, Mauda Nagpur",Nagpur,Unaided,LST,State Level,Ladies,24760,51.33
2024-25,D Pharmacy,CAP Round I,04652,"Mouda College of Pharmacy, Mauda Nagpur",Nagpur,Unaided,LOBC,State Level,Ladies,13876,65.67
2024-25,D Pharmacy,CAP Round I,04652,"Mouda College of Pharmacy, Mauda Nagpur",Nagpur,Unaided,EWS,Special,Any,28417,46.33
2024-25,D Pharmacy,CAP Round I,04652,"Mouda College of Pharmacy, Mauda Nagpur",Nagpur,Unaided,TFWS,Special,Any,27591,47.67
2024-25,D Pharmacy,CAP Round I,04654,"New Montfort Institute of Pharmacy, Ashti",Beed,Unaided,GOPEN,State Level,Any,33136,40.67
2024-25,D Pharmacy,CAP Round I,04654,"New Montfort Institute of Pharmacy, Ashti",Beed,Unaided,LOPEN,State Level,Ladies,24370,51.67
2024-25,D Pharmacy,CAP Round I,04654,"New Montfort Institute of Pharmacy, Ashti",Beed,Unaided,MI,Special,Any,34481,39.0
2024-25,D Pharmacy,CAP Round I,04654,"New Montfort Institute of Pharmacy, Ashti",Beed,Unaided,TFWS,Special,Any,28728,46.0
2024-25,D Pharmacy,CAP Round I,04655,"Dr.Arun Motghare Diploma in Pharmacy, Kosara, Konda",Sangli,Unaided,GOPEN,State Level,Any,26241,49.33
2024-25,D Pharmacy,CAP Round I,04655,"Dr.Arun Motghare Diploma in Pharmacy, Kosara, Konda",Sangli,Unaided,GSC,State Level,Any,36450,35.67
2024-25,D Pharmacy,CAP Round I,04655,"Dr.Arun Motghare Diploma in Pharmacy, Kosara, Konda",Sangli,Unaided,GOBC,State Level,Any,35345,38.0
2024-25,D Pharmacy,CAP Round I,04655,"Dr.Arun Motghare Diploma in Pharmacy, Kosara, Konda",Sangli,Unaided,LOPEN,State Level,Ladies,20515,56.67
2024-25,D Pharmacy,CAP Round I,04655,"Dr.Arun Motghare Diploma in Pharmacy, Kosara, Konda",Sangli,Unaided,LNTB,State Level,Ladies,26509,49.0
2024-25,D Pharmacy,CAP Round I,04655,"Dr.Arun Motghare Diploma in Pharmacy, Kosara, Konda",Sangli,Unaided,LOBC,State Level,Ladies,29600,45.0
2024-25,D Pharmacy,CAP Round I,04655,"Dr.Arun Motghare Diploma in Pharmacy, Kosara, Konda",Sangli,Unaided,PWDOPEN,State Level,Any,17521,60.67
2024-25,D Pharmacy,CAP Round I,04655,"Dr.Arun Motghare Diploma in Pharmacy, Kosara, Konda",Sangli,Unaided,TFWS,Special,Any,5944,76.67
2024-25,D Pharmacy,CAP Round I,04656,"Nagpur College Of Pharmacy, Hingana",Nagpur,Unaided,GOPEN,State Level,Any,21146,56.0
2024-25,D Pharmacy,CAP Round I,04656,"Nagpur College Of Pharmacy, Hingana",Nagpur,Unaided,GSC,State Level,Any,27494,47.67
2024-25,D Pharmacy,CAP Round I,04656,"Nagpur College Of Pharmacy, Hingana",Nagpur,Unaided,GST,State Level,Any,35054,38.33
2024-25,D Pharmacy,CAP Round I,04656,"Nagpur College Of Pharmacy, Hingana",Nagpur,Unaided,GNTB,State Level,Any,30771,43.67
2024-25,D Pharmacy,CAP Round I,04656,"Nagpur College Of Pharmacy, Hingana",Nagpur,Unaided,GNTC,State Level,Any,35192,38.0
2024-25,D Pharmacy,CAP Round I,04656,"Nagpur College Of Pharmacy, Hingana",Nagpur,Unaided,GOBC,State Level,Any,25634,50.0
2024-25,D Pharmacy,CAP Round I,04656,"Nagpur College Of Pharmacy, Hingana",Nagpur,Unaided,LOPEN,State Level,Ladies,15524,63.33
2024-25,D Pharmacy,CAP Round I,04656,"Nagpur College Of Pharmacy, Hingana",Nagpur,Unaided,LSC,State Level,Ladies,24280,51.67
2024-25,D Pharmacy,CAP Round I,04656,"Nagpur College Of Pharmacy, Hingana",Nagpur,Unaided,LST,State Level,Ladies,23592,52.67
2024-25,D Pharmacy,CAP Round I,04656,"Nagpur College Of Pharmacy, Hingana",Nagpur,Unaided,LOBC,State Level,Ladies,19264,58.33
2024-25,D Pharmacy,CAP Round I,04656,"Nagpur College Of Pharmacy, Hingana",Nagpur,Unaided,LSEBC,State Level,Ladies,30786,43.67
2024-25,D Pharmacy,CAP Round I,04656,"Nagpur College Of Pharmacy, Hingana",Nagpur,Unaided,EWS,Special,Any,32814,41.0
2024-25,D Pharmacy,CAP Round I,04656,"Nagpur College Of Pharmacy, Hingana",Nagpur,Unaided,TFWS,Special,Any,20991,56.0
2024-25,D Pharmacy,CAP Round I,04659,"Shri Sai College Of Pharmacy, Mouda",Nagpur,Unaided,GOPEN,State Level,Any,25768,50.0
2024-25,D Pharmacy,CAP Round I,04659,"Shri Sai College Of Pharmacy, Mouda",Nagpur,Unaided,GSC,State Level,Any,32014,42.0
2024-25,D Pharmacy,CAP Round I,04659,"Shri Sai College Of Pharmacy, Mouda",Nagpur,Unaided,GOBC,State Level,Any,35847,37.0
2024-25,D Pharmacy,CAP Round I,04659,"Shri Sai College Of Pharmacy, Mouda",Nagpur,Unaided,LOPEN,State Level,Ladies,21690,55.33
2024-25,D Pharmacy,CAP Round I,04659,"Shri Sai College Of Pharmacy, Mouda",Nagpur,Unaided,LNTB,State Level,Ladies,36489,35.67
2024-25,D Pharmacy,CAP Round I,04659,"Shri Sai College Of Pharmacy, Mouda",Nagpur,Unaided,LOBC,State Level,Ladies,26167,49.33
2024-25,D Pharmacy,CAP Round I,04659,"Shri Sai College Of Pharmacy, Mouda",Nagpur,Unaided,EWS,Special,Any,11507,69.0
2024-25,D Pharmacy,CAP Round I,04659,"Shri Sai College Of Pharmacy, Mouda",Nagpur,Unaided,TFWS,Special,Any,3968,79.67
2024-25,D Pharmacy,CAP Round I,04660,"Gondia College Of Pharmacy, Chulod",Jalgaon,Unaided,GOPEN,State Level,Any,13785,65.67
2024-25,D Pharmacy,CAP Round I,04660,"Gondia College Of Pharmacy, Chulod",Jalgaon,Unaided,GSC,State Level,Any,24669,51.33
2024-25,D Pharmacy,CAP Round I,04660,"Gondia College Of Pharmacy, Chulod",Jalgaon,Unaided,GST,State Level,Any,18471,59.33
2024-25,D Pharmacy,CAP Round I,04660,"Gondia College Of Pharmacy, Chulod",Jalgaon,Unaided,GNTB,State Level,Any,15482,63.33
2024-25,D Pharmacy,CAP Round I,04660,"Gondia College Of Pharmacy, Chulod",Jalgaon,Unaided,GOBC,State Level,Any,19268,58.33
2024-25,D Pharmacy,CAP Round I,04660,"Gondia College Of Pharmacy, Chulod",Jalgaon,Unaided,LOPEN,State Level,Ladies,5402,77.33
2024-25,D Pharmacy,CAP Round I,04660,"Gondia College Of Pharmacy, Chulod",Jalgaon,Unaided,LSC,State Level,Ladies,14613,64.67
2024-25,D Pharmacy,CAP Round I,04660,"Gondia College Of Pharmacy, Chulod",Jalgaon,Unaided,LST,State Level,Ladies,13877,65.67
2024-25,D Pharmacy,CAP Round I,04660,"Gondia College Of Pharmacy, Chulod",Jalgaon,Unaided,LOBC,State Level,Ladies,11861,68.33
2024-25,D Pharmacy,CAP Round I,04660,"Gondia College Of Pharmacy, Chulod",Jalgaon,Unaided,EWS,Special,Any,14074,65.33
2024-25,D Pharmacy,CAP Round I,04660,"Gondia College Of Pharmacy, Chulod",Jalgaon,Unaided,TFWS,Special,Any,21759,55.0
2024-25,D Pharmacy,CAP Round I,04664,"Maharashtra College of Pharmacy, At Khamari, Gondia",Gondia,Unaided,GOPEN,State Level,Any,15047,64.0
2024-25,D Pharmacy,CAP Round I,04664,"Maharashtra College of Pharmacy, At Khamari, Gondia",Gondia,Unaided,GSC,State Level,Any,24216,52.0
2024-25,D Pharmacy,CAP Round I,04664,"Maharashtra College of Pharmacy, At Khamari, Gondia",Gondia,Unaided,GST,State Level,Any,15656,63.33
2024-25,D Pharmacy,CAP Round I,04664,"Maharashtra College of Pharmacy, At Khamari, Gondia",Gondia,Unaided,GOBC,State Level,Any,18780,59.0
2024-25,D Pharmacy,CAP Round I,04664,"Maharashtra College of Pharmacy, At Khamari, Gondia",Gondia,Unaided,LOPEN,State Level,Ladies,9159,72.0
2024-25,D Pharmacy,CAP Round I,04664,"Maharashtra College of Pharmacy, At Khamari, Gondia",Gondia,Unaided,LSC,State Level,Ladies,21005,56.0
2024-25,D Pharmacy,CAP Round I,04664,"Maharashtra College of Pharmacy, At Khamari, Gondia",Gondia,Unaided,LOBC,State Level,Ladies,14717,64.33
2024-25,D Pharmacy,CAP Round I,04664,"Maharashtra College of Pharmacy, At Khamari, Gondia",Gondia,Unaided,EWS,Special,Any,20438,56.67
2024-25,D Pharmacy,CAP Round I,04664,"Maharashtra College of Pharmacy, At Khamari, Gondia",Gondia,Unaided,TFWS,Special,Any,9021,72.33
2024-25,D Pharmacy,CAP Round I,04665,"Adarsh Institute of Pharmacy, Nagpur",Nagpur,Unaided,GOPEN,State Level,Any,29073,45.67
2024-25,D Pharmacy,CAP Round I,04665,"Adarsh Institute of Pharmacy, Nagpur",Nagpur,Unaided,GSC,State Level,Any,36298,36.33
2024-25,D Pharmacy,CAP Round I,04665,"Adarsh Institute of Pharmacy, Nagpur",Nagpur,Unaided,GST,State Level,Any,34834,38.67
2024-25,D Pharmacy,CAP Round I,04665,"Adarsh Institute of Pharmacy, Nagpur",Nagpur,Unaided,GOBC,State Level,Any,33268,40.33
2024-25,D Pharmacy,CAP Round I,04665,"Adarsh Institute of Pharmacy, Nagpur",Nagpur,Unaided,LOPEN,State Level,Ladies,12051,68.0
2024-25,D Pharmacy,CAP Round I,04665,"Adarsh Institute of Pharmacy, Nagpur",Nagpur,Unaided,LSC,State Level,Ladies,34555,39.0
2024-25,D Pharmacy,CAP Round I,04665,"Adarsh Institute of Pharmacy, Nagpur",Nagpur,Unaided,LST,State Level,Ladies,27086,48.0
2024-25,D Pharmacy,CAP Round I,04665,"Adarsh Institute of Pharmacy, Nagpur",Nagpur,Unaided,LOBC,State Level,Ladies,27244,48.0
2024-25,D Pharmacy,CAP Round I,04665,"Adarsh Institute of Pharmacy, Nagpur",Nagpur,Unaided,EWS,Special,Any,23284,53.0
2024-25,D Pharmacy,CAP Round I,04665,"Adarsh Institute of Pharmacy, Nagpur",Nagpur,Unaided,TFWS,Special,Any,32972,41.0
2024-25,D Pharmacy,CAP Round I,04666,"G.H. Raisoni Institute of Life Sciences, Nagpur",Nagpur,Unaided,GOPEN,State Level,Any,26156,49.33
2024-25,D Pharmacy,CAP Round I,04666,"G.H. Raisoni Institute of Life Sciences, Nagpur",Nagpur,Unaided,LOPEN,State Level,Ladies,20435,56.67
2024-25,D Pharmacy,CAP Round I,04666,"G.H. Raisoni Institute of Life Sciences, Nagpur",Nagpur,Unaided,MI,Special,Any,36290,36.33
2024-25,D Pharmacy,CAP Round I,04666,"G.H. Raisoni Institute of Life Sciences, Nagpur",Nagpur,Unaided,TFWS,Special,Any,19253,58.33
2024-25,D Pharmacy,CAP Round I,04667,"Shri M.S. Kowase College of Pharmacy, Murkhala",Ratnagiri,Unaided,GOPEN,State Level,Any,16992,61.33
2024-25,D Pharmacy,CAP Round I,04667,"Shri M.S. Kowase College of Pharmacy, Murkhala",Ratnagiri,Unaided,GST,State Level,Any,33151,40.67
2024-25,D Pharmacy,CAP Round I,04667,"Shri M.S. Kowase College of Pharmacy, Murkhala",Ratnagiri,Unaided,GNTB,State Level,Any,34418,39.0
2024-25,D Pharmacy,CAP Round I,04667,"Shri M.S. Kowase College of Pharmacy, Murkhala",Ratnagiri,Unaided,GOBC,State Level,Any,28257,46.67
2024-25,D Pharmacy,CAP Round I,04667,"Shri M.S. Kowase College of Pharmacy, Murkhala",Ratnagiri,Unaided,LOPEN,State Level,Ladies,10140,70.67
2024-25,D Pharmacy,CAP Round I,04667,"Shri M.S. Kowase College of Pharmacy, Murkhala",Ratnagiri,Unaided,LSC,State Level,Ladies,23624,52.67
2024-25,D Pharmacy,CAP Round I,04667,"Shri M.S. Kowase College of Pharmacy, Murkhala",Ratnagiri,Unaided,LOBC,State Level,Ladies,24608,51.33
2024-25,D Pharmacy,CAP Round I,04667,"Shri M.S. Kowase College of Pharmacy, Murkhala",Ratnagiri,Unaided,PWDOPEN,State Level,Any,31368,43.0
2024-25,D Pharmacy,CAP Round I,04667,"Shri M.S. Kowase College of Pharmacy, Murkhala",Ratnagiri,Unaided,EWS,Special,Any,23576,52.67
2024-25,D Pharmacy,CAP Round I,04667,"Shri M.S. Kowase College of Pharmacy, Murkhala",Ratnagiri,Unaided,TFWS,Special,Any,18362,59.67
2024-25,D Pharmacy,CAP Round I,04668,"Sant Gajanan Maharaj College of Pharmacy, Chandrapur",Chandrapur,Unaided,GOPEN,State Level,Any,30268,44.33
2024-25,D Pharmacy,CAP Round I,04668,"Sant Gajanan Maharaj College of Pharmacy, Chandrapur",Chandrapur,Unaided,GSC,State Level,Any,33620,40.0
2024-25,D Pharmacy,CAP Round I,04668,"Sant Gajanan Maharaj College of Pharmacy, Chandrapur",Chandrapur,Unaided,GOBC,State Level,Any,35129,38.33
2024-25,D Pharmacy,CAP Round I,04668,"Sant Gajanan Maharaj College of Pharmacy, Chandrapur",Chandrapur,Unaided,LOPEN,State Level,Ladies,17606,60.67
2024-25,D Pharmacy,CAP Round I,04668,"Sant Gajanan Maharaj College of Pharmacy, Chandrapur",Chandrapur,Unaided,LSC,State Level,Ladies,22646,54.0
2024-25,D Pharmacy,CAP Round I,04668,"Sant Gajanan Maharaj College of Pharmacy, Chandrapur",Chandrapur,Unaided,LST,State Level,Ladies,19589,58.0
2024-25,D Pharmacy,CAP Round I,04668,"Sant Gajanan Maharaj College of Pharmacy, Chandrapur",Chandrapur,Unaided,LOBC,State Level,Ladies,21088,56.0
2024-25,D Pharmacy,CAP Round I,04668,"Sant Gajanan Maharaj College of Pharmacy, Chandrapur",Chandrapur,Unaided,EWS,Special,Any,12548,67.33
2024-25,D Pharmacy,CAP Round I,04668,"Sant Gajanan Maharaj College of Pharmacy, Chandrapur",Chandrapur,Unaided,TFWS,Special,Any,36007,36.67
2024-25,D Pharmacy,CAP Round I,04669,"J.V.Institute of Pharmacy, Khamona",Yavatmal,Unaided,GOPEN,State Level,Any,19088,58.67
2024-25,D Pharmacy,CAP Round I,04669,"J.V.Institute of Pharmacy, Khamona",Yavatmal,Unaided,GSC,State Level,Any,34701,38.67
2024-25,D Pharmacy,CAP Round I,04669,"J.V.Institute of Pharmacy, Khamona",Yavatmal,Unaided,GST,State Level,Any,23640,52.67
2024-25,D Pharmacy,CAP Round I,04669,"J.V.Institute of Pharmacy, Khamona",Yavatmal,Unaided,GNTA,State Level,Any,19705,57.67
2024-25,D Pharmacy,CAP Round I,04669,"J.V.Institute of Pharmacy, Khamona",Yavatmal,Unaided,GNTB,State Level,Any,25087,50.67
2024-25,D Pharmacy,CAP Round I,04669,"J.V.Institute of Pharmacy, Khamona",Yavatmal,Unaided,GOBC,State Level,Any,36581,35.33
2024-25,D Pharmacy,CAP Round I,04669,"J.V.Institute of Pharmacy, Khamona",Yavatmal,Unaided,LOPEN,State Level,Ladies,8557,73.0
2024-25,D Pharmacy,CAP Round I,04669,"J.V.Institute of Pharmacy, Khamona",Yavatmal,Unaided,LSC,State Level,Ladies,32865,41.0
2024-25,D Pharmacy,CAP Round I,04669,"J.V.Institute of Pharmacy, Khamona",Yavatmal,Unaided,LST,State Level,Ladies,17568,60.67
2024-25,D Pharmacy,CAP Round I,04669,"J.V.Institute of Pharmacy, Khamona",Yavatmal,Unaided,LNTA,State Level,Ladies,8812,72.67
2024-25,D Pharmacy,CAP Round I,04669,"J.V.Institute of Pharmacy, Khamona",Yavatmal,Unaided,LOBC,State Level,Ladies,31203,43.0
2024-25,D Pharmacy,CAP Round I,04669,"J.V.Institute of Pharmacy, Khamona",Yavatmal,Unaided,EWS,Special,Any,24767,51.0
2024-25,D Pharmacy,CAP Round I,04669,"J.V.Institute of Pharmacy, Khamona",Yavatmal,Unaided,TFWS,Special,Any,17263,61.0
2024-25,D Pharmacy,CAP Round I,04671,"Swa.Harshwardhan Humane College of Pharmacy, Bhandara",Bhandara,Unaided,GOPEN,State Level,Any,25211,50.67
2024-25,D Pharmacy,CAP Round I,04671,"Swa.Harshwardhan Humane College of Pharmacy, Bhandara",Bhandara,Unaided,GSC,State Level,Any,32159,42.0
2024-25,D Pharmacy,CAP Round I,04671,"Swa.Harshwardhan Humane College of Pharmacy, Bhandara",Bhandara,Unaided,GOBC,State Level,Any,34858,38.67
2024-25,D Pharmacy,CAP Round I,04671,"Swa.Harshwardhan Humane College of Pharmacy, Bhandara",Bhandara,Unaided,LOPEN,State Level,Ladies,16458,62.0
2024-25,D Pharmacy,CAP Round I,04671,"Swa.Harshwardhan Humane College of Pharmacy, Bhandara",Bhandara,Unaided,LSC,State Level,Ladies,21108,56.0
2024-25,D Pharmacy,CAP Round I,04671,"Swa.Harshwardhan Humane College of Pharmacy, Bhandara",Bhandara,Unaided,LNTB,State Level,Ladies,24925,51.0
2024-25,D Pharmacy,CAP Round I,04671,"Swa.Harshwardhan Humane College of Pharmacy, Bhandara",Bhandara,Unaided,LOBC,State Level,Ladies,20342,57.0
2024-25,D Pharmacy,CAP Round I,04672,"Ashoka Institute of Pharmacy, Kosara, Chandrapur",Chandrapur,Unaided,GOPEN,State Level,Any,29111,45.67
2024-25,D Pharmacy,CAP Round I,04672,"Ashoka Institute of Pharmacy, Kosara, Chandrapur",Chandrapur,Unaided,GOBC,State Level,Any,36175,36.33
2024-25,D Pharmacy,CAP Round I,04672,"Ashoka Institute of Pharmacy, Kosara, Chandrapur",Chandrapur,Unaided,LOPEN,State Level,Ladies,27286,48.0
2024-25,D Pharmacy,CAP Round I,04672,"Ashoka Institute of Pharmacy, Kosara, Chandrapur",Chandrapur,Unaided,LST,State Level,Ladies,36559,35.33
2024-25,D Pharmacy,CAP Round I,04672,"Ashoka Institute of Pharmacy, Kosara, Chandrapur",Chandrapur,Unaided,LNTC,State Level,Ladies,27598,47.67
2024-25,D Pharmacy,CAP Round I,04672,"Ashoka Institute of Pharmacy, Kosara, Chandrapur",Chandrapur,Unaided,LOBC,State Level,Ladies,30102,44.33
2024-25,D Pharmacy,CAP Round I,04672,"Ashoka Institute of Pharmacy, Kosara, Chandrapur",Chandrapur,Unaided,TFWS,Special,Any,31058,43.33
2024-25,D Pharmacy,CAP Round I,04673,"Abha Gaikwad-Patil College of Pharmacy, Mohagaon, Nagpur",Nagpur,Unaided,GOPEN,State Level,Any,21763,55.0
2024-25,D Pharmacy,CAP Round I,04673,"Abha Gaikwad-Patil College of Pharmacy, Mohagaon, Nagpur",Nagpur,Unaided,GSC,State Level,Any,29031,45.67
2024-25,D Pharmacy,CAP Round I,04673,"Abha Gaikwad-Patil College of Pharmacy, Mohagaon, Nagpur",Nagpur,Unaided,GST,State Level,Any,35988,37.0
2024-25,D Pharmacy,CAP Round I,04673,"Abha Gaikwad-Patil College of Pharmacy, Mohagaon, Nagpur",Nagpur,Unaided,GNTA,State Level,Any,35200,38.0
2024-25,D Pharmacy,CAP Round I,04673,"Abha Gaikwad-Patil College of Pharmacy, Mohagaon, Nagpur",Nagpur,Unaided,GNTB,State Level,Any,31550,42.67
2024-25,D Pharmacy,CAP Round I,04673,"Abha Gaikwad-Patil College of Pharmacy, Mohagaon, Nagpur",Nagpur,Unaided,GNTC,State Level,Any,28089,47.0
2024-25,D Pharmacy,CAP Round I,04673,"Abha Gaikwad-Patil College of Pharmacy, Mohagaon, Nagpur",Nagpur,Unaided,GOBC,State Level,Any,25985,49.67
2024-25,D Pharmacy,CAP Round I,04673,"Abha Gaikwad-Patil College of Pharmacy, Mohagaon, Nagpur",Nagpur,Unaided,LOPEN,State Level,Ladies,10211,70.67
2024-25,D Pharmacy,CAP Round I,04673,"Abha Gaikwad-Patil College of Pharmacy, Mohagaon, Nagpur",Nagpur,Unaided,LSC,State Level,Ladies,13383,66.33
2024-25,D Pharmacy,CAP Round I,04673,"Abha Gaikwad-Patil College of Pharmacy, Mohagaon, Nagpur",Nagpur,Unaided,LST,State Level,Ladies,33651,40.0
2024-25,D Pharmacy,CAP Round I,04673,"Abha Gaikwad-Patil College of Pharmacy, Mohagaon, Nagpur",Nagpur,Unaided,LNTC,State Level,Ladies,23533,52.67
2024-25,D Pharmacy,CAP Round I,04673,"Abha Gaikwad-Patil College of Pharmacy, Mohagaon, Nagpur",Nagpur,Unaided,LOBC,State Level,Ladies,17627,60.67
2024-25,D Pharmacy,CAP Round I,04673,"Abha Gaikwad-Patil College of Pharmacy, Mohagaon, Nagpur",Nagpur,Unaided,EWS,Special,Any,35397,37.67
2024-25,D Pharmacy,CAP Round I,04673,"Abha Gaikwad-Patil College of Pharmacy, Mohagaon, Nagpur",Nagpur,Unaided,TFWS,Special,Any,31282,43.0
2024-25,D Pharmacy,CAP Round I,04674,"Shivam Institute of Pharmacy, Chatgaon",Nagpur,Unaided,GOPEN,State Level,Any,35604,37.67
2024-25,D Pharmacy,CAP Round I,04674,"Shivam Institute of Pharmacy, Chatgaon",Nagpur,Unaided,LOPEN,State Level,Ladies,26834,48.67
2024-25,D Pharmacy,CAP Round I,04674,"Shivam Institute of Pharmacy, Chatgaon",Nagpur,Unaided,LSC,State Level,Ladies,33823,39.67
2024-25,D Pharmacy,CAP Round I,04674,"Shivam Institute of Pharmacy, Chatgaon",Nagpur,Unaided,EWS,Special,Any,30145,44.33
2024-25,D Pharmacy,CAP Round I,04675,The Principal Tarini College of Pharmacy D. Pharm,Pharm,Unaided,GOPEN,State Level,Any,36217,36.33
2024-25,D Pharmacy,CAP Round I,04675,The Principal Tarini College of Pharmacy D. Pharm,Pharm,Unaided,LOPEN,State Level,Ladies,36541,35.67
2024-25,D Pharmacy,CAP Round I,04675,The Principal Tarini College of Pharmacy D. Pharm,Pharm,Unaided,EWS,Special,Any,32217,41.67
2024-25,D Pharmacy,CAP Round I,04676,"Sonekar College of Health Sciences,02, Bailwad, Bailwada, at Post Gumthi, Nagpur",Nagpur,Unaided,GOPEN,State Level,Any,36344,36.0
2024-25,D Pharmacy,CAP Round I,04676,"Sonekar College of Health Sciences,02, Bailwad, Bailwada, at Post Gumthi, Nagpur",Nagpur,Unaided,LOPEN,State Level,Ladies,28479,46.33
2024-25,D Pharmacy,CAP Round I,04676,"Sonekar College of Health Sciences,02, Bailwad, Bailwada, at Post Gumthi, Nagpur",Nagpur,Unaided,LOBC,State Level,Ladies,36619,35.33
2024-25,D Pharmacy,CAP Round I,04677,"Dnyandeep College of Pharmacy, Ramtek",Nagpur,Unaided,GOPEN,State Level,Any,28123,47.0
2024-25,D Pharmacy,CAP Round I,04677,"Dnyandeep College of Pharmacy, Ramtek",Nagpur,Unaided,GSC,State Level,Any,35075,38.33
2024-25,D Pharmacy,CAP Round I,04677,"Dnyandeep College of Pharmacy, Ramtek",Nagpur,Unaided,GNTB,State Level,Any,28404,46.67
2024-25,D Pharmacy,CAP Round I,04677,"Dnyandeep College of Pharmacy, Ramtek",Nagpur,Unaided,GNTC,State Level,Any,34646,38.67
2024-25,D Pharmacy,CAP Round I,04677,"Dnyandeep College of Pharmacy, Ramtek",Nagpur,Unaided,GOBC,State Level,Any,33484,40.33
2024-25,D Pharmacy,CAP Round I,04677,"Dnyandeep College of Pharmacy, Ramtek",Nagpur,Unaided,LOPEN,State Level,Ladies,13866,65.67
2024-25,D Pharmacy,CAP Round I,04677,"Dnyandeep College of Pharmacy, Ramtek",Nagpur,Unaided,LSC,State Level,Ladies,29674,45.0
2024-25,D Pharmacy,CAP Round I,04677,"Dnyandeep College of Pharmacy, Ramtek",Nagpur,Unaided,LOBC,State Level,Ladies,25925,49.67
2024-25,D Pharmacy,CAP Round I,04677,"Dnyandeep College of Pharmacy, Ramtek",Nagpur,Unaided,EWS,Special,Any,8140,73.33
2024-25,D Pharmacy,CAP Round I,04677,"Dnyandeep College of Pharmacy, Ramtek",Nagpur,Unaided,TFWS,Special,Any,32520,41.33
2024-25,D Pharmacy,CAP Round I,04680,"The Royal Gondwana College of Pharmacy,Â Nagpur",Â Nagpur,Unaided,GOPEN,State Level,Any,22748,54.0
2024-25,D Pharmacy,CAP Round I,04680,"The Royal Gondwana College of Pharmacy,Â Nagpur",Â Nagpur,Unaided,GSC,State Level,Any,31677,42.33
2024-25,D Pharmacy,CAP Round I,04680,"The Royal Gondwana College of Pharmacy,Â Nagpur",Â Nagpur,Unaided,GST,State Level,Any,32055,42.0
2024-25,D Pharmacy,CAP Round I,04680,"The Royal Gondwana College of Pharmacy,Â Nagpur",Â Nagpur,Unaided,GNTB,State Level,Any,35381,38.0
2024-25,D Pharmacy,CAP Round I,04680,"The Royal Gondwana College of Pharmacy,Â Nagpur",Â Nagpur,Unaided,GOBC,State Level,Any,31619,42.67
2024-25,D Pharmacy,CAP Round I,04680,"The Royal Gondwana College of Pharmacy,Â Nagpur",Â Nagpur,Unaided,LOPEN,State Level,Ladies,16428,62.0
2024-25,D Pharmacy,CAP Round I,04680,"The Royal Gondwana College of Pharmacy,Â Nagpur",Â Nagpur,Unaided,LSC,State Level,Ladies,28350,46.67
2024-25,D Pharmacy,CAP Round I,04680,"The Royal Gondwana College of Pharmacy,Â Nagpur",Â Nagpur,Unaided,LNTB,State Level,Ladies,34628,39.0
2024-25,D Pharmacy,CAP Round I,04680,"The Royal Gondwana College of Pharmacy,Â Nagpur",Â Nagpur,Unaided,LOBC,State Level,Ladies,25729,50.0
2024-25,D Pharmacy,CAP Round I,04680,"The Royal Gondwana College of Pharmacy,Â Nagpur",Â Nagpur,Unaided,EWS,Special,Any,33833,39.67
2024-25,D Pharmacy,CAP Round I,04680,"The Royal Gondwana College of Pharmacy,Â Nagpur",Â Nagpur,Unaided,LST,State Level,Ladies,33804,40.0
2024-25,D Pharmacy,CAP Round I,04681,Mata Mahakali College of Pharmacy,Pharmacy,Unaided,GOPEN,State Level,Any,16851,61.67
2024-25,D Pharmacy,CAP Round I,04681,Mata Mahakali College of Pharmacy,Pharmacy,Unaided,GSC,State Level,Any,36117,36.67
2024-25,D Pharmacy,CAP Round I,04681,Mata Mahakali College of Pharmacy,Pharmacy,Unaided,GNTA,State Level,Any,35063,38.33
2024-25,D Pharmacy,CAP Round I,04681,Mata Mahakali College of Pharmacy,Pharmacy,Unaided,GNTB,State Level,Any,18623,59.33
2024-25,D Pharmacy,CAP Round I,04681,Mata Mahakali College of Pharmacy,Pharmacy,Unaided,GNTC,State Level,Any,32235,41.67
2024-25,D Pharmacy,CAP Round I,04681,Mata Mahakali College of Pharmacy,Pharmacy,Unaided,GOBC,State Level,Any,35144,38.33
2024-25,D Pharmacy,CAP Round I,04681,Mata Mahakali College of Pharmacy,Pharmacy,Unaided,LOPEN,State Level,Ladies,26115,49.33
2024-25,D Pharmacy,CAP Round I,04681,Mata Mahakali College of Pharmacy,Pharmacy,Unaided,LSC,State Level,Ladies,33245,40.67
2024-25,D Pharmacy,CAP Round I,04681,Mata Mahakali College of Pharmacy,Pharmacy,Unaided,LOBC,State Level,Ladies,30725,43.67
2024-25,D Pharmacy,CAP Round I,04681,Mata Mahakali College of Pharmacy,Pharmacy,Unaided,PWDOPEN,State Level,Any,18571,59.33
2024-25,D Pharmacy,CAP Round I,04681,Mata Mahakali College of Pharmacy,Pharmacy,Unaided,EWS,Special,Any,36280,36.33
2024-25,D Pharmacy,CAP Round I,04681,Mata Mahakali College of Pharmacy,Pharmacy,Unaided,TFWS,Special,Any,31365,43.0
2024-25,D Pharmacy,CAP Round I,04682,St. Paul College of Pharmacy,Pharmacy,Unaided,GOPEN,State Level,Any,32870,41.0
2024-25,D Pharmacy,CAP Round I,04682,St. Paul College of Pharmacy,Pharmacy,Unaided,GSC,State Level,Any,35044,38.33
2024-25,D Pharmacy,CAP Round I,04682,St. Paul College of Pharmacy,Pharmacy,Unaided,GNTB,State Level,Any,33481,40.33
2024-25,D Pharmacy,CAP Round I,04682,St. Paul College of Pharmacy,Pharmacy,Unaided,GOBC,State Level,Any,36432,36.0
2024-25,D Pharmacy,CAP Round I,04682,St. Paul College of Pharmacy,Pharmacy,Unaided,LOPEN,State Level,Ladies,28776,46.0
2024-25,D Pharmacy,CAP Round I,04682,St. Paul College of Pharmacy,Pharmacy,Unaided,LST,State Level,Ladies,32868,41.0
2024-25,D Pharmacy,CAP Round I,04682,St. Paul College of Pharmacy,Pharmacy,Unaided,LOBC,State Level,Ladies,33962,39.67
2024-25,D Pharmacy,CAP Round I,04684,Rajashri Shahu Maharaj College of Pharmacy,Pharmacy,Unaided,GOPEN,State Level,Any,28548,46.33
2024-25,D Pharmacy,CAP Round I,04684,Rajashri Shahu Maharaj College of Pharmacy,Pharmacy,Unaided,GSC,State Level,Any,34327,39.33
2024-25,D Pharmacy,CAP Round I,04684,Rajashri Shahu Maharaj College of Pharmacy,Pharmacy,Unaided,LOPEN,State Level,Ladies,15338,63.67
2024-25,D Pharmacy,CAP Round I,04684,Rajashri Shahu Maharaj College of Pharmacy,Pharmacy,Unaided,LSC,State Level,Ladies,22986,53.67
2024-25,D Pharmacy,CAP Round I,04684,Rajashri Shahu Maharaj College of Pharmacy,Pharmacy,Unaided,LOBC,State Level,Ladies,25380,50.33
2024-25,D Pharmacy,CAP Round I,04685,Dr. K.R. College of Pharmacy & Research,Research,Unaided,GOPEN,State Level,Any,24279,51.67
2024-25,D Pharmacy,CAP Round I,04685,Dr. K.R. College of Pharmacy & Research,Research,Unaided,GSC,State Level,Any,30375,44.0
2024-25,D Pharmacy,CAP Round I,04685,Dr. K.R. College of Pharmacy & Research,Research,Unaided,GST,State Level,Any,34606,39.0
2024-25,D Pharmacy,CAP Round I,04685,Dr. K.R. College of Pharmacy & Research,Research,Unaided,GNTB,State Level,Any,35375,38.0
2024-25,D Pharmacy,CAP Round I,04685,Dr. K.R. College of Pharmacy & Research,Research,Unaided,GOBC,State Level,Any,32394,41.67
2024-25,D Pharmacy,CAP Round I,04685,Dr. K.R. College of Pharmacy & Research,Research,Unaided,LOPEN,State Level,Ladies,9000,72.33
2024-25,D Pharmacy,CAP Round I,04685,Dr. K.R. College of Pharmacy & Research,Research,Unaided,LSC,State Level,Ladies,26248,49.33
2024-25,D Pharmacy,CAP Round I,04685,Dr. K.R. College of Pharmacy & Research,Research,Unaided,LST,State Level,Ladies,13473,66.0
2024-25,D Pharmacy,CAP Round I,04685,Dr. K.R. College of Pharmacy & Research,Research,Unaided,LOBC,State Level,Ladies,12043,68.0
2024-25,D Pharmacy,CAP Round I,04685,Dr. K.R. College of Pharmacy & Research,Research,Unaided,EWS,Special,Any,2892,81.67
2024-25,D Pharmacy,CAP Round I,04686,Maheshwari Institute of Pharmacy D.Pharm,D.Pharm,Unaided,GOPEN,State Level,Any,24355,51.67
2024-25,D Pharmacy,CAP Round I,04686,Maheshwari Institute of Pharmacy D.Pharm,D.Pharm,Unaided,GSC,State Level,Any,35313,38.0
2024-25,D Pharmacy,CAP Round I,04686,Maheshwari Institute of Pharmacy D.Pharm,D.Pharm,Unaided,GOBC,State Level,Any,36661,35.33
2024-25,D Pharmacy,CAP Round I,04686,Maheshwari Institute of Pharmacy D.Pharm,D.Pharm,Unaided,LOPEN,State Level,Ladies,16836,61.67
2024-25,D Pharmacy,CAP Round I,04686,Maheshwari Institute of Pharmacy D.Pharm,D.Pharm,Unaided,LSC,State Level,Ladies,21518,55.33
2024-25,D Pharmacy,CAP Round I,04686,Maheshwari Institute of Pharmacy D.Pharm,D.Pharm,Unaided,LOBC,State Level,Ladies,24798,51.0
2024-25,D Pharmacy,CAP Round I,04686,Maheshwari Institute of Pharmacy D.Pharm,D.Pharm,Unaided,PWDOPEN,State Level,Any,29880,44.67
2024-25,D Pharmacy,CAP Round I,04686,Maheshwari Institute of Pharmacy D.Pharm,D.Pharm,Unaided,EWS,Special,Any,25427,50.33
2024-25,D Pharmacy,CAP Round I,04686,Maheshwari Institute of Pharmacy D.Pharm,D.Pharm,Unaided,TFWS,Special,Any,22049,54.67
2024-25,D Pharmacy,CAP Round I,04688,Manwatkar College of Pharmacy (D.Pharm),(D.Pharm),Unaided,GOPEN,State Level,Any,30433,44.0
2024-25,D Pharmacy,CAP Round I,04688,Manwatkar College of Pharmacy (D.Pharm),(D.Pharm),Unaided,GSC,State Level,Any,35708,37.33
2024-25,D Pharmacy,CAP Round I,04688,Manwatkar College of Pharmacy (D.Pharm),(D.Pharm),Unaided,GNTB,State Level,Any,33441,40.33
2024-25,D Pharmacy,CAP Round I,04688,Manwatkar College of Pharmacy (D.Pharm),(D.Pharm),Unaided,GOBC,State Level,Any,35486,37.67
2024-25,D Pharmacy,CAP Round I,04688,Manwatkar College of Pharmacy (D.Pharm),(D.Pharm),Unaided,LOPEN,State Level,Ladies,19090,58.67
2024-25,D Pharmacy,CAP Round I,04688,Manwatkar College of Pharmacy (D.Pharm),(D.Pharm),Unaided,LSC,State Level,Ladies,24748,51.33
2024-25,D Pharmacy,CAP Round I,04688,Manwatkar College of Pharmacy (D.Pharm),(D.Pharm),Unaided,LST,State Level,Ladies,19735,57.67
2024-25,D Pharmacy,CAP Round I,04688,Manwatkar College of Pharmacy (D.Pharm),(D.Pharm),Unaided,LOBC,State Level,Ladies,23716,52.67
2024-25,D Pharmacy,CAP Round I,04688,Manwatkar College of Pharmacy (D.Pharm),(D.Pharm),Unaided,LSEBC,State Level,Ladies,22682,54.0
2024-25,D Pharmacy,CAP Round I,04688,Manwatkar College of Pharmacy (D.Pharm),(D.Pharm),Unaided,EWS,Special,Any,31172,43.0
2024-25,D Pharmacy,CAP Round I,04688,Manwatkar College of Pharmacy (D.Pharm),(D.Pharm),Unaided,TFWS,Special,Any,32980,41.0
2024-25,D Pharmacy,CAP Round I,04689,Sai College of Pharmacy,Pharmacy,Unaided,GOPEN,State Level,Any,31880,42.33
2024-25,D Pharmacy,CAP Round I,04689,Sai College of Pharmacy,Pharmacy,Unaided,GSC,State Level,Any,36238,36.33
2024-25,D Pharmacy,CAP Round I,04689,Sai College of Pharmacy,Pharmacy,Unaided,GOBC,State Level,Any,35623,37.33
2024-25,D Pharmacy,CAP Round I,04689,Sai College of Pharmacy,Pharmacy,Unaided,LOPEN,State Level,Ladies,9074,72.33
2024-25,D Pharmacy,CAP Round I,04689,Sai College of Pharmacy,Pharmacy,Unaided,LSC,State Level,Ladies,26549,48.67
2024-25,D Pharmacy,CAP Round I,04689,Sai College of Pharmacy,Pharmacy,Unaided,LST,State Level,Ladies,27785,47.33
2024-25,D Pharmacy,CAP Round I,04689,Sai College of Pharmacy,Pharmacy,Unaided,LNTB,State Level,Ladies,16213,62.33
2024-25,D Pharmacy,CAP Round I,04689,Sai College of Pharmacy,Pharmacy,Unaided,LOBC,State Level,Ladies,21435,55.67
2024-25,D Pharmacy,CAP Round I,04690,Dr. Babasaheb Ambedkar College Brambhapuri (D.Pharm),(D.Pharm),Unaided,GOPEN,State Level,Any,32161,42.0
2024-25,D Pharmacy,CAP Round I,04690,Dr. Babasaheb Ambedkar College Brambhapuri (D.Pharm),(D.Pharm),Unaided,GSC,State Level,Any,36333,36.0
2024-25,D Pharmacy,CAP Round I,04690,Dr. Babasaheb Ambedkar College Brambhapuri (D.Pharm),(D.Pharm),Unaided,GST,State Level,Any,36434,36.0
2024-25,D Pharmacy,CAP Round I,04690,Dr. Babasaheb Ambedkar College Brambhapuri (D.Pharm),(D.Pharm),Unaided,GOBC,State Level,Any,36307,36.33
2024-25,D Pharmacy,CAP Round I,04690,Dr. Babasaheb Ambedkar College Brambhapuri (D.Pharm),(D.Pharm),Unaided,LOPEN,State Level,Ladies,19135,58.67
2024-25,D Pharmacy,CAP Round I,04690,Dr. Babasaheb Ambedkar College Brambhapuri (D.Pharm),(D.Pharm),Unaided,LSC,State Level,Ladies,25645,50.0
2024-25,D Pharmacy,CAP Round I,04690,Dr. Babasaheb Ambedkar College Brambhapuri (D.Pharm),(D.Pharm),Unaided,LOBC,State Level,Ladies,23847,52.33
2024-25,D Pharmacy,CAP Round I,04691,Somayya Diploma in Pharmacy,Pharmacy,Unaided,GOPEN,State Level,Any,17630,60.67
2024-25,D Pharmacy,CAP Round I,04691,Somayya Diploma in Pharmacy,Pharmacy,Unaided,GSC,State Level,Any,29636,45.0
2024-25,D Pharmacy,CAP Round I,04691,Somayya Diploma in Pharmacy,Pharmacy,Unaided,GST,State Level,Any,32175,42.0
2024-25,D Pharmacy,CAP Round I,04691,Somayya Diploma in Pharmacy,Pharmacy,Unaided,GNTB,State Level,Any,36228,36.33
2024-25,D Pharmacy,CAP Round I,04691,Somayya Diploma in Pharmacy,Pharmacy,Unaided,GOBC,State Level,Any,32777,41.0
2024-25,D Pharmacy,CAP Round I,04691,Somayya Diploma in Pharmacy,Pharmacy,Unaided,LOPEN,State Level,Ladies,10029,71.0
2024-25,D Pharmacy,CAP Round I,04691,Somayya Diploma in Pharmacy,Pharmacy,Unaided,LSC,State Level,Ladies,17755,60.33
2024-25,D Pharmacy,CAP Round I,04691,Somayya Diploma in Pharmacy,Pharmacy,Unaided,LST,State Level,Ladies,16484,62.0
2024-25,D Pharmacy,CAP Round I,04691,Somayya Diploma in Pharmacy,Pharmacy,Unaided,LNTC,State Level,Ladies,13896,65.67
2024-25,D Pharmacy,CAP Round I,04691,Somayya Diploma in Pharmacy,Pharmacy,Unaided,LOBC,State Level,Ladies,15944,62.67
2024-25,D Pharmacy,CAP Round I,04691,Somayya Diploma in Pharmacy,Pharmacy,Unaided,EWS,Special,Any,29913,44.67
2024-25,D Pharmacy,CAP Round I,04691,Somayya Diploma in Pharmacy,Pharmacy,Unaided,TFWS,Special,Any,26685,48.67
2024-25,D Pharmacy,CAP Round I,04692,"Shri. Gurudev Institute of Pharmaceutical Education & Research, Temni Road, Chulod, District Gondia",Gondia,Unaided,GOPEN,State Level,Any,15372,63.67
2024-25,D Pharmacy,CAP Round I,04692,"Shri. Gurudev Institute of Pharmaceutical Education & Research, Temni Road, Chulod, District Gondia",Gondia,Unaided,GSC,State Level,Any,34604,39.0
2024-25,D Pharmacy,CAP Round I,04692,"Shri. Gurudev Institute of Pharmaceutical Education & Research, Temni Road, Chulod, District Gondia",Gondia,Unaided,GOBC,State Level,Any,19586,58.0
2024-25,D Pharmacy,CAP Round I,04692,"Shri. Gurudev Institute of Pharmaceutical Education & Research, Temni Road, Chulod, District Gondia",Gondia,Unaided,LOPEN,State Level,Ladies,5033,78.0
2024-25,D Pharmacy,CAP Round I,04692,"Shri. Gurudev Institute of Pharmaceutical Education & Research, Temni Road, Chulod, District Gondia",Gondia,Unaided,LSC,State Level,Ladies,24727,51.33
2024-25,D Pharmacy,CAP Round I,04692,"Shri. Gurudev Institute of Pharmaceutical Education & Research, Temni Road, Chulod, District Gondia",Gondia,Unaided,LOBC,State Level,Ladies,12737,67.33
2024-25,D Pharmacy,CAP Round I,04692,"Shri. Gurudev Institute of Pharmaceutical Education & Research, Temni Road, Chulod, District Gondia",Gondia,Unaided,EWS,Special,Any,4434,79.0
2024-25,D Pharmacy,CAP Round I,04692,"Shri. Gurudev Institute of Pharmaceutical Education & Research, Temni Road, Chulod, District Gondia",Gondia,Unaided,TFWS,Special,Any,22377,54.33
2024-25,D Pharmacy,CAP Round I,04693,"K.C. Bajaj College of Pharmacy & Research, Jaripatka,Â Nagpur",Â Nagpur,Unaided,GOPEN,State Level,Any,27144,48.0
2024-25,D Pharmacy,CAP Round I,04693,"K.C. Bajaj College of Pharmacy & Research, Jaripatka,Â Nagpur",Â Nagpur,Unaided,LOPEN,State Level,Ladies,20260,57.0
2024-25,D Pharmacy,CAP Round I,04693,"K.C. Bajaj College of Pharmacy & Research, Jaripatka,Â Nagpur",Â Nagpur,Unaided,MI,Special,Any,32832,41.0
2024-25,D Pharmacy,CAP Round I,04693,"K.C. Bajaj College of Pharmacy & Research, Jaripatka,Â Nagpur",Â Nagpur,Unaided,TFWS,Special,Any,27618,47.67
2024-25,D Pharmacy,CAP Round I,04694,National College of Pharmacy,Pharmacy,Unaided,GOPEN,State Level,Any,33629,40.0
2024-25,D Pharmacy,CAP Round I,04694,National College of Pharmacy,Pharmacy,Unaided,GOBC,State Level,Any,36020,36.67
2024-25,D Pharmacy,CAP Round I,04694,National College of Pharmacy,Pharmacy,Unaided,LOPEN,State Level,Ladies,26451,49.0
2024-25,D Pharmacy,CAP Round I,04694,National College of Pharmacy,Pharmacy,Unaided,LSC,State Level,Ladies,35260,38.0
2024-25,D Pharmacy,CAP Round I,04694,National College of Pharmacy,Pharmacy,Unaided,LOBC,State Level,Ladies,34877,38.67
2024-25,D Pharmacy,CAP Round I,04695,Chandrapur College of Pharmacy,Pharmacy,Unaided,GOPEN,State Level,Any,21537,55.33
2024-25,D Pharmacy,CAP Round I,04695,Chandrapur College of Pharmacy,Pharmacy,Unaided,GSC,State Level,Any,31366,43.0
2024-25,D Pharmacy,CAP Round I,04695,Chandrapur College of Pharmacy,Pharmacy,Unaided,GST,State Level,Any,34419,39.0
2024-25,D Pharmacy,CAP Round I,04695,Chandrapur College of Pharmacy,Pharmacy,Unaided,GNTB,State Level,Any,26611,48.67
2024-25,D Pharmacy,CAP Round I,04695,Chandrapur College of Pharmacy,Pharmacy,Unaided,GNTC,State Level,Any,25676,50.0
2024-25,D Pharmacy,CAP Round I,04695,Chandrapur College of Pharmacy,Pharmacy,Unaided,GOBC,State Level,Any,36742,35.0
2024-25,D Pharmacy,CAP Round I,04695,Chandrapur College of Pharmacy,Pharmacy,Unaided,LOPEN,State Level,Ladies,18089,60.0
2024-25,D Pharmacy,CAP Round I,04695,Chandrapur College of Pharmacy,Pharmacy,Unaided,LSC,State Level,Ladies,19349,58.33
2024-25,D Pharmacy,CAP Round I,04695,Chandrapur College of Pharmacy,Pharmacy,Unaided,LOBC,State Level,Ladies,29157,45.33
2024-25,D Pharmacy,CAP Round I,04695,Chandrapur College of Pharmacy,Pharmacy,Unaided,PWDOPEN,State Level,Any,22671,54.0
2024-25,D Pharmacy,CAP Round I,04695,Chandrapur College of Pharmacy,Pharmacy,Unaided,EWS,Special,Any,24757,51.33
2024-25,D Pharmacy,CAP Round I,04697,Ramratan School of Pharmacy,Pharmacy,Unaided,GOPEN,State Level,Any,35877,37.0
2024-25,D Pharmacy,CAP Round I,04697,Ramratan School of Pharmacy,Pharmacy,Unaided,LOPEN,State Level,Ladies,31598,42.67
2024-25,D Pharmacy,CAP Round I,04697,Ramratan School of Pharmacy,Pharmacy,Unaided,LOBC,State Level,Ladies,35409,37.67
2024-25,D Pharmacy,CAP Round I,04698,Prabhat Institute of Pharmacy,Pharmacy,Unaided,GOPEN,State Level,Any,26103,49.33
2024-25,D Pharmacy,CAP Round I,04698,Prabhat Institute of Pharmacy,Pharmacy,Unaided,GSC,State Level,Any,36122,36.67
2024-25,D Pharmacy,CAP Round I,04698,Prabhat Institute of Pharmacy,Pharmacy,Unaided,GST,State Level,Any,35053,38.33
2024-25,D Pharmacy,CAP Round I,04698,Prabhat Institute of Pharmacy,Pharmacy,Unaided,GOBC,State Level,Any,34211,39.33
2024-25,D Pharmacy,CAP Round I,04698,Prabhat Institute of Pharmacy,Pharmacy,Unaided,LOPEN,State Level,Ladies,16526,62.0
2024-25,D Pharmacy,CAP Round I,04698,Prabhat Institute of Pharmacy,Pharmacy,Unaided,LSC,State Level,Ladies,24251,52.0
2024-25,D Pharmacy,CAP Round I,04698,Prabhat Institute of Pharmacy,Pharmacy,Unaided,LST,State Level,Ladies,19434,58.0
2024-25,D Pharmacy,CAP Round I,04698,Prabhat Institute of Pharmacy,Pharmacy,Unaided,LOBC,State Level,Ladies,23224,53.33
2024-25,D Pharmacy,CAP Round I,04698,Prabhat Institute of Pharmacy,Pharmacy,Unaided,EWS,Special,Any,36566,35.33
2024-25,D Pharmacy,CAP Round I,04750,Imperial College of Pharmacy,Pharmacy,Unaided,GOPEN,State Level,Any,27322,48.0
2024-25,D Pharmacy,CAP Round I,04750,Imperial College of Pharmacy,Pharmacy,Unaided,LOPEN,State Level,Ladies,978,86.67
2024-25,D Pharmacy,CAP Round I,04750,Imperial College of Pharmacy,Pharmacy,Unaided,LOBC,State Level,Ladies,23388,53.0
2024-25,D Pharmacy,CAP Round I,04750,Imperial College of Pharmacy,Pharmacy,Unaided,EWS,Special,Any,3354,81.0
2024-25,D Pharmacy,CAP Round I,04750,Imperial College of Pharmacy,Pharmacy,Unaided,TFWS,Special,Any,34168,39.33
2024-25,D Pharmacy,CAP Round I,04751,Tulaskar College of Pharmacy,Pharmacy,Unaided,GOPEN,State Level,Any,24952,51.0
2024-25,D Pharmacy,CAP Round I,04751,Tulaskar College of Pharmacy,Pharmacy,Unaided,GSC,State Level,Any,36415,36.0
2024-25,D Pharmacy,CAP Round I,04751,Tulaskar College of Pharmacy,Pharmacy,Unaided,GST,State Level,Any,36297,36.33
2024-25,D Pharmacy,CAP Round I,04751,Tulaskar College of Pharmacy,Pharmacy,Unaided,GNTB,State Level,Any,25993,49.67
2024-25,D Pharmacy,CAP Round I,04751,Tulaskar College of Pharmacy,Pharmacy,Unaided,GOBC,State Level,Any,31130,43.0
2024-25,D Pharmacy,CAP Round I,04751,Tulaskar College of Pharmacy,Pharmacy,Unaided,LOPEN,State Level,Ladies,13281,66.33
2024-25,D Pharmacy,CAP Round I,04751,Tulaskar College of Pharmacy,Pharmacy,Unaided,LSC,State Level,Ladies,23218,53.33
2024-25,D Pharmacy,CAP Round I,04751,Tulaskar College of Pharmacy,Pharmacy,Unaided,LST,State Level,Ladies,28586,46.33
2024-25,D Pharmacy,CAP Round I,04751,Tulaskar College of Pharmacy,Pharmacy,Unaided,LNTB,State Level,Ladies,15139,64.0
2024-25,D Pharmacy,CAP Round I,04751,Tulaskar College of Pharmacy,Pharmacy,Unaided,LNTC,State Level,Ladies,31268,43.0
2024-25,D Pharmacy,CAP Round I,04751,Tulaskar College of Pharmacy,Pharmacy,Unaided,LOBC,State Level,Ladies,20063,57.33
2024-25,D Pharmacy,CAP Round I,04751,Tulaskar College of Pharmacy,Pharmacy,Unaided,EWS,Special,Any,31612,42.67
2024-25,D Pharmacy,CAP Round I,04751,Tulaskar College of Pharmacy,Pharmacy,Unaided,TFWS,Special,Any,25254,50.33
2024-25,D Pharmacy,CAP Round I,04754,Vivekanand College of Pharmacy,Pharmacy,Unaided,GOPEN,State Level,Any,33581,40.0
2024-25,D Pharmacy,CAP Round I,04754,Vivekanand College of Pharmacy,Pharmacy,Unaided,LOPEN,State Level,Ladies,23913,52.33
2024-25,D Pharmacy,CAP Round I,04754,Vivekanand College of Pharmacy,Pharmacy,Unaided,LSC,State Level,Ladies,32288,41.67
2024-25,D Pharmacy,CAP Round I,05005,"NDMVP Samaj's College of Pharmacy, Nashik",Nashik,Unaided,GOPEN,State Level,Any,5035,78.0
2024-25,D Pharmacy,CAP Round I,05005,"NDMVP Samaj's College of Pharmacy, Nashik",Nashik,Unaided,GSC,State Level,Any,25103,50.67
2024-25,D Pharmacy,CAP Round I,05005,"NDMVP Samaj's College of Pharmacy, Nashik",Nashik,Unaided,GST,State Level,Any,6450,76.0
2024-25,D Pharmacy,CAP Round I,05005,"NDMVP Samaj's College of Pharmacy, Nashik",Nashik,Unaided,GNTA,State Level,Any,26641,48.67
2024-25,D Pharmacy,CAP Round I,05005,"NDMVP Samaj's College of Pharmacy, Nashik",Nashik,Unaided,GNTB,State Level,Any,13057,66.67
2024-25,D Pharmacy,CAP Round I,05005,"NDMVP Samaj's College of Pharmacy, Nashik",Nashik,Unaided,GNTD,State Level,Any,7268,74.67
2024-25,D Pharmacy,CAP Round I,05005,"NDMVP Samaj's College of Pharmacy, Nashik",Nashik,Unaided,GOBC,State Level,Any,8941,72.33
2024-25,D Pharmacy,CAP Round I,05005,"NDMVP Samaj's College of Pharmacy, Nashik",Nashik,Unaided,GSEBC,State Level,Any,20087,57.33
2024-25,D Pharmacy,CAP Round I,05005,"NDMVP Samaj's College of Pharmacy, Nashik",Nashik,Unaided,LOPEN,State Level,Ladies,2349,83.0
2024-25,D Pharmacy,CAP Round I,05005,"NDMVP Samaj's College of Pharmacy, Nashik",Nashik,Unaided,LSC,State Level,Ladies,28049,47.0
2024-25,D Pharmacy,CAP Round I,05005,"NDMVP Samaj's College of Pharmacy, Nashik",Nashik,Unaided,LST,State Level,Ladies,3603,80.33
2024-25,D Pharmacy,CAP Round I,05005,"NDMVP Samaj's College of Pharmacy, Nashik",Nashik,Unaided,LOBC,State Level,Ladies,4325,79.0
2024-25,D Pharmacy,CAP Round I,05005,"NDMVP Samaj's College of Pharmacy, Nashik",Nashik,Unaided,EWS,Special,Any,14855,64.33
2024-25,D Pharmacy,CAP Round I,05005,"NDMVP Samaj's College of Pharmacy, Nashik",Nashik,Unaided,TFWS,Special,Any,1069,86.33
2024-25,D Pharmacy,CAP Round I,05008,"Government Polytechnic, Jalgaon",Jalgaon,Government,GOPEN,State Level,Any,3904,80.0
2024-25,D Pharmacy,CAP Round I,05008,"Government Polytechnic, Jalgaon",Jalgaon,Government,GSC,State Level,Any,8010,73.67
2024-25,D Pharmacy,CAP Round I,05008,"Government Polytechnic, Jalgaon",Jalgaon,Government,GST,State Level,Any,5684,77.0
2024-25,D Pharmacy,CAP Round I,05008,"Government Polytechnic, Jalgaon",Jalgaon,Government,GNTA,State Level,Any,4929,78.33
2024-25,D Pharmacy,CAP Round I,05008,"Government Polytechnic, Jalgaon",Jalgaon,Government,GNTB,State Level,Any,15026,64.0
2024-25,D Pharmacy,CAP Round I,05008,"Government Polytechnic, Jalgaon",Jalgaon,Government,GNTC,State Level,Any,5884,76.67
2024-25,D Pharmacy,CAP Round I,05008,"Government Polytechnic, Jalgaon",Jalgaon,Government,GNTD,State Level,Any,4592,78.67
2024-25,D Pharmacy,CAP Round I,05008,"Government Polytechnic, Jalgaon",Jalgaon,Government,GOBC,State Level,Any,6624,75.67
2024-25,D Pharmacy,CAP Round I,05008,"Government Polytechnic, Jalgaon",Jalgaon,Government,GSEBC,State Level,Any,23131,53.33
2024-25,D Pharmacy,CAP Round I,05008,"Government Polytechnic, Jalgaon",Jalgaon,Government,LOPEN,State Level,Ladies,1813,84.0
2024-25,D Pharmacy,CAP Round I,05008,"Government Polytechnic, Jalgaon",Jalgaon,Government,LSC,State Level,Ladies,2829,82.0
2024-25,D Pharmacy,CAP Round I,05008,"Government Polytechnic, Jalgaon",Jalgaon,Government,LST,State Level,Ladies,4192,79.33
2024-25,D Pharmacy,CAP Round I,05008,"Government Polytechnic, Jalgaon",Jalgaon,Government,LNTC,State Level,Ladies,2801,82.0
2024-25,D Pharmacy,CAP Round I,05008,"Government Polytechnic, Jalgaon",Jalgaon,Government,LOBC,State Level,Ladies,2858,81.67
2024-25,D Pharmacy,CAP Round I,05008,"Government Polytechnic, Jalgaon",Jalgaon,Government,LSEBC,State Level,Ladies,10415,70.33
2024-25,D Pharmacy,CAP Round I,05008,"Government Polytechnic, Jalgaon",Jalgaon,Government,EWS,Special,Any,10464,70.33
2024-25,D Pharmacy,CAP Round I,05008,"Government Polytechnic, Jalgaon",Jalgaon,Government,TFWS,Special,Any,975,86.67
2024-25,D Pharmacy,CAP Round I,05012,"Pravara Rural Education Society's Pravara Rural College Of Pharmacy, Pravaranagar",Ahmednagar,Aided,GOPEN,State Level,Any,18191,59.67
2024-25,D Pharmacy,CAP Round I,05012,"Pravara Rural Education Society's Pravara Rural College Of Pharmacy, Pravaranagar",Ahmednagar,Aided,GSC,State Level,Any,32709,41.33
2024-25,D Pharmacy,CAP Round I,05012,"Pravara Rural Education Society's Pravara Rural College Of Pharmacy, Pravaranagar",Ahmednagar,Aided,GST,State Level,Any,33780,40.0
2024-25,D Pharmacy,CAP Round I,05012,"Pravara Rural Education Society's Pravara Rural College Of Pharmacy, Pravaranagar",Ahmednagar,Aided,GNTC,State Level,Any,18308,59.67
2024-25,D Pharmacy,CAP Round I,05012,"Pravara Rural Education Society's Pravara Rural College Of Pharmacy, Pravaranagar",Ahmednagar,Aided,GNTD,State Level,Any,23920,52.33
2024-25,D Pharmacy,CAP Round I,05012,"Pravara Rural Education Society's Pravara Rural College Of Pharmacy, Pravaranagar",Ahmednagar,Aided,GOBC,State Level,Any,36444,35.67
2024-25,D Pharmacy,CAP Round I,05012,"Pravara Rural Education Society's Pravara Rural College Of Pharmacy, Pravaranagar",Ahmednagar,Aided,LOPEN,State Level,Ladies,10121,70.67
2024-25,D Pharmacy,CAP Round I,05012,"Pravara Rural Education Society's Pravara Rural College Of Pharmacy, Pravaranagar",Ahmednagar,Aided,LSC,State Level,Ladies,26923,48.33
2024-25,D Pharmacy,CAP Round I,05012,"Pravara Rural Education Society's Pravara Rural College Of Pharmacy, Pravaranagar",Ahmednagar,Aided,LNTA,State Level,Ladies,11789,68.33
2024-25,D Pharmacy,CAP Round I,05012,"Pravara Rural Education Society's Pravara Rural College Of Pharmacy, Pravaranagar",Ahmednagar,Aided,LNTC,State Level,Ladies,15318,63.67
2024-25,D Pharmacy,CAP Round I,05012,"Pravara Rural Education Society's Pravara Rural College Of Pharmacy, Pravaranagar",Ahmednagar,Aided,LOBC,State Level,Ladies,24343,51.67
2024-25,D Pharmacy,CAP Round I,05012,"Pravara Rural Education Society's Pravara Rural College Of Pharmacy, Pravaranagar",Ahmednagar,Aided,LSEBC,State Level,Ladies,13631,66.0
2024-25,D Pharmacy,CAP Round I,05012,"Pravara Rural Education Society's Pravara Rural College Of Pharmacy, Pravaranagar",Ahmednagar,Aided,EWS,Special,Any,35679,37.33
2024-25,D Pharmacy,CAP Round I,05012,"Pravara Rural Education Society's Pravara Rural College Of Pharmacy, Pravaranagar",Ahmednagar,Aided,TFWS,Special,Any,6510,75.67
2024-25,D Pharmacy,CAP Round I,05013,"Mahatma Gandhi Taluka Shikshan Mandal's Sharadchandrika S. Patil Inst of Technology, Chopda",Jalgaon,Aided,GOPEN,State Level,Any,8236,73.33
2024-25,D Pharmacy,CAP Round I,05013,"Mahatma Gandhi Taluka Shikshan Mandal's Sharadchandrika S. Patil Inst of Technology, Chopda",Jalgaon,Aided,GST,State Level,Any,12924,67.0
2024-25,D Pharmacy,CAP Round I,05013,"Mahatma Gandhi Taluka Shikshan Mandal's Sharadchandrika S. Patil Inst of Technology, Chopda",Jalgaon,Aided,GNTA,State Level,Any,11122,69.33
2024-25,D Pharmacy,CAP Round I,05013,"Mahatma Gandhi Taluka Shikshan Mandal's Sharadchandrika S. Patil Inst of Technology, Chopda",Jalgaon,Aided,GNTC,State Level,Any,24914,51.0
2024-25,D Pharmacy,CAP Round I,05013,"Mahatma Gandhi Taluka Shikshan Mandal's Sharadchandrika S. Patil Inst of Technology, Chopda",Jalgaon,Aided,GOBC,State Level,Any,22136,54.67
2024-25,D Pharmacy,CAP Round I,05013,"Mahatma Gandhi Taluka Shikshan Mandal's Sharadchandrika S. Patil Inst of Technology, Chopda",Jalgaon,Aided,LOPEN,State Level,Ladies,7326,74.67
2024-25,D Pharmacy,CAP Round I,05013,"Mahatma Gandhi Taluka Shikshan Mandal's Sharadchandrika S. Patil Inst of Technology, Chopda",Jalgaon,Aided,LST,State Level,Ladies,10961,69.67
2024-25,D Pharmacy,CAP Round I,05013,"Mahatma Gandhi Taluka Shikshan Mandal's Sharadchandrika S. Patil Inst of Technology, Chopda",Jalgaon,Aided,LOBC,State Level,Ladies,12060,68.0
2024-25,D Pharmacy,CAP Round I,05013,"Mahatma Gandhi Taluka Shikshan Mandal's Sharadchandrika S. Patil Inst of Technology, Chopda",Jalgaon,Aided,EWS,Special,Any,13399,66.33
2024-25,D Pharmacy,CAP Round I,05013,"Mahatma Gandhi Taluka Shikshan Mandal's Sharadchandrika S. Patil Inst of Technology, Chopda",Jalgaon,Aided,TFWS,Special,Any,13625,66.0
2024-25,D Pharmacy,CAP Round I,05014,"Anjuman Imdadut Tulba's Institute Of Pharmacy, Malegaon(Nashik)",Nashik,Aided,GOPEN,State Level,Any,24344,51.67
2024-25,D Pharmacy,CAP Round I,05014,"Anjuman Imdadut Tulba's Institute Of Pharmacy, Malegaon(Nashik)",Nashik,Aided,LOPEN,State Level,Ladies,25801,49.67
2024-25,D Pharmacy,CAP Round I,05014,"Anjuman Imdadut Tulba's Institute Of Pharmacy, Malegaon(Nashik)",Nashik,Aided,MI,Special,Any,18150,59.67
2024-25,D Pharmacy,CAP Round I,05014,"Anjuman Imdadut Tulba's Institute Of Pharmacy, Malegaon(Nashik)",Nashik,Aided,TFWS,Special,Any,3163,81.33
2024-25,D Pharmacy,CAP Round I,05154,"Mahatma Gandhi Vidya Mandir's Pharmacy College, Panchavati, Nashik",Nashik,Unaided,GOPEN,State Level,Any,11496,69.0
2024-25,D Pharmacy,CAP Round I,05154,"Mahatma Gandhi Vidya Mandir's Pharmacy College, Panchavati, Nashik",Nashik,Unaided,GSC,State Level,Any,32362,41.67
2024-25,D Pharmacy,CAP Round I,05154,"Mahatma Gandhi Vidya Mandir's Pharmacy College, Panchavati, Nashik",Nashik,Unaided,GST,State Level,Any,15118,64.0
2024-25,D Pharmacy,CAP Round I,05154,"Mahatma Gandhi Vidya Mandir's Pharmacy College, Panchavati, Nashik",Nashik,Unaided,GNTD,State Level,Any,13910,65.67
2024-25,D Pharmacy,CAP Round I,05154,"Mahatma Gandhi Vidya Mandir's Pharmacy College, Panchavati, Nashik",Nashik,Unaided,GOBC,State Level,Any,29821,44.67
2024-25,D Pharmacy,CAP Round I,05154,"Mahatma Gandhi Vidya Mandir's Pharmacy College, Panchavati, Nashik",Nashik,Unaided,GSEBC,State Level,Any,29887,44.67
2024-25,D Pharmacy,CAP Round I,05154,"Mahatma Gandhi Vidya Mandir's Pharmacy College, Panchavati, Nashik",Nashik,Unaided,LOPEN,State Level,Ladies,2399,82.67
2024-25,D Pharmacy,CAP Round I,05154,"Mahatma Gandhi Vidya Mandir's Pharmacy College, Panchavati, Nashik",Nashik,Unaided,LSC,State Level,Ladies,26955,48.33
2024-25,D Pharmacy,CAP Round I,05154,"Mahatma Gandhi Vidya Mandir's Pharmacy College, Panchavati, Nashik",Nashik,Unaided,LST,State Level,Ladies,7212,74.67
2024-25,D Pharmacy,CAP Round I,05154,"Mahatma Gandhi Vidya Mandir's Pharmacy College, Panchavati, Nashik",Nashik,Unaided,LNTC,State Level,Ladies,34368,39.33
2024-25,D Pharmacy,CAP Round I,05154,"Mahatma Gandhi Vidya Mandir's Pharmacy College, Panchavati, Nashik",Nashik,Unaided,LOBC,State Level,Ladies,20827,56.33
2024-25,D Pharmacy,CAP Round I,05154,"Mahatma Gandhi Vidya Mandir's Pharmacy College, Panchavati, Nashik",Nashik,Unaided,TFWS,Special,Any,6368,76.0
2024-25,D Pharmacy,CAP Round I,05155,"Dhulia Charitable Society's Annasaheb Ramesh Ajmera College of Pharmacy, Nagaon",Ahmednagar,Unaided,GOPEN,State Level,Any,15336,63.67
2024-25,D Pharmacy,CAP Round I,05155,"Dhulia Charitable Society's Annasaheb Ramesh Ajmera College of Pharmacy, Nagaon",Ahmednagar,Unaided,GSC,State Level,Any,17555,60.67
2024-25,D Pharmacy,CAP Round I,05155,"Dhulia Charitable Society's Annasaheb Ramesh Ajmera College of Pharmacy, Nagaon",Ahmednagar,Unaided,GST,State Level,Any,26498,49.0
2024-25,D Pharmacy,CAP Round I,05155,"Dhulia Charitable Society's Annasaheb Ramesh Ajmera College of Pharmacy, Nagaon",Ahmednagar,Unaided,GOBC,State Level,Any,24561,51.33
2024-25,D Pharmacy,CAP Round I,05155,"Dhulia Charitable Society's Annasaheb Ramesh Ajmera College of Pharmacy, Nagaon",Ahmednagar,Unaided,LOPEN,State Level,Ladies,9157,72.0
2024-25,D Pharmacy,CAP Round I,05155,"Dhulia Charitable Society's Annasaheb Ramesh Ajmera College of Pharmacy, Nagaon",Ahmednagar,Unaided,LSC,State Level,Ladies,16374,62.33
2024-25,D Pharmacy,CAP Round I,05155,"Dhulia Charitable Society's Annasaheb Ramesh Ajmera College of Pharmacy, Nagaon",Ahmednagar,Unaided,LST,State Level,Ladies,12341,67.67
2024-25,D Pharmacy,CAP Round I,05155,"Dhulia Charitable Society's Annasaheb Ramesh Ajmera College of Pharmacy, Nagaon",Ahmednagar,Unaided,LNTB,State Level,Ladies,19885,57.67
2024-25,D Pharmacy,CAP Round I,05155,"Dhulia Charitable Society's Annasaheb Ramesh Ajmera College of Pharmacy, Nagaon",Ahmednagar,Unaided,LOBC,State Level,Ladies,16779,61.67
2024-25,D Pharmacy,CAP Round I,05155,"Dhulia Charitable Society's Annasaheb Ramesh Ajmera College of Pharmacy, Nagaon",Ahmednagar,Unaided,EWS,Special,Any,28255,46.67
2024-25,D Pharmacy,CAP Round I,05155,"Dhulia Charitable Society's Annasaheb Ramesh Ajmera College of Pharmacy, Nagaon",Ahmednagar,Unaided,TFWS,Special,Any,25257,50.33
2024-25,D Pharmacy,CAP Round I,05155,"Dhulia Charitable Society's Annasaheb Ramesh Ajmera College of Pharmacy, Nagaon",Ahmednagar,Unaided,ORPHAN,Special,Any,36418,36.0
2024-25,D Pharmacy,CAP Round I,05185,"Pravara Rural Education Society's Pravara Rural College of Pharmacy,Pravararanagar",Ahmednagar,Unaided,GOPEN,State Level,Any,23407,53.0
2024-25,D Pharmacy,CAP Round I,05185,"Pravara Rural Education Society's Pravara Rural College of Pharmacy,Pravararanagar",Ahmednagar,Unaided,GSC,State Level,Any,27083,48.0
2024-25,D Pharmacy,CAP Round I,05185,"Pravara Rural Education Society's Pravara Rural College of Pharmacy,Pravararanagar",Ahmednagar,Unaided,GNTC,State Level,Any,29639,45.0
2024-25,D Pharmacy,CAP Round I,05185,"Pravara Rural Education Society's Pravara Rural College of Pharmacy,Pravararanagar",Ahmednagar,Unaided,GOBC,State Level,Any,33759,40.0
2024-25,D Pharmacy,CAP Round I,05185,"Pravara Rural Education Society's Pravara Rural College of Pharmacy,Pravararanagar",Ahmednagar,Unaided,GSEBC,State Level,Any,25448,50.33
2024-25,D Pharmacy,CAP Round I,05185,"Pravara Rural Education Society's Pravara Rural College of Pharmacy,Pravararanagar",Ahmednagar,Unaided,LOPEN,State Level,Ladies,14704,64.33
2024-25,D Pharmacy,CAP Round I,05185,"Pravara Rural Education Society's Pravara Rural College of Pharmacy,Pravararanagar",Ahmednagar,Unaided,LSC,State Level,Ladies,27433,47.67
2024-25,D Pharmacy,CAP Round I,05185,"Pravara Rural Education Society's Pravara Rural College of Pharmacy,Pravararanagar",Ahmednagar,Unaided,LOBC,State Level,Ladies,19494,58.0
2024-25,D Pharmacy,CAP Round I,05185,"Pravara Rural Education Society's Pravara Rural College of Pharmacy,Pravararanagar",Ahmednagar,Unaided,DEFOPEN,State Level,Any,23699,52.67
2024-25,D Pharmacy,CAP Round I,05185,"Pravara Rural Education Society's Pravara Rural College of Pharmacy,Pravararanagar",Ahmednagar,Unaided,EWS,Special,Any,33006,40.67
2024-25,D Pharmacy,CAP Round I,05185,"Pravara Rural Education Society's Pravara Rural College of Pharmacy,Pravararanagar",Ahmednagar,Unaided,TFWS,Special,Any,14269,65.0
2024-25,D Pharmacy,CAP Round I,05186,"R. C. Patel Institute of Pharmaceutical Education and Research, Shirpur",Dhule,Unaided,GOPEN,State Level,Any,3407,80.67
2024-25,D Pharmacy,CAP Round I,05186,"R. C. Patel Institute of Pharmaceutical Education and Research, Shirpur",Dhule,Unaided,LOPEN,State Level,Ladies,2090,83.33
2024-25,D Pharmacy,CAP Round I,05186,"R. C. Patel Institute of Pharmaceutical Education and Research, Shirpur",Dhule,Unaided,MI,Special,Any,5750,77.0
2024-25,D Pharmacy,CAP Round I,05186,"R. C. Patel Institute of Pharmaceutical Education and Research, Shirpur",Dhule,Unaided,TFWS,Special,Any,2694,82.0
2024-25,D Pharmacy,CAP Round I,05187,"MGSM's Smt. Sharadchandrika Suresh Patil College of Pharmacy, Chopda",Jalgaon,Unaided,GOPEN,State Level,Any,4290,79.33
2024-25,D Pharmacy,CAP Round I,05187,"MGSM's Smt. Sharadchandrika Suresh Patil College of Pharmacy, Chopda",Jalgaon,Unaided,GSC,State Level,Any,15183,63.67
2024-25,D Pharmacy,CAP Round I,05187,"MGSM's Smt. Sharadchandrika Suresh Patil College of Pharmacy, Chopda",Jalgaon,Unaided,GST,State Level,Any,6410,76.0
2024-25,D Pharmacy,CAP Round I,05187,"MGSM's Smt. Sharadchandrika Suresh Patil College of Pharmacy, Chopda",Jalgaon,Unaided,GNTC,State Level,Any,6681,75.67
2024-25,D Pharmacy,CAP Round I,05187,"MGSM's Smt. Sharadchandrika Suresh Patil College of Pharmacy, Chopda",Jalgaon,Unaided,GOBC,State Level,Any,6847,75.33
2024-25,D Pharmacy,CAP Round I,05187,"MGSM's Smt. Sharadchandrika Suresh Patil College of Pharmacy, Chopda",Jalgaon,Unaided,LOPEN,State Level,Ladies,2780,82.0
2024-25,D Pharmacy,CAP Round I,05187,"MGSM's Smt. Sharadchandrika Suresh Patil College of Pharmacy, Chopda",Jalgaon,Unaided,LSC,State Level,Ladies,6587,75.67
2024-25,D Pharmacy,CAP Round I,05187,"MGSM's Smt. Sharadchandrika Suresh Patil College of Pharmacy, Chopda",Jalgaon,Unaided,LST,State Level,Ladies,3645,80.33
2024-25,D Pharmacy,CAP Round I,05187,"MGSM's Smt. Sharadchandrika Suresh Patil College of Pharmacy, Chopda",Jalgaon,Unaided,LNTB,State Level,Ladies,3283,81.0
2024-25,D Pharmacy,CAP Round I,05187,"MGSM's Smt. Sharadchandrika Suresh Patil College of Pharmacy, Chopda",Jalgaon,Unaided,LOBC,State Level,Ladies,3771,80.0
2024-25,D Pharmacy,CAP Round I,05187,"MGSM's Smt. Sharadchandrika Suresh Patil College of Pharmacy, Chopda",Jalgaon,Unaided,PWDOPEN,State Level,Any,14831,64.33
2024-25,D Pharmacy,CAP Round I,05187,"MGSM's Smt. Sharadchandrika Suresh Patil College of Pharmacy, Chopda",Jalgaon,Unaided,EWS,Special,Any,12602,67.33
2024-25,D Pharmacy,CAP Round I,05187,"MGSM's Smt. Sharadchandrika Suresh Patil College of Pharmacy, Chopda",Jalgaon,Unaided,TFWS,Special,Any,7203,74.67
2024-25,D Pharmacy,CAP Round I,05189,"P.S.G.V.P.M.'s College of Pharmacy, Shahada",Nandurbar,Unaided,GOPEN,State Level,Any,8887,72.33
2024-25,D Pharmacy,CAP Round I,05189,"P.S.G.V.P.M.'s College of Pharmacy, Shahada",Nandurbar,Unaided,LOPEN,State Level,Ladies,4797,78.33
2024-25,D Pharmacy,CAP Round I,05189,"P.S.G.V.P.M.'s College of Pharmacy, Shahada",Nandurbar,Unaided,MI,Special,Any,13288,66.33
2024-25,D Pharmacy,CAP Round I,05189,"P.S.G.V.P.M.'s College of Pharmacy, Shahada",Nandurbar,Unaided,TFWS,Special,Any,9028,72.33
2024-25,D Pharmacy,CAP Round I,05191,"Dr. Vithalrao Vikhe Patil Foundation's College of Pharmacy, Ahmednagar",Ahmednagar,Unaided,GOPEN,State Level,Any,29592,45.0
2024-25,D Pharmacy,CAP Round I,05191,"Dr. Vithalrao Vikhe Patil Foundation's College of Pharmacy, Ahmednagar",Ahmednagar,Unaided,GNTA,State Level,Any,33648,40.0
2024-25,D Pharmacy,CAP Round I,05191,"Dr. Vithalrao Vikhe Patil Foundation's College of Pharmacy, Ahmednagar",Ahmednagar,Unaided,GNTD,State Level,Any,32726,41.33
2024-25,D Pharmacy,CAP Round I,05191,"Dr. Vithalrao Vikhe Patil Foundation's College of Pharmacy, Ahmednagar",Ahmednagar,Unaided,GOBC,State Level,Any,36670,35.0
2024-25,D Pharmacy,CAP Round I,05191,"Dr. Vithalrao Vikhe Patil Foundation's College of Pharmacy, Ahmednagar",Ahmednagar,Unaided,LOPEN,State Level,Ladies,7762,74.0
2024-25,D Pharmacy,CAP Round I,05191,"Dr. Vithalrao Vikhe Patil Foundation's College of Pharmacy, Ahmednagar",Ahmednagar,Unaided,LSC,State Level,Ladies,33169,40.67
2024-25,D Pharmacy,CAP Round I,05191,"Dr. Vithalrao Vikhe Patil Foundation's College of Pharmacy, Ahmednagar",Ahmednagar,Unaided,LNTC,State Level,Ladies,17710,60.33
2024-25,D Pharmacy,CAP Round I,05191,"Dr. Vithalrao Vikhe Patil Foundation's College of Pharmacy, Ahmednagar",Ahmednagar,Unaided,LOBC,State Level,Ladies,23105,53.33
2024-25,D Pharmacy,CAP Round I,05191,"Dr. Vithalrao Vikhe Patil Foundation's College of Pharmacy, Ahmednagar",Ahmednagar,Unaided,LSEBC,State Level,Ladies,29158,45.33
2024-25,D Pharmacy,CAP Round I,05191,"Dr. Vithalrao Vikhe Patil Foundation's College of Pharmacy, Ahmednagar",Ahmednagar,Unaided,TFWS,Special,Any,23268,53.0
2024-25,D Pharmacy,CAP Round I,05192,"SNJB's Shriman Sureshdada Jain College of Pharmacy, Neminagar, Chandwad, Nashik",Nashik,Unaided,GOPEN,State Level,Any,35880,37.0
2024-25,D Pharmacy,CAP Round I,05192,"SNJB's Shriman Sureshdada Jain College of Pharmacy, Neminagar, Chandwad, Nashik",Nashik,Unaided,LOPEN,State Level,Ladies,10834,69.67
2024-25,D Pharmacy,CAP Round I,05192,"SNJB's Shriman Sureshdada Jain College of Pharmacy, Neminagar, Chandwad, Nashik",Nashik,Unaided,MI,Special,Any,16377,62.33
2024-25,D Pharmacy,CAP Round I,05192,"SNJB's Shriman Sureshdada Jain College of Pharmacy, Neminagar, Chandwad, Nashik",Nashik,Unaided,TFWS,Special,Any,3493,80.67
2024-25,D Pharmacy,CAP Round I,05193,Mula Education Society's College of Pharmacy.Sonai,Ahmednagar,Unaided,GOPEN,State Level,Any,16337,62.33
2024-25,D Pharmacy,CAP Round I,05193,Mula Education Society's College of Pharmacy.Sonai,Ahmednagar,Unaided,GSC,State Level,Any,27833,47.33
2024-25,D Pharmacy,CAP Round I,05193,Mula Education Society's College of Pharmacy.Sonai,Ahmednagar,Unaided,GNTA,State Level,Any,24087,52.0
2024-25,D Pharmacy,CAP Round I,05193,Mula Education Society's College of Pharmacy.Sonai,Ahmednagar,Unaided,GNTB,State Level,Any,17171,61.0
2024-25,D Pharmacy,CAP Round I,05193,Mula Education Society's College of Pharmacy.Sonai,Ahmednagar,Unaided,GNTC,State Level,Any,16534,62.0
2024-25,D Pharmacy,CAP Round I,05193,Mula Education Society's College of Pharmacy.Sonai,Ahmednagar,Unaided,GNTD,State Level,Any,31834,42.33
2024-25,D Pharmacy,CAP Round I,05193,Mula Education Society's College of Pharmacy.Sonai,Ahmednagar,Unaided,GOBC,State Level,Any,25414,50.33
2024-25,D Pharmacy,CAP Round I,05193,Mula Education Society's College of Pharmacy.Sonai,Ahmednagar,Unaided,GSEBC,State Level,Any,33140,40.67
2024-25,D Pharmacy,CAP Round I,05193,Mula Education Society's College of Pharmacy.Sonai,Ahmednagar,Unaided,LOPEN,State Level,Ladies,10115,70.67
2024-25,D Pharmacy,CAP Round I,05193,Mula Education Society's College of Pharmacy.Sonai,Ahmednagar,Unaided,LSC,State Level,Ladies,13666,66.0
2024-25,D Pharmacy,CAP Round I,05193,Mula Education Society's College of Pharmacy.Sonai,Ahmednagar,Unaided,LNTA,State Level,Ladies,19431,58.0
2024-25,D Pharmacy,CAP Round I,05193,Mula Education Society's College of Pharmacy.Sonai,Ahmednagar,Unaided,LNTC,State Level,Ladies,13802,65.67
2024-25,D Pharmacy,CAP Round I,05193,Mula Education Society's College of Pharmacy.Sonai,Ahmednagar,Unaided,LOBC,State Level,Ladies,13526,66.0
2024-25,D Pharmacy,CAP Round I,05193,Mula Education Society's College of Pharmacy.Sonai,Ahmednagar,Unaided,LSEBC,State Level,Ladies,14102,65.33
2024-25,D Pharmacy,CAP Round I,05193,Mula Education Society's College of Pharmacy.Sonai,Ahmednagar,Unaided,EWS,Special,Any,34704,38.67
2024-25,D Pharmacy,CAP Round I,05193,Mula Education Society's College of Pharmacy.Sonai,Ahmednagar,Unaided,TFWS,Special,Any,2907,81.67
2024-25,D Pharmacy,CAP Round I,05195,"Sanjivani Rural Education Society's Sanjivani College of Pharmaceutical & Research, Kopargaon",Ahmednagar,Unaided,GOPEN,State Level,Any,27546,47.67
2024-25,D Pharmacy,CAP Round I,05195,"Sanjivani Rural Education Society's Sanjivani College of Pharmaceutical & Research, Kopargaon",Ahmednagar,Unaided,GSC,State Level,Any,33491,40.33
2024-25,D Pharmacy,CAP Round I,05195,"Sanjivani Rural Education Society's Sanjivani College of Pharmaceutical & Research, Kopargaon",Ahmednagar,Unaided,GNTB,State Level,Any,31290,43.0
2024-25,D Pharmacy,CAP Round I,05195,"Sanjivani Rural Education Society's Sanjivani College of Pharmaceutical & Research, Kopargaon",Ahmednagar,Unaided,GOBC,State Level,Any,31721,42.33
2024-25,D Pharmacy,CAP Round I,05195,"Sanjivani Rural Education Society's Sanjivani College of Pharmaceutical & Research, Kopargaon",Ahmednagar,Unaided,LOPEN,State Level,Ladies,17629,60.67
2024-25,D Pharmacy,CAP Round I,05195,"Sanjivani Rural Education Society's Sanjivani College of Pharmaceutical & Research, Kopargaon",Ahmednagar,Unaided,LSC,State Level,Ladies,28998,45.67
2024-25,D Pharmacy,CAP Round I,05195,"Sanjivani Rural Education Society's Sanjivani College of Pharmaceutical & Research, Kopargaon",Ahmednagar,Unaided,LOBC,State Level,Ladies,26147,49.33
2024-25,D Pharmacy,CAP Round I,05195,"Sanjivani Rural Education Society's Sanjivani College of Pharmaceutical & Research, Kopargaon",Ahmednagar,Unaided,DEFOPEN,State Level,Any,35813,37.0
2024-25,D Pharmacy,CAP Round I,05195,"Sanjivani Rural Education Society's Sanjivani College of Pharmaceutical & Research, Kopargaon",Ahmednagar,Unaided,EWS,Special,Any,30755,43.67
2024-25,D Pharmacy,CAP Round I,05195,"Sanjivani Rural Education Society's Sanjivani College of Pharmaceutical & Research, Kopargaon",Ahmednagar,Unaided,TFWS,Special,Any,11884,68.33
2024-25,D Pharmacy,CAP Round I,05197,"Jagdamba Education Soceity,S.N.D. College of Pharmacy Babhulgaon, Nashik",Nashik,Unaided,GOPEN,State Level,Any,36655,35.33
2024-25,D Pharmacy,CAP Round I,05197,"Jagdamba Education Soceity,S.N.D. College of Pharmacy Babhulgaon, Nashik",Nashik,Unaided,LOPEN,State Level,Ladies,11837,68.33
2024-25,D Pharmacy,CAP Round I,05197,"Jagdamba Education Soceity,S.N.D. College of Pharmacy Babhulgaon, Nashik",Nashik,Unaided,LSC,State Level,Ladies,35447,37.67
2024-25,D Pharmacy,CAP Round I,05197,"Jagdamba Education Soceity,S.N.D. College of Pharmacy Babhulgaon, Nashik",Nashik,Unaided,LST,State Level,Ladies,24678,51.33
2024-25,D Pharmacy,CAP Round I,05197,"Jagdamba Education Soceity,S.N.D. College of Pharmacy Babhulgaon, Nashik",Nashik,Unaided,LOBC,State Level,Ladies,20440,56.67
2024-25,D Pharmacy,CAP Round I,05203,"K.B.H.S.S. Trust's Institute of Pharmacy, Malegaon Camp, Malegaon, Nashik",Nashik,Unaided,GOPEN,State Level,Any,9528,71.67
2024-25,D Pharmacy,CAP Round I,05203,"K.B.H.S.S. Trust's Institute of Pharmacy, Malegaon Camp, Malegaon, Nashik",Nashik,Unaided,GSC,State Level,Any,14368,65.0
2024-25,D Pharmacy,CAP Round I,05203,"K.B.H.S.S. Trust's Institute of Pharmacy, Malegaon Camp, Malegaon, Nashik",Nashik,Unaided,GST,State Level,Any,10815,69.67
2024-25,D Pharmacy,CAP Round I,05203,"K.B.H.S.S. Trust's Institute of Pharmacy, Malegaon Camp, Malegaon, Nashik",Nashik,Unaided,GNTB,State Level,Any,13101,66.67
2024-25,D Pharmacy,CAP Round I,05203,"K.B.H.S.S. Trust's Institute of Pharmacy, Malegaon Camp, Malegaon, Nashik",Nashik,Unaided,GNTC,State Level,Any,9750,71.33
2024-25,D Pharmacy,CAP Round I,05203,"K.B.H.S.S. Trust's Institute of Pharmacy, Malegaon Camp, Malegaon, Nashik",Nashik,Unaided,GOBC,State Level,Any,19892,57.67
2024-25,D Pharmacy,CAP Round I,05203,"K.B.H.S.S. Trust's Institute of Pharmacy, Malegaon Camp, Malegaon, Nashik",Nashik,Unaided,LOPEN,State Level,Ladies,5804,76.67
2024-25,D Pharmacy,CAP Round I,05203,"K.B.H.S.S. Trust's Institute of Pharmacy, Malegaon Camp, Malegaon, Nashik",Nashik,Unaided,LSC,State Level,Ladies,9369,71.67
2024-25,D Pharmacy,CAP Round I,05203,"K.B.H.S.S. Trust's Institute of Pharmacy, Malegaon Camp, Malegaon, Nashik",Nashik,Unaided,LST,State Level,Ladies,6399,76.0
2024-25,D Pharmacy,CAP Round I,05203,"K.B.H.S.S. Trust's Institute of Pharmacy, Malegaon Camp, Malegaon, Nashik",Nashik,Unaided,LNTC,State Level,Ladies,7015,75.0
2024-25,D Pharmacy,CAP Round I,05203,"K.B.H.S.S. Trust's Institute of Pharmacy, Malegaon Camp, Malegaon, Nashik",Nashik,Unaided,LOBC,State Level,Ladies,8709,72.67
2024-25,D Pharmacy,CAP Round I,05203,"K.B.H.S.S. Trust's Institute of Pharmacy, Malegaon Camp, Malegaon, Nashik",Nashik,Unaided,EWS,Special,Any,25507,50.33
2024-25,D Pharmacy,CAP Round I,05203,"K.B.H.S.S. Trust's Institute of Pharmacy, Malegaon Camp, Malegaon, Nashik",Nashik,Unaided,TFWS,Special,Any,5185,77.67
2024-25,D Pharmacy,CAP Round I,05203,"K.B.H.S.S. Trust's Institute of Pharmacy, Malegaon Camp, Malegaon, Nashik",Nashik,Unaided,LNTB,State Level,Ladies,18610,59.33
2024-25,D Pharmacy,CAP Round I,05204,"Nagaon Education Society Gangamai College of Pharmacy, Nagaon,Dhule",Dhule,Unaided,GOPEN,State Level,Any,14822,64.33
2024-25,D Pharmacy,CAP Round I,05204,"Nagaon Education Society Gangamai College of Pharmacy, Nagaon,Dhule",Dhule,Unaided,GSC,State Level,Any,22202,54.67
2024-25,D Pharmacy,CAP Round I,05204,"Nagaon Education Society Gangamai College of Pharmacy, Nagaon,Dhule",Dhule,Unaided,GST,State Level,Any,19162,58.67
2024-25,D Pharmacy,CAP Round I,05204,"Nagaon Education Society Gangamai College of Pharmacy, Nagaon,Dhule",Dhule,Unaided,GNTB,State Level,Any,18886,59.0
2024-25,D Pharmacy,CAP Round I,05204,"Nagaon Education Society Gangamai College of Pharmacy, Nagaon,Dhule",Dhule,Unaided,GNTC,State Level,Any,15369,63.67
2024-25,D Pharmacy,CAP Round I,05204,"Nagaon Education Society Gangamai College of Pharmacy, Nagaon,Dhule",Dhule,Unaided,GOBC,State Level,Any,25123,50.67
2024-25,D Pharmacy,CAP Round I,05204,"Nagaon Education Society Gangamai College of Pharmacy, Nagaon,Dhule",Dhule,Unaided,LOPEN,State Level,Ladies,10941,69.67
2024-25,D Pharmacy,CAP Round I,05204,"Nagaon Education Society Gangamai College of Pharmacy, Nagaon,Dhule",Dhule,Unaided,LST,State Level,Ladies,18753,59.0
2024-25,D Pharmacy,CAP Round I,05204,"Nagaon Education Society Gangamai College of Pharmacy, Nagaon,Dhule",Dhule,Unaided,LOBC,State Level,Ladies,36531,35.67
2024-25,D Pharmacy,CAP Round I,05204,"Nagaon Education Society Gangamai College of Pharmacy, Nagaon,Dhule",Dhule,Unaided,EWS,Special,Any,22154,54.67
2024-25,D Pharmacy,CAP Round I,05204,"Nagaon Education Society Gangamai College of Pharmacy, Nagaon,Dhule",Dhule,Unaided,TFWS,Special,Any,7516,74.33
2024-25,D Pharmacy,CAP Round I,05205,"MGVM's Samajshri Prashantdada Hiray College of Pharmacy, Malegaon Camp, Malegaon",Nashik,Unaided,GOPEN,State Level,Any,8268,73.33
2024-25,D Pharmacy,CAP Round I,05205,"MGVM's Samajshri Prashantdada Hiray College of Pharmacy, Malegaon Camp, Malegaon",Nashik,Unaided,GST,State Level,Any,23003,53.67
2024-25,D Pharmacy,CAP Round I,05205,"MGVM's Samajshri Prashantdada Hiray College of Pharmacy, Malegaon Camp, Malegaon",Nashik,Unaided,GNTB,State Level,Any,10515,70.33
2024-25,D Pharmacy,CAP Round I,05205,"MGVM's Samajshri Prashantdada Hiray College of Pharmacy, Malegaon Camp, Malegaon",Nashik,Unaided,GNTC,State Level,Any,10273,70.67
2024-25,D Pharmacy,CAP Round I,05205,"MGVM's Samajshri Prashantdada Hiray College of Pharmacy, Malegaon Camp, Malegaon",Nashik,Unaided,GOBC,State Level,Any,11468,69.0
2024-25,D Pharmacy,CAP Round I,05205,"MGVM's Samajshri Prashantdada Hiray College of Pharmacy, Malegaon Camp, Malegaon",Nashik,Unaided,LOPEN,State Level,Ladies,5245,77.67
2024-25,D Pharmacy,CAP Round I,05205,"MGVM's Samajshri Prashantdada Hiray College of Pharmacy, Malegaon Camp, Malegaon",Nashik,Unaided,LSC,State Level,Ladies,16366,62.33
2024-25,D Pharmacy,CAP Round I,05205,"MGVM's Samajshri Prashantdada Hiray College of Pharmacy, Malegaon Camp, Malegaon",Nashik,Unaided,LST,State Level,Ladies,11326,69.0
2024-25,D Pharmacy,CAP Round I,05205,"MGVM's Samajshri Prashantdada Hiray College of Pharmacy, Malegaon Camp, Malegaon",Nashik,Unaided,LNTC,State Level,Ladies,5900,76.67
2024-25,D Pharmacy,CAP Round I,05205,"MGVM's Samajshri Prashantdada Hiray College of Pharmacy, Malegaon Camp, Malegaon",Nashik,Unaided,LOBC,State Level,Ladies,7261,74.67
2024-25,D Pharmacy,CAP Round I,05205,"MGVM's Samajshri Prashantdada Hiray College of Pharmacy, Malegaon Camp, Malegaon",Nashik,Unaided,EWS,Special,Any,35335,38.0
2024-25,D Pharmacy,CAP Round I,05205,"MGVM's Samajshri Prashantdada Hiray College of Pharmacy, Malegaon Camp, Malegaon",Nashik,Unaided,TFWS,Special,Any,9673,71.33
2024-25,D Pharmacy,CAP Round I,05205,"MGVM's Samajshri Prashantdada Hiray College of Pharmacy, Malegaon Camp, Malegaon",Nashik,Unaided,LNTB,State Level,Ladies,17854,60.33
2024-25,D Pharmacy,CAP Round I,05206,"Kisan Vidya Prasarak Sanstha's Institute of Pharmaceutical Education, Boradi, Shirpur, Dhule",Dhule,Unaided,GOPEN,State Level,Any,8027,73.67
2024-25,D Pharmacy,CAP Round I,05206,"Kisan Vidya Prasarak Sanstha's Institute of Pharmaceutical Education, Boradi, Shirpur, Dhule",Dhule,Unaided,GSC,State Level,Any,18523,59.33
2024-25,D Pharmacy,CAP Round I,05206,"Kisan Vidya Prasarak Sanstha's Institute of Pharmaceutical Education, Boradi, Shirpur, Dhule",Dhule,Unaided,GST,State Level,Any,10506,70.33
2024-25,D Pharmacy,CAP Round I,05206,"Kisan Vidya Prasarak Sanstha's Institute of Pharmaceutical Education, Boradi, Shirpur, Dhule",Dhule,Unaided,GNTA,State Level,Any,36098,36.67
2024-25,D Pharmacy,CAP Round I,05206,"Kisan Vidya Prasarak Sanstha's Institute of Pharmaceutical Education, Boradi, Shirpur, Dhule",Dhule,Unaided,GNTB,State Level,Any,14607,64.67
2024-25,D Pharmacy,CAP Round I,05206,"Kisan Vidya Prasarak Sanstha's Institute of Pharmaceutical Education, Boradi, Shirpur, Dhule",Dhule,Unaided,GOBC,State Level,Any,34870,38.67
2024-25,D Pharmacy,CAP Round I,05206,"Kisan Vidya Prasarak Sanstha's Institute of Pharmaceutical Education, Boradi, Shirpur, Dhule",Dhule,Unaided,LOPEN,State Level,Ladies,6443,76.0
2024-25,D Pharmacy,CAP Round I,05206,"Kisan Vidya Prasarak Sanstha's Institute of Pharmaceutical Education, Boradi, Shirpur, Dhule",Dhule,Unaided,LSC,State Level,Ladies,10188,70.67
2024-25,D Pharmacy,CAP Round I,05206,"Kisan Vidya Prasarak Sanstha's Institute of Pharmaceutical Education, Boradi, Shirpur, Dhule",Dhule,Unaided,LST,State Level,Ladies,7675,74.0
2024-25,D Pharmacy,CAP Round I,05206,"Kisan Vidya Prasarak Sanstha's Institute of Pharmaceutical Education, Boradi, Shirpur, Dhule",Dhule,Unaided,LNTC,State Level,Ladies,8571,73.0
2024-25,D Pharmacy,CAP Round I,05206,"Kisan Vidya Prasarak Sanstha's Institute of Pharmaceutical Education, Boradi, Shirpur, Dhule",Dhule,Unaided,LOBC,State Level,Ladies,30751,43.67
2024-25,D Pharmacy,CAP Round I,05206,"Kisan Vidya Prasarak Sanstha's Institute of Pharmaceutical Education, Boradi, Shirpur, Dhule",Dhule,Unaided,DEFOPEN,State Level,Any,12580,67.33
2024-25,D Pharmacy,CAP Round I,05206,"Kisan Vidya Prasarak Sanstha's Institute of Pharmaceutical Education, Boradi, Shirpur, Dhule",Dhule,Unaided,EWS,Special,Any,13504,66.0
2024-25,D Pharmacy,CAP Round I,05206,"Kisan Vidya Prasarak Sanstha's Institute of Pharmaceutical Education, Boradi, Shirpur, Dhule",Dhule,Unaided,TFWS,Special,Any,13616,66.0
2024-25,D Pharmacy,CAP Round I,05207,"MET's, Institute of Pharmacy,Bhujbal Knowledge City, Metleague Colleges, Adgaon, Nashik",Nashik,Unaided,GOPEN,State Level,Any,17815,60.33
2024-25,D Pharmacy,CAP Round I,05207,"MET's, Institute of Pharmacy,Bhujbal Knowledge City, Metleague Colleges, Adgaon, Nashik",Nashik,Unaided,GSC,State Level,Any,33986,39.67
2024-25,D Pharmacy,CAP Round I,05207,"MET's, Institute of Pharmacy,Bhujbal Knowledge City, Metleague Colleges, Adgaon, Nashik",Nashik,Unaided,GST,State Level,Any,20828,56.33
2024-25,D Pharmacy,CAP Round I,05207,"MET's, Institute of Pharmacy,Bhujbal Knowledge City, Metleague Colleges, Adgaon, Nashik",Nashik,Unaided,GNTA,State Level,Any,28536,46.33
2024-25,D Pharmacy,CAP Round I,05207,"MET's, Institute of Pharmacy,Bhujbal Knowledge City, Metleague Colleges, Adgaon, Nashik",Nashik,Unaided,GNTD,State Level,Any,22140,54.67
2024-25,D Pharmacy,CAP Round I,05207,"MET's, Institute of Pharmacy,Bhujbal Knowledge City, Metleague Colleges, Adgaon, Nashik",Nashik,Unaided,GOBC,State Level,Any,29128,45.67
2024-25,D Pharmacy,CAP Round I,05207,"MET's, Institute of Pharmacy,Bhujbal Knowledge City, Metleague Colleges, Adgaon, Nashik",Nashik,Unaided,GSEBC,State Level,Any,26371,49.0
2024-25,D Pharmacy,CAP Round I,05207,"MET's, Institute of Pharmacy,Bhujbal Knowledge City, Metleague Colleges, Adgaon, Nashik",Nashik,Unaided,LOPEN,State Level,Ladies,5430,77.33
2024-25,D Pharmacy,CAP Round I,05207,"MET's, Institute of Pharmacy,Bhujbal Knowledge City, Metleague Colleges, Adgaon, Nashik",Nashik,Unaided,LSC,State Level,Ladies,26089,49.33
2024-25,D Pharmacy,CAP Round I,05207,"MET's, Institute of Pharmacy,Bhujbal Knowledge City, Metleague Colleges, Adgaon, Nashik",Nashik,Unaided,LST,State Level,Ladies,21213,55.67
2024-25,D Pharmacy,CAP Round I,05207,"MET's, Institute of Pharmacy,Bhujbal Knowledge City, Metleague Colleges, Adgaon, Nashik",Nashik,Unaided,LNTB,State Level,Ladies,32809,41.0
2024-25,D Pharmacy,CAP Round I,05207,"MET's, Institute of Pharmacy,Bhujbal Knowledge City, Metleague Colleges, Adgaon, Nashik",Nashik,Unaided,LOBC,State Level,Ladies,12693,67.33
2024-25,D Pharmacy,CAP Round I,05207,"MET's, Institute of Pharmacy,Bhujbal Knowledge City, Metleague Colleges, Adgaon, Nashik",Nashik,Unaided,EWS,Special,Any,29995,44.33
2024-25,D Pharmacy,CAP Round I,05207,"MET's, Institute of Pharmacy,Bhujbal Knowledge City, Metleague Colleges, Adgaon, Nashik",Nashik,Unaided,TFWS,Special,Any,14253,65.0
2024-25,D Pharmacy,CAP Round I,05208,"Royal College of Pharmacetical Education & Research, Sione, Khrud, Malegaon",Nashik,Unaided,GOPEN,State Level,Any,29260,45.33
2024-25,D Pharmacy,CAP Round I,05208,"Royal College of Pharmacetical Education & Research, Sione, Khrud, Malegaon",Nashik,Unaided,GNTA,State Level,Any,31918,42.0
2024-25,D Pharmacy,CAP Round I,05208,"Royal College of Pharmacetical Education & Research, Sione, Khrud, Malegaon",Nashik,Unaided,GNTB,State Level,Any,31349,43.0
2024-25,D Pharmacy,CAP Round I,05208,"Royal College of Pharmacetical Education & Research, Sione, Khrud, Malegaon",Nashik,Unaided,GOBC,State Level,Any,31027,43.33
2024-25,D Pharmacy,CAP Round I,05208,"Royal College of Pharmacetical Education & Research, Sione, Khrud, Malegaon",Nashik,Unaided,LOPEN,State Level,Ladies,30815,43.33
2024-25,D Pharmacy,CAP Round I,05208,"Royal College of Pharmacetical Education & Research, Sione, Khrud, Malegaon",Nashik,Unaided,LOBC,State Level,Ladies,31119,43.0
2024-25,D Pharmacy,CAP Round I,05208,"Royal College of Pharmacetical Education & Research, Sione, Khrud, Malegaon",Nashik,Unaided,PWDOPEN,State Level,Any,33946,39.67
2024-25,D Pharmacy,CAP Round I,05208,"Royal College of Pharmacetical Education & Research, Sione, Khrud, Malegaon",Nashik,Unaided,EWS,Special,Any,36678,35.0
2024-25,D Pharmacy,CAP Round I,05208,"Royal College of Pharmacetical Education & Research, Sione, Khrud, Malegaon",Nashik,Unaided,TFWS,Special,Any,11088,69.33
2024-25,D Pharmacy,CAP Round I,05208,"Royal College of Pharmacetical Education & Research, Sione, Khrud, Malegaon",Nashik,Unaided,LNTA,State Level,Ladies,36285,36.33
2024-25,D Pharmacy,CAP Round I,05209,"Kai Yashodabai Dagadu Saraf Charitable Trust's College of Pharmacy, Sakegaon",Jalgaon,Unaided,GOPEN,State Level,Any,10225,70.67
2024-25,D Pharmacy,CAP Round I,05209,"Kai Yashodabai Dagadu Saraf Charitable Trust's College of Pharmacy, Sakegaon",Jalgaon,Unaided,GSC,State Level,Any,35051,38.33
2024-25,D Pharmacy,CAP Round I,05209,"Kai Yashodabai Dagadu Saraf Charitable Trust's College of Pharmacy, Sakegaon",Jalgaon,Unaided,GNTA,State Level,Any,22686,54.0
2024-25,D Pharmacy,CAP Round I,05209,"Kai Yashodabai Dagadu Saraf Charitable Trust's College of Pharmacy, Sakegaon",Jalgaon,Unaided,GNTB,State Level,Any,17859,60.33
2024-25,D Pharmacy,CAP Round I,05209,"Kai Yashodabai Dagadu Saraf Charitable Trust's College of Pharmacy, Sakegaon",Jalgaon,Unaided,GNTC,State Level,Any,14901,64.33
2024-25,D Pharmacy,CAP Round I,05209,"Kai Yashodabai Dagadu Saraf Charitable Trust's College of Pharmacy, Sakegaon",Jalgaon,Unaided,GOBC,State Level,Any,16588,62.0
2024-25,D Pharmacy,CAP Round I,05209,"Kai Yashodabai Dagadu Saraf Charitable Trust's College of Pharmacy, Sakegaon",Jalgaon,Unaided,LOPEN,State Level,Ladies,7854,74.0
2024-25,D Pharmacy,CAP Round I,05209,"Kai Yashodabai Dagadu Saraf Charitable Trust's College of Pharmacy, Sakegaon",Jalgaon,Unaided,LSC,State Level,Ladies,30209,44.33
2024-25,D Pharmacy,CAP Round I,05209,"Kai Yashodabai Dagadu Saraf Charitable Trust's College of Pharmacy, Sakegaon",Jalgaon,Unaided,LST,State Level,Ladies,31195,43.0
2024-25,D Pharmacy,CAP Round I,05209,"Kai Yashodabai Dagadu Saraf Charitable Trust's College of Pharmacy, Sakegaon",Jalgaon,Unaided,LNTA,State Level,Ladies,36626,35.33
2024-25,D Pharmacy,CAP Round I,05209,"Kai Yashodabai Dagadu Saraf Charitable Trust's College of Pharmacy, Sakegaon",Jalgaon,Unaided,LOBC,State Level,Ladies,20112,57.33
2024-25,D Pharmacy,CAP Round I,05209,"Kai Yashodabai Dagadu Saraf Charitable Trust's College of Pharmacy, Sakegaon",Jalgaon,Unaided,EWS,Special,Any,12725,67.33
2024-25,D Pharmacy,CAP Round I,05209,"Kai Yashodabai Dagadu Saraf Charitable Trust's College of Pharmacy, Sakegaon",Jalgaon,Unaided,TFWS,Special,Any,7435,74.33
2024-25,D Pharmacy,CAP Round I,05210,"Kalyani Charitable Trust, Ravindra Gambhirrao Sapkal College of Pharmacy, Anjaneri Tal. Trimbakeshwar Dist. Nashik",Nashik,Unaided,GOPEN,State Level,Any,35008,38.33
2024-25,D Pharmacy,CAP Round I,05210,"Kalyani Charitable Trust, Ravindra Gambhirrao Sapkal College of Pharmacy, Anjaneri Tal. Trimbakeshwar Dist. Nashik",Nashik,Unaided,LOPEN,State Level,Ladies,33978,39.67
2024-25,D Pharmacy,CAP Round I,05210,"Kalyani Charitable Trust, Ravindra Gambhirrao Sapkal College of Pharmacy, Anjaneri Tal. Trimbakeshwar Dist. Nashik",Nashik,Unaided,LST,State Level,Ladies,36325,36.0
2024-25,D Pharmacy,CAP Round I,05264,"Adivasi Seva Samiti's Institute of Industrial & Pharmaceutical Technology, Nashik",Nashik,Unaided,GOPEN,State Level,Any,34626,39.0
2024-25,D Pharmacy,CAP Round I,05264,"Adivasi Seva Samiti's Institute of Industrial & Pharmaceutical Technology, Nashik",Nashik,Unaided,LOPEN,State Level,Ladies,23879,52.33
2024-25,D Pharmacy,CAP Round I,05264,"Adivasi Seva Samiti's Institute of Industrial & Pharmaceutical Technology, Nashik",Nashik,Unaided,LSC,State Level,Ladies,34702,38.67
2024-25,D Pharmacy,CAP Round I,05264,"Adivasi Seva Samiti's Institute of Industrial & Pharmaceutical Technology, Nashik",Nashik,Unaided,LST,State Level,Ladies,31001,43.33
2024-25,D Pharmacy,CAP Round I,05264,"Adivasi Seva Samiti's Institute of Industrial & Pharmaceutical Technology, Nashik",Nashik,Unaided,TFWS,Special,Any,1977,83.67
2024-25,D Pharmacy,CAP Round I,05265,"Dhule Charitable Society's Institute of Pharmacy, Dhule",Dhule,Unaided,GOPEN,State Level,Any,15362,63.67
2024-25,D Pharmacy,CAP Round I,05265,"Dhule Charitable Society's Institute of Pharmacy, Dhule",Dhule,Unaided,GSC,State Level,Any,36630,35.33
2024-25,D Pharmacy,CAP Round I,05265,"Dhule Charitable Society's Institute of Pharmacy, Dhule",Dhule,Unaided,GST,State Level,Any,17594,60.67
2024-25,D Pharmacy,CAP Round I,05265,"Dhule Charitable Society's Institute of Pharmacy, Dhule",Dhule,Unaided,GNTA,State Level,Any,26009,49.67
2024-25,D Pharmacy,CAP Round I,05265,"Dhule Charitable Society's Institute of Pharmacy, Dhule",Dhule,Unaided,GNTB,State Level,Any,18403,59.33
2024-25,D Pharmacy,CAP Round I,05265,"Dhule Charitable Society's Institute of Pharmacy, Dhule",Dhule,Unaided,GNTC,State Level,Any,18561,59.33
2024-25,D Pharmacy,CAP Round I,05265,"Dhule Charitable Society's Institute of Pharmacy, Dhule",Dhule,Unaided,GOBC,State Level,Any,28394,46.67
2024-25,D Pharmacy,CAP Round I,05265,"Dhule Charitable Society's Institute of Pharmacy, Dhule",Dhule,Unaided,LOPEN,State Level,Ladies,10753,70.0
2024-25,D Pharmacy,CAP Round I,05265,"Dhule Charitable Society's Institute of Pharmacy, Dhule",Dhule,Unaided,LSC,State Level,Ladies,13871,65.67
2024-25,D Pharmacy,CAP Round I,05265,"Dhule Charitable Society's Institute of Pharmacy, Dhule",Dhule,Unaided,LST,State Level,Ladies,10822,69.67
2024-25,D Pharmacy,CAP Round I,05265,"Dhule Charitable Society's Institute of Pharmacy, Dhule",Dhule,Unaided,LNTA,State Level,Ladies,13615,66.0
2024-25,D Pharmacy,CAP Round I,05265,"Dhule Charitable Society's Institute of Pharmacy, Dhule",Dhule,Unaided,LOBC,State Level,Ladies,12853,67.0
2024-25,D Pharmacy,CAP Round I,05265,"Dhule Charitable Society's Institute of Pharmacy, Dhule",Dhule,Unaided,EWS,Special,Any,36652,35.33
2024-25,D Pharmacy,CAP Round I,05265,"Dhule Charitable Society's Institute of Pharmacy, Dhule",Dhule,Unaided,TFWS,Special,Any,9721,71.33
2024-25,D Pharmacy,CAP Round I,05266,"Tapi Valley Education Society's Institute of Pharmacy,Faizpur",Jalgaon,Unaided,GOPEN,State Level,Any,6371,76.0
2024-25,D Pharmacy,CAP Round I,05266,"Tapi Valley Education Society's Institute of Pharmacy,Faizpur",Jalgaon,Unaided,GSC,State Level,Any,17323,61.0
2024-25,D Pharmacy,CAP Round I,05266,"Tapi Valley Education Society's Institute of Pharmacy,Faizpur",Jalgaon,Unaided,GST,State Level,Any,11174,69.33
2024-25,D Pharmacy,CAP Round I,05266,"Tapi Valley Education Society's Institute of Pharmacy,Faizpur",Jalgaon,Unaided,GNTA,State Level,Any,6744,75.33
2024-25,D Pharmacy,CAP Round I,05266,"Tapi Valley Education Society's Institute of Pharmacy,Faizpur",Jalgaon,Unaided,GNTB,State Level,Any,8406,73.0
2024-25,D Pharmacy,CAP Round I,05266,"Tapi Valley Education Society's Institute of Pharmacy,Faizpur",Jalgaon,Unaided,GNTC,State Level,Any,8948,72.33
2024-25,D Pharmacy,CAP Round I,05266,"Tapi Valley Education Society's Institute of Pharmacy,Faizpur",Jalgaon,Unaided,GOBC,State Level,Any,7922,73.67
2024-25,D Pharmacy,CAP Round I,05266,"Tapi Valley Education Society's Institute of Pharmacy,Faizpur",Jalgaon,Unaided,LOPEN,State Level,Ladies,3412,80.67
2024-25,D Pharmacy,CAP Round I,05266,"Tapi Valley Education Society's Institute of Pharmacy,Faizpur",Jalgaon,Unaided,LSC,State Level,Ladies,6092,76.33
2024-25,D Pharmacy,CAP Round I,05266,"Tapi Valley Education Society's Institute of Pharmacy,Faizpur",Jalgaon,Unaided,LST,State Level,Ladies,8787,72.67
2024-25,D Pharmacy,CAP Round I,05266,"Tapi Valley Education Society's Institute of Pharmacy,Faizpur",Jalgaon,Unaided,LNTA,State Level,Ladies,6075,76.33
2024-25,D Pharmacy,CAP Round I,05266,"Tapi Valley Education Society's Institute of Pharmacy,Faizpur",Jalgaon,Unaided,LOBC,State Level,Ladies,5951,76.67
2024-25,D Pharmacy,CAP Round I,05266,"Tapi Valley Education Society's Institute of Pharmacy,Faizpur",Jalgaon,Unaided,EWS,Special,Any,25504,50.33
2024-25,D Pharmacy,CAP Round I,05266,"Tapi Valley Education Society's Institute of Pharmacy,Faizpur",Jalgaon,Unaided,TFWS,Special,Any,13410,66.33
2024-25,D Pharmacy,CAP Round I,05266,"Tapi Valley Education Society's Institute of Pharmacy,Faizpur",Jalgaon,Unaided,LNTC,State Level,Ladies,14570,64.67
2024-25,D Pharmacy,CAP Round I,05267,"Kisan Vidya Prasarak Sanstha's Maharani Ahilyabai Holkar College of Pharmacy, Shingave Shivar, Shirpur",Dhule,Unaided,GOPEN,State Level,Any,6599,75.67
2024-25,D Pharmacy,CAP Round I,05267,"Kisan Vidya Prasarak Sanstha's Maharani Ahilyabai Holkar College of Pharmacy, Shingave Shivar, Shirpur",Dhule,Unaided,GSC,State Level,Any,15114,64.0
2024-25,D Pharmacy,CAP Round I,05267,"Kisan Vidya Prasarak Sanstha's Maharani Ahilyabai Holkar College of Pharmacy, Shingave Shivar, Shirpur",Dhule,Unaided,GST,State Level,Any,8041,73.67
2024-25,D Pharmacy,CAP Round I,05267,"Kisan Vidya Prasarak Sanstha's Maharani Ahilyabai Holkar College of Pharmacy, Shingave Shivar, Shirpur",Dhule,Unaided,GNTA,State Level,Any,6778,75.33
2024-25,D Pharmacy,CAP Round I,05267,"Kisan Vidya Prasarak Sanstha's Maharani Ahilyabai Holkar College of Pharmacy, Shingave Shivar, Shirpur",Dhule,Unaided,GNTB,State Level,Any,7390,74.67
2024-25,D Pharmacy,CAP Round I,05267,"Kisan Vidya Prasarak Sanstha's Maharani Ahilyabai Holkar College of Pharmacy, Shingave Shivar, Shirpur",Dhule,Unaided,GNTC,State Level,Any,14294,65.0
2024-25,D Pharmacy,CAP Round I,05267,"Kisan Vidya Prasarak Sanstha's Maharani Ahilyabai Holkar College of Pharmacy, Shingave Shivar, Shirpur",Dhule,Unaided,GOBC,State Level,Any,10903,69.67
2024-25,D Pharmacy,CAP Round I,05267,"Kisan Vidya Prasarak Sanstha's Maharani Ahilyabai Holkar College of Pharmacy, Shingave Shivar, Shirpur",Dhule,Unaided,LOPEN,State Level,Ladies,5916,76.67
2024-25,D Pharmacy,CAP Round I,05267,"Kisan Vidya Prasarak Sanstha's Maharani Ahilyabai Holkar College of Pharmacy, Shingave Shivar, Shirpur",Dhule,Unaided,LSC,State Level,Ladies,7260,74.67
2024-25,D Pharmacy,CAP Round I,05267,"Kisan Vidya Prasarak Sanstha's Maharani Ahilyabai Holkar College of Pharmacy, Shingave Shivar, Shirpur",Dhule,Unaided,LST,State Level,Ladies,6366,76.0
2024-25,D Pharmacy,CAP Round I,05267,"Kisan Vidya Prasarak Sanstha's Maharani Ahilyabai Holkar College of Pharmacy, Shingave Shivar, Shirpur",Dhule,Unaided,LNTB,State Level,Ladies,10909,69.67
2024-25,D Pharmacy,CAP Round I,05267,"Kisan Vidya Prasarak Sanstha's Maharani Ahilyabai Holkar College of Pharmacy, Shingave Shivar, Shirpur",Dhule,Unaided,LOBC,State Level,Ladies,8399,73.0
2024-25,D Pharmacy,CAP Round I,05267,"Kisan Vidya Prasarak Sanstha's Maharani Ahilyabai Holkar College of Pharmacy, Shingave Shivar, Shirpur",Dhule,Unaided,EWS,Special,Any,16559,62.0
2024-25,D Pharmacy,CAP Round I,05267,"Kisan Vidya Prasarak Sanstha's Maharani Ahilyabai Holkar College of Pharmacy, Shingave Shivar, Shirpur",Dhule,Unaided,TFWS,Special,Any,12266,67.67
2024-25,D Pharmacy,CAP Round I,05268,"Shree Neminath Jain Brahmacharyashram Jain Gurukul's Shri.Deepchand Fakirchand Lodha Pharmacy Institute, Chandwad",Chhatrapati Sambhajinagar,Unaided,GOPEN,State Level,Any,34873,38.67
2024-25,D Pharmacy,CAP Round I,05268,"Shree Neminath Jain Brahmacharyashram Jain Gurukul's Shri.Deepchand Fakirchand Lodha Pharmacy Institute, Chandwad",Chhatrapati Sambhajinagar,Unaided,LOPEN,State Level,Ladies,29584,45.0
2024-25,D Pharmacy,CAP Round I,05268,"Shree Neminath Jain Brahmacharyashram Jain Gurukul's Shri.Deepchand Fakirchand Lodha Pharmacy Institute, Chandwad",Chhatrapati Sambhajinagar,Unaided,MI,Special,Any,34454,39.0
2024-25,D Pharmacy,CAP Round I,05268,"Shree Neminath Jain Brahmacharyashram Jain Gurukul's Shri.Deepchand Fakirchand Lodha Pharmacy Institute, Chandwad",Chhatrapati Sambhajinagar,Unaided,TFWS,Special,Any,9195,72.0
2024-25,D Pharmacy,CAP Round I,05270,"Shri.Tilok Jain Dnyan Prasarak Mandal's Anand Colleges of Pharmacy, Pathardi, Ahmednagar",Ahmednagar,Unaided,GOPEN,State Level,Any,11950,68.33
2024-25,D Pharmacy,CAP Round I,05270,"Shri.Tilok Jain Dnyan Prasarak Mandal's Anand Colleges of Pharmacy, Pathardi, Ahmednagar",Ahmednagar,Unaided,LOPEN,State Level,Ladies,4802,78.33
2024-25,D Pharmacy,CAP Round I,05270,"Shri.Tilok Jain Dnyan Prasarak Mandal's Anand Colleges of Pharmacy, Pathardi, Ahmednagar",Ahmednagar,Unaided,MI,Special,Any,5886,76.67
2024-25,D Pharmacy,CAP Round I,05270,"Shri.Tilok Jain Dnyan Prasarak Mandal's Anand Colleges of Pharmacy, Pathardi, Ahmednagar",Ahmednagar,Unaided,TFWS,Special,Any,13934,65.67
2024-25,D Pharmacy,CAP Round I,05272,"Nandurbar Taluka Vidhayak Sanstha's Institute of Pharmacy,Nandurbar",Nandurbar,Unaided,GOPEN,State Level,Any,4471,79.0
2024-25,D Pharmacy,CAP Round I,05272,"Nandurbar Taluka Vidhayak Sanstha's Institute of Pharmacy,Nandurbar",Nandurbar,Unaided,LOPEN,State Level,Ladies,2866,81.67
2024-25,D Pharmacy,CAP Round I,05272,"Nandurbar Taluka Vidhayak Sanstha's Institute of Pharmacy,Nandurbar",Nandurbar,Unaided,MI,Special,Any,13880,65.67
2024-25,D Pharmacy,CAP Round I,05272,"Nandurbar Taluka Vidhayak Sanstha's Institute of Pharmacy,Nandurbar",Nandurbar,Unaided,TFWS,Special,Any,9379,71.67
2024-25,D Pharmacy,CAP Round I,05273,"Late Shree Yashwantrao Chavan MMRDF Yashwantrao Chavan College of Pharmacy, Ahmednagar",Ahmednagar,Unaided,GOPEN,State Level,Any,14352,65.0
2024-25,D Pharmacy,CAP Round I,05273,"Late Shree Yashwantrao Chavan MMRDF Yashwantrao Chavan College of Pharmacy, Ahmednagar",Ahmednagar,Unaided,GSC,State Level,Any,31227,43.0
2024-25,D Pharmacy,CAP Round I,05273,"Late Shree Yashwantrao Chavan MMRDF Yashwantrao Chavan College of Pharmacy, Ahmednagar",Ahmednagar,Unaided,GST,State Level,Any,29400,45.33
2024-25,D Pharmacy,CAP Round I,05273,"Late Shree Yashwantrao Chavan MMRDF Yashwantrao Chavan College of Pharmacy, Ahmednagar",Ahmednagar,Unaided,GNTA,State Level,Any,25466,50.33
2024-25,D Pharmacy,CAP Round I,05273,"Late Shree Yashwantrao Chavan MMRDF Yashwantrao Chavan College of Pharmacy, Ahmednagar",Ahmednagar,Unaided,GNTC,State Level,Any,21631,55.33
2024-25,D Pharmacy,CAP Round I,05273,"Late Shree Yashwantrao Chavan MMRDF Yashwantrao Chavan College of Pharmacy, Ahmednagar",Ahmednagar,Unaided,GNTD,State Level,Any,16342,62.33
2024-25,D Pharmacy,CAP Round I,05273,"Late Shree Yashwantrao Chavan MMRDF Yashwantrao Chavan College of Pharmacy, Ahmednagar",Ahmednagar,Unaided,GOBC,State Level,Any,25352,50.33
2024-25,D Pharmacy,CAP Round I,05273,"Late Shree Yashwantrao Chavan MMRDF Yashwantrao Chavan College of Pharmacy, Ahmednagar",Ahmednagar,Unaided,GSEBC,State Level,Any,36051,36.67
2024-25,D Pharmacy,CAP Round I,05273,"Late Shree Yashwantrao Chavan MMRDF Yashwantrao Chavan College of Pharmacy, Ahmednagar",Ahmednagar,Unaided,LOPEN,State Level,Ladies,7766,74.0
2024-25,D Pharmacy,CAP Round I,05273,"Late Shree Yashwantrao Chavan MMRDF Yashwantrao Chavan College of Pharmacy, Ahmednagar",Ahmednagar,Unaided,LSC,State Level,Ladies,16033,62.67
2024-25,D Pharmacy,CAP Round I,05273,"Late Shree Yashwantrao Chavan MMRDF Yashwantrao Chavan College of Pharmacy, Ahmednagar",Ahmednagar,Unaided,LST,State Level,Ladies,25034,50.67
2024-25,D Pharmacy,CAP Round I,05273,"Late Shree Yashwantrao Chavan MMRDF Yashwantrao Chavan College of Pharmacy, Ahmednagar",Ahmednagar,Unaided,LNTA,State Level,Ladies,16967,61.33
2024-25,D Pharmacy,CAP Round I,05273,"Late Shree Yashwantrao Chavan MMRDF Yashwantrao Chavan College of Pharmacy, Ahmednagar",Ahmednagar,Unaided,LNTC,State Level,Ladies,10647,70.0
2024-25,D Pharmacy,CAP Round I,05273,"Late Shree Yashwantrao Chavan MMRDF Yashwantrao Chavan College of Pharmacy, Ahmednagar",Ahmednagar,Unaided,LOBC,State Level,Ladies,22908,53.67
2024-25,D Pharmacy,CAP Round I,05273,"Late Shree Yashwantrao Chavan MMRDF Yashwantrao Chavan College of Pharmacy, Ahmednagar",Ahmednagar,Unaided,LSEBC,State Level,Ladies,36535,35.67
2024-25,D Pharmacy,CAP Round I,05273,"Late Shree Yashwantrao Chavan MMRDF Yashwantrao Chavan College of Pharmacy, Ahmednagar",Ahmednagar,Unaided,PWDOPEN,State Level,Any,25986,49.67
2024-25,D Pharmacy,CAP Round I,05273,"Late Shree Yashwantrao Chavan MMRDF Yashwantrao Chavan College of Pharmacy, Ahmednagar",Ahmednagar,Unaided,DEFOPEN,State Level,Any,23983,52.33
2024-25,D Pharmacy,CAP Round I,05273,"Late Shree Yashwantrao Chavan MMRDF Yashwantrao Chavan College of Pharmacy, Ahmednagar",Ahmednagar,Unaided,EWS,Special,Any,25740,50.0
2024-25,D Pharmacy,CAP Round I,05273,"Late Shree Yashwantrao Chavan MMRDF Yashwantrao Chavan College of Pharmacy, Ahmednagar",Ahmednagar,Unaided,TFWS,Special,Any,4502,78.67
2024-25,D Pharmacy,CAP Round I,05274,"Nashik District Maratha Vidya Prasarak Samaj's Institute Of Pharmaceutical Sciences, Adgaon, Nashik",Nashik,Unaided,GOPEN,State Level,Any,20166,57.0
2024-25,D Pharmacy,CAP Round I,05274,"Nashik District Maratha Vidya Prasarak Samaj's Institute Of Pharmaceutical Sciences, Adgaon, Nashik",Nashik,Unaided,GSC,State Level,Any,33789,40.0
2024-25,D Pharmacy,CAP Round I,05274,"Nashik District Maratha Vidya Prasarak Samaj's Institute Of Pharmaceutical Sciences, Adgaon, Nashik",Nashik,Unaided,GST,State Level,Any,24964,51.0
2024-25,D Pharmacy,CAP Round I,05274,"Nashik District Maratha Vidya Prasarak Samaj's Institute Of Pharmaceutical Sciences, Adgaon, Nashik",Nashik,Unaided,GNTA,State Level,Any,22975,53.67
2024-25,D Pharmacy,CAP Round I,05274,"Nashik District Maratha Vidya Prasarak Samaj's Institute Of Pharmaceutical Sciences, Adgaon, Nashik",Nashik,Unaided,GNTB,State Level,Any,21297,55.67
2024-25,D Pharmacy,CAP Round I,05274,"Nashik District Maratha Vidya Prasarak Samaj's Institute Of Pharmaceutical Sciences, Adgaon, Nashik",Nashik,Unaided,GNTD,State Level,Any,32125,42.0
2024-25,D Pharmacy,CAP Round I,05274,"Nashik District Maratha Vidya Prasarak Samaj's Institute Of Pharmaceutical Sciences, Adgaon, Nashik",Nashik,Unaided,GOBC,State Level,Any,34371,39.33
2024-25,D Pharmacy,CAP Round I,05274,"Nashik District Maratha Vidya Prasarak Samaj's Institute Of Pharmaceutical Sciences, Adgaon, Nashik",Nashik,Unaided,LOPEN,State Level,Ladies,2287,83.0
2024-25,D Pharmacy,CAP Round I,05274,"Nashik District Maratha Vidya Prasarak Samaj's Institute Of Pharmaceutical Sciences, Adgaon, Nashik",Nashik,Unaided,LST,State Level,Ladies,17716,60.33
2024-25,D Pharmacy,CAP Round I,05274,"Nashik District Maratha Vidya Prasarak Samaj's Institute Of Pharmaceutical Sciences, Adgaon, Nashik",Nashik,Unaided,LOBC,State Level,Ladies,12530,67.33
2024-25,D Pharmacy,CAP Round I,05274,"Nashik District Maratha Vidya Prasarak Samaj's Institute Of Pharmaceutical Sciences, Adgaon, Nashik",Nashik,Unaided,LSEBC,State Level,Ladies,11968,68.33
2024-25,D Pharmacy,CAP Round I,05274,"Nashik District Maratha Vidya Prasarak Samaj's Institute Of Pharmaceutical Sciences, Adgaon, Nashik",Nashik,Unaided,EWS,Special,Any,357,90.0
2024-25,D Pharmacy,CAP Round I,05274,"Nashik District Maratha Vidya Prasarak Samaj's Institute Of Pharmaceutical Sciences, Adgaon, Nashik",Nashik,Unaided,TFWS,Special,Any,32342,41.67
2024-25,D Pharmacy,CAP Round I,05275,"Kisan Dnanodaya Mandal's Institute Of Pharmacy, Chalisgaon, Jalgaon",Jalgaon,Unaided,GOPEN,State Level,Any,22415,54.33
2024-25,D Pharmacy,CAP Round I,05275,"Kisan Dnanodaya Mandal's Institute Of Pharmacy, Chalisgaon, Jalgaon",Jalgaon,Unaided,GST,State Level,Any,26806,48.67
2024-25,D Pharmacy,CAP Round I,05275,"Kisan Dnanodaya Mandal's Institute Of Pharmacy, Chalisgaon, Jalgaon",Jalgaon,Unaided,GOBC,State Level,Any,26662,48.67
2024-25,D Pharmacy,CAP Round I,05275,"Kisan Dnanodaya Mandal's Institute Of Pharmacy, Chalisgaon, Jalgaon",Jalgaon,Unaided,LOPEN,State Level,Ladies,11575,68.67
2024-25,D Pharmacy,CAP Round I,05275,"Kisan Dnanodaya Mandal's Institute Of Pharmacy, Chalisgaon, Jalgaon",Jalgaon,Unaided,LSC,State Level,Ladies,23698,52.67
2024-25,D Pharmacy,CAP Round I,05275,"Kisan Dnanodaya Mandal's Institute Of Pharmacy, Chalisgaon, Jalgaon",Jalgaon,Unaided,LOBC,State Level,Ladies,16721,61.67
2024-25,D Pharmacy,CAP Round I,05276,"Khandesh Education Societyâ€™s Late Shri Pandharinath Chhagansheth Bhandarkar College of D. Pharmacy and Late Prof R. K. Kele College of B. Pharmacy, Amalner",Jalgaon,Unaided,GOPEN,State Level,Any,9644,71.33
2024-25,D Pharmacy,CAP Round I,05276,"Khandesh Education Societyâ€™s Late Shri Pandharinath Chhagansheth Bhandarkar College of D. Pharmacy and Late Prof R. K. Kele College of B. Pharmacy, Amalner",Jalgaon,Unaided,GST,State Level,Any,21899,55.0
2024-25,D Pharmacy,CAP Round I,05276,"Khandesh Education Societyâ€™s Late Shri Pandharinath Chhagansheth Bhandarkar College of D. Pharmacy and Late Prof R. K. Kele College of B. Pharmacy, Amalner",Jalgaon,Unaided,GNTB,State Level,Any,11263,69.33
2024-25,D Pharmacy,CAP Round I,05276,"Khandesh Education Societyâ€™s Late Shri Pandharinath Chhagansheth Bhandarkar College of D. Pharmacy and Late Prof R. K. Kele College of B. Pharmacy, Amalner",Jalgaon,Unaided,GOBC,State Level,Any,14268,65.0
2024-25,D Pharmacy,CAP Round I,05276,"Khandesh Education Societyâ€™s Late Shri Pandharinath Chhagansheth Bhandarkar College of D. Pharmacy and Late Prof R. K. Kele College of B. Pharmacy, Amalner",Jalgaon,Unaided,LOPEN,State Level,Ladies,3492,80.67
2024-25,D Pharmacy,CAP Round I,05276,"Khandesh Education Societyâ€™s Late Shri Pandharinath Chhagansheth Bhandarkar College of D. Pharmacy and Late Prof R. K. Kele College of B. Pharmacy, Amalner",Jalgaon,Unaided,LST,State Level,Ladies,7955,73.67
2024-25,D Pharmacy,CAP Round I,05276,"Khandesh Education Societyâ€™s Late Shri Pandharinath Chhagansheth Bhandarkar College of D. Pharmacy and Late Prof R. K. Kele College of B. Pharmacy, Amalner",Jalgaon,Unaided,LNTA,State Level,Ladies,9287,72.0
2024-25,D Pharmacy,CAP Round I,05276,"Khandesh Education Societyâ€™s Late Shri Pandharinath Chhagansheth Bhandarkar College of D. Pharmacy and Late Prof R. K. Kele College of B. Pharmacy, Amalner",Jalgaon,Unaided,LNTC,State Level,Ladies,5633,77.0
2024-25,D Pharmacy,CAP Round I,05276,"Khandesh Education Societyâ€™s Late Shri Pandharinath Chhagansheth Bhandarkar College of D. Pharmacy and Late Prof R. K. Kele College of B. Pharmacy, Amalner",Jalgaon,Unaided,LOBC,State Level,Ladies,4608,78.67
2024-25,D Pharmacy,CAP Round I,05276,"Khandesh Education Societyâ€™s Late Shri Pandharinath Chhagansheth Bhandarkar College of D. Pharmacy and Late Prof R. K. Kele College of B. Pharmacy, Amalner",Jalgaon,Unaided,EWS,Special,Any,5814,76.67
2024-25,D Pharmacy,CAP Round I,05276,"Khandesh Education Societyâ€™s Late Shri Pandharinath Chhagansheth Bhandarkar College of D. Pharmacy and Late Prof R. K. Kele College of B. Pharmacy, Amalner",Jalgaon,Unaided,TFWS,Special,Any,3055,81.33
2024-25,D Pharmacy,CAP Round I,05277,"Mula Education Soceity,Mula Rural Institute of Pharmacy,Sonai, Tal. Newasa Dist. Ahmednagar",Ahmednagar,Unaided,GOPEN,State Level,Any,17149,61.0
2024-25,D Pharmacy,CAP Round I,05277,"Mula Education Soceity,Mula Rural Institute of Pharmacy,Sonai, Tal. Newasa Dist. Ahmednagar",Ahmednagar,Unaided,GSC,State Level,Any,30394,44.0
2024-25,D Pharmacy,CAP Round I,05277,"Mula Education Soceity,Mula Rural Institute of Pharmacy,Sonai, Tal. Newasa Dist. Ahmednagar",Ahmednagar,Unaided,GNTB,State Level,Any,22141,54.67
2024-25,D Pharmacy,CAP Round I,05277,"Mula Education Soceity,Mula Rural Institute of Pharmacy,Sonai, Tal. Newasa Dist. Ahmednagar",Ahmednagar,Unaided,GNTC,State Level,Any,21843,55.0
2024-25,D Pharmacy,CAP Round I,05277,"Mula Education Soceity,Mula Rural Institute of Pharmacy,Sonai, Tal. Newasa Dist. Ahmednagar",Ahmednagar,Unaided,GNTD,State Level,Any,30148,44.33
2024-25,D Pharmacy,CAP Round I,05277,"Mula Education Soceity,Mula Rural Institute of Pharmacy,Sonai, Tal. Newasa Dist. Ahmednagar",Ahmednagar,Unaided,GOBC,State Level,Any,20090,57.33
2024-25,D Pharmacy,CAP Round I,05277,"Mula Education Soceity,Mula Rural Institute of Pharmacy,Sonai, Tal. Newasa Dist. Ahmednagar",Ahmednagar,Unaided,GSEBC,State Level,Any,24927,51.0
2024-25,D Pharmacy,CAP Round I,05277,"Mula Education Soceity,Mula Rural Institute of Pharmacy,Sonai, Tal. Newasa Dist. Ahmednagar",Ahmednagar,Unaided,LOPEN,State Level,Ladies,10455,70.33
2024-25,D Pharmacy,CAP Round I,05277,"Mula Education Soceity,Mula Rural Institute of Pharmacy,Sonai, Tal. Newasa Dist. Ahmednagar",Ahmednagar,Unaided,LSC,State Level,Ladies,17008,61.33
2024-25,D Pharmacy,CAP Round I,05277,"Mula Education Soceity,Mula Rural Institute of Pharmacy,Sonai, Tal. Newasa Dist. Ahmednagar",Ahmednagar,Unaided,LOBC,State Level,Ladies,13728,65.67
2024-25,D Pharmacy,CAP Round I,05277,"Mula Education Soceity,Mula Rural Institute of Pharmacy,Sonai, Tal. Newasa Dist. Ahmednagar",Ahmednagar,Unaided,LSEBC,State Level,Ladies,20263,57.0
2024-25,D Pharmacy,CAP Round I,05277,"Mula Education Soceity,Mula Rural Institute of Pharmacy,Sonai, Tal. Newasa Dist. Ahmednagar",Ahmednagar,Unaided,PWDOPEN,State Level,Any,35515,37.67
2024-25,D Pharmacy,CAP Round I,05277,"Mula Education Soceity,Mula Rural Institute of Pharmacy,Sonai, Tal. Newasa Dist. Ahmednagar",Ahmednagar,Unaided,EWS,Special,Any,33379,40.33
2024-25,D Pharmacy,CAP Round I,05277,"Mula Education Soceity,Mula Rural Institute of Pharmacy,Sonai, Tal. Newasa Dist. Ahmednagar",Ahmednagar,Unaided,TFWS,Special,Any,2522,82.33
2024-25,D Pharmacy,CAP Round I,05278,"The Shirpur Education Society's R.C.Patel Institute Of Pharmacy, Shirpur",Dhule,Unaided,GOPEN,State Level,Any,2184,83.33
2024-25,D Pharmacy,CAP Round I,05278,"The Shirpur Education Society's R.C.Patel Institute Of Pharmacy, Shirpur",Dhule,Unaided,LOPEN,State Level,Ladies,1153,86.0
2024-25,D Pharmacy,CAP Round I,05278,"The Shirpur Education Society's R.C.Patel Institute Of Pharmacy, Shirpur",Dhule,Unaided,TFWS,Special,Any,2633,82.33
2024-25,D Pharmacy,CAP Round I,05279,"Jagdamba Education Society's S. N. D. Institute of Pharmacy, Babhulgaon Tal-Yeola",Nashik,Unaided,GOPEN,State Level,Any,14115,65.33
2024-25,D Pharmacy,CAP Round I,05279,"Jagdamba Education Society's S. N. D. Institute of Pharmacy, Babhulgaon Tal-Yeola",Nashik,Unaided,GSC,State Level,Any,28293,46.67
2024-25,D Pharmacy,CAP Round I,05279,"Jagdamba Education Society's S. N. D. Institute of Pharmacy, Babhulgaon Tal-Yeola",Nashik,Unaided,GNTA,State Level,Any,23882,52.33
2024-25,D Pharmacy,CAP Round I,05279,"Jagdamba Education Society's S. N. D. Institute of Pharmacy, Babhulgaon Tal-Yeola",Nashik,Unaided,GNTD,State Level,Any,18606,59.33
2024-25,D Pharmacy,CAP Round I,05279,"Jagdamba Education Society's S. N. D. Institute of Pharmacy, Babhulgaon Tal-Yeola",Nashik,Unaided,GOBC,State Level,Any,28963,45.67
2024-25,D Pharmacy,CAP Round I,05279,"Jagdamba Education Society's S. N. D. Institute of Pharmacy, Babhulgaon Tal-Yeola",Nashik,Unaided,LOPEN,State Level,Ladies,3481,80.67
2024-25,D Pharmacy,CAP Round I,05279,"Jagdamba Education Society's S. N. D. Institute of Pharmacy, Babhulgaon Tal-Yeola",Nashik,Unaided,LST,State Level,Ladies,14796,64.33
2024-25,D Pharmacy,CAP Round I,05279,"Jagdamba Education Society's S. N. D. Institute of Pharmacy, Babhulgaon Tal-Yeola",Nashik,Unaided,LNTB,State Level,Ladies,14643,64.67
2024-25,D Pharmacy,CAP Round I,05279,"Jagdamba Education Society's S. N. D. Institute of Pharmacy, Babhulgaon Tal-Yeola",Nashik,Unaided,LOBC,State Level,Ladies,12059,68.0
2024-25,D Pharmacy,CAP Round I,05279,"Jagdamba Education Society's S. N. D. Institute of Pharmacy, Babhulgaon Tal-Yeola",Nashik,Unaided,LSEBC,State Level,Ladies,10970,69.67
2024-25,D Pharmacy,CAP Round I,05279,"Jagdamba Education Society's S. N. D. Institute of Pharmacy, Babhulgaon Tal-Yeola",Nashik,Unaided,EWS,Special,Any,13611,66.0
2024-25,D Pharmacy,CAP Round I,05279,"Jagdamba Education Society's S. N. D. Institute of Pharmacy, Babhulgaon Tal-Yeola",Nashik,Unaided,TFWS,Special,Any,1675,84.33
2024-25,D Pharmacy,CAP Round I,05280,"Sanjivani Rural Education Society's Sanjivani Institute Of Pharmacy And Research, Kopargaon",Ahmednagar,Unaided,GOPEN,State Level,Any,16877,61.33
2024-25,D Pharmacy,CAP Round I,05280,"Sanjivani Rural Education Society's Sanjivani Institute Of Pharmacy And Research, Kopargaon",Ahmednagar,Unaided,GSC,State Level,Any,28825,46.0
2024-25,D Pharmacy,CAP Round I,05280,"Sanjivani Rural Education Society's Sanjivani Institute Of Pharmacy And Research, Kopargaon",Ahmednagar,Unaided,GNTB,State Level,Any,26155,49.33
2024-25,D Pharmacy,CAP Round I,05280,"Sanjivani Rural Education Society's Sanjivani Institute Of Pharmacy And Research, Kopargaon",Ahmednagar,Unaided,GNTC,State Level,Any,19258,58.33
2024-25,D Pharmacy,CAP Round I,05280,"Sanjivani Rural Education Society's Sanjivani Institute Of Pharmacy And Research, Kopargaon",Ahmednagar,Unaided,GOBC,State Level,Any,25497,50.33
2024-25,D Pharmacy,CAP Round I,05280,"Sanjivani Rural Education Society's Sanjivani Institute Of Pharmacy And Research, Kopargaon",Ahmednagar,Unaided,GSEBC,State Level,Any,35106,38.33
2024-25,D Pharmacy,CAP Round I,05280,"Sanjivani Rural Education Society's Sanjivani Institute Of Pharmacy And Research, Kopargaon",Ahmednagar,Unaided,LOPEN,State Level,Ladies,10127,70.67
2024-25,D Pharmacy,CAP Round I,05280,"Sanjivani Rural Education Society's Sanjivani Institute Of Pharmacy And Research, Kopargaon",Ahmednagar,Unaided,LSC,State Level,Ladies,15713,63.0
2024-25,D Pharmacy,CAP Round I,05280,"Sanjivani Rural Education Society's Sanjivani Institute Of Pharmacy And Research, Kopargaon",Ahmednagar,Unaided,LNTB,State Level,Ladies,29315,45.33
2024-25,D Pharmacy,CAP Round I,05280,"Sanjivani Rural Education Society's Sanjivani Institute Of Pharmacy And Research, Kopargaon",Ahmednagar,Unaided,LNTD,State Level,Ladies,28753,46.0
2024-25,D Pharmacy,CAP Round I,05280,"Sanjivani Rural Education Society's Sanjivani Institute Of Pharmacy And Research, Kopargaon",Ahmednagar,Unaided,LOBC,State Level,Ladies,12785,67.0
2024-25,D Pharmacy,CAP Round I,05280,"Sanjivani Rural Education Society's Sanjivani Institute Of Pharmacy And Research, Kopargaon",Ahmednagar,Unaided,LSEBC,State Level,Ladies,15781,63.0
2024-25,D Pharmacy,CAP Round I,05280,"Sanjivani Rural Education Society's Sanjivani Institute Of Pharmacy And Research, Kopargaon",Ahmednagar,Unaided,EWS,Special,Any,22552,54.0
2024-25,D Pharmacy,CAP Round I,05280,"Sanjivani Rural Education Society's Sanjivani Institute Of Pharmacy And Research, Kopargaon",Ahmednagar,Unaided,TFWS,Special,Any,8574,73.0
2024-25,D Pharmacy,CAP Round I,05280,"Sanjivani Rural Education Society's Sanjivani Institute Of Pharmacy And Research, Kopargaon",Ahmednagar,Unaided,LNTC,State Level,Ladies,26807,48.67
2024-25,D Pharmacy,CAP Round I,05281,"Mahavir Institute Of Pharmacy, Nashik",Nashik,Unaided,GOPEN,State Level,Any,22842,53.67
2024-25,D Pharmacy,CAP Round I,05281,"Mahavir Institute Of Pharmacy, Nashik",Nashik,Unaided,GSC,State Level,Any,26727,48.67
2024-25,D Pharmacy,CAP Round I,05281,"Mahavir Institute Of Pharmacy, Nashik",Nashik,Unaided,GST,State Level,Any,27306,48.0
2024-25,D Pharmacy,CAP Round I,05281,"Mahavir Institute Of Pharmacy, Nashik",Nashik,Unaided,GNTC,State Level,Any,22866,53.67
2024-25,D Pharmacy,CAP Round I,05281,"Mahavir Institute Of Pharmacy, Nashik",Nashik,Unaided,GNTD,State Level,Any,33656,40.0
2024-25,D Pharmacy,CAP Round I,05281,"Mahavir Institute Of Pharmacy, Nashik",Nashik,Unaided,GOBC,State Level,Any,31021,43.33
2024-25,D Pharmacy,CAP Round I,05281,"Mahavir Institute Of Pharmacy, Nashik",Nashik,Unaided,LOPEN,State Level,Ladies,9269,72.0
2024-25,D Pharmacy,CAP Round I,05281,"Mahavir Institute Of Pharmacy, Nashik",Nashik,Unaided,LSC,State Level,Ladies,13179,66.67
2024-25,D Pharmacy,CAP Round I,05281,"Mahavir Institute Of Pharmacy, Nashik",Nashik,Unaided,LST,State Level,Ladies,10059,70.67
2024-25,D Pharmacy,CAP Round I,05281,"Mahavir Institute Of Pharmacy, Nashik",Nashik,Unaided,LOBC,State Level,Ladies,27536,47.67
2024-25,D Pharmacy,CAP Round I,05281,"Mahavir Institute Of Pharmacy, Nashik",Nashik,Unaided,DEFOPEN,State Level,Any,23266,53.0
2024-25,D Pharmacy,CAP Round I,05281,"Mahavir Institute Of Pharmacy, Nashik",Nashik,Unaided,TFWS,Special,Any,21293,55.67
2024-25,D Pharmacy,CAP Round I,05283,"Jijamata Foundation's Shree. P.E. (Tatya) Patil Institute of Pharmacy, Jalgaon",Jalgaon,Unaided,GOPEN,State Level,Any,16333,62.33
2024-25,D Pharmacy,CAP Round I,05283,"Jijamata Foundation's Shree. P.E. (Tatya) Patil Institute of Pharmacy, Jalgaon",Jalgaon,Unaided,GST,State Level,Any,36437,36.0
2024-25,D Pharmacy,CAP Round I,05283,"Jijamata Foundation's Shree. P.E. (Tatya) Patil Institute of Pharmacy, Jalgaon",Jalgaon,Unaided,GNTB,State Level,Any,26769,48.67
2024-25,D Pharmacy,CAP Round I,05283,"Jijamata Foundation's Shree. P.E. (Tatya) Patil Institute of Pharmacy, Jalgaon",Jalgaon,Unaided,GNTC,State Level,Any,16475,62.0
2024-25,D Pharmacy,CAP Round I,05283,"Jijamata Foundation's Shree. P.E. (Tatya) Patil Institute of Pharmacy, Jalgaon",Jalgaon,Unaided,GOBC,State Level,Any,25750,50.0
2024-25,D Pharmacy,CAP Round I,05283,"Jijamata Foundation's Shree. P.E. (Tatya) Patil Institute of Pharmacy, Jalgaon",Jalgaon,Unaided,LOPEN,State Level,Ladies,14062,65.33
2024-25,D Pharmacy,CAP Round I,05283,"Jijamata Foundation's Shree. P.E. (Tatya) Patil Institute of Pharmacy, Jalgaon",Jalgaon,Unaided,LOBC,State Level,Ladies,19764,57.67
2024-25,D Pharmacy,CAP Round I,05283,"Jijamata Foundation's Shree. P.E. (Tatya) Patil Institute of Pharmacy, Jalgaon",Jalgaon,Unaided,EWS,Special,Any,20892,56.33
2024-25,D Pharmacy,CAP Round I,05283,"Jijamata Foundation's Shree. P.E. (Tatya) Patil Institute of Pharmacy, Jalgaon",Jalgaon,Unaided,TFWS,Special,Any,14398,65.0
2024-25,D Pharmacy,CAP Round I,05283,"Jijamata Foundation's Shree. P.E. (Tatya) Patil Institute of Pharmacy, Jalgaon",Jalgaon,Unaided,LNTC,State Level,Ladies,22479,54.33
2024-25,D Pharmacy,CAP Round I,05284,"Sau Mathurabai Bhausaheb Thorat Sevabhavi Trust 'S Sau. Mathurabai Bhausaheb Thorat Institute Of D. Pharmacy,",,Unaided,GOPEN,State Level,Any,23382,53.0
2024-25,D Pharmacy,CAP Round I,05284,"Sau Mathurabai Bhausaheb Thorat Sevabhavi Trust 'S Sau. Mathurabai Bhausaheb Thorat Institute Of D. Pharmacy,",,Unaided,GSC,State Level,Any,29461,45.0
2024-25,D Pharmacy,CAP Round I,05284,"Sau Mathurabai Bhausaheb Thorat Sevabhavi Trust 'S Sau. Mathurabai Bhausaheb Thorat Institute Of D. Pharmacy,",,Unaided,GST,State Level,Any,31710,42.33
2024-25,D Pharmacy,CAP Round I,05284,"Sau Mathurabai Bhausaheb Thorat Sevabhavi Trust 'S Sau. Mathurabai Bhausaheb Thorat Institute Of D. Pharmacy,",,Unaided,GNTC,State Level,Any,34915,38.33
2024-25,D Pharmacy,CAP Round I,05284,"Sau Mathurabai Bhausaheb Thorat Sevabhavi Trust 'S Sau. Mathurabai Bhausaheb Thorat Institute Of D. Pharmacy,",,Unaided,GOBC,State Level,Any,29173,45.33
2024-25,D Pharmacy,CAP Round I,05284,"Sau Mathurabai Bhausaheb Thorat Sevabhavi Trust 'S Sau. Mathurabai Bhausaheb Thorat Institute Of D. Pharmacy,",,Unaided,LOPEN,State Level,Ladies,17158,61.0
2024-25,D Pharmacy,CAP Round I,05284,"Sau Mathurabai Bhausaheb Thorat Sevabhavi Trust 'S Sau. Mathurabai Bhausaheb Thorat Institute Of D. Pharmacy,",,Unaided,LSC,State Level,Ladies,21301,55.67
2024-25,D Pharmacy,CAP Round I,05284,"Sau Mathurabai Bhausaheb Thorat Sevabhavi Trust 'S Sau. Mathurabai Bhausaheb Thorat Institute Of D. Pharmacy,",,Unaided,LST,State Level,Ladies,22498,54.0
2024-25,D Pharmacy,CAP Round I,05284,"Sau Mathurabai Bhausaheb Thorat Sevabhavi Trust 'S Sau. Mathurabai Bhausaheb Thorat Institute Of D. Pharmacy,",,Unaided,LOBC,State Level,Ladies,17739,60.33
2024-25,D Pharmacy,CAP Round I,05284,"Sau Mathurabai Bhausaheb Thorat Sevabhavi Trust 'S Sau. Mathurabai Bhausaheb Thorat Institute Of D. Pharmacy,",,Unaided,EWS,Special,Any,19233,58.33
2024-25,D Pharmacy,CAP Round I,05284,"Sau Mathurabai Bhausaheb Thorat Sevabhavi Trust 'S Sau. Mathurabai Bhausaheb Thorat Institute Of D. Pharmacy,",,Unaided,TFWS,Special,Any,12527,67.33
2024-25,D Pharmacy,CAP Round I,05285,"Kakasaheb Mhaske Memorial Medical Foundation's Kakasaheb Mhaske College Of Pharmacy, Nagapur, Ahmednagar",Ahmednagar,Unaided,GOPEN,State Level,Any,28110,47.0
2024-25,D Pharmacy,CAP Round I,05285,"Kakasaheb Mhaske Memorial Medical Foundation's Kakasaheb Mhaske College Of Pharmacy, Nagapur, Ahmednagar",Ahmednagar,Unaided,GSC,State Level,Any,33056,40.67
2024-25,D Pharmacy,CAP Round I,05285,"Kakasaheb Mhaske Memorial Medical Foundation's Kakasaheb Mhaske College Of Pharmacy, Nagapur, Ahmednagar",Ahmednagar,Unaided,GNTC,State Level,Any,31799,42.33
2024-25,D Pharmacy,CAP Round I,05285,"Kakasaheb Mhaske Memorial Medical Foundation's Kakasaheb Mhaske College Of Pharmacy, Nagapur, Ahmednagar",Ahmednagar,Unaided,GNTD,State Level,Any,29882,44.67
2024-25,D Pharmacy,CAP Round I,05285,"Kakasaheb Mhaske Memorial Medical Foundation's Kakasaheb Mhaske College Of Pharmacy, Nagapur, Ahmednagar",Ahmednagar,Unaided,GOBC,State Level,Any,34355,39.33
2024-25,D Pharmacy,CAP Round I,05285,"Kakasaheb Mhaske Memorial Medical Foundation's Kakasaheb Mhaske College Of Pharmacy, Nagapur, Ahmednagar",Ahmednagar,Unaided,LOPEN,State Level,Ladies,10625,70.0
2024-25,D Pharmacy,CAP Round I,05285,"Kakasaheb Mhaske Memorial Medical Foundation's Kakasaheb Mhaske College Of Pharmacy, Nagapur, Ahmednagar",Ahmednagar,Unaided,LSC,State Level,Ladies,27939,47.0
2024-25,D Pharmacy,CAP Round I,05285,"Kakasaheb Mhaske Memorial Medical Foundation's Kakasaheb Mhaske College Of Pharmacy, Nagapur, Ahmednagar",Ahmednagar,Unaided,LNTC,State Level,Ladies,23643,52.67
2024-25,D Pharmacy,CAP Round I,05285,"Kakasaheb Mhaske Memorial Medical Foundation's Kakasaheb Mhaske College Of Pharmacy, Nagapur, Ahmednagar",Ahmednagar,Unaided,LOBC,State Level,Ladies,20761,56.33
2024-25,D Pharmacy,CAP Round I,05285,"Kakasaheb Mhaske Memorial Medical Foundation's Kakasaheb Mhaske College Of Pharmacy, Nagapur, Ahmednagar",Ahmednagar,Unaided,LSEBC,State Level,Ladies,13548,66.0
2024-25,D Pharmacy,CAP Round I,05285,"Kakasaheb Mhaske Memorial Medical Foundation's Kakasaheb Mhaske College Of Pharmacy, Nagapur, Ahmednagar",Ahmednagar,Unaided,EWS,Special,Any,30106,44.33
2024-25,D Pharmacy,CAP Round I,05285,"Kakasaheb Mhaske Memorial Medical Foundation's Kakasaheb Mhaske College Of Pharmacy, Nagapur, Ahmednagar",Ahmednagar,Unaided,TFWS,Special,Any,20700,56.33
2024-25,D Pharmacy,CAP Round I,05286,"Swami Vivekanand Sanstha's Insttitute Of Pharmacy, Malegaon",Nashik,Unaided,GOPEN,State Level,Any,10833,69.67
2024-25,D Pharmacy,CAP Round I,05286,"Swami Vivekanand Sanstha's Insttitute Of Pharmacy, Malegaon",Nashik,Unaided,GSC,State Level,Any,18883,59.0
2024-25,D Pharmacy,CAP Round I,05286,"Swami Vivekanand Sanstha's Insttitute Of Pharmacy, Malegaon",Nashik,Unaided,GST,State Level,Any,24679,51.33
2024-25,D Pharmacy,CAP Round I,05286,"Swami Vivekanand Sanstha's Insttitute Of Pharmacy, Malegaon",Nashik,Unaided,GNTA,State Level,Any,16809,61.67
2024-25,D Pharmacy,CAP Round I,05286,"Swami Vivekanand Sanstha's Insttitute Of Pharmacy, Malegaon",Nashik,Unaided,GNTC,State Level,Any,13897,65.67
2024-25,D Pharmacy,CAP Round I,05286,"Swami Vivekanand Sanstha's Insttitute Of Pharmacy, Malegaon",Nashik,Unaided,GOBC,State Level,Any,15834,63.0
2024-25,D Pharmacy,CAP Round I,05286,"Swami Vivekanand Sanstha's Insttitute Of Pharmacy, Malegaon",Nashik,Unaided,LOPEN,State Level,Ladies,7340,74.67
2024-25,D Pharmacy,CAP Round I,05286,"Swami Vivekanand Sanstha's Insttitute Of Pharmacy, Malegaon",Nashik,Unaided,LST,State Level,Ladies,9791,71.33
2024-25,D Pharmacy,CAP Round I,05286,"Swami Vivekanand Sanstha's Insttitute Of Pharmacy, Malegaon",Nashik,Unaided,LNTB,State Level,Ladies,21862,55.0
2024-25,D Pharmacy,CAP Round I,05286,"Swami Vivekanand Sanstha's Insttitute Of Pharmacy, Malegaon",Nashik,Unaided,LNTC,State Level,Ladies,13831,65.67
2024-25,D Pharmacy,CAP Round I,05286,"Swami Vivekanand Sanstha's Insttitute Of Pharmacy, Malegaon",Nashik,Unaided,LOBC,State Level,Ladies,7910,73.67
2024-25,D Pharmacy,CAP Round I,05286,"Swami Vivekanand Sanstha's Insttitute Of Pharmacy, Malegaon",Nashik,Unaided,EWS,Special,Any,27213,48.0
2024-25,D Pharmacy,CAP Round I,05286,"Swami Vivekanand Sanstha's Insttitute Of Pharmacy, Malegaon",Nashik,Unaided,TFWS,Special,Any,8170,73.33
2024-25,D Pharmacy,CAP Round I,05287,"Amrutvahini Sheti & Shikshan Vikas Sanstha`S Amrutwahini Institute Of Pharmacy, Sangamner",Ahmednagar,Unaided,GOPEN,State Level,Any,27822,47.33
2024-25,D Pharmacy,CAP Round I,05287,"Amrutvahini Sheti & Shikshan Vikas Sanstha`S Amrutwahini Institute Of Pharmacy, Sangamner",Ahmednagar,Unaided,GSC,State Level,Any,36304,36.33
2024-25,D Pharmacy,CAP Round I,05287,"Amrutvahini Sheti & Shikshan Vikas Sanstha`S Amrutwahini Institute Of Pharmacy, Sangamner",Ahmednagar,Unaided,GNTA,State Level,Any,29036,45.67
2024-25,D Pharmacy,CAP Round I,05287,"Amrutvahini Sheti & Shikshan Vikas Sanstha`S Amrutwahini Institute Of Pharmacy, Sangamner",Ahmednagar,Unaided,GNTB,State Level,Any,32004,42.0
2024-25,D Pharmacy,CAP Round I,05287,"Amrutvahini Sheti & Shikshan Vikas Sanstha`S Amrutwahini Institute Of Pharmacy, Sangamner",Ahmednagar,Unaided,GNTD,State Level,Any,29878,44.67
2024-25,D Pharmacy,CAP Round I,05287,"Amrutvahini Sheti & Shikshan Vikas Sanstha`S Amrutwahini Institute Of Pharmacy, Sangamner",Ahmednagar,Unaided,GOBC,State Level,Any,33172,40.67
2024-25,D Pharmacy,CAP Round I,05287,"Amrutvahini Sheti & Shikshan Vikas Sanstha`S Amrutwahini Institute Of Pharmacy, Sangamner",Ahmednagar,Unaided,LOPEN,State Level,Ladies,10400,70.33
2024-25,D Pharmacy,CAP Round I,05287,"Amrutvahini Sheti & Shikshan Vikas Sanstha`S Amrutwahini Institute Of Pharmacy, Sangamner",Ahmednagar,Unaided,LSC,State Level,Ladies,19223,58.33
2024-25,D Pharmacy,CAP Round I,05287,"Amrutvahini Sheti & Shikshan Vikas Sanstha`S Amrutwahini Institute Of Pharmacy, Sangamner",Ahmednagar,Unaided,LST,State Level,Ladies,21751,55.0
2024-25,D Pharmacy,CAP Round I,05287,"Amrutvahini Sheti & Shikshan Vikas Sanstha`S Amrutwahini Institute Of Pharmacy, Sangamner",Ahmednagar,Unaided,LNTB,State Level,Ladies,30334,44.0
2024-25,D Pharmacy,CAP Round I,05287,"Amrutvahini Sheti & Shikshan Vikas Sanstha`S Amrutwahini Institute Of Pharmacy, Sangamner",Ahmednagar,Unaided,LNTC,State Level,Ladies,16311,62.33
2024-25,D Pharmacy,CAP Round I,05287,"Amrutvahini Sheti & Shikshan Vikas Sanstha`S Amrutwahini Institute Of Pharmacy, Sangamner",Ahmednagar,Unaided,LOBC,State Level,Ladies,24332,51.67
2024-25,D Pharmacy,CAP Round I,05287,"Amrutvahini Sheti & Shikshan Vikas Sanstha`S Amrutwahini Institute Of Pharmacy, Sangamner",Ahmednagar,Unaided,TFWS,Special,Any,25638,50.0
2024-25,D Pharmacy,CAP Round I,05288,"Adivasi Deomogara Edu. Society's K. D. Gavit D.Pharmacy College, Pathrai, Tal.Dist.-Nandurbar",Nandurbar,Unaided,GOPEN,State Level,Any,8385,73.0
2024-25,D Pharmacy,CAP Round I,05288,"Adivasi Deomogara Edu. Society's K. D. Gavit D.Pharmacy College, Pathrai, Tal.Dist.-Nandurbar",Nandurbar,Unaided,GSC,State Level,Any,15662,63.33
2024-25,D Pharmacy,CAP Round I,05288,"Adivasi Deomogara Edu. Society's K. D. Gavit D.Pharmacy College, Pathrai, Tal.Dist.-Nandurbar",Nandurbar,Unaided,GST,State Level,Any,9250,72.0
2024-25,D Pharmacy,CAP Round I,05288,"Adivasi Deomogara Edu. Society's K. D. Gavit D.Pharmacy College, Pathrai, Tal.Dist.-Nandurbar",Nandurbar,Unaided,GOBC,State Level,Any,35601,37.67
2024-25,D Pharmacy,CAP Round I,05288,"Adivasi Deomogara Edu. Society's K. D. Gavit D.Pharmacy College, Pathrai, Tal.Dist.-Nandurbar",Nandurbar,Unaided,LOPEN,State Level,Ladies,5088,78.0
2024-25,D Pharmacy,CAP Round I,05288,"Adivasi Deomogara Edu. Society's K. D. Gavit D.Pharmacy College, Pathrai, Tal.Dist.-Nandurbar",Nandurbar,Unaided,LSC,State Level,Ladies,8955,72.33
2024-25,D Pharmacy,CAP Round I,05288,"Adivasi Deomogara Edu. Society's K. D. Gavit D.Pharmacy College, Pathrai, Tal.Dist.-Nandurbar",Nandurbar,Unaided,LST,State Level,Ladies,6127,76.33
2024-25,D Pharmacy,CAP Round I,05288,"Adivasi Deomogara Edu. Society's K. D. Gavit D.Pharmacy College, Pathrai, Tal.Dist.-Nandurbar",Nandurbar,Unaided,LOBC,State Level,Ladies,11900,68.33
2024-25,D Pharmacy,CAP Round I,05288,"Adivasi Deomogara Edu. Society's K. D. Gavit D.Pharmacy College, Pathrai, Tal.Dist.-Nandurbar",Nandurbar,Unaided,PWDOPEN,State Level,Any,16312,62.33
2024-25,D Pharmacy,CAP Round I,05288,"Adivasi Deomogara Edu. Society's K. D. Gavit D.Pharmacy College, Pathrai, Tal.Dist.-Nandurbar",Nandurbar,Unaided,EWS,Special,Any,16043,62.67
2024-25,D Pharmacy,CAP Round I,05288,"Adivasi Deomogara Edu. Society's K. D. Gavit D.Pharmacy College, Pathrai, Tal.Dist.-Nandurbar",Nandurbar,Unaided,TFWS,Special,Any,18390,59.67
2024-25,D Pharmacy,CAP Round I,05289,"Shree Gurudatta shikshan sanstha's Pharmacy College, Kalwan, Dist. Nashik",Nashik,Unaided,GOPEN,State Level,Any,11940,68.33
2024-25,D Pharmacy,CAP Round I,05289,"Shree Gurudatta shikshan sanstha's Pharmacy College, Kalwan, Dist. Nashik",Nashik,Unaided,GSC,State Level,Any,24512,51.67
2024-25,D Pharmacy,CAP Round I,05289,"Shree Gurudatta shikshan sanstha's Pharmacy College, Kalwan, Dist. Nashik",Nashik,Unaided,GST,State Level,Any,12957,67.0
2024-25,D Pharmacy,CAP Round I,05289,"Shree Gurudatta shikshan sanstha's Pharmacy College, Kalwan, Dist. Nashik",Nashik,Unaided,GNTA,State Level,Any,19378,58.33
2024-25,D Pharmacy,CAP Round I,05289,"Shree Gurudatta shikshan sanstha's Pharmacy College, Kalwan, Dist. Nashik",Nashik,Unaided,GOBC,State Level,Any,35522,37.67
2024-25,D Pharmacy,CAP Round I,05289,"Shree Gurudatta shikshan sanstha's Pharmacy College, Kalwan, Dist. Nashik",Nashik,Unaided,LOPEN,State Level,Ladies,7041,75.0
2024-25,D Pharmacy,CAP Round I,05289,"Shree Gurudatta shikshan sanstha's Pharmacy College, Kalwan, Dist. Nashik",Nashik,Unaided,LSC,State Level,Ladies,11951,68.33
2024-25,D Pharmacy,CAP Round I,05289,"Shree Gurudatta shikshan sanstha's Pharmacy College, Kalwan, Dist. Nashik",Nashik,Unaided,LST,State Level,Ladies,7964,73.67
2024-25,D Pharmacy,CAP Round I,05289,"Shree Gurudatta shikshan sanstha's Pharmacy College, Kalwan, Dist. Nashik",Nashik,Unaided,LOBC,State Level,Ladies,9140,72.0
2024-25,D Pharmacy,CAP Round I,05289,"Shree Gurudatta shikshan sanstha's Pharmacy College, Kalwan, Dist. Nashik",Nashik,Unaided,EWS,Special,Any,29852,44.67
2024-25,D Pharmacy,CAP Round I,05289,"Shree Gurudatta shikshan sanstha's Pharmacy College, Kalwan, Dist. Nashik",Nashik,Unaided,TFWS,Special,Any,20637,56.67
2024-25,D Pharmacy,CAP Round I,05290,"Shellino Education Society's NanaSaheb R.G.Patil Institute Of Pharmacy,Mamurabad, Jalgaon",Jalgaon,Unaided,GOPEN,State Level,Any,8965,72.33
2024-25,D Pharmacy,CAP Round I,05290,"Shellino Education Society's NanaSaheb R.G.Patil Institute Of Pharmacy,Mamurabad, Jalgaon",Jalgaon,Unaided,GST,State Level,Any,35902,37.0
2024-25,D Pharmacy,CAP Round I,05290,"Shellino Education Society's NanaSaheb R.G.Patil Institute Of Pharmacy,Mamurabad, Jalgaon",Jalgaon,Unaided,GNTB,State Level,Any,13185,66.67
2024-25,D Pharmacy,CAP Round I,05290,"Shellino Education Society's NanaSaheb R.G.Patil Institute Of Pharmacy,Mamurabad, Jalgaon",Jalgaon,Unaided,GNTC,State Level,Any,13176,66.67
2024-25,D Pharmacy,CAP Round I,05290,"Shellino Education Society's NanaSaheb R.G.Patil Institute Of Pharmacy,Mamurabad, Jalgaon",Jalgaon,Unaided,GOBC,State Level,Any,11924,68.33
2024-25,D Pharmacy,CAP Round I,05290,"Shellino Education Society's NanaSaheb R.G.Patil Institute Of Pharmacy,Mamurabad, Jalgaon",Jalgaon,Unaided,LOPEN,State Level,Ladies,8394,73.0
2024-25,D Pharmacy,CAP Round I,05290,"Shellino Education Society's NanaSaheb R.G.Patil Institute Of Pharmacy,Mamurabad, Jalgaon",Jalgaon,Unaided,LSC,State Level,Ladies,15082,64.0
2024-25,D Pharmacy,CAP Round I,05290,"Shellino Education Society's NanaSaheb R.G.Patil Institute Of Pharmacy,Mamurabad, Jalgaon",Jalgaon,Unaided,LNTC,State Level,Ladies,12062,68.0
2024-25,D Pharmacy,CAP Round I,05290,"Shellino Education Society's NanaSaheb R.G.Patil Institute Of Pharmacy,Mamurabad, Jalgaon",Jalgaon,Unaided,LOBC,State Level,Ladies,11943,68.33
2024-25,D Pharmacy,CAP Round I,05290,"Shellino Education Society's NanaSaheb R.G.Patil Institute Of Pharmacy,Mamurabad, Jalgaon",Jalgaon,Unaided,LSEBC,State Level,Ladies,9884,71.0
2024-25,D Pharmacy,CAP Round I,05290,"Shellino Education Society's NanaSaheb R.G.Patil Institute Of Pharmacy,Mamurabad, Jalgaon",Jalgaon,Unaided,EWS,Special,Any,9353,71.67
2024-25,D Pharmacy,CAP Round I,05290,"Shellino Education Society's NanaSaheb R.G.Patil Institute Of Pharmacy,Mamurabad, Jalgaon",Jalgaon,Unaided,TFWS,Special,Any,11661,68.67
2024-25,D Pharmacy,CAP Round I,05291,"Shirpur Education Society's H.R. Patel Institute of Pharmacy, Shirpur, Dhule",Dhule,Unaided,GOPEN,State Level,Any,3733,80.0
2024-25,D Pharmacy,CAP Round I,05291,"Shirpur Education Society's H.R. Patel Institute of Pharmacy, Shirpur, Dhule",Dhule,Unaided,LOPEN,State Level,Ladies,2206,83.33
2024-25,D Pharmacy,CAP Round I,05291,"Shirpur Education Society's H.R. Patel Institute of Pharmacy, Shirpur, Dhule",Dhule,Unaided,TFWS,Special,Any,1632,84.67
2024-25,D Pharmacy,CAP Round I,05292,"Matoshri Education Society's M. A. B. D. Institute of Pharmaceutical Education and Research, Babhulgaon, Tal. Yeola, Dist. Nashik",Nashik,Unaided,GOPEN,State Level,Any,27507,47.67
2024-25,D Pharmacy,CAP Round I,05292,"Matoshri Education Society's M. A. B. D. Institute of Pharmaceutical Education and Research, Babhulgaon, Tal. Yeola, Dist. Nashik",Nashik,Unaided,LOPEN,State Level,Ladies,36180,36.33
2024-25,D Pharmacy,CAP Round I,05292,"Matoshri Education Society's M. A. B. D. Institute of Pharmaceutical Education and Research, Babhulgaon, Tal. Yeola, Dist. Nashik",Nashik,Unaided,EWS,Special,Any,8278,73.33
2024-25,D Pharmacy,CAP Round I,05293,"Nagaon Education Soc., Gangamai Institute of Pharmacy, Nagaon, Dist. Dhule",Dhule,Unaided,GOPEN,State Level,Any,16327,62.33
2024-25,D Pharmacy,CAP Round I,05293,"Nagaon Education Soc., Gangamai Institute of Pharmacy, Nagaon, Dist. Dhule",Dhule,Unaided,GSC,State Level,Any,17853,60.33
2024-25,D Pharmacy,CAP Round I,05293,"Nagaon Education Soc., Gangamai Institute of Pharmacy, Nagaon, Dist. Dhule",Dhule,Unaided,GST,State Level,Any,19882,57.67
2024-25,D Pharmacy,CAP Round I,05293,"Nagaon Education Soc., Gangamai Institute of Pharmacy, Nagaon, Dist. Dhule",Dhule,Unaided,GNTA,State Level,Any,19132,58.67
2024-25,D Pharmacy,CAP Round I,05293,"Nagaon Education Soc., Gangamai Institute of Pharmacy, Nagaon, Dist. Dhule",Dhule,Unaided,GNTB,State Level,Any,23432,53.0
2024-25,D Pharmacy,CAP Round I,05293,"Nagaon Education Soc., Gangamai Institute of Pharmacy, Nagaon, Dist. Dhule",Dhule,Unaided,GNTC,State Level,Any,18306,59.67
2024-25,D Pharmacy,CAP Round I,05293,"Nagaon Education Soc., Gangamai Institute of Pharmacy, Nagaon, Dist. Dhule",Dhule,Unaided,GOBC,State Level,Any,22994,53.67
2024-25,D Pharmacy,CAP Round I,05293,"Nagaon Education Soc., Gangamai Institute of Pharmacy, Nagaon, Dist. Dhule",Dhule,Unaided,LOPEN,State Level,Ladies,15073,64.0
2024-25,D Pharmacy,CAP Round I,05293,"Nagaon Education Soc., Gangamai Institute of Pharmacy, Nagaon, Dist. Dhule",Dhule,Unaided,LST,State Level,Ladies,16757,61.67
2024-25,D Pharmacy,CAP Round I,05293,"Nagaon Education Soc., Gangamai Institute of Pharmacy, Nagaon, Dist. Dhule",Dhule,Unaided,LOBC,State Level,Ladies,29266,45.33
2024-25,D Pharmacy,CAP Round I,05293,"Nagaon Education Soc., Gangamai Institute of Pharmacy, Nagaon, Dist. Dhule",Dhule,Unaided,EWS,Special,Any,22883,53.67
2024-25,D Pharmacy,CAP Round I,05293,"Nagaon Education Soc., Gangamai Institute of Pharmacy, Nagaon, Dist. Dhule",Dhule,Unaided,TFWS,Special,Any,11670,68.67
2024-25,D Pharmacy,CAP Round I,05294,"Godavari Shikshan Mandal's Asian Institute of Pharmacy, Nashik.",Nashik,Unaided,GOPEN,State Level,Any,34587,39.0
2024-25,D Pharmacy,CAP Round I,05294,"Godavari Shikshan Mandal's Asian Institute of Pharmacy, Nashik.",Nashik,Unaided,LOPEN,State Level,Ladies,21739,55.0
2024-25,D Pharmacy,CAP Round I,05294,"Godavari Shikshan Mandal's Asian Institute of Pharmacy, Nashik.",Nashik,Unaided,LST,State Level,Ladies,24123,52.0
2024-25,D Pharmacy,CAP Round I,05294,"Godavari Shikshan Mandal's Asian Institute of Pharmacy, Nashik.",Nashik,Unaided,LNTC,State Level,Ladies,29087,45.67
2024-25,D Pharmacy,CAP Round I,05294,"Godavari Shikshan Mandal's Asian Institute of Pharmacy, Nashik.",Nashik,Unaided,LOBC,State Level,Ladies,27092,48.0
2024-25,D Pharmacy,CAP Round I,05294,"Godavari Shikshan Mandal's Asian Institute of Pharmacy, Nashik.",Nashik,Unaided,PWDOPEN,State Level,Any,31133,43.0
2024-25,D Pharmacy,CAP Round I,05294,"Godavari Shikshan Mandal's Asian Institute of Pharmacy, Nashik.",Nashik,Unaided,PWDROBC,State Level,Any,34363,39.33
2024-25,D Pharmacy,CAP Round I,05294,"Godavari Shikshan Mandal's Asian Institute of Pharmacy, Nashik.",Nashik,Unaided,EWS,Special,Any,6331,76.0
2024-25,D Pharmacy,CAP Round I,05295,"Sanjay Education Society's Institute of Pharmacy, Navalnagar, Dhule",Dhule,Unaided,GOPEN,State Level,Any,14657,64.67
2024-25,D Pharmacy,CAP Round I,05295,"Sanjay Education Society's Institute of Pharmacy, Navalnagar, Dhule",Dhule,Unaided,GST,State Level,Any,29930,44.67
2024-25,D Pharmacy,CAP Round I,05295,"Sanjay Education Society's Institute of Pharmacy, Navalnagar, Dhule",Dhule,Unaided,GNTA,State Level,Any,17615,60.67
2024-25,D Pharmacy,CAP Round I,05295,"Sanjay Education Society's Institute of Pharmacy, Navalnagar, Dhule",Dhule,Unaided,GOBC,State Level,Any,29617,45.0
2024-25,D Pharmacy,CAP Round I,05295,"Sanjay Education Society's Institute of Pharmacy, Navalnagar, Dhule",Dhule,Unaided,LOPEN,State Level,Ladies,8915,72.33
2024-25,D Pharmacy,CAP Round I,05295,"Sanjay Education Society's Institute of Pharmacy, Navalnagar, Dhule",Dhule,Unaided,LST,State Level,Ladies,9053,72.33
2024-25,D Pharmacy,CAP Round I,05295,"Sanjay Education Society's Institute of Pharmacy, Navalnagar, Dhule",Dhule,Unaided,LOBC,State Level,Ladies,18884,59.0
2024-25,D Pharmacy,CAP Round I,05295,"Sanjay Education Society's Institute of Pharmacy, Navalnagar, Dhule",Dhule,Unaided,EWS,Special,Any,27601,47.67
2024-25,D Pharmacy,CAP Round I,05295,"Sanjay Education Society's Institute of Pharmacy, Navalnagar, Dhule",Dhule,Unaided,TFWS,Special,Any,6132,76.33
2024-25,D Pharmacy,CAP Round I,05295,"Sanjay Education Society's Institute of Pharmacy, Navalnagar, Dhule",Dhule,Unaided,LNTB,State Level,Ladies,19286,58.33
2024-25,D Pharmacy,CAP Round I,05296,"Navmaharahstra Shikshan Mandal's Abasaheb kakade Pharmacy College, Bodhegaon, Ahmednagar",Ahmednagar,Unaided,GOPEN,State Level,Any,11069,69.33
2024-25,D Pharmacy,CAP Round I,05296,"Navmaharahstra Shikshan Mandal's Abasaheb kakade Pharmacy College, Bodhegaon, Ahmednagar",Ahmednagar,Unaided,GSC,State Level,Any,21092,56.0
2024-25,D Pharmacy,CAP Round I,05296,"Navmaharahstra Shikshan Mandal's Abasaheb kakade Pharmacy College, Bodhegaon, Ahmednagar",Ahmednagar,Unaided,GNTA,State Level,Any,13247,66.33
2024-25,D Pharmacy,CAP Round I,05296,"Navmaharahstra Shikshan Mandal's Abasaheb kakade Pharmacy College, Bodhegaon, Ahmednagar",Ahmednagar,Unaided,GNTC,State Level,Any,13830,65.67
2024-25,D Pharmacy,CAP Round I,05296,"Navmaharahstra Shikshan Mandal's Abasaheb kakade Pharmacy College, Bodhegaon, Ahmednagar",Ahmednagar,Unaided,GNTD,State Level,Any,21019,56.0
2024-25,D Pharmacy,CAP Round I,05296,"Navmaharahstra Shikshan Mandal's Abasaheb kakade Pharmacy College, Bodhegaon, Ahmednagar",Ahmednagar,Unaided,GOBC,State Level,Any,14073,65.33
2024-25,D Pharmacy,CAP Round I,05296,"Navmaharahstra Shikshan Mandal's Abasaheb kakade Pharmacy College, Bodhegaon, Ahmednagar",Ahmednagar,Unaided,LOPEN,State Level,Ladies,5426,77.33
2024-25,D Pharmacy,CAP Round I,05296,"Navmaharahstra Shikshan Mandal's Abasaheb kakade Pharmacy College, Bodhegaon, Ahmednagar",Ahmednagar,Unaided,LSC,State Level,Ladies,8066,73.67
2024-25,D Pharmacy,CAP Round I,05296,"Navmaharahstra Shikshan Mandal's Abasaheb kakade Pharmacy College, Bodhegaon, Ahmednagar",Ahmednagar,Unaided,LNTA,State Level,Ladies,9488,71.67
2024-25,D Pharmacy,CAP Round I,05296,"Navmaharahstra Shikshan Mandal's Abasaheb kakade Pharmacy College, Bodhegaon, Ahmednagar",Ahmednagar,Unaided,LNTC,State Level,Ladies,5544,77.33
2024-25,D Pharmacy,CAP Round I,05296,"Navmaharahstra Shikshan Mandal's Abasaheb kakade Pharmacy College, Bodhegaon, Ahmednagar",Ahmednagar,Unaided,LOBC,State Level,Ladies,13601,66.0
2024-25,D Pharmacy,CAP Round I,05296,"Navmaharahstra Shikshan Mandal's Abasaheb kakade Pharmacy College, Bodhegaon, Ahmednagar",Ahmednagar,Unaided,LSEBC,State Level,Ladies,8669,72.67
2024-25,D Pharmacy,CAP Round I,05296,"Navmaharahstra Shikshan Mandal's Abasaheb kakade Pharmacy College, Bodhegaon, Ahmednagar",Ahmednagar,Unaided,TFWS,Special,Any,3851,80.0
2024-25,D Pharmacy,CAP Round I,05297,"Sangamner Medical foundation & Research Institute, Wamanrao Ithape Pharmacy College, Sangamner, Dist. Ahmednagar",Ahmednagar,Unaided,GOPEN,State Level,Any,36009,36.67
2024-25,D Pharmacy,CAP Round I,05297,"Sangamner Medical foundation & Research Institute, Wamanrao Ithape Pharmacy College, Sangamner, Dist. Ahmednagar",Ahmednagar,Unaided,GNTC,State Level,Any,36650,35.33
2024-25,D Pharmacy,CAP Round I,05297,"Sangamner Medical foundation & Research Institute, Wamanrao Ithape Pharmacy College, Sangamner, Dist. Ahmednagar",Ahmednagar,Unaided,LOPEN,State Level,Ladies,33197,40.67
2024-25,D Pharmacy,CAP Round I,05300,"Shraddha Rural Medical Social Welfare & Education's Sahakar Maharshi Kisanrao Varal Patil College Of Pharmacy, Nighoj, Tal.Parner, Dist. Ahmednagar",Ahmednagar,Unaided,GOPEN,State Level,Any,32706,41.33
2024-25,D Pharmacy,CAP Round I,05300,"Shraddha Rural Medical Social Welfare & Education's Sahakar Maharshi Kisanrao Varal Patil College Of Pharmacy, Nighoj, Tal.Parner, Dist. Ahmednagar",Ahmednagar,Unaided,GNTC,State Level,Any,32999,40.67
2024-25,D Pharmacy,CAP Round I,05300,"Shraddha Rural Medical Social Welfare & Education's Sahakar Maharshi Kisanrao Varal Patil College Of Pharmacy, Nighoj, Tal.Parner, Dist. Ahmednagar",Ahmednagar,Unaided,GOBC,State Level,Any,32983,41.0
2024-25,D Pharmacy,CAP Round I,05300,"Shraddha Rural Medical Social Welfare & Education's Sahakar Maharshi Kisanrao Varal Patil College Of Pharmacy, Nighoj, Tal.Parner, Dist. Ahmednagar",Ahmednagar,Unaided,LOPEN,State Level,Ladies,25631,50.0
2024-25,D Pharmacy,CAP Round I,05300,"Shraddha Rural Medical Social Welfare & Education's Sahakar Maharshi Kisanrao Varal Patil College Of Pharmacy, Nighoj, Tal.Parner, Dist. Ahmednagar",Ahmednagar,Unaided,LNTC,State Level,Ladies,26287,49.0
2024-25,D Pharmacy,CAP Round I,05300,"Shraddha Rural Medical Social Welfare & Education's Sahakar Maharshi Kisanrao Varal Patil College Of Pharmacy, Nighoj, Tal.Parner, Dist. Ahmednagar",Ahmednagar,Unaided,LOBC,State Level,Ladies,31515,42.67
2024-25,D Pharmacy,CAP Round I,05300,"Shraddha Rural Medical Social Welfare & Education's Sahakar Maharshi Kisanrao Varal Patil College Of Pharmacy, Nighoj, Tal.Parner, Dist. Ahmednagar",Ahmednagar,Unaided,PWDOPEN,State Level,Any,36055,36.67
2024-25,D Pharmacy,CAP Round I,05300,"Shraddha Rural Medical Social Welfare & Education's Sahakar Maharshi Kisanrao Varal Patil College Of Pharmacy, Nighoj, Tal.Parner, Dist. Ahmednagar",Ahmednagar,Unaided,TFWS,Special,Any,35817,37.0
2024-25,D Pharmacy,CAP Round I,05301,"Shri.Krishna Educational & Cultural Mandal,Shri.Gulabrao Deokar Institute of Pharmacy & Research Centre, Jalgaon",Jalgaon,Unaided,GOPEN,State Level,Any,13679,66.0
2024-25,D Pharmacy,CAP Round I,05301,"Shri.Krishna Educational & Cultural Mandal,Shri.Gulabrao Deokar Institute of Pharmacy & Research Centre, Jalgaon",Jalgaon,Unaided,GST,State Level,Any,24167,52.0
2024-25,D Pharmacy,CAP Round I,05301,"Shri.Krishna Educational & Cultural Mandal,Shri.Gulabrao Deokar Institute of Pharmacy & Research Centre, Jalgaon",Jalgaon,Unaided,GNTA,State Level,Any,19758,57.67
2024-25,D Pharmacy,CAP Round I,05301,"Shri.Krishna Educational & Cultural Mandal,Shri.Gulabrao Deokar Institute of Pharmacy & Research Centre, Jalgaon",Jalgaon,Unaided,GNTC,State Level,Any,21109,56.0
2024-25,D Pharmacy,CAP Round I,05301,"Shri.Krishna Educational & Cultural Mandal,Shri.Gulabrao Deokar Institute of Pharmacy & Research Centre, Jalgaon",Jalgaon,Unaided,GNTD,State Level,Any,23296,53.0
2024-25,D Pharmacy,CAP Round I,05301,"Shri.Krishna Educational & Cultural Mandal,Shri.Gulabrao Deokar Institute of Pharmacy & Research Centre, Jalgaon",Jalgaon,Unaided,GOBC,State Level,Any,16840,61.67
2024-25,D Pharmacy,CAP Round I,05301,"Shri.Krishna Educational & Cultural Mandal,Shri.Gulabrao Deokar Institute of Pharmacy & Research Centre, Jalgaon",Jalgaon,Unaided,LOPEN,State Level,Ladies,12113,68.0
2024-25,D Pharmacy,CAP Round I,05301,"Shri.Krishna Educational & Cultural Mandal,Shri.Gulabrao Deokar Institute of Pharmacy & Research Centre, Jalgaon",Jalgaon,Unaided,LNTB,State Level,Ladies,16352,62.33
2024-25,D Pharmacy,CAP Round I,05301,"Shri.Krishna Educational & Cultural Mandal,Shri.Gulabrao Deokar Institute of Pharmacy & Research Centre, Jalgaon",Jalgaon,Unaided,LOBC,State Level,Ladies,24078,52.0
2024-25,D Pharmacy,CAP Round I,05301,"Shri.Krishna Educational & Cultural Mandal,Shri.Gulabrao Deokar Institute of Pharmacy & Research Centre, Jalgaon",Jalgaon,Unaided,EWS,Special,Any,15831,63.0
2024-25,D Pharmacy,CAP Round I,05301,"Shri.Krishna Educational & Cultural Mandal,Shri.Gulabrao Deokar Institute of Pharmacy & Research Centre, Jalgaon",Jalgaon,Unaided,TFWS,Special,Any,13938,65.67
2024-25,D Pharmacy,CAP Round I,05303,"Hon. Shri. Babanrao Pachpute Vichardhara Trust, Group of Institutions (Integrated Campus)-Parikrama, Kashti Shrigondha,",,Unaided,GOPEN,State Level,Any,25834,49.67
2024-25,D Pharmacy,CAP Round I,05303,"Hon. Shri. Babanrao Pachpute Vichardhara Trust, Group of Institutions (Integrated Campus)-Parikrama, Kashti Shrigondha,",,Unaided,GNTA,State Level,Any,34129,39.33
2024-25,D Pharmacy,CAP Round I,05303,"Hon. Shri. Babanrao Pachpute Vichardhara Trust, Group of Institutions (Integrated Campus)-Parikrama, Kashti Shrigondha,",,Unaided,GNTC,State Level,Any,33196,40.67
2024-25,D Pharmacy,CAP Round I,05303,"Hon. Shri. Babanrao Pachpute Vichardhara Trust, Group of Institutions (Integrated Campus)-Parikrama, Kashti Shrigondha,",,Unaided,GOBC,State Level,Any,33956,39.67
2024-25,D Pharmacy,CAP Round I,05303,"Hon. Shri. Babanrao Pachpute Vichardhara Trust, Group of Institutions (Integrated Campus)-Parikrama, Kashti Shrigondha,",,Unaided,LOPEN,State Level,Ladies,17147,61.0
2024-25,D Pharmacy,CAP Round I,05303,"Hon. Shri. Babanrao Pachpute Vichardhara Trust, Group of Institutions (Integrated Campus)-Parikrama, Kashti Shrigondha,",,Unaided,LSC,State Level,Ladies,27994,47.0
2024-25,D Pharmacy,CAP Round I,05303,"Hon. Shri. Babanrao Pachpute Vichardhara Trust, Group of Institutions (Integrated Campus)-Parikrama, Kashti Shrigondha,",,Unaided,LNTC,State Level,Ladies,18905,58.67
2024-25,D Pharmacy,CAP Round I,05303,"Hon. Shri. Babanrao Pachpute Vichardhara Trust, Group of Institutions (Integrated Campus)-Parikrama, Kashti Shrigondha,",,Unaided,LOBC,State Level,Ladies,21299,55.67
2024-25,D Pharmacy,CAP Round I,05303,"Hon. Shri. Babanrao Pachpute Vichardhara Trust, Group of Institutions (Integrated Campus)-Parikrama, Kashti Shrigondha,",,Unaided,LSEBC,State Level,Ladies,19765,57.67
2024-25,D Pharmacy,CAP Round I,05303,"Hon. Shri. Babanrao Pachpute Vichardhara Trust, Group of Institutions (Integrated Campus)-Parikrama, Kashti Shrigondha,",,Unaided,DEFOPEN,State Level,Any,24331,51.67
2024-25,D Pharmacy,CAP Round I,05303,"Hon. Shri. Babanrao Pachpute Vichardhara Trust, Group of Institutions (Integrated Campus)-Parikrama, Kashti Shrigondha,",,Unaided,EWS,Special,Any,32307,41.67
2024-25,D Pharmacy,CAP Round I,05303,"Hon. Shri. Babanrao Pachpute Vichardhara Trust, Group of Institutions (Integrated Campus)-Parikrama, Kashti Shrigondha,",,Unaided,TFWS,Special,Any,5832,76.67
2024-25,D Pharmacy,CAP Round I,05391,"Sandip Institute of Pharmaceutical Science, Nashik.",Nashik,Unaided,GOPEN,State Level,Any,24778,51.0
2024-25,D Pharmacy,CAP Round I,05391,"Sandip Institute of Pharmaceutical Science, Nashik.",Nashik,Unaided,GSC,State Level,Any,36471,35.67
2024-25,D Pharmacy,CAP Round I,05391,"Sandip Institute of Pharmaceutical Science, Nashik.",Nashik,Unaided,GST,State Level,Any,33470,40.33
2024-25,D Pharmacy,CAP Round I,05391,"Sandip Institute of Pharmaceutical Science, Nashik.",Nashik,Unaided,GOBC,State Level,Any,36407,36.0
2024-25,D Pharmacy,CAP Round I,05391,"Sandip Institute of Pharmaceutical Science, Nashik.",Nashik,Unaided,GSEBC,State Level,Any,30360,44.0
2024-25,D Pharmacy,CAP Round I,05391,"Sandip Institute of Pharmaceutical Science, Nashik.",Nashik,Unaided,LOPEN,State Level,Ladies,16581,62.0
2024-25,D Pharmacy,CAP Round I,05391,"Sandip Institute of Pharmaceutical Science, Nashik.",Nashik,Unaided,LSC,State Level,Ladies,32091,42.0
2024-25,D Pharmacy,CAP Round I,05391,"Sandip Institute of Pharmaceutical Science, Nashik.",Nashik,Unaided,LST,State Level,Ladies,25656,50.0
2024-25,D Pharmacy,CAP Round I,05391,"Sandip Institute of Pharmaceutical Science, Nashik.",Nashik,Unaided,LNTC,State Level,Ladies,20580,56.67
2024-25,D Pharmacy,CAP Round I,05391,"Sandip Institute of Pharmaceutical Science, Nashik.",Nashik,Unaided,LOBC,State Level,Ladies,29038,45.67
2024-25,D Pharmacy,CAP Round I,05391,"Sandip Institute of Pharmaceutical Science, Nashik.",Nashik,Unaided,TFWS,Special,Any,34294,39.33
2024-25,D Pharmacy,CAP Round I,05403,"Samarth Institute of Pharmacy, Kavathe",Kolhapur,Unaided,GOPEN,State Level,Any,9989,71.0
2024-25,D Pharmacy,CAP Round I,05403,"Samarth Institute of Pharmacy, Kavathe",Kolhapur,Unaided,GST,State Level,Any,10683,70.0
2024-25,D Pharmacy,CAP Round I,05403,"Samarth Institute of Pharmacy, Kavathe",Kolhapur,Unaided,GNTA,State Level,Any,11573,68.67
2024-25,D Pharmacy,CAP Round I,05403,"Samarth Institute of Pharmacy, Kavathe",Kolhapur,Unaided,GOBC,State Level,Any,21056,56.0
2024-25,D Pharmacy,CAP Round I,05403,"Samarth Institute of Pharmacy, Kavathe",Kolhapur,Unaided,GSEBC,State Level,Any,12410,67.67
2024-25,D Pharmacy,CAP Round I,05403,"Samarth Institute of Pharmacy, Kavathe",Kolhapur,Unaided,LOPEN,State Level,Ladies,4727,78.33
2024-25,D Pharmacy,CAP Round I,05403,"Samarth Institute of Pharmacy, Kavathe",Kolhapur,Unaided,LST,State Level,Ladies,10095,70.67
2024-25,D Pharmacy,CAP Round I,05403,"Samarth Institute of Pharmacy, Kavathe",Kolhapur,Unaided,LOBC,State Level,Ladies,8203,73.33
2024-25,D Pharmacy,CAP Round I,05403,"Samarth Institute of Pharmacy, Kavathe",Kolhapur,Unaided,PWDOPEN,State Level,Any,19476,58.0
2024-25,D Pharmacy,CAP Round I,05403,"Samarth Institute of Pharmacy, Kavathe",Kolhapur,Unaided,EWS,Special,Any,15494,63.33
2024-25,D Pharmacy,CAP Round I,05403,"Samarth Institute of Pharmacy, Kavathe",Kolhapur,Unaided,LNTB,State Level,Ladies,16098,62.67
2024-25,D Pharmacy,CAP Round I,05405,"Matoshri College of Pharmacy, Eklahare, Nashik",Nashik,Unaided,GOPEN,State Level,Any,23431,53.0
2024-25,D Pharmacy,CAP Round I,05405,"Matoshri College of Pharmacy, Eklahare, Nashik",Nashik,Unaided,GSC,State Level,Any,31870,42.33
2024-25,D Pharmacy,CAP Round I,05405,"Matoshri College of Pharmacy, Eklahare, Nashik",Nashik,Unaided,GNTA,State Level,Any,31084,43.33
2024-25,D Pharmacy,CAP Round I,05405,"Matoshri College of Pharmacy, Eklahare, Nashik",Nashik,Unaided,GNTD,State Level,Any,26000,49.67
2024-25,D Pharmacy,CAP Round I,05405,"Matoshri College of Pharmacy, Eklahare, Nashik",Nashik,Unaided,GOBC,State Level,Any,36288,36.33
2024-25,D Pharmacy,CAP Round I,05405,"Matoshri College of Pharmacy, Eklahare, Nashik",Nashik,Unaided,LOPEN,State Level,Ladies,18841,59.0
2024-25,D Pharmacy,CAP Round I,05405,"Matoshri College of Pharmacy, Eklahare, Nashik",Nashik,Unaided,LSC,State Level,Ladies,25138,50.67
2024-25,D Pharmacy,CAP Round I,05405,"Matoshri College of Pharmacy, Eklahare, Nashik",Nashik,Unaided,LOBC,State Level,Ladies,21894,55.0
2024-25,D Pharmacy,CAP Round I,05405,"Matoshri College of Pharmacy, Eklahare, Nashik",Nashik,Unaided,TFWS,Special,Any,24081,52.0
2024-25,D Pharmacy,CAP Round I,05407,"J.E.S.S. College of Pharmacy, Nandurbar",Nandurbar,Unaided,GOPEN,State Level,Any,7372,74.67
2024-25,D Pharmacy,CAP Round I,05407,"J.E.S.S. College of Pharmacy, Nandurbar",Nandurbar,Unaided,GST,State Level,Any,7703,74.0
2024-25,D Pharmacy,CAP Round I,05407,"J.E.S.S. College of Pharmacy, Nandurbar",Nandurbar,Unaided,GNTA,State Level,Any,13370,66.33
2024-25,D Pharmacy,CAP Round I,05407,"J.E.S.S. College of Pharmacy, Nandurbar",Nandurbar,Unaided,GNTB,State Level,Any,7756,74.0
2024-25,D Pharmacy,CAP Round I,05407,"J.E.S.S. College of Pharmacy, Nandurbar",Nandurbar,Unaided,GOBC,State Level,Any,19626,58.0
2024-25,D Pharmacy,CAP Round I,05407,"J.E.S.S. College of Pharmacy, Nandurbar",Nandurbar,Unaided,LOPEN,State Level,Ladies,1777,84.33
2024-25,D Pharmacy,CAP Round I,05407,"J.E.S.S. College of Pharmacy, Nandurbar",Nandurbar,Unaided,LSC,State Level,Ladies,21324,55.67
2024-25,D Pharmacy,CAP Round I,05407,"J.E.S.S. College of Pharmacy, Nandurbar",Nandurbar,Unaided,LST,State Level,Ladies,3443,80.67
2024-25,D Pharmacy,CAP Round I,05407,"J.E.S.S. College of Pharmacy, Nandurbar",Nandurbar,Unaided,LNTA,State Level,Ladies,2324,83.0
2024-25,D Pharmacy,CAP Round I,05407,"J.E.S.S. College of Pharmacy, Nandurbar",Nandurbar,Unaided,LOBC,State Level,Ladies,18673,59.0
2024-25,D Pharmacy,CAP Round I,05407,"J.E.S.S. College of Pharmacy, Nandurbar",Nandurbar,Unaided,PWDOPEN,State Level,Any,11266,69.33
2024-25,D Pharmacy,CAP Round I,05407,"J.E.S.S. College of Pharmacy, Nandurbar",Nandurbar,Unaided,PWDRST,State Level,Any,12212,68.0
2024-25,D Pharmacy,CAP Round I,05407,"J.E.S.S. College of Pharmacy, Nandurbar",Nandurbar,Unaided,EWS,Special,Any,14406,65.0
2024-25,D Pharmacy,CAP Round I,05407,"J.E.S.S. College of Pharmacy, Nandurbar",Nandurbar,Unaided,TFWS,Special,Any,10678,70.0
2024-25,D Pharmacy,CAP Round I,05410,"Gokhale Education Society's Sir Dr. M.S.Gosavi College of Pharmaceutical Education & Research, Nashik",Nashik,Unaided,GOPEN,State Level,Any,20123,57.33
2024-25,D Pharmacy,CAP Round I,05410,"Gokhale Education Society's Sir Dr. M.S.Gosavi College of Pharmaceutical Education & Research, Nashik",Nashik,Unaided,GSC,State Level,Any,36367,36.0
2024-25,D Pharmacy,CAP Round I,05410,"Gokhale Education Society's Sir Dr. M.S.Gosavi College of Pharmaceutical Education & Research, Nashik",Nashik,Unaided,GST,State Level,Any,33871,39.67
2024-25,D Pharmacy,CAP Round I,05410,"Gokhale Education Society's Sir Dr. M.S.Gosavi College of Pharmaceutical Education & Research, Nashik",Nashik,Unaided,GNTA,State Level,Any,22593,54.0
2024-25,D Pharmacy,CAP Round I,05410,"Gokhale Education Society's Sir Dr. M.S.Gosavi College of Pharmaceutical Education & Research, Nashik",Nashik,Unaided,GNTC,State Level,Any,23436,53.0
2024-25,D Pharmacy,CAP Round I,05410,"Gokhale Education Society's Sir Dr. M.S.Gosavi College of Pharmaceutical Education & Research, Nashik",Nashik,Unaided,GNTD,State Level,Any,28384,46.67
2024-25,D Pharmacy,CAP Round I,05410,"Gokhale Education Society's Sir Dr. M.S.Gosavi College of Pharmaceutical Education & Research, Nashik",Nashik,Unaided,GOBC,State Level,Any,28442,46.33
2024-25,D Pharmacy,CAP Round I,05410,"Gokhale Education Society's Sir Dr. M.S.Gosavi College of Pharmaceutical Education & Research, Nashik",Nashik,Unaided,LOPEN,State Level,Ladies,10811,69.67
2024-25,D Pharmacy,CAP Round I,05410,"Gokhale Education Society's Sir Dr. M.S.Gosavi College of Pharmaceutical Education & Research, Nashik",Nashik,Unaided,LSC,State Level,Ladies,32603,41.33
2024-25,D Pharmacy,CAP Round I,05410,"Gokhale Education Society's Sir Dr. M.S.Gosavi College of Pharmaceutical Education & Research, Nashik",Nashik,Unaided,LST,State Level,Ladies,11312,69.0
2024-25,D Pharmacy,CAP Round I,05410,"Gokhale Education Society's Sir Dr. M.S.Gosavi College of Pharmaceutical Education & Research, Nashik",Nashik,Unaided,LNTA,State Level,Ladies,32154,42.0
2024-25,D Pharmacy,CAP Round I,05410,"Gokhale Education Society's Sir Dr. M.S.Gosavi College of Pharmaceutical Education & Research, Nashik",Nashik,Unaided,LOBC,State Level,Ladies,16172,62.33
2024-25,D Pharmacy,CAP Round I,05410,"Gokhale Education Society's Sir Dr. M.S.Gosavi College of Pharmaceutical Education & Research, Nashik",Nashik,Unaided,EWS,Special,Any,31419,42.67
2024-25,D Pharmacy,CAP Round I,05410,"Gokhale Education Society's Sir Dr. M.S.Gosavi College of Pharmaceutical Education & Research, Nashik",Nashik,Unaided,TFWS,Special,Any,11037,69.33
2024-25,D Pharmacy,CAP Round I,05421,"Pravara Rural Education Society's College of PHarmacy (D.Pharm), Chincholi",Chandrapur,Unaided,GOPEN,State Level,Any,22183,54.67
2024-25,D Pharmacy,CAP Round I,05421,"Pravara Rural Education Society's College of PHarmacy (D.Pharm), Chincholi",Chandrapur,Unaided,GNTC,State Level,Any,31735,42.33
2024-25,D Pharmacy,CAP Round I,05421,"Pravara Rural Education Society's College of PHarmacy (D.Pharm), Chincholi",Chandrapur,Unaided,GNTD,State Level,Any,24180,52.0
2024-25,D Pharmacy,CAP Round I,05421,"Pravara Rural Education Society's College of PHarmacy (D.Pharm), Chincholi",Chandrapur,Unaided,GOBC,State Level,Any,27667,47.33
2024-25,D Pharmacy,CAP Round I,05421,"Pravara Rural Education Society's College of PHarmacy (D.Pharm), Chincholi",Chandrapur,Unaided,LOPEN,State Level,Ladies,17508,60.67
2024-25,D Pharmacy,CAP Round I,05421,"Pravara Rural Education Society's College of PHarmacy (D.Pharm), Chincholi",Chandrapur,Unaided,LSC,State Level,Ladies,35585,37.67
2024-25,D Pharmacy,CAP Round I,05421,"Pravara Rural Education Society's College of PHarmacy (D.Pharm), Chincholi",Chandrapur,Unaided,LNTA,State Level,Ladies,29046,45.67
2024-25,D Pharmacy,CAP Round I,05421,"Pravara Rural Education Society's College of PHarmacy (D.Pharm), Chincholi",Chandrapur,Unaided,LNTC,State Level,Ladies,25553,50.0
2024-25,D Pharmacy,CAP Round I,05421,"Pravara Rural Education Society's College of PHarmacy (D.Pharm), Chincholi",Chandrapur,Unaided,LNTD,State Level,Ladies,19555,58.0
2024-25,D Pharmacy,CAP Round I,05421,"Pravara Rural Education Society's College of PHarmacy (D.Pharm), Chincholi",Chandrapur,Unaided,LOBC,State Level,Ladies,18728,59.0
2024-25,D Pharmacy,CAP Round I,05421,"Pravara Rural Education Society's College of PHarmacy (D.Pharm), Chincholi",Chandrapur,Unaided,EWS,Special,Any,34823,38.67
2024-25,D Pharmacy,CAP Round I,05421,"Pravara Rural Education Society's College of PHarmacy (D.Pharm), Chincholi",Chandrapur,Unaided,TFWS,Special,Any,17690,60.33
2024-25,D Pharmacy,CAP Round I,05422,"Parikrama Diploma in Pharmaceutical Science, Kashti, Tal Shrigonda",Ahmednagar,Unaided,GOPEN,State Level,Any,25821,49.67
2024-25,D Pharmacy,CAP Round I,05422,"Parikrama Diploma in Pharmaceutical Science, Kashti, Tal Shrigonda",Ahmednagar,Unaided,GSC,State Level,Any,33935,39.67
2024-25,D Pharmacy,CAP Round I,05422,"Parikrama Diploma in Pharmaceutical Science, Kashti, Tal Shrigonda",Ahmednagar,Unaided,GNTA,State Level,Any,26435,49.0
2024-25,D Pharmacy,CAP Round I,05422,"Parikrama Diploma in Pharmaceutical Science, Kashti, Tal Shrigonda",Ahmednagar,Unaided,GNTC,State Level,Any,27606,47.67
2024-25,D Pharmacy,CAP Round I,05422,"Parikrama Diploma in Pharmaceutical Science, Kashti, Tal Shrigonda",Ahmednagar,Unaided,GOBC,State Level,Any,31684,42.33
2024-25,D Pharmacy,CAP Round I,05422,"Parikrama Diploma in Pharmaceutical Science, Kashti, Tal Shrigonda",Ahmednagar,Unaided,GSEBC,State Level,Any,30283,44.0
2024-25,D Pharmacy,CAP Round I,05422,"Parikrama Diploma in Pharmaceutical Science, Kashti, Tal Shrigonda",Ahmednagar,Unaided,LOPEN,State Level,Ladies,10797,69.67
2024-25,D Pharmacy,CAP Round I,05422,"Parikrama Diploma in Pharmaceutical Science, Kashti, Tal Shrigonda",Ahmednagar,Unaided,LSC,State Level,Ladies,25528,50.33
2024-25,D Pharmacy,CAP Round I,05422,"Parikrama Diploma in Pharmaceutical Science, Kashti, Tal Shrigonda",Ahmednagar,Unaided,LNTB,State Level,Ladies,12349,67.67
2024-25,D Pharmacy,CAP Round I,05422,"Parikrama Diploma in Pharmaceutical Science, Kashti, Tal Shrigonda",Ahmednagar,Unaided,LOBC,State Level,Ladies,15583,63.33
2024-25,D Pharmacy,CAP Round I,05422,"Parikrama Diploma in Pharmaceutical Science, Kashti, Tal Shrigonda",Ahmednagar,Unaided,LSEBC,State Level,Ladies,22701,54.0
2024-25,D Pharmacy,CAP Round I,05422,"Parikrama Diploma in Pharmaceutical Science, Kashti, Tal Shrigonda",Ahmednagar,Unaided,EWS,Special,Any,36075,36.67
2024-25,D Pharmacy,CAP Round I,05422,"Parikrama Diploma in Pharmaceutical Science, Kashti, Tal Shrigonda",Ahmednagar,Unaided,TFWS,Special,Any,30304,44.0
2024-25,D Pharmacy,CAP Round I,05424,"Pratibhatai Pawer College of Pharmacy, Shrirampur",Ahmednagar,Unaided,GOPEN,State Level,Any,32642,41.33
2024-25,D Pharmacy,CAP Round I,05424,"Pratibhatai Pawer College of Pharmacy, Shrirampur",Ahmednagar,Unaided,GST,State Level,Any,36623,35.33
2024-25,D Pharmacy,CAP Round I,05424,"Pratibhatai Pawer College of Pharmacy, Shrirampur",Ahmednagar,Unaided,GNTA,State Level,Any,36649,35.33
2024-25,D Pharmacy,CAP Round I,05424,"Pratibhatai Pawer College of Pharmacy, Shrirampur",Ahmednagar,Unaided,GNTB,State Level,Any,33301,40.33
2024-25,D Pharmacy,CAP Round I,05424,"Pratibhatai Pawer College of Pharmacy, Shrirampur",Ahmednagar,Unaided,GOBC,State Level,Any,36463,35.67
2024-25,D Pharmacy,CAP Round I,05424,"Pratibhatai Pawer College of Pharmacy, Shrirampur",Ahmednagar,Unaided,GSEBC,State Level,Any,36216,36.33
2024-25,D Pharmacy,CAP Round I,05424,"Pratibhatai Pawer College of Pharmacy, Shrirampur",Ahmednagar,Unaided,LOPEN,State Level,Ladies,9761,71.33
2024-25,D Pharmacy,CAP Round I,05424,"Pratibhatai Pawer College of Pharmacy, Shrirampur",Ahmednagar,Unaided,LSC,State Level,Ladies,35342,38.0
2024-25,D Pharmacy,CAP Round I,05424,"Pratibhatai Pawer College of Pharmacy, Shrirampur",Ahmednagar,Unaided,LST,State Level,Ladies,19336,58.33
2024-25,D Pharmacy,CAP Round I,05424,"Pratibhatai Pawer College of Pharmacy, Shrirampur",Ahmednagar,Unaided,LNTA,State Level,Ladies,35547,37.67
2024-25,D Pharmacy,CAP Round I,05424,"Pratibhatai Pawer College of Pharmacy, Shrirampur",Ahmednagar,Unaided,LNTB,State Level,Ladies,32025,42.0
2024-25,D Pharmacy,CAP Round I,05424,"Pratibhatai Pawer College of Pharmacy, Shrirampur",Ahmednagar,Unaided,LOBC,State Level,Ladies,25317,50.33
2024-25,D Pharmacy,CAP Round I,05424,"Pratibhatai Pawer College of Pharmacy, Shrirampur",Ahmednagar,Unaided,TFWS,Special,Any,35213,38.0
2024-25,D Pharmacy,CAP Round I,05425,"Pravara Rural Education Society's Institute of Pharmacy, Loni Kd",Ahmednagar,Unaided,GOPEN,State Level,Any,30462,44.0
2024-25,D Pharmacy,CAP Round I,05425,"Pravara Rural Education Society's Institute of Pharmacy, Loni Kd",Ahmednagar,Unaided,GSC,State Level,Any,35791,37.33
2024-25,D Pharmacy,CAP Round I,05425,"Pravara Rural Education Society's Institute of Pharmacy, Loni Kd",Ahmednagar,Unaided,GST,State Level,Any,36336,36.0
2024-25,D Pharmacy,CAP Round I,05425,"Pravara Rural Education Society's Institute of Pharmacy, Loni Kd",Ahmednagar,Unaided,GNTA,State Level,Any,33737,40.0
2024-25,D Pharmacy,CAP Round I,05425,"Pravara Rural Education Society's Institute of Pharmacy, Loni Kd",Ahmednagar,Unaided,GNTC,State Level,Any,33122,40.67
2024-25,D Pharmacy,CAP Round I,05425,"Pravara Rural Education Society's Institute of Pharmacy, Loni Kd",Ahmednagar,Unaided,GOBC,State Level,Any,35850,37.0
2024-25,D Pharmacy,CAP Round I,05425,"Pravara Rural Education Society's Institute of Pharmacy, Loni Kd",Ahmednagar,Unaided,LOPEN,State Level,Ladies,26748,48.67
2024-25,D Pharmacy,CAP Round I,05425,"Pravara Rural Education Society's Institute of Pharmacy, Loni Kd",Ahmednagar,Unaided,LSC,State Level,Ladies,34379,39.0
2024-25,D Pharmacy,CAP Round I,05425,"Pravara Rural Education Society's Institute of Pharmacy, Loni Kd",Ahmednagar,Unaided,LOBC,State Level,Ladies,33397,40.33
2024-25,D Pharmacy,CAP Round I,05425,"Pravara Rural Education Society's Institute of Pharmacy, Loni Kd",Ahmednagar,Unaided,TFWS,Special,Any,31480,42.67
2024-25,D Pharmacy,CAP Round I,05427,"R.G.Sapkal Institute of Pharmacy, Anjaneri",Nashik,Unaided,GOPEN,State Level,Any,26896,48.33
2024-25,D Pharmacy,CAP Round I,05427,"R.G.Sapkal Institute of Pharmacy, Anjaneri",Nashik,Unaided,GSC,State Level,Any,35271,38.0
2024-25,D Pharmacy,CAP Round I,05427,"R.G.Sapkal Institute of Pharmacy, Anjaneri",Nashik,Unaided,GST,State Level,Any,31078,43.33
2024-25,D Pharmacy,CAP Round I,05427,"R.G.Sapkal Institute of Pharmacy, Anjaneri",Nashik,Unaided,GNTB,State Level,Any,33624,40.0
2024-25,D Pharmacy,CAP Round I,05427,"R.G.Sapkal Institute of Pharmacy, Anjaneri",Nashik,Unaided,GOBC,State Level,Any,35954,37.0
2024-25,D Pharmacy,CAP Round I,05427,"R.G.Sapkal Institute of Pharmacy, Anjaneri",Nashik,Unaided,LOPEN,State Level,Ladies,15848,63.0
2024-25,D Pharmacy,CAP Round I,05427,"R.G.Sapkal Institute of Pharmacy, Anjaneri",Nashik,Unaided,LSC,State Level,Ladies,31833,42.33
2024-25,D Pharmacy,CAP Round I,05427,"R.G.Sapkal Institute of Pharmacy, Anjaneri",Nashik,Unaided,LST,State Level,Ladies,26743,48.67
2024-25,D Pharmacy,CAP Round I,05427,"R.G.Sapkal Institute of Pharmacy, Anjaneri",Nashik,Unaided,LNTB,State Level,Ladies,24492,51.67
2024-25,D Pharmacy,CAP Round I,05427,"R.G.Sapkal Institute of Pharmacy, Anjaneri",Nashik,Unaided,LOBC,State Level,Ladies,26766,48.67
2024-25,D Pharmacy,CAP Round I,05427,"R.G.Sapkal Institute of Pharmacy, Anjaneri",Nashik,Unaided,LSEBC,State Level,Ladies,16293,62.33
2024-25,D Pharmacy,CAP Round I,05427,"R.G.Sapkal Institute of Pharmacy, Anjaneri",Nashik,Unaided,PWDOPEN,State Level,Any,32968,41.0
2024-25,D Pharmacy,CAP Round I,05427,"R.G.Sapkal Institute of Pharmacy, Anjaneri",Nashik,Unaided,EWS,Special,Any,14093,65.33
2024-25,D Pharmacy,CAP Round I,05427,"R.G.Sapkal Institute of Pharmacy, Anjaneri",Nashik,Unaided,TFWS,Special,Any,6822,75.33
2024-25,D Pharmacy,CAP Round I,05428,"Ahinsa Institute of Pharmacy, Dondaicha",Dhule,Unaided,GOPEN,State Level,Any,12027,68.0
2024-25,D Pharmacy,CAP Round I,05428,"Ahinsa Institute of Pharmacy, Dondaicha",Dhule,Unaided,LOPEN,State Level,Ladies,15805,63.0
2024-25,D Pharmacy,CAP Round I,05428,"Ahinsa Institute of Pharmacy, Dondaicha",Dhule,Unaided,TFWS,Special,Any,7552,74.33
2024-25,D Pharmacy,CAP Round I,05429,Nimgaon Gramin Shikshan Prasarak Mandal's Institute of Pharmacy D.Pharmacy,D.Pharmacy,Unaided,GOPEN,State Level,Any,11355,69.0
2024-25,D Pharmacy,CAP Round I,05429,Nimgaon Gramin Shikshan Prasarak Mandal's Institute of Pharmacy D.Pharmacy,D.Pharmacy,Unaided,GSC,State Level,Any,18035,60.0
2024-25,D Pharmacy,CAP Round I,05429,Nimgaon Gramin Shikshan Prasarak Mandal's Institute of Pharmacy D.Pharmacy,D.Pharmacy,Unaided,GNTA,State Level,Any,21861,55.0
2024-25,D Pharmacy,CAP Round I,05429,Nimgaon Gramin Shikshan Prasarak Mandal's Institute of Pharmacy D.Pharmacy,D.Pharmacy,Unaided,GNTC,State Level,Any,12595,67.33
2024-25,D Pharmacy,CAP Round I,05429,Nimgaon Gramin Shikshan Prasarak Mandal's Institute of Pharmacy D.Pharmacy,D.Pharmacy,Unaided,GOBC,State Level,Any,19153,58.67
2024-25,D Pharmacy,CAP Round I,05429,Nimgaon Gramin Shikshan Prasarak Mandal's Institute of Pharmacy D.Pharmacy,D.Pharmacy,Unaided,LOPEN,State Level,Ladies,7039,75.0
2024-25,D Pharmacy,CAP Round I,05429,Nimgaon Gramin Shikshan Prasarak Mandal's Institute of Pharmacy D.Pharmacy,D.Pharmacy,Unaided,LSC,State Level,Ladies,16516,62.0
2024-25,D Pharmacy,CAP Round I,05429,Nimgaon Gramin Shikshan Prasarak Mandal's Institute of Pharmacy D.Pharmacy,D.Pharmacy,Unaided,LNTA,State Level,Ladies,15063,64.0
2024-25,D Pharmacy,CAP Round I,05429,Nimgaon Gramin Shikshan Prasarak Mandal's Institute of Pharmacy D.Pharmacy,D.Pharmacy,Unaided,LNTC,State Level,Ladies,30696,43.67
2024-25,D Pharmacy,CAP Round I,05429,Nimgaon Gramin Shikshan Prasarak Mandal's Institute of Pharmacy D.Pharmacy,D.Pharmacy,Unaided,LOBC,State Level,Ladies,8400,73.0
2024-25,D Pharmacy,CAP Round I,05429,Nimgaon Gramin Shikshan Prasarak Mandal's Institute of Pharmacy D.Pharmacy,D.Pharmacy,Unaided,EWS,Special,Any,36454,35.67
2024-25,D Pharmacy,CAP Round I,05429,Nimgaon Gramin Shikshan Prasarak Mandal's Institute of Pharmacy D.Pharmacy,D.Pharmacy,Unaided,TFWS,Special,Any,6139,76.33
2024-25,D Pharmacy,CAP Round I,05430,"Swami Institute of Pharmacy, Abhona",Nashik,Unaided,GOPEN,State Level,Any,12909,67.0
2024-25,D Pharmacy,CAP Round I,05430,"Swami Institute of Pharmacy, Abhona",Nashik,Unaided,GST,State Level,Any,16022,62.67
2024-25,D Pharmacy,CAP Round I,05430,"Swami Institute of Pharmacy, Abhona",Nashik,Unaided,GNTC,State Level,Any,19501,58.0
2024-25,D Pharmacy,CAP Round I,05430,"Swami Institute of Pharmacy, Abhona",Nashik,Unaided,GNTD,State Level,Any,27730,47.33
2024-25,D Pharmacy,CAP Round I,05430,"Swami Institute of Pharmacy, Abhona",Nashik,Unaided,GOBC,State Level,Any,28457,46.33
2024-25,D Pharmacy,CAP Round I,05430,"Swami Institute of Pharmacy, Abhona",Nashik,Unaided,LOPEN,State Level,Ladies,6073,76.33
2024-25,D Pharmacy,CAP Round I,05430,"Swami Institute of Pharmacy, Abhona",Nashik,Unaided,LST,State Level,Ladies,6419,76.0
2024-25,D Pharmacy,CAP Round I,05430,"Swami Institute of Pharmacy, Abhona",Nashik,Unaided,LOBC,State Level,Ladies,29792,44.67
2024-25,D Pharmacy,CAP Round I,05430,"Swami Institute of Pharmacy, Abhona",Nashik,Unaided,PWDOPEN,State Level,Any,16513,62.0
2024-25,D Pharmacy,CAP Round I,05430,"Swami Institute of Pharmacy, Abhona",Nashik,Unaided,EWS,Special,Any,34986,38.33
2024-25,D Pharmacy,CAP Round I,05430,"Swami Institute of Pharmacy, Abhona",Nashik,Unaided,TFWS,Special,Any,18268,59.67
2024-25,D Pharmacy,CAP Round I,05432,"R.M.S. Institute of Pharmacy, Sayane Khurd",Nashik,Unaided,GOPEN,State Level,Any,29047,45.67
2024-25,D Pharmacy,CAP Round I,05432,"R.M.S. Institute of Pharmacy, Sayane Khurd",Nashik,Unaided,LOPEN,State Level,Ladies,31199,43.0
2024-25,D Pharmacy,CAP Round I,05432,"R.M.S. Institute of Pharmacy, Sayane Khurd",Nashik,Unaided,MI,Special,Any,26688,48.67
2024-25,D Pharmacy,CAP Round I,05432,"R.M.S. Institute of Pharmacy, Sayane Khurd",Nashik,Unaided,TFWS,Special,Any,7441,74.33
2024-25,D Pharmacy,CAP Round I,05435,"Prof. Ravindra Nikam College of Pharmacy, Gondur, Dhule",Dhule,Unaided,GOPEN,State Level,Any,15777,63.0
2024-25,D Pharmacy,CAP Round I,05435,"Prof. Ravindra Nikam College of Pharmacy, Gondur, Dhule",Dhule,Unaided,GSC,State Level,Any,28395,46.67
2024-25,D Pharmacy,CAP Round I,05435,"Prof. Ravindra Nikam College of Pharmacy, Gondur, Dhule",Dhule,Unaided,GST,State Level,Any,20313,57.0
2024-25,D Pharmacy,CAP Round I,05435,"Prof. Ravindra Nikam College of Pharmacy, Gondur, Dhule",Dhule,Unaided,GNTA,State Level,Any,24481,51.67
2024-25,D Pharmacy,CAP Round I,05435,"Prof. Ravindra Nikam College of Pharmacy, Gondur, Dhule",Dhule,Unaided,GNTC,State Level,Any,19593,58.0
2024-25,D Pharmacy,CAP Round I,05435,"Prof. Ravindra Nikam College of Pharmacy, Gondur, Dhule",Dhule,Unaided,GOBC,State Level,Any,36607,35.33
2024-25,D Pharmacy,CAP Round I,05435,"Prof. Ravindra Nikam College of Pharmacy, Gondur, Dhule",Dhule,Unaided,LOPEN,State Level,Ladies,22448,54.33
2024-25,D Pharmacy,CAP Round I,05435,"Prof. Ravindra Nikam College of Pharmacy, Gondur, Dhule",Dhule,Unaided,LST,State Level,Ladies,36442,35.67
2024-25,D Pharmacy,CAP Round I,05435,"Prof. Ravindra Nikam College of Pharmacy, Gondur, Dhule",Dhule,Unaided,LOBC,State Level,Ladies,34897,38.33
2024-25,D Pharmacy,CAP Round I,05435,"Prof. Ravindra Nikam College of Pharmacy, Gondur, Dhule",Dhule,Unaided,TFWS,Special,Any,34019,39.67
2024-25,D Pharmacy,CAP Round I,05435,"Prof. Ravindra Nikam College of Pharmacy, Gondur, Dhule",Dhule,Unaided,LNTC,State Level,Ladies,19609,58.0
2024-25,D Pharmacy,CAP Round I,05436,"Seva Shikshan Prasarak Mandal's Dr. N.J. Paulbudhe College of Pharmacy (Diploma), Ahmednagar",Ahmednagar,Unaided,GOPEN,State Level,Any,12838,67.0
2024-25,D Pharmacy,CAP Round I,05436,"Seva Shikshan Prasarak Mandal's Dr. N.J. Paulbudhe College of Pharmacy (Diploma), Ahmednagar",Ahmednagar,Unaided,GSC,State Level,Any,31252,43.0
2024-25,D Pharmacy,CAP Round I,05436,"Seva Shikshan Prasarak Mandal's Dr. N.J. Paulbudhe College of Pharmacy (Diploma), Ahmednagar",Ahmednagar,Unaided,GNTA,State Level,Any,13841,65.67
2024-25,D Pharmacy,CAP Round I,05436,"Seva Shikshan Prasarak Mandal's Dr. N.J. Paulbudhe College of Pharmacy (Diploma), Ahmednagar",Ahmednagar,Unaided,GNTB,State Level,Any,18786,59.0
2024-25,D Pharmacy,CAP Round I,05436,"Seva Shikshan Prasarak Mandal's Dr. N.J. Paulbudhe College of Pharmacy (Diploma), Ahmednagar",Ahmednagar,Unaided,GNTC,State Level,Any,15024,64.0
2024-25,D Pharmacy,CAP Round I,05436,"Seva Shikshan Prasarak Mandal's Dr. N.J. Paulbudhe College of Pharmacy (Diploma), Ahmednagar",Ahmednagar,Unaided,GOBC,State Level,Any,18818,59.0
2024-25,D Pharmacy,CAP Round I,05436,"Seva Shikshan Prasarak Mandal's Dr. N.J. Paulbudhe College of Pharmacy (Diploma), Ahmednagar",Ahmednagar,Unaided,LOPEN,State Level,Ladies,9788,71.33
2024-25,D Pharmacy,CAP Round I,05436,"Seva Shikshan Prasarak Mandal's Dr. N.J. Paulbudhe College of Pharmacy (Diploma), Ahmednagar",Ahmednagar,Unaided,LSC,State Level,Ladies,35391,37.67
2024-25,D Pharmacy,CAP Round I,05436,"Seva Shikshan Prasarak Mandal's Dr. N.J. Paulbudhe College of Pharmacy (Diploma), Ahmednagar",Ahmednagar,Unaided,LST,State Level,Ladies,32808,41.0
2024-25,D Pharmacy,CAP Round I,05436,"Seva Shikshan Prasarak Mandal's Dr. N.J. Paulbudhe College of Pharmacy (Diploma), Ahmednagar",Ahmednagar,Unaided,LNTB,State Level,Ladies,16659,61.67
2024-25,D Pharmacy,CAP Round I,05436,"Seva Shikshan Prasarak Mandal's Dr. N.J. Paulbudhe College of Pharmacy (Diploma), Ahmednagar",Ahmednagar,Unaided,LNTD,State Level,Ladies,11445,69.0
2024-25,D Pharmacy,CAP Round I,05436,"Seva Shikshan Prasarak Mandal's Dr. N.J. Paulbudhe College of Pharmacy (Diploma), Ahmednagar",Ahmednagar,Unaided,LOBC,State Level,Ladies,13653,66.0
2024-25,D Pharmacy,CAP Round I,05436,"Seva Shikshan Prasarak Mandal's Dr. N.J. Paulbudhe College of Pharmacy (Diploma), Ahmednagar",Ahmednagar,Unaided,EWS,Special,Any,19107,58.67
2024-25,D Pharmacy,CAP Round I,05436,"Seva Shikshan Prasarak Mandal's Dr. N.J. Paulbudhe College of Pharmacy (Diploma), Ahmednagar",Ahmednagar,Unaided,TFWS,Special,Any,1574,84.67
2024-25,D Pharmacy,CAP Round I,05437,"Trimurti Institute of Pharmacy, Paldhi (BK), Jalgaon",Jalgaon,Unaided,GOPEN,State Level,Any,5522,77.33
2024-25,D Pharmacy,CAP Round I,05437,"Trimurti Institute of Pharmacy, Paldhi (BK), Jalgaon",Jalgaon,Unaided,GST,State Level,Any,11584,68.67
2024-25,D Pharmacy,CAP Round I,05437,"Trimurti Institute of Pharmacy, Paldhi (BK), Jalgaon",Jalgaon,Unaided,GNTA,State Level,Any,7865,74.0
2024-25,D Pharmacy,CAP Round I,05437,"Trimurti Institute of Pharmacy, Paldhi (BK), Jalgaon",Jalgaon,Unaided,GNTB,State Level,Any,10187,70.67
2024-25,D Pharmacy,CAP Round I,05437,"Trimurti Institute of Pharmacy, Paldhi (BK), Jalgaon",Jalgaon,Unaided,GOBC,State Level,Any,10534,70.33
2024-25,D Pharmacy,CAP Round I,05437,"Trimurti Institute of Pharmacy, Paldhi (BK), Jalgaon",Jalgaon,Unaided,LOPEN,State Level,Ladies,7303,74.67
2024-25,D Pharmacy,CAP Round I,05437,"Trimurti Institute of Pharmacy, Paldhi (BK), Jalgaon",Jalgaon,Unaided,LST,State Level,Ladies,22856,53.67
2024-25,D Pharmacy,CAP Round I,05437,"Trimurti Institute of Pharmacy, Paldhi (BK), Jalgaon",Jalgaon,Unaided,LOBC,State Level,Ladies,11222,69.33
2024-25,D Pharmacy,CAP Round I,05437,"Trimurti Institute of Pharmacy, Paldhi (BK), Jalgaon",Jalgaon,Unaided,EWS,Special,Any,13387,66.33
2024-25,D Pharmacy,CAP Round I,05437,"Trimurti Institute of Pharmacy, Paldhi (BK), Jalgaon",Jalgaon,Unaided,TFWS,Special,Any,3672,80.33
2024-25,D Pharmacy,CAP Round I,05438,"N D Kasar College of Pharmacy, Walki, Ahmednagar",Ahmednagar,Unaided,GOPEN,State Level,Any,24482,51.67
2024-25,D Pharmacy,CAP Round I,05438,"N D Kasar College of Pharmacy, Walki, Ahmednagar",Ahmednagar,Unaided,GSC,State Level,Any,33728,40.0
2024-25,D Pharmacy,CAP Round I,05438,"N D Kasar College of Pharmacy, Walki, Ahmednagar",Ahmednagar,Unaided,GOBC,State Level,Any,34635,38.67
2024-25,D Pharmacy,CAP Round I,05438,"N D Kasar College of Pharmacy, Walki, Ahmednagar",Ahmednagar,Unaided,LOPEN,State Level,Ladies,10732,70.0
2024-25,D Pharmacy,CAP Round I,05438,"N D Kasar College of Pharmacy, Walki, Ahmednagar",Ahmednagar,Unaided,LSC,State Level,Ladies,33993,39.67
2024-25,D Pharmacy,CAP Round I,05438,"N D Kasar College of Pharmacy, Walki, Ahmednagar",Ahmednagar,Unaided,LOBC,State Level,Ladies,17762,60.33
2024-25,D Pharmacy,CAP Round I,05438,"N D Kasar College of Pharmacy, Walki, Ahmednagar",Ahmednagar,Unaided,TFWS,Special,Any,32746,41.0
2024-25,D Pharmacy,CAP Round I,05440,"Shaineshwar Shikshan Prasarak Mandal's College of D. Pharmacy, Laling, Dhule",Dhule,Unaided,GOPEN,State Level,Any,16549,62.0
2024-25,D Pharmacy,CAP Round I,05440,"Shaineshwar Shikshan Prasarak Mandal's College of D. Pharmacy, Laling, Dhule",Dhule,Unaided,GST,State Level,Any,17041,61.33
2024-25,D Pharmacy,CAP Round I,05440,"Shaineshwar Shikshan Prasarak Mandal's College of D. Pharmacy, Laling, Dhule",Dhule,Unaided,GNTA,State Level,Any,23206,53.33
2024-25,D Pharmacy,CAP Round I,05440,"Shaineshwar Shikshan Prasarak Mandal's College of D. Pharmacy, Laling, Dhule",Dhule,Unaided,GNTB,State Level,Any,25741,50.0
2024-25,D Pharmacy,CAP Round I,05440,"Shaineshwar Shikshan Prasarak Mandal's College of D. Pharmacy, Laling, Dhule",Dhule,Unaided,GNTC,State Level,Any,17956,60.0
2024-25,D Pharmacy,CAP Round I,05440,"Shaineshwar Shikshan Prasarak Mandal's College of D. Pharmacy, Laling, Dhule",Dhule,Unaided,GOBC,State Level,Any,27350,48.0
2024-25,D Pharmacy,CAP Round I,05440,"Shaineshwar Shikshan Prasarak Mandal's College of D. Pharmacy, Laling, Dhule",Dhule,Unaided,LOPEN,State Level,Ladies,15901,63.0
2024-25,D Pharmacy,CAP Round I,05440,"Shaineshwar Shikshan Prasarak Mandal's College of D. Pharmacy, Laling, Dhule",Dhule,Unaided,LST,State Level,Ladies,35607,37.67
2024-25,D Pharmacy,CAP Round I,05440,"Shaineshwar Shikshan Prasarak Mandal's College of D. Pharmacy, Laling, Dhule",Dhule,Unaided,LNTC,State Level,Ladies,16273,62.33
2024-25,D Pharmacy,CAP Round I,05440,"Shaineshwar Shikshan Prasarak Mandal's College of D. Pharmacy, Laling, Dhule",Dhule,Unaided,EWS,Special,Any,15729,63.0
2024-25,D Pharmacy,CAP Round I,05442,"MET's Institute of D. Pharmacy, Adgaon, Nashik",Nashik,Unaided,GOPEN,State Level,Any,12151,68.0
2024-25,D Pharmacy,CAP Round I,05442,"MET's Institute of D. Pharmacy, Adgaon, Nashik",Nashik,Unaided,GSC,State Level,Any,25909,49.67
2024-25,D Pharmacy,CAP Round I,05442,"MET's Institute of D. Pharmacy, Adgaon, Nashik",Nashik,Unaided,GST,State Level,Any,14364,65.0
2024-25,D Pharmacy,CAP Round I,05442,"MET's Institute of D. Pharmacy, Adgaon, Nashik",Nashik,Unaided,GNTD,State Level,Any,25668,50.0
2024-25,D Pharmacy,CAP Round I,05442,"MET's Institute of D. Pharmacy, Adgaon, Nashik",Nashik,Unaided,GOBC,State Level,Any,32991,40.67
2024-25,D Pharmacy,CAP Round I,05442,"MET's Institute of D. Pharmacy, Adgaon, Nashik",Nashik,Unaided,LOPEN,State Level,Ladies,5440,77.33
2024-25,D Pharmacy,CAP Round I,05442,"MET's Institute of D. Pharmacy, Adgaon, Nashik",Nashik,Unaided,LSC,State Level,Ladies,29871,44.67
2024-25,D Pharmacy,CAP Round I,05442,"MET's Institute of D. Pharmacy, Adgaon, Nashik",Nashik,Unaided,LST,State Level,Ladies,5851,76.67
2024-25,D Pharmacy,CAP Round I,05442,"MET's Institute of D. Pharmacy, Adgaon, Nashik",Nashik,Unaided,LNTA,State Level,Ladies,12938,67.0
2024-25,D Pharmacy,CAP Round I,05442,"MET's Institute of D. Pharmacy, Adgaon, Nashik",Nashik,Unaided,LOBC,State Level,Ladies,7724,74.0
2024-25,D Pharmacy,CAP Round I,05442,"MET's Institute of D. Pharmacy, Adgaon, Nashik",Nashik,Unaided,DEFOPEN,State Level,Any,28240,46.67
2024-25,D Pharmacy,CAP Round I,05442,"MET's Institute of D. Pharmacy, Adgaon, Nashik",Nashik,Unaided,EWS,Special,Any,20940,56.0
2024-25,D Pharmacy,CAP Round I,05442,"MET's Institute of D. Pharmacy, Adgaon, Nashik",Nashik,Unaided,TFWS,Special,Any,598,88.33
2024-25,D Pharmacy,CAP Round I,05443,"Divine College of Pharmacy, Satana",Nashik,Unaided,GOPEN,State Level,Any,9412,71.67
2024-25,D Pharmacy,CAP Round I,05443,"Divine College of Pharmacy, Satana",Nashik,Unaided,GST,State Level,Any,28835,46.0
2024-25,D Pharmacy,CAP Round I,05443,"Divine College of Pharmacy, Satana",Nashik,Unaided,GNTA,State Level,Any,11972,68.33
2024-25,D Pharmacy,CAP Round I,05443,"Divine College of Pharmacy, Satana",Nashik,Unaided,GNTC,State Level,Any,15353,63.67
2024-25,D Pharmacy,CAP Round I,05443,"Divine College of Pharmacy, Satana",Nashik,Unaided,GOBC,State Level,Any,18795,59.0
2024-25,D Pharmacy,CAP Round I,05443,"Divine College of Pharmacy, Satana",Nashik,Unaided,LOPEN,State Level,Ladies,4902,78.33
2024-25,D Pharmacy,CAP Round I,05443,"Divine College of Pharmacy, Satana",Nashik,Unaided,LSC,State Level,Ladies,11107,69.33
2024-25,D Pharmacy,CAP Round I,05443,"Divine College of Pharmacy, Satana",Nashik,Unaided,LST,State Level,Ladies,16398,62.0
2024-25,D Pharmacy,CAP Round I,05443,"Divine College of Pharmacy, Satana",Nashik,Unaided,LOBC,State Level,Ladies,5808,76.67
2024-25,D Pharmacy,CAP Round I,05443,"Divine College of Pharmacy, Satana",Nashik,Unaided,EWS,Special,Any,2875,81.67
2024-25,D Pharmacy,CAP Round I,05443,"Divine College of Pharmacy, Satana",Nashik,Unaided,TFWS,Special,Any,13746,65.67
2024-25,D Pharmacy,CAP Round I,05443,"Divine College of Pharmacy, Satana",Nashik,Unaided,LNTC,State Level,Ladies,18299,59.67
2024-25,D Pharmacy,CAP Round I,05446,"Matoshri Miratai Aher College of Pharmacy, Karjule Harya Taluka Parner",Ahmednagar,Unaided,GOPEN,State Level,Any,23891,52.33
2024-25,D Pharmacy,CAP Round I,05446,"Matoshri Miratai Aher College of Pharmacy, Karjule Harya Taluka Parner",Ahmednagar,Unaided,GSC,State Level,Any,24997,51.0
2024-25,D Pharmacy,CAP Round I,05446,"Matoshri Miratai Aher College of Pharmacy, Karjule Harya Taluka Parner",Ahmednagar,Unaided,GNTC,State Level,Any,32356,41.67
2024-25,D Pharmacy,CAP Round I,05446,"Matoshri Miratai Aher College of Pharmacy, Karjule Harya Taluka Parner",Ahmednagar,Unaided,GOBC,State Level,Any,32672,41.33
2024-25,D Pharmacy,CAP Round I,05446,"Matoshri Miratai Aher College of Pharmacy, Karjule Harya Taluka Parner",Ahmednagar,Unaided,LOPEN,State Level,Ladies,14261,65.0
2024-25,D Pharmacy,CAP Round I,05446,"Matoshri Miratai Aher College of Pharmacy, Karjule Harya Taluka Parner",Ahmednagar,Unaided,LOBC,State Level,Ladies,22846,53.67
2024-25,D Pharmacy,CAP Round I,05446,"Matoshri Miratai Aher College of Pharmacy, Karjule Harya Taluka Parner",Ahmednagar,Unaided,EWS,Special,Any,10694,70.0
2024-25,D Pharmacy,CAP Round I,05446,"Matoshri Miratai Aher College of Pharmacy, Karjule Harya Taluka Parner",Ahmednagar,Unaided,TFWS,Special,Any,19341,58.33
2024-25,D Pharmacy,CAP Round I,05448,"Shri Vile Parle Kelavani Mandal's Institute of Pharmacy, Dhule",Dhule,Unaided,GOPEN,State Level,Any,6279,76.0
2024-25,D Pharmacy,CAP Round I,05448,"Shri Vile Parle Kelavani Mandal's Institute of Pharmacy, Dhule",Dhule,Unaided,LOPEN,State Level,Ladies,3156,81.33
2024-25,D Pharmacy,CAP Round I,05448,"Shri Vile Parle Kelavani Mandal's Institute of Pharmacy, Dhule",Dhule,Unaided,TFWS,Special,Any,3043,81.33
2024-25,D Pharmacy,CAP Round I,05450,"K. K. Wagh College of Pharmacy, Nashik",Nashik,Unaided,GOPEN,State Level,Any,8935,72.33
2024-25,D Pharmacy,CAP Round I,05450,"K. K. Wagh College of Pharmacy, Nashik",Nashik,Unaided,GSC,State Level,Any,22780,53.67
2024-25,D Pharmacy,CAP Round I,05450,"K. K. Wagh College of Pharmacy, Nashik",Nashik,Unaided,GST,State Level,Any,14175,65.33
2024-25,D Pharmacy,CAP Round I,05450,"K. K. Wagh College of Pharmacy, Nashik",Nashik,Unaided,GNTA,State Level,Any,13368,66.33
2024-25,D Pharmacy,CAP Round I,05450,"K. K. Wagh College of Pharmacy, Nashik",Nashik,Unaided,GNTD,State Level,Any,14621,64.67
2024-25,D Pharmacy,CAP Round I,05450,"K. K. Wagh College of Pharmacy, Nashik",Nashik,Unaided,GOBC,State Level,Any,15061,64.0
2024-25,D Pharmacy,CAP Round I,05450,"K. K. Wagh College of Pharmacy, Nashik",Nashik,Unaided,LOPEN,State Level,Ladies,2561,82.33
2024-25,D Pharmacy,CAP Round I,05450,"K. K. Wagh College of Pharmacy, Nashik",Nashik,Unaided,LSC,State Level,Ladies,14249,65.0
2024-25,D Pharmacy,CAP Round I,05450,"K. K. Wagh College of Pharmacy, Nashik",Nashik,Unaided,LST,State Level,Ladies,6726,75.33
2024-25,D Pharmacy,CAP Round I,05450,"K. K. Wagh College of Pharmacy, Nashik",Nashik,Unaided,LNTB,State Level,Ladies,36702,35.0
2024-25,D Pharmacy,CAP Round I,05450,"K. K. Wagh College of Pharmacy, Nashik",Nashik,Unaided,LNTC,State Level,Ladies,31009,43.33
2024-25,D Pharmacy,CAP Round I,05450,"K. K. Wagh College of Pharmacy, Nashik",Nashik,Unaided,LOBC,State Level,Ladies,6457,76.0
2024-25,D Pharmacy,CAP Round I,05450,"K. K. Wagh College of Pharmacy, Nashik",Nashik,Unaided,LSEBC,State Level,Ladies,8707,72.67
2024-25,D Pharmacy,CAP Round I,05450,"K. K. Wagh College of Pharmacy, Nashik",Nashik,Unaided,EWS,Special,Any,18540,59.33
2024-25,D Pharmacy,CAP Round I,05450,"K. K. Wagh College of Pharmacy, Nashik",Nashik,Unaided,TFWS,Special,Any,6965,75.0
2024-25,D Pharmacy,CAP Round I,05452,"Rupesh Badhan Institute of Pharmacy, Pimpalner",Dhule,Unaided,GOPEN,State Level,Any,11889,68.33
2024-25,D Pharmacy,CAP Round I,05452,"Rupesh Badhan Institute of Pharmacy, Pimpalner",Dhule,Unaided,GSC,State Level,Any,13750,65.67
2024-25,D Pharmacy,CAP Round I,05452,"Rupesh Badhan Institute of Pharmacy, Pimpalner",Dhule,Unaided,GST,State Level,Any,12852,67.0
2024-25,D Pharmacy,CAP Round I,05452,"Rupesh Badhan Institute of Pharmacy, Pimpalner",Dhule,Unaided,GNTA,State Level,Any,12152,68.0
2024-25,D Pharmacy,CAP Round I,05452,"Rupesh Badhan Institute of Pharmacy, Pimpalner",Dhule,Unaided,GOBC,State Level,Any,26401,49.0
2024-25,D Pharmacy,CAP Round I,05452,"Rupesh Badhan Institute of Pharmacy, Pimpalner",Dhule,Unaided,LOPEN,State Level,Ladies,6849,75.33
2024-25,D Pharmacy,CAP Round I,05452,"Rupesh Badhan Institute of Pharmacy, Pimpalner",Dhule,Unaided,LST,State Level,Ladies,9991,71.0
2024-25,D Pharmacy,CAP Round I,05452,"Rupesh Badhan Institute of Pharmacy, Pimpalner",Dhule,Unaided,LNTD,State Level,Ladies,17722,60.33
2024-25,D Pharmacy,CAP Round I,05452,"Rupesh Badhan Institute of Pharmacy, Pimpalner",Dhule,Unaided,LOBC,State Level,Ladies,9437,71.67
2024-25,D Pharmacy,CAP Round I,05452,"Rupesh Badhan Institute of Pharmacy, Pimpalner",Dhule,Unaided,EWS,Special,Any,24435,51.67
2024-25,D Pharmacy,CAP Round I,05452,"Rupesh Badhan Institute of Pharmacy, Pimpalner",Dhule,Unaided,TFWS,Special,Any,23472,53.0
2024-25,D Pharmacy,CAP Round I,05454,"Shantiniketan College of Pharmacy, Ahmednagar",Ahmednagar,Unaided,GOPEN,State Level,Any,33707,40.0
2024-25,D Pharmacy,CAP Round I,05454,"Shantiniketan College of Pharmacy, Ahmednagar",Ahmednagar,Unaided,LOPEN,State Level,Ladies,11510,69.0
2024-25,D Pharmacy,CAP Round I,05454,"Shantiniketan College of Pharmacy, Ahmednagar",Ahmednagar,Unaided,LNTB,State Level,Ladies,19112,58.67
2024-25,D Pharmacy,CAP Round I,05454,"Shantiniketan College of Pharmacy, Ahmednagar",Ahmednagar,Unaided,LOBC,State Level,Ladies,34742,38.67
2024-25,D Pharmacy,CAP Round I,05454,"Shantiniketan College of Pharmacy, Ahmednagar",Ahmednagar,Unaided,EWS,Special,Any,34611,39.0
2024-25,D Pharmacy,CAP Round I,05455,"Shram Sadhana Bombay Trust's Institute of Pharmacy, Bambhori, Jalgaon",Jalgaon,Unaided,GOPEN,State Level,Any,7717,74.0
2024-25,D Pharmacy,CAP Round I,05455,"Shram Sadhana Bombay Trust's Institute of Pharmacy, Bambhori, Jalgaon",Jalgaon,Unaided,GSC,State Level,Any,8503,73.0
2024-25,D Pharmacy,CAP Round I,05455,"Shram Sadhana Bombay Trust's Institute of Pharmacy, Bambhori, Jalgaon",Jalgaon,Unaided,GST,State Level,Any,10005,71.0
2024-25,D Pharmacy,CAP Round I,05455,"Shram Sadhana Bombay Trust's Institute of Pharmacy, Bambhori, Jalgaon",Jalgaon,Unaided,GNTA,State Level,Any,8064,73.67
2024-25,D Pharmacy,CAP Round I,05455,"Shram Sadhana Bombay Trust's Institute of Pharmacy, Bambhori, Jalgaon",Jalgaon,Unaided,GNTC,State Level,Any,21845,55.0
2024-25,D Pharmacy,CAP Round I,05455,"Shram Sadhana Bombay Trust's Institute of Pharmacy, Bambhori, Jalgaon",Jalgaon,Unaided,GOBC,State Level,Any,9972,71.0
2024-25,D Pharmacy,CAP Round I,05455,"Shram Sadhana Bombay Trust's Institute of Pharmacy, Bambhori, Jalgaon",Jalgaon,Unaided,LOPEN,State Level,Ladies,4454,79.0
2024-25,D Pharmacy,CAP Round I,05455,"Shram Sadhana Bombay Trust's Institute of Pharmacy, Bambhori, Jalgaon",Jalgaon,Unaided,LSC,State Level,Ladies,18100,60.0
2024-25,D Pharmacy,CAP Round I,05455,"Shram Sadhana Bombay Trust's Institute of Pharmacy, Bambhori, Jalgaon",Jalgaon,Unaided,LST,State Level,Ladies,10124,70.67
2024-25,D Pharmacy,CAP Round I,05455,"Shram Sadhana Bombay Trust's Institute of Pharmacy, Bambhori, Jalgaon",Jalgaon,Unaided,LNTA,State Level,Ladies,9071,72.33
2024-25,D Pharmacy,CAP Round I,05455,"Shram Sadhana Bombay Trust's Institute of Pharmacy, Bambhori, Jalgaon",Jalgaon,Unaided,LNTB,State Level,Ladies,17908,60.0
2024-25,D Pharmacy,CAP Round I,05455,"Shram Sadhana Bombay Trust's Institute of Pharmacy, Bambhori, Jalgaon",Jalgaon,Unaided,LOBC,State Level,Ladies,5306,77.67
2024-25,D Pharmacy,CAP Round I,05455,"Shram Sadhana Bombay Trust's Institute of Pharmacy, Bambhori, Jalgaon",Jalgaon,Unaided,LSEBC,State Level,Ladies,5118,78.0
2024-25,D Pharmacy,CAP Round I,05455,"Shram Sadhana Bombay Trust's Institute of Pharmacy, Bambhori, Jalgaon",Jalgaon,Unaided,EWS,Special,Any,25984,49.67
2024-25,D Pharmacy,CAP Round I,05455,"Shram Sadhana Bombay Trust's Institute of Pharmacy, Bambhori, Jalgaon",Jalgaon,Unaided,TFWS,Special,Any,3119,81.33
2024-25,D Pharmacy,CAP Round I,05458,"Shri. Prakashchand Jain College of Pharmacy & Research, Palaskheda",Jalgaon,Unaided,GOPEN,State Level,Any,11450,69.0
2024-25,D Pharmacy,CAP Round I,05458,"Shri. Prakashchand Jain College of Pharmacy & Research, Palaskheda",Jalgaon,Unaided,GSC,State Level,Any,26719,48.67
2024-25,D Pharmacy,CAP Round I,05458,"Shri. Prakashchand Jain College of Pharmacy & Research, Palaskheda",Jalgaon,Unaided,GST,State Level,Any,22695,54.0
2024-25,D Pharmacy,CAP Round I,05458,"Shri. Prakashchand Jain College of Pharmacy & Research, Palaskheda",Jalgaon,Unaided,GNTA,State Level,Any,12143,68.0
2024-25,D Pharmacy,CAP Round I,05458,"Shri. Prakashchand Jain College of Pharmacy & Research, Palaskheda",Jalgaon,Unaided,GNTB,State Level,Any,14360,65.0
2024-25,D Pharmacy,CAP Round I,05458,"Shri. Prakashchand Jain College of Pharmacy & Research, Palaskheda",Jalgaon,Unaided,GNTC,State Level,Any,22714,54.0
2024-25,D Pharmacy,CAP Round I,05458,"Shri. Prakashchand Jain College of Pharmacy & Research, Palaskheda",Jalgaon,Unaided,GNTD,State Level,Any,22823,53.67
2024-25,D Pharmacy,CAP Round I,05458,"Shri. Prakashchand Jain College of Pharmacy & Research, Palaskheda",Jalgaon,Unaided,GOBC,State Level,Any,16110,62.67
2024-25,D Pharmacy,CAP Round I,05458,"Shri. Prakashchand Jain College of Pharmacy & Research, Palaskheda",Jalgaon,Unaided,GSEBC,State Level,Any,12158,68.0
2024-25,D Pharmacy,CAP Round I,05458,"Shri. Prakashchand Jain College of Pharmacy & Research, Palaskheda",Jalgaon,Unaided,LOPEN,State Level,Ladies,6939,75.0
2024-25,D Pharmacy,CAP Round I,05458,"Shri. Prakashchand Jain College of Pharmacy & Research, Palaskheda",Jalgaon,Unaided,LSC,State Level,Ladies,24740,51.33
2024-25,D Pharmacy,CAP Round I,05458,"Shri. Prakashchand Jain College of Pharmacy & Research, Palaskheda",Jalgaon,Unaided,LNTA,State Level,Ladies,10422,70.33
2024-25,D Pharmacy,CAP Round I,05458,"Shri. Prakashchand Jain College of Pharmacy & Research, Palaskheda",Jalgaon,Unaided,LNTC,State Level,Ladies,10490,70.33
2024-25,D Pharmacy,CAP Round I,05458,"Shri. Prakashchand Jain College of Pharmacy & Research, Palaskheda",Jalgaon,Unaided,LOBC,State Level,Ladies,9586,71.33
2024-25,D Pharmacy,CAP Round I,05458,"Shri. Prakashchand Jain College of Pharmacy & Research, Palaskheda",Jalgaon,Unaided,PWDOPEN,State Level,Any,33249,40.67
2024-25,D Pharmacy,CAP Round I,05458,"Shri. Prakashchand Jain College of Pharmacy & Research, Palaskheda",Jalgaon,Unaided,TFWS,Special,Any,17796,60.33
2024-25,D Pharmacy,CAP Round I,05459,"Shri Gulabrao Deokar College of Pharmacy, Shirsoly Road, Jalgaon",Jalgaon,Unaided,GOPEN,State Level,Any,13142,66.67
2024-25,D Pharmacy,CAP Round I,05459,"Shri Gulabrao Deokar College of Pharmacy, Shirsoly Road, Jalgaon",Jalgaon,Unaided,GSC,State Level,Any,36573,35.33
2024-25,D Pharmacy,CAP Round I,05459,"Shri Gulabrao Deokar College of Pharmacy, Shirsoly Road, Jalgaon",Jalgaon,Unaided,GST,State Level,Any,16192,62.33
2024-25,D Pharmacy,CAP Round I,05459,"Shri Gulabrao Deokar College of Pharmacy, Shirsoly Road, Jalgaon",Jalgaon,Unaided,GNTA,State Level,Any,23425,53.0
2024-25,D Pharmacy,CAP Round I,05459,"Shri Gulabrao Deokar College of Pharmacy, Shirsoly Road, Jalgaon",Jalgaon,Unaided,GNTB,State Level,Any,14562,64.67
2024-25,D Pharmacy,CAP Round I,05459,"Shri Gulabrao Deokar College of Pharmacy, Shirsoly Road, Jalgaon",Jalgaon,Unaided,GOBC,State Level,Any,18858,59.0
2024-25,D Pharmacy,CAP Round I,05459,"Shri Gulabrao Deokar College of Pharmacy, Shirsoly Road, Jalgaon",Jalgaon,Unaided,LOPEN,State Level,Ladies,9893,71.0
2024-25,D Pharmacy,CAP Round I,05459,"Shri Gulabrao Deokar College of Pharmacy, Shirsoly Road, Jalgaon",Jalgaon,Unaided,LSC,State Level,Ladies,22401,54.33
2024-25,D Pharmacy,CAP Round I,05459,"Shri Gulabrao Deokar College of Pharmacy, Shirsoly Road, Jalgaon",Jalgaon,Unaided,LST,State Level,Ladies,20610,56.67
2024-25,D Pharmacy,CAP Round I,05459,"Shri Gulabrao Deokar College of Pharmacy, Shirsoly Road, Jalgaon",Jalgaon,Unaided,LOBC,State Level,Ladies,12038,68.0
2024-25,D Pharmacy,CAP Round I,05459,"Shri Gulabrao Deokar College of Pharmacy, Shirsoly Road, Jalgaon",Jalgaon,Unaided,EWS,Special,Any,21958,55.0
2024-25,D Pharmacy,CAP Round I,05459,"Shri Gulabrao Deokar College of Pharmacy, Shirsoly Road, Jalgaon",Jalgaon,Unaided,TFWS,Special,Any,11010,69.67
2024-25,D Pharmacy,CAP Round I,05460,"Dr. Kolpe Institute of Pharmacy, Kolpewadi",Ahmednagar,Unaided,GOPEN,State Level,Any,31856,42.33
2024-25,D Pharmacy,CAP Round I,05460,"Dr. Kolpe Institute of Pharmacy, Kolpewadi",Ahmednagar,Unaided,GNTC,State Level,Any,36730,35.0
2024-25,D Pharmacy,CAP Round I,05460,"Dr. Kolpe Institute of Pharmacy, Kolpewadi",Ahmednagar,Unaided,GOBC,State Level,Any,34594,39.0
2024-25,D Pharmacy,CAP Round I,05460,"Dr. Kolpe Institute of Pharmacy, Kolpewadi",Ahmednagar,Unaided,LOPEN,State Level,Ladies,22053,54.67
2024-25,D Pharmacy,CAP Round I,05460,"Dr. Kolpe Institute of Pharmacy, Kolpewadi",Ahmednagar,Unaided,LSC,State Level,Ladies,35694,37.33
2024-25,D Pharmacy,CAP Round I,05460,"Dr. Kolpe Institute of Pharmacy, Kolpewadi",Ahmednagar,Unaided,LST,State Level,Ladies,31060,43.33
2024-25,D Pharmacy,CAP Round I,05460,"Dr. Kolpe Institute of Pharmacy, Kolpewadi",Ahmednagar,Unaided,LNTB,State Level,Ladies,29001,45.67
2024-25,D Pharmacy,CAP Round I,05460,"Dr. Kolpe Institute of Pharmacy, Kolpewadi",Ahmednagar,Unaided,LOBC,State Level,Ladies,32593,41.33
2024-25,D Pharmacy,CAP Round I,05460,"Dr. Kolpe Institute of Pharmacy, Kolpewadi",Ahmednagar,Unaided,LSEBC,State Level,Ladies,22355,54.33
2024-25,D Pharmacy,CAP Round I,05460,"Dr. Kolpe Institute of Pharmacy, Kolpewadi",Ahmednagar,Unaided,EWS,Special,Any,25399,50.33
2024-25,D Pharmacy,CAP Round I,05460,"Dr. Kolpe Institute of Pharmacy, Kolpewadi",Ahmednagar,Unaided,TFWS,Special,Any,25417,50.33
2024-25,D Pharmacy,CAP Round I,05461,"Arihant College of Pharmacy, Ahmednagar",Ahmednagar,Unaided,GOPEN,State Level,Any,20710,56.33
2024-25,D Pharmacy,CAP Round I,05461,"Arihant College of Pharmacy, Ahmednagar",Ahmednagar,Unaided,GNTD,State Level,Any,31075,43.33
2024-25,D Pharmacy,CAP Round I,05461,"Arihant College of Pharmacy, Ahmednagar",Ahmednagar,Unaided,GOBC,State Level,Any,33988,39.67
2024-25,D Pharmacy,CAP Round I,05461,"Arihant College of Pharmacy, Ahmednagar",Ahmednagar,Unaided,GSEBC,State Level,Any,22937,53.67
2024-25,D Pharmacy,CAP Round I,05461,"Arihant College of Pharmacy, Ahmednagar",Ahmednagar,Unaided,LOPEN,State Level,Ladies,11234,69.33
2024-25,D Pharmacy,CAP Round I,05461,"Arihant College of Pharmacy, Ahmednagar",Ahmednagar,Unaided,LSC,State Level,Ladies,12583,67.33
2024-25,D Pharmacy,CAP Round I,05461,"Arihant College of Pharmacy, Ahmednagar",Ahmednagar,Unaided,LNTA,State Level,Ladies,21668,55.33
2024-25,D Pharmacy,CAP Round I,05461,"Arihant College of Pharmacy, Ahmednagar",Ahmednagar,Unaided,LOBC,State Level,Ladies,13651,66.0
2024-25,D Pharmacy,CAP Round I,05461,"Arihant College of Pharmacy, Ahmednagar",Ahmednagar,Unaided,DEFOPEN,State Level,Any,16843,61.67
2024-25,D Pharmacy,CAP Round I,05461,"Arihant College of Pharmacy, Ahmednagar",Ahmednagar,Unaided,EWS,Special,Any,24029,52.0
2024-25,D Pharmacy,CAP Round I,05461,"Arihant College of Pharmacy, Ahmednagar",Ahmednagar,Unaided,TFWS,Special,Any,23149,53.33
2024-25,D Pharmacy,CAP Round I,05463,K. K. Wagh Institute of Pharmacy,Pharmacy,Unaided,GOPEN,State Level,Any,16346,62.33
2024-25,D Pharmacy,CAP Round I,05463,K. K. Wagh Institute of Pharmacy,Pharmacy,Unaided,GSC,State Level,Any,23970,52.33
2024-25,D Pharmacy,CAP Round I,05463,K. K. Wagh Institute of Pharmacy,Pharmacy,Unaided,GST,State Level,Any,21369,55.67
2024-25,D Pharmacy,CAP Round I,05463,K. K. Wagh Institute of Pharmacy,Pharmacy,Unaided,GNTA,State Level,Any,22476,54.33
2024-25,D Pharmacy,CAP Round I,05463,K. K. Wagh Institute of Pharmacy,Pharmacy,Unaided,GNTD,State Level,Any,27583,47.67
2024-25,D Pharmacy,CAP Round I,05463,K. K. Wagh Institute of Pharmacy,Pharmacy,Unaided,GOBC,State Level,Any,25530,50.33
2024-25,D Pharmacy,CAP Round I,05463,K. K. Wagh Institute of Pharmacy,Pharmacy,Unaided,LOPEN,State Level,Ladies,10258,70.67
2024-25,D Pharmacy,CAP Round I,05463,K. K. Wagh Institute of Pharmacy,Pharmacy,Unaided,LSC,State Level,Ladies,23453,53.0
2024-25,D Pharmacy,CAP Round I,05463,K. K. Wagh Institute of Pharmacy,Pharmacy,Unaided,LST,State Level,Ladies,15474,63.33
2024-25,D Pharmacy,CAP Round I,05463,K. K. Wagh Institute of Pharmacy,Pharmacy,Unaided,LNTB,State Level,Ladies,31826,42.33
2024-25,D Pharmacy,CAP Round I,05463,K. K. Wagh Institute of Pharmacy,Pharmacy,Unaided,LOBC,State Level,Ladies,20836,56.33
2024-25,D Pharmacy,CAP Round I,05463,K. K. Wagh Institute of Pharmacy,Pharmacy,Unaided,EWS,Special,Any,6398,76.0
2024-25,D Pharmacy,CAP Round I,05463,K. K. Wagh Institute of Pharmacy,Pharmacy,Unaided,TFWS,Special,Any,12146,68.0
2024-25,D Pharmacy,CAP Round I,05464,"Vidya Niketan Institute of Pharmacy & Research Center, Bota",Ahmednagar,Unaided,GOPEN,State Level,Any,32322,41.67
2024-25,D Pharmacy,CAP Round I,05464,"Vidya Niketan Institute of Pharmacy & Research Center, Bota",Ahmednagar,Unaided,GSEBC,State Level,Any,32825,41.0
2024-25,D Pharmacy,CAP Round I,05464,"Vidya Niketan Institute of Pharmacy & Research Center, Bota",Ahmednagar,Unaided,LOPEN,State Level,Ladies,21857,55.0
2024-25,D Pharmacy,CAP Round I,05464,"Vidya Niketan Institute of Pharmacy & Research Center, Bota",Ahmednagar,Unaided,LST,State Level,Ladies,28484,46.33
2024-25,D Pharmacy,CAP Round I,05464,"Vidya Niketan Institute of Pharmacy & Research Center, Bota",Ahmednagar,Unaided,LOBC,State Level,Ladies,35829,37.0
2024-25,D Pharmacy,CAP Round I,05464,"Vidya Niketan Institute of Pharmacy & Research Center, Bota",Ahmednagar,Unaided,TFWS,Special,Any,32586,41.33
2024-25,D Pharmacy,CAP Round I,05466,"Shiva Trust, Shivajirao Pawar College of Pharmacy, At-Pachegaon, Tq.Newsa, Ahmednagar",Ahmednagar,Unaided,GOPEN,State Level,Any,15283,63.67
2024-25,D Pharmacy,CAP Round I,05466,"Shiva Trust, Shivajirao Pawar College of Pharmacy, At-Pachegaon, Tq.Newsa, Ahmednagar",Ahmednagar,Unaided,GSC,State Level,Any,35781,37.33
2024-25,D Pharmacy,CAP Round I,05466,"Shiva Trust, Shivajirao Pawar College of Pharmacy, At-Pachegaon, Tq.Newsa, Ahmednagar",Ahmednagar,Unaided,GNTC,State Level,Any,21070,56.0
2024-25,D Pharmacy,CAP Round I,05466,"Shiva Trust, Shivajirao Pawar College of Pharmacy, At-Pachegaon, Tq.Newsa, Ahmednagar",Ahmednagar,Unaided,GNTD,State Level,Any,16375,62.33
2024-25,D Pharmacy,CAP Round I,05466,"Shiva Trust, Shivajirao Pawar College of Pharmacy, At-Pachegaon, Tq.Newsa, Ahmednagar",Ahmednagar,Unaided,GOBC,State Level,Any,35580,37.67
2024-25,D Pharmacy,CAP Round I,05466,"Shiva Trust, Shivajirao Pawar College of Pharmacy, At-Pachegaon, Tq.Newsa, Ahmednagar",Ahmednagar,Unaided,GSEBC,State Level,Any,21115,56.0
2024-25,D Pharmacy,CAP Round I,05466,"Shiva Trust, Shivajirao Pawar College of Pharmacy, At-Pachegaon, Tq.Newsa, Ahmednagar",Ahmednagar,Unaided,LOPEN,State Level,Ladies,10493,70.33
2024-25,D Pharmacy,CAP Round I,05466,"Shiva Trust, Shivajirao Pawar College of Pharmacy, At-Pachegaon, Tq.Newsa, Ahmednagar",Ahmednagar,Unaided,LOBC,State Level,Ladies,22382,54.33
2024-25,D Pharmacy,CAP Round I,05466,"Shiva Trust, Shivajirao Pawar College of Pharmacy, At-Pachegaon, Tq.Newsa, Ahmednagar",Ahmednagar,Unaided,PWDOPEN,State Level,Any,30448,44.0
2024-25,D Pharmacy,CAP Round I,05466,"Shiva Trust, Shivajirao Pawar College of Pharmacy, At-Pachegaon, Tq.Newsa, Ahmednagar",Ahmednagar,Unaided,EWS,Special,Any,7327,74.67
2024-25,D Pharmacy,CAP Round I,05466,"Shiva Trust, Shivajirao Pawar College of Pharmacy, At-Pachegaon, Tq.Newsa, Ahmednagar",Ahmednagar,Unaided,LNTC,State Level,Ladies,33654,40.0
2024-25,D Pharmacy,CAP Round I,05467,"Shastry Institute of Pharmacy, Erandol",Jalgaon,Unaided,GOPEN,State Level,Any,22968,53.67
2024-25,D Pharmacy,CAP Round I,05467,"Shastry Institute of Pharmacy, Erandol",Jalgaon,Unaided,LOPEN,State Level,Ladies,15567,63.33
2024-25,D Pharmacy,CAP Round I,05467,"Shastry Institute of Pharmacy, Erandol",Jalgaon,Unaided,LNTA,State Level,Ladies,30179,44.33
2024-25,D Pharmacy,CAP Round I,05467,"Shastry Institute of Pharmacy, Erandol",Jalgaon,Unaided,LOBC,State Level,Ladies,22586,54.0
2024-25,D Pharmacy,CAP Round I,05468,"Matoshri Education Society's Matoshri Institute of Pharmacy, Dhanore",Pune,Unaided,GOPEN,State Level,Any,22194,54.67
2024-25,D Pharmacy,CAP Round I,05468,"Matoshri Education Society's Matoshri Institute of Pharmacy, Dhanore",Pune,Unaided,GSC,State Level,Any,32598,41.33
2024-25,D Pharmacy,CAP Round I,05468,"Matoshri Education Society's Matoshri Institute of Pharmacy, Dhanore",Pune,Unaided,GST,State Level,Any,28496,46.33
2024-25,D Pharmacy,CAP Round I,05468,"Matoshri Education Society's Matoshri Institute of Pharmacy, Dhanore",Pune,Unaided,GNTB,State Level,Any,26696,48.67
2024-25,D Pharmacy,CAP Round I,05468,"Matoshri Education Society's Matoshri Institute of Pharmacy, Dhanore",Pune,Unaided,GNTC,State Level,Any,27973,47.0
2024-25,D Pharmacy,CAP Round I,05468,"Matoshri Education Society's Matoshri Institute of Pharmacy, Dhanore",Pune,Unaided,GOBC,State Level,Any,33228,40.67
2024-25,D Pharmacy,CAP Round I,05468,"Matoshri Education Society's Matoshri Institute of Pharmacy, Dhanore",Pune,Unaided,LOPEN,State Level,Ladies,10194,70.67
2024-25,D Pharmacy,CAP Round I,05468,"Matoshri Education Society's Matoshri Institute of Pharmacy, Dhanore",Pune,Unaided,LSC,State Level,Ladies,18888,59.0
2024-25,D Pharmacy,CAP Round I,05468,"Matoshri Education Society's Matoshri Institute of Pharmacy, Dhanore",Pune,Unaided,LST,State Level,Ladies,10818,69.67
2024-25,D Pharmacy,CAP Round I,05468,"Matoshri Education Society's Matoshri Institute of Pharmacy, Dhanore",Pune,Unaided,LNTD,State Level,Ladies,15795,63.0
2024-25,D Pharmacy,CAP Round I,05468,"Matoshri Education Society's Matoshri Institute of Pharmacy, Dhanore",Pune,Unaided,LOBC,State Level,Ladies,28972,45.67
2024-25,D Pharmacy,CAP Round I,05468,"Matoshri Education Society's Matoshri Institute of Pharmacy, Dhanore",Pune,Unaided,EWS,Special,Any,6194,76.33
2024-25,D Pharmacy,CAP Round I,05469,"P. G. College Of Pharmaceutical Science And Research, Chaupale",Nandurbar,Unaided,GOPEN,State Level,Any,11251,69.33
2024-25,D Pharmacy,CAP Round I,05469,"P. G. College Of Pharmaceutical Science And Research, Chaupale",Nandurbar,Unaided,GST,State Level,Any,11632,68.67
2024-25,D Pharmacy,CAP Round I,05469,"P. G. College Of Pharmaceutical Science And Research, Chaupale",Nandurbar,Unaided,GNTC,State Level,Any,17098,61.33
2024-25,D Pharmacy,CAP Round I,05469,"P. G. College Of Pharmaceutical Science And Research, Chaupale",Nandurbar,Unaided,GOBC,State Level,Any,20834,56.33
2024-25,D Pharmacy,CAP Round I,05469,"P. G. College Of Pharmaceutical Science And Research, Chaupale",Nandurbar,Unaided,LOPEN,State Level,Ladies,10614,70.0
2024-25,D Pharmacy,CAP Round I,05469,"P. G. College Of Pharmaceutical Science And Research, Chaupale",Nandurbar,Unaided,LSC,State Level,Ladies,13345,66.33
2024-25,D Pharmacy,CAP Round I,05469,"P. G. College Of Pharmaceutical Science And Research, Chaupale",Nandurbar,Unaided,LST,State Level,Ladies,10687,70.0
2024-25,D Pharmacy,CAP Round I,05469,"P. G. College Of Pharmaceutical Science And Research, Chaupale",Nandurbar,Unaided,LNTB,State Level,Ladies,24901,51.0
2024-25,D Pharmacy,CAP Round I,05469,"P. G. College Of Pharmaceutical Science And Research, Chaupale",Nandurbar,Unaided,LNTC,State Level,Ladies,11359,69.0
2024-25,D Pharmacy,CAP Round I,05469,"P. G. College Of Pharmaceutical Science And Research, Chaupale",Nandurbar,Unaided,LOBC,State Level,Ladies,11471,69.0
2024-25,D Pharmacy,CAP Round I,05469,"P. G. College Of Pharmaceutical Science And Research, Chaupale",Nandurbar,Unaided,EWS,Special,Any,16801,61.67
2024-25,D Pharmacy,CAP Round I,05469,"P. G. College Of Pharmaceutical Science And Research, Chaupale",Nandurbar,Unaided,TFWS,Special,Any,13572,66.0
2024-25,D Pharmacy,CAP Round I,05470,"Bankar Patil College Of Pharmacy, Yeola",Nashik,Unaided,GOPEN,State Level,Any,10950,69.67
2024-25,D Pharmacy,CAP Round I,05470,"Bankar Patil College Of Pharmacy, Yeola",Nashik,Unaided,GOBC,State Level,Any,30023,44.33
2024-25,D Pharmacy,CAP Round I,05470,"Bankar Patil College Of Pharmacy, Yeola",Nashik,Unaided,LOPEN,State Level,Ladies,5421,77.33
2024-25,D Pharmacy,CAP Round I,05470,"Bankar Patil College Of Pharmacy, Yeola",Nashik,Unaided,LSC,State Level,Ladies,25518,50.33
2024-25,D Pharmacy,CAP Round I,05470,"Bankar Patil College Of Pharmacy, Yeola",Nashik,Unaided,LOBC,State Level,Ladies,7542,74.33
2024-25,D Pharmacy,CAP Round I,05470,"Bankar Patil College Of Pharmacy, Yeola",Nashik,Unaided,LSEBC,State Level,Ladies,9097,72.0
2024-25,D Pharmacy,CAP Round I,05470,"Bankar Patil College Of Pharmacy, Yeola",Nashik,Unaided,EWS,Special,Any,24656,51.33
2024-25,D Pharmacy,CAP Round I,05470,"Bankar Patil College Of Pharmacy, Yeola",Nashik,Unaided,TFWS,Special,Any,1774,84.33
2024-25,D Pharmacy,CAP Round I,05471,"Saikrupa Institute Of Pharmacy, Ghargaon, Tal.Shrigonda",Ahmednagar,Unaided,GOPEN,State Level,Any,15640,63.33
2024-25,D Pharmacy,CAP Round I,05471,"Saikrupa Institute Of Pharmacy, Ghargaon, Tal.Shrigonda",Ahmednagar,Unaided,GSC,State Level,Any,36393,36.0
2024-25,D Pharmacy,CAP Round I,05471,"Saikrupa Institute Of Pharmacy, Ghargaon, Tal.Shrigonda",Ahmednagar,Unaided,GST,State Level,Any,32894,41.0
2024-25,D Pharmacy,CAP Round I,05471,"Saikrupa Institute Of Pharmacy, Ghargaon, Tal.Shrigonda",Ahmednagar,Unaided,GNTC,State Level,Any,23104,53.33
2024-25,D Pharmacy,CAP Round I,05471,"Saikrupa Institute Of Pharmacy, Ghargaon, Tal.Shrigonda",Ahmednagar,Unaided,GNTD,State Level,Any,26093,49.33
2024-25,D Pharmacy,CAP Round I,05471,"Saikrupa Institute Of Pharmacy, Ghargaon, Tal.Shrigonda",Ahmednagar,Unaided,GOBC,State Level,Any,27787,47.33
2024-25,D Pharmacy,CAP Round I,05471,"Saikrupa Institute Of Pharmacy, Ghargaon, Tal.Shrigonda",Ahmednagar,Unaided,LOPEN,State Level,Ladies,16429,62.0
2024-25,D Pharmacy,CAP Round I,05471,"Saikrupa Institute Of Pharmacy, Ghargaon, Tal.Shrigonda",Ahmednagar,Unaided,LSC,State Level,Ladies,32641,41.33
2024-25,D Pharmacy,CAP Round I,05471,"Saikrupa Institute Of Pharmacy, Ghargaon, Tal.Shrigonda",Ahmednagar,Unaided,LOBC,State Level,Ladies,31107,43.0
2024-25,D Pharmacy,CAP Round I,05471,"Saikrupa Institute Of Pharmacy, Ghargaon, Tal.Shrigonda",Ahmednagar,Unaided,TFWS,Special,Any,22048,54.67
2024-25,D Pharmacy,CAP Round I,05471,"Saikrupa Institute Of Pharmacy, Ghargaon, Tal.Shrigonda",Ahmednagar,Unaided,LNTC,State Level,Ladies,24631,51.33
2024-25,D Pharmacy,CAP Round I,05472,"Sumantai Institute Of Pharmacy, Bamrud(Kh)",Jalgaon,Unaided,GOPEN,State Level,Any,9961,71.0
2024-25,D Pharmacy,CAP Round I,05472,"Sumantai Institute Of Pharmacy, Bamrud(Kh)",Jalgaon,Unaided,GSC,State Level,Any,31092,43.33
2024-25,D Pharmacy,CAP Round I,05472,"Sumantai Institute Of Pharmacy, Bamrud(Kh)",Jalgaon,Unaided,GNTA,State Level,Any,12161,68.0
2024-25,D Pharmacy,CAP Round I,05472,"Sumantai Institute Of Pharmacy, Bamrud(Kh)",Jalgaon,Unaided,GNTC,State Level,Any,17652,60.33
2024-25,D Pharmacy,CAP Round I,05472,"Sumantai Institute Of Pharmacy, Bamrud(Kh)",Jalgaon,Unaided,GNTD,State Level,Any,21693,55.33
2024-25,D Pharmacy,CAP Round I,05472,"Sumantai Institute Of Pharmacy, Bamrud(Kh)",Jalgaon,Unaided,GOBC,State Level,Any,18382,59.67
2024-25,D Pharmacy,CAP Round I,05472,"Sumantai Institute Of Pharmacy, Bamrud(Kh)",Jalgaon,Unaided,LOPEN,State Level,Ladies,5855,76.67
2024-25,D Pharmacy,CAP Round I,05472,"Sumantai Institute Of Pharmacy, Bamrud(Kh)",Jalgaon,Unaided,LSC,State Level,Ladies,16368,62.33
2024-25,D Pharmacy,CAP Round I,05472,"Sumantai Institute Of Pharmacy, Bamrud(Kh)",Jalgaon,Unaided,LOBC,State Level,Ladies,8509,73.0
2024-25,D Pharmacy,CAP Round I,05472,"Sumantai Institute Of Pharmacy, Bamrud(Kh)",Jalgaon,Unaided,EWS,Special,Any,20759,56.33
2024-25,D Pharmacy,CAP Round I,05472,"Sumantai Institute Of Pharmacy, Bamrud(Kh)",Jalgaon,Unaided,TFWS,Special,Any,20233,57.0
2024-25,D Pharmacy,CAP Round I,05473,Dr Uttamrao Mahajan College Of B Pharmacy Chalisgaon,Jalgaon,Unaided,GOPEN,State Level,Any,13582,66.0
2024-25,D Pharmacy,CAP Round I,05473,Dr Uttamrao Mahajan College Of B Pharmacy Chalisgaon,Jalgaon,Unaided,GNTA,State Level,Any,24690,51.33
2024-25,D Pharmacy,CAP Round I,05473,Dr Uttamrao Mahajan College Of B Pharmacy Chalisgaon,Jalgaon,Unaided,GOBC,State Level,Any,22886,53.67
2024-25,D Pharmacy,CAP Round I,05473,Dr Uttamrao Mahajan College Of B Pharmacy Chalisgaon,Jalgaon,Unaided,LOPEN,State Level,Ladies,13932,65.67
2024-25,D Pharmacy,CAP Round I,05473,Dr Uttamrao Mahajan College Of B Pharmacy Chalisgaon,Jalgaon,Unaided,LNTA,State Level,Ladies,17010,61.33
2024-25,D Pharmacy,CAP Round I,05473,Dr Uttamrao Mahajan College Of B Pharmacy Chalisgaon,Jalgaon,Unaided,LNTC,State Level,Ladies,21411,55.67
2024-25,D Pharmacy,CAP Round I,05473,Dr Uttamrao Mahajan College Of B Pharmacy Chalisgaon,Jalgaon,Unaided,LOBC,State Level,Ladies,28390,46.67
2024-25,D Pharmacy,CAP Round I,05473,Dr Uttamrao Mahajan College Of B Pharmacy Chalisgaon,Jalgaon,Unaided,EWS,Special,Any,34068,39.33
2024-25,D Pharmacy,CAP Round I,05474,Kvn Naik S P Santha's Institute Of Pharmaceutical Education And Research Nashik,Nashik,Unaided,GOPEN,State Level,Any,14804,64.33
2024-25,D Pharmacy,CAP Round I,05474,Kvn Naik S P Santha's Institute Of Pharmaceutical Education And Research Nashik,Nashik,Unaided,GST,State Level,Any,19101,58.67
2024-25,D Pharmacy,CAP Round I,05474,Kvn Naik S P Santha's Institute Of Pharmaceutical Education And Research Nashik,Nashik,Unaided,GNTA,State Level,Any,36399,36.0
2024-25,D Pharmacy,CAP Round I,05474,Kvn Naik S P Santha's Institute Of Pharmaceutical Education And Research Nashik,Nashik,Unaided,GNTB,State Level,Any,35440,37.67
2024-25,D Pharmacy,CAP Round I,05474,Kvn Naik S P Santha's Institute Of Pharmaceutical Education And Research Nashik,Nashik,Unaided,GOBC,State Level,Any,36443,35.67
2024-25,D Pharmacy,CAP Round I,05474,Kvn Naik S P Santha's Institute Of Pharmaceutical Education And Research Nashik,Nashik,Unaided,LOPEN,State Level,Ladies,12375,67.67
2024-25,D Pharmacy,CAP Round I,05474,Kvn Naik S P Santha's Institute Of Pharmaceutical Education And Research Nashik,Nashik,Unaided,LSC,State Level,Ladies,31405,42.67
2024-25,D Pharmacy,CAP Round I,05474,Kvn Naik S P Santha's Institute Of Pharmaceutical Education And Research Nashik,Nashik,Unaided,LST,State Level,Ladies,14010,65.33
2024-25,D Pharmacy,CAP Round I,05474,Kvn Naik S P Santha's Institute Of Pharmaceutical Education And Research Nashik,Nashik,Unaided,LNTC,State Level,Ladies,18928,58.67
2024-25,D Pharmacy,CAP Round I,05474,Kvn Naik S P Santha's Institute Of Pharmaceutical Education And Research Nashik,Nashik,Unaided,LNTD,State Level,Ladies,25117,50.67
2024-25,D Pharmacy,CAP Round I,05474,Kvn Naik S P Santha's Institute Of Pharmaceutical Education And Research Nashik,Nashik,Unaided,LOBC,State Level,Ladies,33689,40.0
2024-25,D Pharmacy,CAP Round I,05474,Kvn Naik S P Santha's Institute Of Pharmaceutical Education And Research Nashik,Nashik,Unaided,TFWS,Special,Any,31596,42.67
2024-25,D Pharmacy,CAP Round I,05475,Ravindra Vidya Prasarak Mandal,Pune,Unaided,GOPEN,State Level,Any,36184,36.33
2024-25,D Pharmacy,CAP Round I,05475,Ravindra Vidya Prasarak Mandal,Pune,Unaided,LOPEN,State Level,Ladies,34694,38.67
2024-25,D Pharmacy,CAP Round I,05475,Ravindra Vidya Prasarak Mandal,Pune,Unaided,LSC,State Level,Ladies,36281,36.33
2024-25,D Pharmacy,CAP Round I,05475,Ravindra Vidya Prasarak Mandal,Pune,Unaided,LST,State Level,Ladies,34916,38.33
2024-25,D Pharmacy,CAP Round I,05475,Ravindra Vidya Prasarak Mandal,Pune,Unaided,EWS,Special,Any,29071,45.67
2024-25,D Pharmacy,CAP Round I,05476,"Jmct Institute Of Pharmacy, Nashik",Nashik,Unaided,GOPEN,State Level,Any,36739,35.0
2024-25,D Pharmacy,CAP Round I,05476,"Jmct Institute Of Pharmacy, Nashik",Nashik,Unaided,LOPEN,State Level,Ladies,33363,40.33
2024-25,D Pharmacy,CAP Round I,05476,"Jmct Institute Of Pharmacy, Nashik",Nashik,Unaided,MI,Special,Any,32138,42.0
2024-25,D Pharmacy,CAP Round I,05476,"Jmct Institute Of Pharmacy, Nashik",Nashik,Unaided,TFWS,Special,Any,17312,61.0
2024-25,D Pharmacy,CAP Round I,05477,"Rashtrasant Janardhan Swami College Of Pharmacy, Kokamthan",Ahmednagar,Unaided,GOPEN,State Level,Any,32309,41.67
2024-25,D Pharmacy,CAP Round I,05477,"Rashtrasant Janardhan Swami College Of Pharmacy, Kokamthan",Ahmednagar,Unaided,GSC,State Level,Any,34531,39.0
2024-25,D Pharmacy,CAP Round I,05477,"Rashtrasant Janardhan Swami College Of Pharmacy, Kokamthan",Ahmednagar,Unaided,GNTD,State Level,Any,34573,39.0
2024-25,D Pharmacy,CAP Round I,05477,"Rashtrasant Janardhan Swami College Of Pharmacy, Kokamthan",Ahmednagar,Unaided,GOBC,State Level,Any,35661,37.33
2024-25,D Pharmacy,CAP Round I,05477,"Rashtrasant Janardhan Swami College Of Pharmacy, Kokamthan",Ahmednagar,Unaided,GSEBC,State Level,Any,34279,39.33
2024-25,D Pharmacy,CAP Round I,05477,"Rashtrasant Janardhan Swami College Of Pharmacy, Kokamthan",Ahmednagar,Unaided,LOPEN,State Level,Ladies,20844,56.33
2024-25,D Pharmacy,CAP Round I,05477,"Rashtrasant Janardhan Swami College Of Pharmacy, Kokamthan",Ahmednagar,Unaided,LSC,State Level,Ladies,34847,38.67
2024-25,D Pharmacy,CAP Round I,05477,"Rashtrasant Janardhan Swami College Of Pharmacy, Kokamthan",Ahmednagar,Unaided,LNTA,State Level,Ladies,32011,42.0
2024-25,D Pharmacy,CAP Round I,05477,"Rashtrasant Janardhan Swami College Of Pharmacy, Kokamthan",Ahmednagar,Unaided,LOBC,State Level,Ladies,26134,49.33
2024-25,D Pharmacy,CAP Round I,05477,"Rashtrasant Janardhan Swami College Of Pharmacy, Kokamthan",Ahmednagar,Unaided,PWDOPEN,State Level,Any,1671,84.33
2024-25,D Pharmacy,CAP Round I,05477,"Rashtrasant Janardhan Swami College Of Pharmacy, Kokamthan",Ahmednagar,Unaided,EWS,Special,Any,34189,39.33
2024-25,D Pharmacy,CAP Round I,05478,"Rashtriya Shikshan Mandal N N Sattha College Of Pharmacy, Ahmednagar",Ahmednagar,Unaided,GOPEN,State Level,Any,12731,67.33
2024-25,D Pharmacy,CAP Round I,05478,"Rashtriya Shikshan Mandal N N Sattha College Of Pharmacy, Ahmednagar",Ahmednagar,Unaided,GSC,State Level,Any,13021,66.67
2024-25,D Pharmacy,CAP Round I,05478,"Rashtriya Shikshan Mandal N N Sattha College Of Pharmacy, Ahmednagar",Ahmednagar,Unaided,GNTC,State Level,Any,26148,49.33
2024-25,D Pharmacy,CAP Round I,05478,"Rashtriya Shikshan Mandal N N Sattha College Of Pharmacy, Ahmednagar",Ahmednagar,Unaided,GNTD,State Level,Any,13559,66.0
2024-25,D Pharmacy,CAP Round I,05478,"Rashtriya Shikshan Mandal N N Sattha College Of Pharmacy, Ahmednagar",Ahmednagar,Unaided,GOBC,State Level,Any,24647,51.33
2024-25,D Pharmacy,CAP Round I,05478,"Rashtriya Shikshan Mandal N N Sattha College Of Pharmacy, Ahmednagar",Ahmednagar,Unaided,LOPEN,State Level,Ladies,8214,73.33
2024-25,D Pharmacy,CAP Round I,05478,"Rashtriya Shikshan Mandal N N Sattha College Of Pharmacy, Ahmednagar",Ahmednagar,Unaided,LSC,State Level,Ladies,32624,41.33
2024-25,D Pharmacy,CAP Round I,05478,"Rashtriya Shikshan Mandal N N Sattha College Of Pharmacy, Ahmednagar",Ahmednagar,Unaided,LOBC,State Level,Ladies,9229,72.0
2024-25,D Pharmacy,CAP Round I,05478,"Rashtriya Shikshan Mandal N N Sattha College Of Pharmacy, Ahmednagar",Ahmednagar,Unaided,PWDOPEN,State Level,Any,31649,42.33
2024-25,D Pharmacy,CAP Round I,05478,"Rashtriya Shikshan Mandal N N Sattha College Of Pharmacy, Ahmednagar",Ahmednagar,Unaided,DEFOPEN,State Level,Any,20132,57.33
2024-25,D Pharmacy,CAP Round I,05478,"Rashtriya Shikshan Mandal N N Sattha College Of Pharmacy, Ahmednagar",Ahmednagar,Unaided,EWS,Special,Any,10391,70.33
2024-25,D Pharmacy,CAP Round I,05478,"Rashtriya Shikshan Mandal N N Sattha College Of Pharmacy, Ahmednagar",Ahmednagar,Unaided,TFWS,Special,Any,4179,79.33
2024-25,D Pharmacy,CAP Round I,05478,"Rashtriya Shikshan Mandal N N Sattha College Of Pharmacy, Ahmednagar",Ahmednagar,Unaided,ORPHAN,Special,Any,16194,62.33
2024-25,D Pharmacy,CAP Round I,05479,"Ashvin College of Pharmacy, Manchi Hill",Ahmednagar,Unaided,GOPEN,State Level,Any,24900,51.0
2024-25,D Pharmacy,CAP Round I,05479,"Ashvin College of Pharmacy, Manchi Hill",Ahmednagar,Unaided,GSC,State Level,Any,36656,35.33
2024-25,D Pharmacy,CAP Round I,05479,"Ashvin College of Pharmacy, Manchi Hill",Ahmednagar,Unaided,GST,State Level,Any,36282,36.33
2024-25,D Pharmacy,CAP Round I,05479,"Ashvin College of Pharmacy, Manchi Hill",Ahmednagar,Unaided,GNTC,State Level,Any,27515,47.67
2024-25,D Pharmacy,CAP Round I,05479,"Ashvin College of Pharmacy, Manchi Hill",Ahmednagar,Unaided,GNTD,State Level,Any,27293,48.0
2024-25,D Pharmacy,CAP Round I,05479,"Ashvin College of Pharmacy, Manchi Hill",Ahmednagar,Unaided,GOBC,State Level,Any,34051,39.67
2024-25,D Pharmacy,CAP Round I,05479,"Ashvin College of Pharmacy, Manchi Hill",Ahmednagar,Unaided,LOPEN,State Level,Ladies,24144,52.0
2024-25,D Pharmacy,CAP Round I,05479,"Ashvin College of Pharmacy, Manchi Hill",Ahmednagar,Unaided,LOBC,State Level,Ladies,29067,45.67
2024-25,D Pharmacy,CAP Round I,05479,"Ashvin College of Pharmacy, Manchi Hill",Ahmednagar,Unaided,EWS,Special,Any,27953,47.0
2024-25,D Pharmacy,CAP Round I,05479,"Ashvin College of Pharmacy, Manchi Hill",Ahmednagar,Unaided,TFWS,Special,Any,34359,39.33
2024-25,D Pharmacy,CAP Round I,05480,"Matoshri Radha College Of D.Pharmacy, Virgaon",Nashik,Unaided,GOPEN,State Level,Any,34859,38.67
2024-25,D Pharmacy,CAP Round I,05480,"Matoshri Radha College Of D.Pharmacy, Virgaon",Nashik,Unaided,GST,State Level,Any,35907,37.0
2024-25,D Pharmacy,CAP Round I,05480,"Matoshri Radha College Of D.Pharmacy, Virgaon",Nashik,Unaided,LOPEN,State Level,Ladies,28094,47.0
2024-25,D Pharmacy,CAP Round I,05480,"Matoshri Radha College Of D.Pharmacy, Virgaon",Nashik,Unaided,LSC,State Level,Ladies,31769,42.33
2024-25,D Pharmacy,CAP Round I,05480,"Matoshri Radha College Of D.Pharmacy, Virgaon",Nashik,Unaided,LNTD,State Level,Ladies,31096,43.33
2024-25,D Pharmacy,CAP Round I,05480,"Matoshri Radha College Of D.Pharmacy, Virgaon",Nashik,Unaided,LOBC,State Level,Ladies,33714,40.0
2024-25,D Pharmacy,CAP Round I,05480,"Matoshri Radha College Of D.Pharmacy, Virgaon",Nashik,Unaided,DEFOPEN,State Level,Any,12376,67.67
2024-25,D Pharmacy,CAP Round I,05480,"Matoshri Radha College Of D.Pharmacy, Virgaon",Nashik,Unaided,EWS,Special,Any,27041,48.33
2024-25,D Pharmacy,CAP Round I,05480,"Matoshri Radha College Of D.Pharmacy, Virgaon",Nashik,Unaided,TFWS,Special,Any,25877,49.67
2024-25,D Pharmacy,CAP Round I,05481,"Mrs. Saraswati Wani College Of D. Pharmacy, At Ganegaon",Pune,Unaided,GOPEN,State Level,Any,28454,46.33
2024-25,D Pharmacy,CAP Round I,05481,"Mrs. Saraswati Wani College Of D. Pharmacy, At Ganegaon",Pune,Unaided,GST,State Level,Any,36153,36.67
2024-25,D Pharmacy,CAP Round I,05481,"Mrs. Saraswati Wani College Of D. Pharmacy, At Ganegaon",Pune,Unaided,GNTC,State Level,Any,35143,38.33
2024-25,D Pharmacy,CAP Round I,05481,"Mrs. Saraswati Wani College Of D. Pharmacy, At Ganegaon",Pune,Unaided,GOBC,State Level,Any,35134,38.33
2024-25,D Pharmacy,CAP Round I,05481,"Mrs. Saraswati Wani College Of D. Pharmacy, At Ganegaon",Pune,Unaided,LOPEN,State Level,Ladies,26447,49.0
2024-25,D Pharmacy,CAP Round I,05481,"Mrs. Saraswati Wani College Of D. Pharmacy, At Ganegaon",Pune,Unaided,LST,State Level,Ladies,30444,44.0
2024-25,D Pharmacy,CAP Round I,05481,"Mrs. Saraswati Wani College Of D. Pharmacy, At Ganegaon",Pune,Unaided,LNTB,State Level,Ladies,36279,36.33
2024-25,D Pharmacy,CAP Round I,05481,"Mrs. Saraswati Wani College Of D. Pharmacy, At Ganegaon",Pune,Unaided,LNTC,State Level,Ladies,30351,44.0
2024-25,D Pharmacy,CAP Round I,05481,"Mrs. Saraswati Wani College Of D. Pharmacy, At Ganegaon",Pune,Unaided,LOBC,State Level,Ladies,34338,39.33
2024-25,D Pharmacy,CAP Round I,05482,Dr Ithape Institute Of D Pharmacy Sangamner,Ahmednagar,Unaided,GOPEN,State Level,Any,33300,40.33
2024-25,D Pharmacy,CAP Round I,05482,Dr Ithape Institute Of D Pharmacy Sangamner,Ahmednagar,Unaided,GNTD,State Level,Any,35401,37.67
2024-25,D Pharmacy,CAP Round I,05482,Dr Ithape Institute Of D Pharmacy Sangamner,Ahmednagar,Unaided,GOBC,State Level,Any,36006,36.67
2024-25,D Pharmacy,CAP Round I,05482,Dr Ithape Institute Of D Pharmacy Sangamner,Ahmednagar,Unaided,LOPEN,State Level,Ladies,13690,66.0
2024-25,D Pharmacy,CAP Round I,05482,Dr Ithape Institute Of D Pharmacy Sangamner,Ahmednagar,Unaided,LNTD,State Level,Ladies,34673,38.67
2024-25,D Pharmacy,CAP Round I,05482,Dr Ithape Institute Of D Pharmacy Sangamner,Ahmednagar,Unaided,LOBC,State Level,Ladies,31210,43.0
2024-25,D Pharmacy,CAP Round I,05482,Dr Ithape Institute Of D Pharmacy Sangamner,Ahmednagar,Unaided,EWS,Special,Any,36215,36.33
2024-25,D Pharmacy,CAP Round I,05483,"Pravara Medical Trust College Of Pharmacy, Shevgaon",Ahmednagar,Unaided,GOPEN,State Level,Any,12303,67.67
2024-25,D Pharmacy,CAP Round I,05483,"Pravara Medical Trust College Of Pharmacy, Shevgaon",Ahmednagar,Unaided,GSC,State Level,Any,34730,38.67
2024-25,D Pharmacy,CAP Round I,05483,"Pravara Medical Trust College Of Pharmacy, Shevgaon",Ahmednagar,Unaided,GNTA,State Level,Any,15599,63.33
2024-25,D Pharmacy,CAP Round I,05483,"Pravara Medical Trust College Of Pharmacy, Shevgaon",Ahmednagar,Unaided,GNTC,State Level,Any,12756,67.0
2024-25,D Pharmacy,CAP Round I,05483,"Pravara Medical Trust College Of Pharmacy, Shevgaon",Ahmednagar,Unaided,GNTD,State Level,Any,25635,50.0
2024-25,D Pharmacy,CAP Round I,05483,"Pravara Medical Trust College Of Pharmacy, Shevgaon",Ahmednagar,Unaided,GOBC,State Level,Any,14403,65.0
2024-25,D Pharmacy,CAP Round I,05483,"Pravara Medical Trust College Of Pharmacy, Shevgaon",Ahmednagar,Unaided,LOPEN,State Level,Ladies,4493,79.0
2024-25,D Pharmacy,CAP Round I,05483,"Pravara Medical Trust College Of Pharmacy, Shevgaon",Ahmednagar,Unaided,LSC,State Level,Ladies,11830,68.33
2024-25,D Pharmacy,CAP Round I,05483,"Pravara Medical Trust College Of Pharmacy, Shevgaon",Ahmednagar,Unaided,LNTB,State Level,Ladies,10539,70.0
2024-25,D Pharmacy,CAP Round I,05483,"Pravara Medical Trust College Of Pharmacy, Shevgaon",Ahmednagar,Unaided,LOBC,State Level,Ladies,9737,71.33
2024-25,D Pharmacy,CAP Round I,05483,"Pravara Medical Trust College Of Pharmacy, Shevgaon",Ahmednagar,Unaided,LSEBC,State Level,Ladies,5920,76.67
2024-25,D Pharmacy,CAP Round I,05483,"Pravara Medical Trust College Of Pharmacy, Shevgaon",Ahmednagar,Unaided,EWS,Special,Any,9073,72.33
2024-25,D Pharmacy,CAP Round I,05483,"Pravara Medical Trust College Of Pharmacy, Shevgaon",Ahmednagar,Unaided,TFWS,Special,Any,5905,76.67
2024-25,D Pharmacy,CAP Round I,05484,"Shri Swami Samarth Institute Of Pharmacy, Malwadi, Bota",Ahmednagar,Unaided,GOPEN,State Level,Any,23208,53.33
2024-25,D Pharmacy,CAP Round I,05484,"Shri Swami Samarth Institute Of Pharmacy, Malwadi, Bota",Ahmednagar,Unaided,GNTB,State Level,Any,33256,40.33
2024-25,D Pharmacy,CAP Round I,05484,"Shri Swami Samarth Institute Of Pharmacy, Malwadi, Bota",Ahmednagar,Unaided,GNTC,State Level,Any,25492,50.33
2024-25,D Pharmacy,CAP Round I,05484,"Shri Swami Samarth Institute Of Pharmacy, Malwadi, Bota",Ahmednagar,Unaided,GOBC,State Level,Any,36250,36.33
2024-25,D Pharmacy,CAP Round I,05484,"Shri Swami Samarth Institute Of Pharmacy, Malwadi, Bota",Ahmednagar,Unaided,LOPEN,State Level,Ladies,17863,60.33
2024-25,D Pharmacy,CAP Round I,05484,"Shri Swami Samarth Institute Of Pharmacy, Malwadi, Bota",Ahmednagar,Unaided,LSC,State Level,Ladies,33708,40.0
2024-25,D Pharmacy,CAP Round I,05484,"Shri Swami Samarth Institute Of Pharmacy, Malwadi, Bota",Ahmednagar,Unaided,LST,State Level,Ladies,31499,42.67
2024-25,D Pharmacy,CAP Round I,05484,"Shri Swami Samarth Institute Of Pharmacy, Malwadi, Bota",Ahmednagar,Unaided,LNTC,State Level,Ladies,25341,50.33
2024-25,D Pharmacy,CAP Round I,05484,"Shri Swami Samarth Institute Of Pharmacy, Malwadi, Bota",Ahmednagar,Unaided,LOBC,State Level,Ladies,33964,39.67
2024-25,D Pharmacy,CAP Round I,05484,"Shri Swami Samarth Institute Of Pharmacy, Malwadi, Bota",Ahmednagar,Unaided,PWDOPEN,State Level,Any,24447,51.67
2024-25,D Pharmacy,CAP Round I,05484,"Shri Swami Samarth Institute Of Pharmacy, Malwadi, Bota",Ahmednagar,Unaided,EWS,Special,Any,20466,56.67
2024-25,D Pharmacy,CAP Round I,05484,"Shri Swami Samarth Institute Of Pharmacy, Malwadi, Bota",Ahmednagar,Unaided,TFWS,Special,Any,23647,52.67
2024-25,D Pharmacy,CAP Round I,05485,"Mula Education Society's Sharda College Of Pharmacy, Vadgaon Gupta",Pune,Unaided,GOPEN,State Level,Any,19365,58.33
2024-25,D Pharmacy,CAP Round I,05485,"Mula Education Society's Sharda College Of Pharmacy, Vadgaon Gupta",Pune,Unaided,GSC,State Level,Any,29661,45.0
2024-25,D Pharmacy,CAP Round I,05485,"Mula Education Society's Sharda College Of Pharmacy, Vadgaon Gupta",Pune,Unaided,GNTD,State Level,Any,22133,54.67
2024-25,D Pharmacy,CAP Round I,05485,"Mula Education Society's Sharda College Of Pharmacy, Vadgaon Gupta",Pune,Unaided,GOBC,State Level,Any,32724,41.33
2024-25,D Pharmacy,CAP Round I,05485,"Mula Education Society's Sharda College Of Pharmacy, Vadgaon Gupta",Pune,Unaided,LOPEN,State Level,Ladies,11110,69.33
2024-25,D Pharmacy,CAP Round I,05485,"Mula Education Society's Sharda College Of Pharmacy, Vadgaon Gupta",Pune,Unaided,LSC,State Level,Ladies,17380,61.0
2024-25,D Pharmacy,CAP Round I,05485,"Mula Education Society's Sharda College Of Pharmacy, Vadgaon Gupta",Pune,Unaided,LNTC,State Level,Ladies,30094,44.33
2024-25,D Pharmacy,CAP Round I,05485,"Mula Education Society's Sharda College Of Pharmacy, Vadgaon Gupta",Pune,Unaided,LOBC,State Level,Ladies,26633,48.67
2024-25,D Pharmacy,CAP Round I,05485,"Mula Education Society's Sharda College Of Pharmacy, Vadgaon Gupta",Pune,Unaided,EWS,Special,Any,35536,37.67
2024-25,D Pharmacy,CAP Round I,05485,"Mula Education Society's Sharda College Of Pharmacy, Vadgaon Gupta",Pune,Unaided,TFWS,Special,Any,18123,60.0
2024-25,D Pharmacy,CAP Round I,05486,"Aditya Institute of Pharmacy, Chalisgaon",Jalgaon,Unaided,GOPEN,State Level,Any,29011,45.67
2024-25,D Pharmacy,CAP Round I,05486,"Aditya Institute of Pharmacy, Chalisgaon",Jalgaon,Unaided,LOPEN,State Level,Ladies,12599,67.33
2024-25,D Pharmacy,CAP Round I,05486,"Aditya Institute of Pharmacy, Chalisgaon",Jalgaon,Unaided,LSC,State Level,Ladies,24128,52.0
2024-25,D Pharmacy,CAP Round I,05486,"Aditya Institute of Pharmacy, Chalisgaon",Jalgaon,Unaided,LOBC,State Level,Ladies,14623,64.67
2024-25,D Pharmacy,CAP Round I,05486,"Aditya Institute of Pharmacy, Chalisgaon",Jalgaon,Unaided,EWS,Special,Any,17240,61.0
2024-25,D Pharmacy,CAP Round I,05486,"Aditya Institute of Pharmacy, Chalisgaon",Jalgaon,Unaided,TFWS,Special,Any,18751,59.0
2024-25,D Pharmacy,CAP Round I,05487,"Shri. Sai Samarth Institute of Pharmacy, Bhadgaon",Jalgaon,Unaided,GOPEN,State Level,Any,9509,71.67
2024-25,D Pharmacy,CAP Round I,05487,"Shri. Sai Samarth Institute of Pharmacy, Bhadgaon",Jalgaon,Unaided,GST,State Level,Any,19585,58.0
2024-25,D Pharmacy,CAP Round I,05487,"Shri. Sai Samarth Institute of Pharmacy, Bhadgaon",Jalgaon,Unaided,GNTA,State Level,Any,10587,70.0
2024-25,D Pharmacy,CAP Round I,05487,"Shri. Sai Samarth Institute of Pharmacy, Bhadgaon",Jalgaon,Unaided,GNTC,State Level,Any,10204,70.67
2024-25,D Pharmacy,CAP Round I,05487,"Shri. Sai Samarth Institute of Pharmacy, Bhadgaon",Jalgaon,Unaided,GNTD,State Level,Any,11712,68.67
2024-25,D Pharmacy,CAP Round I,05487,"Shri. Sai Samarth Institute of Pharmacy, Bhadgaon",Jalgaon,Unaided,GOBC,State Level,Any,15555,63.33
2024-25,D Pharmacy,CAP Round I,05487,"Shri. Sai Samarth Institute of Pharmacy, Bhadgaon",Jalgaon,Unaided,LOPEN,State Level,Ladies,8023,73.67
2024-25,D Pharmacy,CAP Round I,05487,"Shri. Sai Samarth Institute of Pharmacy, Bhadgaon",Jalgaon,Unaided,LSC,State Level,Ladies,31772,42.33
2024-25,D Pharmacy,CAP Round I,05487,"Shri. Sai Samarth Institute of Pharmacy, Bhadgaon",Jalgaon,Unaided,LNTB,State Level,Ladies,11879,68.33
2024-25,D Pharmacy,CAP Round I,05487,"Shri. Sai Samarth Institute of Pharmacy, Bhadgaon",Jalgaon,Unaided,LOBC,State Level,Ladies,16405,62.0
2024-25,D Pharmacy,CAP Round I,05487,"Shri. Sai Samarth Institute of Pharmacy, Bhadgaon",Jalgaon,Unaided,DEFOPEN,State Level,Any,2636,82.33
2024-25,D Pharmacy,CAP Round I,05487,"Shri. Sai Samarth Institute of Pharmacy, Bhadgaon",Jalgaon,Unaided,EWS,Special,Any,13821,65.67
2024-25,D Pharmacy,CAP Round I,05487,"Shri. Sai Samarth Institute of Pharmacy, Bhadgaon",Jalgaon,Unaided,TFWS,Special,Any,3843,80.0
2024-25,D Pharmacy,CAP Round I,05487,"Shri. Sai Samarth Institute of Pharmacy, Bhadgaon",Jalgaon,Unaided,LNTC,State Level,Ladies,23857,52.33
2024-25,D Pharmacy,CAP Round I,05491,"Shatabdi Institute of Pharmacy, Bamdod, Nandurbar",Nandurbar,Unaided,GOPEN,State Level,Any,11910,68.33
2024-25,D Pharmacy,CAP Round I,05491,"Shatabdi Institute of Pharmacy, Bamdod, Nandurbar",Nandurbar,Unaided,LOPEN,State Level,Ladies,9898,71.0
2024-25,D Pharmacy,CAP Round I,05491,"Shatabdi Institute of Pharmacy, Bamdod, Nandurbar",Nandurbar,Unaided,MI,Special,Any,17540,60.67
2024-25,D Pharmacy,CAP Round I,05491,"Shatabdi Institute of Pharmacy, Bamdod, Nandurbar",Nandurbar,Unaided,TFWS,Special,Any,15150,64.0
2024-25,D Pharmacy,CAP Round I,05492,"DK Auti College Of Pharmacy, A/P Taluka Parner, District Ahmednagar",Ahmednagar,Unaided,GOPEN,State Level,Any,22661,54.0
2024-25,D Pharmacy,CAP Round I,05492,"DK Auti College Of Pharmacy, A/P Taluka Parner, District Ahmednagar",Ahmednagar,Unaided,GSC,State Level,Any,34408,39.0
2024-25,D Pharmacy,CAP Round I,05492,"DK Auti College Of Pharmacy, A/P Taluka Parner, District Ahmednagar",Ahmednagar,Unaided,GNTC,State Level,Any,31278,43.0
2024-25,D Pharmacy,CAP Round I,05492,"DK Auti College Of Pharmacy, A/P Taluka Parner, District Ahmednagar",Ahmednagar,Unaided,GOBC,State Level,Any,25480,50.33
2024-25,D Pharmacy,CAP Round I,05492,"DK Auti College Of Pharmacy, A/P Taluka Parner, District Ahmednagar",Ahmednagar,Unaided,LOPEN,State Level,Ladies,12397,67.67
2024-25,D Pharmacy,CAP Round I,05492,"DK Auti College Of Pharmacy, A/P Taluka Parner, District Ahmednagar",Ahmednagar,Unaided,LSC,State Level,Ladies,33403,40.33
2024-25,D Pharmacy,CAP Round I,05492,"DK Auti College Of Pharmacy, A/P Taluka Parner, District Ahmednagar",Ahmednagar,Unaided,LNTC,State Level,Ladies,34908,38.33
2024-25,D Pharmacy,CAP Round I,05492,"DK Auti College Of Pharmacy, A/P Taluka Parner, District Ahmednagar",Ahmednagar,Unaided,LOBC,State Level,Ladies,18593,59.33
2024-25,D Pharmacy,CAP Round I,05492,"DK Auti College Of Pharmacy, A/P Taluka Parner, District Ahmednagar",Ahmednagar,Unaided,LSEBC,State Level,Ladies,25945,49.67
2024-25,D Pharmacy,CAP Round I,05492,"DK Auti College Of Pharmacy, A/P Taluka Parner, District Ahmednagar",Ahmednagar,Unaided,EWS,Special,Any,29189,45.33
2024-25,D Pharmacy,CAP Round I,05493,Varad College of Pharmacy,Pharmacy,Unaided,GOPEN,State Level,Any,21574,55.33
2024-25,D Pharmacy,CAP Round I,05493,Varad College of Pharmacy,Pharmacy,Unaided,GSC,State Level,Any,33698,40.0
2024-25,D Pharmacy,CAP Round I,05493,Varad College of Pharmacy,Pharmacy,Unaided,GNTB,State Level,Any,25397,50.33
2024-25,D Pharmacy,CAP Round I,05493,Varad College of Pharmacy,Pharmacy,Unaided,GNTC,State Level,Any,22577,54.0
2024-25,D Pharmacy,CAP Round I,05493,Varad College of Pharmacy,Pharmacy,Unaided,GOBC,State Level,Any,35950,37.0
2024-25,D Pharmacy,CAP Round I,05493,Varad College of Pharmacy,Pharmacy,Unaided,LOPEN,State Level,Ladies,19683,57.67
2024-25,D Pharmacy,CAP Round I,05493,Varad College of Pharmacy,Pharmacy,Unaided,LSC,State Level,Ladies,27818,47.33
2024-25,D Pharmacy,CAP Round I,05493,Varad College of Pharmacy,Pharmacy,Unaided,LNTC,State Level,Ladies,33160,40.67
2024-25,D Pharmacy,CAP Round I,05494,"Shiva Trust Godavari College of Pharmacy, Manori, Nashik",Nashik,Unaided,GOPEN,State Level,Any,25435,50.33
2024-25,D Pharmacy,CAP Round I,05494,"Shiva Trust Godavari College of Pharmacy, Manori, Nashik",Nashik,Unaided,GSC,State Level,Any,30704,43.67
2024-25,D Pharmacy,CAP Round I,05494,"Shiva Trust Godavari College of Pharmacy, Manori, Nashik",Nashik,Unaided,GOBC,State Level,Any,35057,38.33
2024-25,D Pharmacy,CAP Round I,05494,"Shiva Trust Godavari College of Pharmacy, Manori, Nashik",Nashik,Unaided,LOPEN,State Level,Ladies,36747,35.0
2024-25,D Pharmacy,CAP Round I,05495,"Swaddharak Vidhyarthi Sanstha's Dadasaheb Rawal Pharmacy College, (Mandal) Dondaicha",Dhule,Unaided,GOPEN,State Level,Any,12094,68.0
2024-25,D Pharmacy,CAP Round I,05495,"Swaddharak Vidhyarthi Sanstha's Dadasaheb Rawal Pharmacy College, (Mandal) Dondaicha",Dhule,Unaided,GSC,State Level,Any,17326,61.0
2024-25,D Pharmacy,CAP Round I,05495,"Swaddharak Vidhyarthi Sanstha's Dadasaheb Rawal Pharmacy College, (Mandal) Dondaicha",Dhule,Unaided,GST,State Level,Any,15293,63.67
2024-25,D Pharmacy,CAP Round I,05495,"Swaddharak Vidhyarthi Sanstha's Dadasaheb Rawal Pharmacy College, (Mandal) Dondaicha",Dhule,Unaided,GNTA,State Level,Any,27318,48.0
2024-25,D Pharmacy,CAP Round I,05495,"Swaddharak Vidhyarthi Sanstha's Dadasaheb Rawal Pharmacy College, (Mandal) Dondaicha",Dhule,Unaided,GNTC,State Level,Any,13302,66.33
2024-25,D Pharmacy,CAP Round I,05495,"Swaddharak Vidhyarthi Sanstha's Dadasaheb Rawal Pharmacy College, (Mandal) Dondaicha",Dhule,Unaided,GOBC,State Level,Any,21577,55.33
2024-25,D Pharmacy,CAP Round I,05495,"Swaddharak Vidhyarthi Sanstha's Dadasaheb Rawal Pharmacy College, (Mandal) Dondaicha",Dhule,Unaided,LOPEN,State Level,Ladies,7873,73.67
2024-25,D Pharmacy,CAP Round I,05495,"Swaddharak Vidhyarthi Sanstha's Dadasaheb Rawal Pharmacy College, (Mandal) Dondaicha",Dhule,Unaided,LSC,State Level,Ladies,9813,71.0
2024-25,D Pharmacy,CAP Round I,05495,"Swaddharak Vidhyarthi Sanstha's Dadasaheb Rawal Pharmacy College, (Mandal) Dondaicha",Dhule,Unaided,LST,State Level,Ladies,14358,65.0
2024-25,D Pharmacy,CAP Round I,05495,"Swaddharak Vidhyarthi Sanstha's Dadasaheb Rawal Pharmacy College, (Mandal) Dondaicha",Dhule,Unaided,LOBC,State Level,Ladies,19558,58.0
2024-25,D Pharmacy,CAP Round I,05495,"Swaddharak Vidhyarthi Sanstha's Dadasaheb Rawal Pharmacy College, (Mandal) Dondaicha",Dhule,Unaided,EWS,Special,Any,14383,65.0
2024-25,D Pharmacy,CAP Round I,05496,"Aaisaheb Shakuntalaji Jain College of Pharmacy and Research, Palaskhede (BK)",Buldhana,Unaided,GOPEN,State Level,Any,33521,40.33
2024-25,D Pharmacy,CAP Round I,05496,"Aaisaheb Shakuntalaji Jain College of Pharmacy and Research, Palaskhede (BK)",Buldhana,Unaided,LOPEN,State Level,Ladies,27841,47.33
2024-25,D Pharmacy,CAP Round I,05496,"Aaisaheb Shakuntalaji Jain College of Pharmacy and Research, Palaskhede (BK)",Buldhana,Unaided,PWDOPEN,State Level,Any,22311,54.33
2024-25,D Pharmacy,CAP Round I,05498,"Global College of Pharmacy, Nashik",Nashik,Unaided,GOPEN,State Level,Any,14606,64.67
2024-25,D Pharmacy,CAP Round I,05498,"Global College of Pharmacy, Nashik",Nashik,Unaided,GSC,State Level,Any,34034,39.67
2024-25,D Pharmacy,CAP Round I,05498,"Global College of Pharmacy, Nashik",Nashik,Unaided,GST,State Level,Any,17007,61.33
2024-25,D Pharmacy,CAP Round I,05498,"Global College of Pharmacy, Nashik",Nashik,Unaided,GNTB,State Level,Any,20576,56.67
2024-25,D Pharmacy,CAP Round I,05498,"Global College of Pharmacy, Nashik",Nashik,Unaided,GOBC,State Level,Any,28626,46.33
2024-25,D Pharmacy,CAP Round I,05498,"Global College of Pharmacy, Nashik",Nashik,Unaided,LOPEN,State Level,Ladies,7553,74.33
2024-25,D Pharmacy,CAP Round I,05498,"Global College of Pharmacy, Nashik",Nashik,Unaided,LSC,State Level,Ladies,21397,55.67
2024-25,D Pharmacy,CAP Round I,05498,"Global College of Pharmacy, Nashik",Nashik,Unaided,LST,State Level,Ladies,10100,70.67
2024-25,D Pharmacy,CAP Round I,05498,"Global College of Pharmacy, Nashik",Nashik,Unaided,LOBC,State Level,Ladies,14824,64.33
2024-25,D Pharmacy,CAP Round I,05499,"Shri Siddhivinayak Institute of Pharmacy, Siddhatek Berdi",Ahmednagar,Unaided,GOPEN,State Level,Any,12481,67.67
2024-25,D Pharmacy,CAP Round I,05499,"Shri Siddhivinayak Institute of Pharmacy, Siddhatek Berdi",Ahmednagar,Unaided,GSC,State Level,Any,35253,38.0
2024-25,D Pharmacy,CAP Round I,05499,"Shri Siddhivinayak Institute of Pharmacy, Siddhatek Berdi",Ahmednagar,Unaided,GNTA,State Level,Any,17036,61.33
2024-25,D Pharmacy,CAP Round I,05499,"Shri Siddhivinayak Institute of Pharmacy, Siddhatek Berdi",Ahmednagar,Unaided,GNTC,State Level,Any,14032,65.33
2024-25,D Pharmacy,CAP Round I,05499,"Shri Siddhivinayak Institute of Pharmacy, Siddhatek Berdi",Ahmednagar,Unaided,GNTD,State Level,Any,18335,59.67
2024-25,D Pharmacy,CAP Round I,05499,"Shri Siddhivinayak Institute of Pharmacy, Siddhatek Berdi",Ahmednagar,Unaided,GOBC,State Level,Any,36331,36.0
2024-25,D Pharmacy,CAP Round I,05499,"Shri Siddhivinayak Institute of Pharmacy, Siddhatek Berdi",Ahmednagar,Unaided,GSEBC,State Level,Any,33082,40.67
2024-25,D Pharmacy,CAP Round I,05499,"Shri Siddhivinayak Institute of Pharmacy, Siddhatek Berdi",Ahmednagar,Unaided,LOPEN,State Level,Ladies,10503,70.33
2024-25,D Pharmacy,CAP Round I,05499,"Shri Siddhivinayak Institute of Pharmacy, Siddhatek Berdi",Ahmednagar,Unaided,LSC,State Level,Ladies,22549,54.0
2024-25,D Pharmacy,CAP Round I,05499,"Shri Siddhivinayak Institute of Pharmacy, Siddhatek Berdi",Ahmednagar,Unaided,LNTC,State Level,Ladies,15939,62.67
2024-25,D Pharmacy,CAP Round I,05499,"Shri Siddhivinayak Institute of Pharmacy, Siddhatek Berdi",Ahmednagar,Unaided,LOBC,State Level,Ladies,27624,47.33
2024-25,D Pharmacy,CAP Round I,05499,"Shri Siddhivinayak Institute of Pharmacy, Siddhatek Berdi",Ahmednagar,Unaided,EWS,Special,Any,24106,52.0
2024-25,D Pharmacy,CAP Round I,05499,"Shri Siddhivinayak Institute of Pharmacy, Siddhatek Berdi",Ahmednagar,Unaided,TFWS,Special,Any,30312,44.0
2024-25,D Pharmacy,CAP Round I,05500,"D.B. Patil College of Pharmacy, Parola",Jalgaon,Unaided,GOPEN,State Level,Any,15544,63.33
2024-25,D Pharmacy,CAP Round I,05500,"D.B. Patil College of Pharmacy, Parola",Jalgaon,Unaided,GSC,State Level,Any,34558,39.0
2024-25,D Pharmacy,CAP Round I,05500,"D.B. Patil College of Pharmacy, Parola",Jalgaon,Unaided,GNTA,State Level,Any,19517,58.0
2024-25,D Pharmacy,CAP Round I,05500,"D.B. Patil College of Pharmacy, Parola",Jalgaon,Unaided,GOBC,State Level,Any,26012,49.67
2024-25,D Pharmacy,CAP Round I,05500,"D.B. Patil College of Pharmacy, Parola",Jalgaon,Unaided,LOPEN,State Level,Ladies,10456,70.33
2024-25,D Pharmacy,CAP Round I,05500,"D.B. Patil College of Pharmacy, Parola",Jalgaon,Unaided,LOBC,State Level,Ladies,21312,55.67
2024-25,D Pharmacy,CAP Round I,05502,"SSK College of Pharmacy, Wadzire, Nashik",Nashik,Unaided,GOPEN,State Level,Any,35758,37.33
2024-25,D Pharmacy,CAP Round I,05502,"SSK College of Pharmacy, Wadzire, Nashik",Nashik,Unaided,GNTC,State Level,Any,35973,37.0
2024-25,D Pharmacy,CAP Round I,05502,"SSK College of Pharmacy, Wadzire, Nashik",Nashik,Unaided,LOPEN,State Level,Ladies,19059,58.67
2024-25,D Pharmacy,CAP Round I,05502,"SSK College of Pharmacy, Wadzire, Nashik",Nashik,Unaided,LSC,State Level,Ladies,33461,40.33
2024-25,D Pharmacy,CAP Round I,05502,"SSK College of Pharmacy, Wadzire, Nashik",Nashik,Unaided,LST,State Level,Ladies,27626,47.33
2024-25,D Pharmacy,CAP Round I,05502,"SSK College of Pharmacy, Wadzire, Nashik",Nashik,Unaided,LOBC,State Level,Ladies,32775,41.0
2024-25,D Pharmacy,CAP Round I,05503,"Indubai Bhadane Pratishthan's College of Pharmacy, Borkund, Dhule",Dhule,Unaided,GOPEN,State Level,Any,27839,47.33
2024-25,D Pharmacy,CAP Round I,05503,"Indubai Bhadane Pratishthan's College of Pharmacy, Borkund, Dhule",Dhule,Unaided,LOPEN,State Level,Ladies,10848,69.67
2024-25,D Pharmacy,CAP Round I,05503,"Indubai Bhadane Pratishthan's College of Pharmacy, Borkund, Dhule",Dhule,Unaided,LNTC,State Level,Ladies,16803,61.67
2024-25,D Pharmacy,CAP Round I,05503,"Indubai Bhadane Pratishthan's College of Pharmacy, Borkund, Dhule",Dhule,Unaided,LOBC,State Level,Ladies,17693,60.33
2024-25,D Pharmacy,CAP Round I,05504,"Atal Bihari Vajpayee College of Pharmacy, Devgad phata, Ahmednagar",Ahmednagar,Unaided,GOPEN,State Level,Any,35755,37.33
2024-25,D Pharmacy,CAP Round I,05504,"Atal Bihari Vajpayee College of Pharmacy, Devgad phata, Ahmednagar",Ahmednagar,Unaided,LOPEN,State Level,Ladies,16383,62.0
2024-25,D Pharmacy,CAP Round I,05504,"Atal Bihari Vajpayee College of Pharmacy, Devgad phata, Ahmednagar",Ahmednagar,Unaided,LNTA,State Level,Ladies,28770,46.0
2024-25,D Pharmacy,CAP Round I,05504,"Atal Bihari Vajpayee College of Pharmacy, Devgad phata, Ahmednagar",Ahmednagar,Unaided,LOBC,State Level,Ladies,17384,61.0
2024-25,D Pharmacy,CAP Round I,05504,"Atal Bihari Vajpayee College of Pharmacy, Devgad phata, Ahmednagar",Ahmednagar,Unaided,LSEBC,State Level,Ladies,19262,58.33
2024-25,D Pharmacy,CAP Round I,05504,"Atal Bihari Vajpayee College of Pharmacy, Devgad phata, Ahmednagar",Ahmednagar,Unaided,EWS,Special,Any,29648,45.0
2024-25,D Pharmacy,CAP Round I,05506,"Vishwabharati Academys, College of Pharmacy, Saroda baddi, Ahmednagar",Ahmednagar,Unaided,GOPEN,State Level,Any,26191,49.33
2024-25,D Pharmacy,CAP Round I,05506,"Vishwabharati Academys, College of Pharmacy, Saroda baddi, Ahmednagar",Ahmednagar,Unaided,GSC,State Level,Any,31273,43.0
2024-25,D Pharmacy,CAP Round I,05506,"Vishwabharati Academys, College of Pharmacy, Saroda baddi, Ahmednagar",Ahmednagar,Unaided,GOBC,State Level,Any,30076,44.33
2024-25,D Pharmacy,CAP Round I,05506,"Vishwabharati Academys, College of Pharmacy, Saroda baddi, Ahmednagar",Ahmednagar,Unaided,LOPEN,State Level,Ladies,16901,61.33
2024-25,D Pharmacy,CAP Round I,05506,"Vishwabharati Academys, College of Pharmacy, Saroda baddi, Ahmednagar",Ahmednagar,Unaided,LNTB,State Level,Ladies,32446,41.67
2024-25,D Pharmacy,CAP Round I,05506,"Vishwabharati Academys, College of Pharmacy, Saroda baddi, Ahmednagar",Ahmednagar,Unaided,LNTD,State Level,Ladies,17482,60.67
2024-25,D Pharmacy,CAP Round I,05506,"Vishwabharati Academys, College of Pharmacy, Saroda baddi, Ahmednagar",Ahmednagar,Unaided,LOBC,State Level,Ladies,28151,46.67
2024-25,D Pharmacy,CAP Round I,05506,"Vishwabharati Academys, College of Pharmacy, Saroda baddi, Ahmednagar",Ahmednagar,Unaided,EWS,Special,Any,9916,71.0
2024-25,D Pharmacy,CAP Round I,05507,"P. V. Belhekar College of Pharmacy, Bhanshiware",Solapur,Unaided,GOPEN,State Level,Any,18495,59.33
2024-25,D Pharmacy,CAP Round I,05507,"P. V. Belhekar College of Pharmacy, Bhanshiware",Solapur,Unaided,GSC,State Level,Any,36384,36.0
2024-25,D Pharmacy,CAP Round I,05507,"P. V. Belhekar College of Pharmacy, Bhanshiware",Solapur,Unaided,GNTB,State Level,Any,26224,49.33
2024-25,D Pharmacy,CAP Round I,05507,"P. V. Belhekar College of Pharmacy, Bhanshiware",Solapur,Unaided,GNTD,State Level,Any,18796,59.0
2024-25,D Pharmacy,CAP Round I,05507,"P. V. Belhekar College of Pharmacy, Bhanshiware",Solapur,Unaided,GOBC,State Level,Any,29386,45.33
2024-25,D Pharmacy,CAP Round I,05507,"P. V. Belhekar College of Pharmacy, Bhanshiware",Solapur,Unaided,LOPEN,State Level,Ladies,14522,64.67
2024-25,D Pharmacy,CAP Round I,05507,"P. V. Belhekar College of Pharmacy, Bhanshiware",Solapur,Unaided,LSC,State Level,Ladies,22145,54.67
2024-25,D Pharmacy,CAP Round I,05507,"P. V. Belhekar College of Pharmacy, Bhanshiware",Solapur,Unaided,LST,State Level,Ladies,34344,39.33
2024-25,D Pharmacy,CAP Round I,05507,"P. V. Belhekar College of Pharmacy, Bhanshiware",Solapur,Unaided,LOBC,State Level,Ladies,25350,50.33
2024-25,D Pharmacy,CAP Round I,05507,"P. V. Belhekar College of Pharmacy, Bhanshiware",Solapur,Unaided,DEFOPEN,State Level,Any,8864,72.33
2024-25,D Pharmacy,CAP Round I,05507,"P. V. Belhekar College of Pharmacy, Bhanshiware",Solapur,Unaided,EWS,Special,Any,28828,46.0
2024-25,D Pharmacy,CAP Round I,05508,"Tatyasaheb A B Chaudhari Institute of Pharmacy, Anturli, Jalgaon",Jalgaon,Unaided,GOPEN,State Level,Any,17624,60.67
2024-25,D Pharmacy,CAP Round I,05508,"Tatyasaheb A B Chaudhari Institute of Pharmacy, Anturli, Jalgaon",Jalgaon,Unaided,GSC,State Level,Any,22215,54.67
2024-25,D Pharmacy,CAP Round I,05508,"Tatyasaheb A B Chaudhari Institute of Pharmacy, Anturli, Jalgaon",Jalgaon,Unaided,GST,State Level,Any,22475,54.33
2024-25,D Pharmacy,CAP Round I,05508,"Tatyasaheb A B Chaudhari Institute of Pharmacy, Anturli, Jalgaon",Jalgaon,Unaided,GNTA,State Level,Any,18876,59.0
2024-25,D Pharmacy,CAP Round I,05508,"Tatyasaheb A B Chaudhari Institute of Pharmacy, Anturli, Jalgaon",Jalgaon,Unaided,GOBC,State Level,Any,25974,49.67
2024-25,D Pharmacy,CAP Round I,05508,"Tatyasaheb A B Chaudhari Institute of Pharmacy, Anturli, Jalgaon",Jalgaon,Unaided,LOPEN,State Level,Ladies,34994,38.33
2024-25,D Pharmacy,CAP Round I,05508,"Tatyasaheb A B Chaudhari Institute of Pharmacy, Anturli, Jalgaon",Jalgaon,Unaided,EWS,Special,Any,23675,52.67
2024-25,D Pharmacy,CAP Round I,05512,"Netaji Subhashchandra Bose Education'S Trust Netaji College of Pharmacy, Ajang, Dhule",Dhule,Unaided,GOPEN,State Level,Any,11167,69.33
2024-25,D Pharmacy,CAP Round I,05512,"Netaji Subhashchandra Bose Education'S Trust Netaji College of Pharmacy, Ajang, Dhule",Dhule,Unaided,GSC,State Level,Any,27366,48.0
2024-25,D Pharmacy,CAP Round I,05512,"Netaji Subhashchandra Bose Education'S Trust Netaji College of Pharmacy, Ajang, Dhule",Dhule,Unaided,GST,State Level,Any,30798,43.67
2024-25,D Pharmacy,CAP Round I,05512,"Netaji Subhashchandra Bose Education'S Trust Netaji College of Pharmacy, Ajang, Dhule",Dhule,Unaided,GNTC,State Level,Any,16632,62.0
2024-25,D Pharmacy,CAP Round I,05512,"Netaji Subhashchandra Bose Education'S Trust Netaji College of Pharmacy, Ajang, Dhule",Dhule,Unaided,GOBC,State Level,Any,30648,43.67
2024-25,D Pharmacy,CAP Round I,05512,"Netaji Subhashchandra Bose Education'S Trust Netaji College of Pharmacy, Ajang, Dhule",Dhule,Unaided,LOPEN,State Level,Ladies,11578,68.67
2024-25,D Pharmacy,CAP Round I,05512,"Netaji Subhashchandra Bose Education'S Trust Netaji College of Pharmacy, Ajang, Dhule",Dhule,Unaided,LOBC,State Level,Ladies,32745,41.0
2024-25,D Pharmacy,CAP Round I,05512,"Netaji Subhashchandra Bose Education'S Trust Netaji College of Pharmacy, Ajang, Dhule",Dhule,Unaided,EWS,Special,Any,10099,70.67
2024-25,D Pharmacy,CAP Round I,05514,"Hon. Tukaramsheth S. Baviskar Institute of Pharmaceutical Education & Research, Dahiwad, Shirpur",Dhule,Unaided,GOPEN,State Level,Any,13212,66.67
2024-25,D Pharmacy,CAP Round I,05514,"Hon. Tukaramsheth S. Baviskar Institute of Pharmaceutical Education & Research, Dahiwad, Shirpur",Dhule,Unaided,GSC,State Level,Any,13913,65.67
2024-25,D Pharmacy,CAP Round I,05514,"Hon. Tukaramsheth S. Baviskar Institute of Pharmaceutical Education & Research, Dahiwad, Shirpur",Dhule,Unaided,GST,State Level,Any,15117,64.0
2024-25,D Pharmacy,CAP Round I,05514,"Hon. Tukaramsheth S. Baviskar Institute of Pharmaceutical Education & Research, Dahiwad, Shirpur",Dhule,Unaided,GNTB,State Level,Any,21854,55.0
2024-25,D Pharmacy,CAP Round I,05514,"Hon. Tukaramsheth S. Baviskar Institute of Pharmaceutical Education & Research, Dahiwad, Shirpur",Dhule,Unaided,GOBC,State Level,Any,32404,41.67
2024-25,D Pharmacy,CAP Round I,05514,"Hon. Tukaramsheth S. Baviskar Institute of Pharmaceutical Education & Research, Dahiwad, Shirpur",Dhule,Unaided,LOPEN,State Level,Ladies,10089,70.67
2024-25,D Pharmacy,CAP Round I,05514,"Hon. Tukaramsheth S. Baviskar Institute of Pharmaceutical Education & Research, Dahiwad, Shirpur",Dhule,Unaided,LST,State Level,Ladies,15344,63.67
2024-25,D Pharmacy,CAP Round I,05514,"Hon. Tukaramsheth S. Baviskar Institute of Pharmaceutical Education & Research, Dahiwad, Shirpur",Dhule,Unaided,LOBC,State Level,Ladies,18702,59.0
2024-25,D Pharmacy,CAP Round I,05514,"Hon. Tukaramsheth S. Baviskar Institute of Pharmaceutical Education & Research, Dahiwad, Shirpur",Dhule,Unaided,EWS,Special,Any,23125,53.33
2024-25,D Pharmacy,CAP Round I,05515,Wani College of Pharmacy,Pharmacy,Unaided,GOPEN,State Level,Any,33377,40.33
2024-25,D Pharmacy,CAP Round I,05515,Wani College of Pharmacy,Pharmacy,Unaided,GOBC,State Level,Any,35799,37.33
2024-25,D Pharmacy,CAP Round I,05515,Wani College of Pharmacy,Pharmacy,Unaided,LOPEN,State Level,Ladies,30425,44.0
2024-25,D Pharmacy,CAP Round I,05515,Wani College of Pharmacy,Pharmacy,Unaided,LOBC,State Level,Ladies,33556,40.0
2024-25,D Pharmacy,CAP Round I,05517,Sakeshwar College of Pharmacy,Pharmacy,Unaided,GOPEN,State Level,Any,31339,43.0
2024-25,D Pharmacy,CAP Round I,05517,Sakeshwar College of Pharmacy,Pharmacy,Unaided,GSC,State Level,Any,33525,40.0
2024-25,D Pharmacy,CAP Round I,05517,Sakeshwar College of Pharmacy,Pharmacy,Unaided,GOBC,State Level,Any,35439,37.67
2024-25,D Pharmacy,CAP Round I,05517,Sakeshwar College of Pharmacy,Pharmacy,Unaided,LOPEN,State Level,Ladies,27959,47.0
2024-25,D Pharmacy,CAP Round I,05517,Sakeshwar College of Pharmacy,Pharmacy,Unaided,LOBC,State Level,Ladies,28192,46.67
2024-25,D Pharmacy,CAP Round I,05517,Sakeshwar College of Pharmacy,Pharmacy,Unaided,TFWS,Special,Any,29026,45.67
2024-25,D Pharmacy,CAP Round I,05519,Ashok College of Pharmacy,Pharmacy,Unaided,GOPEN,State Level,Any,22936,53.67
2024-25,D Pharmacy,CAP Round I,05519,Ashok College of Pharmacy,Pharmacy,Unaided,GSC,State Level,Any,35290,38.0
2024-25,D Pharmacy,CAP Round I,05519,Ashok College of Pharmacy,Pharmacy,Unaided,GNTB,State Level,Any,33154,40.67
2024-25,D Pharmacy,CAP Round I,05519,Ashok College of Pharmacy,Pharmacy,Unaided,GNTC,State Level,Any,31518,42.67
2024-25,D Pharmacy,CAP Round I,05519,Ashok College of Pharmacy,Pharmacy,Unaided,GOBC,State Level,Any,36643,35.33
2024-25,D Pharmacy,CAP Round I,05519,Ashok College of Pharmacy,Pharmacy,Unaided,LOPEN,State Level,Ladies,20286,57.0
2024-25,D Pharmacy,CAP Round I,05519,Ashok College of Pharmacy,Pharmacy,Unaided,LSC,State Level,Ladies,31757,42.33
2024-25,D Pharmacy,CAP Round I,05519,Ashok College of Pharmacy,Pharmacy,Unaided,LOBC,State Level,Ladies,34830,38.67
2024-25,D Pharmacy,CAP Round I,05519,Ashok College of Pharmacy,Pharmacy,Unaided,EWS,Special,Any,28216,46.67
2024-25,D Pharmacy,CAP Round I,05520,OBVS Nikam College of Pharmacy,Pharmacy,Unaided,GOPEN,State Level,Any,15571,63.33
2024-25,D Pharmacy,CAP Round I,05520,OBVS Nikam College of Pharmacy,Pharmacy,Unaided,GST,State Level,Any,25527,50.33
2024-25,D Pharmacy,CAP Round I,05520,OBVS Nikam College of Pharmacy,Pharmacy,Unaided,GOBC,State Level,Any,29050,45.67
2024-25,D Pharmacy,CAP Round I,05520,OBVS Nikam College of Pharmacy,Pharmacy,Unaided,LOPEN,State Level,Ladies,36052,36.67
2024-25,D Pharmacy,CAP Round I,05520,OBVS Nikam College of Pharmacy,Pharmacy,Unaided,EWS,Special,Any,29398,45.33
2024-25,D Pharmacy,CAP Round I,05520,OBVS Nikam College of Pharmacy,Pharmacy,Unaided,LOBC,State Level,Ladies,33694,40.0
2024-25,D Pharmacy,CAP Round I,05522,Adsul College of Pharmacy,Pharmacy,Unaided,GOPEN,State Level,Any,21355,55.67
2024-25,D Pharmacy,CAP Round I,05522,Adsul College of Pharmacy,Pharmacy,Unaided,GSC,State Level,Any,28506,46.33
2024-25,D Pharmacy,CAP Round I,05522,Adsul College of Pharmacy,Pharmacy,Unaided,GNTA,State Level,Any,27860,47.33
2024-25,D Pharmacy,CAP Round I,05522,Adsul College of Pharmacy,Pharmacy,Unaided,GNTB,State Level,Any,32966,41.0
2024-25,D Pharmacy,CAP Round I,05522,Adsul College of Pharmacy,Pharmacy,Unaided,GOBC,State Level,Any,32622,41.33
2024-25,D Pharmacy,CAP Round I,05522,Adsul College of Pharmacy,Pharmacy,Unaided,LOPEN,State Level,Ladies,16467,62.0
2024-25,D Pharmacy,CAP Round I,05522,Adsul College of Pharmacy,Pharmacy,Unaided,LSC,State Level,Ladies,18809,59.0
2024-25,D Pharmacy,CAP Round I,05522,Adsul College of Pharmacy,Pharmacy,Unaided,LOBC,State Level,Ladies,30583,43.67
2024-25,D Pharmacy,CAP Round I,05523,"Loknete Appasaheb Rajale College of Pharmacy, Adinathnagar",Ahmednagar,Unaided,GOPEN,State Level,Any,28583,46.33
2024-25,D Pharmacy,CAP Round I,05523,"Loknete Appasaheb Rajale College of Pharmacy, Adinathnagar",Ahmednagar,Unaided,GNTD,State Level,Any,36096,36.67
2024-25,D Pharmacy,CAP Round I,05523,"Loknete Appasaheb Rajale College of Pharmacy, Adinathnagar",Ahmednagar,Unaided,LOPEN,State Level,Ladies,8349,73.0
2024-25,D Pharmacy,CAP Round I,05523,"Loknete Appasaheb Rajale College of Pharmacy, Adinathnagar",Ahmednagar,Unaided,LNTD,State Level,Ladies,12157,68.0
2024-25,D Pharmacy,CAP Round I,05523,"Loknete Appasaheb Rajale College of Pharmacy, Adinathnagar",Ahmednagar,Unaided,LOBC,State Level,Ladies,20453,56.67
2024-25,D Pharmacy,CAP Round I,05523,"Loknete Appasaheb Rajale College of Pharmacy, Adinathnagar",Ahmednagar,Unaided,LSEBC,State Level,Ladies,16437,62.0
2024-25,D Pharmacy,CAP Round I,05523,"Loknete Appasaheb Rajale College of Pharmacy, Adinathnagar",Ahmednagar,Unaided,EWS,Special,Any,23203,53.33
2024-25,D Pharmacy,CAP Round I,05523,"Loknete Appasaheb Rajale College of Pharmacy, Adinathnagar",Ahmednagar,Unaided,TFWS,Special,Any,13707,66.0
2024-25,D Pharmacy,CAP Round I,05524,Annasaheb Dr.Satish Bhaskarrao Ptil Institute of Pharmacy,Pharmacy,Unaided,GOPEN,State Level,Any,9559,71.67
2024-25,D Pharmacy,CAP Round I,05524,Annasaheb Dr.Satish Bhaskarrao Ptil Institute of Pharmacy,Pharmacy,Unaided,GSC,State Level,Any,9664,71.33
2024-25,D Pharmacy,CAP Round I,05524,Annasaheb Dr.Satish Bhaskarrao Ptil Institute of Pharmacy,Pharmacy,Unaided,GNTA,State Level,Any,13129,66.67
2024-25,D Pharmacy,CAP Round I,05524,Annasaheb Dr.Satish Bhaskarrao Ptil Institute of Pharmacy,Pharmacy,Unaided,GNTB,State Level,Any,17004,61.33
2024-25,D Pharmacy,CAP Round I,05524,Annasaheb Dr.Satish Bhaskarrao Ptil Institute of Pharmacy,Pharmacy,Unaided,GOBC,State Level,Any,13389,66.33
2024-25,D Pharmacy,CAP Round I,05524,Annasaheb Dr.Satish Bhaskarrao Ptil Institute of Pharmacy,Pharmacy,Unaided,LOPEN,State Level,Ladies,10406,70.33
2024-25,D Pharmacy,CAP Round I,05524,Annasaheb Dr.Satish Bhaskarrao Ptil Institute of Pharmacy,Pharmacy,Unaided,LOBC,State Level,Ladies,12820,67.0
2024-25,D Pharmacy,CAP Round I,05524,Annasaheb Dr.Satish Bhaskarrao Ptil Institute of Pharmacy,Pharmacy,Unaided,TFWS,Special,Any,20339,57.0
2024-25,D Pharmacy,CAP Round I,05525,Shri. Padmalaya Institute of Pharmacy,Pharmacy,Unaided,GOPEN,State Level,Any,13148,66.67
2024-25,D Pharmacy,CAP Round I,05525,Shri. Padmalaya Institute of Pharmacy,Pharmacy,Unaided,GSC,State Level,Any,15665,63.33
2024-25,D Pharmacy,CAP Round I,05525,Shri. Padmalaya Institute of Pharmacy,Pharmacy,Unaided,GST,State Level,Any,16279,62.33
2024-25,D Pharmacy,CAP Round I,05525,Shri. Padmalaya Institute of Pharmacy,Pharmacy,Unaided,GNTA,State Level,Any,22384,54.33
2024-25,D Pharmacy,CAP Round I,05525,Shri. Padmalaya Institute of Pharmacy,Pharmacy,Unaided,GOBC,State Level,Any,25516,50.33
2024-25,D Pharmacy,CAP Round I,05525,Shri. Padmalaya Institute of Pharmacy,Pharmacy,Unaided,LOPEN,State Level,Ladies,5874,76.67
2024-25,D Pharmacy,CAP Round I,05525,Shri. Padmalaya Institute of Pharmacy,Pharmacy,Unaided,LSC,State Level,Ladies,11102,69.33
2024-25,D Pharmacy,CAP Round I,05525,Shri. Padmalaya Institute of Pharmacy,Pharmacy,Unaided,LST,State Level,Ladies,29696,44.67
2024-25,D Pharmacy,CAP Round I,05525,Shri. Padmalaya Institute of Pharmacy,Pharmacy,Unaided,LNTC,State Level,Ladies,18898,59.0
2024-25,D Pharmacy,CAP Round I,05525,Shri. Padmalaya Institute of Pharmacy,Pharmacy,Unaided,LOBC,State Level,Ladies,9106,72.0
2024-25,D Pharmacy,CAP Round I,05526,Khandesh Bahuddeshiya Sanstha's North Maharashtra Knowledge city Institute of Pharmacy,Pharmacy,Unaided,GOPEN,State Level,Any,17332,61.0
2024-25,D Pharmacy,CAP Round I,05526,Khandesh Bahuddeshiya Sanstha's North Maharashtra Knowledge city Institute of Pharmacy,Pharmacy,Unaided,GST,State Level,Any,34467,39.0
2024-25,D Pharmacy,CAP Round I,05526,Khandesh Bahuddeshiya Sanstha's North Maharashtra Knowledge city Institute of Pharmacy,Pharmacy,Unaided,GNTC,State Level,Any,19535,58.0
2024-25,D Pharmacy,CAP Round I,05526,Khandesh Bahuddeshiya Sanstha's North Maharashtra Knowledge city Institute of Pharmacy,Pharmacy,Unaided,GOBC,State Level,Any,32357,41.67
2024-25,D Pharmacy,CAP Round I,05526,Khandesh Bahuddeshiya Sanstha's North Maharashtra Knowledge city Institute of Pharmacy,Pharmacy,Unaided,LOPEN,State Level,Ladies,14768,64.33
2024-25,D Pharmacy,CAP Round I,05526,Khandesh Bahuddeshiya Sanstha's North Maharashtra Knowledge city Institute of Pharmacy,Pharmacy,Unaided,LSC,State Level,Ladies,23178,53.33
2024-25,D Pharmacy,CAP Round I,05526,Khandesh Bahuddeshiya Sanstha's North Maharashtra Knowledge city Institute of Pharmacy,Pharmacy,Unaided,LST,State Level,Ladies,21604,55.33
2024-25,D Pharmacy,CAP Round I,05526,Khandesh Bahuddeshiya Sanstha's North Maharashtra Knowledge city Institute of Pharmacy,Pharmacy,Unaided,LOBC,State Level,Ladies,23192,53.33
2024-25,D Pharmacy,CAP Round I,05526,Khandesh Bahuddeshiya Sanstha's North Maharashtra Knowledge city Institute of Pharmacy,Pharmacy,Unaided,EWS,Special,Any,7050,75.0
2024-25,D Pharmacy,CAP Round I,05526,Khandesh Bahuddeshiya Sanstha's North Maharashtra Knowledge city Institute of Pharmacy,Pharmacy,Unaided,TFWS,Special,Any,16968,61.33
2024-25,D Pharmacy,CAP Round I,05527,"N.C,Aba Patil Institute of Pharmacy",Aba Patil Institute of Pharmacy,Unaided,GOPEN,State Level,Any,12086,68.0
2024-25,D Pharmacy,CAP Round I,05527,"N.C,Aba Patil Institute of Pharmacy",Aba Patil Institute of Pharmacy,Unaided,GSC,State Level,Any,15890,63.0
2024-25,D Pharmacy,CAP Round I,05527,"N.C,Aba Patil Institute of Pharmacy",Aba Patil Institute of Pharmacy,Unaided,GST,State Level,Any,13217,66.67
2024-25,D Pharmacy,CAP Round I,05527,"N.C,Aba Patil Institute of Pharmacy",Aba Patil Institute of Pharmacy,Unaided,GOBC,State Level,Any,25769,50.0
2024-25,D Pharmacy,CAP Round I,05527,"N.C,Aba Patil Institute of Pharmacy",Aba Patil Institute of Pharmacy,Unaided,LOPEN,State Level,Ladies,10143,70.67
2024-25,D Pharmacy,CAP Round I,05527,"N.C,Aba Patil Institute of Pharmacy",Aba Patil Institute of Pharmacy,Unaided,LST,State Level,Ladies,10450,70.33
2024-25,D Pharmacy,CAP Round I,05527,"N.C,Aba Patil Institute of Pharmacy",Aba Patil Institute of Pharmacy,Unaided,LOBC,State Level,Ladies,13352,66.33
2024-25,D Pharmacy,CAP Round I,05527,"N.C,Aba Patil Institute of Pharmacy",Aba Patil Institute of Pharmacy,Unaided,TFWS,Special,Any,24356,51.67
2024-25,D Pharmacy,CAP Round I,05528,"Santoshimata College of Pharmacy ,Panhalsathe",Nashik,Unaided,GOPEN,State Level,Any,22750,54.0
2024-25,D Pharmacy,CAP Round I,05528,"Santoshimata College of Pharmacy ,Panhalsathe",Nashik,Unaided,LOPEN,State Level,Ladies,30747,43.67
2024-25,D Pharmacy,CAP Round I,05528,"Santoshimata College of Pharmacy ,Panhalsathe",Nashik,Unaided,TFWS,Special,Any,22960,53.67
2024-25,D Pharmacy,CAP Round I,05530,"Vidya Amrut Dnyan Pratisthan Vitthal Pandit Deore Institute of Pharmacy, Shirsondi, Tal.Malegaon, Dist. Nashik",Nashik,Unaided,GOPEN,State Level,Any,9394,71.67
2024-25,D Pharmacy,CAP Round I,05530,"Vidya Amrut Dnyan Pratisthan Vitthal Pandit Deore Institute of Pharmacy, Shirsondi, Tal.Malegaon, Dist. Nashik",Nashik,Unaided,GSC,State Level,Any,14888,64.33
2024-25,D Pharmacy,CAP Round I,05530,"Vidya Amrut Dnyan Pratisthan Vitthal Pandit Deore Institute of Pharmacy, Shirsondi, Tal.Malegaon, Dist. Nashik",Nashik,Unaided,GNTC,State Level,Any,9757,71.33
2024-25,D Pharmacy,CAP Round I,05530,"Vidya Amrut Dnyan Pratisthan Vitthal Pandit Deore Institute of Pharmacy, Shirsondi, Tal.Malegaon, Dist. Nashik",Nashik,Unaided,GOBC,State Level,Any,12078,68.0
2024-25,D Pharmacy,CAP Round I,05530,"Vidya Amrut Dnyan Pratisthan Vitthal Pandit Deore Institute of Pharmacy, Shirsondi, Tal.Malegaon, Dist. Nashik",Nashik,Unaided,LOPEN,State Level,Ladies,5057,78.0
2024-25,D Pharmacy,CAP Round I,05530,"Vidya Amrut Dnyan Pratisthan Vitthal Pandit Deore Institute of Pharmacy, Shirsondi, Tal.Malegaon, Dist. Nashik",Nashik,Unaided,LSC,State Level,Ladies,8609,72.67
2024-25,D Pharmacy,CAP Round I,05530,"Vidya Amrut Dnyan Pratisthan Vitthal Pandit Deore Institute of Pharmacy, Shirsondi, Tal.Malegaon, Dist. Nashik",Nashik,Unaided,LNTC,State Level,Ladies,8479,73.0
2024-25,D Pharmacy,CAP Round I,05530,"Vidya Amrut Dnyan Pratisthan Vitthal Pandit Deore Institute of Pharmacy, Shirsondi, Tal.Malegaon, Dist. Nashik",Nashik,Unaided,LOBC,State Level,Ladies,8712,72.67
2024-25,D Pharmacy,CAP Round I,05530,"Vidya Amrut Dnyan Pratisthan Vitthal Pandit Deore Institute of Pharmacy, Shirsondi, Tal.Malegaon, Dist. Nashik",Nashik,Unaided,EWS,Special,Any,26706,48.67
2024-25,D Pharmacy,CAP Round I,05530,"Vidya Amrut Dnyan Pratisthan Vitthal Pandit Deore Institute of Pharmacy, Shirsondi, Tal.Malegaon, Dist. Nashik",Nashik,Unaided,TFWS,Special,Any,16322,62.33
2024-25,D Pharmacy,CAP Round I,05531,MKD College of Pharmacy,Pharmacy,Unaided,GOPEN,State Level,Any,9468,71.67
2024-25,D Pharmacy,CAP Round I,05531,MKD College of Pharmacy,Pharmacy,Unaided,GST,State Level,Any,10148,70.67
2024-25,D Pharmacy,CAP Round I,05531,MKD College of Pharmacy,Pharmacy,Unaided,GNTB,State Level,Any,17881,60.33
2024-25,D Pharmacy,CAP Round I,05531,MKD College of Pharmacy,Pharmacy,Unaided,GOBC,State Level,Any,21622,55.33
2024-25,D Pharmacy,CAP Round I,05531,MKD College of Pharmacy,Pharmacy,Unaided,LOPEN,State Level,Ladies,5778,77.0
2024-25,D Pharmacy,CAP Round I,05531,MKD College of Pharmacy,Pharmacy,Unaided,LST,State Level,Ladies,7603,74.33
2024-25,D Pharmacy,CAP Round I,05531,MKD College of Pharmacy,Pharmacy,Unaided,LOBC,State Level,Ladies,14740,64.33
2024-25,D Pharmacy,CAP Round I,05531,MKD College of Pharmacy,Pharmacy,Unaided,PWDOPEN,State Level,Any,15630,63.33
2024-25,D Pharmacy,CAP Round I,05531,MKD College of Pharmacy,Pharmacy,Unaided,EWS,Special,Any,19024,58.67
2024-25,D Pharmacy,CAP Round I,05531,MKD College of Pharmacy,Pharmacy,Unaided,TFWS,Special,Any,14648,64.67
2024-25,D Pharmacy,CAP Round I,05533,"Late Devrao Digamber Varat College of Pharmacy, Sakat Tal. Jamkhed Dist. Ahmednagar",Ahmednagar,Unaided,GOPEN,State Level,Any,9066,72.33
2024-25,D Pharmacy,CAP Round I,05533,"Late Devrao Digamber Varat College of Pharmacy, Sakat Tal. Jamkhed Dist. Ahmednagar",Ahmednagar,Unaided,GSC,State Level,Any,14792,64.33
2024-25,D Pharmacy,CAP Round I,05533,"Late Devrao Digamber Varat College of Pharmacy, Sakat Tal. Jamkhed Dist. Ahmednagar",Ahmednagar,Unaided,GNTB,State Level,Any,14109,65.33
2024-25,D Pharmacy,CAP Round I,05533,"Late Devrao Digamber Varat College of Pharmacy, Sakat Tal. Jamkhed Dist. Ahmednagar",Ahmednagar,Unaided,GNTC,State Level,Any,17954,60.0
2024-25,D Pharmacy,CAP Round I,05533,"Late Devrao Digamber Varat College of Pharmacy, Sakat Tal. Jamkhed Dist. Ahmednagar",Ahmednagar,Unaided,GNTD,State Level,Any,9698,71.33
2024-25,D Pharmacy,CAP Round I,05533,"Late Devrao Digamber Varat College of Pharmacy, Sakat Tal. Jamkhed Dist. Ahmednagar",Ahmednagar,Unaided,GOBC,State Level,Any,18848,59.0
2024-25,D Pharmacy,CAP Round I,05533,"Late Devrao Digamber Varat College of Pharmacy, Sakat Tal. Jamkhed Dist. Ahmednagar",Ahmednagar,Unaided,GSEBC,State Level,Any,18220,59.67
2024-25,D Pharmacy,CAP Round I,05533,"Late Devrao Digamber Varat College of Pharmacy, Sakat Tal. Jamkhed Dist. Ahmednagar",Ahmednagar,Unaided,LOPEN,State Level,Ladies,5321,77.67
2024-25,D Pharmacy,CAP Round I,05533,"Late Devrao Digamber Varat College of Pharmacy, Sakat Tal. Jamkhed Dist. Ahmednagar",Ahmednagar,Unaided,LOBC,State Level,Ladies,13759,65.67
2024-25,D Pharmacy,CAP Round I,05533,"Late Devrao Digamber Varat College of Pharmacy, Sakat Tal. Jamkhed Dist. Ahmednagar",Ahmednagar,Unaided,EWS,Special,Any,13175,66.67
2024-25,D Pharmacy,CAP Round I,05533,"Late Devrao Digamber Varat College of Pharmacy, Sakat Tal. Jamkhed Dist. Ahmednagar",Ahmednagar,Unaided,TFWS,Special,Any,5270,77.67
2024-25,D Pharmacy,CAP Round I,05534,Aarogya Sampada College of Pharmacy,Pharmacy,Unaided,GOPEN,State Level,Any,16787,61.67
2024-25,D Pharmacy,CAP Round I,05534,Aarogya Sampada College of Pharmacy,Pharmacy,Unaided,GSC,State Level,Any,34050,39.67
2024-25,D Pharmacy,CAP Round I,05534,Aarogya Sampada College of Pharmacy,Pharmacy,Unaided,GNTA,State Level,Any,34115,39.33
2024-25,D Pharmacy,CAP Round I,05534,Aarogya Sampada College of Pharmacy,Pharmacy,Unaided,GNTB,State Level,Any,17413,60.67
2024-25,D Pharmacy,CAP Round I,05534,Aarogya Sampada College of Pharmacy,Pharmacy,Unaided,GOBC,State Level,Any,24687,51.33
2024-25,D Pharmacy,CAP Round I,05534,Aarogya Sampada College of Pharmacy,Pharmacy,Unaided,LOPEN,State Level,Ladies,14193,65.0
2024-25,D Pharmacy,CAP Round I,05534,Aarogya Sampada College of Pharmacy,Pharmacy,Unaided,LSC,State Level,Ladies,15504,63.33
2024-25,D Pharmacy,CAP Round I,05534,Aarogya Sampada College of Pharmacy,Pharmacy,Unaided,LST,State Level,Ladies,15526,63.33
2024-25,D Pharmacy,CAP Round I,05534,Aarogya Sampada College of Pharmacy,Pharmacy,Unaided,LOBC,State Level,Ladies,22100,54.67
2024-25,D Pharmacy,CAP Round I,05534,Aarogya Sampada College of Pharmacy,Pharmacy,Unaided,LSEBC,State Level,Ladies,23034,53.33
2024-25,D Pharmacy,CAP Round I,05534,Aarogya Sampada College of Pharmacy,Pharmacy,Unaided,EWS,Special,Any,20137,57.33
2024-25,D Pharmacy,CAP Round I,05534,Aarogya Sampada College of Pharmacy,Pharmacy,Unaided,TFWS,Special,Any,17063,61.33
2024-25,D Pharmacy,CAP Round I,05536,Shinde Institute of Pharmacy & Research,Research,Unaided,GOPEN,State Level,Any,12478,67.67
2024-25,D Pharmacy,CAP Round I,05536,Shinde Institute of Pharmacy & Research,Research,Unaided,GSC,State Level,Any,34372,39.33
2024-25,D Pharmacy,CAP Round I,05536,Shinde Institute of Pharmacy & Research,Research,Unaided,GNTA,State Level,Any,13184,66.67
2024-25,D Pharmacy,CAP Round I,05536,Shinde Institute of Pharmacy & Research,Research,Unaided,GOBC,State Level,Any,14820,64.33
2024-25,D Pharmacy,CAP Round I,05536,Shinde Institute of Pharmacy & Research,Research,Unaided,LOPEN,State Level,Ladies,7990,73.67
2024-25,D Pharmacy,CAP Round I,05536,Shinde Institute of Pharmacy & Research,Research,Unaided,LSC,State Level,Ladies,8924,72.33
2024-25,D Pharmacy,CAP Round I,05536,Shinde Institute of Pharmacy & Research,Research,Unaided,LST,State Level,Ladies,16167,62.33
2024-25,D Pharmacy,CAP Round I,05536,Shinde Institute of Pharmacy & Research,Research,Unaided,LOBC,State Level,Ladies,8987,72.33
2024-25,D Pharmacy,CAP Round I,05536,Shinde Institute of Pharmacy & Research,Research,Unaided,TFWS,Special,Any,52,94.67
2024-25,D Pharmacy,CAP Round I,05539,D.P.Kharde Navjeevan College of Pharmacy,Pharmacy,Unaided,GOPEN,State Level,Any,25112,50.67
2024-25,D Pharmacy,CAP Round I,05539,D.P.Kharde Navjeevan College of Pharmacy,Pharmacy,Unaided,GSC,State Level,Any,33203,40.67
2024-25,D Pharmacy,CAP Round I,05539,D.P.Kharde Navjeevan College of Pharmacy,Pharmacy,Unaided,GST,State Level,Any,32086,42.0
2024-25,D Pharmacy,CAP Round I,05539,D.P.Kharde Navjeevan College of Pharmacy,Pharmacy,Unaided,GNTC,State Level,Any,25418,50.33
2024-25,D Pharmacy,CAP Round I,05539,D.P.Kharde Navjeevan College of Pharmacy,Pharmacy,Unaided,GNTD,State Level,Any,26404,49.0
2024-25,D Pharmacy,CAP Round I,05539,D.P.Kharde Navjeevan College of Pharmacy,Pharmacy,Unaided,GOBC,State Level,Any,35429,37.67
2024-25,D Pharmacy,CAP Round I,05539,D.P.Kharde Navjeevan College of Pharmacy,Pharmacy,Unaided,LOPEN,State Level,Ladies,17981,60.0
2024-25,D Pharmacy,CAP Round I,05539,D.P.Kharde Navjeevan College of Pharmacy,Pharmacy,Unaided,LSC,State Level,Ladies,30400,44.0
2024-25,D Pharmacy,CAP Round I,05539,D.P.Kharde Navjeevan College of Pharmacy,Pharmacy,Unaided,LOBC,State Level,Ladies,28953,45.67
2024-25,D Pharmacy,CAP Round I,05540,"Shri. Laxmanrao Tryambakrao Nakade Pharmacy College, Dhorjalgaon-NE",Ahmednagar,Unaided,GOPEN,State Level,Any,22560,54.0
2024-25,D Pharmacy,CAP Round I,05540,"Shri. Laxmanrao Tryambakrao Nakade Pharmacy College, Dhorjalgaon-NE",Ahmednagar,Unaided,GNTC,State Level,Any,24221,52.0
2024-25,D Pharmacy,CAP Round I,05540,"Shri. Laxmanrao Tryambakrao Nakade Pharmacy College, Dhorjalgaon-NE",Ahmednagar,Unaided,GNTD,State Level,Any,30496,44.0
2024-25,D Pharmacy,CAP Round I,05540,"Shri. Laxmanrao Tryambakrao Nakade Pharmacy College, Dhorjalgaon-NE",Ahmednagar,Unaided,GOBC,State Level,Any,32703,41.33
2024-25,D Pharmacy,CAP Round I,05540,"Shri. Laxmanrao Tryambakrao Nakade Pharmacy College, Dhorjalgaon-NE",Ahmednagar,Unaided,LOPEN,State Level,Ladies,9345,71.67
2024-25,D Pharmacy,CAP Round I,05540,"Shri. Laxmanrao Tryambakrao Nakade Pharmacy College, Dhorjalgaon-NE",Ahmednagar,Unaided,LOBC,State Level,Ladies,22075,54.67
2024-25,D Pharmacy,CAP Round I,05541,"Trimurti Gramin Pharmacy College, Khadke",Nagpur,Unaided,GOPEN,State Level,Any,18452,59.33
2024-25,D Pharmacy,CAP Round I,05541,"Trimurti Gramin Pharmacy College, Khadke",Nagpur,Unaided,GSC,State Level,Any,29994,44.33
2024-25,D Pharmacy,CAP Round I,05541,"Trimurti Gramin Pharmacy College, Khadke",Nagpur,Unaided,GST,State Level,Any,28714,46.0
2024-25,D Pharmacy,CAP Round I,05541,"Trimurti Gramin Pharmacy College, Khadke",Nagpur,Unaided,GNTC,State Level,Any,21097,56.0
2024-25,D Pharmacy,CAP Round I,05541,"Trimurti Gramin Pharmacy College, Khadke",Nagpur,Unaided,GOBC,State Level,Any,29840,44.67
2024-25,D Pharmacy,CAP Round I,05541,"Trimurti Gramin Pharmacy College, Khadke",Nagpur,Unaided,GSEBC,State Level,Any,36501,35.67
2024-25,D Pharmacy,CAP Round I,05541,"Trimurti Gramin Pharmacy College, Khadke",Nagpur,Unaided,LOPEN,State Level,Ladies,10222,70.67
2024-25,D Pharmacy,CAP Round I,05541,"Trimurti Gramin Pharmacy College, Khadke",Nagpur,Unaided,LSC,State Level,Ladies,25273,50.33
2024-25,D Pharmacy,CAP Round I,05541,"Trimurti Gramin Pharmacy College, Khadke",Nagpur,Unaided,LST,State Level,Ladies,22935,53.67
2024-25,D Pharmacy,CAP Round I,05541,"Trimurti Gramin Pharmacy College, Khadke",Nagpur,Unaided,LNTC,State Level,Ladies,26194,49.33
2024-25,D Pharmacy,CAP Round I,05541,"Trimurti Gramin Pharmacy College, Khadke",Nagpur,Unaided,LOBC,State Level,Ladies,13340,66.33
2024-25,D Pharmacy,CAP Round I,05541,"Trimurti Gramin Pharmacy College, Khadke",Nagpur,Unaided,PWDOPEN,State Level,Any,23443,53.0
2024-25,D Pharmacy,CAP Round I,05541,"Trimurti Gramin Pharmacy College, Khadke",Nagpur,Unaided,EWS,Special,Any,24756,51.33
2024-25,D Pharmacy,CAP Round I,05542,"Late Valmikrao Sawant Institute of Pharmacy, Sayane Bk",Nashik,Unaided,GOPEN,State Level,Any,27222,48.0
2024-25,D Pharmacy,CAP Round I,05542,"Late Valmikrao Sawant Institute of Pharmacy, Sayane Bk",Nashik,Unaided,GOBC,State Level,Any,32501,41.33
2024-25,D Pharmacy,CAP Round I,05542,"Late Valmikrao Sawant Institute of Pharmacy, Sayane Bk",Nashik,Unaided,LOPEN,State Level,Ladies,8687,72.67
2024-25,D Pharmacy,CAP Round I,05542,"Late Valmikrao Sawant Institute of Pharmacy, Sayane Bk",Nashik,Unaided,LSC,State Level,Ladies,23974,52.33
2024-25,D Pharmacy,CAP Round I,05542,"Late Valmikrao Sawant Institute of Pharmacy, Sayane Bk",Nashik,Unaided,LOBC,State Level,Ladies,18188,59.67
2024-25,D Pharmacy,CAP Round I,05542,"Late Valmikrao Sawant Institute of Pharmacy, Sayane Bk",Nashik,Unaided,EWS,Special,Any,30991,43.33
2024-25,D Pharmacy,CAP Round I,05652,Vidya Institute of Pharmacy,Pharmacy,Unaided,GOPEN,State Level,Any,31049,43.33
2024-25,D Pharmacy,CAP Round I,05652,Vidya Institute of Pharmacy,Pharmacy,Unaided,LOPEN,State Level,Ladies,26279,49.0
2024-25,D Pharmacy,CAP Round I,05652,Vidya Institute of Pharmacy,Pharmacy,Unaided,EWS,Special,Any,30257,44.33
2024-25,D Pharmacy,CAP Round I,05653,"Matoshri College of Pharmacy, Mhasrul",Nashik,Unaided,GOPEN,State Level,Any,33387,40.33
2024-25,D Pharmacy,CAP Round I,05653,"Matoshri College of Pharmacy, Mhasrul",Nashik,Unaided,LOPEN,State Level,Ladies,36687,35.0
2024-25,D Pharmacy,CAP Round I,05653,"Matoshri College of Pharmacy, Mhasrul",Nashik,Unaided,TFWS,Special,Any,10741,70.0
2024-25,D Pharmacy,CAP Round I,05655,Shri. Nageshwar College of Pharmacy,Pharmacy,Unaided,GOPEN,State Level,Any,33029,40.67
2024-25,D Pharmacy,CAP Round I,05655,Shri. Nageshwar College of Pharmacy,Pharmacy,Unaided,LOPEN,State Level,Ladies,24049,52.0
2024-25,D Pharmacy,CAP Round I,05655,Shri. Nageshwar College of Pharmacy,Pharmacy,Unaided,EWS,Special,Any,855,87.0
2024-25,D Pharmacy,CAP Round I,05655,Shri. Nageshwar College of Pharmacy,Pharmacy,Unaided,TFWS,Special,Any,29468,45.0
2024-25,D Pharmacy,CAP Round I,06008,"Government College of Pharmacy, Karad",Satara,Government,GOPEN,State Level,Any,3982,79.67
2024-25,D Pharmacy,CAP Round I,06008,"Government College of Pharmacy, Karad",Satara,Government,GSC,State Level,Any,14144,65.33
2024-25,D Pharmacy,CAP Round I,06008,"Government College of Pharmacy, Karad",Satara,Government,GST,State Level,Any,34639,38.67
2024-25,D Pharmacy,CAP Round I,06008,"Government College of Pharmacy, Karad",Satara,Government,GNTA,State Level,Any,4787,78.33
2024-25,D Pharmacy,CAP Round I,06008,"Government College of Pharmacy, Karad",Satara,Government,GNTB,State Level,Any,23717,52.67
2024-25,D Pharmacy,CAP Round I,06008,"Government College of Pharmacy, Karad",Satara,Government,GNTC,State Level,Any,7368,74.67
2024-25,D Pharmacy,CAP Round I,06008,"Government College of Pharmacy, Karad",Satara,Government,GNTD,State Level,Any,4671,78.67
2024-25,D Pharmacy,CAP Round I,06008,"Government College of Pharmacy, Karad",Satara,Government,GOBC,State Level,Any,7184,74.67
2024-25,D Pharmacy,CAP Round I,06008,"Government College of Pharmacy, Karad",Satara,Government,GSEBC,State Level,Any,11725,68.67
2024-25,D Pharmacy,CAP Round I,06008,"Government College of Pharmacy, Karad",Satara,Government,LOPEN,State Level,Ladies,1379,85.33
2024-25,D Pharmacy,CAP Round I,06008,"Government College of Pharmacy, Karad",Satara,Government,LSC,State Level,Ladies,8994,72.33
2024-25,D Pharmacy,CAP Round I,06008,"Government College of Pharmacy, Karad",Satara,Government,LST,State Level,Ladies,9483,71.67
2024-25,D Pharmacy,CAP Round I,06008,"Government College of Pharmacy, Karad",Satara,Government,LNTA,State Level,Ladies,3513,80.67
2024-25,D Pharmacy,CAP Round I,06008,"Government College of Pharmacy, Karad",Satara,Government,LNTB,State Level,Ladies,8603,72.67
2024-25,D Pharmacy,CAP Round I,06008,"Government College of Pharmacy, Karad",Satara,Government,LNTC,State Level,Ladies,3643,80.33
2024-25,D Pharmacy,CAP Round I,06008,"Government College of Pharmacy, Karad",Satara,Government,LOBC,State Level,Ladies,5589,77.0
2024-25,D Pharmacy,CAP Round I,06008,"Government College of Pharmacy, Karad",Satara,Government,LSEBC,State Level,Ladies,8855,72.33
2024-25,D Pharmacy,CAP Round I,06008,"Government College of Pharmacy, Karad",Satara,Government,PWDOPEN,State Level,Any,12048,68.0
2024-25,D Pharmacy,CAP Round I,06008,"Government College of Pharmacy, Karad",Satara,Government,PWDRSC,State Level,Any,33005,40.67
2024-25,D Pharmacy,CAP Round I,06008,"Government College of Pharmacy, Karad",Satara,Government,EWS,Special,Any,11301,69.0
2024-25,D Pharmacy,CAP Round I,06008,"Government College of Pharmacy, Karad",Satara,Government,TFWS,Special,Any,499,89.0
2024-25,D Pharmacy,CAP Round I,06023,"Kolhapur District Chemist Asso. Inst. Of Pharmacy, Kolhapur",Kolhapur,Aided,GOPEN,State Level,Any,23741,52.67
2024-25,D Pharmacy,CAP Round I,06023,"Kolhapur District Chemist Asso. Inst. Of Pharmacy, Kolhapur",Kolhapur,Aided,GSC,State Level,Any,31248,43.0
2024-25,D Pharmacy,CAP Round I,06023,"Kolhapur District Chemist Asso. Inst. Of Pharmacy, Kolhapur",Kolhapur,Aided,GNTA,State Level,Any,33507,40.33
2024-25,D Pharmacy,CAP Round I,06023,"Kolhapur District Chemist Asso. Inst. Of Pharmacy, Kolhapur",Kolhapur,Aided,GNTB,State Level,Any,34427,39.0
2024-25,D Pharmacy,CAP Round I,06023,"Kolhapur District Chemist Asso. Inst. Of Pharmacy, Kolhapur",Kolhapur,Aided,GNTC,State Level,Any,24832,51.0
2024-25,D Pharmacy,CAP Round I,06023,"Kolhapur District Chemist Asso. Inst. Of Pharmacy, Kolhapur",Kolhapur,Aided,GOBC,State Level,Any,35086,38.33
2024-25,D Pharmacy,CAP Round I,06023,"Kolhapur District Chemist Asso. Inst. Of Pharmacy, Kolhapur",Kolhapur,Aided,GSEBC,State Level,Any,30597,43.67
2024-25,D Pharmacy,CAP Round I,06023,"Kolhapur District Chemist Asso. Inst. Of Pharmacy, Kolhapur",Kolhapur,Aided,LOPEN,State Level,Ladies,13235,66.33
2024-25,D Pharmacy,CAP Round I,06023,"Kolhapur District Chemist Asso. Inst. Of Pharmacy, Kolhapur",Kolhapur,Aided,LSC,State Level,Ladies,25836,49.67
2024-25,D Pharmacy,CAP Round I,06023,"Kolhapur District Chemist Asso. Inst. Of Pharmacy, Kolhapur",Kolhapur,Aided,LNTC,State Level,Ladies,19242,58.33
2024-25,D Pharmacy,CAP Round I,06023,"Kolhapur District Chemist Asso. Inst. Of Pharmacy, Kolhapur",Kolhapur,Aided,LOBC,State Level,Ladies,25589,50.0
2024-25,D Pharmacy,CAP Round I,06023,"Kolhapur District Chemist Asso. Inst. Of Pharmacy, Kolhapur",Kolhapur,Aided,LSEBC,State Level,Ladies,21481,55.33
2024-25,D Pharmacy,CAP Round I,06023,"Kolhapur District Chemist Asso. Inst. Of Pharmacy, Kolhapur",Kolhapur,Aided,EWS,Special,Any,31512,42.67
2024-25,D Pharmacy,CAP Round I,06023,"Kolhapur District Chemist Asso. Inst. Of Pharmacy, Kolhapur",Kolhapur,Aided,TFWS,Special,Any,2088,83.33
2024-25,D Pharmacy,CAP Round I,06023,"Kolhapur District Chemist Asso. Inst. Of Pharmacy, Kolhapur",Kolhapur,Aided,LNTD,State Level,Ladies,24358,51.67
2024-25,D Pharmacy,CAP Round I,06024,"Bharti Vidyapeeth's Institute of Pharmacy (Aided Wing), Pune",Pune,Aided,GOPEN,State Level,Any,4734,78.33
2024-25,D Pharmacy,CAP Round I,06024,"Bharti Vidyapeeth's Institute of Pharmacy (Aided Wing), Pune",Pune,Aided,GSC,State Level,Any,20231,57.0
2024-25,D Pharmacy,CAP Round I,06024,"Bharti Vidyapeeth's Institute of Pharmacy (Aided Wing), Pune",Pune,Aided,GST,State Level,Any,20624,56.67
2024-25,D Pharmacy,CAP Round I,06024,"Bharti Vidyapeeth's Institute of Pharmacy (Aided Wing), Pune",Pune,Aided,GNTA,State Level,Any,7079,75.0
2024-25,D Pharmacy,CAP Round I,06024,"Bharti Vidyapeeth's Institute of Pharmacy (Aided Wing), Pune",Pune,Aided,GNTB,State Level,Any,11466,69.0
2024-25,D Pharmacy,CAP Round I,06024,"Bharti Vidyapeeth's Institute of Pharmacy (Aided Wing), Pune",Pune,Aided,GNTC,State Level,Any,5894,76.67
2024-25,D Pharmacy,CAP Round I,06024,"Bharti Vidyapeeth's Institute of Pharmacy (Aided Wing), Pune",Pune,Aided,GNTD,State Level,Any,5860,76.67
2024-25,D Pharmacy,CAP Round I,06024,"Bharti Vidyapeeth's Institute of Pharmacy (Aided Wing), Pune",Pune,Aided,GOBC,State Level,Any,10672,70.0
2024-25,D Pharmacy,CAP Round I,06024,"Bharti Vidyapeeth's Institute of Pharmacy (Aided Wing), Pune",Pune,Aided,GSEBC,State Level,Any,15153,63.67
2024-25,D Pharmacy,CAP Round I,06024,"Bharti Vidyapeeth's Institute of Pharmacy (Aided Wing), Pune",Pune,Aided,LOPEN,State Level,Ladies,4951,78.0
2024-25,D Pharmacy,CAP Round I,06024,"Bharti Vidyapeeth's Institute of Pharmacy (Aided Wing), Pune",Pune,Aided,LSC,State Level,Ladies,12471,67.67
2024-25,D Pharmacy,CAP Round I,06024,"Bharti Vidyapeeth's Institute of Pharmacy (Aided Wing), Pune",Pune,Aided,LST,State Level,Ladies,34386,39.0
2024-25,D Pharmacy,CAP Round I,06024,"Bharti Vidyapeeth's Institute of Pharmacy (Aided Wing), Pune",Pune,Aided,LNTA,State Level,Ladies,17984,60.0
2024-25,D Pharmacy,CAP Round I,06024,"Bharti Vidyapeeth's Institute of Pharmacy (Aided Wing), Pune",Pune,Aided,LNTC,State Level,Ladies,8881,72.33
2024-25,D Pharmacy,CAP Round I,06024,"Bharti Vidyapeeth's Institute of Pharmacy (Aided Wing), Pune",Pune,Aided,LOBC,State Level,Ladies,7332,74.67
2024-25,D Pharmacy,CAP Round I,06024,"Bharti Vidyapeeth's Institute of Pharmacy (Aided Wing), Pune",Pune,Aided,LSEBC,State Level,Ladies,6262,76.0
2024-25,D Pharmacy,CAP Round I,06024,"Bharti Vidyapeeth's Institute of Pharmacy (Aided Wing), Pune",Pune,Aided,PWDOPEN,State Level,Any,28426,46.33
2024-25,D Pharmacy,CAP Round I,06024,"Bharti Vidyapeeth's Institute of Pharmacy (Aided Wing), Pune",Pune,Aided,DEFOPEN,State Level,Any,32506,41.33
2024-25,D Pharmacy,CAP Round I,06024,"Bharti Vidyapeeth's Institute of Pharmacy (Aided Wing), Pune",Pune,Aided,EWS,Special,Any,30560,43.67
2024-25,D Pharmacy,CAP Round I,06024,"Bharti Vidyapeeth's Institute of Pharmacy (Aided Wing), Pune",Pune,Aided,TFWS,Special,Any,2621,82.33
2024-25,D Pharmacy,CAP Round I,06025,"Shri Swami Vivekanand Shikshan Santha's Institute Of Pharmacy,Miraj",Sangli,Aided,GOPEN,State Level,Any,29827,44.67
2024-25,D Pharmacy,CAP Round I,06025,"Shri Swami Vivekanand Shikshan Santha's Institute Of Pharmacy,Miraj",Sangli,Aided,GSC,State Level,Any,35564,37.67
2024-25,D Pharmacy,CAP Round I,06025,"Shri Swami Vivekanand Shikshan Santha's Institute Of Pharmacy,Miraj",Sangli,Aided,GNTB,State Level,Any,30250,44.33
2024-25,D Pharmacy,CAP Round I,06025,"Shri Swami Vivekanand Shikshan Santha's Institute Of Pharmacy,Miraj",Sangli,Aided,GNTC,State Level,Any,30061,44.33
2024-25,D Pharmacy,CAP Round I,06025,"Shri Swami Vivekanand Shikshan Santha's Institute Of Pharmacy,Miraj",Sangli,Aided,GNTD,State Level,Any,33211,40.67
2024-25,D Pharmacy,CAP Round I,06025,"Shri Swami Vivekanand Shikshan Santha's Institute Of Pharmacy,Miraj",Sangli,Aided,GOBC,State Level,Any,35560,37.67
2024-25,D Pharmacy,CAP Round I,06025,"Shri Swami Vivekanand Shikshan Santha's Institute Of Pharmacy,Miraj",Sangli,Aided,GSEBC,State Level,Any,32186,41.67
2024-25,D Pharmacy,CAP Round I,06025,"Shri Swami Vivekanand Shikshan Santha's Institute Of Pharmacy,Miraj",Sangli,Aided,LOPEN,State Level,Ladies,25625,50.0
2024-25,D Pharmacy,CAP Round I,06025,"Shri Swami Vivekanand Shikshan Santha's Institute Of Pharmacy,Miraj",Sangli,Aided,LSC,State Level,Ladies,34462,39.0
2024-25,D Pharmacy,CAP Round I,06025,"Shri Swami Vivekanand Shikshan Santha's Institute Of Pharmacy,Miraj",Sangli,Aided,LNTA,State Level,Ladies,25692,50.0
2024-25,D Pharmacy,CAP Round I,06025,"Shri Swami Vivekanand Shikshan Santha's Institute Of Pharmacy,Miraj",Sangli,Aided,LNTC,State Level,Ladies,27184,48.0
2024-25,D Pharmacy,CAP Round I,06025,"Shri Swami Vivekanand Shikshan Santha's Institute Of Pharmacy,Miraj",Sangli,Aided,LOBC,State Level,Ladies,35989,37.0
2024-25,D Pharmacy,CAP Round I,06025,"Shri Swami Vivekanand Shikshan Santha's Institute Of Pharmacy,Miraj",Sangli,Aided,LSEBC,State Level,Ladies,35613,37.33
2024-25,D Pharmacy,CAP Round I,06025,"Shri Swami Vivekanand Shikshan Santha's Institute Of Pharmacy,Miraj",Sangli,Aided,EWS,Special,Any,33438,40.33
2024-25,D Pharmacy,CAP Round I,06025,"Shri Swami Vivekanand Shikshan Santha's Institute Of Pharmacy,Miraj",Sangli,Aided,TFWS,Special,Any,15668,63.0
2024-25,D Pharmacy,CAP Round I,06026,"Dakshin Solapur Taluka Shikshan Mandal's College Of Pharmacy (Poly), Solapur",Solapur,Aided,GOPEN,State Level,Any,7643,74.0
2024-25,D Pharmacy,CAP Round I,06026,"Dakshin Solapur Taluka Shikshan Mandal's College Of Pharmacy (Poly), Solapur",Solapur,Aided,GSC,State Level,Any,22330,54.33
2024-25,D Pharmacy,CAP Round I,06026,"Dakshin Solapur Taluka Shikshan Mandal's College Of Pharmacy (Poly), Solapur",Solapur,Aided,GNTA,State Level,Any,18098,60.0
2024-25,D Pharmacy,CAP Round I,06026,"Dakshin Solapur Taluka Shikshan Mandal's College Of Pharmacy (Poly), Solapur",Solapur,Aided,GNTB,State Level,Any,13643,66.0
2024-25,D Pharmacy,CAP Round I,06026,"Dakshin Solapur Taluka Shikshan Mandal's College Of Pharmacy (Poly), Solapur",Solapur,Aided,GNTC,State Level,Any,8409,73.0
2024-25,D Pharmacy,CAP Round I,06026,"Dakshin Solapur Taluka Shikshan Mandal's College Of Pharmacy (Poly), Solapur",Solapur,Aided,GOBC,State Level,Any,11631,68.67
2024-25,D Pharmacy,CAP Round I,06026,"Dakshin Solapur Taluka Shikshan Mandal's College Of Pharmacy (Poly), Solapur",Solapur,Aided,GSEBC,State Level,Any,22054,54.67
2024-25,D Pharmacy,CAP Round I,06026,"Dakshin Solapur Taluka Shikshan Mandal's College Of Pharmacy (Poly), Solapur",Solapur,Aided,LOPEN,State Level,Ladies,2313,83.0
2024-25,D Pharmacy,CAP Round I,06026,"Dakshin Solapur Taluka Shikshan Mandal's College Of Pharmacy (Poly), Solapur",Solapur,Aided,LSC,State Level,Ladies,26165,49.33
2024-25,D Pharmacy,CAP Round I,06026,"Dakshin Solapur Taluka Shikshan Mandal's College Of Pharmacy (Poly), Solapur",Solapur,Aided,LOBC,State Level,Ladies,5764,77.0
2024-25,D Pharmacy,CAP Round I,06026,"Dakshin Solapur Taluka Shikshan Mandal's College Of Pharmacy (Poly), Solapur",Solapur,Aided,LSEBC,State Level,Ladies,15209,63.67
2024-25,D Pharmacy,CAP Round I,06026,"Dakshin Solapur Taluka Shikshan Mandal's College Of Pharmacy (Poly), Solapur",Solapur,Aided,PWDOPEN,State Level,Any,3167,81.33
2024-25,D Pharmacy,CAP Round I,06026,"Dakshin Solapur Taluka Shikshan Mandal's College Of Pharmacy (Poly), Solapur",Solapur,Aided,EWS,Special,Any,17432,60.67
2024-25,D Pharmacy,CAP Round I,06026,"Dakshin Solapur Taluka Shikshan Mandal's College Of Pharmacy (Poly), Solapur",Solapur,Aided,TFWS,Special,Any,2380,82.67
2024-25,D Pharmacy,CAP Round I,06125,"Poona District Education Association, Shankarrao Ursal College of Pharmacy(Diploma), Kharadi, Tal: Haveli",Pune,Unaided,GOPEN,State Level,Any,18479,59.33
2024-25,D Pharmacy,CAP Round I,06125,"Poona District Education Association, Shankarrao Ursal College of Pharmacy(Diploma), Kharadi, Tal: Haveli",Pune,Unaided,GSC,State Level,Any,24494,51.67
2024-25,D Pharmacy,CAP Round I,06125,"Poona District Education Association, Shankarrao Ursal College of Pharmacy(Diploma), Kharadi, Tal: Haveli",Pune,Unaided,GNTB,State Level,Any,30774,43.67
2024-25,D Pharmacy,CAP Round I,06125,"Poona District Education Association, Shankarrao Ursal College of Pharmacy(Diploma), Kharadi, Tal: Haveli",Pune,Unaided,GNTC,State Level,Any,23248,53.0
2024-25,D Pharmacy,CAP Round I,06125,"Poona District Education Association, Shankarrao Ursal College of Pharmacy(Diploma), Kharadi, Tal: Haveli",Pune,Unaided,GOBC,State Level,Any,30460,44.0
2024-25,D Pharmacy,CAP Round I,06125,"Poona District Education Association, Shankarrao Ursal College of Pharmacy(Diploma), Kharadi, Tal: Haveli",Pune,Unaided,LOPEN,State Level,Ladies,11801,68.33
2024-25,D Pharmacy,CAP Round I,06125,"Poona District Education Association, Shankarrao Ursal College of Pharmacy(Diploma), Kharadi, Tal: Haveli",Pune,Unaided,LSC,State Level,Ladies,23783,52.33
2024-25,D Pharmacy,CAP Round I,06125,"Poona District Education Association, Shankarrao Ursal College of Pharmacy(Diploma), Kharadi, Tal: Haveli",Pune,Unaided,LST,State Level,Ladies,15575,63.33
2024-25,D Pharmacy,CAP Round I,06125,"Poona District Education Association, Shankarrao Ursal College of Pharmacy(Diploma), Kharadi, Tal: Haveli",Pune,Unaided,LNTC,State Level,Ladies,21738,55.0
2024-25,D Pharmacy,CAP Round I,06125,"Poona District Education Association, Shankarrao Ursal College of Pharmacy(Diploma), Kharadi, Tal: Haveli",Pune,Unaided,LOBC,State Level,Ladies,21996,54.67
2024-25,D Pharmacy,CAP Round I,06125,"Poona District Education Association, Shankarrao Ursal College of Pharmacy(Diploma), Kharadi, Tal: Haveli",Pune,Unaided,EWS,Special,Any,34340,39.33
2024-25,D Pharmacy,CAP Round I,06125,"Poona District Education Association, Shankarrao Ursal College of Pharmacy(Diploma), Kharadi, Tal: Haveli",Pune,Unaided,TFWS,Special,Any,12371,67.67
2024-25,D Pharmacy,CAP Round I,06126,"Shree Santkrupa Shikshan Sanstha's College of Pharmacy(Diploma),Ghogaon,Satara",Satara,Unaided,GOPEN,State Level,Any,24439,51.67
2024-25,D Pharmacy,CAP Round I,06126,"Shree Santkrupa Shikshan Sanstha's College of Pharmacy(Diploma),Ghogaon,Satara",Satara,Unaided,GSC,State Level,Any,34455,39.0
2024-25,D Pharmacy,CAP Round I,06126,"Shree Santkrupa Shikshan Sanstha's College of Pharmacy(Diploma),Ghogaon,Satara",Satara,Unaided,GNTB,State Level,Any,29524,45.0
2024-25,D Pharmacy,CAP Round I,06126,"Shree Santkrupa Shikshan Sanstha's College of Pharmacy(Diploma),Ghogaon,Satara",Satara,Unaided,GNTC,State Level,Any,33968,39.67
2024-25,D Pharmacy,CAP Round I,06126,"Shree Santkrupa Shikshan Sanstha's College of Pharmacy(Diploma),Ghogaon,Satara",Satara,Unaided,GOBC,State Level,Any,36067,36.67
2024-25,D Pharmacy,CAP Round I,06126,"Shree Santkrupa Shikshan Sanstha's College of Pharmacy(Diploma),Ghogaon,Satara",Satara,Unaided,GSEBC,State Level,Any,34940,38.33
2024-25,D Pharmacy,CAP Round I,06126,"Shree Santkrupa Shikshan Sanstha's College of Pharmacy(Diploma),Ghogaon,Satara",Satara,Unaided,LOPEN,State Level,Ladies,18366,59.67
2024-25,D Pharmacy,CAP Round I,06126,"Shree Santkrupa Shikshan Sanstha's College of Pharmacy(Diploma),Ghogaon,Satara",Satara,Unaided,LSC,State Level,Ladies,28046,47.0
2024-25,D Pharmacy,CAP Round I,06126,"Shree Santkrupa Shikshan Sanstha's College of Pharmacy(Diploma),Ghogaon,Satara",Satara,Unaided,LNTB,State Level,Ladies,27185,48.0
2024-25,D Pharmacy,CAP Round I,06126,"Shree Santkrupa Shikshan Sanstha's College of Pharmacy(Diploma),Ghogaon,Satara",Satara,Unaided,LOBC,State Level,Ladies,29945,44.67
2024-25,D Pharmacy,CAP Round I,06126,"Shree Santkrupa Shikshan Sanstha's College of Pharmacy(Diploma),Ghogaon,Satara",Satara,Unaided,LSEBC,State Level,Ladies,25416,50.33
2024-25,D Pharmacy,CAP Round I,06126,"Shree Santkrupa Shikshan Sanstha's College of Pharmacy(Diploma),Ghogaon,Satara",Satara,Unaided,EWS,Special,Any,33983,39.67
2024-25,D Pharmacy,CAP Round I,06126,"Shree Santkrupa Shikshan Sanstha's College of Pharmacy(Diploma),Ghogaon,Satara",Satara,Unaided,TFWS,Special,Any,13369,66.33
2024-25,D Pharmacy,CAP Round I,06256,"Bharati Vidyapeeth's College of Pharmacy, Kolhapur",Kolhapur,Unaided,GOPEN,State Level,Any,22320,54.33
2024-25,D Pharmacy,CAP Round I,06256,"Bharati Vidyapeeth's College of Pharmacy, Kolhapur",Kolhapur,Unaided,GSC,State Level,Any,32823,41.0
2024-25,D Pharmacy,CAP Round I,06256,"Bharati Vidyapeeth's College of Pharmacy, Kolhapur",Kolhapur,Unaided,GNTB,State Level,Any,27467,47.67
2024-25,D Pharmacy,CAP Round I,06256,"Bharati Vidyapeeth's College of Pharmacy, Kolhapur",Kolhapur,Unaided,GNTC,State Level,Any,22667,54.0
2024-25,D Pharmacy,CAP Round I,06256,"Bharati Vidyapeeth's College of Pharmacy, Kolhapur",Kolhapur,Unaided,GOBC,State Level,Any,35879,37.0
2024-25,D Pharmacy,CAP Round I,06256,"Bharati Vidyapeeth's College of Pharmacy, Kolhapur",Kolhapur,Unaided,GSEBC,State Level,Any,24780,51.0
2024-25,D Pharmacy,CAP Round I,06256,"Bharati Vidyapeeth's College of Pharmacy, Kolhapur",Kolhapur,Unaided,LOPEN,State Level,Ladies,13239,66.33
2024-25,D Pharmacy,CAP Round I,06256,"Bharati Vidyapeeth's College of Pharmacy, Kolhapur",Kolhapur,Unaided,LSC,State Level,Ladies,21083,56.0
2024-25,D Pharmacy,CAP Round I,06256,"Bharati Vidyapeeth's College of Pharmacy, Kolhapur",Kolhapur,Unaided,LNTA,State Level,Ladies,36189,36.33
2024-25,D Pharmacy,CAP Round I,06256,"Bharati Vidyapeeth's College of Pharmacy, Kolhapur",Kolhapur,Unaided,LNTC,State Level,Ladies,18413,59.33
2024-25,D Pharmacy,CAP Round I,06256,"Bharati Vidyapeeth's College of Pharmacy, Kolhapur",Kolhapur,Unaided,LOBC,State Level,Ladies,25131,50.67
2024-25,D Pharmacy,CAP Round I,06256,"Bharati Vidyapeeth's College of Pharmacy, Kolhapur",Kolhapur,Unaided,LSEBC,State Level,Ladies,20973,56.0
2024-25,D Pharmacy,CAP Round I,06256,"Bharati Vidyapeeth's College of Pharmacy, Kolhapur",Kolhapur,Unaided,EWS,Special,Any,29178,45.33
2024-25,D Pharmacy,CAP Round I,06256,"Bharati Vidyapeeth's College of Pharmacy, Kolhapur",Kolhapur,Unaided,TFWS,Special,Any,17738,60.33
2024-25,D Pharmacy,CAP Round I,06260,"Rajgad Dnyanpeeth's College of Pharmacy, Bhor",Pune,Unaided,GOPEN,State Level,Any,26420,49.0
2024-25,D Pharmacy,CAP Round I,06260,"Rajgad Dnyanpeeth's College of Pharmacy, Bhor",Pune,Unaided,GSC,State Level,Any,33874,39.67
2024-25,D Pharmacy,CAP Round I,06260,"Rajgad Dnyanpeeth's College of Pharmacy, Bhor",Pune,Unaided,GST,State Level,Any,33181,40.67
2024-25,D Pharmacy,CAP Round I,06260,"Rajgad Dnyanpeeth's College of Pharmacy, Bhor",Pune,Unaided,GNTB,State Level,Any,29515,45.0
2024-25,D Pharmacy,CAP Round I,06260,"Rajgad Dnyanpeeth's College of Pharmacy, Bhor",Pune,Unaided,GNTC,State Level,Any,34398,39.0
2024-25,D Pharmacy,CAP Round I,06260,"Rajgad Dnyanpeeth's College of Pharmacy, Bhor",Pune,Unaided,GOBC,State Level,Any,34819,38.67
2024-25,D Pharmacy,CAP Round I,06260,"Rajgad Dnyanpeeth's College of Pharmacy, Bhor",Pune,Unaided,GSEBC,State Level,Any,30420,44.0
2024-25,D Pharmacy,CAP Round I,06260,"Rajgad Dnyanpeeth's College of Pharmacy, Bhor",Pune,Unaided,LOPEN,State Level,Ladies,17039,61.33
2024-25,D Pharmacy,CAP Round I,06260,"Rajgad Dnyanpeeth's College of Pharmacy, Bhor",Pune,Unaided,LSC,State Level,Ladies,35185,38.0
2024-25,D Pharmacy,CAP Round I,06260,"Rajgad Dnyanpeeth's College of Pharmacy, Bhor",Pune,Unaided,LOBC,State Level,Ladies,25126,50.67
2024-25,D Pharmacy,CAP Round I,06260,"Rajgad Dnyanpeeth's College of Pharmacy, Bhor",Pune,Unaided,LSEBC,State Level,Ladies,20412,56.67
2024-25,D Pharmacy,CAP Round I,06260,"Rajgad Dnyanpeeth's College of Pharmacy, Bhor",Pune,Unaided,PWDOPEN,State Level,Any,29352,45.33
2024-25,D Pharmacy,CAP Round I,06260,"Rajgad Dnyanpeeth's College of Pharmacy, Bhor",Pune,Unaided,TFWS,Special,Any,27212,48.0
2024-25,D Pharmacy,CAP Round I,06355,"Shri Balasaheb Mane Shikshan Prasarak Mandal's Ashokrao Mane College of Pharmacy,Peth Vadgaon, Kolhapur",Kolhapur,Unaided,GOPEN,State Level,Any,28754,46.0
2024-25,D Pharmacy,CAP Round I,06355,"Shri Balasaheb Mane Shikshan Prasarak Mandal's Ashokrao Mane College of Pharmacy,Peth Vadgaon, Kolhapur",Kolhapur,Unaided,GSC,State Level,Any,34042,39.67
2024-25,D Pharmacy,CAP Round I,06355,"Shri Balasaheb Mane Shikshan Prasarak Mandal's Ashokrao Mane College of Pharmacy,Peth Vadgaon, Kolhapur",Kolhapur,Unaided,GNTC,State Level,Any,32581,41.33
2024-25,D Pharmacy,CAP Round I,06355,"Shri Balasaheb Mane Shikshan Prasarak Mandal's Ashokrao Mane College of Pharmacy,Peth Vadgaon, Kolhapur",Kolhapur,Unaided,GOBC,State Level,Any,35883,37.0
2024-25,D Pharmacy,CAP Round I,06355,"Shri Balasaheb Mane Shikshan Prasarak Mandal's Ashokrao Mane College of Pharmacy,Peth Vadgaon, Kolhapur",Kolhapur,Unaided,GSEBC,State Level,Any,34718,38.67
2024-25,D Pharmacy,CAP Round I,06355,"Shri Balasaheb Mane Shikshan Prasarak Mandal's Ashokrao Mane College of Pharmacy,Peth Vadgaon, Kolhapur",Kolhapur,Unaided,LOPEN,State Level,Ladies,23132,53.33
2024-25,D Pharmacy,CAP Round I,06355,"Shri Balasaheb Mane Shikshan Prasarak Mandal's Ashokrao Mane College of Pharmacy,Peth Vadgaon, Kolhapur",Kolhapur,Unaided,LSC,State Level,Ladies,35838,37.0
2024-25,D Pharmacy,CAP Round I,06355,"Shri Balasaheb Mane Shikshan Prasarak Mandal's Ashokrao Mane College of Pharmacy,Peth Vadgaon, Kolhapur",Kolhapur,Unaided,LNTC,State Level,Ladies,29993,44.33
2024-25,D Pharmacy,CAP Round I,06355,"Shri Balasaheb Mane Shikshan Prasarak Mandal's Ashokrao Mane College of Pharmacy,Peth Vadgaon, Kolhapur",Kolhapur,Unaided,LOBC,State Level,Ladies,35411,37.67
2024-25,D Pharmacy,CAP Round I,06355,"Shri Balasaheb Mane Shikshan Prasarak Mandal's Ashokrao Mane College of Pharmacy,Peth Vadgaon, Kolhapur",Kolhapur,Unaided,LSEBC,State Level,Ladies,31760,42.33
2024-25,D Pharmacy,CAP Round I,06355,"Shri Balasaheb Mane Shikshan Prasarak Mandal's Ashokrao Mane College of Pharmacy,Peth Vadgaon, Kolhapur",Kolhapur,Unaided,PWDOPEN,State Level,Any,36237,36.33
2024-25,D Pharmacy,CAP Round I,06355,"Shri Balasaheb Mane Shikshan Prasarak Mandal's Ashokrao Mane College of Pharmacy,Peth Vadgaon, Kolhapur",Kolhapur,Unaided,DEFOPEN,State Level,Any,28032,47.0
2024-25,D Pharmacy,CAP Round I,06355,"Shri Balasaheb Mane Shikshan Prasarak Mandal's Ashokrao Mane College of Pharmacy,Peth Vadgaon, Kolhapur",Kolhapur,Unaided,EWS,Special,Any,31732,42.33
2024-25,D Pharmacy,CAP Round I,06357,"Tatyasaheb Kore College of Pharmacy (Diploma), Warananagar",Kolhapur,Unaided,GOPEN,State Level,Any,26884,48.33
2024-25,D Pharmacy,CAP Round I,06357,"Tatyasaheb Kore College of Pharmacy (Diploma), Warananagar",Kolhapur,Unaided,GSC,State Level,Any,36622,35.33
2024-25,D Pharmacy,CAP Round I,06357,"Tatyasaheb Kore College of Pharmacy (Diploma), Warananagar",Kolhapur,Unaided,GNTC,State Level,Any,29290,45.33
2024-25,D Pharmacy,CAP Round I,06357,"Tatyasaheb Kore College of Pharmacy (Diploma), Warananagar",Kolhapur,Unaided,GOBC,State Level,Any,34660,38.67
2024-25,D Pharmacy,CAP Round I,06357,"Tatyasaheb Kore College of Pharmacy (Diploma), Warananagar",Kolhapur,Unaided,GSEBC,State Level,Any,29835,44.67
2024-25,D Pharmacy,CAP Round I,06357,"Tatyasaheb Kore College of Pharmacy (Diploma), Warananagar",Kolhapur,Unaided,LOPEN,State Level,Ladies,17905,60.0
2024-25,D Pharmacy,CAP Round I,06357,"Tatyasaheb Kore College of Pharmacy (Diploma), Warananagar",Kolhapur,Unaided,LSC,State Level,Ladies,20499,56.67
2024-25,D Pharmacy,CAP Round I,06357,"Tatyasaheb Kore College of Pharmacy (Diploma), Warananagar",Kolhapur,Unaided,LOBC,State Level,Ladies,25542,50.0
2024-25,D Pharmacy,CAP Round I,06357,"Tatyasaheb Kore College of Pharmacy (Diploma), Warananagar",Kolhapur,Unaided,LSEBC,State Level,Ladies,25324,50.33
2024-25,D Pharmacy,CAP Round I,06357,"Tatyasaheb Kore College of Pharmacy (Diploma), Warananagar",Kolhapur,Unaided,EWS,Special,Any,28888,45.67
2024-25,D Pharmacy,CAP Round I,06357,"Tatyasaheb Kore College of Pharmacy (Diploma), Warananagar",Kolhapur,Unaided,TFWS,Special,Any,4183,79.33
2024-25,D Pharmacy,CAP Round I,06360,"Chanakya Education. Soceity's, Indira College of Pharmacy, Tathawade, Pune",Pune,Unaided,GOPEN,State Level,Any,27104,48.0
2024-25,D Pharmacy,CAP Round I,06360,"Chanakya Education. Soceity's, Indira College of Pharmacy, Tathawade, Pune",Pune,Unaided,GSC,State Level,Any,35630,37.33
2024-25,D Pharmacy,CAP Round I,06360,"Chanakya Education. Soceity's, Indira College of Pharmacy, Tathawade, Pune",Pune,Unaided,LOPEN,State Level,Ladies,18917,58.67
2024-25,D Pharmacy,CAP Round I,06360,"Chanakya Education. Soceity's, Indira College of Pharmacy, Tathawade, Pune",Pune,Unaided,LSC,State Level,Ladies,33303,40.33
2024-25,D Pharmacy,CAP Round I,06360,"Chanakya Education. Soceity's, Indira College of Pharmacy, Tathawade, Pune",Pune,Unaided,LNTC,State Level,Ladies,27096,48.0
2024-25,D Pharmacy,CAP Round I,06360,"Chanakya Education. Soceity's, Indira College of Pharmacy, Tathawade, Pune",Pune,Unaided,LOBC,State Level,Ladies,22009,54.67
2024-25,D Pharmacy,CAP Round I,06360,"Chanakya Education. Soceity's, Indira College of Pharmacy, Tathawade, Pune",Pune,Unaided,TFWS,Special,Any,11237,69.33
2024-25,D Pharmacy,CAP Round I,06364,"Progressive Education Society's Modern College of Pharmacy( for Women), Moshi.(Tal.Haveli)",Pune,Unaided,LOPEN,State Level,Ladies,17717,60.33
2024-25,D Pharmacy,CAP Round I,06364,"Progressive Education Society's Modern College of Pharmacy( for Women), Moshi.(Tal.Haveli)",Pune,Unaided,LSC,State Level,Ladies,33984,39.67
2024-25,D Pharmacy,CAP Round I,06364,"Progressive Education Society's Modern College of Pharmacy( for Women), Moshi.(Tal.Haveli)",Pune,Unaided,LNTA,State Level,Ladies,36676,35.0
2024-25,D Pharmacy,CAP Round I,06364,"Progressive Education Society's Modern College of Pharmacy( for Women), Moshi.(Tal.Haveli)",Pune,Unaided,LNTC,State Level,Ladies,32747,41.0
2024-25,D Pharmacy,CAP Round I,06364,"Progressive Education Society's Modern College of Pharmacy( for Women), Moshi.(Tal.Haveli)",Pune,Unaided,LOBC,State Level,Ladies,23392,53.0
2024-25,D Pharmacy,CAP Round I,06364,"Progressive Education Society's Modern College of Pharmacy( for Women), Moshi.(Tal.Haveli)",Pune,Unaided,LSEBC,State Level,Ladies,32673,41.33
2024-25,D Pharmacy,CAP Round I,06364,"Progressive Education Society's Modern College of Pharmacy( for Women), Moshi.(Tal.Haveli)",Pune,Unaided,EWS,Special,Any,27369,47.67
2024-25,D Pharmacy,CAP Round I,06364,"Progressive Education Society's Modern College of Pharmacy( for Women), Moshi.(Tal.Haveli)",Pune,Unaided,TFWS,Special,Any,2799,82.0
2024-25,D Pharmacy,CAP Round I,06371,"Dr. D.Y. Patil College of Pharmacy , Akurdi, Pune",Pune,Unaided,GOPEN,State Level,Any,7381,74.67
2024-25,D Pharmacy,CAP Round I,06371,"Dr. D.Y. Patil College of Pharmacy , Akurdi, Pune",Pune,Unaided,GSC,State Level,Any,20832,56.33
2024-25,D Pharmacy,CAP Round I,06371,"Dr. D.Y. Patil College of Pharmacy , Akurdi, Pune",Pune,Unaided,GST,State Level,Any,32630,41.33
2024-25,D Pharmacy,CAP Round I,06371,"Dr. D.Y. Patil College of Pharmacy , Akurdi, Pune",Pune,Unaided,GNTA,State Level,Any,26654,48.67
2024-25,D Pharmacy,CAP Round I,06371,"Dr. D.Y. Patil College of Pharmacy , Akurdi, Pune",Pune,Unaided,GNTB,State Level,Any,13469,66.0
2024-25,D Pharmacy,CAP Round I,06371,"Dr. D.Y. Patil College of Pharmacy , Akurdi, Pune",Pune,Unaided,GNTC,State Level,Any,9944,71.0
2024-25,D Pharmacy,CAP Round I,06371,"Dr. D.Y. Patil College of Pharmacy , Akurdi, Pune",Pune,Unaided,GNTD,State Level,Any,23743,52.67
2024-25,D Pharmacy,CAP Round I,06371,"Dr. D.Y. Patil College of Pharmacy , Akurdi, Pune",Pune,Unaided,GOBC,State Level,Any,16030,62.67
2024-25,D Pharmacy,CAP Round I,06371,"Dr. D.Y. Patil College of Pharmacy , Akurdi, Pune",Pune,Unaided,GSEBC,State Level,Any,33970,39.67
2024-25,D Pharmacy,CAP Round I,06371,"Dr. D.Y. Patil College of Pharmacy , Akurdi, Pune",Pune,Unaided,LOPEN,State Level,Ladies,3313,81.0
2024-25,D Pharmacy,CAP Round I,06371,"Dr. D.Y. Patil College of Pharmacy , Akurdi, Pune",Pune,Unaided,LSC,State Level,Ladies,14590,64.67
2024-25,D Pharmacy,CAP Round I,06371,"Dr. D.Y. Patil College of Pharmacy , Akurdi, Pune",Pune,Unaided,LST,State Level,Ladies,24108,52.0
2024-25,D Pharmacy,CAP Round I,06371,"Dr. D.Y. Patil College of Pharmacy , Akurdi, Pune",Pune,Unaided,LNTC,State Level,Ladies,7318,74.67
2024-25,D Pharmacy,CAP Round I,06371,"Dr. D.Y. Patil College of Pharmacy , Akurdi, Pune",Pune,Unaided,LOBC,State Level,Ladies,21171,55.67
2024-25,D Pharmacy,CAP Round I,06371,"Dr. D.Y. Patil College of Pharmacy , Akurdi, Pune",Pune,Unaided,LSEBC,State Level,Ladies,16647,61.67
2024-25,D Pharmacy,CAP Round I,06371,"Dr. D.Y. Patil College of Pharmacy , Akurdi, Pune",Pune,Unaided,PWDOPEN,State Level,Any,12434,67.67
2024-25,D Pharmacy,CAP Round I,06371,"Dr. D.Y. Patil College of Pharmacy , Akurdi, Pune",Pune,Unaided,DEFOPEN,State Level,Any,4428,79.0
2024-25,D Pharmacy,CAP Round I,06371,"Dr. D.Y. Patil College of Pharmacy , Akurdi, Pune",Pune,Unaided,EWS,Special,Any,31132,43.0
2024-25,D Pharmacy,CAP Round I,06371,"Dr. D.Y. Patil College of Pharmacy , Akurdi, Pune",Pune,Unaided,TFWS,Special,Any,1377,85.33
2024-25,D Pharmacy,CAP Round I,06372,"Poona District Education Association's Seth Govind Raghunath Sable College of Pharmacy , Saswad, Pune",Pune,Unaided,GOPEN,State Level,Any,30320,44.0
2024-25,D Pharmacy,CAP Round I,06372,"Poona District Education Association's Seth Govind Raghunath Sable College of Pharmacy , Saswad, Pune",Pune,Unaided,GSC,State Level,Any,31285,43.0
2024-25,D Pharmacy,CAP Round I,06372,"Poona District Education Association's Seth Govind Raghunath Sable College of Pharmacy , Saswad, Pune",Pune,Unaided,GNTC,State Level,Any,34493,39.0
2024-25,D Pharmacy,CAP Round I,06372,"Poona District Education Association's Seth Govind Raghunath Sable College of Pharmacy , Saswad, Pune",Pune,Unaided,GOBC,State Level,Any,34709,38.67
2024-25,D Pharmacy,CAP Round I,06372,"Poona District Education Association's Seth Govind Raghunath Sable College of Pharmacy , Saswad, Pune",Pune,Unaided,LOPEN,State Level,Ladies,22858,53.67
2024-25,D Pharmacy,CAP Round I,06372,"Poona District Education Association's Seth Govind Raghunath Sable College of Pharmacy , Saswad, Pune",Pune,Unaided,LSC,State Level,Ladies,34315,39.33
2024-25,D Pharmacy,CAP Round I,06372,"Poona District Education Association's Seth Govind Raghunath Sable College of Pharmacy , Saswad, Pune",Pune,Unaided,LNTC,State Level,Ladies,29729,44.67
2024-25,D Pharmacy,CAP Round I,06372,"Poona District Education Association's Seth Govind Raghunath Sable College of Pharmacy , Saswad, Pune",Pune,Unaided,LOBC,State Level,Ladies,34907,38.33
2024-25,D Pharmacy,CAP Round I,06372,"Poona District Education Association's Seth Govind Raghunath Sable College of Pharmacy , Saswad, Pune",Pune,Unaided,LSEBC,State Level,Ladies,27395,47.67
2024-25,D Pharmacy,CAP Round I,06372,"Poona District Education Association's Seth Govind Raghunath Sable College of Pharmacy , Saswad, Pune",Pune,Unaided,PWDOPEN,State Level,Any,31495,42.67
2024-25,D Pharmacy,CAP Round I,06372,"Poona District Education Association's Seth Govind Raghunath Sable College of Pharmacy , Saswad, Pune",Pune,Unaided,EWS,Special,Any,30829,43.33
2024-25,D Pharmacy,CAP Round I,06372,"Poona District Education Association's Seth Govind Raghunath Sable College of Pharmacy , Saswad, Pune",Pune,Unaided,TFWS,Special,Any,29168,45.33
2024-25,D Pharmacy,CAP Round I,06373,"Shri Chatrapati Sambhaji Shikshan Sanstha's Sitabai Thite College of Pharmarcy, Shirur, (Ghodnadi). Pune",Pune,Unaided,GOPEN,State Level,Any,25965,49.67
2024-25,D Pharmacy,CAP Round I,06373,"Shri Chatrapati Sambhaji Shikshan Sanstha's Sitabai Thite College of Pharmarcy, Shirur, (Ghodnadi). Pune",Pune,Unaided,GSC,State Level,Any,27240,48.0
2024-25,D Pharmacy,CAP Round I,06373,"Shri Chatrapati Sambhaji Shikshan Sanstha's Sitabai Thite College of Pharmarcy, Shirur, (Ghodnadi). Pune",Pune,Unaided,GNTA,State Level,Any,28302,46.67
2024-25,D Pharmacy,CAP Round I,06373,"Shri Chatrapati Sambhaji Shikshan Sanstha's Sitabai Thite College of Pharmarcy, Shirur, (Ghodnadi). Pune",Pune,Unaided,GNTC,State Level,Any,31731,42.33
2024-25,D Pharmacy,CAP Round I,06373,"Shri Chatrapati Sambhaji Shikshan Sanstha's Sitabai Thite College of Pharmarcy, Shirur, (Ghodnadi). Pune",Pune,Unaided,GOBC,State Level,Any,28763,46.0
2024-25,D Pharmacy,CAP Round I,06373,"Shri Chatrapati Sambhaji Shikshan Sanstha's Sitabai Thite College of Pharmarcy, Shirur, (Ghodnadi). Pune",Pune,Unaided,LOPEN,State Level,Ladies,13270,66.33
2024-25,D Pharmacy,CAP Round I,06373,"Shri Chatrapati Sambhaji Shikshan Sanstha's Sitabai Thite College of Pharmarcy, Shirur, (Ghodnadi). Pune",Pune,Unaided,LSC,State Level,Ladies,20744,56.33
2024-25,D Pharmacy,CAP Round I,06373,"Shri Chatrapati Sambhaji Shikshan Sanstha's Sitabai Thite College of Pharmarcy, Shirur, (Ghodnadi). Pune",Pune,Unaided,LOBC,State Level,Ladies,21624,55.33
2024-25,D Pharmacy,CAP Round I,06373,"Shri Chatrapati Sambhaji Shikshan Sanstha's Sitabai Thite College of Pharmarcy, Shirur, (Ghodnadi). Pune",Pune,Unaided,LSEBC,State Level,Ladies,14387,65.0
2024-25,D Pharmacy,CAP Round I,06373,"Shri Chatrapati Sambhaji Shikshan Sanstha's Sitabai Thite College of Pharmarcy, Shirur, (Ghodnadi). Pune",Pune,Unaided,DEFOPEN,State Level,Any,32363,41.67
2024-25,D Pharmacy,CAP Round I,06373,"Shri Chatrapati Sambhaji Shikshan Sanstha's Sitabai Thite College of Pharmarcy, Shirur, (Ghodnadi). Pune",Pune,Unaided,EWS,Special,Any,16494,62.0
2024-25,D Pharmacy,CAP Round I,06373,"Shri Chatrapati Sambhaji Shikshan Sanstha's Sitabai Thite College of Pharmarcy, Shirur, (Ghodnadi). Pune",Pune,Unaided,TFWS,Special,Any,36014,36.67
2024-25,D Pharmacy,CAP Round I,06375,"Dr. D.Y. Patil Unitech Society's Dr. D.Y. Patil Institute of Pharmaceutical Science & Research, Pimpri, Pune",Pune,Unaided,GOPEN,State Level,Any,12006,68.0
2024-25,D Pharmacy,CAP Round I,06375,"Dr. D.Y. Patil Unitech Society's Dr. D.Y. Patil Institute of Pharmaceutical Science & Research, Pimpri, Pune",Pune,Unaided,GSC,State Level,Any,25805,49.67
2024-25,D Pharmacy,CAP Round I,06375,"Dr. D.Y. Patil Unitech Society's Dr. D.Y. Patil Institute of Pharmaceutical Science & Research, Pimpri, Pune",Pune,Unaided,GST,State Level,Any,35531,37.67
2024-25,D Pharmacy,CAP Round I,06375,"Dr. D.Y. Patil Unitech Society's Dr. D.Y. Patil Institute of Pharmaceutical Science & Research, Pimpri, Pune",Pune,Unaided,GNTA,State Level,Any,16365,62.33
2024-25,D Pharmacy,CAP Round I,06375,"Dr. D.Y. Patil Unitech Society's Dr. D.Y. Patil Institute of Pharmaceutical Science & Research, Pimpri, Pune",Pune,Unaided,GNTB,State Level,Any,28890,45.67
2024-25,D Pharmacy,CAP Round I,06375,"Dr. D.Y. Patil Unitech Society's Dr. D.Y. Patil Institute of Pharmaceutical Science & Research, Pimpri, Pune",Pune,Unaided,GNTC,State Level,Any,19506,58.0
2024-25,D Pharmacy,CAP Round I,06375,"Dr. D.Y. Patil Unitech Society's Dr. D.Y. Patil Institute of Pharmaceutical Science & Research, Pimpri, Pune",Pune,Unaided,GNTD,State Level,Any,18977,58.67
2024-25,D Pharmacy,CAP Round I,06375,"Dr. D.Y. Patil Unitech Society's Dr. D.Y. Patil Institute of Pharmaceutical Science & Research, Pimpri, Pune",Pune,Unaided,GOBC,State Level,Any,27137,48.0
2024-25,D Pharmacy,CAP Round I,06375,"Dr. D.Y. Patil Unitech Society's Dr. D.Y. Patil Institute of Pharmaceutical Science & Research, Pimpri, Pune",Pune,Unaided,GSEBC,State Level,Any,33004,40.67
2024-25,D Pharmacy,CAP Round I,06375,"Dr. D.Y. Patil Unitech Society's Dr. D.Y. Patil Institute of Pharmaceutical Science & Research, Pimpri, Pune",Pune,Unaided,LOPEN,State Level,Ladies,8620,72.67
2024-25,D Pharmacy,CAP Round I,06375,"Dr. D.Y. Patil Unitech Society's Dr. D.Y. Patil Institute of Pharmaceutical Science & Research, Pimpri, Pune",Pune,Unaided,LSC,State Level,Ladies,17457,60.67
2024-25,D Pharmacy,CAP Round I,06375,"Dr. D.Y. Patil Unitech Society's Dr. D.Y. Patil Institute of Pharmaceutical Science & Research, Pimpri, Pune",Pune,Unaided,LST,State Level,Ladies,34797,38.67
2024-25,D Pharmacy,CAP Round I,06375,"Dr. D.Y. Patil Unitech Society's Dr. D.Y. Patil Institute of Pharmaceutical Science & Research, Pimpri, Pune",Pune,Unaided,LNTB,State Level,Ladies,24444,51.67
2024-25,D Pharmacy,CAP Round I,06375,"Dr. D.Y. Patil Unitech Society's Dr. D.Y. Patil Institute of Pharmaceutical Science & Research, Pimpri, Pune",Pune,Unaided,LOBC,State Level,Ladies,32044,42.0
2024-25,D Pharmacy,CAP Round I,06375,"Dr. D.Y. Patil Unitech Society's Dr. D.Y. Patil Institute of Pharmaceutical Science & Research, Pimpri, Pune",Pune,Unaided,LSEBC,State Level,Ladies,12226,67.67
2024-25,D Pharmacy,CAP Round I,06375,"Dr. D.Y. Patil Unitech Society's Dr. D.Y. Patil Institute of Pharmaceutical Science & Research, Pimpri, Pune",Pune,Unaided,EWS,Special,Any,28341,46.67
2024-25,D Pharmacy,CAP Round I,06375,"Dr. D.Y. Patil Unitech Society's Dr. D.Y. Patil Institute of Pharmaceutical Science & Research, Pimpri, Pune",Pune,Unaided,TFWS,Special,Any,3378,80.67
2024-25,D Pharmacy,CAP Round I,06380,"Marathwada Mitra Mandal's College of Pharmacy,Thergaon( Kalewadi) ,Pune",Pune,Unaided,GOPEN,State Level,Any,25818,49.67
2024-25,D Pharmacy,CAP Round I,06380,"Marathwada Mitra Mandal's College of Pharmacy,Thergaon( Kalewadi) ,Pune",Pune,Unaided,GSC,State Level,Any,30711,43.67
2024-25,D Pharmacy,CAP Round I,06380,"Marathwada Mitra Mandal's College of Pharmacy,Thergaon( Kalewadi) ,Pune",Pune,Unaided,GST,State Level,Any,31440,42.67
2024-25,D Pharmacy,CAP Round I,06380,"Marathwada Mitra Mandal's College of Pharmacy,Thergaon( Kalewadi) ,Pune",Pune,Unaided,GNTA,State Level,Any,32304,41.67
2024-25,D Pharmacy,CAP Round I,06380,"Marathwada Mitra Mandal's College of Pharmacy,Thergaon( Kalewadi) ,Pune",Pune,Unaided,GNTC,State Level,Any,28421,46.33
2024-25,D Pharmacy,CAP Round I,06380,"Marathwada Mitra Mandal's College of Pharmacy,Thergaon( Kalewadi) ,Pune",Pune,Unaided,GOBC,State Level,Any,28685,46.0
2024-25,D Pharmacy,CAP Round I,06380,"Marathwada Mitra Mandal's College of Pharmacy,Thergaon( Kalewadi) ,Pune",Pune,Unaided,LOPEN,State Level,Ladies,12891,67.0
2024-25,D Pharmacy,CAP Round I,06380,"Marathwada Mitra Mandal's College of Pharmacy,Thergaon( Kalewadi) ,Pune",Pune,Unaided,LSC,State Level,Ladies,28962,45.67
2024-25,D Pharmacy,CAP Round I,06380,"Marathwada Mitra Mandal's College of Pharmacy,Thergaon( Kalewadi) ,Pune",Pune,Unaided,LNTC,State Level,Ladies,21922,55.0
2024-25,D Pharmacy,CAP Round I,06380,"Marathwada Mitra Mandal's College of Pharmacy,Thergaon( Kalewadi) ,Pune",Pune,Unaided,LOBC,State Level,Ladies,32866,41.0
2024-25,D Pharmacy,CAP Round I,06380,"Marathwada Mitra Mandal's College of Pharmacy,Thergaon( Kalewadi) ,Pune",Pune,Unaided,LSEBC,State Level,Ladies,18285,59.67
2024-25,D Pharmacy,CAP Round I,06380,"Marathwada Mitra Mandal's College of Pharmacy,Thergaon( Kalewadi) ,Pune",Pune,Unaided,TFWS,Special,Any,5474,77.33
2024-25,D Pharmacy,CAP Round I,06382,"Rajmata Jijau Shikshan Prsarak Mandal's College of Pharmacy, Dudulgaon",Pune,Unaided,GOPEN,State Level,Any,18563,59.33
2024-25,D Pharmacy,CAP Round I,06382,"Rajmata Jijau Shikshan Prsarak Mandal's College of Pharmacy, Dudulgaon",Pune,Unaided,GSC,State Level,Any,35643,37.33
2024-25,D Pharmacy,CAP Round I,06382,"Rajmata Jijau Shikshan Prsarak Mandal's College of Pharmacy, Dudulgaon",Pune,Unaided,GST,State Level,Any,31868,42.33
2024-25,D Pharmacy,CAP Round I,06382,"Rajmata Jijau Shikshan Prsarak Mandal's College of Pharmacy, Dudulgaon",Pune,Unaided,GNTA,State Level,Any,20480,56.67
2024-25,D Pharmacy,CAP Round I,06382,"Rajmata Jijau Shikshan Prsarak Mandal's College of Pharmacy, Dudulgaon",Pune,Unaided,GNTB,State Level,Any,36611,35.33
2024-25,D Pharmacy,CAP Round I,06382,"Rajmata Jijau Shikshan Prsarak Mandal's College of Pharmacy, Dudulgaon",Pune,Unaided,GNTC,State Level,Any,18992,58.67
2024-25,D Pharmacy,CAP Round I,06382,"Rajmata Jijau Shikshan Prsarak Mandal's College of Pharmacy, Dudulgaon",Pune,Unaided,GOBC,State Level,Any,29325,45.33
2024-25,D Pharmacy,CAP Round I,06382,"Rajmata Jijau Shikshan Prsarak Mandal's College of Pharmacy, Dudulgaon",Pune,Unaided,LOPEN,State Level,Ladies,16712,61.67
2024-25,D Pharmacy,CAP Round I,06382,"Rajmata Jijau Shikshan Prsarak Mandal's College of Pharmacy, Dudulgaon",Pune,Unaided,LSC,State Level,Ladies,22108,54.67
2024-25,D Pharmacy,CAP Round I,06382,"Rajmata Jijau Shikshan Prsarak Mandal's College of Pharmacy, Dudulgaon",Pune,Unaided,LNTC,State Level,Ladies,27182,48.0
2024-25,D Pharmacy,CAP Round I,06382,"Rajmata Jijau Shikshan Prsarak Mandal's College of Pharmacy, Dudulgaon",Pune,Unaided,LNTD,State Level,Ladies,28715,46.0
2024-25,D Pharmacy,CAP Round I,06382,"Rajmata Jijau Shikshan Prsarak Mandal's College of Pharmacy, Dudulgaon",Pune,Unaided,LOBC,State Level,Ladies,19771,57.67
2024-25,D Pharmacy,CAP Round I,06382,"Rajmata Jijau Shikshan Prsarak Mandal's College of Pharmacy, Dudulgaon",Pune,Unaided,EWS,Special,Any,34306,39.33
2024-25,D Pharmacy,CAP Round I,06382,"Rajmata Jijau Shikshan Prsarak Mandal's College of Pharmacy, Dudulgaon",Pune,Unaided,TFWS,Special,Any,7668,74.0
2024-25,D Pharmacy,CAP Round I,06384,"Genba Education Trust, Genba Sopanrao Moze College of Pharmacy, Wagholi",Pune,Unaided,GOPEN,State Level,Any,29719,44.67
2024-25,D Pharmacy,CAP Round I,06384,"Genba Education Trust, Genba Sopanrao Moze College of Pharmacy, Wagholi",Pune,Unaided,GSC,State Level,Any,34981,38.33
2024-25,D Pharmacy,CAP Round I,06384,"Genba Education Trust, Genba Sopanrao Moze College of Pharmacy, Wagholi",Pune,Unaided,GNTC,State Level,Any,35437,37.67
2024-25,D Pharmacy,CAP Round I,06384,"Genba Education Trust, Genba Sopanrao Moze College of Pharmacy, Wagholi",Pune,Unaided,GNTD,State Level,Any,33028,40.67
2024-25,D Pharmacy,CAP Round I,06384,"Genba Education Trust, Genba Sopanrao Moze College of Pharmacy, Wagholi",Pune,Unaided,LOPEN,State Level,Ladies,23670,52.67
2024-25,D Pharmacy,CAP Round I,06384,"Genba Education Trust, Genba Sopanrao Moze College of Pharmacy, Wagholi",Pune,Unaided,LSC,State Level,Ladies,25617,50.0
2024-25,D Pharmacy,CAP Round I,06384,"Genba Education Trust, Genba Sopanrao Moze College of Pharmacy, Wagholi",Pune,Unaided,LOBC,State Level,Ladies,34439,39.0
2024-25,D Pharmacy,CAP Round I,06384,"Genba Education Trust, Genba Sopanrao Moze College of Pharmacy, Wagholi",Pune,Unaided,PWDOPEN,State Level,Any,26092,49.33
2024-25,D Pharmacy,CAP Round I,06384,"Genba Education Trust, Genba Sopanrao Moze College of Pharmacy, Wagholi",Pune,Unaided,EWS,Special,Any,7055,75.0
2024-25,D Pharmacy,CAP Round I,06384,"Genba Education Trust, Genba Sopanrao Moze College of Pharmacy, Wagholi",Pune,Unaided,TFWS,Special,Any,18038,60.0
2024-25,D Pharmacy,CAP Round I,06385,"Poona District Education Association, Shankarrao Ursal College of Pharmaceutical Sciences & Research Centre, Kharadi, Tal: Haveli",Pune,Unaided,GOPEN,State Level,Any,31262,43.0
2024-25,D Pharmacy,CAP Round I,06385,"Poona District Education Association, Shankarrao Ursal College of Pharmaceutical Sciences & Research Centre, Kharadi, Tal: Haveli",Pune,Unaided,GSC,State Level,Any,35371,38.0
2024-25,D Pharmacy,CAP Round I,06385,"Poona District Education Association, Shankarrao Ursal College of Pharmaceutical Sciences & Research Centre, Kharadi, Tal: Haveli",Pune,Unaided,GNTC,State Level,Any,34714,38.67
2024-25,D Pharmacy,CAP Round I,06385,"Poona District Education Association, Shankarrao Ursal College of Pharmaceutical Sciences & Research Centre, Kharadi, Tal: Haveli",Pune,Unaided,GOBC,State Level,Any,32963,41.0
2024-25,D Pharmacy,CAP Round I,06385,"Poona District Education Association, Shankarrao Ursal College of Pharmaceutical Sciences & Research Centre, Kharadi, Tal: Haveli",Pune,Unaided,LOPEN,State Level,Ladies,19297,58.33
2024-25,D Pharmacy,CAP Round I,06385,"Poona District Education Association, Shankarrao Ursal College of Pharmaceutical Sciences & Research Centre, Kharadi, Tal: Haveli",Pune,Unaided,LSC,State Level,Ladies,31849,42.33
2024-25,D Pharmacy,CAP Round I,06385,"Poona District Education Association, Shankarrao Ursal College of Pharmaceutical Sciences & Research Centre, Kharadi, Tal: Haveli",Pune,Unaided,LNTC,State Level,Ladies,32315,41.67
2024-25,D Pharmacy,CAP Round I,06385,"Poona District Education Association, Shankarrao Ursal College of Pharmaceutical Sciences & Research Centre, Kharadi, Tal: Haveli",Pune,Unaided,LOBC,State Level,Ladies,32883,41.0
2024-25,D Pharmacy,CAP Round I,06385,"Poona District Education Association, Shankarrao Ursal College of Pharmaceutical Sciences & Research Centre, Kharadi, Tal: Haveli",Pune,Unaided,TFWS,Special,Any,23636,52.67
2024-25,D Pharmacy,CAP Round I,06388,"Shri Appasaheb Birnale College of Pharmacy, Sangli",Sangli,Unaided,GOPEN,State Level,Any,17962,60.0
2024-25,D Pharmacy,CAP Round I,06388,"Shri Appasaheb Birnale College of Pharmacy, Sangli",Sangli,Unaided,GSC,State Level,Any,29300,45.33
2024-25,D Pharmacy,CAP Round I,06388,"Shri Appasaheb Birnale College of Pharmacy, Sangli",Sangli,Unaided,GNTA,State Level,Any,22289,54.33
2024-25,D Pharmacy,CAP Round I,06388,"Shri Appasaheb Birnale College of Pharmacy, Sangli",Sangli,Unaided,GNTC,State Level,Any,18252,59.67
2024-25,D Pharmacy,CAP Round I,06388,"Shri Appasaheb Birnale College of Pharmacy, Sangli",Sangli,Unaided,GNTD,State Level,Any,31527,42.67
2024-25,D Pharmacy,CAP Round I,06388,"Shri Appasaheb Birnale College of Pharmacy, Sangli",Sangli,Unaided,GOBC,State Level,Any,29597,45.0
2024-25,D Pharmacy,CAP Round I,06388,"Shri Appasaheb Birnale College of Pharmacy, Sangli",Sangli,Unaided,GSEBC,State Level,Any,27922,47.0
2024-25,D Pharmacy,CAP Round I,06388,"Shri Appasaheb Birnale College of Pharmacy, Sangli",Sangli,Unaided,LOPEN,State Level,Ladies,7651,74.0
2024-25,D Pharmacy,CAP Round I,06388,"Shri Appasaheb Birnale College of Pharmacy, Sangli",Sangli,Unaided,LSC,State Level,Ladies,25069,50.67
2024-25,D Pharmacy,CAP Round I,06388,"Shri Appasaheb Birnale College of Pharmacy, Sangli",Sangli,Unaided,LNTB,State Level,Ladies,24021,52.0
2024-25,D Pharmacy,CAP Round I,06388,"Shri Appasaheb Birnale College of Pharmacy, Sangli",Sangli,Unaided,LOBC,State Level,Ladies,22543,54.0
2024-25,D Pharmacy,CAP Round I,06388,"Shri Appasaheb Birnale College of Pharmacy, Sangli",Sangli,Unaided,LSEBC,State Level,Ladies,27504,47.67
2024-25,D Pharmacy,CAP Round I,06388,"Shri Appasaheb Birnale College of Pharmacy, Sangli",Sangli,Unaided,EWS,Special,Any,34133,39.33
2024-25,D Pharmacy,CAP Round I,06388,"Shri Appasaheb Birnale College of Pharmacy, Sangli",Sangli,Unaided,TFWS,Special,Any,21197,55.67
2024-25,D Pharmacy,CAP Round I,06389,"K.E. Socities. Rajarambapu College of Pharmacy, Kasegaon, Sangli",Sangli,Unaided,GOPEN,State Level,Any,27258,48.0
2024-25,D Pharmacy,CAP Round I,06389,"K.E. Socities. Rajarambapu College of Pharmacy, Kasegaon, Sangli",Sangli,Unaided,GSC,State Level,Any,27735,47.33
2024-25,D Pharmacy,CAP Round I,06389,"K.E. Socities. Rajarambapu College of Pharmacy, Kasegaon, Sangli",Sangli,Unaided,GNTB,State Level,Any,29263,45.33
2024-25,D Pharmacy,CAP Round I,06389,"K.E. Socities. Rajarambapu College of Pharmacy, Kasegaon, Sangli",Sangli,Unaided,GNTC,State Level,Any,28983,45.67
2024-25,D Pharmacy,CAP Round I,06389,"K.E. Socities. Rajarambapu College of Pharmacy, Kasegaon, Sangli",Sangli,Unaided,GOBC,State Level,Any,35714,37.33
2024-25,D Pharmacy,CAP Round I,06389,"K.E. Socities. Rajarambapu College of Pharmacy, Kasegaon, Sangli",Sangli,Unaided,GSEBC,State Level,Any,30573,43.67
2024-25,D Pharmacy,CAP Round I,06389,"K.E. Socities. Rajarambapu College of Pharmacy, Kasegaon, Sangli",Sangli,Unaided,LOPEN,State Level,Ladies,24707,51.33
2024-25,D Pharmacy,CAP Round I,06389,"K.E. Socities. Rajarambapu College of Pharmacy, Kasegaon, Sangli",Sangli,Unaided,LSC,State Level,Ladies,33676,40.0
2024-25,D Pharmacy,CAP Round I,06389,"K.E. Socities. Rajarambapu College of Pharmacy, Kasegaon, Sangli",Sangli,Unaided,LNTC,State Level,Ladies,24865,51.0
2024-25,D Pharmacy,CAP Round I,06389,"K.E. Socities. Rajarambapu College of Pharmacy, Kasegaon, Sangli",Sangli,Unaided,LOBC,State Level,Ladies,34854,38.67
2024-25,D Pharmacy,CAP Round I,06389,"K.E. Socities. Rajarambapu College of Pharmacy, Kasegaon, Sangli",Sangli,Unaided,LSEBC,State Level,Ladies,25793,49.67
2024-25,D Pharmacy,CAP Round I,06389,"K.E. Socities. Rajarambapu College of Pharmacy, Kasegaon, Sangli",Sangli,Unaided,EWS,Special,Any,19193,58.33
2024-25,D Pharmacy,CAP Round I,06389,"K.E. Socities. Rajarambapu College of Pharmacy, Kasegaon, Sangli",Sangli,Unaided,TFWS,Special,Any,14871,64.33
2024-25,D Pharmacy,CAP Round I,06393,"Samarth Education Trust Arvind Gavali college of Pharmacy, Satara",Satara,Unaided,GOPEN,State Level,Any,27816,47.33
2024-25,D Pharmacy,CAP Round I,06393,"Samarth Education Trust Arvind Gavali college of Pharmacy, Satara",Satara,Unaided,GSC,State Level,Any,35014,38.33
2024-25,D Pharmacy,CAP Round I,06393,"Samarth Education Trust Arvind Gavali college of Pharmacy, Satara",Satara,Unaided,GNTA,State Level,Any,34161,39.33
2024-25,D Pharmacy,CAP Round I,06393,"Samarth Education Trust Arvind Gavali college of Pharmacy, Satara",Satara,Unaided,GNTC,State Level,Any,29568,45.0
2024-25,D Pharmacy,CAP Round I,06393,"Samarth Education Trust Arvind Gavali college of Pharmacy, Satara",Satara,Unaided,GNTD,State Level,Any,29267,45.33
2024-25,D Pharmacy,CAP Round I,06393,"Samarth Education Trust Arvind Gavali college of Pharmacy, Satara",Satara,Unaided,GOBC,State Level,Any,36286,36.33
2024-25,D Pharmacy,CAP Round I,06393,"Samarth Education Trust Arvind Gavali college of Pharmacy, Satara",Satara,Unaided,GSEBC,State Level,Any,30811,43.33
2024-25,D Pharmacy,CAP Round I,06393,"Samarth Education Trust Arvind Gavali college of Pharmacy, Satara",Satara,Unaided,LOPEN,State Level,Ladies,18399,59.33
2024-25,D Pharmacy,CAP Round I,06393,"Samarth Education Trust Arvind Gavali college of Pharmacy, Satara",Satara,Unaided,LSC,State Level,Ladies,29171,45.33
2024-25,D Pharmacy,CAP Round I,06393,"Samarth Education Trust Arvind Gavali college of Pharmacy, Satara",Satara,Unaided,LNTA,State Level,Ladies,32459,41.67
2024-25,D Pharmacy,CAP Round I,06393,"Samarth Education Trust Arvind Gavali college of Pharmacy, Satara",Satara,Unaided,LOBC,State Level,Ladies,28161,46.67
2024-25,D Pharmacy,CAP Round I,06393,"Samarth Education Trust Arvind Gavali college of Pharmacy, Satara",Satara,Unaided,LSEBC,State Level,Ladies,25604,50.0
2024-25,D Pharmacy,CAP Round I,06393,"Samarth Education Trust Arvind Gavali college of Pharmacy, Satara",Satara,Unaided,LNTB,State Level,Ladies,34169,39.33
2024-25,D Pharmacy,CAP Round I,06394,"Shree Santkrupa College of Pharmacy, Ghogaon,Satara",Satara,Unaided,GOPEN,State Level,Any,22573,54.0
2024-25,D Pharmacy,CAP Round I,06394,"Shree Santkrupa College of Pharmacy, Ghogaon,Satara",Satara,Unaided,GSC,State Level,Any,35644,37.33
2024-25,D Pharmacy,CAP Round I,06394,"Shree Santkrupa College of Pharmacy, Ghogaon,Satara",Satara,Unaided,GNTB,State Level,Any,26481,49.0
2024-25,D Pharmacy,CAP Round I,06394,"Shree Santkrupa College of Pharmacy, Ghogaon,Satara",Satara,Unaided,GOBC,State Level,Any,35084,38.33
2024-25,D Pharmacy,CAP Round I,06394,"Shree Santkrupa College of Pharmacy, Ghogaon,Satara",Satara,Unaided,GSEBC,State Level,Any,36101,36.67
2024-25,D Pharmacy,CAP Round I,06394,"Shree Santkrupa College of Pharmacy, Ghogaon,Satara",Satara,Unaided,LOPEN,State Level,Ladies,19384,58.33
2024-25,D Pharmacy,CAP Round I,06394,"Shree Santkrupa College of Pharmacy, Ghogaon,Satara",Satara,Unaided,LSC,State Level,Ladies,34760,38.67
2024-25,D Pharmacy,CAP Round I,06394,"Shree Santkrupa College of Pharmacy, Ghogaon,Satara",Satara,Unaided,LNTC,State Level,Ladies,33034,40.67
2024-25,D Pharmacy,CAP Round I,06394,"Shree Santkrupa College of Pharmacy, Ghogaon,Satara",Satara,Unaided,LOBC,State Level,Ladies,34902,38.33
2024-25,D Pharmacy,CAP Round I,06394,"Shree Santkrupa College of Pharmacy, Ghogaon,Satara",Satara,Unaided,LSEBC,State Level,Ladies,33747,40.0
2024-25,D Pharmacy,CAP Round I,06394,"Shree Santkrupa College of Pharmacy, Ghogaon,Satara",Satara,Unaided,EWS,Special,Any,34333,39.33
2024-25,D Pharmacy,CAP Round I,06397,"Shri. Vitthal Edu. & Research's College of Pharmacy, Gopalpur, Pandharpur",Solapur,Unaided,GOPEN,State Level,Any,11918,68.33
2024-25,D Pharmacy,CAP Round I,06397,"Shri. Vitthal Edu. & Research's College of Pharmacy, Gopalpur, Pandharpur",Solapur,Unaided,GSC,State Level,Any,25268,50.33
2024-25,D Pharmacy,CAP Round I,06397,"Shri. Vitthal Edu. & Research's College of Pharmacy, Gopalpur, Pandharpur",Solapur,Unaided,GNTA,State Level,Any,19250,58.33
2024-25,D Pharmacy,CAP Round I,06397,"Shri. Vitthal Edu. & Research's College of Pharmacy, Gopalpur, Pandharpur",Solapur,Unaided,GNTC,State Level,Any,13711,66.0
2024-25,D Pharmacy,CAP Round I,06397,"Shri. Vitthal Edu. & Research's College of Pharmacy, Gopalpur, Pandharpur",Solapur,Unaided,GOBC,State Level,Any,20110,57.33
2024-25,D Pharmacy,CAP Round I,06397,"Shri. Vitthal Edu. & Research's College of Pharmacy, Gopalpur, Pandharpur",Solapur,Unaided,GSEBC,State Level,Any,14953,64.0
2024-25,D Pharmacy,CAP Round I,06397,"Shri. Vitthal Edu. & Research's College of Pharmacy, Gopalpur, Pandharpur",Solapur,Unaided,LOPEN,State Level,Ladies,4138,79.33
2024-25,D Pharmacy,CAP Round I,06397,"Shri. Vitthal Edu. & Research's College of Pharmacy, Gopalpur, Pandharpur",Solapur,Unaided,LSC,State Level,Ladies,8004,73.67
2024-25,D Pharmacy,CAP Round I,06397,"Shri. Vitthal Edu. & Research's College of Pharmacy, Gopalpur, Pandharpur",Solapur,Unaided,LNTB,State Level,Ladies,13732,65.67
2024-25,D Pharmacy,CAP Round I,06397,"Shri. Vitthal Edu. & Research's College of Pharmacy, Gopalpur, Pandharpur",Solapur,Unaided,LOBC,State Level,Ladies,12861,67.0
2024-25,D Pharmacy,CAP Round I,06397,"Shri. Vitthal Edu. & Research's College of Pharmacy, Gopalpur, Pandharpur",Solapur,Unaided,LSEBC,State Level,Ladies,6962,75.0
2024-25,D Pharmacy,CAP Round I,06397,"Shri. Vitthal Edu. & Research's College of Pharmacy, Gopalpur, Pandharpur",Solapur,Unaided,PWDOPEN,State Level,Any,12869,67.0
2024-25,D Pharmacy,CAP Round I,06397,"Shri. Vitthal Edu. & Research's College of Pharmacy, Gopalpur, Pandharpur",Solapur,Unaided,DEFOPEN,State Level,Any,32996,40.67
2024-25,D Pharmacy,CAP Round I,06397,"Shri. Vitthal Edu. & Research's College of Pharmacy, Gopalpur, Pandharpur",Solapur,Unaided,EWS,Special,Any,33727,40.0
2024-25,D Pharmacy,CAP Round I,06397,"Shri. Vitthal Edu. & Research's College of Pharmacy, Gopalpur, Pandharpur",Solapur,Unaided,TFWS,Special,Any,19878,57.67
2024-25,D Pharmacy,CAP Round I,06398,"Shikshan & Krishi Vikas Pratishtan's Sahyadri College of Pharmacy, Methavade, Ta.:Sangola, Dist.: Solapur",Solapur,Unaided,GOPEN,State Level,Any,15528,63.33
2024-25,D Pharmacy,CAP Round I,06398,"Shikshan & Krishi Vikas Pratishtan's Sahyadri College of Pharmacy, Methavade, Ta.:Sangola, Dist.: Solapur",Solapur,Unaided,GSC,State Level,Any,27030,48.33
2024-25,D Pharmacy,CAP Round I,06398,"Shikshan & Krishi Vikas Pratishtan's Sahyadri College of Pharmacy, Methavade, Ta.:Sangola, Dist.: Solapur",Solapur,Unaided,GNTC,State Level,Any,18712,59.0
2024-25,D Pharmacy,CAP Round I,06398,"Shikshan & Krishi Vikas Pratishtan's Sahyadri College of Pharmacy, Methavade, Ta.:Sangola, Dist.: Solapur",Solapur,Unaided,GOBC,State Level,Any,27463,47.67
2024-25,D Pharmacy,CAP Round I,06398,"Shikshan & Krishi Vikas Pratishtan's Sahyadri College of Pharmacy, Methavade, Ta.:Sangola, Dist.: Solapur",Solapur,Unaided,GSEBC,State Level,Any,17953,60.0
2024-25,D Pharmacy,CAP Round I,06398,"Shikshan & Krishi Vikas Pratishtan's Sahyadri College of Pharmacy, Methavade, Ta.:Sangola, Dist.: Solapur",Solapur,Unaided,LOPEN,State Level,Ladies,7934,73.67
2024-25,D Pharmacy,CAP Round I,06398,"Shikshan & Krishi Vikas Pratishtan's Sahyadri College of Pharmacy, Methavade, Ta.:Sangola, Dist.: Solapur",Solapur,Unaided,LSC,State Level,Ladies,21556,55.33
2024-25,D Pharmacy,CAP Round I,06398,"Shikshan & Krishi Vikas Pratishtan's Sahyadri College of Pharmacy, Methavade, Ta.:Sangola, Dist.: Solapur",Solapur,Unaided,LNTC,State Level,Ladies,10494,70.33
2024-25,D Pharmacy,CAP Round I,06398,"Shikshan & Krishi Vikas Pratishtan's Sahyadri College of Pharmacy, Methavade, Ta.:Sangola, Dist.: Solapur",Solapur,Unaided,LOBC,State Level,Ladies,13075,66.67
2024-25,D Pharmacy,CAP Round I,06398,"Shikshan & Krishi Vikas Pratishtan's Sahyadri College of Pharmacy, Methavade, Ta.:Sangola, Dist.: Solapur",Solapur,Unaided,LSEBC,State Level,Ladies,9089,72.0
2024-25,D Pharmacy,CAP Round I,06398,"Shikshan & Krishi Vikas Pratishtan's Sahyadri College of Pharmacy, Methavade, Ta.:Sangola, Dist.: Solapur",Solapur,Unaided,TFWS,Special,Any,13348,66.33
2024-25,D Pharmacy,CAP Round I,06401,"Shikshan Prasarak Mandal's College of Pharmacy, Akluj",Solapur,Unaided,GOPEN,State Level,Any,12798,67.0
2024-25,D Pharmacy,CAP Round I,06401,"Shikshan Prasarak Mandal's College of Pharmacy, Akluj",Solapur,Unaided,GSC,State Level,Any,23133,53.33
2024-25,D Pharmacy,CAP Round I,06401,"Shikshan Prasarak Mandal's College of Pharmacy, Akluj",Solapur,Unaided,GNTA,State Level,Any,31363,43.0
2024-25,D Pharmacy,CAP Round I,06401,"Shikshan Prasarak Mandal's College of Pharmacy, Akluj",Solapur,Unaided,GNTB,State Level,Any,14924,64.0
2024-25,D Pharmacy,CAP Round I,06401,"Shikshan Prasarak Mandal's College of Pharmacy, Akluj",Solapur,Unaided,GNTC,State Level,Any,15719,63.0
2024-25,D Pharmacy,CAP Round I,06401,"Shikshan Prasarak Mandal's College of Pharmacy, Akluj",Solapur,Unaided,GOBC,State Level,Any,23084,53.33
2024-25,D Pharmacy,CAP Round I,06401,"Shikshan Prasarak Mandal's College of Pharmacy, Akluj",Solapur,Unaided,GSEBC,State Level,Any,22681,54.0
2024-25,D Pharmacy,CAP Round I,06401,"Shikshan Prasarak Mandal's College of Pharmacy, Akluj",Solapur,Unaided,LOPEN,State Level,Ladies,7252,74.67
2024-25,D Pharmacy,CAP Round I,06401,"Shikshan Prasarak Mandal's College of Pharmacy, Akluj",Solapur,Unaided,LSC,State Level,Ladies,12823,67.0
2024-25,D Pharmacy,CAP Round I,06401,"Shikshan Prasarak Mandal's College of Pharmacy, Akluj",Solapur,Unaided,LOBC,State Level,Ladies,8856,72.33
2024-25,D Pharmacy,CAP Round I,06401,"Shikshan Prasarak Mandal's College of Pharmacy, Akluj",Solapur,Unaided,LSEBC,State Level,Ladies,20178,57.0
2024-25,D Pharmacy,CAP Round I,06401,"Shikshan Prasarak Mandal's College of Pharmacy, Akluj",Solapur,Unaided,TFWS,Special,Any,9129,72.0
2024-25,D Pharmacy,CAP Round I,06478,"Bharti Vidyapeeths Institute of Pharmacy (Un Aided Wing), Pune",Pune,Unaided,GOPEN,State Level,Any,26324,49.0
2024-25,D Pharmacy,CAP Round I,06478,"Bharti Vidyapeeths Institute of Pharmacy (Un Aided Wing), Pune",Pune,Unaided,GSC,State Level,Any,36245,36.33
2024-25,D Pharmacy,CAP Round I,06478,"Bharti Vidyapeeths Institute of Pharmacy (Un Aided Wing), Pune",Pune,Unaided,GNTC,State Level,Any,29332,45.33
2024-25,D Pharmacy,CAP Round I,06478,"Bharti Vidyapeeths Institute of Pharmacy (Un Aided Wing), Pune",Pune,Unaided,GNTD,State Level,Any,27907,47.0
2024-25,D Pharmacy,CAP Round I,06478,"Bharti Vidyapeeths Institute of Pharmacy (Un Aided Wing), Pune",Pune,Unaided,GOBC,State Level,Any,36681,35.0
2024-25,D Pharmacy,CAP Round I,06478,"Bharti Vidyapeeths Institute of Pharmacy (Un Aided Wing), Pune",Pune,Unaided,LOPEN,State Level,Ladies,25066,50.67
2024-25,D Pharmacy,CAP Round I,06478,"Bharti Vidyapeeths Institute of Pharmacy (Un Aided Wing), Pune",Pune,Unaided,LSC,State Level,Ladies,36170,36.33
2024-25,D Pharmacy,CAP Round I,06478,"Bharti Vidyapeeths Institute of Pharmacy (Un Aided Wing), Pune",Pune,Unaided,LNTC,State Level,Ladies,26915,48.33
2024-25,D Pharmacy,CAP Round I,06478,"Bharti Vidyapeeths Institute of Pharmacy (Un Aided Wing), Pune",Pune,Unaided,LOBC,State Level,Ladies,27550,47.67
2024-25,D Pharmacy,CAP Round I,06478,"Bharti Vidyapeeths Institute of Pharmacy (Un Aided Wing), Pune",Pune,Unaided,PWDOPEN,State Level,Any,36152,36.67
2024-25,D Pharmacy,CAP Round I,06478,"Bharti Vidyapeeths Institute of Pharmacy (Un Aided Wing), Pune",Pune,Unaided,EWS,Special,Any,32226,41.67
2024-25,D Pharmacy,CAP Round I,06478,"Bharti Vidyapeeths Institute of Pharmacy (Un Aided Wing), Pune",Pune,Unaided,TFWS,Special,Any,23753,52.33
2024-25,D Pharmacy,CAP Round I,06479,"Satara Education Society's Late Suman Dhekane Department Of Pharmacy, Satara",Satara,Unaided,GOPEN,State Level,Any,28952,45.67
2024-25,D Pharmacy,CAP Round I,06479,"Satara Education Society's Late Suman Dhekane Department Of Pharmacy, Satara",Satara,Unaided,GSC,State Level,Any,35686,37.33
2024-25,D Pharmacy,CAP Round I,06479,"Satara Education Society's Late Suman Dhekane Department Of Pharmacy, Satara",Satara,Unaided,GNTA,State Level,Any,34764,38.67
2024-25,D Pharmacy,CAP Round I,06479,"Satara Education Society's Late Suman Dhekane Department Of Pharmacy, Satara",Satara,Unaided,GNTC,State Level,Any,33710,40.0
2024-25,D Pharmacy,CAP Round I,06479,"Satara Education Society's Late Suman Dhekane Department Of Pharmacy, Satara",Satara,Unaided,GOBC,State Level,Any,35720,37.33
2024-25,D Pharmacy,CAP Round I,06479,"Satara Education Society's Late Suman Dhekane Department Of Pharmacy, Satara",Satara,Unaided,LOPEN,State Level,Ladies,14987,64.0
2024-25,D Pharmacy,CAP Round I,06479,"Satara Education Society's Late Suman Dhekane Department Of Pharmacy, Satara",Satara,Unaided,LSC,State Level,Ladies,31616,42.67
2024-25,D Pharmacy,CAP Round I,06479,"Satara Education Society's Late Suman Dhekane Department Of Pharmacy, Satara",Satara,Unaided,LST,State Level,Ladies,35403,37.67
2024-25,D Pharmacy,CAP Round I,06479,"Satara Education Society's Late Suman Dhekane Department Of Pharmacy, Satara",Satara,Unaided,LNTB,State Level,Ladies,31459,42.67
2024-25,D Pharmacy,CAP Round I,06479,"Satara Education Society's Late Suman Dhekane Department Of Pharmacy, Satara",Satara,Unaided,LNTC,State Level,Ladies,15507,63.33
2024-25,D Pharmacy,CAP Round I,06479,"Satara Education Society's Late Suman Dhekane Department Of Pharmacy, Satara",Satara,Unaided,LOBC,State Level,Ladies,26925,48.33
2024-25,D Pharmacy,CAP Round I,06479,"Satara Education Society's Late Suman Dhekane Department Of Pharmacy, Satara",Satara,Unaided,LSEBC,State Level,Ladies,18866,59.0
2024-25,D Pharmacy,CAP Round I,06480,"Poona District Education Association Seth Govind Raghunath Sable College of Pharmacy(Poly),Saswad, Pune",Pune,Unaided,GOPEN,State Level,Any,36083,36.67
2024-25,D Pharmacy,CAP Round I,06480,"Poona District Education Association Seth Govind Raghunath Sable College of Pharmacy(Poly),Saswad, Pune",Pune,Unaided,LOPEN,State Level,Ladies,32661,41.33
2024-25,D Pharmacy,CAP Round I,06480,"Poona District Education Association Seth Govind Raghunath Sable College of Pharmacy(Poly),Saswad, Pune",Pune,Unaided,LOBC,State Level,Ladies,36005,36.67
2024-25,D Pharmacy,CAP Round I,06480,"Poona District Education Association Seth Govind Raghunath Sable College of Pharmacy(Poly),Saswad, Pune",Pune,Unaided,PWDOPEN,State Level,Any,31505,42.67
2024-25,D Pharmacy,CAP Round I,06480,"Poona District Education Association Seth Govind Raghunath Sable College of Pharmacy(Poly),Saswad, Pune",Pune,Unaided,EWS,Special,Any,36473,35.67
2024-25,D Pharmacy,CAP Round I,06480,"Poona District Education Association Seth Govind Raghunath Sable College of Pharmacy(Poly),Saswad, Pune",Pune,Unaided,TFWS,Special,Any,34154,39.33
2024-25,D Pharmacy,CAP Round I,06481,"Shahu Chatrapati Shikshan Sanstha's Rajarshi Shahu Chhatrapati Institute Of Pharmacy, Kolhapur",Kolhapur,Unaided,GOPEN,State Level,Any,26201,49.33
2024-25,D Pharmacy,CAP Round I,06481,"Shahu Chatrapati Shikshan Sanstha's Rajarshi Shahu Chhatrapati Institute Of Pharmacy, Kolhapur",Kolhapur,Unaided,GSC,State Level,Any,35097,38.33
2024-25,D Pharmacy,CAP Round I,06481,"Shahu Chatrapati Shikshan Sanstha's Rajarshi Shahu Chhatrapati Institute Of Pharmacy, Kolhapur",Kolhapur,Unaided,GNTB,State Level,Any,34389,39.0
2024-25,D Pharmacy,CAP Round I,06481,"Shahu Chatrapati Shikshan Sanstha's Rajarshi Shahu Chhatrapati Institute Of Pharmacy, Kolhapur",Kolhapur,Unaided,GNTC,State Level,Any,29551,45.0
2024-25,D Pharmacy,CAP Round I,06481,"Shahu Chatrapati Shikshan Sanstha's Rajarshi Shahu Chhatrapati Institute Of Pharmacy, Kolhapur",Kolhapur,Unaided,GOBC,State Level,Any,34717,38.67
2024-25,D Pharmacy,CAP Round I,06481,"Shahu Chatrapati Shikshan Sanstha's Rajarshi Shahu Chhatrapati Institute Of Pharmacy, Kolhapur",Kolhapur,Unaided,LOPEN,State Level,Ladies,23257,53.0
2024-25,D Pharmacy,CAP Round I,06481,"Shahu Chatrapati Shikshan Sanstha's Rajarshi Shahu Chhatrapati Institute Of Pharmacy, Kolhapur",Kolhapur,Unaided,LSC,State Level,Ladies,33704,40.0
2024-25,D Pharmacy,CAP Round I,06481,"Shahu Chatrapati Shikshan Sanstha's Rajarshi Shahu Chhatrapati Institute Of Pharmacy, Kolhapur",Kolhapur,Unaided,LOBC,State Level,Ladies,29771,44.67
2024-25,D Pharmacy,CAP Round I,06481,"Shahu Chatrapati Shikshan Sanstha's Rajarshi Shahu Chhatrapati Institute Of Pharmacy, Kolhapur",Kolhapur,Unaided,LSEBC,State Level,Ladies,34118,39.33
2024-25,D Pharmacy,CAP Round I,06481,"Shahu Chatrapati Shikshan Sanstha's Rajarshi Shahu Chhatrapati Institute Of Pharmacy, Kolhapur",Kolhapur,Unaided,EWS,Special,Any,19965,57.33
2024-25,D Pharmacy,CAP Round I,06481,"Shahu Chatrapati Shikshan Sanstha's Rajarshi Shahu Chhatrapati Institute Of Pharmacy, Kolhapur",Kolhapur,Unaided,TFWS,Special,Any,31627,42.67
2024-25,D Pharmacy,CAP Round I,06482,"Shri. Balasaheb Mane Shikshan Prasarak Mandal Ambap's, Ashokrao Mane Institute of Diploma in Pharmacy, Vadgaon",Pune,Unaided,GOPEN,State Level,Any,19282,58.33
2024-25,D Pharmacy,CAP Round I,06482,"Shri. Balasaheb Mane Shikshan Prasarak Mandal Ambap's, Ashokrao Mane Institute of Diploma in Pharmacy, Vadgaon",Pune,Unaided,GSC,State Level,Any,22379,54.33
2024-25,D Pharmacy,CAP Round I,06482,"Shri. Balasaheb Mane Shikshan Prasarak Mandal Ambap's, Ashokrao Mane Institute of Diploma in Pharmacy, Vadgaon",Pune,Unaided,GNTB,State Level,Any,24079,52.0
2024-25,D Pharmacy,CAP Round I,06482,"Shri. Balasaheb Mane Shikshan Prasarak Mandal Ambap's, Ashokrao Mane Institute of Diploma in Pharmacy, Vadgaon",Pune,Unaided,GNTC,State Level,Any,20105,57.33
2024-25,D Pharmacy,CAP Round I,06482,"Shri. Balasaheb Mane Shikshan Prasarak Mandal Ambap's, Ashokrao Mane Institute of Diploma in Pharmacy, Vadgaon",Pune,Unaided,GNTD,State Level,Any,33391,40.33
2024-25,D Pharmacy,CAP Round I,06482,"Shri. Balasaheb Mane Shikshan Prasarak Mandal Ambap's, Ashokrao Mane Institute of Diploma in Pharmacy, Vadgaon",Pune,Unaided,GOBC,State Level,Any,31482,42.67
2024-25,D Pharmacy,CAP Round I,06482,"Shri. Balasaheb Mane Shikshan Prasarak Mandal Ambap's, Ashokrao Mane Institute of Diploma in Pharmacy, Vadgaon",Pune,Unaided,GSEBC,State Level,Any,23577,52.67
2024-25,D Pharmacy,CAP Round I,06482,"Shri. Balasaheb Mane Shikshan Prasarak Mandal Ambap's, Ashokrao Mane Institute of Diploma in Pharmacy, Vadgaon",Pune,Unaided,LOPEN,State Level,Ladies,11040,69.33
2024-25,D Pharmacy,CAP Round I,06482,"Shri. Balasaheb Mane Shikshan Prasarak Mandal Ambap's, Ashokrao Mane Institute of Diploma in Pharmacy, Vadgaon",Pune,Unaided,LSC,State Level,Ladies,17742,60.33
2024-25,D Pharmacy,CAP Round I,06482,"Shri. Balasaheb Mane Shikshan Prasarak Mandal Ambap's, Ashokrao Mane Institute of Diploma in Pharmacy, Vadgaon",Pune,Unaided,LNTC,State Level,Ladies,17466,60.67
2024-25,D Pharmacy,CAP Round I,06482,"Shri. Balasaheb Mane Shikshan Prasarak Mandal Ambap's, Ashokrao Mane Institute of Diploma in Pharmacy, Vadgaon",Pune,Unaided,LOBC,State Level,Ladies,23394,53.0
2024-25,D Pharmacy,CAP Round I,06482,"Shri. Balasaheb Mane Shikshan Prasarak Mandal Ambap's, Ashokrao Mane Institute of Diploma in Pharmacy, Vadgaon",Pune,Unaided,LSEBC,State Level,Ladies,17991,60.0
2024-25,D Pharmacy,CAP Round I,06482,"Shri. Balasaheb Mane Shikshan Prasarak Mandal Ambap's, Ashokrao Mane Institute of Diploma in Pharmacy, Vadgaon",Pune,Unaided,EWS,Special,Any,36127,36.67
2024-25,D Pharmacy,CAP Round I,06482,"Shri. Balasaheb Mane Shikshan Prasarak Mandal Ambap's, Ashokrao Mane Institute of Diploma in Pharmacy, Vadgaon",Pune,Unaided,TFWS,Special,Any,12023,68.0
2024-25,D Pharmacy,CAP Round I,06483,Dr. J. J. Magdum Charitable Trust's Dr. J.J. Magdum Pharmacy College,College,Unaided,GOPEN,State Level,Any,27652,47.33
2024-25,D Pharmacy,CAP Round I,06483,Dr. J. J. Magdum Charitable Trust's Dr. J.J. Magdum Pharmacy College,College,Unaided,GSC,State Level,Any,29817,44.67
2024-25,D Pharmacy,CAP Round I,06483,Dr. J. J. Magdum Charitable Trust's Dr. J.J. Magdum Pharmacy College,College,Unaided,GNTA,State Level,Any,32454,41.67
2024-25,D Pharmacy,CAP Round I,06483,Dr. J. J. Magdum Charitable Trust's Dr. J.J. Magdum Pharmacy College,College,Unaided,GNTB,State Level,Any,34969,38.33
2024-25,D Pharmacy,CAP Round I,06483,Dr. J. J. Magdum Charitable Trust's Dr. J.J. Magdum Pharmacy College,College,Unaided,GNTC,State Level,Any,28237,46.67
2024-25,D Pharmacy,CAP Round I,06483,Dr. J. J. Magdum Charitable Trust's Dr. J.J. Magdum Pharmacy College,College,Unaided,GOBC,State Level,Any,31730,42.33
2024-25,D Pharmacy,CAP Round I,06483,Dr. J. J. Magdum Charitable Trust's Dr. J.J. Magdum Pharmacy College,College,Unaided,GSEBC,State Level,Any,31901,42.0
2024-25,D Pharmacy,CAP Round I,06483,Dr. J. J. Magdum Charitable Trust's Dr. J.J. Magdum Pharmacy College,College,Unaided,LOPEN,State Level,Ladies,23042,53.33
2024-25,D Pharmacy,CAP Round I,06483,Dr. J. J. Magdum Charitable Trust's Dr. J.J. Magdum Pharmacy College,College,Unaided,LSC,State Level,Ladies,26687,48.67
2024-25,D Pharmacy,CAP Round I,06483,Dr. J. J. Magdum Charitable Trust's Dr. J.J. Magdum Pharmacy College,College,Unaided,LNTC,State Level,Ladies,25276,50.33
2024-25,D Pharmacy,CAP Round I,06483,Dr. J. J. Magdum Charitable Trust's Dr. J.J. Magdum Pharmacy College,College,Unaided,LOBC,State Level,Ladies,28926,45.67
2024-25,D Pharmacy,CAP Round I,06483,Dr. J. J. Magdum Charitable Trust's Dr. J.J. Magdum Pharmacy College,College,Unaided,LSEBC,State Level,Ladies,28712,46.0
2024-25,D Pharmacy,CAP Round I,06483,Dr. J. J. Magdum Charitable Trust's Dr. J.J. Magdum Pharmacy College,College,Unaided,EWS,Special,Any,33375,40.33
2024-25,D Pharmacy,CAP Round I,06483,Dr. J. J. Magdum Charitable Trust's Dr. J.J. Magdum Pharmacy College,College,Unaided,TFWS,Special,Any,20199,57.0
2024-25,D Pharmacy,CAP Round I,06485,"Vishal Junnar Seva Mandal's Institute of Pharmacy,Ale, Pune",Pune,Unaided,GOPEN,State Level,Any,31998,42.0
2024-25,D Pharmacy,CAP Round I,06485,"Vishal Junnar Seva Mandal's Institute of Pharmacy,Ale, Pune",Pune,Unaided,GSC,State Level,Any,36206,36.33
2024-25,D Pharmacy,CAP Round I,06485,"Vishal Junnar Seva Mandal's Institute of Pharmacy,Ale, Pune",Pune,Unaided,GNTC,State Level,Any,34698,38.67
2024-25,D Pharmacy,CAP Round I,06485,"Vishal Junnar Seva Mandal's Institute of Pharmacy,Ale, Pune",Pune,Unaided,GOBC,State Level,Any,33555,40.0
2024-25,D Pharmacy,CAP Round I,06485,"Vishal Junnar Seva Mandal's Institute of Pharmacy,Ale, Pune",Pune,Unaided,LOPEN,State Level,Ladies,30665,43.67
2024-25,D Pharmacy,CAP Round I,06485,"Vishal Junnar Seva Mandal's Institute of Pharmacy,Ale, Pune",Pune,Unaided,LSC,State Level,Ladies,36405,36.0
2024-25,D Pharmacy,CAP Round I,06485,"Vishal Junnar Seva Mandal's Institute of Pharmacy,Ale, Pune",Pune,Unaided,LSEBC,State Level,Ladies,33339,40.33
2024-25,D Pharmacy,CAP Round I,06485,"Vishal Junnar Seva Mandal's Institute of Pharmacy,Ale, Pune",Pune,Unaided,TFWS,Special,Any,35183,38.0
2024-25,D Pharmacy,CAP Round I,06487,"Jayawant Shikshan Prasarak Mandal's Jayawant Institute Of Pharmacy, Pune",Pune,Unaided,GOPEN,State Level,Any,25946,49.67
2024-25,D Pharmacy,CAP Round I,06487,"Jayawant Shikshan Prasarak Mandal's Jayawant Institute Of Pharmacy, Pune",Pune,Unaided,GSC,State Level,Any,32483,41.33
2024-25,D Pharmacy,CAP Round I,06487,"Jayawant Shikshan Prasarak Mandal's Jayawant Institute Of Pharmacy, Pune",Pune,Unaided,GNTC,State Level,Any,27016,48.33
2024-25,D Pharmacy,CAP Round I,06487,"Jayawant Shikshan Prasarak Mandal's Jayawant Institute Of Pharmacy, Pune",Pune,Unaided,GOBC,State Level,Any,29165,45.33
2024-25,D Pharmacy,CAP Round I,06487,"Jayawant Shikshan Prasarak Mandal's Jayawant Institute Of Pharmacy, Pune",Pune,Unaided,LOPEN,State Level,Ladies,15917,62.67
2024-25,D Pharmacy,CAP Round I,06487,"Jayawant Shikshan Prasarak Mandal's Jayawant Institute Of Pharmacy, Pune",Pune,Unaided,LSC,State Level,Ladies,31266,43.0
2024-25,D Pharmacy,CAP Round I,06487,"Jayawant Shikshan Prasarak Mandal's Jayawant Institute Of Pharmacy, Pune",Pune,Unaided,LSEBC,State Level,Ladies,25807,49.67
2024-25,D Pharmacy,CAP Round I,06487,"Jayawant Shikshan Prasarak Mandal's Jayawant Institute Of Pharmacy, Pune",Pune,Unaided,EWS,Special,Any,34731,38.67
2024-25,D Pharmacy,CAP Round I,06487,"Jayawant Shikshan Prasarak Mandal's Jayawant Institute Of Pharmacy, Pune",Pune,Unaided,TFWS,Special,Any,7774,74.0
2024-25,D Pharmacy,CAP Round I,06488,Mayani Bhag Shikshan Prasark Mandal's College Of Pharmacy (D.Pharm.) Mayani Tal-Khatav Dist-Satara,Satara,Unaided,GOPEN,State Level,Any,24590,51.33
2024-25,D Pharmacy,CAP Round I,06488,Mayani Bhag Shikshan Prasark Mandal's College Of Pharmacy (D.Pharm.) Mayani Tal-Khatav Dist-Satara,Satara,Unaided,GSC,State Level,Any,36600,35.33
2024-25,D Pharmacy,CAP Round I,06488,Mayani Bhag Shikshan Prasark Mandal's College Of Pharmacy (D.Pharm.) Mayani Tal-Khatav Dist-Satara,Satara,Unaided,GNTA,State Level,Any,36564,35.33
2024-25,D Pharmacy,CAP Round I,06488,Mayani Bhag Shikshan Prasark Mandal's College Of Pharmacy (D.Pharm.) Mayani Tal-Khatav Dist-Satara,Satara,Unaided,GNTB,State Level,Any,35457,37.67
2024-25,D Pharmacy,CAP Round I,06488,Mayani Bhag Shikshan Prasark Mandal's College Of Pharmacy (D.Pharm.) Mayani Tal-Khatav Dist-Satara,Satara,Unaided,GNTC,State Level,Any,26862,48.33
2024-25,D Pharmacy,CAP Round I,06488,Mayani Bhag Shikshan Prasark Mandal's College Of Pharmacy (D.Pharm.) Mayani Tal-Khatav Dist-Satara,Satara,Unaided,GOBC,State Level,Any,32256,41.67
2024-25,D Pharmacy,CAP Round I,06488,Mayani Bhag Shikshan Prasark Mandal's College Of Pharmacy (D.Pharm.) Mayani Tal-Khatav Dist-Satara,Satara,Unaided,GSEBC,State Level,Any,31159,43.0
2024-25,D Pharmacy,CAP Round I,06488,Mayani Bhag Shikshan Prasark Mandal's College Of Pharmacy (D.Pharm.) Mayani Tal-Khatav Dist-Satara,Satara,Unaided,LOPEN,State Level,Ladies,20378,57.0
2024-25,D Pharmacy,CAP Round I,06488,Mayani Bhag Shikshan Prasark Mandal's College Of Pharmacy (D.Pharm.) Mayani Tal-Khatav Dist-Satara,Satara,Unaided,LSC,State Level,Ladies,30318,44.0
2024-25,D Pharmacy,CAP Round I,06488,Mayani Bhag Shikshan Prasark Mandal's College Of Pharmacy (D.Pharm.) Mayani Tal-Khatav Dist-Satara,Satara,Unaided,LNTA,State Level,Ladies,30389,44.0
2024-25,D Pharmacy,CAP Round I,06488,Mayani Bhag Shikshan Prasark Mandal's College Of Pharmacy (D.Pharm.) Mayani Tal-Khatav Dist-Satara,Satara,Unaided,LNTD,State Level,Ladies,21726,55.0
2024-25,D Pharmacy,CAP Round I,06488,Mayani Bhag Shikshan Prasark Mandal's College Of Pharmacy (D.Pharm.) Mayani Tal-Khatav Dist-Satara,Satara,Unaided,LOBC,State Level,Ladies,24260,51.67
2024-25,D Pharmacy,CAP Round I,06488,Mayani Bhag Shikshan Prasark Mandal's College Of Pharmacy (D.Pharm.) Mayani Tal-Khatav Dist-Satara,Satara,Unaided,LSEBC,State Level,Ladies,25545,50.0
2024-25,D Pharmacy,CAP Round I,06488,Mayani Bhag Shikshan Prasark Mandal's College Of Pharmacy (D.Pharm.) Mayani Tal-Khatav Dist-Satara,Satara,Unaided,PWDOPEN,State Level,Any,33974,39.67
2024-25,D Pharmacy,CAP Round I,06488,Mayani Bhag Shikshan Prasark Mandal's College Of Pharmacy (D.Pharm.) Mayani Tal-Khatav Dist-Satara,Satara,Unaided,EWS,Special,Any,27497,47.67
2024-25,D Pharmacy,CAP Round I,06488,Mayani Bhag Shikshan Prasark Mandal's College Of Pharmacy (D.Pharm.) Mayani Tal-Khatav Dist-Satara,Satara,Unaided,LNTB,State Level,Ladies,36022,36.67
2024-25,D Pharmacy,CAP Round I,06489,"Gourishankar Education Society's College Of Pharmacy (D.Pharm.), Degaon, Satara",Satara,Unaided,GOPEN,State Level,Any,34667,38.67
2024-25,D Pharmacy,CAP Round I,06489,"Gourishankar Education Society's College Of Pharmacy (D.Pharm.), Degaon, Satara",Satara,Unaided,GNTB,State Level,Any,34800,38.67
2024-25,D Pharmacy,CAP Round I,06489,"Gourishankar Education Society's College Of Pharmacy (D.Pharm.), Degaon, Satara",Satara,Unaided,GNTC,State Level,Any,35797,37.33
2024-25,D Pharmacy,CAP Round I,06489,"Gourishankar Education Society's College Of Pharmacy (D.Pharm.), Degaon, Satara",Satara,Unaided,GOBC,State Level,Any,35534,37.67
2024-25,D Pharmacy,CAP Round I,06489,"Gourishankar Education Society's College Of Pharmacy (D.Pharm.), Degaon, Satara",Satara,Unaided,LOPEN,State Level,Ladies,25413,50.33
2024-25,D Pharmacy,CAP Round I,06489,"Gourishankar Education Society's College Of Pharmacy (D.Pharm.), Degaon, Satara",Satara,Unaided,LSC,State Level,Ladies,33410,40.33
2024-25,D Pharmacy,CAP Round I,06489,"Gourishankar Education Society's College Of Pharmacy (D.Pharm.), Degaon, Satara",Satara,Unaided,LSEBC,State Level,Ladies,28543,46.33
2024-25,D Pharmacy,CAP Round I,06489,"Gourishankar Education Society's College Of Pharmacy (D.Pharm.), Degaon, Satara",Satara,Unaided,EWS,Special,Any,31477,42.67
2024-25,D Pharmacy,CAP Round I,06490,"Gouri Shankar Education Society's College Of Pharmacy (D. Pharm.), Limb, Satara",Satara,Unaided,GOPEN,State Level,Any,29546,45.0
2024-25,D Pharmacy,CAP Round I,06490,"Gouri Shankar Education Society's College Of Pharmacy (D. Pharm.), Limb, Satara",Satara,Unaided,GSC,State Level,Any,31711,42.33
2024-25,D Pharmacy,CAP Round I,06490,"Gouri Shankar Education Society's College Of Pharmacy (D. Pharm.), Limb, Satara",Satara,Unaided,GNTA,State Level,Any,35280,38.0
2024-25,D Pharmacy,CAP Round I,06490,"Gouri Shankar Education Society's College Of Pharmacy (D. Pharm.), Limb, Satara",Satara,Unaided,GNTB,State Level,Any,30259,44.33
2024-25,D Pharmacy,CAP Round I,06490,"Gouri Shankar Education Society's College Of Pharmacy (D. Pharm.), Limb, Satara",Satara,Unaided,GNTC,State Level,Any,31488,42.67
2024-25,D Pharmacy,CAP Round I,06490,"Gouri Shankar Education Society's College Of Pharmacy (D. Pharm.), Limb, Satara",Satara,Unaided,GOBC,State Level,Any,35634,37.33
2024-25,D Pharmacy,CAP Round I,06490,"Gouri Shankar Education Society's College Of Pharmacy (D. Pharm.), Limb, Satara",Satara,Unaided,GSEBC,State Level,Any,34285,39.33
2024-25,D Pharmacy,CAP Round I,06490,"Gouri Shankar Education Society's College Of Pharmacy (D. Pharm.), Limb, Satara",Satara,Unaided,LOPEN,State Level,Ladies,23406,53.0
2024-25,D Pharmacy,CAP Round I,06490,"Gouri Shankar Education Society's College Of Pharmacy (D. Pharm.), Limb, Satara",Satara,Unaided,LNTC,State Level,Ladies,30682,43.67
2024-25,D Pharmacy,CAP Round I,06490,"Gouri Shankar Education Society's College Of Pharmacy (D. Pharm.), Limb, Satara",Satara,Unaided,LOBC,State Level,Ladies,26985,48.33
2024-25,D Pharmacy,CAP Round I,06490,"Gouri Shankar Education Society's College Of Pharmacy (D. Pharm.), Limb, Satara",Satara,Unaided,LSEBC,State Level,Ladies,26726,48.67
2024-25,D Pharmacy,CAP Round I,06490,"Gouri Shankar Education Society's College Of Pharmacy (D. Pharm.), Limb, Satara",Satara,Unaided,EWS,Special,Any,34686,38.67
2024-25,D Pharmacy,CAP Round I,06490,"Gouri Shankar Education Society's College Of Pharmacy (D. Pharm.), Limb, Satara",Satara,Unaided,TFWS,Special,Any,20168,57.0
2024-25,D Pharmacy,CAP Round I,06491,"Shri Y.S.P.Mandal's Vasantidevi Patil Institute of Pharmacy , Kodoli, Dist.Kolhapur",Kolhapur,Unaided,GOPEN,State Level,Any,19481,58.0
2024-25,D Pharmacy,CAP Round I,06491,"Shri Y.S.P.Mandal's Vasantidevi Patil Institute of Pharmacy , Kodoli, Dist.Kolhapur",Kolhapur,Unaided,GSC,State Level,Any,22251,54.33
2024-25,D Pharmacy,CAP Round I,06491,"Shri Y.S.P.Mandal's Vasantidevi Patil Institute of Pharmacy , Kodoli, Dist.Kolhapur",Kolhapur,Unaided,GOBC,State Level,Any,31961,42.0
2024-25,D Pharmacy,CAP Round I,06491,"Shri Y.S.P.Mandal's Vasantidevi Patil Institute of Pharmacy , Kodoli, Dist.Kolhapur",Kolhapur,Unaided,LOPEN,State Level,Ladies,15179,63.67
2024-25,D Pharmacy,CAP Round I,06491,"Shri Y.S.P.Mandal's Vasantidevi Patil Institute of Pharmacy , Kodoli, Dist.Kolhapur",Kolhapur,Unaided,LSC,State Level,Ladies,34402,39.0
2024-25,D Pharmacy,CAP Round I,06491,"Shri Y.S.P.Mandal's Vasantidevi Patil Institute of Pharmacy , Kodoli, Dist.Kolhapur",Kolhapur,Unaided,LST,State Level,Ladies,35266,38.0
2024-25,D Pharmacy,CAP Round I,06491,"Shri Y.S.P.Mandal's Vasantidevi Patil Institute of Pharmacy , Kodoli, Dist.Kolhapur",Kolhapur,Unaided,LSEBC,State Level,Ladies,29273,45.33
2024-25,D Pharmacy,CAP Round I,06491,"Shri Y.S.P.Mandal's Vasantidevi Patil Institute of Pharmacy , Kodoli, Dist.Kolhapur",Kolhapur,Unaided,EWS,Special,Any,15406,63.33
2024-25,D Pharmacy,CAP Round I,06491,"Shri Y.S.P.Mandal's Vasantidevi Patil Institute of Pharmacy , Kodoli, Dist.Kolhapur",Kolhapur,Unaided,TFWS,Special,Any,9254,72.0
2024-25,D Pharmacy,CAP Round I,06492,"Samarth Educational Trust's, Sawkar Pharmacy College, Jaitapur, Satara 415004",Satara,Unaided,GOPEN,State Level,Any,28532,46.33
2024-25,D Pharmacy,CAP Round I,06492,"Samarth Educational Trust's, Sawkar Pharmacy College, Jaitapur, Satara 415004",Satara,Unaided,GSC,State Level,Any,34221,39.33
2024-25,D Pharmacy,CAP Round I,06492,"Samarth Educational Trust's, Sawkar Pharmacy College, Jaitapur, Satara 415004",Satara,Unaided,GNTA,State Level,Any,36647,35.33
2024-25,D Pharmacy,CAP Round I,06492,"Samarth Educational Trust's, Sawkar Pharmacy College, Jaitapur, Satara 415004",Satara,Unaided,GNTC,State Level,Any,28666,46.0
2024-25,D Pharmacy,CAP Round I,06492,"Samarth Educational Trust's, Sawkar Pharmacy College, Jaitapur, Satara 415004",Satara,Unaided,GOBC,State Level,Any,34770,38.67
2024-25,D Pharmacy,CAP Round I,06492,"Samarth Educational Trust's, Sawkar Pharmacy College, Jaitapur, Satara 415004",Satara,Unaided,GSEBC,State Level,Any,32879,41.0
2024-25,D Pharmacy,CAP Round I,06492,"Samarth Educational Trust's, Sawkar Pharmacy College, Jaitapur, Satara 415004",Satara,Unaided,LOPEN,State Level,Ladies,22392,54.33
2024-25,D Pharmacy,CAP Round I,06492,"Samarth Educational Trust's, Sawkar Pharmacy College, Jaitapur, Satara 415004",Satara,Unaided,LSC,State Level,Ladies,34216,39.33
2024-25,D Pharmacy,CAP Round I,06492,"Samarth Educational Trust's, Sawkar Pharmacy College, Jaitapur, Satara 415004",Satara,Unaided,LNTC,State Level,Ladies,27993,47.0
2024-25,D Pharmacy,CAP Round I,06492,"Samarth Educational Trust's, Sawkar Pharmacy College, Jaitapur, Satara 415004",Satara,Unaided,LOBC,State Level,Ladies,31981,42.0
2024-25,D Pharmacy,CAP Round I,06492,"Samarth Educational Trust's, Sawkar Pharmacy College, Jaitapur, Satara 415004",Satara,Unaided,LSEBC,State Level,Ladies,24795,51.0
2024-25,D Pharmacy,CAP Round I,06492,"Samarth Educational Trust's, Sawkar Pharmacy College, Jaitapur, Satara 415004",Satara,Unaided,EWS,Special,Any,31873,42.33
2024-25,D Pharmacy,CAP Round I,06492,"Samarth Educational Trust's, Sawkar Pharmacy College, Jaitapur, Satara 415004",Satara,Unaided,TFWS,Special,Any,28459,46.33
2024-25,D Pharmacy,CAP Round I,06493,"Vishal Junner Seva Mandal's Institute of Pharmacy for Women, Ale,Pune",Pune,Unaided,LOPEN,State Level,Ladies,27797,47.33
2024-25,D Pharmacy,CAP Round I,06493,"Vishal Junner Seva Mandal's Institute of Pharmacy for Women, Ale,Pune",Pune,Unaided,LOBC,State Level,Ladies,35724,37.33
2024-25,D Pharmacy,CAP Round I,06493,"Vishal Junner Seva Mandal's Institute of Pharmacy for Women, Ale,Pune",Pune,Unaided,LSEBC,State Level,Ladies,30566,43.67
2024-25,D Pharmacy,CAP Round I,06493,"Vishal Junner Seva Mandal's Institute of Pharmacy for Women, Ale,Pune",Pune,Unaided,DEFOPEN,State Level,Any,30858,43.33
2024-25,D Pharmacy,CAP Round I,06493,"Vishal Junner Seva Mandal's Institute of Pharmacy for Women, Ale,Pune",Pune,Unaided,EWS,Special,Any,29775,44.67
2024-25,D Pharmacy,CAP Round I,06494,"Dr J J Magdum Trust's Anil Alias Pintu Magdum Memorial Pharmacy College, Dharangutti,Tal-Shirol, Dist, Kolhapur",Kolhapur,Unaided,GOPEN,State Level,Any,27428,47.67
2024-25,D Pharmacy,CAP Round I,06494,"Dr J J Magdum Trust's Anil Alias Pintu Magdum Memorial Pharmacy College, Dharangutti,Tal-Shirol, Dist, Kolhapur",Kolhapur,Unaided,GSC,State Level,Any,33443,40.33
2024-25,D Pharmacy,CAP Round I,06494,"Dr J J Magdum Trust's Anil Alias Pintu Magdum Memorial Pharmacy College, Dharangutti,Tal-Shirol, Dist, Kolhapur",Kolhapur,Unaided,GNTB,State Level,Any,33051,40.67
2024-25,D Pharmacy,CAP Round I,06494,"Dr J J Magdum Trust's Anil Alias Pintu Magdum Memorial Pharmacy College, Dharangutti,Tal-Shirol, Dist, Kolhapur",Kolhapur,Unaided,GNTC,State Level,Any,28178,46.67
2024-25,D Pharmacy,CAP Round I,06494,"Dr J J Magdum Trust's Anil Alias Pintu Magdum Memorial Pharmacy College, Dharangutti,Tal-Shirol, Dist, Kolhapur",Kolhapur,Unaided,GOBC,State Level,Any,33712,40.0
2024-25,D Pharmacy,CAP Round I,06494,"Dr J J Magdum Trust's Anil Alias Pintu Magdum Memorial Pharmacy College, Dharangutti,Tal-Shirol, Dist, Kolhapur",Kolhapur,Unaided,GSEBC,State Level,Any,31267,43.0
2024-25,D Pharmacy,CAP Round I,06494,"Dr J J Magdum Trust's Anil Alias Pintu Magdum Memorial Pharmacy College, Dharangutti,Tal-Shirol, Dist, Kolhapur",Kolhapur,Unaided,LOPEN,State Level,Ladies,23378,53.0
2024-25,D Pharmacy,CAP Round I,06494,"Dr J J Magdum Trust's Anil Alias Pintu Magdum Memorial Pharmacy College, Dharangutti,Tal-Shirol, Dist, Kolhapur",Kolhapur,Unaided,LSC,State Level,Ladies,31491,42.67
2024-25,D Pharmacy,CAP Round I,06494,"Dr J J Magdum Trust's Anil Alias Pintu Magdum Memorial Pharmacy College, Dharangutti,Tal-Shirol, Dist, Kolhapur",Kolhapur,Unaided,LOBC,State Level,Ladies,30695,43.67
2024-25,D Pharmacy,CAP Round I,06494,"Dr J J Magdum Trust's Anil Alias Pintu Magdum Memorial Pharmacy College, Dharangutti,Tal-Shirol, Dist, Kolhapur",Kolhapur,Unaided,LSEBC,State Level,Ladies,29922,44.67
2024-25,D Pharmacy,CAP Round I,06494,"Dr J J Magdum Trust's Anil Alias Pintu Magdum Memorial Pharmacy College, Dharangutti,Tal-Shirol, Dist, Kolhapur",Kolhapur,Unaided,PWDOPEN,State Level,Any,36162,36.67
2024-25,D Pharmacy,CAP Round I,06494,"Dr J J Magdum Trust's Anil Alias Pintu Magdum Memorial Pharmacy College, Dharangutti,Tal-Shirol, Dist, Kolhapur",Kolhapur,Unaided,EWS,Special,Any,36691,35.0
2024-25,D Pharmacy,CAP Round I,06494,"Dr J J Magdum Trust's Anil Alias Pintu Magdum Memorial Pharmacy College, Dharangutti,Tal-Shirol, Dist, Kolhapur",Kolhapur,Unaided,TFWS,Special,Any,27410,47.67
2024-25,D Pharmacy,CAP Round I,06495,"Dr. D. Y. Patil Pratishthan's Dr. D. Y. Patil Institute Of Pharmacy, Akurdi, Pune",Pune,Unaided,GOPEN,State Level,Any,23346,53.0
2024-25,D Pharmacy,CAP Round I,06495,"Dr. D. Y. Patil Pratishthan's Dr. D. Y. Patil Institute Of Pharmacy, Akurdi, Pune",Pune,Unaided,GSC,State Level,Any,26917,48.33
2024-25,D Pharmacy,CAP Round I,06495,"Dr. D. Y. Patil Pratishthan's Dr. D. Y. Patil Institute Of Pharmacy, Akurdi, Pune",Pune,Unaided,GNTC,State Level,Any,26653,48.67
2024-25,D Pharmacy,CAP Round I,06495,"Dr. D. Y. Patil Pratishthan's Dr. D. Y. Patil Institute Of Pharmacy, Akurdi, Pune",Pune,Unaided,GNTD,State Level,Any,28514,46.33
2024-25,D Pharmacy,CAP Round I,06495,"Dr. D. Y. Patil Pratishthan's Dr. D. Y. Patil Institute Of Pharmacy, Akurdi, Pune",Pune,Unaided,GOBC,State Level,Any,24520,51.33
2024-25,D Pharmacy,CAP Round I,06495,"Dr. D. Y. Patil Pratishthan's Dr. D. Y. Patil Institute Of Pharmacy, Akurdi, Pune",Pune,Unaided,LOPEN,State Level,Ladies,15873,63.0
2024-25,D Pharmacy,CAP Round I,06495,"Dr. D. Y. Patil Pratishthan's Dr. D. Y. Patil Institute Of Pharmacy, Akurdi, Pune",Pune,Unaided,LSC,State Level,Ladies,24359,51.67
2024-25,D Pharmacy,CAP Round I,06495,"Dr. D. Y. Patil Pratishthan's Dr. D. Y. Patil Institute Of Pharmacy, Akurdi, Pune",Pune,Unaided,LOBC,State Level,Ladies,20446,56.67
2024-25,D Pharmacy,CAP Round I,06495,"Dr. D. Y. Patil Pratishthan's Dr. D. Y. Patil Institute Of Pharmacy, Akurdi, Pune",Pune,Unaided,TFWS,Special,Any,5957,76.67
2024-25,D Pharmacy,CAP Round I,06496,"Meruling Shikshan Sanstha's Diploma In Pharmacy, Medha,Satara",Satara,Unaided,GOPEN,State Level,Any,27963,47.0
2024-25,D Pharmacy,CAP Round I,06496,"Meruling Shikshan Sanstha's Diploma In Pharmacy, Medha,Satara",Satara,Unaided,GSC,State Level,Any,34260,39.33
2024-25,D Pharmacy,CAP Round I,06496,"Meruling Shikshan Sanstha's Diploma In Pharmacy, Medha,Satara",Satara,Unaided,GNTC,State Level,Any,28061,47.0
2024-25,D Pharmacy,CAP Round I,06496,"Meruling Shikshan Sanstha's Diploma In Pharmacy, Medha,Satara",Satara,Unaided,LOPEN,State Level,Ladies,22789,53.67
2024-25,D Pharmacy,CAP Round I,06496,"Meruling Shikshan Sanstha's Diploma In Pharmacy, Medha,Satara",Satara,Unaided,LSC,State Level,Ladies,33498,40.33
2024-25,D Pharmacy,CAP Round I,06496,"Meruling Shikshan Sanstha's Diploma In Pharmacy, Medha,Satara",Satara,Unaided,LNTC,State Level,Ladies,28705,46.0
2024-25,D Pharmacy,CAP Round I,06496,"Meruling Shikshan Sanstha's Diploma In Pharmacy, Medha,Satara",Satara,Unaided,LOBC,State Level,Ladies,29665,45.0
2024-25,D Pharmacy,CAP Round I,06496,"Meruling Shikshan Sanstha's Diploma In Pharmacy, Medha,Satara",Satara,Unaided,LSEBC,State Level,Ladies,27992,47.0
2024-25,D Pharmacy,CAP Round I,06496,"Meruling Shikshan Sanstha's Diploma In Pharmacy, Medha,Satara",Satara,Unaided,PWDOPEN,State Level,Any,29957,44.67
2024-25,D Pharmacy,CAP Round I,06496,"Meruling Shikshan Sanstha's Diploma In Pharmacy, Medha,Satara",Satara,Unaided,TFWS,Special,Any,25183,50.67
2024-25,D Pharmacy,CAP Round I,06497,"Gulabrao Patil Memorial Trust, Gulabrao Patil College of Pharmacy, Miraj",Sangli,Unaided,GOPEN,State Level,Any,21950,55.0
2024-25,D Pharmacy,CAP Round I,06497,"Gulabrao Patil Memorial Trust, Gulabrao Patil College of Pharmacy, Miraj",Sangli,Unaided,GSC,State Level,Any,34788,38.67
2024-25,D Pharmacy,CAP Round I,06497,"Gulabrao Patil Memorial Trust, Gulabrao Patil College of Pharmacy, Miraj",Sangli,Unaided,GNTA,State Level,Any,29215,45.33
2024-25,D Pharmacy,CAP Round I,06497,"Gulabrao Patil Memorial Trust, Gulabrao Patil College of Pharmacy, Miraj",Sangli,Unaided,GNTC,State Level,Any,26897,48.33
2024-25,D Pharmacy,CAP Round I,06497,"Gulabrao Patil Memorial Trust, Gulabrao Patil College of Pharmacy, Miraj",Sangli,Unaided,GOBC,State Level,Any,35226,38.0
2024-25,D Pharmacy,CAP Round I,06497,"Gulabrao Patil Memorial Trust, Gulabrao Patil College of Pharmacy, Miraj",Sangli,Unaided,GSEBC,State Level,Any,30821,43.33
2024-25,D Pharmacy,CAP Round I,06497,"Gulabrao Patil Memorial Trust, Gulabrao Patil College of Pharmacy, Miraj",Sangli,Unaided,LOPEN,State Level,Ladies,15432,63.33
2024-25,D Pharmacy,CAP Round I,06497,"Gulabrao Patil Memorial Trust, Gulabrao Patil College of Pharmacy, Miraj",Sangli,Unaided,LSC,State Level,Ladies,29289,45.33
2024-25,D Pharmacy,CAP Round I,06497,"Gulabrao Patil Memorial Trust, Gulabrao Patil College of Pharmacy, Miraj",Sangli,Unaided,LNTC,State Level,Ladies,18221,59.67
2024-25,D Pharmacy,CAP Round I,06497,"Gulabrao Patil Memorial Trust, Gulabrao Patil College of Pharmacy, Miraj",Sangli,Unaided,LOBC,State Level,Ladies,26321,49.0
2024-25,D Pharmacy,CAP Round I,06497,"Gulabrao Patil Memorial Trust, Gulabrao Patil College of Pharmacy, Miraj",Sangli,Unaided,LSEBC,State Level,Ladies,26864,48.33
2024-25,D Pharmacy,CAP Round I,06497,"Gulabrao Patil Memorial Trust, Gulabrao Patil College of Pharmacy, Miraj",Sangli,Unaided,EWS,Special,Any,31385,42.67
2024-25,D Pharmacy,CAP Round I,06497,"Gulabrao Patil Memorial Trust, Gulabrao Patil College of Pharmacy, Miraj",Sangli,Unaided,TFWS,Special,Any,25809,49.67
2024-25,D Pharmacy,CAP Round I,06498,"Sharadchandra Pawar Institute of Pharmacy,Dhumberwadi, Junnar",Pune,Unaided,GOPEN,State Level,Any,36248,36.33
2024-25,D Pharmacy,CAP Round I,06498,"Sharadchandra Pawar Institute of Pharmacy,Dhumberwadi, Junnar",Pune,Unaided,LOPEN,State Level,Ladies,29601,45.0
2024-25,D Pharmacy,CAP Round I,06498,"Sharadchandra Pawar Institute of Pharmacy,Dhumberwadi, Junnar",Pune,Unaided,LOBC,State Level,Ladies,35713,37.33
2024-25,D Pharmacy,CAP Round I,06499,"Shri. Jain Vidya Prasarak Mandal, Rasiklal M.Dhariwal College Of Pharmacy, Pune",Pune,Unaided,GOPEN,State Level,Any,20607,56.67
2024-25,D Pharmacy,CAP Round I,06499,"Shri. Jain Vidya Prasarak Mandal, Rasiklal M.Dhariwal College Of Pharmacy, Pune",Pune,Unaided,LOPEN,State Level,Ladies,19944,57.33
2024-25,D Pharmacy,CAP Round I,06499,"Shri. Jain Vidya Prasarak Mandal, Rasiklal M.Dhariwal College Of Pharmacy, Pune",Pune,Unaided,MI,Special,Any,36639,35.33
2024-25,D Pharmacy,CAP Round I,06499,"Shri. Jain Vidya Prasarak Mandal, Rasiklal M.Dhariwal College Of Pharmacy, Pune",Pune,Unaided,TFWS,Special,Any,15597,63.33
2024-25,D Pharmacy,CAP Round I,06501,"Shri Dhanlaxmi Foundation, Karad's Late Adv. Dadasaheb Chavan Memorial Institute of Pharmacy, Malwadi-Masur",Satara,Unaided,GOPEN,State Level,Any,26639,48.67
2024-25,D Pharmacy,CAP Round I,06501,"Shri Dhanlaxmi Foundation, Karad's Late Adv. Dadasaheb Chavan Memorial Institute of Pharmacy, Malwadi-Masur",Satara,Unaided,GSC,State Level,Any,33992,39.67
2024-25,D Pharmacy,CAP Round I,06501,"Shri Dhanlaxmi Foundation, Karad's Late Adv. Dadasaheb Chavan Memorial Institute of Pharmacy, Malwadi-Masur",Satara,Unaided,GNTB,State Level,Any,30959,43.33
2024-25,D Pharmacy,CAP Round I,06501,"Shri Dhanlaxmi Foundation, Karad's Late Adv. Dadasaheb Chavan Memorial Institute of Pharmacy, Malwadi-Masur",Satara,Unaided,GNTC,State Level,Any,29630,45.0
2024-25,D Pharmacy,CAP Round I,06501,"Shri Dhanlaxmi Foundation, Karad's Late Adv. Dadasaheb Chavan Memorial Institute of Pharmacy, Malwadi-Masur",Satara,Unaided,GOBC,State Level,Any,36255,36.33
2024-25,D Pharmacy,CAP Round I,06501,"Shri Dhanlaxmi Foundation, Karad's Late Adv. Dadasaheb Chavan Memorial Institute of Pharmacy, Malwadi-Masur",Satara,Unaided,GSEBC,State Level,Any,34242,39.33
2024-25,D Pharmacy,CAP Round I,06501,"Shri Dhanlaxmi Foundation, Karad's Late Adv. Dadasaheb Chavan Memorial Institute of Pharmacy, Malwadi-Masur",Satara,Unaided,LOPEN,State Level,Ladies,24589,51.33
2024-25,D Pharmacy,CAP Round I,06501,"Shri Dhanlaxmi Foundation, Karad's Late Adv. Dadasaheb Chavan Memorial Institute of Pharmacy, Malwadi-Masur",Satara,Unaided,LSC,State Level,Ladies,30049,44.33
2024-25,D Pharmacy,CAP Round I,06501,"Shri Dhanlaxmi Foundation, Karad's Late Adv. Dadasaheb Chavan Memorial Institute of Pharmacy, Malwadi-Masur",Satara,Unaided,LNTA,State Level,Ladies,33178,40.67
2024-25,D Pharmacy,CAP Round I,06501,"Shri Dhanlaxmi Foundation, Karad's Late Adv. Dadasaheb Chavan Memorial Institute of Pharmacy, Malwadi-Masur",Satara,Unaided,LNTB,State Level,Ladies,34413,39.0
2024-25,D Pharmacy,CAP Round I,06501,"Shri Dhanlaxmi Foundation, Karad's Late Adv. Dadasaheb Chavan Memorial Institute of Pharmacy, Malwadi-Masur",Satara,Unaided,LNTC,State Level,Ladies,31498,42.67
2024-25,D Pharmacy,CAP Round I,06501,"Shri Dhanlaxmi Foundation, Karad's Late Adv. Dadasaheb Chavan Memorial Institute of Pharmacy, Malwadi-Masur",Satara,Unaided,LOBC,State Level,Ladies,32297,41.67
2024-25,D Pharmacy,CAP Round I,06501,"Shri Dhanlaxmi Foundation, Karad's Late Adv. Dadasaheb Chavan Memorial Institute of Pharmacy, Malwadi-Masur",Satara,Unaided,LSEBC,State Level,Ladies,25874,49.67
2024-25,D Pharmacy,CAP Round I,06501,"Shri Dhanlaxmi Foundation, Karad's Late Adv. Dadasaheb Chavan Memorial Institute of Pharmacy, Malwadi-Masur",Satara,Unaided,EWS,Special,Any,32819,41.0
2024-25,D Pharmacy,CAP Round I,06501,"Shri Dhanlaxmi Foundation, Karad's Late Adv. Dadasaheb Chavan Memorial Institute of Pharmacy, Malwadi-Masur",Satara,Unaided,TFWS,Special,Any,30866,43.33
2024-25,D Pharmacy,CAP Round I,06503,"Shree Ambabai Talim Sanstha's Diploma In Pharmacy ,Wanlesswadi, Miraj, Sangli",Sangli,Unaided,GOPEN,State Level,Any,29652,45.0
2024-25,D Pharmacy,CAP Round I,06503,"Shree Ambabai Talim Sanstha's Diploma In Pharmacy ,Wanlesswadi, Miraj, Sangli",Sangli,Unaided,GSC,State Level,Any,36749,35.0
2024-25,D Pharmacy,CAP Round I,06503,"Shree Ambabai Talim Sanstha's Diploma In Pharmacy ,Wanlesswadi, Miraj, Sangli",Sangli,Unaided,GNTA,State Level,Any,31329,43.0
2024-25,D Pharmacy,CAP Round I,06503,"Shree Ambabai Talim Sanstha's Diploma In Pharmacy ,Wanlesswadi, Miraj, Sangli",Sangli,Unaided,GNTC,State Level,Any,30596,43.67
2024-25,D Pharmacy,CAP Round I,06503,"Shree Ambabai Talim Sanstha's Diploma In Pharmacy ,Wanlesswadi, Miraj, Sangli",Sangli,Unaided,GOBC,State Level,Any,34820,38.67
2024-25,D Pharmacy,CAP Round I,06503,"Shree Ambabai Talim Sanstha's Diploma In Pharmacy ,Wanlesswadi, Miraj, Sangli",Sangli,Unaided,LOPEN,State Level,Ladies,25071,50.67
2024-25,D Pharmacy,CAP Round I,06503,"Shree Ambabai Talim Sanstha's Diploma In Pharmacy ,Wanlesswadi, Miraj, Sangli",Sangli,Unaided,LSC,State Level,Ladies,35240,38.0
2024-25,D Pharmacy,CAP Round I,06503,"Shree Ambabai Talim Sanstha's Diploma In Pharmacy ,Wanlesswadi, Miraj, Sangli",Sangli,Unaided,LNTC,State Level,Ladies,25400,50.33
2024-25,D Pharmacy,CAP Round I,06503,"Shree Ambabai Talim Sanstha's Diploma In Pharmacy ,Wanlesswadi, Miraj, Sangli",Sangli,Unaided,LOBC,State Level,Ladies,29537,45.0
2024-25,D Pharmacy,CAP Round I,06503,"Shree Ambabai Talim Sanstha's Diploma In Pharmacy ,Wanlesswadi, Miraj, Sangli",Sangli,Unaided,LSEBC,State Level,Ladies,29202,45.33
2024-25,D Pharmacy,CAP Round I,06503,"Shree Ambabai Talim Sanstha's Diploma In Pharmacy ,Wanlesswadi, Miraj, Sangli",Sangli,Unaided,DEFOPEN,State Level,Any,34786,38.67
2024-25,D Pharmacy,CAP Round I,06503,"Shree Ambabai Talim Sanstha's Diploma In Pharmacy ,Wanlesswadi, Miraj, Sangli",Sangli,Unaided,EWS,Special,Any,36554,35.33
2024-25,D Pharmacy,CAP Round I,06503,"Shree Ambabai Talim Sanstha's Diploma In Pharmacy ,Wanlesswadi, Miraj, Sangli",Sangli,Unaided,TFWS,Special,Any,33542,40.0
2024-25,D Pharmacy,CAP Round I,06504,"Yashoda Shikshan Prasarak mandal's Sojar College of Pharmacy, Khandvi, Barshi, Solapur",Solapur,Unaided,GOPEN,State Level,Any,19270,58.33
2024-25,D Pharmacy,CAP Round I,06504,"Yashoda Shikshan Prasarak mandal's Sojar College of Pharmacy, Khandvi, Barshi, Solapur",Solapur,Unaided,GSC,State Level,Any,36688,35.0
2024-25,D Pharmacy,CAP Round I,06504,"Yashoda Shikshan Prasarak mandal's Sojar College of Pharmacy, Khandvi, Barshi, Solapur",Solapur,Unaided,GNTB,State Level,Any,20690,56.33
2024-25,D Pharmacy,CAP Round I,06504,"Yashoda Shikshan Prasarak mandal's Sojar College of Pharmacy, Khandvi, Barshi, Solapur",Solapur,Unaided,GNTC,State Level,Any,22907,53.67
2024-25,D Pharmacy,CAP Round I,06504,"Yashoda Shikshan Prasarak mandal's Sojar College of Pharmacy, Khandvi, Barshi, Solapur",Solapur,Unaided,GOBC,State Level,Any,36029,36.67
2024-25,D Pharmacy,CAP Round I,06504,"Yashoda Shikshan Prasarak mandal's Sojar College of Pharmacy, Khandvi, Barshi, Solapur",Solapur,Unaided,GSEBC,State Level,Any,33832,39.67
2024-25,D Pharmacy,CAP Round I,06504,"Yashoda Shikshan Prasarak mandal's Sojar College of Pharmacy, Khandvi, Barshi, Solapur",Solapur,Unaided,LOPEN,State Level,Ladies,9832,71.0
2024-25,D Pharmacy,CAP Round I,06504,"Yashoda Shikshan Prasarak mandal's Sojar College of Pharmacy, Khandvi, Barshi, Solapur",Solapur,Unaided,LSC,State Level,Ladies,30450,44.0
2024-25,D Pharmacy,CAP Round I,06504,"Yashoda Shikshan Prasarak mandal's Sojar College of Pharmacy, Khandvi, Barshi, Solapur",Solapur,Unaided,LNTD,State Level,Ladies,15744,63.0
2024-25,D Pharmacy,CAP Round I,06504,"Yashoda Shikshan Prasarak mandal's Sojar College of Pharmacy, Khandvi, Barshi, Solapur",Solapur,Unaided,LOBC,State Level,Ladies,24559,51.33
2024-25,D Pharmacy,CAP Round I,06504,"Yashoda Shikshan Prasarak mandal's Sojar College of Pharmacy, Khandvi, Barshi, Solapur",Solapur,Unaided,LSEBC,State Level,Ladies,17692,60.33
2024-25,D Pharmacy,CAP Round I,06504,"Yashoda Shikshan Prasarak mandal's Sojar College of Pharmacy, Khandvi, Barshi, Solapur",Solapur,Unaided,EWS,Special,Any,25556,50.0
2024-25,D Pharmacy,CAP Round I,06504,"Yashoda Shikshan Prasarak mandal's Sojar College of Pharmacy, Khandvi, Barshi, Solapur",Solapur,Unaided,TFWS,Special,Any,5741,77.0
2024-25,D Pharmacy,CAP Round I,06505,"Shri Vithal Education & Research Institute's, College of Pharmacy(Poly.), Pandharpur",Solapur,Unaided,GOPEN,State Level,Any,11276,69.0
2024-25,D Pharmacy,CAP Round I,06505,"Shri Vithal Education & Research Institute's, College of Pharmacy(Poly.), Pandharpur",Solapur,Unaided,GSC,State Level,Any,18156,59.67
2024-25,D Pharmacy,CAP Round I,06505,"Shri Vithal Education & Research Institute's, College of Pharmacy(Poly.), Pandharpur",Solapur,Unaided,GST,State Level,Any,34132,39.33
2024-25,D Pharmacy,CAP Round I,06505,"Shri Vithal Education & Research Institute's, College of Pharmacy(Poly.), Pandharpur",Solapur,Unaided,GNTA,State Level,Any,12293,67.67
2024-25,D Pharmacy,CAP Round I,06505,"Shri Vithal Education & Research Institute's, College of Pharmacy(Poly.), Pandharpur",Solapur,Unaided,GNTC,State Level,Any,11329,69.0
2024-25,D Pharmacy,CAP Round I,06505,"Shri Vithal Education & Research Institute's, College of Pharmacy(Poly.), Pandharpur",Solapur,Unaided,GOBC,State Level,Any,19861,57.67
2024-25,D Pharmacy,CAP Round I,06505,"Shri Vithal Education & Research Institute's, College of Pharmacy(Poly.), Pandharpur",Solapur,Unaided,GSEBC,State Level,Any,13745,65.67
2024-25,D Pharmacy,CAP Round I,06505,"Shri Vithal Education & Research Institute's, College of Pharmacy(Poly.), Pandharpur",Solapur,Unaided,LOPEN,State Level,Ladies,7545,74.33
2024-25,D Pharmacy,CAP Round I,06505,"Shri Vithal Education & Research Institute's, College of Pharmacy(Poly.), Pandharpur",Solapur,Unaided,LSC,State Level,Ladies,10440,70.33
2024-25,D Pharmacy,CAP Round I,06505,"Shri Vithal Education & Research Institute's, College of Pharmacy(Poly.), Pandharpur",Solapur,Unaided,LNTC,State Level,Ladies,8470,73.0
2024-25,D Pharmacy,CAP Round I,06505,"Shri Vithal Education & Research Institute's, College of Pharmacy(Poly.), Pandharpur",Solapur,Unaided,LOBC,State Level,Ladies,9191,72.0
2024-25,D Pharmacy,CAP Round I,06505,"Shri Vithal Education & Research Institute's, College of Pharmacy(Poly.), Pandharpur",Solapur,Unaided,LSEBC,State Level,Ladies,8967,72.33
2024-25,D Pharmacy,CAP Round I,06505,"Shri Vithal Education & Research Institute's, College of Pharmacy(Poly.), Pandharpur",Solapur,Unaided,DEFOPEN,State Level,Any,21612,55.33
2024-25,D Pharmacy,CAP Round I,06505,"Shri Vithal Education & Research Institute's, College of Pharmacy(Poly.), Pandharpur",Solapur,Unaided,EWS,Special,Any,28125,47.0
2024-25,D Pharmacy,CAP Round I,06505,"Shri Vithal Education & Research Institute's, College of Pharmacy(Poly.), Pandharpur",Solapur,Unaided,TFWS,Special,Any,22530,54.0
2024-25,D Pharmacy,CAP Round I,06506,"Jayawant Shikshan Prasark Mandal's Jaywantrao Sawant Institute Of Pharmacy, Hadapsar, Pune",Pune,Unaided,GOPEN,State Level,Any,17783,60.33
2024-25,D Pharmacy,CAP Round I,06506,"Jayawant Shikshan Prasark Mandal's Jaywantrao Sawant Institute Of Pharmacy, Hadapsar, Pune",Pune,Unaided,GSC,State Level,Any,20903,56.33
2024-25,D Pharmacy,CAP Round I,06506,"Jayawant Shikshan Prasark Mandal's Jaywantrao Sawant Institute Of Pharmacy, Hadapsar, Pune",Pune,Unaided,GNTA,State Level,Any,31783,42.33
2024-25,D Pharmacy,CAP Round I,06506,"Jayawant Shikshan Prasark Mandal's Jaywantrao Sawant Institute Of Pharmacy, Hadapsar, Pune",Pune,Unaided,GNTC,State Level,Any,34166,39.33
2024-25,D Pharmacy,CAP Round I,06506,"Jayawant Shikshan Prasark Mandal's Jaywantrao Sawant Institute Of Pharmacy, Hadapsar, Pune",Pune,Unaided,GOBC,State Level,Any,34075,39.33
2024-25,D Pharmacy,CAP Round I,06506,"Jayawant Shikshan Prasark Mandal's Jaywantrao Sawant Institute Of Pharmacy, Hadapsar, Pune",Pune,Unaided,GSEBC,State Level,Any,35910,37.0
2024-25,D Pharmacy,CAP Round I,06506,"Jayawant Shikshan Prasark Mandal's Jaywantrao Sawant Institute Of Pharmacy, Hadapsar, Pune",Pune,Unaided,LOPEN,State Level,Ladies,4986,78.0
2024-25,D Pharmacy,CAP Round I,06506,"Jayawant Shikshan Prasark Mandal's Jaywantrao Sawant Institute Of Pharmacy, Hadapsar, Pune",Pune,Unaided,LSC,State Level,Ladies,6292,76.0
2024-25,D Pharmacy,CAP Round I,06506,"Jayawant Shikshan Prasark Mandal's Jaywantrao Sawant Institute Of Pharmacy, Hadapsar, Pune",Pune,Unaided,LST,State Level,Ladies,34627,39.0
2024-25,D Pharmacy,CAP Round I,06506,"Jayawant Shikshan Prasark Mandal's Jaywantrao Sawant Institute Of Pharmacy, Hadapsar, Pune",Pune,Unaided,LNTB,State Level,Ladies,28188,46.67
2024-25,D Pharmacy,CAP Round I,06506,"Jayawant Shikshan Prasark Mandal's Jaywantrao Sawant Institute Of Pharmacy, Hadapsar, Pune",Pune,Unaided,LOBC,State Level,Ladies,25045,50.67
2024-25,D Pharmacy,CAP Round I,06506,"Jayawant Shikshan Prasark Mandal's Jaywantrao Sawant Institute Of Pharmacy, Hadapsar, Pune",Pune,Unaided,LSEBC,State Level,Ladies,31737,42.33
2024-25,D Pharmacy,CAP Round I,06506,"Jayawant Shikshan Prasark Mandal's Jaywantrao Sawant Institute Of Pharmacy, Hadapsar, Pune",Pune,Unaided,DEFOPEN,State Level,Any,30116,44.33
2024-25,D Pharmacy,CAP Round I,06506,"Jayawant Shikshan Prasark Mandal's Jaywantrao Sawant Institute Of Pharmacy, Hadapsar, Pune",Pune,Unaided,EWS,Special,Any,31241,43.0
2024-25,D Pharmacy,CAP Round I,06506,"Jayawant Shikshan Prasark Mandal's Jaywantrao Sawant Institute Of Pharmacy, Hadapsar, Pune",Pune,Unaided,TFWS,Special,Any,1582,84.67
2024-25,D Pharmacy,CAP Round I,06509,Walwa Taluka Education Societys S D Patil Institute of Pharmacy Urun Islampur,Sangli,Unaided,GOPEN,State Level,Any,29163,45.33
2024-25,D Pharmacy,CAP Round I,06509,Walwa Taluka Education Societys S D Patil Institute of Pharmacy Urun Islampur,Sangli,Unaided,GSC,State Level,Any,33711,40.0
2024-25,D Pharmacy,CAP Round I,06509,Walwa Taluka Education Societys S D Patil Institute of Pharmacy Urun Islampur,Sangli,Unaided,GNTB,State Level,Any,33911,39.67
2024-25,D Pharmacy,CAP Round I,06509,Walwa Taluka Education Societys S D Patil Institute of Pharmacy Urun Islampur,Sangli,Unaided,GNTC,State Level,Any,31494,42.67
2024-25,D Pharmacy,CAP Round I,06509,Walwa Taluka Education Societys S D Patil Institute of Pharmacy Urun Islampur,Sangli,Unaided,GOBC,State Level,Any,36436,36.0
2024-25,D Pharmacy,CAP Round I,06509,Walwa Taluka Education Societys S D Patil Institute of Pharmacy Urun Islampur,Sangli,Unaided,GSEBC,State Level,Any,32353,41.67
2024-25,D Pharmacy,CAP Round I,06509,Walwa Taluka Education Societys S D Patil Institute of Pharmacy Urun Islampur,Sangli,Unaided,LOPEN,State Level,Ladies,21459,55.33
2024-25,D Pharmacy,CAP Round I,06509,Walwa Taluka Education Societys S D Patil Institute of Pharmacy Urun Islampur,Sangli,Unaided,LSC,State Level,Ladies,29029,45.67
2024-25,D Pharmacy,CAP Round I,06509,Walwa Taluka Education Societys S D Patil Institute of Pharmacy Urun Islampur,Sangli,Unaided,LNTC,State Level,Ladies,21495,55.33
2024-25,D Pharmacy,CAP Round I,06509,Walwa Taluka Education Societys S D Patil Institute of Pharmacy Urun Islampur,Sangli,Unaided,LOBC,State Level,Ladies,24891,51.0
2024-25,D Pharmacy,CAP Round I,06509,Walwa Taluka Education Societys S D Patil Institute of Pharmacy Urun Islampur,Sangli,Unaided,LSEBC,State Level,Ladies,28014,47.0
2024-25,D Pharmacy,CAP Round I,06509,Walwa Taluka Education Societys S D Patil Institute of Pharmacy Urun Islampur,Sangli,Unaided,EWS,Special,Any,36612,35.33
2024-25,D Pharmacy,CAP Round I,06510,"Shriram Shikshan Sanstha's College of Pharmacy, Paniv, Malshiras, Dist. Solapur",Solapur,Unaided,GOPEN,State Level,Any,7737,74.0
2024-25,D Pharmacy,CAP Round I,06510,"Shriram Shikshan Sanstha's College of Pharmacy, Paniv, Malshiras, Dist. Solapur",Solapur,Unaided,GSC,State Level,Any,23492,52.67
2024-25,D Pharmacy,CAP Round I,06510,"Shriram Shikshan Sanstha's College of Pharmacy, Paniv, Malshiras, Dist. Solapur",Solapur,Unaided,GNTA,State Level,Any,20227,57.0
2024-25,D Pharmacy,CAP Round I,06510,"Shriram Shikshan Sanstha's College of Pharmacy, Paniv, Malshiras, Dist. Solapur",Solapur,Unaided,GNTB,State Level,Any,21354,55.67
2024-25,D Pharmacy,CAP Round I,06510,"Shriram Shikshan Sanstha's College of Pharmacy, Paniv, Malshiras, Dist. Solapur",Solapur,Unaided,GNTC,State Level,Any,9087,72.0
2024-25,D Pharmacy,CAP Round I,06510,"Shriram Shikshan Sanstha's College of Pharmacy, Paniv, Malshiras, Dist. Solapur",Solapur,Unaided,GOBC,State Level,Any,20198,57.0
2024-25,D Pharmacy,CAP Round I,06510,"Shriram Shikshan Sanstha's College of Pharmacy, Paniv, Malshiras, Dist. Solapur",Solapur,Unaided,GSEBC,State Level,Any,18801,59.0
2024-25,D Pharmacy,CAP Round I,06510,"Shriram Shikshan Sanstha's College of Pharmacy, Paniv, Malshiras, Dist. Solapur",Solapur,Unaided,LOPEN,State Level,Ladies,1478,85.0
2024-25,D Pharmacy,CAP Round I,06510,"Shriram Shikshan Sanstha's College of Pharmacy, Paniv, Malshiras, Dist. Solapur",Solapur,Unaided,LSC,State Level,Ladies,16694,61.67
2024-25,D Pharmacy,CAP Round I,06510,"Shriram Shikshan Sanstha's College of Pharmacy, Paniv, Malshiras, Dist. Solapur",Solapur,Unaided,LNTB,State Level,Ladies,3461,80.67
2024-25,D Pharmacy,CAP Round I,06510,"Shriram Shikshan Sanstha's College of Pharmacy, Paniv, Malshiras, Dist. Solapur",Solapur,Unaided,LNTC,State Level,Ladies,1641,84.67
2024-25,D Pharmacy,CAP Round I,06510,"Shriram Shikshan Sanstha's College of Pharmacy, Paniv, Malshiras, Dist. Solapur",Solapur,Unaided,LOBC,State Level,Ladies,9411,71.67
2024-25,D Pharmacy,CAP Round I,06510,"Shriram Shikshan Sanstha's College of Pharmacy, Paniv, Malshiras, Dist. Solapur",Solapur,Unaided,LSEBC,State Level,Ladies,7650,74.0
2024-25,D Pharmacy,CAP Round I,06510,"Shriram Shikshan Sanstha's College of Pharmacy, Paniv, Malshiras, Dist. Solapur",Solapur,Unaided,TFWS,Special,Any,2139,83.33
2024-25,D Pharmacy,CAP Round I,06512,"Shivneri Foundation's Shivneri Institute Of Pharmacy, Khanapur, Junna.",Jalna,Unaided,GOPEN,State Level,Any,33241,40.67
2024-25,D Pharmacy,CAP Round I,06512,"Shivneri Foundation's Shivneri Institute Of Pharmacy, Khanapur, Junna.",Jalna,Unaided,LOPEN,State Level,Ladies,25852,49.67
2024-25,D Pharmacy,CAP Round I,06512,"Shivneri Foundation's Shivneri Institute Of Pharmacy, Khanapur, Junna.",Jalna,Unaided,LOBC,State Level,Ladies,36426,36.0
2024-25,D Pharmacy,CAP Round I,06512,"Shivneri Foundation's Shivneri Institute Of Pharmacy, Khanapur, Junna.",Jalna,Unaided,PWDOPEN,State Level,Any,5364,77.33
2024-25,D Pharmacy,CAP Round I,06512,"Shivneri Foundation's Shivneri Institute Of Pharmacy, Khanapur, Junna.",Jalna,Unaided,TFWS,Special,Any,17895,60.33
2024-25,D Pharmacy,CAP Round I,06513,"Lokseva Pratisthan's Lokseva College Of Pharmacy, Phulgaon, Haveli, Pune",Pune,Unaided,GOPEN,State Level,Any,27519,47.67
2024-25,D Pharmacy,CAP Round I,06513,"Lokseva Pratisthan's Lokseva College Of Pharmacy, Phulgaon, Haveli, Pune",Pune,Unaided,GSC,State Level,Any,34032,39.67
2024-25,D Pharmacy,CAP Round I,06513,"Lokseva Pratisthan's Lokseva College Of Pharmacy, Phulgaon, Haveli, Pune",Pune,Unaided,LOPEN,State Level,Ladies,16214,62.33
2024-25,D Pharmacy,CAP Round I,06513,"Lokseva Pratisthan's Lokseva College Of Pharmacy, Phulgaon, Haveli, Pune",Pune,Unaided,LSC,State Level,Ladies,32538,41.33
2024-25,D Pharmacy,CAP Round I,06513,"Lokseva Pratisthan's Lokseva College Of Pharmacy, Phulgaon, Haveli, Pune",Pune,Unaided,LOBC,State Level,Ladies,26163,49.33
2024-25,D Pharmacy,CAP Round I,06513,"Lokseva Pratisthan's Lokseva College Of Pharmacy, Phulgaon, Haveli, Pune",Pune,Unaided,LSEBC,State Level,Ladies,34745,38.67
2024-25,D Pharmacy,CAP Round I,06513,"Lokseva Pratisthan's Lokseva College Of Pharmacy, Phulgaon, Haveli, Pune",Pune,Unaided,TFWS,Special,Any,15721,63.0
2024-25,D Pharmacy,CAP Round I,06514,"Abhinav Education Society's College Of Pharmacy, Narhe, Tal. Haveli, Dist. Pune",Pune,Unaided,GOPEN,State Level,Any,23776,52.33
2024-25,D Pharmacy,CAP Round I,06514,"Abhinav Education Society's College Of Pharmacy, Narhe, Tal. Haveli, Dist. Pune",Pune,Unaided,GSC,State Level,Any,26975,48.33
2024-25,D Pharmacy,CAP Round I,06514,"Abhinav Education Society's College Of Pharmacy, Narhe, Tal. Haveli, Dist. Pune",Pune,Unaided,GST,State Level,Any,28093,47.0
2024-25,D Pharmacy,CAP Round I,06514,"Abhinav Education Society's College Of Pharmacy, Narhe, Tal. Haveli, Dist. Pune",Pune,Unaided,GNTA,State Level,Any,26289,49.0
2024-25,D Pharmacy,CAP Round I,06514,"Abhinav Education Society's College Of Pharmacy, Narhe, Tal. Haveli, Dist. Pune",Pune,Unaided,GNTB,State Level,Any,29359,45.33
2024-25,D Pharmacy,CAP Round I,06514,"Abhinav Education Society's College Of Pharmacy, Narhe, Tal. Haveli, Dist. Pune",Pune,Unaided,GNTC,State Level,Any,24381,51.67
2024-25,D Pharmacy,CAP Round I,06514,"Abhinav Education Society's College Of Pharmacy, Narhe, Tal. Haveli, Dist. Pune",Pune,Unaided,GOBC,State Level,Any,35540,37.67
2024-25,D Pharmacy,CAP Round I,06514,"Abhinav Education Society's College Of Pharmacy, Narhe, Tal. Haveli, Dist. Pune",Pune,Unaided,LOPEN,State Level,Ladies,12841,67.0
2024-25,D Pharmacy,CAP Round I,06514,"Abhinav Education Society's College Of Pharmacy, Narhe, Tal. Haveli, Dist. Pune",Pune,Unaided,LSC,State Level,Ladies,21988,54.67
2024-25,D Pharmacy,CAP Round I,06514,"Abhinav Education Society's College Of Pharmacy, Narhe, Tal. Haveli, Dist. Pune",Pune,Unaided,LOBC,State Level,Ladies,32424,41.67
2024-25,D Pharmacy,CAP Round I,06514,"Abhinav Education Society's College Of Pharmacy, Narhe, Tal. Haveli, Dist. Pune",Pune,Unaided,LSEBC,State Level,Ladies,31152,43.0
2024-25,D Pharmacy,CAP Round I,06514,"Abhinav Education Society's College Of Pharmacy, Narhe, Tal. Haveli, Dist. Pune",Pune,Unaided,TFWS,Special,Any,28001,47.0
2024-25,D Pharmacy,CAP Round I,06515,"Siddhant College of Pharmacy, A/p Sudumbare, Maval",Pune,Unaided,GOPEN,State Level,Any,23247,53.0
2024-25,D Pharmacy,CAP Round I,06515,"Siddhant College of Pharmacy, A/p Sudumbare, Maval",Pune,Unaided,LOPEN,State Level,Ladies,19720,57.67
2024-25,D Pharmacy,CAP Round I,06515,"Siddhant College of Pharmacy, A/p Sudumbare, Maval",Pune,Unaided,MI,Special,Any,31974,42.0
2024-25,D Pharmacy,CAP Round I,06515,"Siddhant College of Pharmacy, A/p Sudumbare, Maval",Pune,Unaided,TFWS,Special,Any,32573,41.33
2024-25,D Pharmacy,CAP Round I,06516,"Krishna Charitable Trust's Krishna College of Pharmacy, Malkapur, Karad.",Satara,Unaided,GOPEN,State Level,Any,22109,54.67
2024-25,D Pharmacy,CAP Round I,06516,"Krishna Charitable Trust's Krishna College of Pharmacy, Malkapur, Karad.",Satara,Unaided,GSC,State Level,Any,35787,37.33
2024-25,D Pharmacy,CAP Round I,06516,"Krishna Charitable Trust's Krishna College of Pharmacy, Malkapur, Karad.",Satara,Unaided,GNTC,State Level,Any,27793,47.33
2024-25,D Pharmacy,CAP Round I,06516,"Krishna Charitable Trust's Krishna College of Pharmacy, Malkapur, Karad.",Satara,Unaided,GOBC,State Level,Any,36089,36.67
2024-25,D Pharmacy,CAP Round I,06516,"Krishna Charitable Trust's Krishna College of Pharmacy, Malkapur, Karad.",Satara,Unaided,GSEBC,State Level,Any,34484,39.0
2024-25,D Pharmacy,CAP Round I,06516,"Krishna Charitable Trust's Krishna College of Pharmacy, Malkapur, Karad.",Satara,Unaided,LOPEN,State Level,Ladies,17492,60.67
2024-25,D Pharmacy,CAP Round I,06516,"Krishna Charitable Trust's Krishna College of Pharmacy, Malkapur, Karad.",Satara,Unaided,LSC,State Level,Ladies,29170,45.33
2024-25,D Pharmacy,CAP Round I,06516,"Krishna Charitable Trust's Krishna College of Pharmacy, Malkapur, Karad.",Satara,Unaided,LNTA,State Level,Ladies,19940,57.33
2024-25,D Pharmacy,CAP Round I,06516,"Krishna Charitable Trust's Krishna College of Pharmacy, Malkapur, Karad.",Satara,Unaided,LNTB,State Level,Ladies,23855,52.33
2024-25,D Pharmacy,CAP Round I,06516,"Krishna Charitable Trust's Krishna College of Pharmacy, Malkapur, Karad.",Satara,Unaided,LOBC,State Level,Ladies,20871,56.33
2024-25,D Pharmacy,CAP Round I,06516,"Krishna Charitable Trust's Krishna College of Pharmacy, Malkapur, Karad.",Satara,Unaided,LSEBC,State Level,Ladies,28509,46.33
2024-25,D Pharmacy,CAP Round I,06516,"Krishna Charitable Trust's Krishna College of Pharmacy, Malkapur, Karad.",Satara,Unaided,DEFOPEN,State Level,Any,28947,45.67
2024-25,D Pharmacy,CAP Round I,06516,"Krishna Charitable Trust's Krishna College of Pharmacy, Malkapur, Karad.",Satara,Unaided,EWS,Special,Any,27439,47.67
2024-25,D Pharmacy,CAP Round I,06516,"Krishna Charitable Trust's Krishna College of Pharmacy, Malkapur, Karad.",Satara,Unaided,TFWS,Special,Any,24695,51.33
2024-25,D Pharmacy,CAP Round I,06519,"Loknete Maa. Hanumantrao Patil Charitable Trust's Adarsh Institute Of Pharmacy, Vita",Kolhapur,Unaided,GOPEN,State Level,Any,32200,41.67
2024-25,D Pharmacy,CAP Round I,06519,"Loknete Maa. Hanumantrao Patil Charitable Trust's Adarsh Institute Of Pharmacy, Vita",Kolhapur,Unaided,GSC,State Level,Any,34155,39.33
2024-25,D Pharmacy,CAP Round I,06519,"Loknete Maa. Hanumantrao Patil Charitable Trust's Adarsh Institute Of Pharmacy, Vita",Kolhapur,Unaided,GNTC,State Level,Any,33059,40.67
2024-25,D Pharmacy,CAP Round I,06519,"Loknete Maa. Hanumantrao Patil Charitable Trust's Adarsh Institute Of Pharmacy, Vita",Kolhapur,Unaided,GOBC,State Level,Any,35201,38.0
2024-25,D Pharmacy,CAP Round I,06519,"Loknete Maa. Hanumantrao Patil Charitable Trust's Adarsh Institute Of Pharmacy, Vita",Kolhapur,Unaided,GSEBC,State Level,Any,36231,36.33
2024-25,D Pharmacy,CAP Round I,06519,"Loknete Maa. Hanumantrao Patil Charitable Trust's Adarsh Institute Of Pharmacy, Vita",Kolhapur,Unaided,LOPEN,State Level,Ladies,22545,54.0
2024-25,D Pharmacy,CAP Round I,06519,"Loknete Maa. Hanumantrao Patil Charitable Trust's Adarsh Institute Of Pharmacy, Vita",Kolhapur,Unaided,LSC,State Level,Ladies,32640,41.33
2024-25,D Pharmacy,CAP Round I,06519,"Loknete Maa. Hanumantrao Patil Charitable Trust's Adarsh Institute Of Pharmacy, Vita",Kolhapur,Unaided,LNTB,State Level,Ladies,35283,38.0
2024-25,D Pharmacy,CAP Round I,06519,"Loknete Maa. Hanumantrao Patil Charitable Trust's Adarsh Institute Of Pharmacy, Vita",Kolhapur,Unaided,LNTC,State Level,Ladies,30855,43.33
2024-25,D Pharmacy,CAP Round I,06519,"Loknete Maa. Hanumantrao Patil Charitable Trust's Adarsh Institute Of Pharmacy, Vita",Kolhapur,Unaided,LSEBC,State Level,Ladies,34476,39.0
2024-25,D Pharmacy,CAP Round I,06519,"Loknete Maa. Hanumantrao Patil Charitable Trust's Adarsh Institute Of Pharmacy, Vita",Kolhapur,Unaided,TFWS,Special,Any,29721,44.67
2024-25,D Pharmacy,CAP Round I,06520,"Sant Gajanan Maharaj Rural Hospital And Research Centre's Sant Gajanan Maharaj Rural Pharmacy College, Mahagaon, Kolhapur",Kolhapur,Unaided,GOPEN,State Level,Any,22228,54.33
2024-25,D Pharmacy,CAP Round I,06520,"Sant Gajanan Maharaj Rural Hospital And Research Centre's Sant Gajanan Maharaj Rural Pharmacy College, Mahagaon, Kolhapur",Kolhapur,Unaided,GNTA,State Level,Any,25913,49.67
2024-25,D Pharmacy,CAP Round I,06520,"Sant Gajanan Maharaj Rural Hospital And Research Centre's Sant Gajanan Maharaj Rural Pharmacy College, Mahagaon, Kolhapur",Kolhapur,Unaided,GNTB,State Level,Any,22229,54.33
2024-25,D Pharmacy,CAP Round I,06520,"Sant Gajanan Maharaj Rural Hospital And Research Centre's Sant Gajanan Maharaj Rural Pharmacy College, Mahagaon, Kolhapur",Kolhapur,Unaided,GOBC,State Level,Any,34790,38.67
2024-25,D Pharmacy,CAP Round I,06520,"Sant Gajanan Maharaj Rural Hospital And Research Centre's Sant Gajanan Maharaj Rural Pharmacy College, Mahagaon, Kolhapur",Kolhapur,Unaided,GSEBC,State Level,Any,25220,50.67
2024-25,D Pharmacy,CAP Round I,06520,"Sant Gajanan Maharaj Rural Hospital And Research Centre's Sant Gajanan Maharaj Rural Pharmacy College, Mahagaon, Kolhapur",Kolhapur,Unaided,LOPEN,State Level,Ladies,14947,64.0
2024-25,D Pharmacy,CAP Round I,06520,"Sant Gajanan Maharaj Rural Hospital And Research Centre's Sant Gajanan Maharaj Rural Pharmacy College, Mahagaon, Kolhapur",Kolhapur,Unaided,LSC,State Level,Ladies,36703,35.0
2024-25,D Pharmacy,CAP Round I,06520,"Sant Gajanan Maharaj Rural Hospital And Research Centre's Sant Gajanan Maharaj Rural Pharmacy College, Mahagaon, Kolhapur",Kolhapur,Unaided,LNTA,State Level,Ladies,24419,51.67
2024-25,D Pharmacy,CAP Round I,06520,"Sant Gajanan Maharaj Rural Hospital And Research Centre's Sant Gajanan Maharaj Rural Pharmacy College, Mahagaon, Kolhapur",Kolhapur,Unaided,LOBC,State Level,Ladies,22227,54.33
2024-25,D Pharmacy,CAP Round I,06520,"Sant Gajanan Maharaj Rural Hospital And Research Centre's Sant Gajanan Maharaj Rural Pharmacy College, Mahagaon, Kolhapur",Kolhapur,Unaided,LSEBC,State Level,Ladies,18203,59.67
2024-25,D Pharmacy,CAP Round I,06520,"Sant Gajanan Maharaj Rural Hospital And Research Centre's Sant Gajanan Maharaj Rural Pharmacy College, Mahagaon, Kolhapur",Kolhapur,Unaided,DEFOPEN,State Level,Any,21652,55.33
2024-25,D Pharmacy,CAP Round I,06520,"Sant Gajanan Maharaj Rural Hospital And Research Centre's Sant Gajanan Maharaj Rural Pharmacy College, Mahagaon, Kolhapur",Kolhapur,Unaided,EWS,Special,Any,26868,48.33
2024-25,D Pharmacy,CAP Round I,06520,"Sant Gajanan Maharaj Rural Hospital And Research Centre's Sant Gajanan Maharaj Rural Pharmacy College, Mahagaon, Kolhapur",Kolhapur,Unaided,TFWS,Special,Any,19307,58.33
2024-25,D Pharmacy,CAP Round I,06522,"Shriram Education Society's Sau. Venutai Chauhan Pharmacy College, Phaltan",Satara,Unaided,GOPEN,State Level,Any,29753,44.67
2024-25,D Pharmacy,CAP Round I,06522,"Shriram Education Society's Sau. Venutai Chauhan Pharmacy College, Phaltan",Satara,Unaided,GSC,State Level,Any,35431,37.67
2024-25,D Pharmacy,CAP Round I,06522,"Shriram Education Society's Sau. Venutai Chauhan Pharmacy College, Phaltan",Satara,Unaided,GNTA,State Level,Any,32648,41.33
2024-25,D Pharmacy,CAP Round I,06522,"Shriram Education Society's Sau. Venutai Chauhan Pharmacy College, Phaltan",Satara,Unaided,GNTC,State Level,Any,34724,38.67
2024-25,D Pharmacy,CAP Round I,06522,"Shriram Education Society's Sau. Venutai Chauhan Pharmacy College, Phaltan",Satara,Unaided,GOBC,State Level,Any,35499,37.67
2024-25,D Pharmacy,CAP Round I,06522,"Shriram Education Society's Sau. Venutai Chauhan Pharmacy College, Phaltan",Satara,Unaided,LOPEN,State Level,Ladies,20420,56.67
2024-25,D Pharmacy,CAP Round I,06522,"Shriram Education Society's Sau. Venutai Chauhan Pharmacy College, Phaltan",Satara,Unaided,LSC,State Level,Ladies,26837,48.33
2024-25,D Pharmacy,CAP Round I,06522,"Shriram Education Society's Sau. Venutai Chauhan Pharmacy College, Phaltan",Satara,Unaided,LOBC,State Level,Ladies,28432,46.33
2024-25,D Pharmacy,CAP Round I,06522,"Shriram Education Society's Sau. Venutai Chauhan Pharmacy College, Phaltan",Satara,Unaided,LSEBC,State Level,Ladies,32986,40.67
2024-25,D Pharmacy,CAP Round I,06522,"Shriram Education Society's Sau. Venutai Chauhan Pharmacy College, Phaltan",Satara,Unaided,PWDOPEN,State Level,Any,13633,66.0
2024-25,D Pharmacy,CAP Round I,06522,"Shriram Education Society's Sau. Venutai Chauhan Pharmacy College, Phaltan",Satara,Unaided,EWS,Special,Any,5249,77.67
2024-25,D Pharmacy,CAP Round I,06522,"Shriram Education Society's Sau. Venutai Chauhan Pharmacy College, Phaltan",Satara,Unaided,TFWS,Special,Any,10567,70.0
2024-25,D Pharmacy,CAP Round I,06523,"Maharashtra Cosmopolitan Education Society, Institute Of Pharmacy(Diploma), Azam Campaus , Pune",Pune,Unaided,GOPEN,State Level,Any,36513,35.67
2024-25,D Pharmacy,CAP Round I,06523,"Maharashtra Cosmopolitan Education Society, Institute Of Pharmacy(Diploma), Azam Campaus , Pune",Pune,Unaided,LOPEN,State Level,Ladies,32759,41.0
2024-25,D Pharmacy,CAP Round I,06523,"Maharashtra Cosmopolitan Education Society, Institute Of Pharmacy(Diploma), Azam Campaus , Pune",Pune,Unaided,MI,Special,Any,31726,42.33
2024-25,D Pharmacy,CAP Round I,06523,"Maharashtra Cosmopolitan Education Society, Institute Of Pharmacy(Diploma), Azam Campaus , Pune",Pune,Unaided,TFWS,Special,Any,15290,63.67
2024-25,D Pharmacy,CAP Round I,06524,"Rameshwari Mauli Prathishtan of Bhalchnadra Institute of Pharmacy, Pune",Pune,Unaided,GOPEN,State Level,Any,34837,38.67
2024-25,D Pharmacy,CAP Round I,06524,"Rameshwari Mauli Prathishtan of Bhalchnadra Institute of Pharmacy, Pune",Pune,Unaided,LOPEN,State Level,Ladies,33294,40.33
2024-25,D Pharmacy,CAP Round I,06524,"Rameshwari Mauli Prathishtan of Bhalchnadra Institute of Pharmacy, Pune",Pune,Unaided,TFWS,Special,Any,4469,79.0
2024-25,D Pharmacy,CAP Round I,06616,"Sant Gajanan Maharaj College of Pharmacy, Gadhinglaj",Kolhapur,Unaided,GOPEN,State Level,Any,22507,54.0
2024-25,D Pharmacy,CAP Round I,06616,"Sant Gajanan Maharaj College of Pharmacy, Gadhinglaj",Kolhapur,Unaided,GSC,State Level,Any,28239,46.67
2024-25,D Pharmacy,CAP Round I,06616,"Sant Gajanan Maharaj College of Pharmacy, Gadhinglaj",Kolhapur,Unaided,GNTB,State Level,Any,22518,54.0
2024-25,D Pharmacy,CAP Round I,06616,"Sant Gajanan Maharaj College of Pharmacy, Gadhinglaj",Kolhapur,Unaided,GOBC,State Level,Any,28445,46.33
2024-25,D Pharmacy,CAP Round I,06616,"Sant Gajanan Maharaj College of Pharmacy, Gadhinglaj",Kolhapur,Unaided,GSEBC,State Level,Any,30969,43.33
2024-25,D Pharmacy,CAP Round I,06616,"Sant Gajanan Maharaj College of Pharmacy, Gadhinglaj",Kolhapur,Unaided,LOPEN,State Level,Ladies,14629,64.67
2024-25,D Pharmacy,CAP Round I,06616,"Sant Gajanan Maharaj College of Pharmacy, Gadhinglaj",Kolhapur,Unaided,LSC,State Level,Ladies,32892,41.0
2024-25,D Pharmacy,CAP Round I,06616,"Sant Gajanan Maharaj College of Pharmacy, Gadhinglaj",Kolhapur,Unaided,LNTB,State Level,Ladies,19053,58.67
2024-25,D Pharmacy,CAP Round I,06616,"Sant Gajanan Maharaj College of Pharmacy, Gadhinglaj",Kolhapur,Unaided,LOBC,State Level,Ladies,17689,60.33
2024-25,D Pharmacy,CAP Round I,06616,"Sant Gajanan Maharaj College of Pharmacy, Gadhinglaj",Kolhapur,Unaided,LSEBC,State Level,Ladies,30621,43.67
2024-25,D Pharmacy,CAP Round I,06616,"Sant Gajanan Maharaj College of Pharmacy, Gadhinglaj",Kolhapur,Unaided,PWDOPEN,State Level,Any,30753,43.67
2024-25,D Pharmacy,CAP Round I,06616,"Sant Gajanan Maharaj College of Pharmacy, Gadhinglaj",Kolhapur,Unaided,DEFOPEN,State Level,Any,24538,51.33
2024-25,D Pharmacy,CAP Round I,06616,"Sant Gajanan Maharaj College of Pharmacy, Gadhinglaj",Kolhapur,Unaided,DEFRSEBC,State Level,Any,32571,41.33
2024-25,D Pharmacy,CAP Round I,06616,"Sant Gajanan Maharaj College of Pharmacy, Gadhinglaj",Kolhapur,Unaided,EWS,Special,Any,33454,40.33
2024-25,D Pharmacy,CAP Round I,06616,"Sant Gajanan Maharaj College of Pharmacy, Gadhinglaj",Kolhapur,Unaided,TFWS,Special,Any,9669,71.33
2024-25,D Pharmacy,CAP Round I,06736,Shivnagar Vidya Prasarak Manda'ls Institute Of Pharmacy Malegaon,Nashik,Unaided,GOPEN,State Level,Any,7341,74.67
2024-25,D Pharmacy,CAP Round I,06736,Shivnagar Vidya Prasarak Manda'ls Institute Of Pharmacy Malegaon,Nashik,Unaided,GSC,State Level,Any,17364,61.0
2024-25,D Pharmacy,CAP Round I,06736,Shivnagar Vidya Prasarak Manda'ls Institute Of Pharmacy Malegaon,Nashik,Unaided,GNTA,State Level,Any,27680,47.33
2024-25,D Pharmacy,CAP Round I,06736,Shivnagar Vidya Prasarak Manda'ls Institute Of Pharmacy Malegaon,Nashik,Unaided,GNTB,State Level,Any,13037,66.67
2024-25,D Pharmacy,CAP Round I,06736,Shivnagar Vidya Prasarak Manda'ls Institute Of Pharmacy Malegaon,Nashik,Unaided,GNTC,State Level,Any,8104,73.33
2024-25,D Pharmacy,CAP Round I,06736,Shivnagar Vidya Prasarak Manda'ls Institute Of Pharmacy Malegaon,Nashik,Unaided,GOBC,State Level,Any,24384,51.67
2024-25,D Pharmacy,CAP Round I,06736,Shivnagar Vidya Prasarak Manda'ls Institute Of Pharmacy Malegaon,Nashik,Unaided,GSEBC,State Level,Any,13404,66.33
2024-25,D Pharmacy,CAP Round I,06736,Shivnagar Vidya Prasarak Manda'ls Institute Of Pharmacy Malegaon,Nashik,Unaided,LOPEN,State Level,Ladies,2482,82.67
2024-25,D Pharmacy,CAP Round I,06736,Shivnagar Vidya Prasarak Manda'ls Institute Of Pharmacy Malegaon,Nashik,Unaided,LSC,State Level,Ladies,11277,69.0
2024-25,D Pharmacy,CAP Round I,06736,Shivnagar Vidya Prasarak Manda'ls Institute Of Pharmacy Malegaon,Nashik,Unaided,LST,State Level,Ladies,9444,71.67
2024-25,D Pharmacy,CAP Round I,06736,Shivnagar Vidya Prasarak Manda'ls Institute Of Pharmacy Malegaon,Nashik,Unaided,LNTC,State Level,Ladies,2793,82.0
2024-25,D Pharmacy,CAP Round I,06736,Shivnagar Vidya Prasarak Manda'ls Institute Of Pharmacy Malegaon,Nashik,Unaided,LNTD,State Level,Ladies,31467,42.67
2024-25,D Pharmacy,CAP Round I,06736,Shivnagar Vidya Prasarak Manda'ls Institute Of Pharmacy Malegaon,Nashik,Unaided,LOBC,State Level,Ladies,15201,63.67
2024-25,D Pharmacy,CAP Round I,06736,Shivnagar Vidya Prasarak Manda'ls Institute Of Pharmacy Malegaon,Nashik,Unaided,LSEBC,State Level,Ladies,10552,70.0
2024-25,D Pharmacy,CAP Round I,06736,Shivnagar Vidya Prasarak Manda'ls Institute Of Pharmacy Malegaon,Nashik,Unaided,PWDOPEN,State Level,Any,15448,63.33
2024-25,D Pharmacy,CAP Round I,06736,Shivnagar Vidya Prasarak Manda'ls Institute Of Pharmacy Malegaon,Nashik,Unaided,EWS,Special,Any,22222,54.33
2024-25,D Pharmacy,CAP Round I,06736,Shivnagar Vidya Prasarak Manda'ls Institute Of Pharmacy Malegaon,Nashik,Unaided,TFWS,Special,Any,4886,78.33
2024-25,D Pharmacy,CAP Round I,06757,"Yashoda Technical Campus, Wadhe, Satara.",Satara,Unaided,GOPEN,State Level,Any,28605,46.33
2024-25,D Pharmacy,CAP Round I,06757,"Yashoda Technical Campus, Wadhe, Satara.",Satara,Unaided,GSC,State Level,Any,32282,41.67
2024-25,D Pharmacy,CAP Round I,06757,"Yashoda Technical Campus, Wadhe, Satara.",Satara,Unaided,GNTB,State Level,Any,32795,41.0
2024-25,D Pharmacy,CAP Round I,06757,"Yashoda Technical Campus, Wadhe, Satara.",Satara,Unaided,GNTC,State Level,Any,30295,44.0
2024-25,D Pharmacy,CAP Round I,06757,"Yashoda Technical Campus, Wadhe, Satara.",Satara,Unaided,GOBC,State Level,Any,35778,37.33
2024-25,D Pharmacy,CAP Round I,06757,"Yashoda Technical Campus, Wadhe, Satara.",Satara,Unaided,GSEBC,State Level,Any,34695,38.67
2024-25,D Pharmacy,CAP Round I,06757,"Yashoda Technical Campus, Wadhe, Satara.",Satara,Unaided,LOPEN,State Level,Ladies,22885,53.67
2024-25,D Pharmacy,CAP Round I,06757,"Yashoda Technical Campus, Wadhe, Satara.",Satara,Unaided,LSC,State Level,Ladies,30212,44.33
2024-25,D Pharmacy,CAP Round I,06757,"Yashoda Technical Campus, Wadhe, Satara.",Satara,Unaided,LOBC,State Level,Ladies,29227,45.33
2024-25,D Pharmacy,CAP Round I,06757,"Yashoda Technical Campus, Wadhe, Satara.",Satara,Unaided,LSEBC,State Level,Ladies,27777,47.33
2024-25,D Pharmacy,CAP Round I,06757,"Yashoda Technical Campus, Wadhe, Satara.",Satara,Unaided,PWDOPEN,State Level,Any,34737,38.67
2024-25,D Pharmacy,CAP Round I,06757,"Yashoda Technical Campus, Wadhe, Satara.",Satara,Unaided,DEFOPEN,State Level,Any,29745,44.67
2024-25,D Pharmacy,CAP Round I,06757,"Yashoda Technical Campus, Wadhe, Satara.",Satara,Unaided,EWS,Special,Any,35259,38.0
2024-25,D Pharmacy,CAP Round I,06757,"Yashoda Technical Campus, Wadhe, Satara.",Satara,Unaided,TFWS,Special,Any,22551,54.0
2024-25,D Pharmacy,CAP Round I,06820,"Adarsh College of Pharmacy, Vita Dist. Sangli",Sangli,Unaided,GOPEN,State Level,Any,28073,47.0
2024-25,D Pharmacy,CAP Round I,06820,"Adarsh College of Pharmacy, Vita Dist. Sangli",Sangli,Unaided,GSC,State Level,Any,31577,42.67
2024-25,D Pharmacy,CAP Round I,06820,"Adarsh College of Pharmacy, Vita Dist. Sangli",Sangli,Unaided,GNTA,State Level,Any,35620,37.33
2024-25,D Pharmacy,CAP Round I,06820,"Adarsh College of Pharmacy, Vita Dist. Sangli",Sangli,Unaided,GNTB,State Level,Any,28674,46.0
2024-25,D Pharmacy,CAP Round I,06820,"Adarsh College of Pharmacy, Vita Dist. Sangli",Sangli,Unaided,GNTC,State Level,Any,30332,44.0
2024-25,D Pharmacy,CAP Round I,06820,"Adarsh College of Pharmacy, Vita Dist. Sangli",Sangli,Unaided,GOBC,State Level,Any,35685,37.33
2024-25,D Pharmacy,CAP Round I,06820,"Adarsh College of Pharmacy, Vita Dist. Sangli",Sangli,Unaided,GSEBC,State Level,Any,34121,39.33
2024-25,D Pharmacy,CAP Round I,06820,"Adarsh College of Pharmacy, Vita Dist. Sangli",Sangli,Unaided,LOPEN,State Level,Ladies,20859,56.33
2024-25,D Pharmacy,CAP Round I,06820,"Adarsh College of Pharmacy, Vita Dist. Sangli",Sangli,Unaided,LSC,State Level,Ladies,29172,45.33
2024-25,D Pharmacy,CAP Round I,06820,"Adarsh College of Pharmacy, Vita Dist. Sangli",Sangli,Unaided,LNTC,State Level,Ladies,23952,52.33
2024-25,D Pharmacy,CAP Round I,06820,"Adarsh College of Pharmacy, Vita Dist. Sangli",Sangli,Unaided,LOBC,State Level,Ladies,34956,38.33
2024-25,D Pharmacy,CAP Round I,06820,"Adarsh College of Pharmacy, Vita Dist. Sangli",Sangli,Unaided,LSEBC,State Level,Ladies,25329,50.33
2024-25,D Pharmacy,CAP Round I,06820,"Adarsh College of Pharmacy, Vita Dist. Sangli",Sangli,Unaided,DEFOPEN,State Level,Any,31978,42.0
2024-25,D Pharmacy,CAP Round I,06820,"Adarsh College of Pharmacy, Vita Dist. Sangli",Sangli,Unaided,EWS,Special,Any,30636,43.67
2024-25,D Pharmacy,CAP Round I,06820,"Adarsh College of Pharmacy, Vita Dist. Sangli",Sangli,Unaided,TFWS,Special,Any,33383,40.33
2024-25,D Pharmacy,CAP Round I,06827,"Mahadevrao Wandre Institute of Technology, Turkewadi",Kolhapur,Unaided,GOPEN,State Level,Any,33939,39.67
2024-25,D Pharmacy,CAP Round I,06827,"Mahadevrao Wandre Institute of Technology, Turkewadi",Kolhapur,Unaided,LOPEN,State Level,Ladies,23135,53.33
2024-25,D Pharmacy,CAP Round I,06827,"Mahadevrao Wandre Institute of Technology, Turkewadi",Kolhapur,Unaided,LOBC,State Level,Ladies,29477,45.0
2024-25,D Pharmacy,CAP Round I,06827,"Mahadevrao Wandre Institute of Technology, Turkewadi",Kolhapur,Unaided,EWS,Special,Any,35821,37.0
2024-25,D Pharmacy,CAP Round I,06829,"Womens College of Pharmacy,Peth Vadgaon, Tq - Hatkanangale",Kolhapur,Unaided,LOPEN,State Level,Ladies,29763,44.67
2024-25,D Pharmacy,CAP Round I,06829,"Womens College of Pharmacy,Peth Vadgaon, Tq - Hatkanangale",Kolhapur,Unaided,LSC,State Level,Ladies,30098,44.33
2024-25,D Pharmacy,CAP Round I,06829,"Womens College of Pharmacy,Peth Vadgaon, Tq - Hatkanangale",Kolhapur,Unaided,LNTB,State Level,Ladies,35039,38.33
2024-25,D Pharmacy,CAP Round I,06829,"Womens College of Pharmacy,Peth Vadgaon, Tq - Hatkanangale",Kolhapur,Unaided,LNTC,State Level,Ladies,33859,39.67
2024-25,D Pharmacy,CAP Round I,06829,"Womens College of Pharmacy,Peth Vadgaon, Tq - Hatkanangale",Kolhapur,Unaided,LOBC,State Level,Ladies,34093,39.33
2024-25,D Pharmacy,CAP Round I,06829,"Womens College of Pharmacy,Peth Vadgaon, Tq - Hatkanangale",Kolhapur,Unaided,LSEBC,State Level,Ladies,34894,38.33
2024-25,D Pharmacy,CAP Round I,06829,"Womens College of Pharmacy,Peth Vadgaon, Tq - Hatkanangale",Kolhapur,Unaided,EWS,Special,Any,24113,52.0
2024-25,D Pharmacy,CAP Round I,06829,"Womens College of Pharmacy,Peth Vadgaon, Tq - Hatkanangale",Kolhapur,Unaided,TFWS,Special,Any,29739,44.67
2024-25,D Pharmacy,CAP Round I,06835,"Gandhi Natha Rangji College of Diploma Pharmacy, Solapur",Solapur,Unaided,GOPEN,State Level,Any,12704,67.33
2024-25,D Pharmacy,CAP Round I,06835,"Gandhi Natha Rangji College of Diploma Pharmacy, Solapur",Solapur,Unaided,GSC,State Level,Any,33637,40.0
2024-25,D Pharmacy,CAP Round I,06835,"Gandhi Natha Rangji College of Diploma Pharmacy, Solapur",Solapur,Unaided,GNTA,State Level,Any,25454,50.33
2024-25,D Pharmacy,CAP Round I,06835,"Gandhi Natha Rangji College of Diploma Pharmacy, Solapur",Solapur,Unaided,GNTB,State Level,Any,19565,58.0
2024-25,D Pharmacy,CAP Round I,06835,"Gandhi Natha Rangji College of Diploma Pharmacy, Solapur",Solapur,Unaided,GNTC,State Level,Any,18806,59.0
2024-25,D Pharmacy,CAP Round I,06835,"Gandhi Natha Rangji College of Diploma Pharmacy, Solapur",Solapur,Unaided,GOBC,State Level,Any,20932,56.0
2024-25,D Pharmacy,CAP Round I,06835,"Gandhi Natha Rangji College of Diploma Pharmacy, Solapur",Solapur,Unaided,LOPEN,State Level,Ladies,7803,74.0
2024-25,D Pharmacy,CAP Round I,06835,"Gandhi Natha Rangji College of Diploma Pharmacy, Solapur",Solapur,Unaided,LSC,State Level,Ladies,26344,49.0
2024-25,D Pharmacy,CAP Round I,06835,"Gandhi Natha Rangji College of Diploma Pharmacy, Solapur",Solapur,Unaided,LNTC,State Level,Ladies,13793,65.67
2024-25,D Pharmacy,CAP Round I,06835,"Gandhi Natha Rangji College of Diploma Pharmacy, Solapur",Solapur,Unaided,LOBC,State Level,Ladies,9626,71.33
2024-25,D Pharmacy,CAP Round I,06835,"Gandhi Natha Rangji College of Diploma Pharmacy, Solapur",Solapur,Unaided,LSEBC,State Level,Ladies,21512,55.33
2024-25,D Pharmacy,CAP Round I,06835,"Gandhi Natha Rangji College of Diploma Pharmacy, Solapur",Solapur,Unaided,PWDOPEN,State Level,Any,20968,56.0
2024-25,D Pharmacy,CAP Round I,06835,"Gandhi Natha Rangji College of Diploma Pharmacy, Solapur",Solapur,Unaided,EWS,Special,Any,20684,56.33
2024-25,D Pharmacy,CAP Round I,06835,"Gandhi Natha Rangji College of Diploma Pharmacy, Solapur",Solapur,Unaided,TFWS,Special,Any,14966,64.0
2024-25,D Pharmacy,CAP Round I,06879,"Loknete Shri. Dadapatil Pharate College of Pharmacy, At Post Manadavgan Pharata, Tal.Shirur, Dist. Pune",Pune,Unaided,GOPEN,State Level,Any,32465,41.67
2024-25,D Pharmacy,CAP Round I,06879,"Loknete Shri. Dadapatil Pharate College of Pharmacy, At Post Manadavgan Pharata, Tal.Shirur, Dist. Pune",Pune,Unaided,GOBC,State Level,Any,35975,37.0
2024-25,D Pharmacy,CAP Round I,06879,"Loknete Shri. Dadapatil Pharate College of Pharmacy, At Post Manadavgan Pharata, Tal.Shirur, Dist. Pune",Pune,Unaided,LOPEN,State Level,Ladies,15037,64.0
2024-25,D Pharmacy,CAP Round I,06879,"Loknete Shri. Dadapatil Pharate College of Pharmacy, At Post Manadavgan Pharata, Tal.Shirur, Dist. Pune",Pune,Unaided,LSC,State Level,Ladies,26172,49.33
2024-25,D Pharmacy,CAP Round I,06879,"Loknete Shri. Dadapatil Pharate College of Pharmacy, At Post Manadavgan Pharata, Tal.Shirur, Dist. Pune",Pune,Unaided,LST,State Level,Ladies,27830,47.33
2024-25,D Pharmacy,CAP Round I,06879,"Loknete Shri. Dadapatil Pharate College of Pharmacy, At Post Manadavgan Pharata, Tal.Shirur, Dist. Pune",Pune,Unaided,LOBC,State Level,Ladies,36737,35.0
2024-25,D Pharmacy,CAP Round I,06879,"Loknete Shri. Dadapatil Pharate College of Pharmacy, At Post Manadavgan Pharata, Tal.Shirur, Dist. Pune",Pune,Unaided,EWS,Special,Any,33476,40.33
2024-25,D Pharmacy,CAP Round I,06886,"Nootan College of Pharmacy, Kavathe-mahankal, Sangli",Sangli,Unaided,GOPEN,State Level,Any,18050,60.0
2024-25,D Pharmacy,CAP Round I,06886,"Nootan College of Pharmacy, Kavathe-mahankal, Sangli",Sangli,Unaided,GSC,State Level,Any,33861,39.67
2024-25,D Pharmacy,CAP Round I,06886,"Nootan College of Pharmacy, Kavathe-mahankal, Sangli",Sangli,Unaided,GNTA,State Level,Any,28052,47.0
2024-25,D Pharmacy,CAP Round I,06886,"Nootan College of Pharmacy, Kavathe-mahankal, Sangli",Sangli,Unaided,GNTC,State Level,Any,20122,57.33
2024-25,D Pharmacy,CAP Round I,06886,"Nootan College of Pharmacy, Kavathe-mahankal, Sangli",Sangli,Unaided,GOBC,State Level,Any,35004,38.33
2024-25,D Pharmacy,CAP Round I,06886,"Nootan College of Pharmacy, Kavathe-mahankal, Sangli",Sangli,Unaided,GSEBC,State Level,Any,34769,38.67
2024-25,D Pharmacy,CAP Round I,06886,"Nootan College of Pharmacy, Kavathe-mahankal, Sangli",Sangli,Unaided,LOPEN,State Level,Ladies,13800,65.67
2024-25,D Pharmacy,CAP Round I,06886,"Nootan College of Pharmacy, Kavathe-mahankal, Sangli",Sangli,Unaided,LSC,State Level,Ladies,30924,43.33
2024-25,D Pharmacy,CAP Round I,06886,"Nootan College of Pharmacy, Kavathe-mahankal, Sangli",Sangli,Unaided,LOBC,State Level,Ladies,28131,47.0
2024-25,D Pharmacy,CAP Round I,06886,"Nootan College of Pharmacy, Kavathe-mahankal, Sangli",Sangli,Unaided,LSEBC,State Level,Ladies,21762,55.0
2024-25,D Pharmacy,CAP Round I,06886,"Nootan College of Pharmacy, Kavathe-mahankal, Sangli",Sangli,Unaided,DEFOPEN,State Level,Any,26646,48.67
2024-25,D Pharmacy,CAP Round I,06886,"Nootan College of Pharmacy, Kavathe-mahankal, Sangli",Sangli,Unaided,EWS,Special,Any,31869,42.33
2024-25,D Pharmacy,CAP Round I,06886,"Nootan College of Pharmacy, Kavathe-mahankal, Sangli",Sangli,Unaided,TFWS,Special,Any,15469,63.33
2024-25,D Pharmacy,CAP Round I,06886,"Nootan College of Pharmacy, Kavathe-mahankal, Sangli",Sangli,Unaided,LNTA,State Level,Ladies,35444,37.67
2024-25,D Pharmacy,CAP Round I,06887,"Mahalaxmi Institute of Pharmacy, Raigaon, Dist.Satara",Satara,Unaided,GOPEN,State Level,Any,36633,35.33
2024-25,D Pharmacy,CAP Round I,06887,"Mahalaxmi Institute of Pharmacy, Raigaon, Dist.Satara",Satara,Unaided,LOPEN,State Level,Ladies,32755,41.0
2024-25,D Pharmacy,CAP Round I,06887,"Mahalaxmi Institute of Pharmacy, Raigaon, Dist.Satara",Satara,Unaided,LOBC,State Level,Ladies,34191,39.33
2024-25,D Pharmacy,CAP Round I,06889,"Annasaheb Dange College of D. Pharmacy, Ashta, Sangli",Sangli,Unaided,GOPEN,State Level,Any,26485,49.0
2024-25,D Pharmacy,CAP Round I,06889,"Annasaheb Dange College of D. Pharmacy, Ashta, Sangli",Sangli,Unaided,GSC,State Level,Any,33829,39.67
2024-25,D Pharmacy,CAP Round I,06889,"Annasaheb Dange College of D. Pharmacy, Ashta, Sangli",Sangli,Unaided,GNTA,State Level,Any,35794,37.33
2024-25,D Pharmacy,CAP Round I,06889,"Annasaheb Dange College of D. Pharmacy, Ashta, Sangli",Sangli,Unaided,GNTB,State Level,Any,36352,36.0
2024-25,D Pharmacy,CAP Round I,06889,"Annasaheb Dange College of D. Pharmacy, Ashta, Sangli",Sangli,Unaided,GNTC,State Level,Any,29408,45.33
2024-25,D Pharmacy,CAP Round I,06889,"Annasaheb Dange College of D. Pharmacy, Ashta, Sangli",Sangli,Unaided,GOBC,State Level,Any,30095,44.33
2024-25,D Pharmacy,CAP Round I,06889,"Annasaheb Dange College of D. Pharmacy, Ashta, Sangli",Sangli,Unaided,GSEBC,State Level,Any,35173,38.0
2024-25,D Pharmacy,CAP Round I,06889,"Annasaheb Dange College of D. Pharmacy, Ashta, Sangli",Sangli,Unaided,LOPEN,State Level,Ladies,21176,55.67
2024-25,D Pharmacy,CAP Round I,06889,"Annasaheb Dange College of D. Pharmacy, Ashta, Sangli",Sangli,Unaided,LSC,State Level,Ladies,33386,40.33
2024-25,D Pharmacy,CAP Round I,06889,"Annasaheb Dange College of D. Pharmacy, Ashta, Sangli",Sangli,Unaided,LNTC,State Level,Ladies,21730,55.0
2024-25,D Pharmacy,CAP Round I,06889,"Annasaheb Dange College of D. Pharmacy, Ashta, Sangli",Sangli,Unaided,LOBC,State Level,Ladies,35218,38.0
2024-25,D Pharmacy,CAP Round I,06889,"Annasaheb Dange College of D. Pharmacy, Ashta, Sangli",Sangli,Unaided,LSEBC,State Level,Ladies,23588,52.67
2024-25,D Pharmacy,CAP Round I,06889,"Annasaheb Dange College of D. Pharmacy, Ashta, Sangli",Sangli,Unaided,EWS,Special,Any,34828,38.67
2024-25,D Pharmacy,CAP Round I,06889,"Annasaheb Dange College of D. Pharmacy, Ashta, Sangli",Sangli,Unaided,TFWS,Special,Any,12231,67.67
2024-25,D Pharmacy,CAP Round I,06890,"Teerthankar Education Society's Dr. Shivajirao Kadam College of B.Pharmacy, Kasbe Digraj Sangli",Kolhapur,Unaided,GOPEN,State Level,Any,31110,43.0
2024-25,D Pharmacy,CAP Round I,06890,"Teerthankar Education Society's Dr. Shivajirao Kadam College of B.Pharmacy, Kasbe Digraj Sangli",Kolhapur,Unaided,GSC,State Level,Any,32691,41.33
2024-25,D Pharmacy,CAP Round I,06890,"Teerthankar Education Society's Dr. Shivajirao Kadam College of B.Pharmacy, Kasbe Digraj Sangli",Kolhapur,Unaided,GNTC,State Level,Any,35267,38.0
2024-25,D Pharmacy,CAP Round I,06890,"Teerthankar Education Society's Dr. Shivajirao Kadam College of B.Pharmacy, Kasbe Digraj Sangli",Kolhapur,Unaided,LOPEN,State Level,Ladies,27412,47.67
2024-25,D Pharmacy,CAP Round I,06890,"Teerthankar Education Society's Dr. Shivajirao Kadam College of B.Pharmacy, Kasbe Digraj Sangli",Kolhapur,Unaided,LSC,State Level,Ladies,33286,40.33
2024-25,D Pharmacy,CAP Round I,06890,"Teerthankar Education Society's Dr. Shivajirao Kadam College of B.Pharmacy, Kasbe Digraj Sangli",Kolhapur,Unaided,LNTC,State Level,Ladies,33661,40.0
2024-25,D Pharmacy,CAP Round I,06890,"Teerthankar Education Society's Dr. Shivajirao Kadam College of B.Pharmacy, Kasbe Digraj Sangli",Kolhapur,Unaided,EWS,Special,Any,34494,39.0
2024-25,D Pharmacy,CAP Round I,06890,"Teerthankar Education Society's Dr. Shivajirao Kadam College of B.Pharmacy, Kasbe Digraj Sangli",Kolhapur,Unaided,TFWS,Special,Any,34183,39.33
2024-25,D Pharmacy,CAP Round I,06891,"Eklavya College of Pharmacy, Tasgaon , Sangli",Sangli,Unaided,GOPEN,State Level,Any,31463,42.67
2024-25,D Pharmacy,CAP Round I,06891,"Eklavya College of Pharmacy, Tasgaon , Sangli",Sangli,Unaided,GNTB,State Level,Any,35744,37.33
2024-25,D Pharmacy,CAP Round I,06891,"Eklavya College of Pharmacy, Tasgaon , Sangli",Sangli,Unaided,GNTC,State Level,Any,32752,41.0
2024-25,D Pharmacy,CAP Round I,06891,"Eklavya College of Pharmacy, Tasgaon , Sangli",Sangli,Unaided,GOBC,State Level,Any,35895,37.0
2024-25,D Pharmacy,CAP Round I,06891,"Eklavya College of Pharmacy, Tasgaon , Sangli",Sangli,Unaided,LOPEN,State Level,Ladies,25536,50.0
2024-25,D Pharmacy,CAP Round I,06891,"Eklavya College of Pharmacy, Tasgaon , Sangli",Sangli,Unaided,LSC,State Level,Ladies,34977,38.33
2024-25,D Pharmacy,CAP Round I,06891,"Eklavya College of Pharmacy, Tasgaon , Sangli",Sangli,Unaided,LNTA,State Level,Ladies,26617,48.67
2024-25,D Pharmacy,CAP Round I,06891,"Eklavya College of Pharmacy, Tasgaon , Sangli",Sangli,Unaided,LNTB,State Level,Ladies,32512,41.33
2024-25,D Pharmacy,CAP Round I,06891,"Eklavya College of Pharmacy, Tasgaon , Sangli",Sangli,Unaided,LOBC,State Level,Ladies,32766,41.0
2024-25,D Pharmacy,CAP Round I,06891,"Eklavya College of Pharmacy, Tasgaon , Sangli",Sangli,Unaided,LSEBC,State Level,Ladies,35256,38.0
2024-25,D Pharmacy,CAP Round I,06891,"Eklavya College of Pharmacy, Tasgaon , Sangli",Sangli,Unaided,EWS,Special,Any,35427,37.67
2024-25,D Pharmacy,CAP Round I,06891,"Eklavya College of Pharmacy, Tasgaon , Sangli",Sangli,Unaided,TFWS,Special,Any,35802,37.33
2024-25,D Pharmacy,CAP Round I,06892,"Anusaya Institute of Pharmacy, Swami-Chincholi , Tal .Daund, Pune.",Pune,Unaided,GOPEN,State Level,Any,32829,41.0
2024-25,D Pharmacy,CAP Round I,06892,"Anusaya Institute of Pharmacy, Swami-Chincholi , Tal .Daund, Pune.",Pune,Unaided,GNTC,State Level,Any,35741,37.33
2024-25,D Pharmacy,CAP Round I,06892,"Anusaya Institute of Pharmacy, Swami-Chincholi , Tal .Daund, Pune.",Pune,Unaided,LOPEN,State Level,Ladies,21476,55.33
2024-25,D Pharmacy,CAP Round I,06892,"Anusaya Institute of Pharmacy, Swami-Chincholi , Tal .Daund, Pune.",Pune,Unaided,LNTC,State Level,Ladies,25599,50.0
2024-25,D Pharmacy,CAP Round I,06893,"Sant Dnyaneshwar Shikshan Sanstha, Annasaheb Dange College of B.Pharmacy, Ashta, Sangli",Sangli,Unaided,GOPEN,State Level,Any,28551,46.33
2024-25,D Pharmacy,CAP Round I,06893,"Sant Dnyaneshwar Shikshan Sanstha, Annasaheb Dange College of B.Pharmacy, Ashta, Sangli",Sangli,Unaided,GSC,State Level,Any,33567,40.0
2024-25,D Pharmacy,CAP Round I,06893,"Sant Dnyaneshwar Shikshan Sanstha, Annasaheb Dange College of B.Pharmacy, Ashta, Sangli",Sangli,Unaided,GNTC,State Level,Any,29800,44.67
2024-25,D Pharmacy,CAP Round I,06893,"Sant Dnyaneshwar Shikshan Sanstha, Annasaheb Dange College of B.Pharmacy, Ashta, Sangli",Sangli,Unaided,GOBC,State Level,Any,34964,38.33
2024-25,D Pharmacy,CAP Round I,06893,"Sant Dnyaneshwar Shikshan Sanstha, Annasaheb Dange College of B.Pharmacy, Ashta, Sangli",Sangli,Unaided,GSEBC,State Level,Any,34923,38.33
2024-25,D Pharmacy,CAP Round I,06893,"Sant Dnyaneshwar Shikshan Sanstha, Annasaheb Dange College of B.Pharmacy, Ashta, Sangli",Sangli,Unaided,LOPEN,State Level,Ladies,21370,55.67
2024-25,D Pharmacy,CAP Round I,06893,"Sant Dnyaneshwar Shikshan Sanstha, Annasaheb Dange College of B.Pharmacy, Ashta, Sangli",Sangli,Unaided,LSC,State Level,Ladies,30642,43.67
2024-25,D Pharmacy,CAP Round I,06893,"Sant Dnyaneshwar Shikshan Sanstha, Annasaheb Dange College of B.Pharmacy, Ashta, Sangli",Sangli,Unaided,LOBC,State Level,Ladies,23306,53.0
2024-25,D Pharmacy,CAP Round I,06893,"Sant Dnyaneshwar Shikshan Sanstha, Annasaheb Dange College of B.Pharmacy, Ashta, Sangli",Sangli,Unaided,LSEBC,State Level,Ladies,23071,53.33
2024-25,D Pharmacy,CAP Round I,06893,"Sant Dnyaneshwar Shikshan Sanstha, Annasaheb Dange College of B.Pharmacy, Ashta, Sangli",Sangli,Unaided,EWS,Special,Any,32263,41.67
2024-25,D Pharmacy,CAP Round I,06900,"Yashwant Redekar College Of Pharmacy B. Pharm. And D. Pharm., Nesari",Kolhapur,Unaided,GOPEN,State Level,Any,26709,48.67
2024-25,D Pharmacy,CAP Round I,06900,"Yashwant Redekar College Of Pharmacy B. Pharm. And D. Pharm., Nesari",Kolhapur,Unaided,GSC,State Level,Any,35932,37.0
2024-25,D Pharmacy,CAP Round I,06900,"Yashwant Redekar College Of Pharmacy B. Pharm. And D. Pharm., Nesari",Kolhapur,Unaided,LOPEN,State Level,Ladies,16157,62.33
2024-25,D Pharmacy,CAP Round I,06900,"Yashwant Redekar College Of Pharmacy B. Pharm. And D. Pharm., Nesari",Kolhapur,Unaided,LSC,State Level,Ladies,36718,35.0
2024-25,D Pharmacy,CAP Round I,06900,"Yashwant Redekar College Of Pharmacy B. Pharm. And D. Pharm., Nesari",Kolhapur,Unaided,LNTC,State Level,Ladies,26160,49.33
2024-25,D Pharmacy,CAP Round I,06900,"Yashwant Redekar College Of Pharmacy B. Pharm. And D. Pharm., Nesari",Kolhapur,Unaided,EWS,Special,Any,33847,39.67
2024-25,D Pharmacy,CAP Round I,06900,"Yashwant Redekar College Of Pharmacy B. Pharm. And D. Pharm., Nesari",Kolhapur,Unaided,LSC,State Level,Ladies,36203,36.33
2024-25,D Pharmacy,CAP Round I,06902,Indrayani Vidya Mandir's Krishnarao Bhegade Institute of Pharmaceutical Education & research,research,Unaided,GOPEN,State Level,Any,32655,41.33
2024-25,D Pharmacy,CAP Round I,06902,Indrayani Vidya Mandir's Krishnarao Bhegade Institute of Pharmaceutical Education & research,research,Unaided,GSC,State Level,Any,35159,38.0
2024-25,D Pharmacy,CAP Round I,06902,Indrayani Vidya Mandir's Krishnarao Bhegade Institute of Pharmaceutical Education & research,research,Unaided,GNTB,State Level,Any,33134,40.67
2024-25,D Pharmacy,CAP Round I,06902,Indrayani Vidya Mandir's Krishnarao Bhegade Institute of Pharmaceutical Education & research,research,Unaided,GOBC,State Level,Any,35099,38.33
2024-25,D Pharmacy,CAP Round I,06902,Indrayani Vidya Mandir's Krishnarao Bhegade Institute of Pharmaceutical Education & research,research,Unaided,LOPEN,State Level,Ladies,14753,64.33
2024-25,D Pharmacy,CAP Round I,06902,Indrayani Vidya Mandir's Krishnarao Bhegade Institute of Pharmaceutical Education & research,research,Unaided,LSC,State Level,Ladies,33078,40.67
2024-25,D Pharmacy,CAP Round I,06902,Indrayani Vidya Mandir's Krishnarao Bhegade Institute of Pharmaceutical Education & research,research,Unaided,LST,State Level,Ladies,34468,39.0
2024-25,D Pharmacy,CAP Round I,06902,Indrayani Vidya Mandir's Krishnarao Bhegade Institute of Pharmaceutical Education & research,research,Unaided,LOBC,State Level,Ladies,32205,41.67
2024-25,D Pharmacy,CAP Round I,06902,Indrayani Vidya Mandir's Krishnarao Bhegade Institute of Pharmaceutical Education & research,research,Unaided,TFWS,Special,Any,31120,43.0
2024-25,D Pharmacy,CAP Round I,06904,"Anandi Pharmacy College, Kalambe Tarf Kale",Kolhapur,Unaided,GOPEN,State Level,Any,24032,52.0
2024-25,D Pharmacy,CAP Round I,06904,"Anandi Pharmacy College, Kalambe Tarf Kale",Kolhapur,Unaided,GSC,State Level,Any,30734,43.67
2024-25,D Pharmacy,CAP Round I,06904,"Anandi Pharmacy College, Kalambe Tarf Kale",Kolhapur,Unaided,GOBC,State Level,Any,35696,37.33
2024-25,D Pharmacy,CAP Round I,06904,"Anandi Pharmacy College, Kalambe Tarf Kale",Kolhapur,Unaided,GSEBC,State Level,Any,27757,47.33
2024-25,D Pharmacy,CAP Round I,06904,"Anandi Pharmacy College, Kalambe Tarf Kale",Kolhapur,Unaided,LOPEN,State Level,Ladies,14730,64.33
2024-25,D Pharmacy,CAP Round I,06904,"Anandi Pharmacy College, Kalambe Tarf Kale",Kolhapur,Unaided,LSC,State Level,Ladies,20352,57.0
2024-25,D Pharmacy,CAP Round I,06904,"Anandi Pharmacy College, Kalambe Tarf Kale",Kolhapur,Unaided,LOBC,State Level,Ladies,22688,54.0
2024-25,D Pharmacy,CAP Round I,06904,"Anandi Pharmacy College, Kalambe Tarf Kale",Kolhapur,Unaided,LSEBC,State Level,Ladies,20506,56.67
2024-25,D Pharmacy,CAP Round I,06904,"Anandi Pharmacy College, Kalambe Tarf Kale",Kolhapur,Unaided,TFWS,Special,Any,12299,67.67
2024-25,D Pharmacy,CAP Round I,06905,"Navsahyadri Institute of Pharmacy, Naigaon( Nasarapur), Pune",Pune,Unaided,GOPEN,State Level,Any,25093,50.67
2024-25,D Pharmacy,CAP Round I,06905,"Navsahyadri Institute of Pharmacy, Naigaon( Nasarapur), Pune",Pune,Unaided,GSC,State Level,Any,36536,35.67
2024-25,D Pharmacy,CAP Round I,06905,"Navsahyadri Institute of Pharmacy, Naigaon( Nasarapur), Pune",Pune,Unaided,GNTC,State Level,Any,26700,48.67
2024-25,D Pharmacy,CAP Round I,06905,"Navsahyadri Institute of Pharmacy, Naigaon( Nasarapur), Pune",Pune,Unaided,GOBC,State Level,Any,33261,40.33
2024-25,D Pharmacy,CAP Round I,06905,"Navsahyadri Institute of Pharmacy, Naigaon( Nasarapur), Pune",Pune,Unaided,GSEBC,State Level,Any,26577,48.67
2024-25,D Pharmacy,CAP Round I,06905,"Navsahyadri Institute of Pharmacy, Naigaon( Nasarapur), Pune",Pune,Unaided,LOPEN,State Level,Ladies,21725,55.0
2024-25,D Pharmacy,CAP Round I,06905,"Navsahyadri Institute of Pharmacy, Naigaon( Nasarapur), Pune",Pune,Unaided,LSC,State Level,Ladies,27449,47.67
2024-25,D Pharmacy,CAP Round I,06905,"Navsahyadri Institute of Pharmacy, Naigaon( Nasarapur), Pune",Pune,Unaided,LNTC,State Level,Ladies,29237,45.33
2024-25,D Pharmacy,CAP Round I,06905,"Navsahyadri Institute of Pharmacy, Naigaon( Nasarapur), Pune",Pune,Unaided,LOBC,State Level,Ladies,31913,42.0
2024-25,D Pharmacy,CAP Round I,06905,"Navsahyadri Institute of Pharmacy, Naigaon( Nasarapur), Pune",Pune,Unaided,LSEBC,State Level,Ladies,29831,44.67
2024-25,D Pharmacy,CAP Round I,06905,"Navsahyadri Institute of Pharmacy, Naigaon( Nasarapur), Pune",Pune,Unaided,DEFOPEN,State Level,Any,31754,42.33
2024-25,D Pharmacy,CAP Round I,06905,"Navsahyadri Institute of Pharmacy, Naigaon( Nasarapur), Pune",Pune,Unaided,EWS,Special,Any,17653,60.33
2024-25,D Pharmacy,CAP Round I,06905,"Navsahyadri Institute of Pharmacy, Naigaon( Nasarapur), Pune",Pune,Unaided,TFWS,Special,Any,35641,37.33
2024-25,D Pharmacy,CAP Round I,06906,"Delight College of Pharmacy, Koregaon Bhima",Pune,Unaided,GOPEN,State Level,Any,26663,48.67
2024-25,D Pharmacy,CAP Round I,06906,"Delight College of Pharmacy, Koregaon Bhima",Pune,Unaided,LOPEN,State Level,Ladies,17488,60.67
2024-25,D Pharmacy,CAP Round I,06906,"Delight College of Pharmacy, Koregaon Bhima",Pune,Unaided,MI,Special,Any,36651,35.33
2024-25,D Pharmacy,CAP Round I,06907,"Sarogini College of Pharmacy, Kolhapur",Kolhapur,Unaided,GOPEN,State Level,Any,30048,44.33
2024-25,D Pharmacy,CAP Round I,06907,"Sarogini College of Pharmacy, Kolhapur",Kolhapur,Unaided,GSC,State Level,Any,33589,40.0
2024-25,D Pharmacy,CAP Round I,06907,"Sarogini College of Pharmacy, Kolhapur",Kolhapur,Unaided,GNTC,State Level,Any,31516,42.67
2024-25,D Pharmacy,CAP Round I,06907,"Sarogini College of Pharmacy, Kolhapur",Kolhapur,Unaided,GOBC,State Level,Any,36338,36.0
2024-25,D Pharmacy,CAP Round I,06907,"Sarogini College of Pharmacy, Kolhapur",Kolhapur,Unaided,GSEBC,State Level,Any,35176,38.0
2024-25,D Pharmacy,CAP Round I,06907,"Sarogini College of Pharmacy, Kolhapur",Kolhapur,Unaided,LOPEN,State Level,Ladies,26061,49.33
2024-25,D Pharmacy,CAP Round I,06907,"Sarogini College of Pharmacy, Kolhapur",Kolhapur,Unaided,LSC,State Level,Ladies,33345,40.33
2024-25,D Pharmacy,CAP Round I,06907,"Sarogini College of Pharmacy, Kolhapur",Kolhapur,Unaided,LOBC,State Level,Ladies,33272,40.33
2024-25,D Pharmacy,CAP Round I,06907,"Sarogini College of Pharmacy, Kolhapur",Kolhapur,Unaided,LSEBC,State Level,Ladies,30012,44.33
2024-25,D Pharmacy,CAP Round I,06907,"Sarogini College of Pharmacy, Kolhapur",Kolhapur,Unaided,TFWS,Special,Any,26660,48.67
2024-25,D Pharmacy,CAP Round I,06908,"Ashokrao Mane Institute of Pharmaceutical Science and Research, Save",Sindhudurg,Unaided,GOPEN,State Level,Any,29760,44.67
2024-25,D Pharmacy,CAP Round I,06908,"Ashokrao Mane Institute of Pharmaceutical Science and Research, Save",Sindhudurg,Unaided,LOPEN,State Level,Ladies,25826,49.67
2024-25,D Pharmacy,CAP Round I,06908,"Ashokrao Mane Institute of Pharmaceutical Science and Research, Save",Sindhudurg,Unaided,LSC,State Level,Ladies,33625,40.0
2024-25,D Pharmacy,CAP Round I,06908,"Ashokrao Mane Institute of Pharmaceutical Science and Research, Save",Sindhudurg,Unaided,LOBC,State Level,Ladies,33409,40.33
2024-25,D Pharmacy,CAP Round I,06908,"Ashokrao Mane Institute of Pharmaceutical Science and Research, Save",Sindhudurg,Unaided,LSEBC,State Level,Ladies,29898,44.67
2024-25,D Pharmacy,CAP Round I,06908,"Ashokrao Mane Institute of Pharmaceutical Science and Research, Save",Sindhudurg,Unaided,PWDOPEN,State Level,Any,31189,43.0
2024-25,D Pharmacy,CAP Round I,06908,"Ashokrao Mane Institute of Pharmaceutical Science and Research, Save",Sindhudurg,Unaided,EWS,Special,Any,27147,48.0
2024-25,D Pharmacy,CAP Round I,06908,"Ashokrao Mane Institute of Pharmaceutical Science and Research, Save",Sindhudurg,Unaided,TFWS,Special,Any,22239,54.33
2024-25,D Pharmacy,CAP Round I,06909,"Y.D. Mane Institute of Pharmacy, Kagal, Kolhapur",Kolhapur,Unaided,GOPEN,State Level,Any,29376,45.33
2024-25,D Pharmacy,CAP Round I,06909,"Y.D. Mane Institute of Pharmacy, Kagal, Kolhapur",Kolhapur,Unaided,GSC,State Level,Any,33487,40.33
2024-25,D Pharmacy,CAP Round I,06909,"Y.D. Mane Institute of Pharmacy, Kagal, Kolhapur",Kolhapur,Unaided,GNTC,State Level,Any,32852,41.0
2024-25,D Pharmacy,CAP Round I,06909,"Y.D. Mane Institute of Pharmacy, Kagal, Kolhapur",Kolhapur,Unaided,LOPEN,State Level,Ladies,21633,55.33
2024-25,D Pharmacy,CAP Round I,06909,"Y.D. Mane Institute of Pharmacy, Kagal, Kolhapur",Kolhapur,Unaided,LSC,State Level,Ladies,31470,42.67
2024-25,D Pharmacy,CAP Round I,06909,"Y.D. Mane Institute of Pharmacy, Kagal, Kolhapur",Kolhapur,Unaided,LNTC,State Level,Ladies,25295,50.33
2024-25,D Pharmacy,CAP Round I,06909,"Y.D. Mane Institute of Pharmacy, Kagal, Kolhapur",Kolhapur,Unaided,LOBC,State Level,Ladies,34883,38.33
2024-25,D Pharmacy,CAP Round I,06909,"Y.D. Mane Institute of Pharmacy, Kagal, Kolhapur",Kolhapur,Unaided,LSEBC,State Level,Ladies,23095,53.33
2024-25,D Pharmacy,CAP Round I,06909,"Y.D. Mane Institute of Pharmacy, Kagal, Kolhapur",Kolhapur,Unaided,EWS,Special,Any,18995,58.67
2024-25,D Pharmacy,CAP Round I,06909,"Y.D. Mane Institute of Pharmacy, Kagal, Kolhapur",Kolhapur,Unaided,TFWS,Special,Any,24441,51.67
2024-25,D Pharmacy,CAP Round I,06910,"Samarth Institute of Pharmacy, Belhe , Junnar",Pune,Unaided,GOPEN,State Level,Any,31089,43.33
2024-25,D Pharmacy,CAP Round I,06910,"Samarth Institute of Pharmacy, Belhe , Junnar",Pune,Unaided,GSC,State Level,Any,36247,36.33
2024-25,D Pharmacy,CAP Round I,06910,"Samarth Institute of Pharmacy, Belhe , Junnar",Pune,Unaided,GST,State Level,Any,34650,38.67
2024-25,D Pharmacy,CAP Round I,06910,"Samarth Institute of Pharmacy, Belhe , Junnar",Pune,Unaided,LOPEN,State Level,Ladies,15470,63.33
2024-25,D Pharmacy,CAP Round I,06910,"Samarth Institute of Pharmacy, Belhe , Junnar",Pune,Unaided,LSC,State Level,Ladies,30032,44.33
2024-25,D Pharmacy,CAP Round I,06910,"Samarth Institute of Pharmacy, Belhe , Junnar",Pune,Unaided,LOBC,State Level,Ladies,24115,52.0
2024-25,D Pharmacy,CAP Round I,06910,"Samarth Institute of Pharmacy, Belhe , Junnar",Pune,Unaided,EWS,Special,Any,26146,49.33
2024-25,D Pharmacy,CAP Round I,06911,"Zadbuke Institute of Pharmacy, Puri",Pune,Unaided,GOPEN,State Level,Any,18372,59.67
2024-25,D Pharmacy,CAP Round I,06911,"Zadbuke Institute of Pharmacy, Puri",Pune,Unaided,GSC,State Level,Any,36680,35.0
2024-25,D Pharmacy,CAP Round I,06911,"Zadbuke Institute of Pharmacy, Puri",Pune,Unaided,GNTB,State Level,Any,27658,47.33
2024-25,D Pharmacy,CAP Round I,06911,"Zadbuke Institute of Pharmacy, Puri",Pune,Unaided,GNTC,State Level,Any,36585,35.33
2024-25,D Pharmacy,CAP Round I,06911,"Zadbuke Institute of Pharmacy, Puri",Pune,Unaided,GNTD,State Level,Any,29154,45.33
2024-25,D Pharmacy,CAP Round I,06911,"Zadbuke Institute of Pharmacy, Puri",Pune,Unaided,GOBC,State Level,Any,35654,37.33
2024-25,D Pharmacy,CAP Round I,06911,"Zadbuke Institute of Pharmacy, Puri",Pune,Unaided,GSEBC,State Level,Any,25263,50.33
2024-25,D Pharmacy,CAP Round I,06911,"Zadbuke Institute of Pharmacy, Puri",Pune,Unaided,LOPEN,State Level,Ladies,4313,79.0
2024-25,D Pharmacy,CAP Round I,06911,"Zadbuke Institute of Pharmacy, Puri",Pune,Unaided,LSC,State Level,Ladies,36397,36.0
2024-25,D Pharmacy,CAP Round I,06911,"Zadbuke Institute of Pharmacy, Puri",Pune,Unaided,LOBC,State Level,Ladies,33839,39.67
2024-25,D Pharmacy,CAP Round I,06911,"Zadbuke Institute of Pharmacy, Puri",Pune,Unaided,LSEBC,State Level,Ladies,9842,71.0
2024-25,D Pharmacy,CAP Round I,06911,"Zadbuke Institute of Pharmacy, Puri",Pune,Unaided,TFWS,Special,Any,19745,57.67
2024-25,D Pharmacy,CAP Round I,06914,"Institute of Pharmaceutical Science & Research for Girls, (Bhigwan), Daund",Pune,Unaided,LOPEN,State Level,Ladies,16943,61.33
2024-25,D Pharmacy,CAP Round I,06914,"Institute of Pharmaceutical Science & Research for Girls, (Bhigwan), Daund",Pune,Unaided,LSC,State Level,Ladies,27150,48.0
2024-25,D Pharmacy,CAP Round I,06914,"Institute of Pharmaceutical Science & Research for Girls, (Bhigwan), Daund",Pune,Unaided,LNTC,State Level,Ladies,18530,59.33
2024-25,D Pharmacy,CAP Round I,06914,"Institute of Pharmaceutical Science & Research for Girls, (Bhigwan), Daund",Pune,Unaided,LOBC,State Level,Ladies,33469,40.33
2024-25,D Pharmacy,CAP Round I,06914,"Institute of Pharmaceutical Science & Research for Girls, (Bhigwan), Daund",Pune,Unaided,EWS,Special,Any,26846,48.33
2024-25,D Pharmacy,CAP Round I,06914,"Institute of Pharmaceutical Science & Research for Girls, (Bhigwan), Daund",Pune,Unaided,TFWS,Special,Any,21219,55.67
2024-25,D Pharmacy,CAP Round I,06915,"Dnyanvilas College of Pharmacy, Dudulgaon Tal Haveli Dist Pune",Pune,Unaided,GOPEN,State Level,Any,32294,41.67
2024-25,D Pharmacy,CAP Round I,06915,"Dnyanvilas College of Pharmacy, Dudulgaon Tal Haveli Dist Pune",Pune,Unaided,GNTD,State Level,Any,34332,39.33
2024-25,D Pharmacy,CAP Round I,06915,"Dnyanvilas College of Pharmacy, Dudulgaon Tal Haveli Dist Pune",Pune,Unaided,LOPEN,State Level,Ladies,26075,49.33
2024-25,D Pharmacy,CAP Round I,06915,"Dnyanvilas College of Pharmacy, Dudulgaon Tal Haveli Dist Pune",Pune,Unaided,TFWS,Special,Any,27444,47.67
2024-25,D Pharmacy,CAP Round I,06916,Pharate Patil College of Pharmacy Diploma,Diploma,Unaided,GOPEN,State Level,Any,28577,46.33
2024-25,D Pharmacy,CAP Round I,06916,Pharate Patil College of Pharmacy Diploma,Diploma,Unaided,GSC,State Level,Any,34542,39.0
2024-25,D Pharmacy,CAP Round I,06916,Pharate Patil College of Pharmacy Diploma,Diploma,Unaided,GNTB,State Level,Any,28641,46.33
2024-25,D Pharmacy,CAP Round I,06916,Pharate Patil College of Pharmacy Diploma,Diploma,Unaided,GNTC,State Level,Any,34862,38.67
2024-25,D Pharmacy,CAP Round I,06916,Pharate Patil College of Pharmacy Diploma,Diploma,Unaided,LOPEN,State Level,Ladies,19064,58.67
2024-25,D Pharmacy,CAP Round I,06916,Pharate Patil College of Pharmacy Diploma,Diploma,Unaided,LOBC,State Level,Ladies,33468,40.33
2024-25,D Pharmacy,CAP Round I,06916,Pharate Patil College of Pharmacy Diploma,Diploma,Unaided,TFWS,Special,Any,28739,46.0
2024-25,D Pharmacy,CAP Round I,06918,"Jijamata College of Pharmacy, Sarati",Nashik,Unaided,GOPEN,State Level,Any,17944,60.0
2024-25,D Pharmacy,CAP Round I,06918,"Jijamata College of Pharmacy, Sarati",Nashik,Unaided,GSC,State Level,Any,31888,42.33
2024-25,D Pharmacy,CAP Round I,06918,"Jijamata College of Pharmacy, Sarati",Nashik,Unaided,GNTB,State Level,Any,19531,58.0
2024-25,D Pharmacy,CAP Round I,06918,"Jijamata College of Pharmacy, Sarati",Nashik,Unaided,GNTC,State Level,Any,19276,58.33
2024-25,D Pharmacy,CAP Round I,06918,"Jijamata College of Pharmacy, Sarati",Nashik,Unaided,GOBC,State Level,Any,27399,47.67
2024-25,D Pharmacy,CAP Round I,06918,"Jijamata College of Pharmacy, Sarati",Nashik,Unaided,GSEBC,State Level,Any,24316,51.67
2024-25,D Pharmacy,CAP Round I,06918,"Jijamata College of Pharmacy, Sarati",Nashik,Unaided,LOPEN,State Level,Ladies,9594,71.33
2024-25,D Pharmacy,CAP Round I,06918,"Jijamata College of Pharmacy, Sarati",Nashik,Unaided,LSC,State Level,Ladies,20606,56.67
2024-25,D Pharmacy,CAP Round I,06918,"Jijamata College of Pharmacy, Sarati",Nashik,Unaided,LNTC,State Level,Ladies,10167,70.67
2024-25,D Pharmacy,CAP Round I,06918,"Jijamata College of Pharmacy, Sarati",Nashik,Unaided,LOBC,State Level,Ladies,16936,61.33
2024-25,D Pharmacy,CAP Round I,06918,"Jijamata College of Pharmacy, Sarati",Nashik,Unaided,LSEBC,State Level,Ladies,25606,50.0
2024-25,D Pharmacy,CAP Round I,06921,"Elixir Institute of Pharmacy, Pune",Pune,Unaided,GOPEN,State Level,Any,31905,42.0
2024-25,D Pharmacy,CAP Round I,06921,"Elixir Institute of Pharmacy, Pune",Pune,Unaided,LOPEN,State Level,Ladies,27946,47.0
2024-25,D Pharmacy,CAP Round I,06921,"Elixir Institute of Pharmacy, Pune",Pune,Unaided,TFWS,Special,Any,28223,46.67
2024-25,D Pharmacy,CAP Round I,06923,"Padmini College of Pharmacy, Atpadi, Sangli",Sangli,Unaided,GOPEN,State Level,Any,14224,65.0
2024-25,D Pharmacy,CAP Round I,06923,"Padmini College of Pharmacy, Atpadi, Sangli",Sangli,Unaided,GSC,State Level,Any,27241,48.0
2024-25,D Pharmacy,CAP Round I,06923,"Padmini College of Pharmacy, Atpadi, Sangli",Sangli,Unaided,GNTA,State Level,Any,26079,49.33
2024-25,D Pharmacy,CAP Round I,06923,"Padmini College of Pharmacy, Atpadi, Sangli",Sangli,Unaided,GNTC,State Level,Any,19260,58.33
2024-25,D Pharmacy,CAP Round I,06923,"Padmini College of Pharmacy, Atpadi, Sangli",Sangli,Unaided,GOBC,State Level,Any,29747,44.67
2024-25,D Pharmacy,CAP Round I,06923,"Padmini College of Pharmacy, Atpadi, Sangli",Sangli,Unaided,GSEBC,State Level,Any,34031,39.67
2024-25,D Pharmacy,CAP Round I,06923,"Padmini College of Pharmacy, Atpadi, Sangli",Sangli,Unaided,LOPEN,State Level,Ladies,9192,72.0
2024-25,D Pharmacy,CAP Round I,06923,"Padmini College of Pharmacy, Atpadi, Sangli",Sangli,Unaided,LSC,State Level,Ladies,24380,51.67
2024-25,D Pharmacy,CAP Round I,06923,"Padmini College of Pharmacy, Atpadi, Sangli",Sangli,Unaided,LNTA,State Level,Ladies,21284,55.67
2024-25,D Pharmacy,CAP Round I,06923,"Padmini College of Pharmacy, Atpadi, Sangli",Sangli,Unaided,LNTB,State Level,Ladies,18005,60.0
2024-25,D Pharmacy,CAP Round I,06923,"Padmini College of Pharmacy, Atpadi, Sangli",Sangli,Unaided,LOBC,State Level,Ladies,11937,68.33
2024-25,D Pharmacy,CAP Round I,06923,"Padmini College of Pharmacy, Atpadi, Sangli",Sangli,Unaided,LSEBC,State Level,Ladies,12328,67.67
2024-25,D Pharmacy,CAP Round I,06923,"Padmini College of Pharmacy, Atpadi, Sangli",Sangli,Unaided,TFWS,Special,Any,20753,56.33
2024-25,D Pharmacy,CAP Round I,06927,S.S.P Shikshan Sansthas Siddhi College Of Pharmacy,Pharmacy,Unaided,GOPEN,State Level,Any,26643,48.67
2024-25,D Pharmacy,CAP Round I,06927,S.S.P Shikshan Sansthas Siddhi College Of Pharmacy,Pharmacy,Unaided,LOPEN,State Level,Ladies,19480,58.0
2024-25,D Pharmacy,CAP Round I,06927,S.S.P Shikshan Sansthas Siddhi College Of Pharmacy,Pharmacy,Unaided,MI,Special,Any,23626,52.67
2024-25,D Pharmacy,CAP Round I,06927,S.S.P Shikshan Sansthas Siddhi College Of Pharmacy,Pharmacy,Unaided,TFWS,Special,Any,6033,76.33
2024-25,D Pharmacy,CAP Round I,06930,"Delonix Society's Baramati College Of Pharmacy, Barhanpur",Amravati,Unaided,GOPEN,State Level,Any,22007,54.67
2024-25,D Pharmacy,CAP Round I,06930,"Delonix Society's Baramati College Of Pharmacy, Barhanpur",Amravati,Unaided,GSC,State Level,Any,35862,37.0
2024-25,D Pharmacy,CAP Round I,06930,"Delonix Society's Baramati College Of Pharmacy, Barhanpur",Amravati,Unaided,GNTA,State Level,Any,26692,48.67
2024-25,D Pharmacy,CAP Round I,06930,"Delonix Society's Baramati College Of Pharmacy, Barhanpur",Amravati,Unaided,GNTB,State Level,Any,35611,37.67
2024-25,D Pharmacy,CAP Round I,06930,"Delonix Society's Baramati College Of Pharmacy, Barhanpur",Amravati,Unaided,GNTC,State Level,Any,22541,54.0
2024-25,D Pharmacy,CAP Round I,06930,"Delonix Society's Baramati College Of Pharmacy, Barhanpur",Amravati,Unaided,GOBC,State Level,Any,36211,36.33
2024-25,D Pharmacy,CAP Round I,06930,"Delonix Society's Baramati College Of Pharmacy, Barhanpur",Amravati,Unaided,GSEBC,State Level,Any,36267,36.33
2024-25,D Pharmacy,CAP Round I,06930,"Delonix Society's Baramati College Of Pharmacy, Barhanpur",Amravati,Unaided,LOPEN,State Level,Ladies,15207,63.67
2024-25,D Pharmacy,CAP Round I,06930,"Delonix Society's Baramati College Of Pharmacy, Barhanpur",Amravati,Unaided,LSC,State Level,Ladies,27294,48.0
2024-25,D Pharmacy,CAP Round I,06930,"Delonix Society's Baramati College Of Pharmacy, Barhanpur",Amravati,Unaided,LNTB,State Level,Ladies,35206,38.0
2024-25,D Pharmacy,CAP Round I,06930,"Delonix Society's Baramati College Of Pharmacy, Barhanpur",Amravati,Unaided,LOBC,State Level,Ladies,24838,51.0
2024-25,D Pharmacy,CAP Round I,06930,"Delonix Society's Baramati College Of Pharmacy, Barhanpur",Amravati,Unaided,LSEBC,State Level,Ladies,35248,38.0
2024-25,D Pharmacy,CAP Round I,06930,"Delonix Society's Baramati College Of Pharmacy, Barhanpur",Amravati,Unaided,EWS,Special,Any,34062,39.33
2024-25,D Pharmacy,CAP Round I,06930,"Delonix Society's Baramati College Of Pharmacy, Barhanpur",Amravati,Unaided,TFWS,Special,Any,8338,73.33
2024-25,D Pharmacy,CAP Round I,06931,"Samarth College Of Pharmacy, A/P Belhe, Bangarwadi",Pune,Unaided,GOPEN,State Level,Any,36004,36.67
2024-25,D Pharmacy,CAP Round I,06931,"Samarth College Of Pharmacy, A/P Belhe, Bangarwadi",Pune,Unaided,LOPEN,State Level,Ladies,26596,48.67
2024-25,D Pharmacy,CAP Round I,06931,"Samarth College Of Pharmacy, A/P Belhe, Bangarwadi",Pune,Unaided,LST,State Level,Ladies,29811,44.67
2024-25,D Pharmacy,CAP Round I,06931,"Samarth College Of Pharmacy, A/P Belhe, Bangarwadi",Pune,Unaided,LOBC,State Level,Ladies,35563,37.67
2024-25,D Pharmacy,CAP Round I,06931,"Samarth College Of Pharmacy, A/P Belhe, Bangarwadi",Pune,Unaided,LSEBC,State Level,Ladies,28100,47.0
2024-25,D Pharmacy,CAP Round I,06931,"Samarth College Of Pharmacy, A/P Belhe, Bangarwadi",Pune,Unaided,EWS,Special,Any,10648,70.0
2024-25,D Pharmacy,CAP Round I,06932,Dr Bapuji Salunkhe Institute Of Pharmacy Miraj,Sangli,Unaided,GOPEN,State Level,Any,30249,44.33
2024-25,D Pharmacy,CAP Round I,06932,Dr Bapuji Salunkhe Institute Of Pharmacy Miraj,Sangli,Unaided,GSC,State Level,Any,35899,37.0
2024-25,D Pharmacy,CAP Round I,06932,Dr Bapuji Salunkhe Institute Of Pharmacy Miraj,Sangli,Unaided,GNTC,State Level,Any,30374,44.0
2024-25,D Pharmacy,CAP Round I,06932,Dr Bapuji Salunkhe Institute Of Pharmacy Miraj,Sangli,Unaided,GNTD,State Level,Any,36034,36.67
2024-25,D Pharmacy,CAP Round I,06932,Dr Bapuji Salunkhe Institute Of Pharmacy Miraj,Sangli,Unaided,GOBC,State Level,Any,35972,37.0
2024-25,D Pharmacy,CAP Round I,06932,Dr Bapuji Salunkhe Institute Of Pharmacy Miraj,Sangli,Unaided,GSEBC,State Level,Any,31117,43.0
2024-25,D Pharmacy,CAP Round I,06932,Dr Bapuji Salunkhe Institute Of Pharmacy Miraj,Sangli,Unaided,LOPEN,State Level,Ladies,26570,48.67
2024-25,D Pharmacy,CAP Round I,06932,Dr Bapuji Salunkhe Institute Of Pharmacy Miraj,Sangli,Unaided,LSC,State Level,Ladies,35445,37.67
2024-25,D Pharmacy,CAP Round I,06932,Dr Bapuji Salunkhe Institute Of Pharmacy Miraj,Sangli,Unaided,LNTA,State Level,Ladies,34176,39.33
2024-25,D Pharmacy,CAP Round I,06932,Dr Bapuji Salunkhe Institute Of Pharmacy Miraj,Sangli,Unaided,LNTC,State Level,Ladies,27772,47.33
2024-25,D Pharmacy,CAP Round I,06932,Dr Bapuji Salunkhe Institute Of Pharmacy Miraj,Sangli,Unaided,LOBC,State Level,Ladies,36516,35.67
2024-25,D Pharmacy,CAP Round I,06932,Dr Bapuji Salunkhe Institute Of Pharmacy Miraj,Sangli,Unaided,EWS,Special,Any,29095,45.67
2024-25,D Pharmacy,CAP Round I,06932,Dr Bapuji Salunkhe Institute Of Pharmacy Miraj,Sangli,Unaided,TFWS,Special,Any,26587,48.67
2024-25,D Pharmacy,CAP Round I,06933,"Sarsam College Of Pharmacy, Palshiwadi",Pune,Unaided,GOPEN,State Level,Any,34278,39.33
2024-25,D Pharmacy,CAP Round I,06933,"Sarsam College Of Pharmacy, Palshiwadi",Pune,Unaided,LOPEN,State Level,Ladies,32509,41.33
2024-25,D Pharmacy,CAP Round I,06933,"Sarsam College Of Pharmacy, Palshiwadi",Pune,Unaided,TFWS,Special,Any,30485,44.0
2024-25,D Pharmacy,CAP Round I,06934,Pune District Education Associations College Of Pharmacy Hadapsar Pune,Pune,Unaided,GOPEN,State Level,Any,26162,49.33
2024-25,D Pharmacy,CAP Round I,06934,Pune District Education Associations College Of Pharmacy Hadapsar Pune,Pune,Unaided,GSC,State Level,Any,31022,43.33
2024-25,D Pharmacy,CAP Round I,06934,Pune District Education Associations College Of Pharmacy Hadapsar Pune,Pune,Unaided,GNTB,State Level,Any,35969,37.0
2024-25,D Pharmacy,CAP Round I,06934,Pune District Education Associations College Of Pharmacy Hadapsar Pune,Pune,Unaided,GNTD,State Level,Any,27786,47.33
2024-25,D Pharmacy,CAP Round I,06934,Pune District Education Associations College Of Pharmacy Hadapsar Pune,Pune,Unaided,GOBC,State Level,Any,36193,36.33
2024-25,D Pharmacy,CAP Round I,06934,Pune District Education Associations College Of Pharmacy Hadapsar Pune,Pune,Unaided,LOPEN,State Level,Ladies,21657,55.33
2024-25,D Pharmacy,CAP Round I,06934,Pune District Education Associations College Of Pharmacy Hadapsar Pune,Pune,Unaided,LSC,State Level,Ladies,28181,46.67
2024-25,D Pharmacy,CAP Round I,06934,Pune District Education Associations College Of Pharmacy Hadapsar Pune,Pune,Unaided,LNTA,State Level,Ladies,25643,50.0
2024-25,D Pharmacy,CAP Round I,06934,Pune District Education Associations College Of Pharmacy Hadapsar Pune,Pune,Unaided,LOBC,State Level,Ladies,30096,44.33
2024-25,D Pharmacy,CAP Round I,06934,Pune District Education Associations College Of Pharmacy Hadapsar Pune,Pune,Unaided,EWS,Special,Any,34812,38.67
2024-25,D Pharmacy,CAP Round I,06934,Pune District Education Associations College Of Pharmacy Hadapsar Pune,Pune,Unaided,TFWS,Special,Any,13334,66.33
2024-25,D Pharmacy,CAP Round I,06935,"Lokmangal College Of Pharmacy, Wadala",Mumbai,Unaided,GOPEN,State Level,Any,13244,66.33
2024-25,D Pharmacy,CAP Round I,06935,"Lokmangal College Of Pharmacy, Wadala",Mumbai,Unaided,GSC,State Level,Any,26525,49.0
2024-25,D Pharmacy,CAP Round I,06935,"Lokmangal College Of Pharmacy, Wadala",Mumbai,Unaided,GNTA,State Level,Any,17363,61.0
2024-25,D Pharmacy,CAP Round I,06935,"Lokmangal College Of Pharmacy, Wadala",Mumbai,Unaided,GNTB,State Level,Any,23398,53.0
2024-25,D Pharmacy,CAP Round I,06935,"Lokmangal College Of Pharmacy, Wadala",Mumbai,Unaided,GNTC,State Level,Any,24936,51.0
2024-25,D Pharmacy,CAP Round I,06935,"Lokmangal College Of Pharmacy, Wadala",Mumbai,Unaided,GOBC,State Level,Any,28925,45.67
2024-25,D Pharmacy,CAP Round I,06935,"Lokmangal College Of Pharmacy, Wadala",Mumbai,Unaided,GSEBC,State Level,Any,18349,59.67
2024-25,D Pharmacy,CAP Round I,06935,"Lokmangal College Of Pharmacy, Wadala",Mumbai,Unaided,LOPEN,State Level,Ladies,2129,83.33
2024-25,D Pharmacy,CAP Round I,06935,"Lokmangal College Of Pharmacy, Wadala",Mumbai,Unaided,LSC,State Level,Ladies,33895,39.67
2024-25,D Pharmacy,CAP Round I,06935,"Lokmangal College Of Pharmacy, Wadala",Mumbai,Unaided,LNTB,State Level,Ladies,34552,39.0
2024-25,D Pharmacy,CAP Round I,06935,"Lokmangal College Of Pharmacy, Wadala",Mumbai,Unaided,LOBC,State Level,Ladies,23553,52.67
2024-25,D Pharmacy,CAP Round I,06935,"Lokmangal College Of Pharmacy, Wadala",Mumbai,Unaided,LSEBC,State Level,Ladies,4088,79.67
2024-25,D Pharmacy,CAP Round I,06935,"Lokmangal College Of Pharmacy, Wadala",Mumbai,Unaided,EWS,Special,Any,23967,52.33
2024-25,D Pharmacy,CAP Round I,06935,"Lokmangal College Of Pharmacy, Wadala",Mumbai,Unaided,TFWS,Special,Any,15907,63.0
2024-25,D Pharmacy,CAP Round I,06936,Krishna Foundations Jaywant Institute Of Pharmacy Wathar Tal Karad.,Satara,Unaided,GOPEN,State Level,Any,32890,41.0
2024-25,D Pharmacy,CAP Round I,06936,Krishna Foundations Jaywant Institute Of Pharmacy Wathar Tal Karad.,Satara,Unaided,GNTC,State Level,Any,34636,38.67
2024-25,D Pharmacy,CAP Round I,06936,Krishna Foundations Jaywant Institute Of Pharmacy Wathar Tal Karad.,Satara,Unaided,GOBC,State Level,Any,35842,37.0
2024-25,D Pharmacy,CAP Round I,06936,Krishna Foundations Jaywant Institute Of Pharmacy Wathar Tal Karad.,Satara,Unaided,LOPEN,State Level,Ladies,25349,50.33
2024-25,D Pharmacy,CAP Round I,06936,Krishna Foundations Jaywant Institute Of Pharmacy Wathar Tal Karad.,Satara,Unaided,LSC,State Level,Ladies,30980,43.33
2024-25,D Pharmacy,CAP Round I,06936,Krishna Foundations Jaywant Institute Of Pharmacy Wathar Tal Karad.,Satara,Unaided,LNTC,State Level,Ladies,30897,43.33
2024-25,D Pharmacy,CAP Round I,06936,Krishna Foundations Jaywant Institute Of Pharmacy Wathar Tal Karad.,Satara,Unaided,LOBC,State Level,Ladies,35076,38.33
2024-25,D Pharmacy,CAP Round I,06936,Krishna Foundations Jaywant Institute Of Pharmacy Wathar Tal Karad.,Satara,Unaided,LSEBC,State Level,Ladies,34795,38.67
2024-25,D Pharmacy,CAP Round I,06936,Krishna Foundations Jaywant Institute Of Pharmacy Wathar Tal Karad.,Satara,Unaided,EWS,Special,Any,34137,39.33
2024-25,D Pharmacy,CAP Round I,06937,"Fabtech College Of Pharmacy, Sangola",Solapur,Unaided,GOPEN,State Level,Any,18470,59.33
2024-25,D Pharmacy,CAP Round I,06937,"Fabtech College Of Pharmacy, Sangola",Solapur,Unaided,GSC,State Level,Any,34563,39.0
2024-25,D Pharmacy,CAP Round I,06937,"Fabtech College Of Pharmacy, Sangola",Solapur,Unaided,GNTB,State Level,Any,25243,50.67
2024-25,D Pharmacy,CAP Round I,06937,"Fabtech College Of Pharmacy, Sangola",Solapur,Unaided,GNTC,State Level,Any,19409,58.0
2024-25,D Pharmacy,CAP Round I,06937,"Fabtech College Of Pharmacy, Sangola",Solapur,Unaided,GOBC,State Level,Any,35203,38.0
2024-25,D Pharmacy,CAP Round I,06937,"Fabtech College Of Pharmacy, Sangola",Solapur,Unaided,GSEBC,State Level,Any,26368,49.0
2024-25,D Pharmacy,CAP Round I,06937,"Fabtech College Of Pharmacy, Sangola",Solapur,Unaided,LOPEN,State Level,Ladies,11256,69.33
2024-25,D Pharmacy,CAP Round I,06937,"Fabtech College Of Pharmacy, Sangola",Solapur,Unaided,LSC,State Level,Ladies,27265,48.0
2024-25,D Pharmacy,CAP Round I,06937,"Fabtech College Of Pharmacy, Sangola",Solapur,Unaided,LOBC,State Level,Ladies,26557,48.67
2024-25,D Pharmacy,CAP Round I,06937,"Fabtech College Of Pharmacy, Sangola",Solapur,Unaided,LSEBC,State Level,Ladies,17179,61.0
2024-25,D Pharmacy,CAP Round I,06937,"Fabtech College Of Pharmacy, Sangola",Solapur,Unaided,EWS,Special,Any,36202,36.33
2024-25,D Pharmacy,CAP Round I,06937,"Fabtech College Of Pharmacy, Sangola",Solapur,Unaided,TFWS,Special,Any,8575,73.0
2024-25,D Pharmacy,CAP Round I,06939,"Delight Institute of Pharmacy, Koregaon Bhima",Pune,Unaided,GOPEN,State Level,Any,26558,48.67
2024-25,D Pharmacy,CAP Round I,06939,"Delight Institute of Pharmacy, Koregaon Bhima",Pune,Unaided,LOPEN,State Level,Ladies,28217,46.67
2024-25,D Pharmacy,CAP Round I,06939,"Delight Institute of Pharmacy, Koregaon Bhima",Pune,Unaided,MI,Special,Any,30501,44.0
2024-25,D Pharmacy,CAP Round I,06939,"Delight Institute of Pharmacy, Koregaon Bhima",Pune,Unaided,TFWS,Special,Any,15072,64.0
2024-25,D Pharmacy,CAP Round I,06942,"School of Pharmacy and Research Centre, Baramati",Pune,Unaided,GOPEN,State Level,Any,12658,67.33
2024-25,D Pharmacy,CAP Round I,06942,"School of Pharmacy and Research Centre, Baramati",Pune,Unaided,GSC,State Level,Any,27161,48.0
2024-25,D Pharmacy,CAP Round I,06942,"School of Pharmacy and Research Centre, Baramati",Pune,Unaided,GNTA,State Level,Any,17930,60.0
2024-25,D Pharmacy,CAP Round I,06942,"School of Pharmacy and Research Centre, Baramati",Pune,Unaided,GNTB,State Level,Any,21723,55.0
2024-25,D Pharmacy,CAP Round I,06942,"School of Pharmacy and Research Centre, Baramati",Pune,Unaided,GNTC,State Level,Any,15168,63.67
2024-25,D Pharmacy,CAP Round I,06942,"School of Pharmacy and Research Centre, Baramati",Pune,Unaided,GOBC,State Level,Any,32054,42.0
2024-25,D Pharmacy,CAP Round I,06942,"School of Pharmacy and Research Centre, Baramati",Pune,Unaided,GSEBC,State Level,Any,25264,50.33
2024-25,D Pharmacy,CAP Round I,06942,"School of Pharmacy and Research Centre, Baramati",Pune,Unaided,LOPEN,State Level,Ladies,6384,76.0
2024-25,D Pharmacy,CAP Round I,06942,"School of Pharmacy and Research Centre, Baramati",Pune,Unaided,LSC,State Level,Ladies,18224,59.67
2024-25,D Pharmacy,CAP Round I,06942,"School of Pharmacy and Research Centre, Baramati",Pune,Unaided,LNTA,State Level,Ladies,16389,62.0
2024-25,D Pharmacy,CAP Round I,06942,"School of Pharmacy and Research Centre, Baramati",Pune,Unaided,LOBC,State Level,Ladies,21470,55.33
2024-25,D Pharmacy,CAP Round I,06942,"School of Pharmacy and Research Centre, Baramati",Pune,Unaided,LSEBC,State Level,Ladies,13011,66.67
2024-25,D Pharmacy,CAP Round I,06942,"School of Pharmacy and Research Centre, Baramati",Pune,Unaided,PWDOPEN,State Level,Any,31398,42.67
2024-25,D Pharmacy,CAP Round I,06942,"School of Pharmacy and Research Centre, Baramati",Pune,Unaided,EWS,Special,Any,4915,78.33
2024-25,D Pharmacy,CAP Round I,06942,"School of Pharmacy and Research Centre, Baramati",Pune,Unaided,TFWS,Special,Any,8103,73.33
2024-25,D Pharmacy,CAP Round I,06943,"Vidya Niketan College Of Pharmacy, Lakhewadi",Pune,Unaided,GOPEN,State Level,Any,12741,67.0
2024-25,D Pharmacy,CAP Round I,06943,"Vidya Niketan College Of Pharmacy, Lakhewadi",Pune,Unaided,GSC,State Level,Any,19252,58.33
2024-25,D Pharmacy,CAP Round I,06943,"Vidya Niketan College Of Pharmacy, Lakhewadi",Pune,Unaided,GNTB,State Level,Any,27436,47.67
2024-25,D Pharmacy,CAP Round I,06943,"Vidya Niketan College Of Pharmacy, Lakhewadi",Pune,Unaided,GNTC,State Level,Any,12772,67.0
2024-25,D Pharmacy,CAP Round I,06943,"Vidya Niketan College Of Pharmacy, Lakhewadi",Pune,Unaided,GOBC,State Level,Any,36318,36.0
2024-25,D Pharmacy,CAP Round I,06943,"Vidya Niketan College Of Pharmacy, Lakhewadi",Pune,Unaided,GSEBC,State Level,Any,25346,50.33
2024-25,D Pharmacy,CAP Round I,06943,"Vidya Niketan College Of Pharmacy, Lakhewadi",Pune,Unaided,LOPEN,State Level,Ladies,2971,81.67
2024-25,D Pharmacy,CAP Round I,06943,"Vidya Niketan College Of Pharmacy, Lakhewadi",Pune,Unaided,LSC,State Level,Ladies,11546,68.67
2024-25,D Pharmacy,CAP Round I,06943,"Vidya Niketan College Of Pharmacy, Lakhewadi",Pune,Unaided,LNTB,State Level,Ladies,10149,70.67
2024-25,D Pharmacy,CAP Round I,06943,"Vidya Niketan College Of Pharmacy, Lakhewadi",Pune,Unaided,LNTC,State Level,Ladies,9241,72.0
2024-25,D Pharmacy,CAP Round I,06943,"Vidya Niketan College Of Pharmacy, Lakhewadi",Pune,Unaided,LOBC,State Level,Ladies,5093,78.0
2024-25,D Pharmacy,CAP Round I,06943,"Vidya Niketan College Of Pharmacy, Lakhewadi",Pune,Unaided,LSEBC,State Level,Ladies,6009,76.33
2024-25,D Pharmacy,CAP Round I,06943,"Vidya Niketan College Of Pharmacy, Lakhewadi",Pune,Unaided,DEFOPEN,State Level,Any,7459,74.33
2024-25,D Pharmacy,CAP Round I,06943,"Vidya Niketan College Of Pharmacy, Lakhewadi",Pune,Unaided,EWS,Special,Any,10358,70.33
2024-25,D Pharmacy,CAP Round I,06943,"Vidya Niketan College Of Pharmacy, Lakhewadi",Pune,Unaided,TFWS,Special,Any,16688,61.67
2024-25,D Pharmacy,CAP Round I,06952,Mahadev Kanchan College Of Pharmaceutical Education And Research,Research,Unaided,GOPEN,State Level,Any,34289,39.33
2024-25,D Pharmacy,CAP Round I,06952,Mahadev Kanchan College Of Pharmaceutical Education And Research,Research,Unaided,GNTC,State Level,Any,36112,36.67
2024-25,D Pharmacy,CAP Round I,06952,Mahadev Kanchan College Of Pharmaceutical Education And Research,Research,Unaided,LOPEN,State Level,Ladies,24307,51.67
2024-25,D Pharmacy,CAP Round I,06952,Mahadev Kanchan College Of Pharmaceutical Education And Research,Research,Unaided,LSC,State Level,Ladies,28814,46.0
2024-25,D Pharmacy,CAP Round I,06952,Mahadev Kanchan College Of Pharmaceutical Education And Research,Research,Unaided,LNTC,State Level,Ladies,29219,45.33
2024-25,D Pharmacy,CAP Round I,06952,Mahadev Kanchan College Of Pharmaceutical Education And Research,Research,Unaided,LOBC,State Level,Ladies,27003,48.33
2024-25,D Pharmacy,CAP Round I,06952,Mahadev Kanchan College Of Pharmaceutical Education And Research,Research,Unaided,LSEBC,State Level,Ladies,34430,39.0
2024-25,D Pharmacy,CAP Round I,06952,Mahadev Kanchan College Of Pharmaceutical Education And Research,Research,Unaided,EWS,Special,Any,28245,46.67
2024-25,D Pharmacy,CAP Round I,06953,Varvand Gram Shikshan Sansthas Eknath Sitaram Divekar College Of Pharmacy Varvand,Pune,Unaided,GOPEN,State Level,Any,23692,52.67
2024-25,D Pharmacy,CAP Round I,06953,Varvand Gram Shikshan Sansthas Eknath Sitaram Divekar College Of Pharmacy Varvand,Pune,Unaided,GSC,State Level,Any,34023,39.67
2024-25,D Pharmacy,CAP Round I,06953,Varvand Gram Shikshan Sansthas Eknath Sitaram Divekar College Of Pharmacy Varvand,Pune,Unaided,GNTA,State Level,Any,28487,46.33
2024-25,D Pharmacy,CAP Round I,06953,Varvand Gram Shikshan Sansthas Eknath Sitaram Divekar College Of Pharmacy Varvand,Pune,Unaided,GNTC,State Level,Any,23780,52.33
2024-25,D Pharmacy,CAP Round I,06953,Varvand Gram Shikshan Sansthas Eknath Sitaram Divekar College Of Pharmacy Varvand,Pune,Unaided,GSEBC,State Level,Any,34900,38.33
2024-25,D Pharmacy,CAP Round I,06953,Varvand Gram Shikshan Sansthas Eknath Sitaram Divekar College Of Pharmacy Varvand,Pune,Unaided,LOPEN,State Level,Ladies,13008,66.67
2024-25,D Pharmacy,CAP Round I,06953,Varvand Gram Shikshan Sansthas Eknath Sitaram Divekar College Of Pharmacy Varvand,Pune,Unaided,LSC,State Level,Ladies,17064,61.33
2024-25,D Pharmacy,CAP Round I,06953,Varvand Gram Shikshan Sansthas Eknath Sitaram Divekar College Of Pharmacy Varvand,Pune,Unaided,LST,State Level,Ladies,14934,64.0
2024-25,D Pharmacy,CAP Round I,06953,Varvand Gram Shikshan Sansthas Eknath Sitaram Divekar College Of Pharmacy Varvand,Pune,Unaided,LNTB,State Level,Ladies,18689,59.0
2024-25,D Pharmacy,CAP Round I,06953,Varvand Gram Shikshan Sansthas Eknath Sitaram Divekar College Of Pharmacy Varvand,Pune,Unaided,LNTC,State Level,Ladies,18970,58.67
2024-25,D Pharmacy,CAP Round I,06953,Varvand Gram Shikshan Sansthas Eknath Sitaram Divekar College Of Pharmacy Varvand,Pune,Unaided,LOBC,State Level,Ladies,36462,35.67
2024-25,D Pharmacy,CAP Round I,06953,Varvand Gram Shikshan Sansthas Eknath Sitaram Divekar College Of Pharmacy Varvand,Pune,Unaided,PWDOPEN,State Level,Any,21817,55.0
2024-25,D Pharmacy,CAP Round I,06953,Varvand Gram Shikshan Sansthas Eknath Sitaram Divekar College Of Pharmacy Varvand,Pune,Unaided,EWS,Special,Any,24047,52.0
2024-25,D Pharmacy,CAP Round I,06953,Varvand Gram Shikshan Sansthas Eknath Sitaram Divekar College Of Pharmacy Varvand,Pune,Unaided,TFWS,Special,Any,32716,41.33
2024-25,D Pharmacy,CAP Round I,06954,"Shri Ganpati Institute of Pharmaceutical Sciences and Research, Tembhurni",Solapur,Unaided,GOPEN,State Level,Any,17577,60.67
2024-25,D Pharmacy,CAP Round I,06954,"Shri Ganpati Institute of Pharmaceutical Sciences and Research, Tembhurni",Solapur,Unaided,GSC,State Level,Any,28541,46.33
2024-25,D Pharmacy,CAP Round I,06954,"Shri Ganpati Institute of Pharmaceutical Sciences and Research, Tembhurni",Solapur,Unaided,GST,State Level,Any,36082,36.67
2024-25,D Pharmacy,CAP Round I,06954,"Shri Ganpati Institute of Pharmaceutical Sciences and Research, Tembhurni",Solapur,Unaided,GNTC,State Level,Any,18528,59.33
2024-25,D Pharmacy,CAP Round I,06954,"Shri Ganpati Institute of Pharmaceutical Sciences and Research, Tembhurni",Solapur,Unaided,GOBC,State Level,Any,36395,36.0
2024-25,D Pharmacy,CAP Round I,06954,"Shri Ganpati Institute of Pharmaceutical Sciences and Research, Tembhurni",Solapur,Unaided,GSEBC,State Level,Any,29470,45.0
2024-25,D Pharmacy,CAP Round I,06954,"Shri Ganpati Institute of Pharmaceutical Sciences and Research, Tembhurni",Solapur,Unaided,LOPEN,State Level,Ladies,6029,76.33
2024-25,D Pharmacy,CAP Round I,06954,"Shri Ganpati Institute of Pharmaceutical Sciences and Research, Tembhurni",Solapur,Unaided,LSC,State Level,Ladies,15927,62.67
2024-25,D Pharmacy,CAP Round I,06954,"Shri Ganpati Institute of Pharmaceutical Sciences and Research, Tembhurni",Solapur,Unaided,LNTA,State Level,Ladies,20456,56.67
2024-25,D Pharmacy,CAP Round I,06954,"Shri Ganpati Institute of Pharmaceutical Sciences and Research, Tembhurni",Solapur,Unaided,LOBC,State Level,Ladies,27717,47.33
2024-25,D Pharmacy,CAP Round I,06954,"Shri Ganpati Institute of Pharmaceutical Sciences and Research, Tembhurni",Solapur,Unaided,LSEBC,State Level,Ladies,28150,46.67
2024-25,D Pharmacy,CAP Round I,06954,"Shri Ganpati Institute of Pharmaceutical Sciences and Research, Tembhurni",Solapur,Unaided,PWDOPEN,State Level,Any,6493,75.67
2024-25,D Pharmacy,CAP Round I,06954,"Shri Ganpati Institute of Pharmaceutical Sciences and Research, Tembhurni",Solapur,Unaided,EWS,Special,Any,23785,52.33
2024-25,D Pharmacy,CAP Round I,06954,"Shri Ganpati Institute of Pharmaceutical Sciences and Research, Tembhurni",Solapur,Unaided,TFWS,Special,Any,14738,64.33
2024-25,D Pharmacy,CAP Round I,06956,Trinity College Of Pharmacy Pune,Pune,Unaided,GOPEN,State Level,Any,23552,52.67
2024-25,D Pharmacy,CAP Round I,06956,Trinity College Of Pharmacy Pune,Pune,Unaided,GSC,State Level,Any,35310,38.0
2024-25,D Pharmacy,CAP Round I,06956,Trinity College Of Pharmacy Pune,Pune,Unaided,GST,State Level,Any,27001,48.33
2024-25,D Pharmacy,CAP Round I,06956,Trinity College Of Pharmacy Pune,Pune,Unaided,GNTA,State Level,Any,32321,41.67
2024-25,D Pharmacy,CAP Round I,06956,Trinity College Of Pharmacy Pune,Pune,Unaided,GNTB,State Level,Any,26355,49.0
2024-25,D Pharmacy,CAP Round I,06956,Trinity College Of Pharmacy Pune,Pune,Unaided,GNTD,State Level,Any,24143,52.0
2024-25,D Pharmacy,CAP Round I,06956,Trinity College Of Pharmacy Pune,Pune,Unaided,GOBC,State Level,Any,35629,37.33
2024-25,D Pharmacy,CAP Round I,06956,Trinity College Of Pharmacy Pune,Pune,Unaided,LOPEN,State Level,Ladies,19993,57.33
2024-25,D Pharmacy,CAP Round I,06956,Trinity College Of Pharmacy Pune,Pune,Unaided,LSC,State Level,Ladies,33896,39.67
2024-25,D Pharmacy,CAP Round I,06956,Trinity College Of Pharmacy Pune,Pune,Unaided,LST,State Level,Ladies,20771,56.33
2024-25,D Pharmacy,CAP Round I,06956,Trinity College Of Pharmacy Pune,Pune,Unaided,LOBC,State Level,Ladies,25029,50.67
2024-25,D Pharmacy,CAP Round I,06956,Trinity College Of Pharmacy Pune,Pune,Unaided,LSEBC,State Level,Ladies,35438,37.67
2024-25,D Pharmacy,CAP Round I,06956,Trinity College Of Pharmacy Pune,Pune,Unaided,EWS,Special,Any,35115,38.33
2024-25,D Pharmacy,CAP Round I,06956,Trinity College Of Pharmacy Pune,Pune,Unaided,TFWS,Special,Any,16893,61.33
2024-25,D Pharmacy,CAP Round I,06957,"Ashokrao Mane Institute Of Pharmacy Ambap, Hatkanangle",Kolhapur,Unaided,GOPEN,State Level,Any,36417,36.0
2024-25,D Pharmacy,CAP Round I,06957,"Ashokrao Mane Institute Of Pharmacy Ambap, Hatkanangle",Kolhapur,Unaided,LOPEN,State Level,Ladies,34123,39.33
2024-25,D Pharmacy,CAP Round I,06957,"Ashokrao Mane Institute Of Pharmacy Ambap, Hatkanangle",Kolhapur,Unaided,LSC,State Level,Ladies,35810,37.0
2024-25,D Pharmacy,CAP Round I,06957,"Ashokrao Mane Institute Of Pharmacy Ambap, Hatkanangle",Kolhapur,Unaided,TFWS,Special,Any,27706,47.33
2024-25,D Pharmacy,CAP Round I,06958,"Genesis Institute Of Pharmacy, Radhanagari",Kolhapur,Unaided,GOPEN,State Level,Any,18185,59.67
2024-25,D Pharmacy,CAP Round I,06958,"Genesis Institute Of Pharmacy, Radhanagari",Kolhapur,Unaided,GSC,State Level,Any,34069,39.33
2024-25,D Pharmacy,CAP Round I,06958,"Genesis Institute Of Pharmacy, Radhanagari",Kolhapur,Unaided,GNTB,State Level,Any,23693,52.67
2024-25,D Pharmacy,CAP Round I,06958,"Genesis Institute Of Pharmacy, Radhanagari",Kolhapur,Unaided,GOBC,State Level,Any,27733,47.33
2024-25,D Pharmacy,CAP Round I,06958,"Genesis Institute Of Pharmacy, Radhanagari",Kolhapur,Unaided,GSEBC,State Level,Any,29768,44.67
2024-25,D Pharmacy,CAP Round I,06958,"Genesis Institute Of Pharmacy, Radhanagari",Kolhapur,Unaided,LOPEN,State Level,Ladies,12768,67.0
2024-25,D Pharmacy,CAP Round I,06958,"Genesis Institute Of Pharmacy, Radhanagari",Kolhapur,Unaided,LSC,State Level,Ladies,18431,59.33
2024-25,D Pharmacy,CAP Round I,06958,"Genesis Institute Of Pharmacy, Radhanagari",Kolhapur,Unaided,LNTC,State Level,Ladies,27528,47.67
2024-25,D Pharmacy,CAP Round I,06958,"Genesis Institute Of Pharmacy, Radhanagari",Kolhapur,Unaided,LOBC,State Level,Ladies,16415,62.0
2024-25,D Pharmacy,CAP Round I,06958,"Genesis Institute Of Pharmacy, Radhanagari",Kolhapur,Unaided,LSEBC,State Level,Ladies,19557,58.0
2024-25,D Pharmacy,CAP Round I,06958,"Genesis Institute Of Pharmacy, Radhanagari",Kolhapur,Unaided,PWDOPEN,State Level,Any,12378,67.67
2024-25,D Pharmacy,CAP Round I,06958,"Genesis Institute Of Pharmacy, Radhanagari",Kolhapur,Unaided,EWS,Special,Any,11898,68.33
2024-25,D Pharmacy,CAP Round I,06958,"Genesis Institute Of Pharmacy, Radhanagari",Kolhapur,Unaided,ORPHAN,Special,Any,33092,40.67
2024-25,D Pharmacy,CAP Round I,06962,"Late Laxmibai Phadtare College of Pharmacy, Kalamb",Hingoli,Unaided,GOPEN,State Level,Any,17880,60.33
2024-25,D Pharmacy,CAP Round I,06962,"Late Laxmibai Phadtare College of Pharmacy, Kalamb",Hingoli,Unaided,GNTA,State Level,Any,34691,38.67
2024-25,D Pharmacy,CAP Round I,06962,"Late Laxmibai Phadtare College of Pharmacy, Kalamb",Hingoli,Unaided,GNTB,State Level,Any,27840,47.33
2024-25,D Pharmacy,CAP Round I,06962,"Late Laxmibai Phadtare College of Pharmacy, Kalamb",Hingoli,Unaided,GNTC,State Level,Any,25008,50.67
2024-25,D Pharmacy,CAP Round I,06962,"Late Laxmibai Phadtare College of Pharmacy, Kalamb",Hingoli,Unaided,LOPEN,State Level,Ladies,4557,78.67
2024-25,D Pharmacy,CAP Round I,06962,"Late Laxmibai Phadtare College of Pharmacy, Kalamb",Hingoli,Unaided,LSC,State Level,Ladies,30856,43.33
2024-25,D Pharmacy,CAP Round I,06962,"Late Laxmibai Phadtare College of Pharmacy, Kalamb",Hingoli,Unaided,LOBC,State Level,Ladies,33551,40.0
2024-25,D Pharmacy,CAP Round I,06962,"Late Laxmibai Phadtare College of Pharmacy, Kalamb",Hingoli,Unaided,TFWS,Special,Any,15981,62.67
2024-25,D Pharmacy,CAP Round I,06964,"Amepurva Forum's Nirant Institute of Pharmacy, Solapur",Solapur,Unaided,GOPEN,State Level,Any,29987,44.33
2024-25,D Pharmacy,CAP Round I,06964,"Amepurva Forum's Nirant Institute of Pharmacy, Solapur",Solapur,Unaided,GSC,State Level,Any,34273,39.33
2024-25,D Pharmacy,CAP Round I,06964,"Amepurva Forum's Nirant Institute of Pharmacy, Solapur",Solapur,Unaided,GNTB,State Level,Any,34827,38.67
2024-25,D Pharmacy,CAP Round I,06964,"Amepurva Forum's Nirant Institute of Pharmacy, Solapur",Solapur,Unaided,GOBC,State Level,Any,35576,37.67
2024-25,D Pharmacy,CAP Round I,06964,"Amepurva Forum's Nirant Institute of Pharmacy, Solapur",Solapur,Unaided,GSEBC,State Level,Any,34292,39.33
2024-25,D Pharmacy,CAP Round I,06964,"Amepurva Forum's Nirant Institute of Pharmacy, Solapur",Solapur,Unaided,LOPEN,State Level,Ladies,26877,48.33
2024-25,D Pharmacy,CAP Round I,06964,"Amepurva Forum's Nirant Institute of Pharmacy, Solapur",Solapur,Unaided,LOBC,State Level,Ladies,27891,47.33
2024-25,D Pharmacy,CAP Round I,06964,"Amepurva Forum's Nirant Institute of Pharmacy, Solapur",Solapur,Unaided,EWS,Special,Any,31061,43.33
2024-25,D Pharmacy,CAP Round I,06965,"Shivraj College of Pharmacy, Gadhinglaj",Kolhapur,Unaided,GOPEN,State Level,Any,24818,51.0
2024-25,D Pharmacy,CAP Round I,06965,"Shivraj College of Pharmacy, Gadhinglaj",Kolhapur,Unaided,GSC,State Level,Any,28472,46.33
2024-25,D Pharmacy,CAP Round I,06965,"Shivraj College of Pharmacy, Gadhinglaj",Kolhapur,Unaided,GSEBC,State Level,Any,33474,40.33
2024-25,D Pharmacy,CAP Round I,06965,"Shivraj College of Pharmacy, Gadhinglaj",Kolhapur,Unaided,LOPEN,State Level,Ladies,19734,57.67
2024-25,D Pharmacy,CAP Round I,06965,"Shivraj College of Pharmacy, Gadhinglaj",Kolhapur,Unaided,LSC,State Level,Ladies,25104,50.67
2024-25,D Pharmacy,CAP Round I,06965,"Shivraj College of Pharmacy, Gadhinglaj",Kolhapur,Unaided,LNTB,State Level,Ladies,23945,52.33
2024-25,D Pharmacy,CAP Round I,06965,"Shivraj College of Pharmacy, Gadhinglaj",Kolhapur,Unaided,LOBC,State Level,Ladies,20243,57.0
2024-25,D Pharmacy,CAP Round I,06965,"Shivraj College of Pharmacy, Gadhinglaj",Kolhapur,Unaided,LSEBC,State Level,Ladies,21717,55.0
2024-25,D Pharmacy,CAP Round I,06965,"Shivraj College of Pharmacy, Gadhinglaj",Kolhapur,Unaided,TFWS,Special,Any,30912,43.33
2024-25,D Pharmacy,CAP Round I,06978,Arya College of Pharmacy,Pharmacy,Unaided,GOPEN,State Level,Any,21040,56.0
2024-25,D Pharmacy,CAP Round I,06978,Arya College of Pharmacy,Pharmacy,Unaided,GSC,State Level,Any,26697,48.67
2024-25,D Pharmacy,CAP Round I,06978,Arya College of Pharmacy,Pharmacy,Unaided,GOBC,State Level,Any,33010,40.67
2024-25,D Pharmacy,CAP Round I,06978,Arya College of Pharmacy,Pharmacy,Unaided,LOPEN,State Level,Ladies,9094,72.0
2024-25,D Pharmacy,CAP Round I,06978,Arya College of Pharmacy,Pharmacy,Unaided,LSC,State Level,Ladies,10476,70.33
2024-25,D Pharmacy,CAP Round I,06978,Arya College of Pharmacy,Pharmacy,Unaided,LOBC,State Level,Ladies,32526,41.33
2024-25,D Pharmacy,CAP Round I,06978,Arya College of Pharmacy,Pharmacy,Unaided,LSEBC,State Level,Ladies,18956,58.67
2024-25,D Pharmacy,CAP Round I,06978,Arya College of Pharmacy,Pharmacy,Unaided,EWS,Special,Any,19907,57.33
2024-25,D Pharmacy,CAP Round I,06978,Arya College of Pharmacy,Pharmacy,Unaided,TFWS,Special,Any,23393,53.0
2024-25,D Pharmacy,CAP Round I,06979,Institute Of Diploma Pharmacy,Pharmacy,Unaided,GOPEN,State Level,Any,31558,42.67
2024-25,D Pharmacy,CAP Round I,06979,Institute Of Diploma Pharmacy,Pharmacy,Unaided,LOPEN,State Level,Ladies,26438,49.0
2024-25,D Pharmacy,CAP Round I,06979,Institute Of Diploma Pharmacy,Pharmacy,Unaided,LSC,State Level,Ladies,35959,37.0
2024-25,D Pharmacy,CAP Round I,06979,Institute Of Diploma Pharmacy,Pharmacy,Unaided,LNTC,State Level,Ladies,36547,35.33
2024-25,D Pharmacy,CAP Round I,06979,Institute Of Diploma Pharmacy,Pharmacy,Unaided,LSEBC,State Level,Ladies,29167,45.33
2024-25,D Pharmacy,CAP Round I,06979,Institute Of Diploma Pharmacy,Pharmacy,Unaided,EWS,Special,Any,32290,41.67
2024-25,D Pharmacy,CAP Round I,06980,Jaihind College of Pharmacy,Pharmacy,Unaided,GOPEN,State Level,Any,36376,36.0
2024-25,D Pharmacy,CAP Round I,06980,Jaihind College of Pharmacy,Pharmacy,Unaided,LOPEN,State Level,Ladies,27911,47.0
2024-25,D Pharmacy,CAP Round I,06980,Jaihind College of Pharmacy,Pharmacy,Unaided,LSC,State Level,Ladies,28933,45.67
2024-25,D Pharmacy,CAP Round I,06980,Jaihind College of Pharmacy,Pharmacy,Unaided,LST,State Level,Ladies,32534,41.33
2024-25,D Pharmacy,CAP Round I,06980,Jaihind College of Pharmacy,Pharmacy,Unaided,LOBC,State Level,Ladies,35162,38.0
2024-25,D Pharmacy,CAP Round I,06980,Jaihind College of Pharmacy,Pharmacy,Unaided,EWS,Special,Any,29184,45.33
2024-25,D Pharmacy,CAP Round I,06980,Jaihind College of Pharmacy,Pharmacy,Unaided,TFWS,Special,Any,31768,42.33
2024-25,D Pharmacy,CAP Round I,06981,Vitthal Pratishthan College of Pharmacy,Pharmacy,Unaided,GOPEN,State Level,Any,28213,46.67
2024-25,D Pharmacy,CAP Round I,06981,Vitthal Pratishthan College of Pharmacy,Pharmacy,Unaided,GNTC,State Level,Any,31813,42.33
2024-25,D Pharmacy,CAP Round I,06981,Vitthal Pratishthan College of Pharmacy,Pharmacy,Unaided,LOPEN,State Level,Ladies,19048,58.67
2024-25,D Pharmacy,CAP Round I,06981,Vitthal Pratishthan College of Pharmacy,Pharmacy,Unaided,LSC,State Level,Ladies,35058,38.33
2024-25,D Pharmacy,CAP Round I,06981,Vitthal Pratishthan College of Pharmacy,Pharmacy,Unaided,LNTC,State Level,Ladies,21617,55.33
2024-25,D Pharmacy,CAP Round I,06981,Vitthal Pratishthan College of Pharmacy,Pharmacy,Unaided,LOBC,State Level,Ladies,29329,45.33
2024-25,D Pharmacy,CAP Round I,06981,Vitthal Pratishthan College of Pharmacy,Pharmacy,Unaided,TFWS,Special,Any,25840,49.67
2024-25,D Pharmacy,CAP Round I,06982,"New College of Pharmacy, Kolhapur",Kolhapur,Unaided,GOPEN,State Level,Any,25415,50.33
2024-25,D Pharmacy,CAP Round I,06982,"New College of Pharmacy, Kolhapur",Kolhapur,Unaided,GSC,State Level,Any,31815,42.33
2024-25,D Pharmacy,CAP Round I,06982,"New College of Pharmacy, Kolhapur",Kolhapur,Unaided,GNTB,State Level,Any,26069,49.33
2024-25,D Pharmacy,CAP Round I,06982,"New College of Pharmacy, Kolhapur",Kolhapur,Unaided,GNTC,State Level,Any,26204,49.33
2024-25,D Pharmacy,CAP Round I,06982,"New College of Pharmacy, Kolhapur",Kolhapur,Unaided,GOBC,State Level,Any,33917,39.67
2024-25,D Pharmacy,CAP Round I,06982,"New College of Pharmacy, Kolhapur",Kolhapur,Unaided,GSEBC,State Level,Any,30172,44.33
2024-25,D Pharmacy,CAP Round I,06982,"New College of Pharmacy, Kolhapur",Kolhapur,Unaided,LOPEN,State Level,Ladies,18213,59.67
2024-25,D Pharmacy,CAP Round I,06982,"New College of Pharmacy, Kolhapur",Kolhapur,Unaided,LSC,State Level,Ladies,29491,45.0
2024-25,D Pharmacy,CAP Round I,06982,"New College of Pharmacy, Kolhapur",Kolhapur,Unaided,LNTC,State Level,Ladies,29489,45.0
2024-25,D Pharmacy,CAP Round I,06982,"New College of Pharmacy, Kolhapur",Kolhapur,Unaided,LOBC,State Level,Ladies,27468,47.67
2024-25,D Pharmacy,CAP Round I,06982,"New College of Pharmacy, Kolhapur",Kolhapur,Unaided,LSEBC,State Level,Ladies,34961,38.33
2024-25,D Pharmacy,CAP Round I,06982,"New College of Pharmacy, Kolhapur",Kolhapur,Unaided,EWS,Special,Any,35530,37.67
2024-25,D Pharmacy,CAP Round I,06982,"New College of Pharmacy, Kolhapur",Kolhapur,Unaided,TFWS,Special,Any,24990,51.0
2024-25,D Pharmacy,CAP Round I,06983,"Ashokrao Mane Institute of Pharmacy, Vathar Tarf- Vadagaon",Pune,Unaided,GOPEN,State Level,Any,34084,39.33
2024-25,D Pharmacy,CAP Round I,06983,"Ashokrao Mane Institute of Pharmacy, Vathar Tarf- Vadagaon",Pune,Unaided,GSC,State Level,Any,35425,37.67
2024-25,D Pharmacy,CAP Round I,06983,"Ashokrao Mane Institute of Pharmacy, Vathar Tarf- Vadagaon",Pune,Unaided,LOPEN,State Level,Ladies,29201,45.33
2024-25,D Pharmacy,CAP Round I,06983,"Ashokrao Mane Institute of Pharmacy, Vathar Tarf- Vadagaon",Pune,Unaided,LSC,State Level,Ladies,33043,40.67
2024-25,D Pharmacy,CAP Round I,06983,"Ashokrao Mane Institute of Pharmacy, Vathar Tarf- Vadagaon",Pune,Unaided,LSEBC,State Level,Ladies,35023,38.33
2024-25,D Pharmacy,CAP Round I,06983,"Ashokrao Mane Institute of Pharmacy, Vathar Tarf- Vadagaon",Pune,Unaided,EWS,Special,Any,29186,45.33
2024-25,D Pharmacy,CAP Round I,06983,"Ashokrao Mane Institute of Pharmacy, Vathar Tarf- Vadagaon",Pune,Unaided,TFWS,Special,Any,29251,45.33
2024-25,D Pharmacy,CAP Round I,06984,"Bhausaheb Gudge College of Pharmacy, Mayani",Satara,Unaided,GOPEN,State Level,Any,34119,39.33
2024-25,D Pharmacy,CAP Round I,06984,"Bhausaheb Gudge College of Pharmacy, Mayani",Satara,Unaided,GNTC,State Level,Any,34215,39.33
2024-25,D Pharmacy,CAP Round I,06984,"Bhausaheb Gudge College of Pharmacy, Mayani",Satara,Unaided,LOPEN,State Level,Ladies,28676,46.0
2024-25,D Pharmacy,CAP Round I,06984,"Bhausaheb Gudge College of Pharmacy, Mayani",Satara,Unaided,LSC,State Level,Ladies,32817,41.0
2024-25,D Pharmacy,CAP Round I,06984,"Bhausaheb Gudge College of Pharmacy, Mayani",Satara,Unaided,LNTC,State Level,Ladies,29216,45.33
2024-25,D Pharmacy,CAP Round I,06985,"VPS College of Pharmacy, Waksai, Lonavala",Pune,Unaided,GOPEN,State Level,Any,35875,37.0
2024-25,D Pharmacy,CAP Round I,06985,"VPS College of Pharmacy, Waksai, Lonavala",Pune,Unaided,LOPEN,State Level,Ladies,33628,40.0
2024-25,D Pharmacy,CAP Round I,06985,"VPS College of Pharmacy, Waksai, Lonavala",Pune,Unaided,EWS,Special,Any,31579,42.67
2024-25,D Pharmacy,CAP Round I,06987,"Shri. Datta Shikshan Prasarak Mandal Panutre's Alka Patil College of Pharmacy, Kale",Kolhapur,Unaided,GOPEN,State Level,Any,19881,57.67
2024-25,D Pharmacy,CAP Round I,06987,"Shri. Datta Shikshan Prasarak Mandal Panutre's Alka Patil College of Pharmacy, Kale",Kolhapur,Unaided,GSC,State Level,Any,34904,38.33
2024-25,D Pharmacy,CAP Round I,06987,"Shri. Datta Shikshan Prasarak Mandal Panutre's Alka Patil College of Pharmacy, Kale",Kolhapur,Unaided,GNTC,State Level,Any,31530,42.67
2024-25,D Pharmacy,CAP Round I,06987,"Shri. Datta Shikshan Prasarak Mandal Panutre's Alka Patil College of Pharmacy, Kale",Kolhapur,Unaided,GOBC,State Level,Any,22884,53.67
2024-25,D Pharmacy,CAP Round I,06987,"Shri. Datta Shikshan Prasarak Mandal Panutre's Alka Patil College of Pharmacy, Kale",Kolhapur,Unaided,LOPEN,State Level,Ladies,14502,64.67
2024-25,D Pharmacy,CAP Round I,06987,"Shri. Datta Shikshan Prasarak Mandal Panutre's Alka Patil College of Pharmacy, Kale",Kolhapur,Unaided,LSC,State Level,Ladies,14558,64.67
2024-25,D Pharmacy,CAP Round I,06987,"Shri. Datta Shikshan Prasarak Mandal Panutre's Alka Patil College of Pharmacy, Kale",Kolhapur,Unaided,EWS,Special,Any,34010,39.67
2024-25,D Pharmacy,CAP Round I,06988,"Radhabai Shinde College of Pharmacy, Bhadgaon, Kolhapur",Kolhapur,Unaided,GOPEN,State Level,Any,28651,46.0
2024-25,D Pharmacy,CAP Round I,06988,"Radhabai Shinde College of Pharmacy, Bhadgaon, Kolhapur",Kolhapur,Unaided,GSC,State Level,Any,32592,41.33
2024-25,D Pharmacy,CAP Round I,06988,"Radhabai Shinde College of Pharmacy, Bhadgaon, Kolhapur",Kolhapur,Unaided,LOPEN,State Level,Ladies,26963,48.33
2024-25,D Pharmacy,CAP Round I,06988,"Radhabai Shinde College of Pharmacy, Bhadgaon, Kolhapur",Kolhapur,Unaided,LOBC,State Level,Ladies,30877,43.33
2024-25,D Pharmacy,CAP Round I,06988,"Radhabai Shinde College of Pharmacy, Bhadgaon, Kolhapur",Kolhapur,Unaided,EWS,Special,Any,22036,54.67
2024-25,D Pharmacy,CAP Round I,06989,"SEFâ€™s Suryadatta College of Pharmacy, Healthcare, & Research (SCPHR), Bavdhan, Pune",Pune,Unaided,GOPEN,State Level,Any,29446,45.0
2024-25,D Pharmacy,CAP Round I,06989,"SEFâ€™s Suryadatta College of Pharmacy, Healthcare, & Research (SCPHR), Bavdhan, Pune",Pune,Unaided,LOPEN,State Level,Ladies,26169,49.33
2024-25,D Pharmacy,CAP Round I,06989,"SEFâ€™s Suryadatta College of Pharmacy, Healthcare, & Research (SCPHR), Bavdhan, Pune",Pune,Unaided,TFWS,Special,Any,23345,53.0
2024-25,D Pharmacy,CAP Round I,06997,"New Women's College of Pharmacy, Kolhapur",Kolhapur,Unaided,LOPEN,State Level,Ladies,19290,58.33
2024-25,D Pharmacy,CAP Round I,06997,"New Women's College of Pharmacy, Kolhapur",Kolhapur,Unaided,LSC,State Level,Ladies,30671,43.67
2024-25,D Pharmacy,CAP Round I,06997,"New Women's College of Pharmacy, Kolhapur",Kolhapur,Unaided,LNTA,State Level,Ladies,34028,39.67
2024-25,D Pharmacy,CAP Round I,06997,"New Women's College of Pharmacy, Kolhapur",Kolhapur,Unaided,LNTB,State Level,Ladies,26058,49.33
2024-25,D Pharmacy,CAP Round I,06997,"New Women's College of Pharmacy, Kolhapur",Kolhapur,Unaided,LNTC,State Level,Ladies,23602,52.67
2024-25,D Pharmacy,CAP Round I,06997,"New Women's College of Pharmacy, Kolhapur",Kolhapur,Unaided,LOBC,State Level,Ladies,32739,41.0
2024-25,D Pharmacy,CAP Round I,06997,"New Women's College of Pharmacy, Kolhapur",Kolhapur,Unaided,LSEBC,State Level,Ladies,34996,38.33
2024-25,D Pharmacy,CAP Round I,06997,"New Women's College of Pharmacy, Kolhapur",Kolhapur,Unaided,EWS,Special,Any,25358,50.33
2024-25,D Pharmacy,CAP Round I,06999,Sharad College of Pharmacy,Pharmacy,Unaided,GOPEN,State Level,Any,19516,58.0
2024-25,D Pharmacy,CAP Round I,06999,Sharad College of Pharmacy,Pharmacy,Unaided,GSC,State Level,Any,26669,48.67
2024-25,D Pharmacy,CAP Round I,06999,Sharad College of Pharmacy,Pharmacy,Unaided,GNTB,State Level,Any,25803,49.67
2024-25,D Pharmacy,CAP Round I,06999,Sharad College of Pharmacy,Pharmacy,Unaided,GNTC,State Level,Any,27396,47.67
2024-25,D Pharmacy,CAP Round I,06999,Sharad College of Pharmacy,Pharmacy,Unaided,GOBC,State Level,Any,26966,48.33
2024-25,D Pharmacy,CAP Round I,06999,Sharad College of Pharmacy,Pharmacy,Unaided,GSEBC,State Level,Any,34934,38.33
2024-25,D Pharmacy,CAP Round I,06999,Sharad College of Pharmacy,Pharmacy,Unaided,LOPEN,State Level,Ladies,12760,67.0
2024-25,D Pharmacy,CAP Round I,06999,Sharad College of Pharmacy,Pharmacy,Unaided,LSC,State Level,Ladies,23581,52.67
2024-25,D Pharmacy,CAP Round I,06999,Sharad College of Pharmacy,Pharmacy,Unaided,LOBC,State Level,Ladies,16453,62.0
2024-25,D Pharmacy,CAP Round I,06999,Sharad College of Pharmacy,Pharmacy,Unaided,LSEBC,State Level,Ladies,22930,53.67
2024-25,D Pharmacy,CAP Round I,06999,Sharad College of Pharmacy,Pharmacy,Unaided,EWS,Special,Any,29032,45.67
2024-25,D Pharmacy,CAP Round I,06999,Sharad College of Pharmacy,Pharmacy,Unaided,TFWS,Special,Any,16256,62.33
2024-25,D Pharmacy,CAP Round I,16101,Angel College of Phamacy,Phamacy,Unaided,GOPEN,State Level,Any,27539,47.67
2024-25,D Pharmacy,CAP Round I,16101,Angel College of Phamacy,Phamacy,Unaided,GSC,State Level,Any,34248,39.33
2024-25,D Pharmacy,CAP Round I,16101,Angel College of Phamacy,Phamacy,Unaided,GNTB,State Level,Any,35072,38.33
2024-25,D Pharmacy,CAP Round I,16101,Angel College of Phamacy,Phamacy,Unaided,GNTC,State Level,Any,35610,37.67
2024-25,D Pharmacy,CAP Round I,16101,Angel College of Phamacy,Phamacy,Unaided,GOBC,State Level,Any,29493,45.0
2024-25,D Pharmacy,CAP Round I,16101,Angel College of Phamacy,Phamacy,Unaided,GSEBC,State Level,Any,28707,46.0
2024-25,D Pharmacy,CAP Round I,16101,Angel College of Phamacy,Phamacy,Unaided,LOPEN,State Level,Ladies,21747,55.0
2024-25,D Pharmacy,CAP Round I,16101,Angel College of Phamacy,Phamacy,Unaided,LSC,State Level,Ladies,35225,38.0
2024-25,D Pharmacy,CAP Round I,16101,Angel College of Phamacy,Phamacy,Unaided,LOBC,State Level,Ladies,34136,39.33
2024-25,D Pharmacy,CAP Round I,16101,Angel College of Phamacy,Phamacy,Unaided,EWS,Special,Any,26283,49.0
2024-25,D Pharmacy,CAP Round I,16103,Chetana College of Pharmacy,Pharmacy,Unaided,GOPEN,State Level,Any,17950,60.0
2024-25,D Pharmacy,CAP Round I,16103,Chetana College of Pharmacy,Pharmacy,Unaided,GNTA,State Level,Any,27228,48.0
2024-25,D Pharmacy,CAP Round I,16103,Chetana College of Pharmacy,Pharmacy,Unaided,GNTB,State Level,Any,24455,51.67
2024-25,D Pharmacy,CAP Round I,16103,Chetana College of Pharmacy,Pharmacy,Unaided,GNTC,State Level,Any,18401,59.33
2024-25,D Pharmacy,CAP Round I,16103,Chetana College of Pharmacy,Pharmacy,Unaided,GOBC,State Level,Any,19576,58.0
2024-25,D Pharmacy,CAP Round I,16103,Chetana College of Pharmacy,Pharmacy,Unaided,LOPEN,State Level,Ladies,4017,79.67
2024-25,D Pharmacy,CAP Round I,16103,Chetana College of Pharmacy,Pharmacy,Unaided,LSC,State Level,Ladies,5239,77.67
2024-25,D Pharmacy,CAP Round I,16103,Chetana College of Pharmacy,Pharmacy,Unaided,LOBC,State Level,Ladies,25797,49.67
2024-25,D Pharmacy,CAP Round I,16103,Chetana College of Pharmacy,Pharmacy,Unaided,LSEBC,State Level,Ladies,31455,42.67
2024-25,D Pharmacy,CAP Round I,16103,Chetana College of Pharmacy,Pharmacy,Unaided,EWS,Special,Any,29940,44.67
2024-25,D Pharmacy,CAP Round I,16103,Chetana College of Pharmacy,Pharmacy,Unaided,TFWS,Special,Any,8374,73.0
2024-25,D Pharmacy,CAP Round I,16104,"Bharati Vidyapeeth College of Pharmacy, Palus",Sangli,Unaided,GOPEN,State Level,Any,34079,39.33
2024-25,D Pharmacy,CAP Round I,16104,"Bharati Vidyapeeth College of Pharmacy, Palus",Sangli,Unaided,GSC,State Level,Any,34711,38.67
2024-25,D Pharmacy,CAP Round I,16104,"Bharati Vidyapeeth College of Pharmacy, Palus",Sangli,Unaided,GNTC,State Level,Any,35735,37.33
2024-25,D Pharmacy,CAP Round I,16104,"Bharati Vidyapeeth College of Pharmacy, Palus",Sangli,Unaided,GOBC,State Level,Any,35195,38.0
2024-25,D Pharmacy,CAP Round I,16104,"Bharati Vidyapeeth College of Pharmacy, Palus",Sangli,Unaided,LOPEN,State Level,Ladies,31402,42.67
2024-25,D Pharmacy,CAP Round I,16104,"Bharati Vidyapeeth College of Pharmacy, Palus",Sangli,Unaided,LSC,State Level,Ladies,34990,38.33
2024-25,D Pharmacy,CAP Round I,16104,"Bharati Vidyapeeth College of Pharmacy, Palus",Sangli,Unaided,EWS,Special,Any,34881,38.67
2024-25,D Pharmacy,CAP Round I,16106,Arohi College of Pharmacy,Pharmacy,Unaided,GOPEN,State Level,Any,16656,61.67
2024-25,D Pharmacy,CAP Round I,16106,Arohi College of Pharmacy,Pharmacy,Unaided,GSC,State Level,Any,28462,46.33
2024-25,D Pharmacy,CAP Round I,16106,Arohi College of Pharmacy,Pharmacy,Unaided,GNTA,State Level,Any,23648,52.67
2024-25,D Pharmacy,CAP Round I,16106,Arohi College of Pharmacy,Pharmacy,Unaided,GNTB,State Level,Any,31950,42.0
2024-25,D Pharmacy,CAP Round I,16106,Arohi College of Pharmacy,Pharmacy,Unaided,GNTC,State Level,Any,36257,36.33
2024-25,D Pharmacy,CAP Round I,16106,Arohi College of Pharmacy,Pharmacy,Unaided,GNTD,State Level,Any,30315,44.0
2024-25,D Pharmacy,CAP Round I,16106,Arohi College of Pharmacy,Pharmacy,Unaided,GOBC,State Level,Any,21938,55.0
2024-25,D Pharmacy,CAP Round I,16106,Arohi College of Pharmacy,Pharmacy,Unaided,GSEBC,State Level,Any,31525,42.67
2024-25,D Pharmacy,CAP Round I,16106,Arohi College of Pharmacy,Pharmacy,Unaided,LOPEN,State Level,Ladies,15547,63.33
2024-25,D Pharmacy,CAP Round I,16106,Arohi College of Pharmacy,Pharmacy,Unaided,LSC,State Level,Ladies,24199,52.0
2024-25,D Pharmacy,CAP Round I,16106,Arohi College of Pharmacy,Pharmacy,Unaided,LOBC,State Level,Ladies,31893,42.0
2024-25,D Pharmacy,CAP Round I,16108,AAER's Asian College of Pharmacy,Pharmacy,Unaided,GOPEN,State Level,Any,23435,53.0
2024-25,D Pharmacy,CAP Round I,16108,AAER's Asian College of Pharmacy,Pharmacy,Unaided,GNTA,State Level,Any,26735,48.67
2024-25,D Pharmacy,CAP Round I,16108,AAER's Asian College of Pharmacy,Pharmacy,Unaided,GNTB,State Level,Any,24884,51.0
2024-25,D Pharmacy,CAP Round I,16108,AAER's Asian College of Pharmacy,Pharmacy,Unaided,GNTC,State Level,Any,36733,35.0
2024-25,D Pharmacy,CAP Round I,16108,AAER's Asian College of Pharmacy,Pharmacy,Unaided,GOBC,State Level,Any,29890,44.67
2024-25,D Pharmacy,CAP Round I,16108,AAER's Asian College of Pharmacy,Pharmacy,Unaided,LOPEN,State Level,Ladies,16388,62.0
2024-25,D Pharmacy,CAP Round I,16108,AAER's Asian College of Pharmacy,Pharmacy,Unaided,LSC,State Level,Ladies,30029,44.33
2024-25,D Pharmacy,CAP Round I,16109,Dalit Mitra Kadam Guruji College of Pharmacy,Pharmacy,Unaided,GOPEN,State Level,Any,13775,65.67
2024-25,D Pharmacy,CAP Round I,16109,Dalit Mitra Kadam Guruji College of Pharmacy,Pharmacy,Unaided,GSC,State Level,Any,35749,37.33
2024-25,D Pharmacy,CAP Round I,16109,Dalit Mitra Kadam Guruji College of Pharmacy,Pharmacy,Unaided,GNTB,State Level,Any,25085,50.67
2024-25,D Pharmacy,CAP Round I,16109,Dalit Mitra Kadam Guruji College of Pharmacy,Pharmacy,Unaided,GNTC,State Level,Any,18934,58.67
2024-25,D Pharmacy,CAP Round I,16109,Dalit Mitra Kadam Guruji College of Pharmacy,Pharmacy,Unaided,GOBC,State Level,Any,34682,38.67
2024-25,D Pharmacy,CAP Round I,16109,Dalit Mitra Kadam Guruji College of Pharmacy,Pharmacy,Unaided,GSEBC,State Level,Any,35399,37.67
2024-25,D Pharmacy,CAP Round I,16109,Dalit Mitra Kadam Guruji College of Pharmacy,Pharmacy,Unaided,LOPEN,State Level,Ladies,3667,80.33
2024-25,D Pharmacy,CAP Round I,16109,Dalit Mitra Kadam Guruji College of Pharmacy,Pharmacy,Unaided,LSC,State Level,Ladies,4383,79.0
2024-25,D Pharmacy,CAP Round I,16109,Dalit Mitra Kadam Guruji College of Pharmacy,Pharmacy,Unaided,LNTA,State Level,Ladies,32440,41.67
2024-25,D Pharmacy,CAP Round I,16109,Dalit Mitra Kadam Guruji College of Pharmacy,Pharmacy,Unaided,LNTC,State Level,Ladies,8514,73.0
2024-25,D Pharmacy,CAP Round I,16109,Dalit Mitra Kadam Guruji College of Pharmacy,Pharmacy,Unaided,LOBC,State Level,Ladies,16798,61.67
2024-25,D Pharmacy,CAP Round I,16109,Dalit Mitra Kadam Guruji College of Pharmacy,Pharmacy,Unaided,LSEBC,State Level,Ladies,19941,57.33
2024-25,D Pharmacy,CAP Round I,16109,Dalit Mitra Kadam Guruji College of Pharmacy,Pharmacy,Unaided,DEFOPEN,State Level,Any,26753,48.67
2024-25,D Pharmacy,CAP Round I,16109,Dalit Mitra Kadam Guruji College of Pharmacy,Pharmacy,Unaided,EWS,Special,Any,5938,76.67
2024-25,D Pharmacy,CAP Round I,16109,Dalit Mitra Kadam Guruji College of Pharmacy,Pharmacy,Unaided,TFWS,Special,Any,36707,35.0
2024-25,D Pharmacy,CAP Round I,16110,"S.B. Patil College of Pharmacy, Indapur",Pune,Unaided,GOPEN,State Level,Any,21201,55.67
2024-25,D Pharmacy,CAP Round I,16110,"S.B. Patil College of Pharmacy, Indapur",Pune,Unaided,GSC,State Level,Any,34791,38.67
2024-25,D Pharmacy,CAP Round I,16110,"S.B. Patil College of Pharmacy, Indapur",Pune,Unaided,GNTC,State Level,Any,24099,52.0
2024-25,D Pharmacy,CAP Round I,16110,"S.B. Patil College of Pharmacy, Indapur",Pune,Unaided,GOBC,State Level,Any,26407,49.0
2024-25,D Pharmacy,CAP Round I,16110,"S.B. Patil College of Pharmacy, Indapur",Pune,Unaided,GSEBC,State Level,Any,27909,47.0
2024-25,D Pharmacy,CAP Round I,16110,"S.B. Patil College of Pharmacy, Indapur",Pune,Unaided,LOPEN,State Level,Ladies,2870,81.67
2024-25,D Pharmacy,CAP Round I,16110,"S.B. Patil College of Pharmacy, Indapur",Pune,Unaided,LSC,State Level,Ladies,34122,39.33
2024-25,D Pharmacy,CAP Round I,16110,"S.B. Patil College of Pharmacy, Indapur",Pune,Unaided,LNTC,State Level,Ladies,3983,79.67
2024-25,D Pharmacy,CAP Round I,16110,"S.B. Patil College of Pharmacy, Indapur",Pune,Unaided,LOBC,State Level,Ladies,6272,76.0
2024-25,D Pharmacy,CAP Round I,16110,"S.B. Patil College of Pharmacy, Indapur",Pune,Unaided,LSEBC,State Level,Ladies,17156,61.0
2024-25,D Pharmacy,CAP Round I,16110,"S.B. Patil College of Pharmacy, Indapur",Pune,Unaided,EWS,Special,Any,7187,74.67
2024-25,D Pharmacy,CAP Round I,16110,"S.B. Patil College of Pharmacy, Indapur",Pune,Unaided,TFWS,Special,Any,35238,38.0
2024-25,D Pharmacy,CAP Round I,16110,"S.B. Patil College of Pharmacy, Indapur",Pune,Unaided,LNTB,State Level,Ladies,23657,52.67
2024-25,D Pharmacy,CAP Round I,16111,"Rajmata Ahilyadevi Charitable Foundation, SVS College of Pharmaceutical Education & Research, Tembhurni, Tal.Mandha District Solapur",Solapur,Unaided,GOPEN,State Level,Any,5776,77.0
2024-25,D Pharmacy,CAP Round I,16111,"Rajmata Ahilyadevi Charitable Foundation, SVS College of Pharmaceutical Education & Research, Tembhurni, Tal.Mandha District Solapur",Solapur,Unaided,GNTC,State Level,Any,15192,63.67
2024-25,D Pharmacy,CAP Round I,16111,"Rajmata Ahilyadevi Charitable Foundation, SVS College of Pharmaceutical Education & Research, Tembhurni, Tal.Mandha District Solapur",Solapur,Unaided,GOBC,State Level,Any,17470,60.67
2024-25,D Pharmacy,CAP Round I,16111,"Rajmata Ahilyadevi Charitable Foundation, SVS College of Pharmaceutical Education & Research, Tembhurni, Tal.Mandha District Solapur",Solapur,Unaided,GSEBC,State Level,Any,26951,48.33
2024-25,D Pharmacy,CAP Round I,16111,"Rajmata Ahilyadevi Charitable Foundation, SVS College of Pharmaceutical Education & Research, Tembhurni, Tal.Mandha District Solapur",Solapur,Unaided,LOPEN,State Level,Ladies,1247,85.67
2024-25,D Pharmacy,CAP Round I,16111,"Rajmata Ahilyadevi Charitable Foundation, SVS College of Pharmaceutical Education & Research, Tembhurni, Tal.Mandha District Solapur",Solapur,Unaided,LOBC,State Level,Ladies,3077,81.33
2024-25,D Pharmacy,CAP Round I,16111,"Rajmata Ahilyadevi Charitable Foundation, SVS College of Pharmaceutical Education & Research, Tembhurni, Tal.Mandha District Solapur",Solapur,Unaided,LSEBC,State Level,Ladies,19659,57.67
2024-25,D Pharmacy,CAP Round I,16113,"Padmabhushan Krantiveer Dr. Nagnath Anna Nayakawadi College of Pharmacy, Walwa",Sangli,Unaided,GOPEN,State Level,Any,35521,37.67
2024-25,D Pharmacy,CAP Round I,16113,"Padmabhushan Krantiveer Dr. Nagnath Anna Nayakawadi College of Pharmacy, Walwa",Sangli,Unaided,LOPEN,State Level,Ladies,36183,36.33
2024-25,D Pharmacy,CAP Round I,16113,"Padmabhushan Krantiveer Dr. Nagnath Anna Nayakawadi College of Pharmacy, Walwa",Sangli,Unaided,EWS,Special,Any,34999,38.33
2024-25,D Pharmacy,CAP Round I,16114,"Shahid Sitaram College of Pharmacy, Titave",Sindhudurg,Unaided,GOPEN,State Level,Any,29814,44.67
2024-25,D Pharmacy,CAP Round I,16114,"Shahid Sitaram College of Pharmacy, Titave",Sindhudurg,Unaided,GSC,State Level,Any,35046,38.33
2024-25,D Pharmacy,CAP Round I,16114,"Shahid Sitaram College of Pharmacy, Titave",Sindhudurg,Unaided,LOPEN,State Level,Ladies,18168,59.67
2024-25,D Pharmacy,CAP Round I,16114,"Shahid Sitaram College of Pharmacy, Titave",Sindhudurg,Unaided,LSC,State Level,Ladies,28885,45.67
2024-25,D Pharmacy,CAP Round I,16114,"Shahid Sitaram College of Pharmacy, Titave",Sindhudurg,Unaided,LNTA,State Level,Ladies,27374,47.67
2024-25,D Pharmacy,CAP Round I,16114,"Shahid Sitaram College of Pharmacy, Titave",Sindhudurg,Unaided,LOBC,State Level,Ladies,32482,41.33
2024-25,D Pharmacy,CAP Round I,16114,"Shahid Sitaram College of Pharmacy, Titave",Sindhudurg,Unaided,LSEBC,State Level,Ladies,27247,48.0
2024-25,D Pharmacy,CAP Round I,16114,"Shahid Sitaram College of Pharmacy, Titave",Sindhudurg,Unaided,EWS,Special,Any,15187,63.67
2024-25,D Pharmacy,CAP Round I,16115,Parvatibai Genba Moze College of Pharmacy,Pharmacy,Unaided,GOPEN,State Level,Any,30166,44.33
2024-25,D Pharmacy,CAP Round I,16115,Parvatibai Genba Moze College of Pharmacy,Pharmacy,Unaided,GNTA,State Level,Any,31563,42.67
2024-25,D Pharmacy,CAP Round I,16115,Parvatibai Genba Moze College of Pharmacy,Pharmacy,Unaided,GNTC,State Level,Any,36648,35.33
2024-25,D Pharmacy,CAP Round I,16115,Parvatibai Genba Moze College of Pharmacy,Pharmacy,Unaided,LOPEN,State Level,Ladies,21724,55.0
2024-25,D Pharmacy,CAP Round I,16115,Parvatibai Genba Moze College of Pharmacy,Pharmacy,Unaided,LSC,State Level,Ladies,34275,39.33
2024-25,D Pharmacy,CAP Round I,16115,Parvatibai Genba Moze College of Pharmacy,Pharmacy,Unaided,LNTC,State Level,Ladies,32757,41.0
2024-25,D Pharmacy,CAP Round I,16115,Parvatibai Genba Moze College of Pharmacy,Pharmacy,Unaided,LOBC,State Level,Ladies,36475,35.67
2024-25,D Pharmacy,CAP Round I,16117,Balasaheb Desai College of Pharmacy,Pharmacy,Unaided,GOPEN,State Level,Any,26908,48.33
2024-25,D Pharmacy,CAP Round I,16117,Balasaheb Desai College of Pharmacy,Pharmacy,Unaided,GSC,State Level,Any,34442,39.0
2024-25,D Pharmacy,CAP Round I,16117,Balasaheb Desai College of Pharmacy,Pharmacy,Unaided,LOPEN,State Level,Ladies,22280,54.33
2024-25,D Pharmacy,CAP Round I,16117,Balasaheb Desai College of Pharmacy,Pharmacy,Unaided,LSC,State Level,Ladies,34194,39.33
2024-25,D Pharmacy,CAP Round I,16117,Balasaheb Desai College of Pharmacy,Pharmacy,Unaided,LSEBC,State Level,Ladies,33850,39.67
2024-25,D Pharmacy,CAP Round I,16117,Balasaheb Desai College of Pharmacy,Pharmacy,Unaided,EWS,Special,Any,31452,42.67
2024-25,D Pharmacy,CAP Round I,16118,"Shri. Sayajinath Maharaj College of Pharmacy, Wadmukhwadi, Pune",Pune,Unaided,GOPEN,State Level,Any,34719,38.67
2024-25,D Pharmacy,CAP Round I,16118,"Shri. Sayajinath Maharaj College of Pharmacy, Wadmukhwadi, Pune",Pune,Unaided,LOPEN,State Level,Ladies,35818,37.0
2024-25,D Pharmacy,CAP Round I,16118,"Shri. Sayajinath Maharaj College of Pharmacy, Wadmukhwadi, Pune",Pune,Unaided,LSC,State Level,Ladies,36425,36.0
2024-25,D Pharmacy,CAP Round I,16119,"Smt. Kamalabai Patil College of Pharmacy, Sankh, Tal.Jath, Dist Sangli",Sangli,Unaided,GOPEN,State Level,Any,8944,72.33
2024-25,D Pharmacy,CAP Round I,16119,"Smt. Kamalabai Patil College of Pharmacy, Sankh, Tal.Jath, Dist Sangli",Sangli,Unaided,LOPEN,State Level,Ladies,6625,75.67
2024-25,D Pharmacy,CAP Round I,16119,"Smt. Kamalabai Patil College of Pharmacy, Sankh, Tal.Jath, Dist Sangli",Sangli,Unaided,MI,Special,Any,35503,37.67
2024-25,D Pharmacy,CAP Round I,16119,"Smt. Kamalabai Patil College of Pharmacy, Sankh, Tal.Jath, Dist Sangli",Sangli,Unaided,TFWS,Special,Any,8195,73.33
2024-25,D Pharmacy,CAP Round I,16336,Chandrabhaga College of Pharmacy,Pharmacy,Unaided,GOPEN,State Level,Any,35578,37.67
2024-25,D Pharmacy,CAP Round I,16336,Chandrabhaga College of Pharmacy,Pharmacy,Unaided,LOPEN,State Level,Ladies,34980,38.33
2024-25,D Pharmacy,CAP Round I,16336,Chandrabhaga College of Pharmacy,Pharmacy,Unaided,TFWS,Special,Any,5299,77.67
2024-25,D Pharmacy,CAP Round I,16337,"Anekant Education Society's College of Pharmacy, Baramati",Pune,Unaided,GOPEN,State Level,Any,31700,42.33
2024-25,D Pharmacy,CAP Round I,16337,"Anekant Education Society's College of Pharmacy, Baramati",Pune,Unaided,LOPEN,State Level,Ladies,17469,60.67
2024-25,D Pharmacy,CAP Round I,16337,"Anekant Education Society's College of Pharmacy, Baramati",Pune,Unaided,MI,Special,Any,18713,59.0
2024-25,D Pharmacy,CAP Round I,16337,"Anekant Education Society's College of Pharmacy, Baramati",Pune,Unaided,TFWS,Special,Any,26343,49.0
2024-25,D Pharmacy,CAP Round I,16338,Priyadarshani Institute of Pharmaceutical Science & Research,Research,Unaided,GOPEN,State Level,Any,27548,47.67
2024-25,D Pharmacy,CAP Round I,16338,Priyadarshani Institute of Pharmaceutical Science & Research,Research,Unaided,GNTB,State Level,Any,36453,35.67
2024-25,D Pharmacy,CAP Round I,16338,Priyadarshani Institute of Pharmaceutical Science & Research,Research,Unaided,GNTC,State Level,Any,35922,37.0
2024-25,D Pharmacy,CAP Round I,16338,Priyadarshani Institute of Pharmaceutical Science & Research,Research,Unaided,LOPEN,State Level,Ladies,16005,62.67
2024-25,D Pharmacy,CAP Round I,16338,Priyadarshani Institute of Pharmaceutical Science & Research,Research,Unaided,LSC,State Level,Ladies,33145,40.67
2024-25,D Pharmacy,CAP Round I,16338,Priyadarshani Institute of Pharmaceutical Science & Research,Research,Unaided,LNTC,State Level,Ladies,24329,51.67
2024-25,D Pharmacy,CAP Round I,16338,Priyadarshani Institute of Pharmaceutical Science & Research,Research,Unaided,LOBC,State Level,Ladies,25179,50.67
2024-25,D Pharmacy,CAP Round I,16338,Priyadarshani Institute of Pharmaceutical Science & Research,Research,Unaided,EWS,Special,Any,25475,50.33
2024-25,D Pharmacy,CAP Round I,16338,Priyadarshani Institute of Pharmaceutical Science & Research,Research,Unaided,TFWS,Special,Any,23373,53.0
2024-25,D Pharmacy,CAP Round I,16339,Jayawant Institute of Pharmaceutical Sciences & Research,Research,Unaided,GOPEN,State Level,Any,36079,36.67
2024-25,D Pharmacy,CAP Round I,16339,Jayawant Institute of Pharmaceutical Sciences & Research,Research,Unaided,LOPEN,State Level,Ladies,35911,37.0
2024-25,D Pharmacy,CAP Round I,16339,Jayawant Institute of Pharmaceutical Sciences & Research,Research,Unaided,EWS,Special,Any,35118,38.33
2024-25,D Pharmacy,CAP Round I,16339,Jayawant Institute of Pharmaceutical Sciences & Research,Research,Unaided,TFWS,Special,Any,32172,42.0
2024-25,D Pharmacy,CAP Round I,16340,"Phaltan Education Soc.,Pharmacy College & Research Centre, Phaltan",Satara,Unaided,GOPEN,State Level,Any,33264,40.33
2024-25,D Pharmacy,CAP Round I,16340,"Phaltan Education Soc.,Pharmacy College & Research Centre, Phaltan",Satara,Unaided,LOPEN,State Level,Ladies,35639,37.33
2024-25,D Pharmacy,CAP Round I,16340,"Phaltan Education Soc.,Pharmacy College & Research Centre, Phaltan",Satara,Unaided,TFWS,Special,Any,31671,42.33
2024-25,D Pharmacy,CAP Round I,16341,"SNBP College of Pharmacy, Chikhali, Pune",Pune,Unaided,GOPEN,State Level,Any,25142,50.67
2024-25,D Pharmacy,CAP Round I,16341,"SNBP College of Pharmacy, Chikhali, Pune",Pune,Unaided,GSC,State Level,Any,29421,45.33
2024-25,D Pharmacy,CAP Round I,16341,"SNBP College of Pharmacy, Chikhali, Pune",Pune,Unaided,LOPEN,State Level,Ladies,21181,55.67
2024-25,D Pharmacy,CAP Round I,16341,"SNBP College of Pharmacy, Chikhali, Pune",Pune,Unaided,LSC,State Level,Ladies,23434,53.0
2024-25,D Pharmacy,CAP Round I,16341,"SNBP College of Pharmacy, Chikhali, Pune",Pune,Unaided,LNTC,State Level,Ladies,21202,55.67
2024-25,D Pharmacy,CAP Round I,16341,"SNBP College of Pharmacy, Chikhali, Pune",Pune,Unaided,LOBC,State Level,Ladies,22345,54.33
2024-25,D Pharmacy,CAP Round I,16341,"SNBP College of Pharmacy, Chikhali, Pune",Pune,Unaided,TFWS,Special,Any,17727,60.33
2024-25,D Pharmacy,CAP Round I,16342,"Dnyaneshwar Kolase Patil Institute of Pharmacy, Sonand",Pune,Unaided,GOPEN,State Level,Any,18297,59.67
2024-25,D Pharmacy,CAP Round I,16342,"Dnyaneshwar Kolase Patil Institute of Pharmacy, Sonand",Pune,Unaided,GSC,State Level,Any,32131,42.0
2024-25,D Pharmacy,CAP Round I,16342,"Dnyaneshwar Kolase Patil Institute of Pharmacy, Sonand",Pune,Unaided,GNTA,State Level,Any,18944,58.67
2024-25,D Pharmacy,CAP Round I,16342,"Dnyaneshwar Kolase Patil Institute of Pharmacy, Sonand",Pune,Unaided,GNTB,State Level,Any,34780,38.67
2024-25,D Pharmacy,CAP Round I,16342,"Dnyaneshwar Kolase Patil Institute of Pharmacy, Sonand",Pune,Unaided,GNTC,State Level,Any,20578,56.67
2024-25,D Pharmacy,CAP Round I,16342,"Dnyaneshwar Kolase Patil Institute of Pharmacy, Sonand",Pune,Unaided,GOBC,State Level,Any,28296,46.67
2024-25,D Pharmacy,CAP Round I,16342,"Dnyaneshwar Kolase Patil Institute of Pharmacy, Sonand",Pune,Unaided,LOPEN,State Level,Ladies,14695,64.33
2024-25,D Pharmacy,CAP Round I,16342,"Dnyaneshwar Kolase Patil Institute of Pharmacy, Sonand",Pune,Unaided,LSC,State Level,Ladies,34507,39.0
2024-25,D Pharmacy,CAP Round I,16342,"Dnyaneshwar Kolase Patil Institute of Pharmacy, Sonand",Pune,Unaided,LOBC,State Level,Ladies,23617,52.67
2024-25,D Pharmacy,CAP Round I,16342,"Dnyaneshwar Kolase Patil Institute of Pharmacy, Sonand",Pune,Unaided,LSEBC,State Level,Ladies,15299,63.67
2024-25,D Pharmacy,CAP Round I,16342,"Dnyaneshwar Kolase Patil Institute of Pharmacy, Sonand",Pune,Unaided,TFWS,Special,Any,14036,65.33
2024-25,D Pharmacy,CAP Round I,16343,Shri Dhanaji Shelke College of Pharmacy,Pharmacy,Unaided,GOPEN,State Level,Any,35416,37.67
2024-25,D Pharmacy,CAP Round I,16343,Shri Dhanaji Shelke College of Pharmacy,Pharmacy,Unaided,LOPEN,State Level,Ladies,26981,48.33
2024-25,D Pharmacy,CAP Round I,16343,Shri Dhanaji Shelke College of Pharmacy,Pharmacy,Unaided,LNTC,State Level,Ladies,30616,43.67
2024-25,D Pharmacy,CAP Round I,16343,Shri Dhanaji Shelke College of Pharmacy,Pharmacy,Unaided,EWS,Special,Any,35695,37.33
2024-25,D Pharmacy,CAP Round I,16343,Shri Dhanaji Shelke College of Pharmacy,Pharmacy,Unaided,TFWS,Special,Any,9163,72.0
