college_code,college_name,branch_name,category,cap_round,year,intake,filled_seats
01003,"Government College of Pharmacy, Amravati",Pharmacy,OPEN,CAP Round I,2025-26,6,3
01003,"Government College of Pharmacy, Amravati",Pharmacy,SC,CAP Round I,2025-26,6,1
01003,"Government College of Pharmacy, Amravati",Pharmacy,ST,CAP Round I,2025-26,6,1
01003,"Government College of Pharmacy, Amravati",Pharmacy,OBC,CAP Round I,2025-26,6,2
01003,"Government College of Pharmacy, Amravati",Pharmacy,SEBC,CAP Round I,2025-26,6,1
01003,"Government College of Pharmacy, Amravati",Pharmacy,EWS,CAP Round I,2025-26,6,1
01115,"J.S.P Mandal's Sudhakarrao Naik Institute of Pharmacy, Pusad Dist. Yavatmal",Pharmacy,OPEN,CAP Round I,2025-26,6,6
01115,"J.S.P Mandal's Sudhakarrao Naik Institute of Pharmacy, Pusad Dist. Yavatmal",Pharmacy,SC,CAP Round I,2025-26,6,1
01115,"J.S.P Mandal's Sudhakarrao Naik Institute of Pharmacy, Pusad Dist. Yavatmal",Pharmacy,ST,CAP Round I,2025-26,6,1
01115,"J.S.P Mandal's Sudhakarrao Naik Institute of Pharmacy, Pusad Dist. Yavatmal",Pharmacy,VJ/DT,CAP Round I,2025-26,6,1
01115,"J.S.P Mandal's Sudhakarrao Naik Institute of Pharmacy, Pusad Dist. Yavatmal",Pharmacy,NTC,CAP Round I,2025-26,6,1
01115,"J.S.P Mandal's Sudhakarrao Naik Institute of Pharmacy, Pusad Dist. Yavatmal",Pharmacy,OBC,CAP Round I,2025-26,6,3
01115,"J.S.P Mandal's Sudhakarrao Naik Institute of Pharmacy, Pusad Dist. Yavatmal",Pharmacy,SEBC,CAP Round I,2025-26,6,1
01115,"J.S.P Mandal's Sudhakarrao Naik Institute of Pharmacy, Pusad Dist. Yavatmal",Pharmacy,PWD,CAP Round I,2025-26,6,1
01115,"J.S.P Mandal's Sudhakarrao Naik Institute of Pharmacy, Pusad Dist. Yavatmal",Pharmacy,DEF,CAP Round I,2025-26,6,1
01115,"J.S.P Mandal's Sudhakarrao Naik Institute of Pharmacy, Pusad Dist. Yavatmal",Pharmacy,EWS,CAP Round I,2025-26,6,1
01131,"Vidya Bharati College of Pharmacy, Amravati",Pharmacy,OPEN,CAP Round I,2025-26,6,3
01131,"Vidya Bharati College of Pharmacy, Amravati",Pharmacy,SC,CAP Round I,2025-26,6,1
01131,"Vidya Bharati College of Pharmacy, Amravati",Pharmacy,ST,CAP Round I,2025-26,6,1
01131,"Vidya Bharati College of Pharmacy, Amravati",Pharmacy,OBC,CAP Round I,2025-26,6,1
01131,"Vidya Bharati College of Pharmacy, Amravati",Pharmacy,SEBC,CAP Round I,2025-26,6,1
01131,"Vidya Bharati College of Pharmacy, Amravati",Pharmacy,EWS,CAP Round I,2025-26,6,2
01133,"Anuradha College Of Pharmacy, Chikhli",Pharmacy,OPEN,CAP Round I,2025-26,10,9
01133,"Anuradha College Of Pharmacy, Chikhli",Pharmacy,SC,CAP Round I,2025-26,10,3
01133,"Anuradha College Of Pharmacy, Chikhli",Pharmacy,ST,CAP Round I,2025-26,10,2
01133,"Anuradha College Of Pharmacy, Chikhli",Pharmacy,VJ/DT,CAP Round I,2025-26,10,1
01133,"Anuradha College Of Pharmacy, Chikhli",Pharmacy,NTC,CAP Round I,2025-26,10,1
01133,"Anuradha College Of Pharmacy, Chikhli",Pharmacy,OBC,CAP Round I,2025-26,10,4
01133,"Anuradha College Of Pharmacy, Chikhli",Pharmacy,SEBC,CAP Round I,2025-26,10,2
01133,"Anuradha College Of Pharmacy, Chikhli",Pharmacy,PWD,CAP Round I,2025-26,10,1
01133,"Anuradha College Of Pharmacy, Chikhli",Pharmacy,DEF,CAP Round I,2025-26,10,1
01133,"Anuradha College Of Pharmacy, Chikhli",Pharmacy,EWS,CAP Round I,2025-26,10,4
01134,"Yavatmal Zilla Vikas Samitee's Pataldhamal Wadhwani College of Pharmacy, Yavatmal",Pharmacy,OPEN,CAP Round I,2025-26,10,11
01134,"Yavatmal Zilla Vikas Samitee's Pataldhamal Wadhwani College of Pharmacy, Yavatmal",Pharmacy,SC,CAP Round I,2025-26,10,3
01134,"Yavatmal Zilla Vikas Samitee's Pataldhamal Wadhwani College of Pharmacy, Yavatmal",Pharmacy,ST,CAP Round I,2025-26,10,2
01134,"Yavatmal Zilla Vikas Samitee's Pataldhamal Wadhwani College of Pharmacy, Yavatmal",Pharmacy,VJ/DT,CAP Round I,2025-26,10,1
01134,"Yavatmal Zilla Vikas Samitee's Pataldhamal Wadhwani College of Pharmacy, Yavatmal",Pharmacy,NTB,CAP Round I,2025-26,10,1
01134,"Yavatmal Zilla Vikas Samitee's Pataldhamal Wadhwani College of Pharmacy, Yavatmal",Pharmacy,NTC,CAP Round I,2025-26,10,1
01134,"Yavatmal Zilla Vikas Samitee's Pataldhamal Wadhwani College of Pharmacy, Yavatmal",Pharmacy,OBC,CAP Round I,2025-26,10,5
01134,"Yavatmal Zilla Vikas Samitee's Pataldhamal Wadhwani College of Pharmacy, Yavatmal",Pharmacy,SEBC,CAP Round I,2025-26,10,3
01134,"Yavatmal Zilla Vikas Samitee's Pataldhamal Wadhwani College of Pharmacy, Yavatmal",Pharmacy,PWD,CAP Round I,2025-26,10,1
01134,"Yavatmal Zilla Vikas Samitee's Pataldhamal Wadhwani College of Pharmacy, Yavatmal",Pharmacy,DEF,CAP Round I,2025-26,10,1
01134,"Yavatmal Zilla Vikas Samitee's Pataldhamal Wadhwani College of Pharmacy, Yavatmal",Pharmacy,EWS,CAP Round I,2025-26,10,2
01135,"Shri Gurudatta Shikshan Prasarak Sanstha's Institute of Pharmacy, Kaulkhad, Akola",Pharmacy,OPEN,CAP Round I,2025-26,6,4
01135,"Shri Gurudatta Shikshan Prasarak Sanstha's Institute of Pharmacy, Kaulkhad, Akola",Pharmacy,SC,CAP Round I,2025-26,6,1
01135,"Shri Gurudatta Shikshan Prasarak Sanstha's Institute of Pharmacy, Kaulkhad, Akola",Pharmacy,ST,CAP Round I,2025-26,6,1
01135,"Shri Gurudatta Shikshan Prasarak Sanstha's Institute of Pharmacy, Kaulkhad, Akola",Pharmacy,OBC,CAP Round I,2025-26,6,2
01135,"Shri Gurudatta Shikshan Prasarak Sanstha's Institute of Pharmacy, Kaulkhad, Akola",Pharmacy,SEBC,CAP Round I,2025-26,6,1
01135,"Shri Gurudatta Shikshan Prasarak Sanstha's Institute of Pharmacy, Kaulkhad, Akola",Pharmacy,EWS,CAP Round I,2025-26,6,1
01136,"Dr. Rajendra Gode College of Pharmacy,Malkapur",Pharmacy,OPEN,CAP Round I,2025-26,10,6
01136,"Dr. Rajendra Gode College of Pharmacy,Malkapur",Pharmacy,SC,CAP Round I,2025-26,10,2
01136,"Dr. Rajendra Gode College of Pharmacy,Malkapur",Pharmacy,ST,CAP Round I,2025-26,10,1
01136,"Dr. Rajendra Gode College of Pharmacy,Malkapur",Pharmacy,VJ/DT,CAP Round I,2025-26,10,1
01136,"Dr. Rajendra Gode College of Pharmacy,Malkapur",Pharmacy,NTB,CAP Round I,2025-26,10,1
01136,"Dr. Rajendra Gode College of Pharmacy,Malkapur",Pharmacy,NTC,CAP Round I,2025-26,10,1
01136,"Dr. Rajendra Gode College of Pharmacy,Malkapur",Pharmacy,OBC,CAP Round I,2025-26,10,3
01136,"Dr. Rajendra Gode College of Pharmacy,Malkapur",Pharmacy,SEBC,CAP Round I,2025-26,10,1
01136,"Dr. Rajendra Gode College of Pharmacy,Malkapur",Pharmacy,PWD,CAP Round I,2025-26,10,1
01136,"Dr. Rajendra Gode College of Pharmacy,Malkapur",Pharmacy,DEF,CAP Round I,2025-26,10,1
01136,"Dr. Rajendra Gode College of Pharmacy,Malkapur",Pharmacy,EWS,CAP Round I,2025-26,10,7
01157,"Shri Chhatrapati Shahumaharaj Shikshan Santha's Institute Of Pharmacy, Maregaon",Pharmacy,OPEN,CAP Round I,2025-26,6,10
01157,"Shri Chhatrapati Shahumaharaj Shikshan Santha's Institute Of Pharmacy, Maregaon",Pharmacy,SC,CAP Round I,2025-26,6,3
01157,"Shri Chhatrapati Shahumaharaj Shikshan Santha's Institute Of Pharmacy, Maregaon",Pharmacy,ST,CAP Round I,2025-26,6,2
01157,"Shri Chhatrapati Shahumaharaj Shikshan Santha's Institute Of Pharmacy, Maregaon",Pharmacy,VJ/DT,CAP Round I,2025-26,6,1
01157,"Shri Chhatrapati Shahumaharaj Shikshan Santha's Institute Of Pharmacy, Maregaon",Pharmacy,NTC,CAP Round I,2025-26,6,1
01157,"Shri Chhatrapati Shahumaharaj Shikshan Santha's Institute Of Pharmacy, Maregaon",Pharmacy,NTD,CAP Round I,2025-26,6,1
01157,"Shri Chhatrapati Shahumaharaj Shikshan Santha's Institute Of Pharmacy, Maregaon",Pharmacy,OBC,CAP Round I,2025-26,6,5
01157,"Shri Chhatrapati Shahumaharaj Shikshan Santha's Institute Of Pharmacy, Maregaon",Pharmacy,SEBC,CAP Round I,2025-26,6,2
01157,"Shri Chhatrapati Shahumaharaj Shikshan Santha's Institute Of Pharmacy, Maregaon",Pharmacy,PWD,CAP Round I,2025-26,6,1
01157,"Shri Chhatrapati Shahumaharaj Shikshan Santha's Institute Of Pharmacy, Maregaon",Pharmacy,DEF,CAP Round I,2025-26,6,1
01157,"Shri Chhatrapati Shahumaharaj Shikshan Santha's Institute Of Pharmacy, Maregaon",Pharmacy,EWS,CAP Round I,2025-26,6,7
01158,"Paramhansa Ramkrishna Maunibaba Shikshan Santha's Anuradha College of Pharmacy, Chikhali",Pharmacy,OPEN,CAP Round I,2025-26,10,7
01158,"Paramhansa Ramkrishna Maunibaba Shikshan Santha's Anuradha College of Pharmacy, Chikhali",Pharmacy,SC,CAP Round I,2025-26,10,2
01158,"Paramhansa Ramkrishna Maunibaba Shikshan Santha's Anuradha College of Pharmacy, Chikhali",Pharmacy,ST,CAP Round I,2025-26,10,1
01158,"Paramhansa Ramkrishna Maunibaba Shikshan Santha's Anuradha College of Pharmacy, Chikhali",Pharmacy,VJ/DT,CAP Round I,2025-26,10,1
01158,"Paramhansa Ramkrishna Maunibaba Shikshan Santha's Anuradha College of Pharmacy, Chikhali",Pharmacy,NTC,CAP Round I,2025-26,10,1
01158,"Paramhansa Ramkrishna Maunibaba Shikshan Santha's Anuradha College of Pharmacy, Chikhali",Pharmacy,OBC,CAP Round I,2025-26,10,3
01158,"Paramhansa Ramkrishna Maunibaba Shikshan Santha's Anuradha College of Pharmacy, Chikhali",Pharmacy,SEBC,CAP Round I,2025-26,10,2
01158,"Paramhansa Ramkrishna Maunibaba Shikshan Santha's Anuradha College of Pharmacy, Chikhali",Pharmacy,PWD,CAP Round I,2025-26,10,1
01158,"Paramhansa Ramkrishna Maunibaba Shikshan Santha's Anuradha College of Pharmacy, Chikhali",Pharmacy,DEF,CAP Round I,2025-26,10,1
01158,"Paramhansa Ramkrishna Maunibaba Shikshan Santha's Anuradha College of Pharmacy, Chikhali",Pharmacy,EWS,CAP Round I,2025-26,10,10
01159,"Navsanjivan Shikshan Mandal's College of Pharmacy, Dharwa",Pharmacy,OPEN,CAP Round I,2025-26,6,6
01159,"Navsanjivan Shikshan Mandal's College of Pharmacy, Dharwa",Pharmacy,SC,CAP Round I,2025-26,6,2
01159,"Navsanjivan Shikshan Mandal's College of Pharmacy, Dharwa",Pharmacy,ST,CAP Round I,2025-26,6,1
01159,"Navsanjivan Shikshan Mandal's College of Pharmacy, Dharwa",Pharmacy,NTB,CAP Round I,2025-26,6,1
01159,"Navsanjivan Shikshan Mandal's College of Pharmacy, Dharwa",Pharmacy,NTC,CAP Round I,2025-26,6,1
01159,"Navsanjivan Shikshan Mandal's College of Pharmacy, Dharwa",Pharmacy,OBC,CAP Round I,2025-26,6,3
01159,"Navsanjivan Shikshan Mandal's College of Pharmacy, Dharwa",Pharmacy,SEBC,CAP Round I,2025-26,6,1
01159,"Navsanjivan Shikshan Mandal's College of Pharmacy, Dharwa",Pharmacy,PWD,CAP Round I,2025-26,6,1
01159,"Navsanjivan Shikshan Mandal's College of Pharmacy, Dharwa",Pharmacy,DEF,CAP Round I,2025-26,6,1
01159,"Navsanjivan Shikshan Mandal's College of Pharmacy, Dharwa",Pharmacy,EWS,CAP Round I,2025-26,6,6
01160,"Shri.Durgamata Bahuudeshiya Krida and Shaikshanik Sanstha,Ishwar Deshmukh Institute Of Pharmacy, Digras",Pharmacy,OPEN,CAP Round I,2025-26,6,11
01160,"Shri.Durgamata Bahuudeshiya Krida and Shaikshanik Sanstha,Ishwar Deshmukh Institute Of Pharmacy, Digras",Pharmacy,SC,CAP Round I,2025-26,6,3
01160,"Shri.Durgamata Bahuudeshiya Krida and Shaikshanik Sanstha,Ishwar Deshmukh Institute Of Pharmacy, Digras",Pharmacy,ST,CAP Round I,2025-26,6,2
01160,"Shri.Durgamata Bahuudeshiya Krida and Shaikshanik Sanstha,Ishwar Deshmukh Institute Of Pharmacy, Digras",Pharmacy,VJ/DT,CAP Round I,2025-26,6,1
01160,"Shri.Durgamata Bahuudeshiya Krida and Shaikshanik Sanstha,Ishwar Deshmukh Institute Of Pharmacy, Digras",Pharmacy,NTB,CAP Round I,2025-26,6,1
01160,"Shri.Durgamata Bahuudeshiya Krida and Shaikshanik Sanstha,Ishwar Deshmukh Institute Of Pharmacy, Digras",Pharmacy,NTC,CAP Round I,2025-26,6,1
01160,"Shri.Durgamata Bahuudeshiya Krida and Shaikshanik Sanstha,Ishwar Deshmukh Institute Of Pharmacy, Digras",Pharmacy,OBC,CAP Round I,2025-26,6,5
01160,"Shri.Durgamata Bahuudeshiya Krida and Shaikshanik Sanstha,Ishwar Deshmukh Institute Of Pharmacy, Digras",Pharmacy,SEBC,CAP Round I,2025-26,6,3
01160,"Shri.Durgamata Bahuudeshiya Krida and Shaikshanik Sanstha,Ishwar Deshmukh Institute Of Pharmacy, Digras",Pharmacy,PWD,CAP Round I,2025-26,6,1
01160,"Shri.Durgamata Bahuudeshiya Krida and Shaikshanik Sanstha,Ishwar Deshmukh Institute Of Pharmacy, Digras",Pharmacy,DEF,CAP Round I,2025-26,6,1
01160,"Shri.Durgamata Bahuudeshiya Krida and Shaikshanik Sanstha,Ishwar Deshmukh Institute Of Pharmacy, Digras",Pharmacy,EWS,CAP Round I,2025-26,6,3
01161,"Matoshri Education Society's Satyajeet College of Pharmacy, Khandala, Akola Road Mehkar, Tq. Mehkar, Dist. Buldhana",Pharmacy,OPEN,CAP Round I,2025-26,10,22
01161,"Matoshri Education Society's Satyajeet College of Pharmacy, Khandala, Akola Road Mehkar, Tq. Mehkar, Dist. Buldhana",Pharmacy,SC,CAP Round I,2025-26,10,8
01161,"Matoshri Education Society's Satyajeet College of Pharmacy, Khandala, Akola Road Mehkar, Tq. Mehkar, Dist. Buldhana",Pharmacy,ST,CAP Round I,2025-26,10,5
01161,"Matoshri Education Society's Satyajeet College of Pharmacy, Khandala, Akola Road Mehkar, Tq. Mehkar, Dist. Buldhana",Pharmacy,VJ/DT,CAP Round I,2025-26,10,2
01161,"Matoshri Education Society's Satyajeet College of Pharmacy, Khandala, Akola Road Mehkar, Tq. Mehkar, Dist. Buldhana",Pharmacy,NTB,CAP Round I,2025-26,10,1
01161,"Matoshri Education Society's Satyajeet College of Pharmacy, Khandala, Akola Road Mehkar, Tq. Mehkar, Dist. Buldhana",Pharmacy,NTC,CAP Round I,2025-26,10,3
01161,"Matoshri Education Society's Satyajeet College of Pharmacy, Khandala, Akola Road Mehkar, Tq. Mehkar, Dist. Buldhana",Pharmacy,NTD,CAP Round I,2025-26,10,1
01161,"Matoshri Education Society's Satyajeet College of Pharmacy, Khandala, Akola Road Mehkar, Tq. Mehkar, Dist. Buldhana",Pharmacy,OBC,CAP Round I,2025-26,10,12
01161,"Matoshri Education Society's Satyajeet College of Pharmacy, Khandala, Akola Road Mehkar, Tq. Mehkar, Dist. Buldhana",Pharmacy,SEBC,CAP Round I,2025-26,10,6
01161,"Matoshri Education Society's Satyajeet College of Pharmacy, Khandala, Akola Road Mehkar, Tq. Mehkar, Dist. Buldhana",Pharmacy,PWD,CAP Round I,2025-26,10,4
01161,"Matoshri Education Society's Satyajeet College of Pharmacy, Khandala, Akola Road Mehkar, Tq. Mehkar, Dist. Buldhana",Pharmacy,DEF,CAP Round I,2025-26,10,4
01161,"Matoshri Education Society's Satyajeet College of Pharmacy, Khandala, Akola Road Mehkar, Tq. Mehkar, Dist. Buldhana",Pharmacy,EWS,CAP Round I,2025-26,10,10
01164,"Shree, Swami Samarth Institute of Pharmacy, at parsodi, Dhamangaon Rly, Dist.Amravati",Pharmacy,OPEN,CAP Round I,2025-26,6,16
01164,"Shree, Swami Samarth Institute of Pharmacy, at parsodi, Dhamangaon Rly, Dist.Amravati",Pharmacy,SC,CAP Round I,2025-26,6,6
01164,"Shree, Swami Samarth Institute of Pharmacy, at parsodi, Dhamangaon Rly, Dist.Amravati",Pharmacy,ST,CAP Round I,2025-26,6,3
01164,"Shree, Swami Samarth Institute of Pharmacy, at parsodi, Dhamangaon Rly, Dist.Amravati",Pharmacy,VJ/DT,CAP Round I,2025-26,6,1
01164,"Shree, Swami Samarth Institute of Pharmacy, at parsodi, Dhamangaon Rly, Dist.Amravati",Pharmacy,NTB,CAP Round I,2025-26,6,1
01164,"Shree, Swami Samarth Institute of Pharmacy, at parsodi, Dhamangaon Rly, Dist.Amravati",Pharmacy,NTC,CAP Round I,2025-26,6,2
01164,"Shree, Swami Samarth Institute of Pharmacy, at parsodi, Dhamangaon Rly, Dist.Amravati",Pharmacy,NTD,CAP Round I,2025-26,6,1
01164,"Shree, Swami Samarth Institute of Pharmacy, at parsodi, Dhamangaon Rly, Dist.Amravati",Pharmacy,OBC,CAP Round I,2025-26,6,9
01164,"Shree, Swami Samarth Institute of Pharmacy, at parsodi, Dhamangaon Rly, Dist.Amravati",Pharmacy,SEBC,CAP Round I,2025-26,6,4
01164,"Shree, Swami Samarth Institute of Pharmacy, at parsodi, Dhamangaon Rly, Dist.Amravati",Pharmacy,PWD,CAP Round I,2025-26,6,3
01164,"Shree, Swami Samarth Institute of Pharmacy, at parsodi, Dhamangaon Rly, Dist.Amravati",Pharmacy,DEF,CAP Round I,2025-26,6,3
01164,"Shree, Swami Samarth Institute of Pharmacy, at parsodi, Dhamangaon Rly, Dist.Amravati",Pharmacy,EWS,CAP Round I,2025-26,6,6
01171,"Pataldhamal Wadhwani College of Pharmacy, Yavatmal",Pharmacy,OPEN,CAP Round I,2025-26,10,12
01171,"Pataldhamal Wadhwani College of Pharmacy, Yavatmal",Pharmacy,SC,CAP Round I,2025-26,10,5
01171,"Pataldhamal Wadhwani College of Pharmacy, Yavatmal",Pharmacy,ST,CAP Round I,2025-26,10,2
01171,"Pataldhamal Wadhwani College of Pharmacy, Yavatmal",Pharmacy,VJ/DT,CAP Round I,2025-26,10,1
01171,"Pataldhamal Wadhwani College of Pharmacy, Yavatmal",Pharmacy,NTB,CAP Round I,2025-26,10,1
01171,"Pataldhamal Wadhwani College of Pharmacy, Yavatmal",Pharmacy,NTC,CAP Round I,2025-26,10,1
01171,"Pataldhamal Wadhwani College of Pharmacy, Yavatmal",Pharmacy,NTD,CAP Round I,2025-26,10,1
01171,"Pataldhamal Wadhwani College of Pharmacy, Yavatmal",Pharmacy,OBC,CAP Round I,2025-26,10,6
01171,"Pataldhamal Wadhwani College of Pharmacy, Yavatmal",Pharmacy,SEBC,CAP Round I,2025-26,10,3
01171,"Pataldhamal Wadhwani College of Pharmacy, Yavatmal",Pharmacy,PWD,CAP Round I,2025-26,10,3
01171,"Pataldhamal Wadhwani College of Pharmacy, Yavatmal",Pharmacy,DEF,CAP Round I,2025-26,10,3
01171,"Pataldhamal Wadhwani College of Pharmacy, Yavatmal",Pharmacy,EWS,CAP Round I,2025-26,10,9
01264,"Vidarbha Institute of Pharmacy, Washim",Pharmacy,OPEN,CAP Round I,2025-26,10,12
01264,"Vidarbha Institute of Pharmacy, Washim",Pharmacy,SC,CAP Round I,2025-26,10,5
01264,"Vidarbha Institute of Pharmacy, Washim",Pharmacy,ST,CAP Round I,2025-26,10,2
01264,"Vidarbha Institute of Pharmacy, Washim",Pharmacy,VJ/DT,CAP Round I,2025-26,10,2
01264,"Vidarbha Institute of Pharmacy, Washim",Pharmacy,NTB,CAP Round I,2025-26,10,1
01264,"Vidarbha Institute of Pharmacy, Washim",Pharmacy,NTC,CAP Round I,2025-26,10,1
01264,"Vidarbha Institute of Pharmacy, Washim",Pharmacy,NTD,CAP Round I,2025-26,10,1
01264,"Vidarbha Institute of Pharmacy, Washim",Pharmacy,OBC,CAP Round I,2025-26,10,7
01264,"Vidarbha Institute of Pharmacy, Washim",Pharmacy,SEBC,CAP Round I,2025-26,10,3
01264,"Vidarbha Institute of Pharmacy, Washim",Pharmacy,PWD,CAP Round I,2025-26,10,3
01264,"Vidarbha Institute of Pharmacy, Washim",Pharmacy,DEF,CAP Round I,2025-26,10,3
01264,"Vidarbha Institute of Pharmacy, Washim",Pharmacy,EWS,CAP Round I,2025-26,10,8
01270,"MUP's College of Pharmacy (B. Pharm), Degaon Tq. Risod Dist. Washim",Pharmacy,OPEN,CAP Round I,2025-26,6,15
01270,"MUP's College of Pharmacy (B. Pharm), Degaon Tq. Risod Dist. Washim",Pharmacy,SC,CAP Round I,2025-26,6,6
01270,"MUP's College of Pharmacy (B. Pharm), Degaon Tq. Risod Dist. Washim",Pharmacy,ST,CAP Round I,2025-26,6,3
01270,"MUP's College of Pharmacy (B. Pharm), Degaon Tq. Risod Dist. Washim",Pharmacy,VJ/DT,CAP Round I,2025-26,6,1
01270,"MUP's College of Pharmacy (B. Pharm), Degaon Tq. Risod Dist. Washim",Pharmacy,NTB,CAP Round I,2025-26,6,1
01270,"MUP's College of Pharmacy (B. Pharm), Degaon Tq. Risod Dist. Washim",Pharmacy,NTC,CAP Round I,2025-26,6,1
01270,"MUP's College of Pharmacy (B. Pharm), Degaon Tq. Risod Dist. Washim",Pharmacy,NTD,CAP Round I,2025-26,6,1
01270,"MUP's College of Pharmacy (B. Pharm), Degaon Tq. Risod Dist. Washim",Pharmacy,OBC,CAP Round I,2025-26,6,8
01270,"MUP's College of Pharmacy (B. Pharm), Degaon Tq. Risod Dist. Washim",Pharmacy,SEBC,CAP Round I,2025-26,6,4
01270,"MUP's College of Pharmacy (B. Pharm), Degaon Tq. Risod Dist. Washim",Pharmacy,PWD,CAP Round I,2025-26,6,3
01270,"MUP's College of Pharmacy (B. Pharm), Degaon Tq. Risod Dist. Washim",Pharmacy,DEF,CAP Round I,2025-26,6,3
01270,"MUP's College of Pharmacy (B. Pharm), Degaon Tq. Risod Dist. Washim",Pharmacy,EWS,CAP Round I,2025-26,6,6
01271,"Rajarshi Shahu College of Pharmacy, Buldhana",Pharmacy,OPEN,CAP Round I,2025-26,10,7
01271,"Rajarshi Shahu College of Pharmacy, Buldhana",Pharmacy,SC,CAP Round I,2025-26,10,3
01271,"Rajarshi Shahu College of Pharmacy, Buldhana",Pharmacy,ST,CAP Round I,2025-26,10,1
01271,"Rajarshi Shahu College of Pharmacy, Buldhana",Pharmacy,VJ/DT,CAP Round I,2025-26,10,1
01271,"Rajarshi Shahu College of Pharmacy, Buldhana",Pharmacy,NTB,CAP Round I,2025-26,10,1
01271,"Rajarshi Shahu College of Pharmacy, Buldhana",Pharmacy,NTC,CAP Round I,2025-26,10,1
01271,"Rajarshi Shahu College of Pharmacy, Buldhana",Pharmacy,OBC,CAP Round I,2025-26,10,3
01271,"Rajarshi Shahu College of Pharmacy, Buldhana",Pharmacy,SEBC,CAP Round I,2025-26,10,2
01271,"Rajarshi Shahu College of Pharmacy, Buldhana",Pharmacy,PWD,CAP Round I,2025-26,10,1
01271,"Rajarshi Shahu College of Pharmacy, Buldhana",Pharmacy,DEF,CAP Round I,2025-26,10,1
01271,"Rajarshi Shahu College of Pharmacy, Buldhana",Pharmacy,EWS,CAP Round I,2025-26,10,8
01280,"Gawande College of Pharmacy, Sakharkherda",Pharmacy,OPEN,CAP Round I,2025-26,10,20
01280,"Gawande College of Pharmacy, Sakharkherda",Pharmacy,SC,CAP Round I,2025-26,10,8
01280,"Gawande College of Pharmacy, Sakharkherda",Pharmacy,ST,CAP Round I,2025-26,10,4
01280,"Gawande College of Pharmacy, Sakharkherda",Pharmacy,VJ/DT,CAP Round I,2025-26,10,2
01280,"Gawande College of Pharmacy, Sakharkherda",Pharmacy,NTB,CAP Round I,2025-26,10,1
01280,"Gawande College of Pharmacy, Sakharkherda",Pharmacy,NTC,CAP Round I,2025-26,10,2
01280,"Gawande College of Pharmacy, Sakharkherda",Pharmacy,NTD,CAP Round I,2025-26,10,1
01280,"Gawande College of Pharmacy, Sakharkherda",Pharmacy,OBC,CAP Round I,2025-26,10,11
01280,"Gawande College of Pharmacy, Sakharkherda",Pharmacy,SEBC,CAP Round I,2025-26,10,6
01280,"Gawande College of Pharmacy, Sakharkherda",Pharmacy,PWD,CAP Round I,2025-26,10,4
01280,"Gawande College of Pharmacy, Sakharkherda",Pharmacy,DEF,CAP Round I,2025-26,10,4
01280,"Gawande College of Pharmacy, Sakharkherda",Pharmacy,EWS,CAP Round I,2025-26,10,9
01281,"Kamalprakash Pharmacy College & Research Centre, Kherda",Pharmacy,OPEN,CAP Round I,2025-26,6,3
01281,"Kamalprakash Pharmacy College & Research Centre, Kherda",Pharmacy,SC,CAP Round I,2025-26,6,1
01281,"Kamalprakash Pharmacy College & Research Centre, Kherda",Pharmacy,ST,CAP Round I,2025-26,6,1
01281,"Kamalprakash Pharmacy College & Research Centre, Kherda",Pharmacy,OBC,CAP Round I,2025-26,6,1
01281,"Kamalprakash Pharmacy College & Research Centre, Kherda",Pharmacy,SEBC,CAP Round I,2025-26,6,1
01281,"Kamalprakash Pharmacy College & Research Centre, Kherda",Pharmacy,EWS,CAP Round I,2025-26,6,3
01282,"Laddhad College of Pharmacy, Yelgaon, Buldhana",Pharmacy,OPEN,CAP Round I,2025-26,6,6
01282,"Laddhad College of Pharmacy, Yelgaon, Buldhana",Pharmacy,SC,CAP Round I,2025-26,6,2
01282,"Laddhad College of Pharmacy, Yelgaon, Buldhana",Pharmacy,ST,CAP Round I,2025-26,6,1
01282,"Laddhad College of Pharmacy, Yelgaon, Buldhana",Pharmacy,VJ/DT,CAP Round I,2025-26,6,1
01282,"Laddhad College of Pharmacy, Yelgaon, Buldhana",Pharmacy,NTC,CAP Round I,2025-26,6,1
01282,"Laddhad College of Pharmacy, Yelgaon, Buldhana",Pharmacy,OBC,CAP Round I,2025-26,6,3
01282,"Laddhad College of Pharmacy, Yelgaon, Buldhana",Pharmacy,SEBC,CAP Round I,2025-26,6,1
01282,"Laddhad College of Pharmacy, Yelgaon, Buldhana",Pharmacy,PWD,CAP Round I,2025-26,6,1
01282,"Laddhad College of Pharmacy, Yelgaon, Buldhana",Pharmacy,DEF,CAP Round I,2025-26,6,1
01282,"Laddhad College of Pharmacy, Yelgaon, Buldhana",Pharmacy,EWS,CAP Round I,2025-26,6,5
01283,"P R Pote Patil College of Pharmacy, Amravati",Pharmacy,OPEN,CAP Round I,2025-26,10,7
01283,"P R Pote Patil College of Pharmacy, Amravati",Pharmacy,SC,CAP Round I,2025-26,10,2
01283,"P R Pote Patil College of Pharmacy, Amravati",Pharmacy,ST,CAP Round I,2025-26,10,1
01283,"P R Pote Patil College of Pharmacy, Amravati",Pharmacy,VJ/DT,CAP Round I,2025-26,10,1
01283,"P R Pote Patil College of Pharmacy, Amravati",Pharmacy,NTC,CAP Round I,2025-26,10,1
01283,"P R Pote Patil College of Pharmacy, Amravati",Pharmacy,OBC,CAP Round I,2025-26,10,3
01283,"P R Pote Patil College of Pharmacy, Amravati",Pharmacy,SEBC,CAP Round I,2025-26,10,2
01283,"P R Pote Patil College of Pharmacy, Amravati",Pharmacy,PWD,CAP Round I,2025-26,10,1
01283,"P R Pote Patil College of Pharmacy, Amravati",Pharmacy,DEF,CAP Round I,2025-26,10,1
01283,"P R Pote Patil College of Pharmacy, Amravati",Pharmacy,EWS,CAP Round I,2025-26,10,3
01284,"Dr. Rajendra Gode Institute of Pharmacy, Amravati",Pharmacy,OPEN,CAP Round I,2025-26,10,7
01284,"Dr. Rajendra Gode Institute of Pharmacy, Amravati",Pharmacy,SC,CAP Round I,2025-26,10,3
01284,"Dr. Rajendra Gode Institute of Pharmacy, Amravati",Pharmacy,ST,CAP Round I,2025-26,10,1
01284,"Dr. Rajendra Gode Institute of Pharmacy, Amravati",Pharmacy,VJ/DT,CAP Round I,2025-26,10,1
01284,"Dr. Rajendra Gode Institute of Pharmacy, Amravati",Pharmacy,NTC,CAP Round I,2025-26,10,1
01284,"Dr. Rajendra Gode Institute of Pharmacy, Amravati",Pharmacy,OBC,CAP Round I,2025-26,10,3
01284,"Dr. Rajendra Gode Institute of Pharmacy, Amravati",Pharmacy,SEBC,CAP Round I,2025-26,10,2
01284,"Dr. Rajendra Gode Institute of Pharmacy, Amravati",Pharmacy,PWD,CAP Round I,2025-26,10,1
01284,"Dr. Rajendra Gode Institute of Pharmacy, Amravati",Pharmacy,DEF,CAP Round I,2025-26,10,1
01284,"Dr. Rajendra Gode Institute of Pharmacy, Amravati",Pharmacy,EWS,CAP Round I,2025-26,10,6
01285,"MES College of Pharmacy, Mehkar",Pharmacy,OPEN,CAP Round I,2025-26,6,13
01285,"MES College of Pharmacy, Mehkar",Pharmacy,SC,CAP Round I,2025-26,6,5
01285,"MES College of Pharmacy, Mehkar",Pharmacy,ST,CAP Round I,2025-26,6,2
01285,"MES College of Pharmacy, Mehkar",Pharmacy,VJ/DT,CAP Round I,2025-26,6,1
01285,"MES College of Pharmacy, Mehkar",Pharmacy,NTB,CAP Round I,2025-26,6,1
01285,"MES College of Pharmacy, Mehkar",Pharmacy,NTC,CAP Round I,2025-26,6,1
01285,"MES College of Pharmacy, Mehkar",Pharmacy,NTD,CAP Round I,2025-26,6,1
01285,"MES College of Pharmacy, Mehkar",Pharmacy,OBC,CAP Round I,2025-26,6,7
01285,"MES College of Pharmacy, Mehkar",Pharmacy,SEBC,CAP Round I,2025-26,6,3
01285,"MES College of Pharmacy, Mehkar",Pharmacy,PWD,CAP Round I,2025-26,6,3
01285,"MES College of Pharmacy, Mehkar",Pharmacy,DEF,CAP Round I,2025-26,6,3
01285,"MES College of Pharmacy, Mehkar",Pharmacy,EWS,CAP Round I,2025-26,6,7
01286,"Institute of Pharmacy & Research, Badnera",Pharmacy,OPEN,CAP Round I,2025-26,6,6
01286,"Institute of Pharmacy & Research, Badnera",Pharmacy,SC,CAP Round I,2025-26,6,1
01286,"Institute of Pharmacy & Research, Badnera",Pharmacy,ST,CAP Round I,2025-26,6,1
01286,"Institute of Pharmacy & Research, Badnera",Pharmacy,VJ/DT,CAP Round I,2025-26,6,1
01286,"Institute of Pharmacy & Research, Badnera",Pharmacy,NTC,CAP Round I,2025-26,6,1
01286,"Institute of Pharmacy & Research, Badnera",Pharmacy,OBC,CAP Round I,2025-26,6,3
01286,"Institute of Pharmacy & Research, Badnera",Pharmacy,SEBC,CAP Round I,2025-26,6,1
01286,"Institute of Pharmacy & Research, Badnera",Pharmacy,PWD,CAP Round I,2025-26,6,1
01286,"Institute of Pharmacy & Research, Badnera",Pharmacy,DEF,CAP Round I,2025-26,6,1
01286,"Institute of Pharmacy & Research, Badnera",Pharmacy,EWS,CAP Round I,2025-26,6,2
01288,"Vardhaman College of Pharmacy, Karanja (LAD), Washim",Pharmacy,OPEN,CAP Round I,2025-26,6,32
01290,"Jagadambha Institute Of Pharmacy And Research, Kalamb",Pharmacy,OPEN,CAP Round I,2025-26,10,20
01290,"Jagadambha Institute Of Pharmacy And Research, Kalamb",Pharmacy,SC,CAP Round I,2025-26,10,8
01290,"Jagadambha Institute Of Pharmacy And Research, Kalamb",Pharmacy,ST,CAP Round I,2025-26,10,4
01290,"Jagadambha Institute Of Pharmacy And Research, Kalamb",Pharmacy,VJ/DT,CAP Round I,2025-26,10,2
01290,"Jagadambha Institute Of Pharmacy And Research, Kalamb",Pharmacy,NTB,CAP Round I,2025-26,10,2
01290,"Jagadambha Institute Of Pharmacy And Research, Kalamb",Pharmacy,NTC,CAP Round I,2025-26,10,2
01290,"Jagadambha Institute Of Pharmacy And Research, Kalamb",Pharmacy,NTD,CAP Round I,2025-26,10,1
01290,"Jagadambha Institute Of Pharmacy And Research, Kalamb",Pharmacy,OBC,CAP Round I,2025-26,10,11
01290,"Jagadambha Institute Of Pharmacy And Research, Kalamb",Pharmacy,SEBC,CAP Round I,2025-26,10,6
01290,"Jagadambha Institute Of Pharmacy And Research, Kalamb",Pharmacy,PWD,CAP Round I,2025-26,10,4
01290,"Jagadambha Institute Of Pharmacy And Research, Kalamb",Pharmacy,DEF,CAP Round I,2025-26,10,4
01290,"Jagadambha Institute Of Pharmacy And Research, Kalamb",Pharmacy,EWS,CAP Round I,2025-26,10,10
01291,"Shri. Sant Gajanan Maharaj College Of Pharmacy, Buldhana",Pharmacy,OPEN,CAP Round I,2025-26,10,12
01291,"Shri. Sant Gajanan Maharaj College Of Pharmacy, Buldhana",Pharmacy,SC,CAP Round I,2025-26,10,4
01291,"Shri. Sant Gajanan Maharaj College Of Pharmacy, Buldhana",Pharmacy,ST,CAP Round I,2025-26,10,2
01291,"Shri. Sant Gajanan Maharaj College Of Pharmacy, Buldhana",Pharmacy,VJ/DT,CAP Round I,2025-26,10,1
01291,"Shri. Sant Gajanan Maharaj College Of Pharmacy, Buldhana",Pharmacy,NTB,CAP Round I,2025-26,10,1
01291,"Shri. Sant Gajanan Maharaj College Of Pharmacy, Buldhana",Pharmacy,NTC,CAP Round I,2025-26,10,1
01291,"Shri. Sant Gajanan Maharaj College Of Pharmacy, Buldhana",Pharmacy,NTD,CAP Round I,2025-26,10,1
01291,"Shri. Sant Gajanan Maharaj College Of Pharmacy, Buldhana",Pharmacy,OBC,CAP Round I,2025-26,10,6
01291,"Shri. Sant Gajanan Maharaj College Of Pharmacy, Buldhana",Pharmacy,SEBC,CAP Round I,2025-26,10,3
01291,"Shri. Sant Gajanan Maharaj College Of Pharmacy, Buldhana",Pharmacy,PWD,CAP Round I,2025-26,10,1
01291,"Shri. Sant Gajanan Maharaj College Of Pharmacy, Buldhana",Pharmacy,DEF,CAP Round I,2025-26,10,1
01291,"Shri. Sant Gajanan Maharaj College Of Pharmacy, Buldhana",Pharmacy,EWS,CAP Round I,2025-26,10,9
01292,"Dr.R.N.Lahoti Institute Of Pharmaceutical Education And Research Center, Sultanpur",Pharmacy,OPEN,CAP Round I,2025-26,10,15
01292,"Dr.R.N.Lahoti Institute Of Pharmaceutical Education And Research Center, Sultanpur",Pharmacy,SC,CAP Round I,2025-26,10,6
01292,"Dr.R.N.Lahoti Institute Of Pharmaceutical Education And Research Center, Sultanpur",Pharmacy,ST,CAP Round I,2025-26,10,3
01292,"Dr.R.N.Lahoti Institute Of Pharmaceutical Education And Research Center, Sultanpur",Pharmacy,VJ/DT,CAP Round I,2025-26,10,1
01292,"Dr.R.N.Lahoti Institute Of Pharmaceutical Education And Research Center, Sultanpur",Pharmacy,NTB,CAP Round I,2025-26,10,1
01292,"Dr.R.N.Lahoti Institute Of Pharmaceutical Education And Research Center, Sultanpur",Pharmacy,NTC,CAP Round I,2025-26,10,1
01292,"Dr.R.N.Lahoti Institute Of Pharmaceutical Education And Research Center, Sultanpur",Pharmacy,NTD,CAP Round I,2025-26,10,1
01292,"Dr.R.N.Lahoti Institute Of Pharmaceutical Education And Research Center, Sultanpur",Pharmacy,OBC,CAP Round I,2025-26,10,8
01292,"Dr.R.N.Lahoti Institute Of Pharmaceutical Education And Research Center, Sultanpur",Pharmacy,SEBC,CAP Round I,2025-26,10,4
01292,"Dr.R.N.Lahoti Institute Of Pharmaceutical Education And Research Center, Sultanpur",Pharmacy,PWD,CAP Round I,2025-26,10,3
01292,"Dr.R.N.Lahoti Institute Of Pharmaceutical Education And Research Center, Sultanpur",Pharmacy,DEF,CAP Round I,2025-26,10,3
01292,"Dr.R.N.Lahoti Institute Of Pharmaceutical Education And Research Center, Sultanpur",Pharmacy,EWS,CAP Round I,2025-26,10,8
01293,"Shraddha Institute Of Pharmacy, Washim",Pharmacy,OPEN,CAP Round I,2025-26,10,11
01293,"Shraddha Institute Of Pharmacy, Washim",Pharmacy,SC,CAP Round I,2025-26,10,4
01293,"Shraddha Institute Of Pharmacy, Washim",Pharmacy,ST,CAP Round I,2025-26,10,2
01293,"Shraddha Institute Of Pharmacy, Washim",Pharmacy,VJ/DT,CAP Round I,2025-26,10,1
01293,"Shraddha Institute Of Pharmacy, Washim",Pharmacy,NTB,CAP Round I,2025-26,10,1
01293,"Shraddha Institute Of Pharmacy, Washim",Pharmacy,NTC,CAP Round I,2025-26,10,1
01293,"Shraddha Institute Of Pharmacy, Washim",Pharmacy,NTD,CAP Round I,2025-26,10,1
01293,"Shraddha Institute Of Pharmacy, Washim",Pharmacy,OBC,CAP Round I,2025-26,10,6
01293,"Shraddha Institute Of Pharmacy, Washim",Pharmacy,SEBC,CAP Round I,2025-26,10,3
01293,"Shraddha Institute Of Pharmacy, Washim",Pharmacy,PWD,CAP Round I,2025-26,10,3
01293,"Shraddha Institute Of Pharmacy, Washim",Pharmacy,DEF,CAP Round I,2025-26,10,3
01293,"Shraddha Institute Of Pharmacy, Washim",Pharmacy,EWS,CAP Round I,2025-26,10,9
01294,"Samarth College Of Pharmacy, Deulgaon Raja",Pharmacy,OPEN,CAP Round I,2025-26,10,9
01294,"Samarth College Of Pharmacy, Deulgaon Raja",Pharmacy,SC,CAP Round I,2025-26,10,3
01294,"Samarth College Of Pharmacy, Deulgaon Raja",Pharmacy,ST,CAP Round I,2025-26,10,2
01294,"Samarth College Of Pharmacy, Deulgaon Raja",Pharmacy,VJ/DT,CAP Round I,2025-26,10,1
01294,"Samarth College Of Pharmacy, Deulgaon Raja",Pharmacy,NTB,CAP Round I,2025-26,10,1
01294,"Samarth College Of Pharmacy, Deulgaon Raja",Pharmacy,NTC,CAP Round I,2025-26,10,1
01294,"Samarth College Of Pharmacy, Deulgaon Raja",Pharmacy,OBC,CAP Round I,2025-26,10,5
01294,"Samarth College Of Pharmacy, Deulgaon Raja",Pharmacy,SEBC,CAP Round I,2025-26,10,2
01294,"Samarth College Of Pharmacy, Deulgaon Raja",Pharmacy,PWD,CAP Round I,2025-26,10,1
01294,"Samarth College Of Pharmacy, Deulgaon Raja",Pharmacy,DEF,CAP Round I,2025-26,10,1
01294,"Samarth College Of Pharmacy, Deulgaon Raja",Pharmacy,EWS,CAP Round I,2025-26,10,7
01295,"Karmayogi Tatyasaheb Bondre Institute Of Pharmacy, Chikhli",Pharmacy,OPEN,CAP Round I,2025-26,10,17
01295,"Karmayogi Tatyasaheb Bondre Institute Of Pharmacy, Chikhli",Pharmacy,SC,CAP Round I,2025-26,10,6
01295,"Karmayogi Tatyasaheb Bondre Institute Of Pharmacy, Chikhli",Pharmacy,ST,CAP Round I,2025-26,10,3
01295,"Karmayogi Tatyasaheb Bondre Institute Of Pharmacy, Chikhli",Pharmacy,VJ/DT,CAP Round I,2025-26,10,1
01295,"Karmayogi Tatyasaheb Bondre Institute Of Pharmacy, Chikhli",Pharmacy,NTB,CAP Round I,2025-26,10,2
01295,"Karmayogi Tatyasaheb Bondre Institute Of Pharmacy, Chikhli",Pharmacy,NTC,CAP Round I,2025-26,10,2
01295,"Karmayogi Tatyasaheb Bondre Institute Of Pharmacy, Chikhli",Pharmacy,NTD,CAP Round I,2025-26,10,2
01295,"Karmayogi Tatyasaheb Bondre Institute Of Pharmacy, Chikhli",Pharmacy,OBC,CAP Round I,2025-26,10,9
01295,"Karmayogi Tatyasaheb Bondre Institute Of Pharmacy, Chikhli",Pharmacy,SEBC,CAP Round I,2025-26,10,5
01295,"Karmayogi Tatyasaheb Bondre Institute Of Pharmacy, Chikhli",Pharmacy,PWD,CAP Round I,2025-26,10,3
01295,"Karmayogi Tatyasaheb Bondre Institute Of Pharmacy, Chikhli",Pharmacy,DEF,CAP Round I,2025-26,10,3
01295,"Karmayogi Tatyasaheb Bondre Institute Of Pharmacy, Chikhli",Pharmacy,EWS,CAP Round I,2025-26,10,11
01296,"Dr. Rajendra Gode College Of Pharmacy, Amravati",Pharmacy,OPEN,CAP Round I,2025-26,10,7
01296,"Dr. Rajendra Gode College Of Pharmacy, Amravati",Pharmacy,SC,CAP Round I,2025-26,10,2
01296,"Dr. Rajendra Gode College Of Pharmacy, Amravati",Pharmacy,ST,CAP Round I,2025-26,10,1
01296,"Dr. Rajendra Gode College Of Pharmacy, Amravati",Pharmacy,VJ/DT,CAP Round I,2025-26,10,1
01296,"Dr. Rajendra Gode College Of Pharmacy, Amravati",Pharmacy,NTC,CAP Round I,2025-26,10,1
01296,"Dr. Rajendra Gode College Of Pharmacy, Amravati",Pharmacy,OBC,CAP Round I,2025-26,10,3
01296,"Dr. Rajendra Gode College Of Pharmacy, Amravati",Pharmacy,SEBC,CAP Round I,2025-26,10,1
01296,"Dr. Rajendra Gode College Of Pharmacy, Amravati",Pharmacy,PWD,CAP Round I,2025-26,10,1
01296,"Dr. Rajendra Gode College Of Pharmacy, Amravati",Pharmacy,DEF,CAP Round I,2025-26,10,1
01296,"Dr. Rajendra Gode College Of Pharmacy, Amravati",Pharmacy,EWS,CAP Round I,2025-26,10,10
01297,"Vidyaniketan College Of Pharmacy, Anjangaon Surji",Pharmacy,OPEN,CAP Round I,2025-26,6,9
01299,"NK College of Pharmacy, Antraj Khamgaon",Pharmacy,OPEN,CAP Round I,2025-26,6,18
01299,"NK College of Pharmacy, Antraj Khamgaon",Pharmacy,SC,CAP Round I,2025-26,6,6
01299,"NK College of Pharmacy, Antraj Khamgaon",Pharmacy,ST,CAP Round I,2025-26,6,3
01299,"NK College of Pharmacy, Antraj Khamgaon",Pharmacy,VJ/DT,CAP Round I,2025-26,6,2
01299,"NK College of Pharmacy, Antraj Khamgaon",Pharmacy,NTB,CAP Round I,2025-26,6,1
01299,"NK College of Pharmacy, Antraj Khamgaon",Pharmacy,NTC,CAP Round I,2025-26,6,2
01299,"NK College of Pharmacy, Antraj Khamgaon",Pharmacy,NTD,CAP Round I,2025-26,6,1
01299,"NK College of Pharmacy, Antraj Khamgaon",Pharmacy,OBC,CAP Round I,2025-26,6,9
01299,"NK College of Pharmacy, Antraj Khamgaon",Pharmacy,SEBC,CAP Round I,2025-26,6,5
01299,"NK College of Pharmacy, Antraj Khamgaon",Pharmacy,PWD,CAP Round I,2025-26,6,3
01299,"NK College of Pharmacy, Antraj Khamgaon",Pharmacy,DEF,CAP Round I,2025-26,6,3
01299,"NK College of Pharmacy, Antraj Khamgaon",Pharmacy,EWS,CAP Round I,2025-26,6,7
01301,"Mauli Institute of Pharmacy & Research Centre, Washim",Pharmacy,OPEN,CAP Round I,2025-26,6,17
01301,"Mauli Institute of Pharmacy & Research Centre, Washim",Pharmacy,SC,CAP Round I,2025-26,6,6
01301,"Mauli Institute of Pharmacy & Research Centre, Washim",Pharmacy,ST,CAP Round I,2025-26,6,3
01301,"Mauli Institute of Pharmacy & Research Centre, Washim",Pharmacy,VJ/DT,CAP Round I,2025-26,6,2
01301,"Mauli Institute of Pharmacy & Research Centre, Washim",Pharmacy,NTB,CAP Round I,2025-26,6,1
01301,"Mauli Institute of Pharmacy & Research Centre, Washim",Pharmacy,NTC,CAP Round I,2025-26,6,2
01301,"Mauli Institute of Pharmacy & Research Centre, Washim",Pharmacy,NTD,CAP Round I,2025-26,6,1
01301,"Mauli Institute of Pharmacy & Research Centre, Washim",Pharmacy,OBC,CAP Round I,2025-26,6,9
01301,"Mauli Institute of Pharmacy & Research Centre, Washim",Pharmacy,SEBC,CAP Round I,2025-26,6,5
01301,"Mauli Institute of Pharmacy & Research Centre, Washim",Pharmacy,PWD,CAP Round I,2025-26,6,3
01301,"Mauli Institute of Pharmacy & Research Centre, Washim",Pharmacy,DEF,CAP Round I,2025-26,6,3
01301,"Mauli Institute of Pharmacy & Research Centre, Washim",Pharmacy,EWS,CAP Round I,2025-26,6,5
01303,"Satpuda Institute of Pharmacy, Shegaon",Pharmacy,OPEN,CAP Round I,2025-26,10,12
01303,"Satpuda Institute of Pharmacy, Shegaon",Pharmacy,SC,CAP Round I,2025-26,10,5
01303,"Satpuda Institute of Pharmacy, Shegaon",Pharmacy,ST,CAP Round I,2025-26,10,2
01303,"Satpuda Institute of Pharmacy, Shegaon",Pharmacy,VJ/DT,CAP Round I,2025-26,10,2
01303,"Satpuda Institute of Pharmacy, Shegaon",Pharmacy,NTB,CAP Round I,2025-26,10,1
01303,"Satpuda Institute of Pharmacy, Shegaon",Pharmacy,NTC,CAP Round I,2025-26,10,1
01303,"Satpuda Institute of Pharmacy, Shegaon",Pharmacy,NTD,CAP Round I,2025-26,10,1
01303,"Satpuda Institute of Pharmacy, Shegaon",Pharmacy,OBC,CAP Round I,2025-26,10,7
01303,"Satpuda Institute of Pharmacy, Shegaon",Pharmacy,SEBC,CAP Round I,2025-26,10,3
01303,"Satpuda Institute of Pharmacy, Shegaon",Pharmacy,PWD,CAP Round I,2025-26,10,3
01303,"Satpuda Institute of Pharmacy, Shegaon",Pharmacy,DEF,CAP Round I,2025-26,10,3
01303,"Satpuda Institute of Pharmacy, Shegaon",Pharmacy,EWS,CAP Round I,2025-26,10,7
01304,"Mahatma Phule Pharmacy College, Babhulgaon Dist. Akola",Pharmacy,OPEN,CAP Round I,2025-26,6,15
01304,"Mahatma Phule Pharmacy College, Babhulgaon Dist. Akola",Pharmacy,SC,CAP Round I,2025-26,6,6
01304,"Mahatma Phule Pharmacy College, Babhulgaon Dist. Akola",Pharmacy,ST,CAP Round I,2025-26,6,3
01304,"Mahatma Phule Pharmacy College, Babhulgaon Dist. Akola",Pharmacy,VJ/DT,CAP Round I,2025-26,6,1
01304,"Mahatma Phule Pharmacy College, Babhulgaon Dist. Akola",Pharmacy,NTB,CAP Round I,2025-26,6,1
01304,"Mahatma Phule Pharmacy College, Babhulgaon Dist. Akola",Pharmacy,NTC,CAP Round I,2025-26,6,1
01304,"Mahatma Phule Pharmacy College, Babhulgaon Dist. Akola",Pharmacy,NTD,CAP Round I,2025-26,6,1
01304,"Mahatma Phule Pharmacy College, Babhulgaon Dist. Akola",Pharmacy,OBC,CAP Round I,2025-26,6,8
01304,"Mahatma Phule Pharmacy College, Babhulgaon Dist. Akola",Pharmacy,SEBC,CAP Round I,2025-26,6,4
01304,"Mahatma Phule Pharmacy College, Babhulgaon Dist. Akola",Pharmacy,PWD,CAP Round I,2025-26,6,3
01304,"Mahatma Phule Pharmacy College, Babhulgaon Dist. Akola",Pharmacy,DEF,CAP Round I,2025-26,6,3
01304,"Mahatma Phule Pharmacy College, Babhulgaon Dist. Akola",Pharmacy,EWS,CAP Round I,2025-26,6,6
01305,"Cambridge College of Pharmacy, Yelgaon Dist. Buldhana",Pharmacy,OPEN,CAP Round I,2025-26,6,22
01305,"Cambridge College of Pharmacy, Yelgaon Dist. Buldhana",Pharmacy,SC,CAP Round I,2025-26,6,8
01305,"Cambridge College of Pharmacy, Yelgaon Dist. Buldhana",Pharmacy,ST,CAP Round I,2025-26,6,5
01305,"Cambridge College of Pharmacy, Yelgaon Dist. Buldhana",Pharmacy,VJ/DT,CAP Round I,2025-26,6,1
01305,"Cambridge College of Pharmacy, Yelgaon Dist. Buldhana",Pharmacy,NTB,CAP Round I,2025-26,6,2
01305,"Cambridge College of Pharmacy, Yelgaon Dist. Buldhana",Pharmacy,NTC,CAP Round I,2025-26,6,2
01305,"Cambridge College of Pharmacy, Yelgaon Dist. Buldhana",Pharmacy,NTD,CAP Round I,2025-26,6,1
01305,"Cambridge College of Pharmacy, Yelgaon Dist. Buldhana",Pharmacy,OBC,CAP Round I,2025-26,6,12
01305,"Cambridge College of Pharmacy, Yelgaon Dist. Buldhana",Pharmacy,SEBC,CAP Round I,2025-26,6,6
01305,"Cambridge College of Pharmacy, Yelgaon Dist. Buldhana",Pharmacy,PWD,CAP Round I,2025-26,6,4
01305,"Cambridge College of Pharmacy, Yelgaon Dist. Buldhana",Pharmacy,DEF,CAP Round I,2025-26,6,4
01305,"Cambridge College of Pharmacy, Yelgaon Dist. Buldhana",Pharmacy,EWS,CAP Round I,2025-26,6,7
01307,Sushganga College of Pharmacy,Pharmacy,OPEN,CAP Round I,2025-26,6,22
01307,Sushganga College of Pharmacy,Pharmacy,SC,CAP Round I,2025-26,6,8
01307,Sushganga College of Pharmacy,Pharmacy,ST,CAP Round I,2025-26,6,5
01307,Sushganga College of Pharmacy,Pharmacy,VJ/DT,CAP Round I,2025-26,6,2
01307,Sushganga College of Pharmacy,Pharmacy,NTB,CAP Round I,2025-26,6,1
01307,Sushganga College of Pharmacy,Pharmacy,NTC,CAP Round I,2025-26,6,3
01307,Sushganga College of Pharmacy,Pharmacy,NTD,CAP Round I,2025-26,6,1
01307,Sushganga College of Pharmacy,Pharmacy,OBC,CAP Round I,2025-26,6,12
01307,Sushganga College of Pharmacy,Pharmacy,SEBC,CAP Round I,2025-26,6,6
01307,Sushganga College of Pharmacy,Pharmacy,PWD,CAP Round I,2025-26,6,4
01307,Sushganga College of Pharmacy,Pharmacy,DEF,CAP Round I,2025-26,6,4
01307,Sushganga College of Pharmacy,Pharmacy,EWS,CAP Round I,2025-26,6,6
01311,"Late Shri. S. B Purushottam College of Pharmacy, Patur, Dist-Akola",Pharmacy,OPEN,CAP Round I,2025-26,6,22
01311,"Late Shri. S. B Purushottam College of Pharmacy, Patur, Dist-Akola",Pharmacy,SC,CAP Round I,2025-26,6,8
01311,"Late Shri. S. B Purushottam College of Pharmacy, Patur, Dist-Akola",Pharmacy,ST,CAP Round I,2025-26,6,5
01311,"Late Shri. S. B Purushottam College of Pharmacy, Patur, Dist-Akola",Pharmacy,VJ/DT,CAP Round I,2025-26,6,1
01311,"Late Shri. S. B Purushottam College of Pharmacy, Patur, Dist-Akola",Pharmacy,NTB,CAP Round I,2025-26,6,2
01311,"Late Shri. S. B Purushottam College of Pharmacy, Patur, Dist-Akola",Pharmacy,NTC,CAP Round I,2025-26,6,2
01311,"Late Shri. S. B Purushottam College of Pharmacy, Patur, Dist-Akola",Pharmacy,NTD,CAP Round I,2025-26,6,1
01311,"Late Shri. S. B Purushottam College of Pharmacy, Patur, Dist-Akola",Pharmacy,OBC,CAP Round I,2025-26,6,12
01311,"Late Shri. S. B Purushottam College of Pharmacy, Patur, Dist-Akola",Pharmacy,SEBC,CAP Round I,2025-26,6,6
01311,"Late Shri. S. B Purushottam College of Pharmacy, Patur, Dist-Akola",Pharmacy,PWD,CAP Round I,2025-26,6,4
01311,"Late Shri. S. B Purushottam College of Pharmacy, Patur, Dist-Akola",Pharmacy,DEF,CAP Round I,2025-26,6,4
01311,"Late Shri. S. B Purushottam College of Pharmacy, Patur, Dist-Akola",Pharmacy,EWS,CAP Round I,2025-26,6,7
01343,Savitridevi College of Pharmacy,Pharmacy,OPEN,CAP Round I,2025-26,6,22
01343,Savitridevi College of Pharmacy,Pharmacy,SC,CAP Round I,2025-26,6,8
01343,Savitridevi College of Pharmacy,Pharmacy,ST,CAP Round I,2025-26,6,5
01343,Savitridevi College of Pharmacy,Pharmacy,VJ/DT,CAP Round I,2025-26,6,2
01343,Savitridevi College of Pharmacy,Pharmacy,NTB,CAP Round I,2025-26,6,1
01343,Savitridevi College of Pharmacy,Pharmacy,NTC,CAP Round I,2025-26,6,2
01343,Savitridevi College of Pharmacy,Pharmacy,NTD,CAP Round I,2025-26,6,1
01343,Savitridevi College of Pharmacy,Pharmacy,OBC,CAP Round I,2025-26,6,12
01343,Savitridevi College of Pharmacy,Pharmacy,SEBC,CAP Round I,2025-26,6,6
01343,Savitridevi College of Pharmacy,Pharmacy,PWD,CAP Round I,2025-26,6,4
01343,Savitridevi College of Pharmacy,Pharmacy,DEF,CAP Round I,2025-26,6,4
01343,Savitridevi College of Pharmacy,Pharmacy,EWS,CAP Round I,2025-26,6,6
02009,"Government College of Pharmacy, Aurangabad",Pharmacy,OPEN,CAP Round I,2025-26,6,5
02009,"Government College of Pharmacy, Aurangabad",Pharmacy,SC,CAP Round I,2025-26,6,1
02009,"Government College of Pharmacy, Aurangabad",Pharmacy,ST,CAP Round I,2025-26,6,1
02009,"Government College of Pharmacy, Aurangabad",Pharmacy,VJ/DT,CAP Round I,2025-26,6,1
02009,"Government College of Pharmacy, Aurangabad",Pharmacy,OBC,CAP Round I,2025-26,6,2
02009,"Government College of Pharmacy, Aurangabad",Pharmacy,SEBC,CAP Round I,2025-26,6,1
02009,"Government College of Pharmacy, Aurangabad",Pharmacy,PWD,CAP Round I,2025-26,6,1
02009,"Government College of Pharmacy, Aurangabad",Pharmacy,DEF,CAP Round I,2025-26,6,1
02009,"Government College of Pharmacy, Aurangabad",Pharmacy,EWS,CAP Round I,2025-26,6,4
02027,"Adarsh Shikshan Prasarak Mandal's Diploma In Pharmacy Institute, Osmanabad",Pharmacy,OPEN,CAP Round I,2025-26,6,23
02027,"Adarsh Shikshan Prasarak Mandal's Diploma In Pharmacy Institute, Osmanabad",Pharmacy,SC,CAP Round I,2025-26,6,8
02027,"Adarsh Shikshan Prasarak Mandal's Diploma In Pharmacy Institute, Osmanabad",Pharmacy,ST,CAP Round I,2025-26,6,5
02027,"Adarsh Shikshan Prasarak Mandal's Diploma In Pharmacy Institute, Osmanabad",Pharmacy,VJ/DT,CAP Round I,2025-26,6,2
02027,"Adarsh Shikshan Prasarak Mandal's Diploma In Pharmacy Institute, Osmanabad",Pharmacy,NTB,CAP Round I,2025-26,6,2
02027,"Adarsh Shikshan Prasarak Mandal's Diploma In Pharmacy Institute, Osmanabad",Pharmacy,NTC,CAP Round I,2025-26,6,3
02027,"Adarsh Shikshan Prasarak Mandal's Diploma In Pharmacy Institute, Osmanabad",Pharmacy,NTD,CAP Round I,2025-26,6,1
02027,"Adarsh Shikshan Prasarak Mandal's Diploma In Pharmacy Institute, Osmanabad",Pharmacy,OBC,CAP Round I,2025-26,6,12
02027,"Adarsh Shikshan Prasarak Mandal's Diploma In Pharmacy Institute, Osmanabad",Pharmacy,SEBC,CAP Round I,2025-26,6,6
02027,"Adarsh Shikshan Prasarak Mandal's Diploma In Pharmacy Institute, Osmanabad",Pharmacy,PWD,CAP Round I,2025-26,6,4
02027,"Adarsh Shikshan Prasarak Mandal's Diploma In Pharmacy Institute, Osmanabad",Pharmacy,DEF,CAP Round I,2025-26,6,4
02027,"Adarsh Shikshan Prasarak Mandal's Diploma In Pharmacy Institute, Osmanabad",Pharmacy,EWS,CAP Round I,2025-26,6,7
02029,"School of Pharmacy,Swami Ramanand Teerth,Marathwada University,Nanded",Pharmacy,OPEN,CAP Round I,2025-26,6,5
02029,"School of Pharmacy,Swami Ramanand Teerth,Marathwada University,Nanded",Pharmacy,SC,CAP Round I,2025-26,6,1
02029,"School of Pharmacy,Swami Ramanand Teerth,Marathwada University,Nanded",Pharmacy,ST,CAP Round I,2025-26,6,1
02029,"School of Pharmacy,Swami Ramanand Teerth,Marathwada University,Nanded",Pharmacy,VJ/DT,CAP Round I,2025-26,6,1
02029,"School of Pharmacy,Swami Ramanand Teerth,Marathwada University,Nanded",Pharmacy,OBC,CAP Round I,2025-26,6,2
02029,"School of Pharmacy,Swami Ramanand Teerth,Marathwada University,Nanded",Pharmacy,SEBC,CAP Round I,2025-26,6,1
02029,"School of Pharmacy,Swami Ramanand Teerth,Marathwada University,Nanded",Pharmacy,PWD,CAP Round I,2025-26,6,1
02029,"School of Pharmacy,Swami Ramanand Teerth,Marathwada University,Nanded",Pharmacy,DEF,CAP Round I,2025-26,6,1
02029,"School of Pharmacy,Swami Ramanand Teerth,Marathwada University,Nanded",Pharmacy,EWS,CAP Round I,2025-26,6,2
02118,"Shree Bhairavnath Nisarg Mandal.'S Diploma In Pharmacy Institute, Hatta, Tal.Basmat",Pharmacy,OPEN,CAP Round I,2025-26,6,13
02118,"Shree Bhairavnath Nisarg Mandal.'S Diploma In Pharmacy Institute, Hatta, Tal.Basmat",Pharmacy,SC,CAP Round I,2025-26,6,5
02118,"Shree Bhairavnath Nisarg Mandal.'S Diploma In Pharmacy Institute, Hatta, Tal.Basmat",Pharmacy,ST,CAP Round I,2025-26,6,2
02118,"Shree Bhairavnath Nisarg Mandal.'S Diploma In Pharmacy Institute, Hatta, Tal.Basmat",Pharmacy,VJ/DT,CAP Round I,2025-26,6,1
02118,"Shree Bhairavnath Nisarg Mandal.'S Diploma In Pharmacy Institute, Hatta, Tal.Basmat",Pharmacy,NTB,CAP Round I,2025-26,6,1
02118,"Shree Bhairavnath Nisarg Mandal.'S Diploma In Pharmacy Institute, Hatta, Tal.Basmat",Pharmacy,NTC,CAP Round I,2025-26,6,1
02118,"Shree Bhairavnath Nisarg Mandal.'S Diploma In Pharmacy Institute, Hatta, Tal.Basmat",Pharmacy,NTD,CAP Round I,2025-26,6,1
02118,"Shree Bhairavnath Nisarg Mandal.'S Diploma In Pharmacy Institute, Hatta, Tal.Basmat",Pharmacy,OBC,CAP Round I,2025-26,6,7
02118,"Shree Bhairavnath Nisarg Mandal.'S Diploma In Pharmacy Institute, Hatta, Tal.Basmat",Pharmacy,SEBC,CAP Round I,2025-26,6,4
02118,"Shree Bhairavnath Nisarg Mandal.'S Diploma In Pharmacy Institute, Hatta, Tal.Basmat",Pharmacy,PWD,CAP Round I,2025-26,6,3
02118,"Shree Bhairavnath Nisarg Mandal.'S Diploma In Pharmacy Institute, Hatta, Tal.Basmat",Pharmacy,DEF,CAP Round I,2025-26,6,3
02118,"Shree Bhairavnath Nisarg Mandal.'S Diploma In Pharmacy Institute, Hatta, Tal.Basmat",Pharmacy,EWS,CAP Round I,2025-26,6,7
02130,"Terna Public Charitable Trust's College of Engineering, Osmanabad",Pharmacy,OPEN,CAP Round I,2025-26,10,15
02130,"Terna Public Charitable Trust's College of Engineering, Osmanabad",Pharmacy,SC,CAP Round I,2025-26,10,6
02130,"Terna Public Charitable Trust's College of Engineering, Osmanabad",Pharmacy,ST,CAP Round I,2025-26,10,3
02130,"Terna Public Charitable Trust's College of Engineering, Osmanabad",Pharmacy,VJ/DT,CAP Round I,2025-26,10,1
02130,"Terna Public Charitable Trust's College of Engineering, Osmanabad",Pharmacy,NTB,CAP Round I,2025-26,10,1
02130,"Terna Public Charitable Trust's College of Engineering, Osmanabad",Pharmacy,NTC,CAP Round I,2025-26,10,1
02130,"Terna Public Charitable Trust's College of Engineering, Osmanabad",Pharmacy,NTD,CAP Round I,2025-26,10,1
02130,"Terna Public Charitable Trust's College of Engineering, Osmanabad",Pharmacy,OBC,CAP Round I,2025-26,10,8
02130,"Terna Public Charitable Trust's College of Engineering, Osmanabad",Pharmacy,SEBC,CAP Round I,2025-26,10,4
02130,"Terna Public Charitable Trust's College of Engineering, Osmanabad",Pharmacy,PWD,CAP Round I,2025-26,10,3
02130,"Terna Public Charitable Trust's College of Engineering, Osmanabad",Pharmacy,DEF,CAP Round I,2025-26,10,3
02130,"Terna Public Charitable Trust's College of Engineering, Osmanabad",Pharmacy,EWS,CAP Round I,2025-26,10,6
02147,"Maharashtra College of Pharmacy, Nilanga",Pharmacy,OPEN,CAP Round I,2025-26,6,4
02147,"Maharashtra College of Pharmacy, Nilanga",Pharmacy,SC,CAP Round I,2025-26,6,1
02147,"Maharashtra College of Pharmacy, Nilanga",Pharmacy,ST,CAP Round I,2025-26,6,1
02147,"Maharashtra College of Pharmacy, Nilanga",Pharmacy,VJ/DT,CAP Round I,2025-26,6,1
02147,"Maharashtra College of Pharmacy, Nilanga",Pharmacy,OBC,CAP Round I,2025-26,6,2
02147,"Maharashtra College of Pharmacy, Nilanga",Pharmacy,SEBC,CAP Round I,2025-26,6,1
02147,"Maharashtra College of Pharmacy, Nilanga",Pharmacy,EWS,CAP Round I,2025-26,6,1
02148,"Maulana Azad Education Trust's Y.B.Chavan College of Pharmacy, Aurangabad",Pharmacy,OPEN,CAP Round I,2025-26,10,7
02149,"Sharda Bhavan Education Society's Nanded Pharmacy College, Nanded",Pharmacy,OPEN,CAP Round I,2025-26,4,5
02149,"Sharda Bhavan Education Society's Nanded Pharmacy College, Nanded",Pharmacy,SC,CAP Round I,2025-26,4,1
02149,"Sharda Bhavan Education Society's Nanded Pharmacy College, Nanded",Pharmacy,ST,CAP Round I,2025-26,4,1
02149,"Sharda Bhavan Education Society's Nanded Pharmacy College, Nanded",Pharmacy,VJ/DT,CAP Round I,2025-26,4,1
02149,"Sharda Bhavan Education Society's Nanded Pharmacy College, Nanded",Pharmacy,NTC,CAP Round I,2025-26,4,1
02149,"Sharda Bhavan Education Society's Nanded Pharmacy College, Nanded",Pharmacy,OBC,CAP Round I,2025-26,4,2
02149,"Sharda Bhavan Education Society's Nanded Pharmacy College, Nanded",Pharmacy,SEBC,CAP Round I,2025-26,4,1
02149,"Sharda Bhavan Education Society's Nanded Pharmacy College, Nanded",Pharmacy,PWD,CAP Round I,2025-26,4,1
02149,"Sharda Bhavan Education Society's Nanded Pharmacy College, Nanded",Pharmacy,DEF,CAP Round I,2025-26,4,1
02149,"Sharda Bhavan Education Society's Nanded Pharmacy College, Nanded",Pharmacy,EWS,CAP Round I,2025-26,4,2
02151,"Adarsha Shikshan Prasarak Mandal's K.T. Patil College of Pharmacy, Osmanabad",Pharmacy,OPEN,CAP Round I,2025-26,10,8
02151,"Adarsha Shikshan Prasarak Mandal's K.T. Patil College of Pharmacy, Osmanabad",Pharmacy,SC,CAP Round I,2025-26,10,3
02151,"Adarsha Shikshan Prasarak Mandal's K.T. Patil College of Pharmacy, Osmanabad",Pharmacy,ST,CAP Round I,2025-26,10,1
02151,"Adarsha Shikshan Prasarak Mandal's K.T. Patil College of Pharmacy, Osmanabad",Pharmacy,NTB,CAP Round I,2025-26,10,1
02151,"Adarsha Shikshan Prasarak Mandal's K.T. Patil College of Pharmacy, Osmanabad",Pharmacy,NTC,CAP Round I,2025-26,10,1
02151,"Adarsha Shikshan Prasarak Mandal's K.T. Patil College of Pharmacy, Osmanabad",Pharmacy,NTD,CAP Round I,2025-26,10,1
02151,"Adarsha Shikshan Prasarak Mandal's K.T. Patil College of Pharmacy, Osmanabad",Pharmacy,OBC,CAP Round I,2025-26,10,4
02151,"Adarsha Shikshan Prasarak Mandal's K.T. Patil College of Pharmacy, Osmanabad",Pharmacy,SEBC,CAP Round I,2025-26,10,2
02151,"Adarsha Shikshan Prasarak Mandal's K.T. Patil College of Pharmacy, Osmanabad",Pharmacy,PWD,CAP Round I,2025-26,10,1
02151,"Adarsha Shikshan Prasarak Mandal's K.T. Patil College of Pharmacy, Osmanabad",Pharmacy,DEF,CAP Round I,2025-26,10,1
02151,"Adarsha Shikshan Prasarak Mandal's K.T. Patil College of Pharmacy, Osmanabad",Pharmacy,EWS,CAP Round I,2025-26,10,3
02152,"Shivlingeshwar College of Pharmacy, Almala, Dist. Latur",Pharmacy,OPEN,CAP Round I,2025-26,6,5
02152,"Shivlingeshwar College of Pharmacy, Almala, Dist. Latur",Pharmacy,SC,CAP Round I,2025-26,6,1
02152,"Shivlingeshwar College of Pharmacy, Almala, Dist. Latur",Pharmacy,ST,CAP Round I,2025-26,6,1
02152,"Shivlingeshwar College of Pharmacy, Almala, Dist. Latur",Pharmacy,VJ/DT,CAP Round I,2025-26,6,1
02152,"Shivlingeshwar College of Pharmacy, Almala, Dist. Latur",Pharmacy,NTC,CAP Round I,2025-26,6,1
02152,"Shivlingeshwar College of Pharmacy, Almala, Dist. Latur",Pharmacy,OBC,CAP Round I,2025-26,6,3
02152,"Shivlingeshwar College of Pharmacy, Almala, Dist. Latur",Pharmacy,SEBC,CAP Round I,2025-26,6,1
02152,"Shivlingeshwar College of Pharmacy, Almala, Dist. Latur",Pharmacy,PWD,CAP Round I,2025-26,6,1
02152,"Shivlingeshwar College of Pharmacy, Almala, Dist. Latur",Pharmacy,DEF,CAP Round I,2025-26,6,1
02152,"Shivlingeshwar College of Pharmacy, Almala, Dist. Latur",Pharmacy,EWS,CAP Round I,2025-26,6,2
02153,"Yash Institute of Pharmacy, Aurangabad",Pharmacy,OPEN,CAP Round I,2025-26,10,5
02153,"Yash Institute of Pharmacy, Aurangabad",Pharmacy,SC,CAP Round I,2025-26,10,1
02153,"Yash Institute of Pharmacy, Aurangabad",Pharmacy,ST,CAP Round I,2025-26,10,1
02153,"Yash Institute of Pharmacy, Aurangabad",Pharmacy,VJ/DT,CAP Round I,2025-26,10,1
02153,"Yash Institute of Pharmacy, Aurangabad",Pharmacy,NTC,CAP Round I,2025-26,10,1
02153,"Yash Institute of Pharmacy, Aurangabad",Pharmacy,OBC,CAP Round I,2025-26,10,2
02153,"Yash Institute of Pharmacy, Aurangabad",Pharmacy,SEBC,CAP Round I,2025-26,10,1
02153,"Yash Institute of Pharmacy, Aurangabad",Pharmacy,PWD,CAP Round I,2025-26,10,1
02153,"Yash Institute of Pharmacy, Aurangabad",Pharmacy,DEF,CAP Round I,2025-26,10,1
02153,"Yash Institute of Pharmacy, Aurangabad",Pharmacy,EWS,CAP Round I,2025-26,10,9
02154,"Shri. Dhaneshwari Manav Vikas Mandal's Dr. Vedprakash Patil Pharmacy, College, Gevrai, Aurangabad.",Pharmacy,OPEN,CAP Round I,2025-26,10,10
02154,"Shri. Dhaneshwari Manav Vikas Mandal's Dr. Vedprakash Patil Pharmacy, College, Gevrai, Aurangabad.",Pharmacy,SC,CAP Round I,2025-26,10,3
02154,"Shri. Dhaneshwari Manav Vikas Mandal's Dr. Vedprakash Patil Pharmacy, College, Gevrai, Aurangabad.",Pharmacy,ST,CAP Round I,2025-26,10,2
02154,"Shri. Dhaneshwari Manav Vikas Mandal's Dr. Vedprakash Patil Pharmacy, College, Gevrai, Aurangabad.",Pharmacy,VJ/DT,CAP Round I,2025-26,10,1
02154,"Shri. Dhaneshwari Manav Vikas Mandal's Dr. Vedprakash Patil Pharmacy, College, Gevrai, Aurangabad.",Pharmacy,NTC,CAP Round I,2025-26,10,1
02154,"Shri. Dhaneshwari Manav Vikas Mandal's Dr. Vedprakash Patil Pharmacy, College, Gevrai, Aurangabad.",Pharmacy,NTD,CAP Round I,2025-26,10,1
02154,"Shri. Dhaneshwari Manav Vikas Mandal's Dr. Vedprakash Patil Pharmacy, College, Gevrai, Aurangabad.",Pharmacy,OBC,CAP Round I,2025-26,10,5
02154,"Shri. Dhaneshwari Manav Vikas Mandal's Dr. Vedprakash Patil Pharmacy, College, Gevrai, Aurangabad.",Pharmacy,SEBC,CAP Round I,2025-26,10,2
02154,"Shri. Dhaneshwari Manav Vikas Mandal's Dr. Vedprakash Patil Pharmacy, College, Gevrai, Aurangabad.",Pharmacy,PWD,CAP Round I,2025-26,10,1
02154,"Shri. Dhaneshwari Manav Vikas Mandal's Dr. Vedprakash Patil Pharmacy, College, Gevrai, Aurangabad.",Pharmacy,DEF,CAP Round I,2025-26,10,1
02154,"Shri. Dhaneshwari Manav Vikas Mandal's Dr. Vedprakash Patil Pharmacy, College, Gevrai, Aurangabad.",Pharmacy,EWS,CAP Round I,2025-26,10,9
02156,"Dayanand Education Society's Dayanand College of Pharmacy, Latur",Pharmacy,OPEN,CAP Round I,2025-26,10,9
02156,"Dayanand Education Society's Dayanand College of Pharmacy, Latur",Pharmacy,SC,CAP Round I,2025-26,10,3
02156,"Dayanand Education Society's Dayanand College of Pharmacy, Latur",Pharmacy,ST,CAP Round I,2025-26,10,2
02156,"Dayanand Education Society's Dayanand College of Pharmacy, Latur",Pharmacy,VJ/DT,CAP Round I,2025-26,10,1
02156,"Dayanand Education Society's Dayanand College of Pharmacy, Latur",Pharmacy,NTC,CAP Round I,2025-26,10,1
02156,"Dayanand Education Society's Dayanand College of Pharmacy, Latur",Pharmacy,OBC,CAP Round I,2025-26,10,4
02156,"Dayanand Education Society's Dayanand College of Pharmacy, Latur",Pharmacy,SEBC,CAP Round I,2025-26,10,2
02156,"Dayanand Education Society's Dayanand College of Pharmacy, Latur",Pharmacy,PWD,CAP Round I,2025-26,10,1
02156,"Dayanand Education Society's Dayanand College of Pharmacy, Latur",Pharmacy,DEF,CAP Round I,2025-26,10,1
02156,"Dayanand Education Society's Dayanand College of Pharmacy, Latur",Pharmacy,EWS,CAP Round I,2025-26,10,2
02157,"Sahyog Sewabhavi Sanstha's Indira College of Pharmacy, Nanded",Pharmacy,OPEN,CAP Round I,2025-26,10,11
02157,"Sahyog Sewabhavi Sanstha's Indira College of Pharmacy, Nanded",Pharmacy,SC,CAP Round I,2025-26,10,4
02157,"Sahyog Sewabhavi Sanstha's Indira College of Pharmacy, Nanded",Pharmacy,ST,CAP Round I,2025-26,10,2
02157,"Sahyog Sewabhavi Sanstha's Indira College of Pharmacy, Nanded",Pharmacy,VJ/DT,CAP Round I,2025-26,10,1
02157,"Sahyog Sewabhavi Sanstha's Indira College of Pharmacy, Nanded",Pharmacy,NTB,CAP Round I,2025-26,10,1
02157,"Sahyog Sewabhavi Sanstha's Indira College of Pharmacy, Nanded",Pharmacy,NTC,CAP Round I,2025-26,10,1
02157,"Sahyog Sewabhavi Sanstha's Indira College of Pharmacy, Nanded",Pharmacy,NTD,CAP Round I,2025-26,10,1
02157,"Sahyog Sewabhavi Sanstha's Indira College of Pharmacy, Nanded",Pharmacy,OBC,CAP Round I,2025-26,10,6
02157,"Sahyog Sewabhavi Sanstha's Indira College of Pharmacy, Nanded",Pharmacy,SEBC,CAP Round I,2025-26,10,3
02157,"Sahyog Sewabhavi Sanstha's Indira College of Pharmacy, Nanded",Pharmacy,PWD,CAP Round I,2025-26,10,3
02157,"Sahyog Sewabhavi Sanstha's Indira College of Pharmacy, Nanded",Pharmacy,DEF,CAP Round I,2025-26,10,3
02157,"Sahyog Sewabhavi Sanstha's Indira College of Pharmacy, Nanded",Pharmacy,EWS,CAP Round I,2025-26,10,3
02158,"Ramchandra Sanskritik Krida Mandal's R.D. Bhakt College of Pharmacy, Jalna",Pharmacy,OPEN,CAP Round I,2025-26,10,23
02158,"Ramchandra Sanskritik Krida Mandal's R.D. Bhakt College of Pharmacy, Jalna",Pharmacy,SC,CAP Round I,2025-26,10,8
02158,"Ramchandra Sanskritik Krida Mandal's R.D. Bhakt College of Pharmacy, Jalna",Pharmacy,ST,CAP Round I,2025-26,10,5
02158,"Ramchandra Sanskritik Krida Mandal's R.D. Bhakt College of Pharmacy, Jalna",Pharmacy,VJ/DT,CAP Round I,2025-26,10,2
02158,"Ramchandra Sanskritik Krida Mandal's R.D. Bhakt College of Pharmacy, Jalna",Pharmacy,NTB,CAP Round I,2025-26,10,2
02158,"Ramchandra Sanskritik Krida Mandal's R.D. Bhakt College of Pharmacy, Jalna",Pharmacy,NTC,CAP Round I,2025-26,10,3
02158,"Ramchandra Sanskritik Krida Mandal's R.D. Bhakt College of Pharmacy, Jalna",Pharmacy,NTD,CAP Round I,2025-26,10,1
02158,"Ramchandra Sanskritik Krida Mandal's R.D. Bhakt College of Pharmacy, Jalna",Pharmacy,OBC,CAP Round I,2025-26,10,12
02158,"Ramchandra Sanskritik Krida Mandal's R.D. Bhakt College of Pharmacy, Jalna",Pharmacy,SEBC,CAP Round I,2025-26,10,7
02158,"Ramchandra Sanskritik Krida Mandal's R.D. Bhakt College of Pharmacy, Jalna",Pharmacy,PWD,CAP Round I,2025-26,10,4
02158,"Ramchandra Sanskritik Krida Mandal's R.D. Bhakt College of Pharmacy, Jalna",Pharmacy,DEF,CAP Round I,2025-26,10,4
02158,"Ramchandra Sanskritik Krida Mandal's R.D. Bhakt College of Pharmacy, Jalna",Pharmacy,EWS,CAP Round I,2025-26,10,10
02201,Umer Bin Khattab Welfare Trust Vastanvi College of Pharmacy,Pharmacy,OPEN,CAP Round I,2025-26,6,26
02202,"Sayli Charitable Trust's College Of Pharmacy, Mitmita, Aurangabad.",Pharmacy,OPEN,CAP Round I,2025-26,10,11
02202,"Sayli Charitable Trust's College Of Pharmacy, Mitmita, Aurangabad.",Pharmacy,SC,CAP Round I,2025-26,10,5
02202,"Sayli Charitable Trust's College Of Pharmacy, Mitmita, Aurangabad.",Pharmacy,ST,CAP Round I,2025-26,10,2
02202,"Sayli Charitable Trust's College Of Pharmacy, Mitmita, Aurangabad.",Pharmacy,VJ/DT,CAP Round I,2025-26,10,1
02202,"Sayli Charitable Trust's College Of Pharmacy, Mitmita, Aurangabad.",Pharmacy,NTB,CAP Round I,2025-26,10,1
02202,"Sayli Charitable Trust's College Of Pharmacy, Mitmita, Aurangabad.",Pharmacy,NTC,CAP Round I,2025-26,10,1
02202,"Sayli Charitable Trust's College Of Pharmacy, Mitmita, Aurangabad.",Pharmacy,NTD,CAP Round I,2025-26,10,1
02202,"Sayli Charitable Trust's College Of Pharmacy, Mitmita, Aurangabad.",Pharmacy,OBC,CAP Round I,2025-26,10,7
02202,"Sayli Charitable Trust's College Of Pharmacy, Mitmita, Aurangabad.",Pharmacy,SEBC,CAP Round I,2025-26,10,3
02202,"Sayli Charitable Trust's College Of Pharmacy, Mitmita, Aurangabad.",Pharmacy,PWD,CAP Round I,2025-26,10,3
02202,"Sayli Charitable Trust's College Of Pharmacy, Mitmita, Aurangabad.",Pharmacy,DEF,CAP Round I,2025-26,10,3
02202,"Sayli Charitable Trust's College Of Pharmacy, Mitmita, Aurangabad.",Pharmacy,EWS,CAP Round I,2025-26,10,10
02219,"Shree Bhairavnath Nisarga Mandal's D. Pharmacy College, Aalani",Pharmacy,OPEN,CAP Round I,2025-26,6,4
02219,"Shree Bhairavnath Nisarga Mandal's D. Pharmacy College, Aalani",Pharmacy,SC,CAP Round I,2025-26,6,1
02219,"Shree Bhairavnath Nisarga Mandal's D. Pharmacy College, Aalani",Pharmacy,ST,CAP Round I,2025-26,6,1
02219,"Shree Bhairavnath Nisarga Mandal's D. Pharmacy College, Aalani",Pharmacy,OBC,CAP Round I,2025-26,6,2
02219,"Shree Bhairavnath Nisarga Mandal's D. Pharmacy College, Aalani",Pharmacy,SEBC,CAP Round I,2025-26,6,1
02219,"Shree Bhairavnath Nisarga Mandal's D. Pharmacy College, Aalani",Pharmacy,EWS,CAP Round I,2025-26,6,3
02220,"Anandgram Krushi Vikas Mandals Late Maharudra Bappa Mote College of Pharmacy, Girwali Tal. Bhoom",Pharmacy,OPEN,CAP Round I,2025-26,6,17
02220,"Anandgram Krushi Vikas Mandals Late Maharudra Bappa Mote College of Pharmacy, Girwali Tal. Bhoom",Pharmacy,SC,CAP Round I,2025-26,6,6
02220,"Anandgram Krushi Vikas Mandals Late Maharudra Bappa Mote College of Pharmacy, Girwali Tal. Bhoom",Pharmacy,ST,CAP Round I,2025-26,6,3
02220,"Anandgram Krushi Vikas Mandals Late Maharudra Bappa Mote College of Pharmacy, Girwali Tal. Bhoom",Pharmacy,VJ/DT,CAP Round I,2025-26,6,2
02220,"Anandgram Krushi Vikas Mandals Late Maharudra Bappa Mote College of Pharmacy, Girwali Tal. Bhoom",Pharmacy,NTB,CAP Round I,2025-26,6,1
02220,"Anandgram Krushi Vikas Mandals Late Maharudra Bappa Mote College of Pharmacy, Girwali Tal. Bhoom",Pharmacy,NTC,CAP Round I,2025-26,6,2
02220,"Anandgram Krushi Vikas Mandals Late Maharudra Bappa Mote College of Pharmacy, Girwali Tal. Bhoom",Pharmacy,NTD,CAP Round I,2025-26,6,1
02220,"Anandgram Krushi Vikas Mandals Late Maharudra Bappa Mote College of Pharmacy, Girwali Tal. Bhoom",Pharmacy,OBC,CAP Round I,2025-26,6,9
02220,"Anandgram Krushi Vikas Mandals Late Maharudra Bappa Mote College of Pharmacy, Girwali Tal. Bhoom",Pharmacy,SEBC,CAP Round I,2025-26,6,4
02220,"Anandgram Krushi Vikas Mandals Late Maharudra Bappa Mote College of Pharmacy, Girwali Tal. Bhoom",Pharmacy,PWD,CAP Round I,2025-26,6,3
02220,"Anandgram Krushi Vikas Mandals Late Maharudra Bappa Mote College of Pharmacy, Girwali Tal. Bhoom",Pharmacy,DEF,CAP Round I,2025-26,6,3
02220,"Anandgram Krushi Vikas Mandals Late Maharudra Bappa Mote College of Pharmacy, Girwali Tal. Bhoom",Pharmacy,EWS,CAP Round I,2025-26,6,5
02223,"Vivekvardhini Sevabhavi Sanstha's Diploma Pharmacy College, Pingali",Pharmacy,OPEN,CAP Round I,2025-26,6,20
02223,"Vivekvardhini Sevabhavi Sanstha's Diploma Pharmacy College, Pingali",Pharmacy,SC,CAP Round I,2025-26,6,7
02223,"Vivekvardhini Sevabhavi Sanstha's Diploma Pharmacy College, Pingali",Pharmacy,ST,CAP Round I,2025-26,6,4
02223,"Vivekvardhini Sevabhavi Sanstha's Diploma Pharmacy College, Pingali",Pharmacy,VJ/DT,CAP Round I,2025-26,6,1
02223,"Vivekvardhini Sevabhavi Sanstha's Diploma Pharmacy College, Pingali",Pharmacy,NTB,CAP Round I,2025-26,6,2
02223,"Vivekvardhini Sevabhavi Sanstha's Diploma Pharmacy College, Pingali",Pharmacy,NTC,CAP Round I,2025-26,6,2
02223,"Vivekvardhini Sevabhavi Sanstha's Diploma Pharmacy College, Pingali",Pharmacy,NTD,CAP Round I,2025-26,6,1
02223,"Vivekvardhini Sevabhavi Sanstha's Diploma Pharmacy College, Pingali",Pharmacy,OBC,CAP Round I,2025-26,6,10
02223,"Vivekvardhini Sevabhavi Sanstha's Diploma Pharmacy College, Pingali",Pharmacy,SEBC,CAP Round I,2025-26,6,6
02223,"Vivekvardhini Sevabhavi Sanstha's Diploma Pharmacy College, Pingali",Pharmacy,PWD,CAP Round I,2025-26,6,4
02223,"Vivekvardhini Sevabhavi Sanstha's Diploma Pharmacy College, Pingali",Pharmacy,DEF,CAP Round I,2025-26,6,4
02223,"Vivekvardhini Sevabhavi Sanstha's Diploma Pharmacy College, Pingali",Pharmacy,EWS,CAP Round I,2025-26,6,7
02251,"Shri Balaji Shikshan Prasarak Mamdal's , B.Pharmacy College, Ambajogai",Pharmacy,OPEN,CAP Round I,2025-26,6,4
02251,"Shri Balaji Shikshan Prasarak Mamdal's , B.Pharmacy College, Ambajogai",Pharmacy,SC,CAP Round I,2025-26,6,1
02251,"Shri Balaji Shikshan Prasarak Mamdal's , B.Pharmacy College, Ambajogai",Pharmacy,ST,CAP Round I,2025-26,6,1
02251,"Shri Balaji Shikshan Prasarak Mamdal's , B.Pharmacy College, Ambajogai",Pharmacy,VJ/DT,CAP Round I,2025-26,6,1
02251,"Shri Balaji Shikshan Prasarak Mamdal's , B.Pharmacy College, Ambajogai",Pharmacy,OBC,CAP Round I,2025-26,6,2
02251,"Shri Balaji Shikshan Prasarak Mamdal's , B.Pharmacy College, Ambajogai",Pharmacy,SEBC,CAP Round I,2025-26,6,1
02251,"Shri Balaji Shikshan Prasarak Mamdal's , B.Pharmacy College, Ambajogai",Pharmacy,EWS,CAP Round I,2025-26,6,2
02253,"Channabasweshwar Pharmacy College ( Degree), Latur",Pharmacy,OPEN,CAP Round I,2025-26,10,7
02253,"Channabasweshwar Pharmacy College ( Degree), Latur",Pharmacy,SC,CAP Round I,2025-26,10,3
02253,"Channabasweshwar Pharmacy College ( Degree), Latur",Pharmacy,ST,CAP Round I,2025-26,10,1
02253,"Channabasweshwar Pharmacy College ( Degree), Latur",Pharmacy,VJ/DT,CAP Round I,2025-26,10,1
02253,"Channabasweshwar Pharmacy College ( Degree), Latur",Pharmacy,NTC,CAP Round I,2025-26,10,1
02253,"Channabasweshwar Pharmacy College ( Degree), Latur",Pharmacy,OBC,CAP Round I,2025-26,10,3
02253,"Channabasweshwar Pharmacy College ( Degree), Latur",Pharmacy,SEBC,CAP Round I,2025-26,10,2
02253,"Channabasweshwar Pharmacy College ( Degree), Latur",Pharmacy,PWD,CAP Round I,2025-26,10,1
02253,"Channabasweshwar Pharmacy College ( Degree), Latur",Pharmacy,DEF,CAP Round I,2025-26,10,1
02253,"Channabasweshwar Pharmacy College ( Degree), Latur",Pharmacy,EWS,CAP Round I,2025-26,10,1
02254,"Vilasrao Deshmukh Foundation Group of Institutions, Latur",Pharmacy,OPEN,CAP Round I,2025-26,10,13
02254,"Vilasrao Deshmukh Foundation Group of Institutions, Latur",Pharmacy,SC,CAP Round I,2025-26,10,5
02254,"Vilasrao Deshmukh Foundation Group of Institutions, Latur",Pharmacy,ST,CAP Round I,2025-26,10,3
02254,"Vilasrao Deshmukh Foundation Group of Institutions, Latur",Pharmacy,VJ/DT,CAP Round I,2025-26,10,1
02254,"Vilasrao Deshmukh Foundation Group of Institutions, Latur",Pharmacy,NTB,CAP Round I,2025-26,10,1
02254,"Vilasrao Deshmukh Foundation Group of Institutions, Latur",Pharmacy,NTC,CAP Round I,2025-26,10,1
02254,"Vilasrao Deshmukh Foundation Group of Institutions, Latur",Pharmacy,NTD,CAP Round I,2025-26,10,1
02254,"Vilasrao Deshmukh Foundation Group of Institutions, Latur",Pharmacy,OBC,CAP Round I,2025-26,10,7
02254,"Vilasrao Deshmukh Foundation Group of Institutions, Latur",Pharmacy,SEBC,CAP Round I,2025-26,10,4
02254,"Vilasrao Deshmukh Foundation Group of Institutions, Latur",Pharmacy,PWD,CAP Round I,2025-26,10,3
02254,"Vilasrao Deshmukh Foundation Group of Institutions, Latur",Pharmacy,DEF,CAP Round I,2025-26,10,3
02254,"Vilasrao Deshmukh Foundation Group of Institutions, Latur",Pharmacy,EWS,CAP Round I,2025-26,10,9
02514,"Oyster Institute of Pharmacy, Aurangabad.",Pharmacy,OPEN,CAP Round I,2025-26,10,34
02514,"Oyster Institute of Pharmacy, Aurangabad.",Pharmacy,SC,CAP Round I,2025-26,10,12
02514,"Oyster Institute of Pharmacy, Aurangabad.",Pharmacy,ST,CAP Round I,2025-26,10,7
02514,"Oyster Institute of Pharmacy, Aurangabad.",Pharmacy,VJ/DT,CAP Round I,2025-26,10,3
02514,"Oyster Institute of Pharmacy, Aurangabad.",Pharmacy,NTB,CAP Round I,2025-26,10,2
02514,"Oyster Institute of Pharmacy, Aurangabad.",Pharmacy,NTC,CAP Round I,2025-26,10,3
02514,"Oyster Institute of Pharmacy, Aurangabad.",Pharmacy,NTD,CAP Round I,2025-26,10,2
02514,"Oyster Institute of Pharmacy, Aurangabad.",Pharmacy,OBC,CAP Round I,2025-26,10,18
02514,"Oyster Institute of Pharmacy, Aurangabad.",Pharmacy,SEBC,CAP Round I,2025-26,10,9
02514,"Oyster Institute of Pharmacy, Aurangabad.",Pharmacy,PWD,CAP Round I,2025-26,10,7
02514,"Oyster Institute of Pharmacy, Aurangabad.",Pharmacy,DEF,CAP Round I,2025-26,10,7
02514,"Oyster Institute of Pharmacy, Aurangabad.",Pharmacy,EWS,CAP Round I,2025-26,10,10
02538,"Latur College of Pharmacy, Latur",Pharmacy,OPEN,CAP Round I,2025-26,10,21
02538,"Latur College of Pharmacy, Latur",Pharmacy,SC,CAP Round I,2025-26,10,8
02538,"Latur College of Pharmacy, Latur",Pharmacy,ST,CAP Round I,2025-26,10,4
02538,"Latur College of Pharmacy, Latur",Pharmacy,VJ/DT,CAP Round I,2025-26,10,2
02538,"Latur College of Pharmacy, Latur",Pharmacy,NTB,CAP Round I,2025-26,10,2
02538,"Latur College of Pharmacy, Latur",Pharmacy,NTC,CAP Round I,2025-26,10,2
02538,"Latur College of Pharmacy, Latur",Pharmacy,NTD,CAP Round I,2025-26,10,1
02538,"Latur College of Pharmacy, Latur",Pharmacy,OBC,CAP Round I,2025-26,10,12
02538,"Latur College of Pharmacy, Latur",Pharmacy,SEBC,CAP Round I,2025-26,10,6
02538,"Latur College of Pharmacy, Latur",Pharmacy,PWD,CAP Round I,2025-26,10,4
02538,"Latur College of Pharmacy, Latur",Pharmacy,DEF,CAP Round I,2025-26,10,4
02538,"Latur College of Pharmacy, Latur",Pharmacy,EWS,CAP Round I,2025-26,10,7
02539,"Rajesh Bhaiyya Tope College of Pharmacy, Aurangabad",Pharmacy,OPEN,CAP Round I,2025-26,10,24
02539,"Rajesh Bhaiyya Tope College of Pharmacy, Aurangabad",Pharmacy,SC,CAP Round I,2025-26,10,10
02539,"Rajesh Bhaiyya Tope College of Pharmacy, Aurangabad",Pharmacy,ST,CAP Round I,2025-26,10,5
02539,"Rajesh Bhaiyya Tope College of Pharmacy, Aurangabad",Pharmacy,VJ/DT,CAP Round I,2025-26,10,2
02539,"Rajesh Bhaiyya Tope College of Pharmacy, Aurangabad",Pharmacy,NTB,CAP Round I,2025-26,10,2
02539,"Rajesh Bhaiyya Tope College of Pharmacy, Aurangabad",Pharmacy,NTC,CAP Round I,2025-26,10,3
02539,"Rajesh Bhaiyya Tope College of Pharmacy, Aurangabad",Pharmacy,NTD,CAP Round I,2025-26,10,1
02539,"Rajesh Bhaiyya Tope College of Pharmacy, Aurangabad",Pharmacy,OBC,CAP Round I,2025-26,10,14
02539,"Rajesh Bhaiyya Tope College of Pharmacy, Aurangabad",Pharmacy,SEBC,CAP Round I,2025-26,10,7
02539,"Rajesh Bhaiyya Tope College of Pharmacy, Aurangabad",Pharmacy,PWD,CAP Round I,2025-26,10,6
02539,"Rajesh Bhaiyya Tope College of Pharmacy, Aurangabad",Pharmacy,DEF,CAP Round I,2025-26,10,6
02539,"Rajesh Bhaiyya Tope College of Pharmacy, Aurangabad",Pharmacy,EWS,CAP Round I,2025-26,10,9
02541,"Sarswati Institute of Pharmacy, Kurtadi, Hingoli",Pharmacy,OPEN,CAP Round I,2025-26,10,12
02541,"Sarswati Institute of Pharmacy, Kurtadi, Hingoli",Pharmacy,SC,CAP Round I,2025-26,10,3
02541,"Sarswati Institute of Pharmacy, Kurtadi, Hingoli",Pharmacy,ST,CAP Round I,2025-26,10,2
02541,"Sarswati Institute of Pharmacy, Kurtadi, Hingoli",Pharmacy,VJ/DT,CAP Round I,2025-26,10,1
02541,"Sarswati Institute of Pharmacy, Kurtadi, Hingoli",Pharmacy,NTB,CAP Round I,2025-26,10,1
02541,"Sarswati Institute of Pharmacy, Kurtadi, Hingoli",Pharmacy,NTC,CAP Round I,2025-26,10,1
02541,"Sarswati Institute of Pharmacy, Kurtadi, Hingoli",Pharmacy,NTD,CAP Round I,2025-26,10,1
02541,"Sarswati Institute of Pharmacy, Kurtadi, Hingoli",Pharmacy,OBC,CAP Round I,2025-26,10,5
02541,"Sarswati Institute of Pharmacy, Kurtadi, Hingoli",Pharmacy,SEBC,CAP Round I,2025-26,10,3
02541,"Sarswati Institute of Pharmacy, Kurtadi, Hingoli",Pharmacy,PWD,CAP Round I,2025-26,10,1
02541,"Sarswati Institute of Pharmacy, Kurtadi, Hingoli",Pharmacy,DEF,CAP Round I,2025-26,10,1
02541,"Sarswati Institute of Pharmacy, Kurtadi, Hingoli",Pharmacy,EWS,CAP Round I,2025-26,10,7
02542,"Aditya Diploma Institute of Pharmacy, Beed",Pharmacy,OPEN,CAP Round I,2025-26,10,34
02542,"Aditya Diploma Institute of Pharmacy, Beed",Pharmacy,SC,CAP Round I,2025-26,10,13
02542,"Aditya Diploma Institute of Pharmacy, Beed",Pharmacy,ST,CAP Round I,2025-26,10,7
02542,"Aditya Diploma Institute of Pharmacy, Beed",Pharmacy,VJ/DT,CAP Round I,2025-26,10,3
02542,"Aditya Diploma Institute of Pharmacy, Beed",Pharmacy,NTB,CAP Round I,2025-26,10,2
02542,"Aditya Diploma Institute of Pharmacy, Beed",Pharmacy,NTC,CAP Round I,2025-26,10,3
02542,"Aditya Diploma Institute of Pharmacy, Beed",Pharmacy,NTD,CAP Round I,2025-26,10,2
02542,"Aditya Diploma Institute of Pharmacy, Beed",Pharmacy,OBC,CAP Round I,2025-26,10,18
02542,"Aditya Diploma Institute of Pharmacy, Beed",Pharmacy,SEBC,CAP Round I,2025-26,10,10
02542,"Aditya Diploma Institute of Pharmacy, Beed",Pharmacy,PWD,CAP Round I,2025-26,10,7
02542,"Aditya Diploma Institute of Pharmacy, Beed",Pharmacy,DEF,CAP Round I,2025-26,10,7
02542,"Aditya Diploma Institute of Pharmacy, Beed",Pharmacy,EWS,CAP Round I,2025-26,10,7
02543,"Aditya Pharmacy College, Beed",Pharmacy,OPEN,CAP Round I,2025-26,10,12
02543,"Aditya Pharmacy College, Beed",Pharmacy,SC,CAP Round I,2025-26,10,4
02543,"Aditya Pharmacy College, Beed",Pharmacy,ST,CAP Round I,2025-26,10,2
02543,"Aditya Pharmacy College, Beed",Pharmacy,VJ/DT,CAP Round I,2025-26,10,1
02543,"Aditya Pharmacy College, Beed",Pharmacy,NTB,CAP Round I,2025-26,10,1
02543,"Aditya Pharmacy College, Beed",Pharmacy,NTC,CAP Round I,2025-26,10,1
02543,"Aditya Pharmacy College, Beed",Pharmacy,NTD,CAP Round I,2025-26,10,1
02543,"Aditya Pharmacy College, Beed",Pharmacy,OBC,CAP Round I,2025-26,10,6
02543,"Aditya Pharmacy College, Beed",Pharmacy,SEBC,CAP Round I,2025-26,10,3
02543,"Aditya Pharmacy College, Beed",Pharmacy,PWD,CAP Round I,2025-26,10,1
02543,"Aditya Pharmacy College, Beed",Pharmacy,DEF,CAP Round I,2025-26,10,1
02543,"Aditya Pharmacy College, Beed",Pharmacy,EWS,CAP Round I,2025-26,10,10
02545,"Shriganesh Ramchandra Katruwar College of Pharmacy, Manwath",Pharmacy,OPEN,CAP Round I,2025-26,6,7
02545,"Shriganesh Ramchandra Katruwar College of Pharmacy, Manwath",Pharmacy,SC,CAP Round I,2025-26,6,2
02545,"Shriganesh Ramchandra Katruwar College of Pharmacy, Manwath",Pharmacy,ST,CAP Round I,2025-26,6,1
02545,"Shriganesh Ramchandra Katruwar College of Pharmacy, Manwath",Pharmacy,VJ/DT,CAP Round I,2025-26,6,1
02545,"Shriganesh Ramchandra Katruwar College of Pharmacy, Manwath",Pharmacy,NTC,CAP Round I,2025-26,6,1
02545,"Shriganesh Ramchandra Katruwar College of Pharmacy, Manwath",Pharmacy,OBC,CAP Round I,2025-26,6,3
02545,"Shriganesh Ramchandra Katruwar College of Pharmacy, Manwath",Pharmacy,SEBC,CAP Round I,2025-26,6,1
02545,"Shriganesh Ramchandra Katruwar College of Pharmacy, Manwath",Pharmacy,PWD,CAP Round I,2025-26,6,1
02545,"Shriganesh Ramchandra Katruwar College of Pharmacy, Manwath",Pharmacy,DEF,CAP Round I,2025-26,6,1
02545,"Shriganesh Ramchandra Katruwar College of Pharmacy, Manwath",Pharmacy,EWS,CAP Round I,2025-26,6,7
02547,"Late Bhagirathi Yashwantrao Pathrikar College of D.Pharmacy, Pathri",Pharmacy,OPEN,CAP Round I,2025-26,10,11
02547,"Late Bhagirathi Yashwantrao Pathrikar College of D.Pharmacy, Pathri",Pharmacy,SC,CAP Round I,2025-26,10,4
02547,"Late Bhagirathi Yashwantrao Pathrikar College of D.Pharmacy, Pathri",Pharmacy,ST,CAP Round I,2025-26,10,2
02547,"Late Bhagirathi Yashwantrao Pathrikar College of D.Pharmacy, Pathri",Pharmacy,VJ/DT,CAP Round I,2025-26,10,1
02547,"Late Bhagirathi Yashwantrao Pathrikar College of D.Pharmacy, Pathri",Pharmacy,NTB,CAP Round I,2025-26,10,1
02547,"Late Bhagirathi Yashwantrao Pathrikar College of D.Pharmacy, Pathri",Pharmacy,NTC,CAP Round I,2025-26,10,1
02547,"Late Bhagirathi Yashwantrao Pathrikar College of D.Pharmacy, Pathri",Pharmacy,NTD,CAP Round I,2025-26,10,1
02547,"Late Bhagirathi Yashwantrao Pathrikar College of D.Pharmacy, Pathri",Pharmacy,OBC,CAP Round I,2025-26,10,6
02547,"Late Bhagirathi Yashwantrao Pathrikar College of D.Pharmacy, Pathri",Pharmacy,SEBC,CAP Round I,2025-26,10,3
02547,"Late Bhagirathi Yashwantrao Pathrikar College of D.Pharmacy, Pathri",Pharmacy,PWD,CAP Round I,2025-26,10,3
02547,"Late Bhagirathi Yashwantrao Pathrikar College of D.Pharmacy, Pathri",Pharmacy,DEF,CAP Round I,2025-26,10,3
02547,"Late Bhagirathi Yashwantrao Pathrikar College of D.Pharmacy, Pathri",Pharmacy,EWS,CAP Round I,2025-26,10,11
02548,"Swargiya Lilawati Satish Awhad D.Pharmacy College(Minority), Kharab Khandgaon.",Pharmacy,OPEN,CAP Round I,2025-26,10,33
02550,"Prerana Institute of Pharmacy(D.Pharmacy), Parbhani",Pharmacy,OPEN,CAP Round I,2025-26,6,10
02550,"Prerana Institute of Pharmacy(D.Pharmacy), Parbhani",Pharmacy,SC,CAP Round I,2025-26,6,3
02550,"Prerana Institute of Pharmacy(D.Pharmacy), Parbhani",Pharmacy,ST,CAP Round I,2025-26,6,2
02550,"Prerana Institute of Pharmacy(D.Pharmacy), Parbhani",Pharmacy,VJ/DT,CAP Round I,2025-26,6,1
02550,"Prerana Institute of Pharmacy(D.Pharmacy), Parbhani",Pharmacy,NTC,CAP Round I,2025-26,6,1
02550,"Prerana Institute of Pharmacy(D.Pharmacy), Parbhani",Pharmacy,NTD,CAP Round I,2025-26,6,1
02550,"Prerana Institute of Pharmacy(D.Pharmacy), Parbhani",Pharmacy,OBC,CAP Round I,2025-26,6,5
02550,"Prerana Institute of Pharmacy(D.Pharmacy), Parbhani",Pharmacy,SEBC,CAP Round I,2025-26,6,2
02550,"Prerana Institute of Pharmacy(D.Pharmacy), Parbhani",Pharmacy,PWD,CAP Round I,2025-26,6,1
02550,"Prerana Institute of Pharmacy(D.Pharmacy), Parbhani",Pharmacy,DEF,CAP Round I,2025-26,6,1
02550,"Prerana Institute of Pharmacy(D.Pharmacy), Parbhani",Pharmacy,EWS,CAP Round I,2025-26,6,6
02553,"Latur College of Pharmacy, Gurunathappa Bavage Knowledge City",Pharmacy,OPEN,CAP Round I,2025-26,10,26
02553,"Latur College of Pharmacy, Gurunathappa Bavage Knowledge City",Pharmacy,SC,CAP Round I,2025-26,10,10
02553,"Latur College of Pharmacy, Gurunathappa Bavage Knowledge City",Pharmacy,ST,CAP Round I,2025-26,10,6
02553,"Latur College of Pharmacy, Gurunathappa Bavage Knowledge City",Pharmacy,VJ/DT,CAP Round I,2025-26,10,2
02553,"Latur College of Pharmacy, Gurunathappa Bavage Knowledge City",Pharmacy,NTB,CAP Round I,2025-26,10,2
02553,"Latur College of Pharmacy, Gurunathappa Bavage Knowledge City",Pharmacy,NTC,CAP Round I,2025-26,10,3
02553,"Latur College of Pharmacy, Gurunathappa Bavage Knowledge City",Pharmacy,NTD,CAP Round I,2025-26,10,1
02553,"Latur College of Pharmacy, Gurunathappa Bavage Knowledge City",Pharmacy,OBC,CAP Round I,2025-26,10,14
02553,"Latur College of Pharmacy, Gurunathappa Bavage Knowledge City",Pharmacy,SEBC,CAP Round I,2025-26,10,8
02553,"Latur College of Pharmacy, Gurunathappa Bavage Knowledge City",Pharmacy,PWD,CAP Round I,2025-26,10,6
02553,"Latur College of Pharmacy, Gurunathappa Bavage Knowledge City",Pharmacy,DEF,CAP Round I,2025-26,10,6
02553,"Latur College of Pharmacy, Gurunathappa Bavage Knowledge City",Pharmacy,EWS,CAP Round I,2025-26,10,6
02554,"Mauli College of Pharmacy(B.Pharm), Tondar, Udgir",Pharmacy,OPEN,CAP Round I,2025-26,10,26
02554,"Mauli College of Pharmacy(B.Pharm), Tondar, Udgir",Pharmacy,SC,CAP Round I,2025-26,10,10
02554,"Mauli College of Pharmacy(B.Pharm), Tondar, Udgir",Pharmacy,ST,CAP Round I,2025-26,10,5
02554,"Mauli College of Pharmacy(B.Pharm), Tondar, Udgir",Pharmacy,VJ/DT,CAP Round I,2025-26,10,2
02554,"Mauli College of Pharmacy(B.Pharm), Tondar, Udgir",Pharmacy,NTB,CAP Round I,2025-26,10,2
02554,"Mauli College of Pharmacy(B.Pharm), Tondar, Udgir",Pharmacy,NTC,CAP Round I,2025-26,10,3
02554,"Mauli College of Pharmacy(B.Pharm), Tondar, Udgir",Pharmacy,NTD,CAP Round I,2025-26,10,1
02554,"Mauli College of Pharmacy(B.Pharm), Tondar, Udgir",Pharmacy,OBC,CAP Round I,2025-26,10,14
02554,"Mauli College of Pharmacy(B.Pharm), Tondar, Udgir",Pharmacy,SEBC,CAP Round I,2025-26,10,7
02554,"Mauli College of Pharmacy(B.Pharm), Tondar, Udgir",Pharmacy,PWD,CAP Round I,2025-26,10,6
02554,"Mauli College of Pharmacy(B.Pharm), Tondar, Udgir",Pharmacy,DEF,CAP Round I,2025-26,10,6
02554,"Mauli College of Pharmacy(B.Pharm), Tondar, Udgir",Pharmacy,EWS,CAP Round I,2025-26,10,9
02555,"Aditya Institute of Pharmacutical, Beed",Pharmacy,OPEN,CAP Round I,2025-26,10,20
02555,"Aditya Institute of Pharmacutical, Beed",Pharmacy,SC,CAP Round I,2025-26,10,7
02555,"Aditya Institute of Pharmacutical, Beed",Pharmacy,ST,CAP Round I,2025-26,10,4
02555,"Aditya Institute of Pharmacutical, Beed",Pharmacy,VJ/DT,CAP Round I,2025-26,10,2
02555,"Aditya Institute of Pharmacutical, Beed",Pharmacy,NTB,CAP Round I,2025-26,10,1
02555,"Aditya Institute of Pharmacutical, Beed",Pharmacy,NTC,CAP Round I,2025-26,10,2
02555,"Aditya Institute of Pharmacutical, Beed",Pharmacy,NTD,CAP Round I,2025-26,10,1
02555,"Aditya Institute of Pharmacutical, Beed",Pharmacy,OBC,CAP Round I,2025-26,10,10
02555,"Aditya Institute of Pharmacutical, Beed",Pharmacy,SEBC,CAP Round I,2025-26,10,6
02555,"Aditya Institute of Pharmacutical, Beed",Pharmacy,PWD,CAP Round I,2025-26,10,4
02555,"Aditya Institute of Pharmacutical, Beed",Pharmacy,DEF,CAP Round I,2025-26,10,4
02555,"Aditya Institute of Pharmacutical, Beed",Pharmacy,EWS,CAP Round I,2025-26,10,8
02556,"Rajashri Shahu College of Pharmacy, Markhel",Pharmacy,OPEN,CAP Round I,2025-26,6,16
02556,"Rajashri Shahu College of Pharmacy, Markhel",Pharmacy,SC,CAP Round I,2025-26,6,6
02556,"Rajashri Shahu College of Pharmacy, Markhel",Pharmacy,ST,CAP Round I,2025-26,6,3
02556,"Rajashri Shahu College of Pharmacy, Markhel",Pharmacy,VJ/DT,CAP Round I,2025-26,6,1
02556,"Rajashri Shahu College of Pharmacy, Markhel",Pharmacy,NTB,CAP Round I,2025-26,6,1
02556,"Rajashri Shahu College of Pharmacy, Markhel",Pharmacy,NTC,CAP Round I,2025-26,6,1
02556,"Rajashri Shahu College of Pharmacy, Markhel",Pharmacy,NTD,CAP Round I,2025-26,6,1
02556,"Rajashri Shahu College of Pharmacy, Markhel",Pharmacy,OBC,CAP Round I,2025-26,6,9
02556,"Rajashri Shahu College of Pharmacy, Markhel",Pharmacy,SEBC,CAP Round I,2025-26,6,4
02556,"Rajashri Shahu College of Pharmacy, Markhel",Pharmacy,PWD,CAP Round I,2025-26,6,3
02556,"Rajashri Shahu College of Pharmacy, Markhel",Pharmacy,DEF,CAP Round I,2025-26,6,3
02556,"Rajashri Shahu College of Pharmacy, Markhel",Pharmacy,EWS,CAP Round I,2025-26,6,6
02559,"Kandhar College of Pharmacy, Kandhar",Pharmacy,OPEN,CAP Round I,2025-26,6,15
02559,"Kandhar College of Pharmacy, Kandhar",Pharmacy,SC,CAP Round I,2025-26,6,5
02559,"Kandhar College of Pharmacy, Kandhar",Pharmacy,ST,CAP Round I,2025-26,6,3
02559,"Kandhar College of Pharmacy, Kandhar",Pharmacy,VJ/DT,CAP Round I,2025-26,6,1
02559,"Kandhar College of Pharmacy, Kandhar",Pharmacy,NTB,CAP Round I,2025-26,6,1
02559,"Kandhar College of Pharmacy, Kandhar",Pharmacy,NTC,CAP Round I,2025-26,6,1
02559,"Kandhar College of Pharmacy, Kandhar",Pharmacy,NTD,CAP Round I,2025-26,6,1
02559,"Kandhar College of Pharmacy, Kandhar",Pharmacy,OBC,CAP Round I,2025-26,6,8
02559,"Kandhar College of Pharmacy, Kandhar",Pharmacy,SEBC,CAP Round I,2025-26,6,4
02559,"Kandhar College of Pharmacy, Kandhar",Pharmacy,PWD,CAP Round I,2025-26,6,3
02559,"Kandhar College of Pharmacy, Kandhar",Pharmacy,DEF,CAP Round I,2025-26,6,3
02559,"Kandhar College of Pharmacy, Kandhar",Pharmacy,EWS,CAP Round I,2025-26,6,6
02560,"Anand Charitable Sanstha's College of Pharmaceutical Science & Research, Ashti",Pharmacy,OPEN,CAP Round I,2025-26,10,25
02560,"Anand Charitable Sanstha's College of Pharmaceutical Science & Research, Ashti",Pharmacy,SC,CAP Round I,2025-26,10,8
02560,"Anand Charitable Sanstha's College of Pharmaceutical Science & Research, Ashti",Pharmacy,ST,CAP Round I,2025-26,10,5
02560,"Anand Charitable Sanstha's College of Pharmaceutical Science & Research, Ashti",Pharmacy,VJ/DT,CAP Round I,2025-26,10,2
02560,"Anand Charitable Sanstha's College of Pharmaceutical Science & Research, Ashti",Pharmacy,NTB,CAP Round I,2025-26,10,2
02560,"Anand Charitable Sanstha's College of Pharmaceutical Science & Research, Ashti",Pharmacy,NTC,CAP Round I,2025-26,10,3
02560,"Anand Charitable Sanstha's College of Pharmaceutical Science & Research, Ashti",Pharmacy,NTD,CAP Round I,2025-26,10,1
02560,"Anand Charitable Sanstha's College of Pharmaceutical Science & Research, Ashti",Pharmacy,OBC,CAP Round I,2025-26,10,13
02560,"Anand Charitable Sanstha's College of Pharmaceutical Science & Research, Ashti",Pharmacy,SEBC,CAP Round I,2025-26,10,7
02560,"Anand Charitable Sanstha's College of Pharmaceutical Science & Research, Ashti",Pharmacy,PWD,CAP Round I,2025-26,10,4
02560,"Anand Charitable Sanstha's College of Pharmaceutical Science & Research, Ashti",Pharmacy,DEF,CAP Round I,2025-26,10,4
02560,"Anand Charitable Sanstha's College of Pharmaceutical Science & Research, Ashti",Pharmacy,EWS,CAP Round I,2025-26,10,8
02561,"Rajesh Bhaiyya Tope College of B Pharmacy, Nipani, Aurangbad",Pharmacy,OPEN,CAP Round I,2025-26,10,22
02561,"Rajesh Bhaiyya Tope College of B Pharmacy, Nipani, Aurangbad",Pharmacy,SC,CAP Round I,2025-26,10,8
02561,"Rajesh Bhaiyya Tope College of B Pharmacy, Nipani, Aurangbad",Pharmacy,ST,CAP Round I,2025-26,10,5
02561,"Rajesh Bhaiyya Tope College of B Pharmacy, Nipani, Aurangbad",Pharmacy,VJ/DT,CAP Round I,2025-26,10,1
02561,"Rajesh Bhaiyya Tope College of B Pharmacy, Nipani, Aurangbad",Pharmacy,NTB,CAP Round I,2025-26,10,2
02561,"Rajesh Bhaiyya Tope College of B Pharmacy, Nipani, Aurangbad",Pharmacy,NTC,CAP Round I,2025-26,10,2
02561,"Rajesh Bhaiyya Tope College of B Pharmacy, Nipani, Aurangbad",Pharmacy,NTD,CAP Round I,2025-26,10,1
02561,"Rajesh Bhaiyya Tope College of B Pharmacy, Nipani, Aurangbad",Pharmacy,OBC,CAP Round I,2025-26,10,12
02561,"Rajesh Bhaiyya Tope College of B Pharmacy, Nipani, Aurangbad",Pharmacy,SEBC,CAP Round I,2025-26,10,6
02561,"Rajesh Bhaiyya Tope College of B Pharmacy, Nipani, Aurangbad",Pharmacy,PWD,CAP Round I,2025-26,10,4
02561,"Rajesh Bhaiyya Tope College of B Pharmacy, Nipani, Aurangbad",Pharmacy,DEF,CAP Round I,2025-26,10,4
02561,"Rajesh Bhaiyya Tope College of B Pharmacy, Nipani, Aurangbad",Pharmacy,EWS,CAP Round I,2025-26,10,10
02563,"Shri Sai Janvikas Pratisthan's R.P. College of Pharmacy, Osmanabad",Pharmacy,OPEN,CAP Round I,2025-26,10,13
02563,"Shri Sai Janvikas Pratisthan's R.P. College of Pharmacy, Osmanabad",Pharmacy,SC,CAP Round I,2025-26,10,5
02563,"Shri Sai Janvikas Pratisthan's R.P. College of Pharmacy, Osmanabad",Pharmacy,ST,CAP Round I,2025-26,10,3
02563,"Shri Sai Janvikas Pratisthan's R.P. College of Pharmacy, Osmanabad",Pharmacy,VJ/DT,CAP Round I,2025-26,10,2
02563,"Shri Sai Janvikas Pratisthan's R.P. College of Pharmacy, Osmanabad",Pharmacy,NTB,CAP Round I,2025-26,10,1
02563,"Shri Sai Janvikas Pratisthan's R.P. College of Pharmacy, Osmanabad",Pharmacy,NTC,CAP Round I,2025-26,10,1
02563,"Shri Sai Janvikas Pratisthan's R.P. College of Pharmacy, Osmanabad",Pharmacy,NTD,CAP Round I,2025-26,10,1
02563,"Shri Sai Janvikas Pratisthan's R.P. College of Pharmacy, Osmanabad",Pharmacy,OBC,CAP Round I,2025-26,10,7
02563,"Shri Sai Janvikas Pratisthan's R.P. College of Pharmacy, Osmanabad",Pharmacy,SEBC,CAP Round I,2025-26,10,4
02563,"Shri Sai Janvikas Pratisthan's R.P. College of Pharmacy, Osmanabad",Pharmacy,PWD,CAP Round I,2025-26,10,3
02563,"Shri Sai Janvikas Pratisthan's R.P. College of Pharmacy, Osmanabad",Pharmacy,DEF,CAP Round I,2025-26,10,3
02563,"Shri Sai Janvikas Pratisthan's R.P. College of Pharmacy, Osmanabad",Pharmacy,EWS,CAP Round I,2025-26,10,1
02564,"Shri. Dhaneshwari Manav Vikas Mandal's S.V.P. College of Pharmacy, Hingoli",Pharmacy,OPEN,CAP Round I,2025-26,10,15
02564,"Shri. Dhaneshwari Manav Vikas Mandal's S.V.P. College of Pharmacy, Hingoli",Pharmacy,SC,CAP Round I,2025-26,10,6
02564,"Shri. Dhaneshwari Manav Vikas Mandal's S.V.P. College of Pharmacy, Hingoli",Pharmacy,ST,CAP Round I,2025-26,10,3
02564,"Shri. Dhaneshwari Manav Vikas Mandal's S.V.P. College of Pharmacy, Hingoli",Pharmacy,VJ/DT,CAP Round I,2025-26,10,2
02564,"Shri. Dhaneshwari Manav Vikas Mandal's S.V.P. College of Pharmacy, Hingoli",Pharmacy,NTB,CAP Round I,2025-26,10,1
02564,"Shri. Dhaneshwari Manav Vikas Mandal's S.V.P. College of Pharmacy, Hingoli",Pharmacy,NTC,CAP Round I,2025-26,10,1
02564,"Shri. Dhaneshwari Manav Vikas Mandal's S.V.P. College of Pharmacy, Hingoli",Pharmacy,NTD,CAP Round I,2025-26,10,1
02564,"Shri. Dhaneshwari Manav Vikas Mandal's S.V.P. College of Pharmacy, Hingoli",Pharmacy,OBC,CAP Round I,2025-26,10,8
02564,"Shri. Dhaneshwari Manav Vikas Mandal's S.V.P. College of Pharmacy, Hingoli",Pharmacy,SEBC,CAP Round I,2025-26,10,5
02564,"Shri. Dhaneshwari Manav Vikas Mandal's S.V.P. College of Pharmacy, Hingoli",Pharmacy,PWD,CAP Round I,2025-26,10,3
02564,"Shri. Dhaneshwari Manav Vikas Mandal's S.V.P. College of Pharmacy, Hingoli",Pharmacy,DEF,CAP Round I,2025-26,10,3
02564,"Shri. Dhaneshwari Manav Vikas Mandal's S.V.P. College of Pharmacy, Hingoli",Pharmacy,EWS,CAP Round I,2025-26,10,8
02565,"Usha Dwarkadas Pathrikar Institute of Pharmacy, Dongargaon Kawad",Pharmacy,OPEN,CAP Round I,2025-26,6,17
02565,"Usha Dwarkadas Pathrikar Institute of Pharmacy, Dongargaon Kawad",Pharmacy,SC,CAP Round I,2025-26,6,6
02565,"Usha Dwarkadas Pathrikar Institute of Pharmacy, Dongargaon Kawad",Pharmacy,ST,CAP Round I,2025-26,6,3
02565,"Usha Dwarkadas Pathrikar Institute of Pharmacy, Dongargaon Kawad",Pharmacy,VJ/DT,CAP Round I,2025-26,6,1
02565,"Usha Dwarkadas Pathrikar Institute of Pharmacy, Dongargaon Kawad",Pharmacy,NTB,CAP Round I,2025-26,6,1
02565,"Usha Dwarkadas Pathrikar Institute of Pharmacy, Dongargaon Kawad",Pharmacy,NTC,CAP Round I,2025-26,6,2
02565,"Usha Dwarkadas Pathrikar Institute of Pharmacy, Dongargaon Kawad",Pharmacy,NTD,CAP Round I,2025-26,6,1
02565,"Usha Dwarkadas Pathrikar Institute of Pharmacy, Dongargaon Kawad",Pharmacy,OBC,CAP Round I,2025-26,6,9
02565,"Usha Dwarkadas Pathrikar Institute of Pharmacy, Dongargaon Kawad",Pharmacy,SEBC,CAP Round I,2025-26,6,4
02565,"Usha Dwarkadas Pathrikar Institute of Pharmacy, Dongargaon Kawad",Pharmacy,PWD,CAP Round I,2025-26,6,3
02565,"Usha Dwarkadas Pathrikar Institute of Pharmacy, Dongargaon Kawad",Pharmacy,DEF,CAP Round I,2025-26,6,3
02565,"Usha Dwarkadas Pathrikar Institute of Pharmacy, Dongargaon Kawad",Pharmacy,EWS,CAP Round I,2025-26,6,6
02567,"Yashodeep Institute of Pharmacy, Pimpalgaon Pandhari, Aurangabad.",Pharmacy,OPEN,CAP Round I,2025-26,10,24
02567,"Yashodeep Institute of Pharmacy, Pimpalgaon Pandhari, Aurangabad.",Pharmacy,SC,CAP Round I,2025-26,10,10
02567,"Yashodeep Institute of Pharmacy, Pimpalgaon Pandhari, Aurangabad.",Pharmacy,ST,CAP Round I,2025-26,10,5
02567,"Yashodeep Institute of Pharmacy, Pimpalgaon Pandhari, Aurangabad.",Pharmacy,VJ/DT,CAP Round I,2025-26,10,3
02567,"Yashodeep Institute of Pharmacy, Pimpalgaon Pandhari, Aurangabad.",Pharmacy,NTB,CAP Round I,2025-26,10,2
02567,"Yashodeep Institute of Pharmacy, Pimpalgaon Pandhari, Aurangabad.",Pharmacy,NTC,CAP Round I,2025-26,10,3
02567,"Yashodeep Institute of Pharmacy, Pimpalgaon Pandhari, Aurangabad.",Pharmacy,NTD,CAP Round I,2025-26,10,1
02567,"Yashodeep Institute of Pharmacy, Pimpalgaon Pandhari, Aurangabad.",Pharmacy,OBC,CAP Round I,2025-26,10,14
02567,"Yashodeep Institute of Pharmacy, Pimpalgaon Pandhari, Aurangabad.",Pharmacy,SEBC,CAP Round I,2025-26,10,7
02567,"Yashodeep Institute of Pharmacy, Pimpalgaon Pandhari, Aurangabad.",Pharmacy,PWD,CAP Round I,2025-26,10,6
02567,"Yashodeep Institute of Pharmacy, Pimpalgaon Pandhari, Aurangabad.",Pharmacy,DEF,CAP Round I,2025-26,10,6
02567,"Yashodeep Institute of Pharmacy, Pimpalgaon Pandhari, Aurangabad.",Pharmacy,EWS,CAP Round I,2025-26,10,10
02572,"Shreeyash Institute of Pharmaceutical Education & Research, Aurangabad",Pharmacy,OPEN,CAP Round I,2025-26,10,7
02572,"Shreeyash Institute of Pharmaceutical Education & Research, Aurangabad",Pharmacy,SC,CAP Round I,2025-26,10,1
02572,"Shreeyash Institute of Pharmaceutical Education & Research, Aurangabad",Pharmacy,ST,CAP Round I,2025-26,10,1
02572,"Shreeyash Institute of Pharmaceutical Education & Research, Aurangabad",Pharmacy,VJ/DT,CAP Round I,2025-26,10,1
02572,"Shreeyash Institute of Pharmaceutical Education & Research, Aurangabad",Pharmacy,NTC,CAP Round I,2025-26,10,1
02572,"Shreeyash Institute of Pharmaceutical Education & Research, Aurangabad",Pharmacy,OBC,CAP Round I,2025-26,10,3
02572,"Shreeyash Institute of Pharmaceutical Education & Research, Aurangabad",Pharmacy,SEBC,CAP Round I,2025-26,10,1
02572,"Shreeyash Institute of Pharmaceutical Education & Research, Aurangabad",Pharmacy,PWD,CAP Round I,2025-26,10,1
02572,"Shreeyash Institute of Pharmaceutical Education & Research, Aurangabad",Pharmacy,DEF,CAP Round I,2025-26,10,1
02572,"Shreeyash Institute of Pharmaceutical Education & Research, Aurangabad",Pharmacy,EWS,CAP Round I,2025-26,10,3
02574,"Durgamata Institute of Pharmacy, Darmapuri, Parbhani",Pharmacy,OPEN,CAP Round I,2025-26,10,28
02574,"Durgamata Institute of Pharmacy, Darmapuri, Parbhani",Pharmacy,SC,CAP Round I,2025-26,10,10
02574,"Durgamata Institute of Pharmacy, Darmapuri, Parbhani",Pharmacy,ST,CAP Round I,2025-26,10,6
02574,"Durgamata Institute of Pharmacy, Darmapuri, Parbhani",Pharmacy,VJ/DT,CAP Round I,2025-26,10,3
02574,"Durgamata Institute of Pharmacy, Darmapuri, Parbhani",Pharmacy,NTB,CAP Round I,2025-26,10,2
02574,"Durgamata Institute of Pharmacy, Darmapuri, Parbhani",Pharmacy,NTC,CAP Round I,2025-26,10,3
02574,"Durgamata Institute of Pharmacy, Darmapuri, Parbhani",Pharmacy,NTD,CAP Round I,2025-26,10,3
02574,"Durgamata Institute of Pharmacy, Darmapuri, Parbhani",Pharmacy,OBC,CAP Round I,2025-26,10,16
02574,"Durgamata Institute of Pharmacy, Darmapuri, Parbhani",Pharmacy,SEBC,CAP Round I,2025-26,10,8
02574,"Durgamata Institute of Pharmacy, Darmapuri, Parbhani",Pharmacy,PWD,CAP Round I,2025-26,10,6
02574,"Durgamata Institute of Pharmacy, Darmapuri, Parbhani",Pharmacy,DEF,CAP Round I,2025-26,10,6
02574,"Durgamata Institute of Pharmacy, Darmapuri, Parbhani",Pharmacy,EWS,CAP Round I,2025-26,10,9
02575,"Gurukrupa Sevabhavi Sanstha's Gurukrupa Institute of Pharmacy(B.Pharm), Majalegaon, Beed",Pharmacy,OPEN,CAP Round I,2025-26,10,18
02575,"Gurukrupa Sevabhavi Sanstha's Gurukrupa Institute of Pharmacy(B.Pharm), Majalegaon, Beed",Pharmacy,SC,CAP Round I,2025-26,10,6
02575,"Gurukrupa Sevabhavi Sanstha's Gurukrupa Institute of Pharmacy(B.Pharm), Majalegaon, Beed",Pharmacy,ST,CAP Round I,2025-26,10,3
02575,"Gurukrupa Sevabhavi Sanstha's Gurukrupa Institute of Pharmacy(B.Pharm), Majalegaon, Beed",Pharmacy,VJ/DT,CAP Round I,2025-26,10,2
02575,"Gurukrupa Sevabhavi Sanstha's Gurukrupa Institute of Pharmacy(B.Pharm), Majalegaon, Beed",Pharmacy,NTB,CAP Round I,2025-26,10,1
02575,"Gurukrupa Sevabhavi Sanstha's Gurukrupa Institute of Pharmacy(B.Pharm), Majalegaon, Beed",Pharmacy,NTC,CAP Round I,2025-26,10,2
02575,"Gurukrupa Sevabhavi Sanstha's Gurukrupa Institute of Pharmacy(B.Pharm), Majalegaon, Beed",Pharmacy,NTD,CAP Round I,2025-26,10,1
02575,"Gurukrupa Sevabhavi Sanstha's Gurukrupa Institute of Pharmacy(B.Pharm), Majalegaon, Beed",Pharmacy,OBC,CAP Round I,2025-26,10,9
02575,"Gurukrupa Sevabhavi Sanstha's Gurukrupa Institute of Pharmacy(B.Pharm), Majalegaon, Beed",Pharmacy,SEBC,CAP Round I,2025-26,10,5
02575,"Gurukrupa Sevabhavi Sanstha's Gurukrupa Institute of Pharmacy(B.Pharm), Majalegaon, Beed",Pharmacy,PWD,CAP Round I,2025-26,10,3
02575,"Gurukrupa Sevabhavi Sanstha's Gurukrupa Institute of Pharmacy(B.Pharm), Majalegaon, Beed",Pharmacy,DEF,CAP Round I,2025-26,10,3
02575,"Gurukrupa Sevabhavi Sanstha's Gurukrupa Institute of Pharmacy(B.Pharm), Majalegaon, Beed",Pharmacy,EWS,CAP Round I,2025-26,10,11
02576,"VSS Institute of Pharmacy, Badnapur",Pharmacy,OPEN,CAP Round I,2025-26,10,12
02576,"VSS Institute of Pharmacy, Badnapur",Pharmacy,SC,CAP Round I,2025-26,10,4
02576,"VSS Institute of Pharmacy, Badnapur",Pharmacy,ST,CAP Round I,2025-26,10,2
02576,"VSS Institute of Pharmacy, Badnapur",Pharmacy,VJ/DT,CAP Round I,2025-26,10,1
02576,"VSS Institute of Pharmacy, Badnapur",Pharmacy,NTB,CAP Round I,2025-26,10,1
02576,"VSS Institute of Pharmacy, Badnapur",Pharmacy,NTC,CAP Round I,2025-26,10,1
02576,"VSS Institute of Pharmacy, Badnapur",Pharmacy,NTD,CAP Round I,2025-26,10,1
02576,"VSS Institute of Pharmacy, Badnapur",Pharmacy,OBC,CAP Round I,2025-26,10,6
02576,"VSS Institute of Pharmacy, Badnapur",Pharmacy,SEBC,CAP Round I,2025-26,10,3
02576,"VSS Institute of Pharmacy, Badnapur",Pharmacy,PWD,CAP Round I,2025-26,10,1
02576,"VSS Institute of Pharmacy, Badnapur",Pharmacy,DEF,CAP Round I,2025-26,10,1
02576,"VSS Institute of Pharmacy, Badnapur",Pharmacy,EWS,CAP Round I,2025-26,10,8
02577,"Dayanand Education Society's Dayanand Institute of Pharmacy, Latur",Pharmacy,OPEN,CAP Round I,2025-26,6,6
02577,"Dayanand Education Society's Dayanand Institute of Pharmacy, Latur",Pharmacy,SC,CAP Round I,2025-26,6,2
02577,"Dayanand Education Society's Dayanand Institute of Pharmacy, Latur",Pharmacy,ST,CAP Round I,2025-26,6,1
02577,"Dayanand Education Society's Dayanand Institute of Pharmacy, Latur",Pharmacy,VJ/DT,CAP Round I,2025-26,6,1
02577,"Dayanand Education Society's Dayanand Institute of Pharmacy, Latur",Pharmacy,NTC,CAP Round I,2025-26,6,1
02577,"Dayanand Education Society's Dayanand Institute of Pharmacy, Latur",Pharmacy,OBC,CAP Round I,2025-26,6,3
02577,"Dayanand Education Society's Dayanand Institute of Pharmacy, Latur",Pharmacy,SEBC,CAP Round I,2025-26,6,1
02577,"Dayanand Education Society's Dayanand Institute of Pharmacy, Latur",Pharmacy,PWD,CAP Round I,2025-26,6,1
02577,"Dayanand Education Society's Dayanand Institute of Pharmacy, Latur",Pharmacy,DEF,CAP Round I,2025-26,6,1
02577,"Dayanand Education Society's Dayanand Institute of Pharmacy, Latur",Pharmacy,EWS,CAP Round I,2025-26,6,2
02578,"Godavari Institute of Pharmacy, Kolpa, Tal. & Dist. Latur",Pharmacy,OPEN,CAP Round I,2025-26,10,28
02578,"Godavari Institute of Pharmacy, Kolpa, Tal. & Dist. Latur",Pharmacy,SC,CAP Round I,2025-26,10,10
02578,"Godavari Institute of Pharmacy, Kolpa, Tal. & Dist. Latur",Pharmacy,ST,CAP Round I,2025-26,10,6
02578,"Godavari Institute of Pharmacy, Kolpa, Tal. & Dist. Latur",Pharmacy,VJ/DT,CAP Round I,2025-26,10,3
02578,"Godavari Institute of Pharmacy, Kolpa, Tal. & Dist. Latur",Pharmacy,NTB,CAP Round I,2025-26,10,2
02578,"Godavari Institute of Pharmacy, Kolpa, Tal. & Dist. Latur",Pharmacy,NTC,CAP Round I,2025-26,10,3
02578,"Godavari Institute of Pharmacy, Kolpa, Tal. & Dist. Latur",Pharmacy,NTD,CAP Round I,2025-26,10,1
02578,"Godavari Institute of Pharmacy, Kolpa, Tal. & Dist. Latur",Pharmacy,OBC,CAP Round I,2025-26,10,16
02578,"Godavari Institute of Pharmacy, Kolpa, Tal. & Dist. Latur",Pharmacy,SEBC,CAP Round I,2025-26,10,8
02578,"Godavari Institute of Pharmacy, Kolpa, Tal. & Dist. Latur",Pharmacy,PWD,CAP Round I,2025-26,10,6
02578,"Godavari Institute of Pharmacy, Kolpa, Tal. & Dist. Latur",Pharmacy,DEF,CAP Round I,2025-26,10,6
02578,"Godavari Institute of Pharmacy, Kolpa, Tal. & Dist. Latur",Pharmacy,EWS,CAP Round I,2025-26,10,3
02579,"D.K. Patil Institute of Pharmacy, Loha, Nanded",Pharmacy,OPEN,CAP Round I,2025-26,10,30
02579,"D.K. Patil Institute of Pharmacy, Loha, Nanded",Pharmacy,SC,CAP Round I,2025-26,10,10
02579,"D.K. Patil Institute of Pharmacy, Loha, Nanded",Pharmacy,ST,CAP Round I,2025-26,10,6
02579,"D.K. Patil Institute of Pharmacy, Loha, Nanded",Pharmacy,VJ/DT,CAP Round I,2025-26,10,3
02579,"D.K. Patil Institute of Pharmacy, Loha, Nanded",Pharmacy,NTB,CAP Round I,2025-26,10,2
02579,"D.K. Patil Institute of Pharmacy, Loha, Nanded",Pharmacy,NTC,CAP Round I,2025-26,10,3
02579,"D.K. Patil Institute of Pharmacy, Loha, Nanded",Pharmacy,NTD,CAP Round I,2025-26,10,2
02579,"D.K. Patil Institute of Pharmacy, Loha, Nanded",Pharmacy,OBC,CAP Round I,2025-26,10,16
02579,"D.K. Patil Institute of Pharmacy, Loha, Nanded",Pharmacy,SEBC,CAP Round I,2025-26,10,8
02579,"D.K. Patil Institute of Pharmacy, Loha, Nanded",Pharmacy,PWD,CAP Round I,2025-26,10,6
02579,"D.K. Patil Institute of Pharmacy, Loha, Nanded",Pharmacy,DEF,CAP Round I,2025-26,10,6
02579,"D.K. Patil Institute of Pharmacy, Loha, Nanded",Pharmacy,EWS,CAP Round I,2025-26,10,11
02580,"Shri.Ramkrishna Paramhans college of Pharmacy, (D.Pharm), Hasnapur, Parbhani",Pharmacy,OPEN,CAP Round I,2025-26,10,27
02580,"Shri.Ramkrishna Paramhans college of Pharmacy, (D.Pharm), Hasnapur, Parbhani",Pharmacy,SC,CAP Round I,2025-26,10,10
02580,"Shri.Ramkrishna Paramhans college of Pharmacy, (D.Pharm), Hasnapur, Parbhani",Pharmacy,ST,CAP Round I,2025-26,10,6
02580,"Shri.Ramkrishna Paramhans college of Pharmacy, (D.Pharm), Hasnapur, Parbhani",Pharmacy,VJ/DT,CAP Round I,2025-26,10,3
02580,"Shri.Ramkrishna Paramhans college of Pharmacy, (D.Pharm), Hasnapur, Parbhani",Pharmacy,NTB,CAP Round I,2025-26,10,2
02580,"Shri.Ramkrishna Paramhans college of Pharmacy, (D.Pharm), Hasnapur, Parbhani",Pharmacy,NTC,CAP Round I,2025-26,10,3
02580,"Shri.Ramkrishna Paramhans college of Pharmacy, (D.Pharm), Hasnapur, Parbhani",Pharmacy,NTD,CAP Round I,2025-26,10,2
02580,"Shri.Ramkrishna Paramhans college of Pharmacy, (D.Pharm), Hasnapur, Parbhani",Pharmacy,OBC,CAP Round I,2025-26,10,15
02580,"Shri.Ramkrishna Paramhans college of Pharmacy, (D.Pharm), Hasnapur, Parbhani",Pharmacy,SEBC,CAP Round I,2025-26,10,8
02580,"Shri.Ramkrishna Paramhans college of Pharmacy, (D.Pharm), Hasnapur, Parbhani",Pharmacy,PWD,CAP Round I,2025-26,10,6
02580,"Shri.Ramkrishna Paramhans college of Pharmacy, (D.Pharm), Hasnapur, Parbhani",Pharmacy,DEF,CAP Round I,2025-26,10,6
02580,"Shri.Ramkrishna Paramhans college of Pharmacy, (D.Pharm), Hasnapur, Parbhani",Pharmacy,EWS,CAP Round I,2025-26,10,7
02581,"Radheya Charitable Trusts Dinesh Bembade College of Pharmacy, Mahalangra, Taluka Chakur",Pharmacy,OPEN,CAP Round I,2025-26,10,21
02581,"Radheya Charitable Trusts Dinesh Bembade College of Pharmacy, Mahalangra, Taluka Chakur",Pharmacy,SC,CAP Round I,2025-26,10,8
02581,"Radheya Charitable Trusts Dinesh Bembade College of Pharmacy, Mahalangra, Taluka Chakur",Pharmacy,ST,CAP Round I,2025-26,10,4
02581,"Radheya Charitable Trusts Dinesh Bembade College of Pharmacy, Mahalangra, Taluka Chakur",Pharmacy,VJ/DT,CAP Round I,2025-26,10,2
02581,"Radheya Charitable Trusts Dinesh Bembade College of Pharmacy, Mahalangra, Taluka Chakur",Pharmacy,NTB,CAP Round I,2025-26,10,1
02581,"Radheya Charitable Trusts Dinesh Bembade College of Pharmacy, Mahalangra, Taluka Chakur",Pharmacy,NTC,CAP Round I,2025-26,10,2
02581,"Radheya Charitable Trusts Dinesh Bembade College of Pharmacy, Mahalangra, Taluka Chakur",Pharmacy,NTD,CAP Round I,2025-26,10,1
02581,"Radheya Charitable Trusts Dinesh Bembade College of Pharmacy, Mahalangra, Taluka Chakur",Pharmacy,OBC,CAP Round I,2025-26,10,12
02581,"Radheya Charitable Trusts Dinesh Bembade College of Pharmacy, Mahalangra, Taluka Chakur",Pharmacy,SEBC,CAP Round I,2025-26,10,6
02581,"Radheya Charitable Trusts Dinesh Bembade College of Pharmacy, Mahalangra, Taluka Chakur",Pharmacy,PWD,CAP Round I,2025-26,10,4
02581,"Radheya Charitable Trusts Dinesh Bembade College of Pharmacy, Mahalangra, Taluka Chakur",Pharmacy,DEF,CAP Round I,2025-26,10,4
02581,"Radheya Charitable Trusts Dinesh Bembade College of Pharmacy, Mahalangra, Taluka Chakur",Pharmacy,EWS,CAP Round I,2025-26,10,9
02583,"Swami Vivekanand College of Pharmacy, Udgir",Pharmacy,OPEN,CAP Round I,2025-26,6,11
02583,"Swami Vivekanand College of Pharmacy, Udgir",Pharmacy,SC,CAP Round I,2025-26,6,3
02583,"Swami Vivekanand College of Pharmacy, Udgir",Pharmacy,ST,CAP Round I,2025-26,6,2
02583,"Swami Vivekanand College of Pharmacy, Udgir",Pharmacy,VJ/DT,CAP Round I,2025-26,6,1
02583,"Swami Vivekanand College of Pharmacy, Udgir",Pharmacy,NTB,CAP Round I,2025-26,6,1
02583,"Swami Vivekanand College of Pharmacy, Udgir",Pharmacy,NTD,CAP Round I,2025-26,6,1
02583,"Swami Vivekanand College of Pharmacy, Udgir",Pharmacy,OBC,CAP Round I,2025-26,6,5
02583,"Swami Vivekanand College of Pharmacy, Udgir",Pharmacy,SEBC,CAP Round I,2025-26,6,3
02583,"Swami Vivekanand College of Pharmacy, Udgir",Pharmacy,PWD,CAP Round I,2025-26,6,1
02583,"Swami Vivekanand College of Pharmacy, Udgir",Pharmacy,DEF,CAP Round I,2025-26,6,1
02583,"Swami Vivekanand College of Pharmacy, Udgir",Pharmacy,EWS,CAP Round I,2025-26,6,4
02584,"Srinath College of Pharmacy, Aurangabad",Pharmacy,OPEN,CAP Round I,2025-26,10,9
02584,"Srinath College of Pharmacy, Aurangabad",Pharmacy,SC,CAP Round I,2025-26,10,3
02584,"Srinath College of Pharmacy, Aurangabad",Pharmacy,ST,CAP Round I,2025-26,10,2
02584,"Srinath College of Pharmacy, Aurangabad",Pharmacy,VJ/DT,CAP Round I,2025-26,10,1
02584,"Srinath College of Pharmacy, Aurangabad",Pharmacy,NTC,CAP Round I,2025-26,10,1
02584,"Srinath College of Pharmacy, Aurangabad",Pharmacy,OBC,CAP Round I,2025-26,10,4
02584,"Srinath College of Pharmacy, Aurangabad",Pharmacy,SEBC,CAP Round I,2025-26,10,2
02584,"Srinath College of Pharmacy, Aurangabad",Pharmacy,PWD,CAP Round I,2025-26,10,1
02584,"Srinath College of Pharmacy, Aurangabad",Pharmacy,DEF,CAP Round I,2025-26,10,1
02584,"Srinath College of Pharmacy, Aurangabad",Pharmacy,EWS,CAP Round I,2025-26,10,5
02585,"Balwantrao Chavan College of Pharmacy Naigaon(BZ), Nanded",Pharmacy,OPEN,CAP Round I,2025-26,6,5
02585,"Balwantrao Chavan College of Pharmacy Naigaon(BZ), Nanded",Pharmacy,SC,CAP Round I,2025-26,6,1
02585,"Balwantrao Chavan College of Pharmacy Naigaon(BZ), Nanded",Pharmacy,ST,CAP Round I,2025-26,6,1
02585,"Balwantrao Chavan College of Pharmacy Naigaon(BZ), Nanded",Pharmacy,VJ/DT,CAP Round I,2025-26,6,1
02585,"Balwantrao Chavan College of Pharmacy Naigaon(BZ), Nanded",Pharmacy,NTC,CAP Round I,2025-26,6,1
02585,"Balwantrao Chavan College of Pharmacy Naigaon(BZ), Nanded",Pharmacy,OBC,CAP Round I,2025-26,6,2
02585,"Balwantrao Chavan College of Pharmacy Naigaon(BZ), Nanded",Pharmacy,SEBC,CAP Round I,2025-26,6,1
02585,"Balwantrao Chavan College of Pharmacy Naigaon(BZ), Nanded",Pharmacy,PWD,CAP Round I,2025-26,6,1
02585,"Balwantrao Chavan College of Pharmacy Naigaon(BZ), Nanded",Pharmacy,DEF,CAP Round I,2025-26,6,1
02585,"Balwantrao Chavan College of Pharmacy Naigaon(BZ), Nanded",Pharmacy,EWS,CAP Round I,2025-26,6,6
02586,"Shri. Goraksha College of Pharmacy & Research Centre, Khamgaon, Aurangabad",Pharmacy,OPEN,CAP Round I,2025-26,10,15
02586,"Shri. Goraksha College of Pharmacy & Research Centre, Khamgaon, Aurangabad",Pharmacy,SC,CAP Round I,2025-26,10,5
02586,"Shri. Goraksha College of Pharmacy & Research Centre, Khamgaon, Aurangabad",Pharmacy,ST,CAP Round I,2025-26,10,3
02586,"Shri. Goraksha College of Pharmacy & Research Centre, Khamgaon, Aurangabad",Pharmacy,VJ/DT,CAP Round I,2025-26,10,1
02586,"Shri. Goraksha College of Pharmacy & Research Centre, Khamgaon, Aurangabad",Pharmacy,NTB,CAP Round I,2025-26,10,1
02586,"Shri. Goraksha College of Pharmacy & Research Centre, Khamgaon, Aurangabad",Pharmacy,NTC,CAP Round I,2025-26,10,1
02586,"Shri. Goraksha College of Pharmacy & Research Centre, Khamgaon, Aurangabad",Pharmacy,NTD,CAP Round I,2025-26,10,1
02586,"Shri. Goraksha College of Pharmacy & Research Centre, Khamgaon, Aurangabad",Pharmacy,OBC,CAP Round I,2025-26,10,7
02586,"Shri. Goraksha College of Pharmacy & Research Centre, Khamgaon, Aurangabad",Pharmacy,SEBC,CAP Round I,2025-26,10,4
02586,"Shri. Goraksha College of Pharmacy & Research Centre, Khamgaon, Aurangabad",Pharmacy,PWD,CAP Round I,2025-26,10,3
02586,"Shri. Goraksha College of Pharmacy & Research Centre, Khamgaon, Aurangabad",Pharmacy,DEF,CAP Round I,2025-26,10,3
02586,"Shri. Goraksha College of Pharmacy & Research Centre, Khamgaon, Aurangabad",Pharmacy,EWS,CAP Round I,2025-26,10,10
02587,"Nandkumar Shinde College of Pharmacy, Vaijapur",Pharmacy,OPEN,CAP Round I,2025-26,10,15
02587,"Nandkumar Shinde College of Pharmacy, Vaijapur",Pharmacy,SC,CAP Round I,2025-26,10,6
02587,"Nandkumar Shinde College of Pharmacy, Vaijapur",Pharmacy,ST,CAP Round I,2025-26,10,3
02587,"Nandkumar Shinde College of Pharmacy, Vaijapur",Pharmacy,VJ/DT,CAP Round I,2025-26,10,2
02587,"Nandkumar Shinde College of Pharmacy, Vaijapur",Pharmacy,NTB,CAP Round I,2025-26,10,1
02587,"Nandkumar Shinde College of Pharmacy, Vaijapur",Pharmacy,NTC,CAP Round I,2025-26,10,1
02587,"Nandkumar Shinde College of Pharmacy, Vaijapur",Pharmacy,NTD,CAP Round I,2025-26,10,1
02587,"Nandkumar Shinde College of Pharmacy, Vaijapur",Pharmacy,OBC,CAP Round I,2025-26,10,8
02587,"Nandkumar Shinde College of Pharmacy, Vaijapur",Pharmacy,SEBC,CAP Round I,2025-26,10,5
02587,"Nandkumar Shinde College of Pharmacy, Vaijapur",Pharmacy,PWD,CAP Round I,2025-26,10,3
02587,"Nandkumar Shinde College of Pharmacy, Vaijapur",Pharmacy,DEF,CAP Round I,2025-26,10,3
02587,"Nandkumar Shinde College of Pharmacy, Vaijapur",Pharmacy,EWS,CAP Round I,2025-26,10,8
02588,"Shri Sai College of Pharmacy, Khandala, Vaijapur",Pharmacy,OPEN,CAP Round I,2025-26,10,24
02588,"Shri Sai College of Pharmacy, Khandala, Vaijapur",Pharmacy,SC,CAP Round I,2025-26,10,9
02588,"Shri Sai College of Pharmacy, Khandala, Vaijapur",Pharmacy,ST,CAP Round I,2025-26,10,5
02588,"Shri Sai College of Pharmacy, Khandala, Vaijapur",Pharmacy,VJ/DT,CAP Round I,2025-26,10,2
02588,"Shri Sai College of Pharmacy, Khandala, Vaijapur",Pharmacy,NTB,CAP Round I,2025-26,10,2
02588,"Shri Sai College of Pharmacy, Khandala, Vaijapur",Pharmacy,NTC,CAP Round I,2025-26,10,3
02588,"Shri Sai College of Pharmacy, Khandala, Vaijapur",Pharmacy,NTD,CAP Round I,2025-26,10,1
02588,"Shri Sai College of Pharmacy, Khandala, Vaijapur",Pharmacy,OBC,CAP Round I,2025-26,10,12
02588,"Shri Sai College of Pharmacy, Khandala, Vaijapur",Pharmacy,SEBC,CAP Round I,2025-26,10,7
02588,"Shri Sai College of Pharmacy, Khandala, Vaijapur",Pharmacy,PWD,CAP Round I,2025-26,10,4
02588,"Shri Sai College of Pharmacy, Khandala, Vaijapur",Pharmacy,DEF,CAP Round I,2025-26,10,4
02588,"Shri Sai College of Pharmacy, Khandala, Vaijapur",Pharmacy,EWS,CAP Round I,2025-26,10,9
02589,"Shri. Sai Janvikas Pratishthan's OJAS College of Pharmacy, Jalna",Pharmacy,OPEN,CAP Round I,2025-26,10,11
02589,"Shri. Sai Janvikas Pratishthan's OJAS College of Pharmacy, Jalna",Pharmacy,SC,CAP Round I,2025-26,10,3
02589,"Shri. Sai Janvikas Pratishthan's OJAS College of Pharmacy, Jalna",Pharmacy,ST,CAP Round I,2025-26,10,2
02589,"Shri. Sai Janvikas Pratishthan's OJAS College of Pharmacy, Jalna",Pharmacy,VJ/DT,CAP Round I,2025-26,10,1
02589,"Shri. Sai Janvikas Pratishthan's OJAS College of Pharmacy, Jalna",Pharmacy,NTB,CAP Round I,2025-26,10,1
02589,"Shri. Sai Janvikas Pratishthan's OJAS College of Pharmacy, Jalna",Pharmacy,NTC,CAP Round I,2025-26,10,1
02589,"Shri. Sai Janvikas Pratishthan's OJAS College of Pharmacy, Jalna",Pharmacy,NTD,CAP Round I,2025-26,10,1
02589,"Shri. Sai Janvikas Pratishthan's OJAS College of Pharmacy, Jalna",Pharmacy,OBC,CAP Round I,2025-26,10,5
02589,"Shri. Sai Janvikas Pratishthan's OJAS College of Pharmacy, Jalna",Pharmacy,SEBC,CAP Round I,2025-26,10,3
02589,"Shri. Sai Janvikas Pratishthan's OJAS College of Pharmacy, Jalna",Pharmacy,PWD,CAP Round I,2025-26,10,1
02589,"Shri. Sai Janvikas Pratishthan's OJAS College of Pharmacy, Jalna",Pharmacy,DEF,CAP Round I,2025-26,10,1
02589,"Shri. Sai Janvikas Pratishthan's OJAS College of Pharmacy, Jalna",Pharmacy,EWS,CAP Round I,2025-26,10,11
02590,"DJP's College of Pharmacy, Pohetakli",Pharmacy,OPEN,CAP Round I,2025-26,10,17
02590,"DJP's College of Pharmacy, Pohetakli",Pharmacy,SC,CAP Round I,2025-26,10,6
02590,"DJP's College of Pharmacy, Pohetakli",Pharmacy,ST,CAP Round I,2025-26,10,4
02590,"DJP's College of Pharmacy, Pohetakli",Pharmacy,VJ/DT,CAP Round I,2025-26,10,2
02590,"DJP's College of Pharmacy, Pohetakli",Pharmacy,NTB,CAP Round I,2025-26,10,1
02590,"DJP's College of Pharmacy, Pohetakli",Pharmacy,NTC,CAP Round I,2025-26,10,2
02590,"DJP's College of Pharmacy, Pohetakli",Pharmacy,NTD,CAP Round I,2025-26,10,1
02590,"DJP's College of Pharmacy, Pohetakli",Pharmacy,OBC,CAP Round I,2025-26,10,9
02590,"DJP's College of Pharmacy, Pohetakli",Pharmacy,SEBC,CAP Round I,2025-26,10,4
02590,"DJP's College of Pharmacy, Pohetakli",Pharmacy,PWD,CAP Round I,2025-26,10,3
02590,"DJP's College of Pharmacy, Pohetakli",Pharmacy,DEF,CAP Round I,2025-26,10,3
02590,"DJP's College of Pharmacy, Pohetakli",Pharmacy,EWS,CAP Round I,2025-26,10,7
02591,"DNYANSADHANA COLLEGE OF PHARMACY, DHARMAPURI PATI, PARBHANI",Pharmacy,OPEN,CAP Round I,2025-26,10,13
02591,"DNYANSADHANA COLLEGE OF PHARMACY, DHARMAPURI PATI, PARBHANI",Pharmacy,SC,CAP Round I,2025-26,10,3
02591,"DNYANSADHANA COLLEGE OF PHARMACY, DHARMAPURI PATI, PARBHANI",Pharmacy,ST,CAP Round I,2025-26,10,2
02591,"DNYANSADHANA COLLEGE OF PHARMACY, DHARMAPURI PATI, PARBHANI",Pharmacy,VJ/DT,CAP Round I,2025-26,10,1
02591,"DNYANSADHANA COLLEGE OF PHARMACY, DHARMAPURI PATI, PARBHANI",Pharmacy,NTB,CAP Round I,2025-26,10,1
02591,"DNYANSADHANA COLLEGE OF PHARMACY, DHARMAPURI PATI, PARBHANI",Pharmacy,NTC,CAP Round I,2025-26,10,1
02591,"DNYANSADHANA COLLEGE OF PHARMACY, DHARMAPURI PATI, PARBHANI",Pharmacy,NTD,CAP Round I,2025-26,10,1
02591,"DNYANSADHANA COLLEGE OF PHARMACY, DHARMAPURI PATI, PARBHANI",Pharmacy,OBC,CAP Round I,2025-26,10,5
02591,"DNYANSADHANA COLLEGE OF PHARMACY, DHARMAPURI PATI, PARBHANI",Pharmacy,SEBC,CAP Round I,2025-26,10,3
02591,"DNYANSADHANA COLLEGE OF PHARMACY, DHARMAPURI PATI, PARBHANI",Pharmacy,PWD,CAP Round I,2025-26,10,1
02591,"DNYANSADHANA COLLEGE OF PHARMACY, DHARMAPURI PATI, PARBHANI",Pharmacy,DEF,CAP Round I,2025-26,10,1
02591,"DNYANSADHANA COLLEGE OF PHARMACY, DHARMAPURI PATI, PARBHANI",Pharmacy,EWS,CAP Round I,2025-26,10,4
02592,"GAJANAN MAHARAJ COLLEGE OF PHARMACY, NIPANI, AURANGABAD",Pharmacy,OPEN,CAP Round I,2025-26,10,22
02592,"GAJANAN MAHARAJ COLLEGE OF PHARMACY, NIPANI, AURANGABAD",Pharmacy,SC,CAP Round I,2025-26,10,8
02592,"GAJANAN MAHARAJ COLLEGE OF PHARMACY, NIPANI, AURANGABAD",Pharmacy,ST,CAP Round I,2025-26,10,5
02592,"GAJANAN MAHARAJ COLLEGE OF PHARMACY, NIPANI, AURANGABAD",Pharmacy,VJ/DT,CAP Round I,2025-26,10,2
02592,"GAJANAN MAHARAJ COLLEGE OF PHARMACY, NIPANI, AURANGABAD",Pharmacy,NTB,CAP Round I,2025-26,10,1
02592,"GAJANAN MAHARAJ COLLEGE OF PHARMACY, NIPANI, AURANGABAD",Pharmacy,NTC,CAP Round I,2025-26,10,2
02592,"GAJANAN MAHARAJ COLLEGE OF PHARMACY, NIPANI, AURANGABAD",Pharmacy,NTD,CAP Round I,2025-26,10,1
02592,"GAJANAN MAHARAJ COLLEGE OF PHARMACY, NIPANI, AURANGABAD",Pharmacy,OBC,CAP Round I,2025-26,10,12
02592,"GAJANAN MAHARAJ COLLEGE OF PHARMACY, NIPANI, AURANGABAD",Pharmacy,SEBC,CAP Round I,2025-26,10,6
02592,"GAJANAN MAHARAJ COLLEGE OF PHARMACY, NIPANI, AURANGABAD",Pharmacy,PWD,CAP Round I,2025-26,10,4
02592,"GAJANAN MAHARAJ COLLEGE OF PHARMACY, NIPANI, AURANGABAD",Pharmacy,DEF,CAP Round I,2025-26,10,4
02592,"GAJANAN MAHARAJ COLLEGE OF PHARMACY, NIPANI, AURANGABAD",Pharmacy,EWS,CAP Round I,2025-26,10,10
02593,"S.R. Institute of Diploma in Pharmacy, Udgir",Pharmacy,OPEN,CAP Round I,2025-26,6,19
02593,"S.R. Institute of Diploma in Pharmacy, Udgir",Pharmacy,SC,CAP Round I,2025-26,6,7
02593,"S.R. Institute of Diploma in Pharmacy, Udgir",Pharmacy,ST,CAP Round I,2025-26,6,4
02593,"S.R. Institute of Diploma in Pharmacy, Udgir",Pharmacy,VJ/DT,CAP Round I,2025-26,6,2
02593,"S.R. Institute of Diploma in Pharmacy, Udgir",Pharmacy,NTB,CAP Round I,2025-26,6,1
02593,"S.R. Institute of Diploma in Pharmacy, Udgir",Pharmacy,NTC,CAP Round I,2025-26,6,2
02593,"S.R. Institute of Diploma in Pharmacy, Udgir",Pharmacy,NTD,CAP Round I,2025-26,6,1
02593,"S.R. Institute of Diploma in Pharmacy, Udgir",Pharmacy,OBC,CAP Round I,2025-26,6,10
02593,"S.R. Institute of Diploma in Pharmacy, Udgir",Pharmacy,SEBC,CAP Round I,2025-26,6,6
02593,"S.R. Institute of Diploma in Pharmacy, Udgir",Pharmacy,PWD,CAP Round I,2025-26,6,4
02593,"S.R. Institute of Diploma in Pharmacy, Udgir",Pharmacy,DEF,CAP Round I,2025-26,6,4
02593,"S.R. Institute of Diploma in Pharmacy, Udgir",Pharmacy,EWS,CAP Round I,2025-26,6,7
02594,"Tatyaraoji More College of Pharmacy, Umerga",Pharmacy,OPEN,CAP Round I,2025-26,6,11
02594,"Tatyaraoji More College of Pharmacy, Umerga",Pharmacy,SC,CAP Round I,2025-26,6,3
02594,"Tatyaraoji More College of Pharmacy, Umerga",Pharmacy,ST,CAP Round I,2025-26,6,2
02594,"Tatyaraoji More College of Pharmacy, Umerga",Pharmacy,VJ/DT,CAP Round I,2025-26,6,1
02594,"Tatyaraoji More College of Pharmacy, Umerga",Pharmacy,NTC,CAP Round I,2025-26,6,1
02594,"Tatyaraoji More College of Pharmacy, Umerga",Pharmacy,OBC,CAP Round I,2025-26,6,5
02594,"Tatyaraoji More College of Pharmacy, Umerga",Pharmacy,SEBC,CAP Round I,2025-26,6,3
02594,"Tatyaraoji More College of Pharmacy, Umerga",Pharmacy,PWD,CAP Round I,2025-26,6,1
02594,"Tatyaraoji More College of Pharmacy, Umerga",Pharmacy,DEF,CAP Round I,2025-26,6,1
02594,"Tatyaraoji More College of Pharmacy, Umerga",Pharmacy,EWS,CAP Round I,2025-26,6,1
02596,"Institute of Pharmacy, Badnapur",Pharmacy,OPEN,CAP Round I,2025-26,10,6
02596,"Institute of Pharmacy, Badnapur",Pharmacy,SC,CAP Round I,2025-26,10,2
02596,"Institute of Pharmacy, Badnapur",Pharmacy,ST,CAP Round I,2025-26,10,1
02596,"Institute of Pharmacy, Badnapur",Pharmacy,VJ/DT,CAP Round I,2025-26,10,1
02596,"Institute of Pharmacy, Badnapur",Pharmacy,NTB,CAP Round I,2025-26,10,1
02596,"Institute of Pharmacy, Badnapur",Pharmacy,NTC,CAP Round I,2025-26,10,1
02596,"Institute of Pharmacy, Badnapur",Pharmacy,OBC,CAP Round I,2025-26,10,3
02596,"Institute of Pharmacy, Badnapur",Pharmacy,SEBC,CAP Round I,2025-26,10,1
02596,"Institute of Pharmacy, Badnapur",Pharmacy,PWD,CAP Round I,2025-26,10,1
02596,"Institute of Pharmacy, Badnapur",Pharmacy,DEF,CAP Round I,2025-26,10,1
02596,"Institute of Pharmacy, Badnapur",Pharmacy,EWS,CAP Round I,2025-26,10,7
02597,"MDA School of Pharmacy, Kolpa",Pharmacy,OPEN,CAP Round I,2025-26,10,13
02597,"MDA School of Pharmacy, Kolpa",Pharmacy,SC,CAP Round I,2025-26,10,3
02597,"MDA School of Pharmacy, Kolpa",Pharmacy,ST,CAP Round I,2025-26,10,2
02597,"MDA School of Pharmacy, Kolpa",Pharmacy,VJ/DT,CAP Round I,2025-26,10,1
02597,"MDA School of Pharmacy, Kolpa",Pharmacy,NTB,CAP Round I,2025-26,10,1
02597,"MDA School of Pharmacy, Kolpa",Pharmacy,NTC,CAP Round I,2025-26,10,1
02597,"MDA School of Pharmacy, Kolpa",Pharmacy,NTD,CAP Round I,2025-26,10,1
02597,"MDA School of Pharmacy, Kolpa",Pharmacy,OBC,CAP Round I,2025-26,10,5
02597,"MDA School of Pharmacy, Kolpa",Pharmacy,SEBC,CAP Round I,2025-26,10,3
02597,"MDA School of Pharmacy, Kolpa",Pharmacy,PWD,CAP Round I,2025-26,10,1
02597,"MDA School of Pharmacy, Kolpa",Pharmacy,DEF,CAP Round I,2025-26,10,1
02597,"MDA School of Pharmacy, Kolpa",Pharmacy,EWS,CAP Round I,2025-26,10,1
02598,"Shivai Charitable Trust's College of Pharmacy, Koregaonwadi, Umerga",Pharmacy,OPEN,CAP Round I,2025-26,6,11
02598,"Shivai Charitable Trust's College of Pharmacy, Koregaonwadi, Umerga",Pharmacy,SC,CAP Round I,2025-26,6,3
02598,"Shivai Charitable Trust's College of Pharmacy, Koregaonwadi, Umerga",Pharmacy,ST,CAP Round I,2025-26,6,2
02598,"Shivai Charitable Trust's College of Pharmacy, Koregaonwadi, Umerga",Pharmacy,VJ/DT,CAP Round I,2025-26,6,1
02598,"Shivai Charitable Trust's College of Pharmacy, Koregaonwadi, Umerga",Pharmacy,NTB,CAP Round I,2025-26,6,1
02598,"Shivai Charitable Trust's College of Pharmacy, Koregaonwadi, Umerga",Pharmacy,NTC,CAP Round I,2025-26,6,1
02598,"Shivai Charitable Trust's College of Pharmacy, Koregaonwadi, Umerga",Pharmacy,NTD,CAP Round I,2025-26,6,1
02598,"Shivai Charitable Trust's College of Pharmacy, Koregaonwadi, Umerga",Pharmacy,OBC,CAP Round I,2025-26,6,5
02598,"Shivai Charitable Trust's College of Pharmacy, Koregaonwadi, Umerga",Pharmacy,SEBC,CAP Round I,2025-26,6,3
02598,"Shivai Charitable Trust's College of Pharmacy, Koregaonwadi, Umerga",Pharmacy,PWD,CAP Round I,2025-26,6,1
02598,"Shivai Charitable Trust's College of Pharmacy, Koregaonwadi, Umerga",Pharmacy,DEF,CAP Round I,2025-26,6,1
02598,"Shivai Charitable Trust's College of Pharmacy, Koregaonwadi, Umerga",Pharmacy,EWS,CAP Round I,2025-26,6,2
02601,"Raosaheb Patil Danve College Of Pharmacy, Badnapur",Pharmacy,OPEN,CAP Round I,2025-26,10,25
02601,"Raosaheb Patil Danve College Of Pharmacy, Badnapur",Pharmacy,SC,CAP Round I,2025-26,10,8
02601,"Raosaheb Patil Danve College Of Pharmacy, Badnapur",Pharmacy,ST,CAP Round I,2025-26,10,5
02601,"Raosaheb Patil Danve College Of Pharmacy, Badnapur",Pharmacy,VJ/DT,CAP Round I,2025-26,10,2
02601,"Raosaheb Patil Danve College Of Pharmacy, Badnapur",Pharmacy,NTB,CAP Round I,2025-26,10,2
02601,"Raosaheb Patil Danve College Of Pharmacy, Badnapur",Pharmacy,NTC,CAP Round I,2025-26,10,3
02601,"Raosaheb Patil Danve College Of Pharmacy, Badnapur",Pharmacy,NTD,CAP Round I,2025-26,10,1
02601,"Raosaheb Patil Danve College Of Pharmacy, Badnapur",Pharmacy,OBC,CAP Round I,2025-26,10,13
02601,"Raosaheb Patil Danve College Of Pharmacy, Badnapur",Pharmacy,SEBC,CAP Round I,2025-26,10,7
02601,"Raosaheb Patil Danve College Of Pharmacy, Badnapur",Pharmacy,PWD,CAP Round I,2025-26,10,4
02601,"Raosaheb Patil Danve College Of Pharmacy, Badnapur",Pharmacy,DEF,CAP Round I,2025-26,10,4
02601,"Raosaheb Patil Danve College Of Pharmacy, Badnapur",Pharmacy,EWS,CAP Round I,2025-26,10,11
02602,"Kishori College Of Pharmacy, Beed",Pharmacy,OPEN,CAP Round I,2025-26,10,33
02602,"Kishori College Of Pharmacy, Beed",Pharmacy,SC,CAP Round I,2025-26,10,12
02602,"Kishori College Of Pharmacy, Beed",Pharmacy,ST,CAP Round I,2025-26,10,7
02602,"Kishori College Of Pharmacy, Beed",Pharmacy,VJ/DT,CAP Round I,2025-26,10,3
02602,"Kishori College Of Pharmacy, Beed",Pharmacy,NTB,CAP Round I,2025-26,10,2
02602,"Kishori College Of Pharmacy, Beed",Pharmacy,NTC,CAP Round I,2025-26,10,4
02602,"Kishori College Of Pharmacy, Beed",Pharmacy,NTD,CAP Round I,2025-26,10,2
02602,"Kishori College Of Pharmacy, Beed",Pharmacy,OBC,CAP Round I,2025-26,10,18
02602,"Kishori College Of Pharmacy, Beed",Pharmacy,SEBC,CAP Round I,2025-26,10,10
02602,"Kishori College Of Pharmacy, Beed",Pharmacy,PWD,CAP Round I,2025-26,10,7
02602,"Kishori College Of Pharmacy, Beed",Pharmacy,DEF,CAP Round I,2025-26,10,7
02602,"Kishori College Of Pharmacy, Beed",Pharmacy,EWS,CAP Round I,2025-26,10,11
02603,"Mangaldeep Institute Of Pharmacy, Aurangabad",Pharmacy,OPEN,CAP Round I,2025-26,10,15
02603,"Mangaldeep Institute Of Pharmacy, Aurangabad",Pharmacy,SC,CAP Round I,2025-26,10,6
02603,"Mangaldeep Institute Of Pharmacy, Aurangabad",Pharmacy,ST,CAP Round I,2025-26,10,3
02603,"Mangaldeep Institute Of Pharmacy, Aurangabad",Pharmacy,VJ/DT,CAP Round I,2025-26,10,2
02603,"Mangaldeep Institute Of Pharmacy, Aurangabad",Pharmacy,NTB,CAP Round I,2025-26,10,1
02603,"Mangaldeep Institute Of Pharmacy, Aurangabad",Pharmacy,NTC,CAP Round I,2025-26,10,1
02603,"Mangaldeep Institute Of Pharmacy, Aurangabad",Pharmacy,NTD,CAP Round I,2025-26,10,1
02603,"Mangaldeep Institute Of Pharmacy, Aurangabad",Pharmacy,OBC,CAP Round I,2025-26,10,8
02603,"Mangaldeep Institute Of Pharmacy, Aurangabad",Pharmacy,SEBC,CAP Round I,2025-26,10,5
02603,"Mangaldeep Institute Of Pharmacy, Aurangabad",Pharmacy,PWD,CAP Round I,2025-26,10,3
02603,"Mangaldeep Institute Of Pharmacy, Aurangabad",Pharmacy,DEF,CAP Round I,2025-26,10,3
02603,"Mangaldeep Institute Of Pharmacy, Aurangabad",Pharmacy,EWS,CAP Round I,2025-26,10,11
02604,"Nbs Institute Of Pharmacy, Ausa",Pharmacy,OPEN,CAP Round I,2025-26,6,12
02604,"Nbs Institute Of Pharmacy, Ausa",Pharmacy,SC,CAP Round I,2025-26,6,4
02604,"Nbs Institute Of Pharmacy, Ausa",Pharmacy,ST,CAP Round I,2025-26,6,2
02604,"Nbs Institute Of Pharmacy, Ausa",Pharmacy,VJ/DT,CAP Round I,2025-26,6,1
02604,"Nbs Institute Of Pharmacy, Ausa",Pharmacy,NTB,CAP Round I,2025-26,6,1
02604,"Nbs Institute Of Pharmacy, Ausa",Pharmacy,NTC,CAP Round I,2025-26,6,1
02604,"Nbs Institute Of Pharmacy, Ausa",Pharmacy,NTD,CAP Round I,2025-26,6,1
02604,"Nbs Institute Of Pharmacy, Ausa",Pharmacy,OBC,CAP Round I,2025-26,6,5
02604,"Nbs Institute Of Pharmacy, Ausa",Pharmacy,SEBC,CAP Round I,2025-26,6,3
02604,"Nbs Institute Of Pharmacy, Ausa",Pharmacy,PWD,CAP Round I,2025-26,6,1
02604,"Nbs Institute Of Pharmacy, Ausa",Pharmacy,DEF,CAP Round I,2025-26,6,1
02604,"Nbs Institute Of Pharmacy, Ausa",Pharmacy,EWS,CAP Round I,2025-26,6,1
02605,"JGVVS's Suyash College Of Pharmacy, Warud, Jafrabad",Pharmacy,OPEN,CAP Round I,2025-26,10,32
02605,"JGVVS's Suyash College Of Pharmacy, Warud, Jafrabad",Pharmacy,SC,CAP Round I,2025-26,10,12
02605,"JGVVS's Suyash College Of Pharmacy, Warud, Jafrabad",Pharmacy,ST,CAP Round I,2025-26,10,6
02605,"JGVVS's Suyash College Of Pharmacy, Warud, Jafrabad",Pharmacy,VJ/DT,CAP Round I,2025-26,10,3
02605,"JGVVS's Suyash College Of Pharmacy, Warud, Jafrabad",Pharmacy,NTB,CAP Round I,2025-26,10,2
02605,"JGVVS's Suyash College Of Pharmacy, Warud, Jafrabad",Pharmacy,NTC,CAP Round I,2025-26,10,3
02605,"JGVVS's Suyash College Of Pharmacy, Warud, Jafrabad",Pharmacy,NTD,CAP Round I,2025-26,10,2
02605,"JGVVS's Suyash College Of Pharmacy, Warud, Jafrabad",Pharmacy,OBC,CAP Round I,2025-26,10,18
02605,"JGVVS's Suyash College Of Pharmacy, Warud, Jafrabad",Pharmacy,SEBC,CAP Round I,2025-26,10,9
02605,"JGVVS's Suyash College Of Pharmacy, Warud, Jafrabad",Pharmacy,PWD,CAP Round I,2025-26,10,7
02605,"JGVVS's Suyash College Of Pharmacy, Warud, Jafrabad",Pharmacy,DEF,CAP Round I,2025-26,10,7
02605,"JGVVS's Suyash College Of Pharmacy, Warud, Jafrabad",Pharmacy,EWS,CAP Round I,2025-26,10,9
02608,"Shri Sai Institute Of Pharmacy And Research, Aurangabad",Pharmacy,OPEN,CAP Round I,2025-26,10,17
02608,"Shri Sai Institute Of Pharmacy And Research, Aurangabad",Pharmacy,SC,CAP Round I,2025-26,10,6
02608,"Shri Sai Institute Of Pharmacy And Research, Aurangabad",Pharmacy,ST,CAP Round I,2025-26,10,3
02608,"Shri Sai Institute Of Pharmacy And Research, Aurangabad",Pharmacy,VJ/DT,CAP Round I,2025-26,10,2
02608,"Shri Sai Institute Of Pharmacy And Research, Aurangabad",Pharmacy,NTB,CAP Round I,2025-26,10,1
02608,"Shri Sai Institute Of Pharmacy And Research, Aurangabad",Pharmacy,NTC,CAP Round I,2025-26,10,2
02608,"Shri Sai Institute Of Pharmacy And Research, Aurangabad",Pharmacy,NTD,CAP Round I,2025-26,10,2
02608,"Shri Sai Institute Of Pharmacy And Research, Aurangabad",Pharmacy,OBC,CAP Round I,2025-26,10,9
02608,"Shri Sai Institute Of Pharmacy And Research, Aurangabad",Pharmacy,SEBC,CAP Round I,2025-26,10,5
02608,"Shri Sai Institute Of Pharmacy And Research, Aurangabad",Pharmacy,PWD,CAP Round I,2025-26,10,3
02608,"Shri Sai Institute Of Pharmacy And Research, Aurangabad",Pharmacy,DEF,CAP Round I,2025-26,10,3
02608,"Shri Sai Institute Of Pharmacy And Research, Aurangabad",Pharmacy,EWS,CAP Round I,2025-26,10,9
02609,Vasant Pharmacy College Kaij,Pharmacy,OPEN,CAP Round I,2025-26,6,18
02609,Vasant Pharmacy College Kaij,Pharmacy,SC,CAP Round I,2025-26,6,7
02609,Vasant Pharmacy College Kaij,Pharmacy,ST,CAP Round I,2025-26,6,3
02609,Vasant Pharmacy College Kaij,Pharmacy,VJ/DT,CAP Round I,2025-26,6,2
02609,Vasant Pharmacy College Kaij,Pharmacy,NTB,CAP Round I,2025-26,6,1
02609,Vasant Pharmacy College Kaij,Pharmacy,NTC,CAP Round I,2025-26,6,2
02609,Vasant Pharmacy College Kaij,Pharmacy,NTD,CAP Round I,2025-26,6,1
02609,Vasant Pharmacy College Kaij,Pharmacy,OBC,CAP Round I,2025-26,6,9
02609,Vasant Pharmacy College Kaij,Pharmacy,SEBC,CAP Round I,2025-26,6,5
02609,Vasant Pharmacy College Kaij,Pharmacy,PWD,CAP Round I,2025-26,6,3
02609,Vasant Pharmacy College Kaij,Pharmacy,DEF,CAP Round I,2025-26,6,3
02609,Vasant Pharmacy College Kaij,Pharmacy,EWS,CAP Round I,2025-26,6,6
02610,"Shivprasad College Of Pharmacy, mukhed",Pharmacy,OPEN,CAP Round I,2025-26,6,18
02610,"Shivprasad College Of Pharmacy, mukhed",Pharmacy,SC,CAP Round I,2025-26,6,7
02610,"Shivprasad College Of Pharmacy, mukhed",Pharmacy,ST,CAP Round I,2025-26,6,3
02610,"Shivprasad College Of Pharmacy, mukhed",Pharmacy,VJ/DT,CAP Round I,2025-26,6,2
02610,"Shivprasad College Of Pharmacy, mukhed",Pharmacy,NTB,CAP Round I,2025-26,6,1
02610,"Shivprasad College Of Pharmacy, mukhed",Pharmacy,NTC,CAP Round I,2025-26,6,2
02610,"Shivprasad College Of Pharmacy, mukhed",Pharmacy,NTD,CAP Round I,2025-26,6,1
02610,"Shivprasad College Of Pharmacy, mukhed",Pharmacy,OBC,CAP Round I,2025-26,6,9
02610,"Shivprasad College Of Pharmacy, mukhed",Pharmacy,SEBC,CAP Round I,2025-26,6,5
02610,"Shivprasad College Of Pharmacy, mukhed",Pharmacy,PWD,CAP Round I,2025-26,6,4
02610,"Shivprasad College Of Pharmacy, mukhed",Pharmacy,DEF,CAP Round I,2025-26,6,4
02610,"Shivprasad College Of Pharmacy, mukhed",Pharmacy,EWS,CAP Round I,2025-26,6,7
02612,"Shrimati Latatai Baburao Patil Institute Of Pharmacy, Khandgaon, Bendri",Pharmacy,OPEN,CAP Round I,2025-26,10,18
02612,"Shrimati Latatai Baburao Patil Institute Of Pharmacy, Khandgaon, Bendri",Pharmacy,SC,CAP Round I,2025-26,10,7
02612,"Shrimati Latatai Baburao Patil Institute Of Pharmacy, Khandgaon, Bendri",Pharmacy,ST,CAP Round I,2025-26,10,3
02612,"Shrimati Latatai Baburao Patil Institute Of Pharmacy, Khandgaon, Bendri",Pharmacy,VJ/DT,CAP Round I,2025-26,10,2
02612,"Shrimati Latatai Baburao Patil Institute Of Pharmacy, Khandgaon, Bendri",Pharmacy,NTB,CAP Round I,2025-26,10,2
02612,"Shrimati Latatai Baburao Patil Institute Of Pharmacy, Khandgaon, Bendri",Pharmacy,NTC,CAP Round I,2025-26,10,2
02612,"Shrimati Latatai Baburao Patil Institute Of Pharmacy, Khandgaon, Bendri",Pharmacy,NTD,CAP Round I,2025-26,10,1
02612,"Shrimati Latatai Baburao Patil Institute Of Pharmacy, Khandgaon, Bendri",Pharmacy,OBC,CAP Round I,2025-26,10,9
02612,"Shrimati Latatai Baburao Patil Institute Of Pharmacy, Khandgaon, Bendri",Pharmacy,SEBC,CAP Round I,2025-26,10,5
02612,"Shrimati Latatai Baburao Patil Institute Of Pharmacy, Khandgaon, Bendri",Pharmacy,PWD,CAP Round I,2025-26,10,3
02612,"Shrimati Latatai Baburao Patil Institute Of Pharmacy, Khandgaon, Bendri",Pharmacy,DEF,CAP Round I,2025-26,10,3
02612,"Shrimati Latatai Baburao Patil Institute Of Pharmacy, Khandgaon, Bendri",Pharmacy,EWS,CAP Round I,2025-26,10,9
02613,"Valmik Naik College Of Pharmacy, Telwadi, Kannad",Pharmacy,OPEN,CAP Round I,2025-26,6,12
02613,"Valmik Naik College Of Pharmacy, Telwadi, Kannad",Pharmacy,SC,CAP Round I,2025-26,6,4
02613,"Valmik Naik College Of Pharmacy, Telwadi, Kannad",Pharmacy,ST,CAP Round I,2025-26,6,2
02613,"Valmik Naik College Of Pharmacy, Telwadi, Kannad",Pharmacy,VJ/DT,CAP Round I,2025-26,6,1
02613,"Valmik Naik College Of Pharmacy, Telwadi, Kannad",Pharmacy,NTB,CAP Round I,2025-26,6,1
02613,"Valmik Naik College Of Pharmacy, Telwadi, Kannad",Pharmacy,NTC,CAP Round I,2025-26,6,1
02613,"Valmik Naik College Of Pharmacy, Telwadi, Kannad",Pharmacy,NTD,CAP Round I,2025-26,6,1
02613,"Valmik Naik College Of Pharmacy, Telwadi, Kannad",Pharmacy,OBC,CAP Round I,2025-26,6,5
02613,"Valmik Naik College Of Pharmacy, Telwadi, Kannad",Pharmacy,SEBC,CAP Round I,2025-26,6,3
02613,"Valmik Naik College Of Pharmacy, Telwadi, Kannad",Pharmacy,PWD,CAP Round I,2025-26,6,1
02613,"Valmik Naik College Of Pharmacy, Telwadi, Kannad",Pharmacy,DEF,CAP Round I,2025-26,6,1
02613,"Valmik Naik College Of Pharmacy, Telwadi, Kannad",Pharmacy,EWS,CAP Round I,2025-26,6,6
02614,"Aurangabad Pharmacy College, Mitmita",Pharmacy,OPEN,CAP Round I,2025-26,10,25
02615,"Kohinoor Education Society's Kohinoor Institute Of D Pharmacy, Khuldabad",Pharmacy,OPEN,CAP Round I,2025-26,6,29
02616,"Shri Amolak Jain Vidya Prasarak Mandal's College Of Pharmaceutical Science & Research Center, At Post Kada, Ashti",Pharmacy,OPEN,CAP Round I,2025-26,6,19
02617,"Ismail Mehta College Of Pharmacy, Ambad",Pharmacy,OPEN,CAP Round I,2025-26,6,22
02618,"Shri Sambhaji College Of Pharmacy, Nanded",Pharmacy,OPEN,CAP Round I,2025-26,10,11
02618,"Shri Sambhaji College Of Pharmacy, Nanded",Pharmacy,SC,CAP Round I,2025-26,10,3
02618,"Shri Sambhaji College Of Pharmacy, Nanded",Pharmacy,ST,CAP Round I,2025-26,10,2
02618,"Shri Sambhaji College Of Pharmacy, Nanded",Pharmacy,VJ/DT,CAP Round I,2025-26,10,1
02618,"Shri Sambhaji College Of Pharmacy, Nanded",Pharmacy,NTB,CAP Round I,2025-26,10,1
02618,"Shri Sambhaji College Of Pharmacy, Nanded",Pharmacy,NTC,CAP Round I,2025-26,10,1
02618,"Shri Sambhaji College Of Pharmacy, Nanded",Pharmacy,OBC,CAP Round I,2025-26,10,5
02618,"Shri Sambhaji College Of Pharmacy, Nanded",Pharmacy,SEBC,CAP Round I,2025-26,10,3
02618,"Shri Sambhaji College Of Pharmacy, Nanded",Pharmacy,PWD,CAP Round I,2025-26,10,1
02618,"Shri Sambhaji College Of Pharmacy, Nanded",Pharmacy,DEF,CAP Round I,2025-26,10,1
02618,"Shri Sambhaji College Of Pharmacy, Nanded",Pharmacy,EWS,CAP Round I,2025-26,10,8
02619,"Shramjivi Shikshan Prasarak Mandals Shramjivi College Of Pharmacy, Umerga",Pharmacy,OPEN,CAP Round I,2025-26,10,30
02619,"Shramjivi Shikshan Prasarak Mandals Shramjivi College Of Pharmacy, Umerga",Pharmacy,SC,CAP Round I,2025-26,10,12
02619,"Shramjivi Shikshan Prasarak Mandals Shramjivi College Of Pharmacy, Umerga",Pharmacy,ST,CAP Round I,2025-26,10,6
02619,"Shramjivi Shikshan Prasarak Mandals Shramjivi College Of Pharmacy, Umerga",Pharmacy,VJ/DT,CAP Round I,2025-26,10,3
02619,"Shramjivi Shikshan Prasarak Mandals Shramjivi College Of Pharmacy, Umerga",Pharmacy,NTB,CAP Round I,2025-26,10,2
02619,"Shramjivi Shikshan Prasarak Mandals Shramjivi College Of Pharmacy, Umerga",Pharmacy,NTC,CAP Round I,2025-26,10,3
02619,"Shramjivi Shikshan Prasarak Mandals Shramjivi College Of Pharmacy, Umerga",Pharmacy,NTD,CAP Round I,2025-26,10,2
02619,"Shramjivi Shikshan Prasarak Mandals Shramjivi College Of Pharmacy, Umerga",Pharmacy,OBC,CAP Round I,2025-26,10,17
02619,"Shramjivi Shikshan Prasarak Mandals Shramjivi College Of Pharmacy, Umerga",Pharmacy,SEBC,CAP Round I,2025-26,10,9
02619,"Shramjivi Shikshan Prasarak Mandals Shramjivi College Of Pharmacy, Umerga",Pharmacy,PWD,CAP Round I,2025-26,10,6
02619,"Shramjivi Shikshan Prasarak Mandals Shramjivi College Of Pharmacy, Umerga",Pharmacy,DEF,CAP Round I,2025-26,10,6
02619,"Shramjivi Shikshan Prasarak Mandals Shramjivi College Of Pharmacy, Umerga",Pharmacy,EWS,CAP Round I,2025-26,10,8
02620,"Rashtriya College of Pharmacy, Hatnoor, Kannad",Pharmacy,OPEN,CAP Round I,2025-26,6,8
02620,"Rashtriya College of Pharmacy, Hatnoor, Kannad",Pharmacy,SC,CAP Round I,2025-26,6,3
02620,"Rashtriya College of Pharmacy, Hatnoor, Kannad",Pharmacy,ST,CAP Round I,2025-26,6,1
02620,"Rashtriya College of Pharmacy, Hatnoor, Kannad",Pharmacy,NTB,CAP Round I,2025-26,6,1
02620,"Rashtriya College of Pharmacy, Hatnoor, Kannad",Pharmacy,NTC,CAP Round I,2025-26,6,1
02620,"Rashtriya College of Pharmacy, Hatnoor, Kannad",Pharmacy,OBC,CAP Round I,2025-26,6,3
02620,"Rashtriya College of Pharmacy, Hatnoor, Kannad",Pharmacy,SEBC,CAP Round I,2025-26,6,2
02620,"Rashtriya College of Pharmacy, Hatnoor, Kannad",Pharmacy,PWD,CAP Round I,2025-26,6,1
02620,"Rashtriya College of Pharmacy, Hatnoor, Kannad",Pharmacy,DEF,CAP Round I,2025-26,6,1
02620,"Rashtriya College of Pharmacy, Hatnoor, Kannad",Pharmacy,EWS,CAP Round I,2025-26,6,6
02626,"Jay Bharat College of Pharmacy Dapka, Taluka Nilanga, Dist.Latur",Pharmacy,OPEN,CAP Round I,2025-26,6,12
02626,"Jay Bharat College of Pharmacy Dapka, Taluka Nilanga, Dist.Latur",Pharmacy,SC,CAP Round I,2025-26,6,4
02626,"Jay Bharat College of Pharmacy Dapka, Taluka Nilanga, Dist.Latur",Pharmacy,ST,CAP Round I,2025-26,6,2
02626,"Jay Bharat College of Pharmacy Dapka, Taluka Nilanga, Dist.Latur",Pharmacy,VJ/DT,CAP Round I,2025-26,6,1
02626,"Jay Bharat College of Pharmacy Dapka, Taluka Nilanga, Dist.Latur",Pharmacy,NTB,CAP Round I,2025-26,6,1
02626,"Jay Bharat College of Pharmacy Dapka, Taluka Nilanga, Dist.Latur",Pharmacy,NTC,CAP Round I,2025-26,6,1
02626,"Jay Bharat College of Pharmacy Dapka, Taluka Nilanga, Dist.Latur",Pharmacy,NTD,CAP Round I,2025-26,6,1
02626,"Jay Bharat College of Pharmacy Dapka, Taluka Nilanga, Dist.Latur",Pharmacy,OBC,CAP Round I,2025-26,6,5
02626,"Jay Bharat College of Pharmacy Dapka, Taluka Nilanga, Dist.Latur",Pharmacy,SEBC,CAP Round I,2025-26,6,3
02626,"Jay Bharat College of Pharmacy Dapka, Taluka Nilanga, Dist.Latur",Pharmacy,PWD,CAP Round I,2025-26,6,1
02626,"Jay Bharat College of Pharmacy Dapka, Taluka Nilanga, Dist.Latur",Pharmacy,DEF,CAP Round I,2025-26,6,1
02626,"Jay Bharat College of Pharmacy Dapka, Taluka Nilanga, Dist.Latur",Pharmacy,EWS,CAP Round I,2025-26,6,5
02627,"Madhavrao Patil College of Pharmacy, Murum",Pharmacy,OPEN,CAP Round I,2025-26,6,17
02627,"Madhavrao Patil College of Pharmacy, Murum",Pharmacy,SC,CAP Round I,2025-26,6,6
02627,"Madhavrao Patil College of Pharmacy, Murum",Pharmacy,ST,CAP Round I,2025-26,6,3
02627,"Madhavrao Patil College of Pharmacy, Murum",Pharmacy,VJ/DT,CAP Round I,2025-26,6,1
02627,"Madhavrao Patil College of Pharmacy, Murum",Pharmacy,NTB,CAP Round I,2025-26,6,1
02627,"Madhavrao Patil College of Pharmacy, Murum",Pharmacy,NTC,CAP Round I,2025-26,6,2
02627,"Madhavrao Patil College of Pharmacy, Murum",Pharmacy,NTD,CAP Round I,2025-26,6,1
02627,"Madhavrao Patil College of Pharmacy, Murum",Pharmacy,OBC,CAP Round I,2025-26,6,9
02627,"Madhavrao Patil College of Pharmacy, Murum",Pharmacy,SEBC,CAP Round I,2025-26,6,4
02627,"Madhavrao Patil College of Pharmacy, Murum",Pharmacy,PWD,CAP Round I,2025-26,6,3
02627,"Madhavrao Patil College of Pharmacy, Murum",Pharmacy,DEF,CAP Round I,2025-26,6,3
02627,"Madhavrao Patil College of Pharmacy, Murum",Pharmacy,EWS,CAP Round I,2025-26,6,1
02628,"Saraswati Institute of Pharmacy, Pangri, Dist.Nanded",Pharmacy,OPEN,CAP Round I,2025-26,10,18
02628,"Saraswati Institute of Pharmacy, Pangri, Dist.Nanded",Pharmacy,SC,CAP Round I,2025-26,10,7
02628,"Saraswati Institute of Pharmacy, Pangri, Dist.Nanded",Pharmacy,ST,CAP Round I,2025-26,10,4
02628,"Saraswati Institute of Pharmacy, Pangri, Dist.Nanded",Pharmacy,VJ/DT,CAP Round I,2025-26,10,2
02628,"Saraswati Institute of Pharmacy, Pangri, Dist.Nanded",Pharmacy,NTB,CAP Round I,2025-26,10,2
02628,"Saraswati Institute of Pharmacy, Pangri, Dist.Nanded",Pharmacy,NTC,CAP Round I,2025-26,10,2
02628,"Saraswati Institute of Pharmacy, Pangri, Dist.Nanded",Pharmacy,NTD,CAP Round I,2025-26,10,1
02628,"Saraswati Institute of Pharmacy, Pangri, Dist.Nanded",Pharmacy,OBC,CAP Round I,2025-26,10,10
02628,"Saraswati Institute of Pharmacy, Pangri, Dist.Nanded",Pharmacy,SEBC,CAP Round I,2025-26,10,5
02628,"Saraswati Institute of Pharmacy, Pangri, Dist.Nanded",Pharmacy,PWD,CAP Round I,2025-26,10,4
02628,"Saraswati Institute of Pharmacy, Pangri, Dist.Nanded",Pharmacy,DEF,CAP Round I,2025-26,10,4
02628,"Saraswati Institute of Pharmacy, Pangri, Dist.Nanded",Pharmacy,EWS,CAP Round I,2025-26,10,11
02629,"Supriya College of Pharmacy, Tembhurni, Taluka Jafrabad, Jalna",Pharmacy,OPEN,CAP Round I,2025-26,6,22
02629,"Supriya College of Pharmacy, Tembhurni, Taluka Jafrabad, Jalna",Pharmacy,SC,CAP Round I,2025-26,6,8
02629,"Supriya College of Pharmacy, Tembhurni, Taluka Jafrabad, Jalna",Pharmacy,ST,CAP Round I,2025-26,6,5
02629,"Supriya College of Pharmacy, Tembhurni, Taluka Jafrabad, Jalna",Pharmacy,VJ/DT,CAP Round I,2025-26,6,2
02629,"Supriya College of Pharmacy, Tembhurni, Taluka Jafrabad, Jalna",Pharmacy,NTB,CAP Round I,2025-26,6,1
02629,"Supriya College of Pharmacy, Tembhurni, Taluka Jafrabad, Jalna",Pharmacy,NTC,CAP Round I,2025-26,6,2
02629,"Supriya College of Pharmacy, Tembhurni, Taluka Jafrabad, Jalna",Pharmacy,NTD,CAP Round I,2025-26,6,2
02629,"Supriya College of Pharmacy, Tembhurni, Taluka Jafrabad, Jalna",Pharmacy,OBC,CAP Round I,2025-26,6,12
02629,"Supriya College of Pharmacy, Tembhurni, Taluka Jafrabad, Jalna",Pharmacy,SEBC,CAP Round I,2025-26,6,6
02629,"Supriya College of Pharmacy, Tembhurni, Taluka Jafrabad, Jalna",Pharmacy,PWD,CAP Round I,2025-26,6,4
02629,"Supriya College of Pharmacy, Tembhurni, Taluka Jafrabad, Jalna",Pharmacy,DEF,CAP Round I,2025-26,6,4
02629,"Supriya College of Pharmacy, Tembhurni, Taluka Jafrabad, Jalna",Pharmacy,EWS,CAP Round I,2025-26,6,7
02630,"Ramesh Patil Institute of Pharmacy, Khandgaon(Bendri)",Pharmacy,OPEN,CAP Round I,2025-26,6,24
02630,"Ramesh Patil Institute of Pharmacy, Khandgaon(Bendri)",Pharmacy,SC,CAP Round I,2025-26,6,8
02630,"Ramesh Patil Institute of Pharmacy, Khandgaon(Bendri)",Pharmacy,ST,CAP Round I,2025-26,6,5
02630,"Ramesh Patil Institute of Pharmacy, Khandgaon(Bendri)",Pharmacy,VJ/DT,CAP Round I,2025-26,6,2
02630,"Ramesh Patil Institute of Pharmacy, Khandgaon(Bendri)",Pharmacy,NTB,CAP Round I,2025-26,6,2
02630,"Ramesh Patil Institute of Pharmacy, Khandgaon(Bendri)",Pharmacy,NTC,CAP Round I,2025-26,6,3
02630,"Ramesh Patil Institute of Pharmacy, Khandgaon(Bendri)",Pharmacy,NTD,CAP Round I,2025-26,6,1
02630,"Ramesh Patil Institute of Pharmacy, Khandgaon(Bendri)",Pharmacy,OBC,CAP Round I,2025-26,6,12
02630,"Ramesh Patil Institute of Pharmacy, Khandgaon(Bendri)",Pharmacy,SEBC,CAP Round I,2025-26,6,7
02630,"Ramesh Patil Institute of Pharmacy, Khandgaon(Bendri)",Pharmacy,PWD,CAP Round I,2025-26,6,4
02630,"Ramesh Patil Institute of Pharmacy, Khandgaon(Bendri)",Pharmacy,DEF,CAP Round I,2025-26,6,4
02630,"Ramesh Patil Institute of Pharmacy, Khandgaon(Bendri)",Pharmacy,EWS,CAP Round I,2025-26,6,7
02639,"Allam Prabhu College of Pharmacy, Latur",Pharmacy,OPEN,CAP Round I,2025-26,6,13
02639,"Allam Prabhu College of Pharmacy, Latur",Pharmacy,SC,CAP Round I,2025-26,6,5
02639,"Allam Prabhu College of Pharmacy, Latur",Pharmacy,ST,CAP Round I,2025-26,6,3
02639,"Allam Prabhu College of Pharmacy, Latur",Pharmacy,VJ/DT,CAP Round I,2025-26,6,1
02639,"Allam Prabhu College of Pharmacy, Latur",Pharmacy,NTB,CAP Round I,2025-26,6,1
02639,"Allam Prabhu College of Pharmacy, Latur",Pharmacy,NTC,CAP Round I,2025-26,6,1
02639,"Allam Prabhu College of Pharmacy, Latur",Pharmacy,NTD,CAP Round I,2025-26,6,1
02639,"Allam Prabhu College of Pharmacy, Latur",Pharmacy,OBC,CAP Round I,2025-26,6,7
02639,"Allam Prabhu College of Pharmacy, Latur",Pharmacy,SEBC,CAP Round I,2025-26,6,4
02639,"Allam Prabhu College of Pharmacy, Latur",Pharmacy,PWD,CAP Round I,2025-26,6,3
02639,"Allam Prabhu College of Pharmacy, Latur",Pharmacy,DEF,CAP Round I,2025-26,6,3
02639,"Allam Prabhu College of Pharmacy, Latur",Pharmacy,EWS,CAP Round I,2025-26,6,3
02640,"Shriram Pratishtan Aditya Institute of Pharmacy, Sailu",Pharmacy,OPEN,CAP Round I,2025-26,6,15
02640,"Shriram Pratishtan Aditya Institute of Pharmacy, Sailu",Pharmacy,SC,CAP Round I,2025-26,6,6
02640,"Shriram Pratishtan Aditya Institute of Pharmacy, Sailu",Pharmacy,ST,CAP Round I,2025-26,6,3
02640,"Shriram Pratishtan Aditya Institute of Pharmacy, Sailu",Pharmacy,VJ/DT,CAP Round I,2025-26,6,1
02640,"Shriram Pratishtan Aditya Institute of Pharmacy, Sailu",Pharmacy,NTB,CAP Round I,2025-26,6,1
02640,"Shriram Pratishtan Aditya Institute of Pharmacy, Sailu",Pharmacy,NTC,CAP Round I,2025-26,6,1
02640,"Shriram Pratishtan Aditya Institute of Pharmacy, Sailu",Pharmacy,NTD,CAP Round I,2025-26,6,1
02640,"Shriram Pratishtan Aditya Institute of Pharmacy, Sailu",Pharmacy,OBC,CAP Round I,2025-26,6,8
02640,"Shriram Pratishtan Aditya Institute of Pharmacy, Sailu",Pharmacy,SEBC,CAP Round I,2025-26,6,5
02640,"Shriram Pratishtan Aditya Institute of Pharmacy, Sailu",Pharmacy,PWD,CAP Round I,2025-26,6,3
02640,"Shriram Pratishtan Aditya Institute of Pharmacy, Sailu",Pharmacy,DEF,CAP Round I,2025-26,6,3
02640,"Shriram Pratishtan Aditya Institute of Pharmacy, Sailu",Pharmacy,EWS,CAP Round I,2025-26,6,7
02645,Dr. Narayanrao Chate College of Pharmacy,Pharmacy,OPEN,CAP Round I,2025-26,6,18
02645,Dr. Narayanrao Chate College of Pharmacy,Pharmacy,SC,CAP Round I,2025-26,6,6
02645,Dr. Narayanrao Chate College of Pharmacy,Pharmacy,ST,CAP Round I,2025-26,6,3
02645,Dr. Narayanrao Chate College of Pharmacy,Pharmacy,VJ/DT,CAP Round I,2025-26,6,2
02645,Dr. Narayanrao Chate College of Pharmacy,Pharmacy,NTB,CAP Round I,2025-26,6,1
02645,Dr. Narayanrao Chate College of Pharmacy,Pharmacy,NTC,CAP Round I,2025-26,6,2
02645,Dr. Narayanrao Chate College of Pharmacy,Pharmacy,NTD,CAP Round I,2025-26,6,1
02645,Dr. Narayanrao Chate College of Pharmacy,Pharmacy,OBC,CAP Round I,2025-26,6,9
02645,Dr. Narayanrao Chate College of Pharmacy,Pharmacy,SEBC,CAP Round I,2025-26,6,5
02645,Dr. Narayanrao Chate College of Pharmacy,Pharmacy,PWD,CAP Round I,2025-26,6,3
02645,Dr. Narayanrao Chate College of Pharmacy,Pharmacy,DEF,CAP Round I,2025-26,6,3
02645,Dr. Narayanrao Chate College of Pharmacy,Pharmacy,EWS,CAP Round I,2025-26,6,1
02647,"Bordikar College of Pharmacy, Mathala, Jintur, Dist.Parbhani",Pharmacy,OPEN,CAP Round I,2025-26,6,22
02647,"Bordikar College of Pharmacy, Mathala, Jintur, Dist.Parbhani",Pharmacy,SC,CAP Round I,2025-26,6,8
02647,"Bordikar College of Pharmacy, Mathala, Jintur, Dist.Parbhani",Pharmacy,ST,CAP Round I,2025-26,6,5
02647,"Bordikar College of Pharmacy, Mathala, Jintur, Dist.Parbhani",Pharmacy,VJ/DT,CAP Round I,2025-26,6,1
02647,"Bordikar College of Pharmacy, Mathala, Jintur, Dist.Parbhani",Pharmacy,NTB,CAP Round I,2025-26,6,2
02647,"Bordikar College of Pharmacy, Mathala, Jintur, Dist.Parbhani",Pharmacy,NTC,CAP Round I,2025-26,6,2
02647,"Bordikar College of Pharmacy, Mathala, Jintur, Dist.Parbhani",Pharmacy,NTD,CAP Round I,2025-26,6,1
02647,"Bordikar College of Pharmacy, Mathala, Jintur, Dist.Parbhani",Pharmacy,OBC,CAP Round I,2025-26,6,12
02647,"Bordikar College of Pharmacy, Mathala, Jintur, Dist.Parbhani",Pharmacy,SEBC,CAP Round I,2025-26,6,6
02647,"Bordikar College of Pharmacy, Mathala, Jintur, Dist.Parbhani",Pharmacy,PWD,CAP Round I,2025-26,6,4
02647,"Bordikar College of Pharmacy, Mathala, Jintur, Dist.Parbhani",Pharmacy,DEF,CAP Round I,2025-26,6,4
02647,"Bordikar College of Pharmacy, Mathala, Jintur, Dist.Parbhani",Pharmacy,EWS,CAP Round I,2025-26,6,7
02649,Radhai College of Pharmacy,Pharmacy,OPEN,CAP Round I,2025-26,6,24
02649,Radhai College of Pharmacy,Pharmacy,SC,CAP Round I,2025-26,6,8
02649,Radhai College of Pharmacy,Pharmacy,ST,CAP Round I,2025-26,6,5
02649,Radhai College of Pharmacy,Pharmacy,VJ/DT,CAP Round I,2025-26,6,2
02649,Radhai College of Pharmacy,Pharmacy,NTB,CAP Round I,2025-26,6,2
02649,Radhai College of Pharmacy,Pharmacy,NTC,CAP Round I,2025-26,6,3
02649,Radhai College of Pharmacy,Pharmacy,NTD,CAP Round I,2025-26,6,1
02649,Radhai College of Pharmacy,Pharmacy,OBC,CAP Round I,2025-26,6,12
02649,Radhai College of Pharmacy,Pharmacy,SEBC,CAP Round I,2025-26,6,6
02649,Radhai College of Pharmacy,Pharmacy,PWD,CAP Round I,2025-26,6,4
02649,Radhai College of Pharmacy,Pharmacy,DEF,CAP Round I,2025-26,6,4
02649,Radhai College of Pharmacy,Pharmacy,EWS,CAP Round I,2025-26,6,7
02655,Shri. Chhatrapati Shivaji College of Pharmacy,Pharmacy,OPEN,CAP Round I,2025-26,6,9
02655,Shri. Chhatrapati Shivaji College of Pharmacy,Pharmacy,SC,CAP Round I,2025-26,6,3
02655,Shri. Chhatrapati Shivaji College of Pharmacy,Pharmacy,ST,CAP Round I,2025-26,6,2
02655,Shri. Chhatrapati Shivaji College of Pharmacy,Pharmacy,NTB,CAP Round I,2025-26,6,1
02655,Shri. Chhatrapati Shivaji College of Pharmacy,Pharmacy,NTC,CAP Round I,2025-26,6,1
02655,Shri. Chhatrapati Shivaji College of Pharmacy,Pharmacy,OBC,CAP Round I,2025-26,6,5
02655,Shri. Chhatrapati Shivaji College of Pharmacy,Pharmacy,SEBC,CAP Round I,2025-26,6,2
02655,Shri. Chhatrapati Shivaji College of Pharmacy,Pharmacy,PWD,CAP Round I,2025-26,6,1
02655,Shri. Chhatrapati Shivaji College of Pharmacy,Pharmacy,DEF,CAP Round I,2025-26,6,1
02655,Shri. Chhatrapati Shivaji College of Pharmacy,Pharmacy,EWS,CAP Round I,2025-26,6,7
02656,Jagdamba Shikshan Prasark Mandal's College of B.Pharmacy & Research Centre,Pharmacy,OPEN,CAP Round I,2025-26,6,7
02656,Jagdamba Shikshan Prasark Mandal's College of B.Pharmacy & Research Centre,Pharmacy,SC,CAP Round I,2025-26,6,3
02656,Jagdamba Shikshan Prasark Mandal's College of B.Pharmacy & Research Centre,Pharmacy,ST,CAP Round I,2025-26,6,1
02656,Jagdamba Shikshan Prasark Mandal's College of B.Pharmacy & Research Centre,Pharmacy,VJ/DT,CAP Round I,2025-26,6,1
02656,Jagdamba Shikshan Prasark Mandal's College of B.Pharmacy & Research Centre,Pharmacy,NTD,CAP Round I,2025-26,6,1
02656,Jagdamba Shikshan Prasark Mandal's College of B.Pharmacy & Research Centre,Pharmacy,OBC,CAP Round I,2025-26,6,3
02656,Jagdamba Shikshan Prasark Mandal's College of B.Pharmacy & Research Centre,Pharmacy,SEBC,CAP Round I,2025-26,6,2
02656,Jagdamba Shikshan Prasark Mandal's College of B.Pharmacy & Research Centre,Pharmacy,PWD,CAP Round I,2025-26,6,1
02656,Jagdamba Shikshan Prasark Mandal's College of B.Pharmacy & Research Centre,Pharmacy,DEF,CAP Round I,2025-26,6,1
02656,Jagdamba Shikshan Prasark Mandal's College of B.Pharmacy & Research Centre,Pharmacy,EWS,CAP Round I,2025-26,6,5
02658,"R.G. Institute of Pharmacy, Aurala",Pharmacy,OPEN,CAP Round I,2025-26,6,22
02658,"R.G. Institute of Pharmacy, Aurala",Pharmacy,SC,CAP Round I,2025-26,6,8
02658,"R.G. Institute of Pharmacy, Aurala",Pharmacy,ST,CAP Round I,2025-26,6,4
02658,"R.G. Institute of Pharmacy, Aurala",Pharmacy,VJ/DT,CAP Round I,2025-26,6,2
02658,"R.G. Institute of Pharmacy, Aurala",Pharmacy,NTB,CAP Round I,2025-26,6,1
02658,"R.G. Institute of Pharmacy, Aurala",Pharmacy,NTC,CAP Round I,2025-26,6,2
02658,"R.G. Institute of Pharmacy, Aurala",Pharmacy,NTD,CAP Round I,2025-26,6,1
02658,"R.G. Institute of Pharmacy, Aurala",Pharmacy,OBC,CAP Round I,2025-26,6,12
02658,"R.G. Institute of Pharmacy, Aurala",Pharmacy,SEBC,CAP Round I,2025-26,6,6
02658,"R.G. Institute of Pharmacy, Aurala",Pharmacy,PWD,CAP Round I,2025-26,6,4
02658,"R.G. Institute of Pharmacy, Aurala",Pharmacy,DEF,CAP Round I,2025-26,6,4
02658,"R.G. Institute of Pharmacy, Aurala",Pharmacy,EWS,CAP Round I,2025-26,6,7
02661,"MAEER Pune's Maharashtra Institute of Pharmaceutical sciences, Latur",Pharmacy,OPEN,CAP Round I,2025-26,6,9
02661,"MAEER Pune's Maharashtra Institute of Pharmaceutical sciences, Latur",Pharmacy,SC,CAP Round I,2025-26,6,3
02661,"MAEER Pune's Maharashtra Institute of Pharmaceutical sciences, Latur",Pharmacy,ST,CAP Round I,2025-26,6,2
02661,"MAEER Pune's Maharashtra Institute of Pharmaceutical sciences, Latur",Pharmacy,NTB,CAP Round I,2025-26,6,1
02661,"MAEER Pune's Maharashtra Institute of Pharmaceutical sciences, Latur",Pharmacy,NTD,CAP Round I,2025-26,6,1
02661,"MAEER Pune's Maharashtra Institute of Pharmaceutical sciences, Latur",Pharmacy,OBC,CAP Round I,2025-26,6,5
02661,"MAEER Pune's Maharashtra Institute of Pharmaceutical sciences, Latur",Pharmacy,SEBC,CAP Round I,2025-26,6,2
02661,"MAEER Pune's Maharashtra Institute of Pharmaceutical sciences, Latur",Pharmacy,PWD,CAP Round I,2025-26,6,1
02661,"MAEER Pune's Maharashtra Institute of Pharmaceutical sciences, Latur",Pharmacy,DEF,CAP Round I,2025-26,6,1
02661,"MAEER Pune's Maharashtra Institute of Pharmaceutical sciences, Latur",Pharmacy,EWS,CAP Round I,2025-26,6,4
02761,Shivajirao Patil Kavekar College of Pharmacy,Pharmacy,OPEN,CAP Round I,2025-26,6,22
02761,Shivajirao Patil Kavekar College of Pharmacy,Pharmacy,SC,CAP Round I,2025-26,6,8
02761,Shivajirao Patil Kavekar College of Pharmacy,Pharmacy,ST,CAP Round I,2025-26,6,4
02761,Shivajirao Patil Kavekar College of Pharmacy,Pharmacy,VJ/DT,CAP Round I,2025-26,6,2
02761,Shivajirao Patil Kavekar College of Pharmacy,Pharmacy,NTB,CAP Round I,2025-26,6,1
02761,Shivajirao Patil Kavekar College of Pharmacy,Pharmacy,NTC,CAP Round I,2025-26,6,2
02761,Shivajirao Patil Kavekar College of Pharmacy,Pharmacy,NTD,CAP Round I,2025-26,6,1
02761,Shivajirao Patil Kavekar College of Pharmacy,Pharmacy,OBC,CAP Round I,2025-26,6,12
02761,Shivajirao Patil Kavekar College of Pharmacy,Pharmacy,SEBC,CAP Round I,2025-26,6,6
02761,Shivajirao Patil Kavekar College of Pharmacy,Pharmacy,PWD,CAP Round I,2025-26,6,4
02761,Shivajirao Patil Kavekar College of Pharmacy,Pharmacy,DEF,CAP Round I,2025-26,6,4
02761,Shivajirao Patil Kavekar College of Pharmacy,Pharmacy,EWS,CAP Round I,2025-26,6,7
02762,Mishri Shikshan Prasarak Mandal's Navkar D and B Pharmacy College and Research Center,Pharmacy,OPEN,CAP Round I,2025-26,10,51
02763,"Siddheshwar College of Pharmacy, Latur",Pharmacy,OPEN,CAP Round I,2025-26,6,24
02763,"Siddheshwar College of Pharmacy, Latur",Pharmacy,SC,CAP Round I,2025-26,6,8
02763,"Siddheshwar College of Pharmacy, Latur",Pharmacy,ST,CAP Round I,2025-26,6,5
02763,"Siddheshwar College of Pharmacy, Latur",Pharmacy,VJ/DT,CAP Round I,2025-26,6,2
02763,"Siddheshwar College of Pharmacy, Latur",Pharmacy,NTB,CAP Round I,2025-26,6,2
02763,"Siddheshwar College of Pharmacy, Latur",Pharmacy,NTC,CAP Round I,2025-26,6,3
02763,"Siddheshwar College of Pharmacy, Latur",Pharmacy,NTD,CAP Round I,2025-26,6,1
02763,"Siddheshwar College of Pharmacy, Latur",Pharmacy,OBC,CAP Round I,2025-26,6,12
02763,"Siddheshwar College of Pharmacy, Latur",Pharmacy,SEBC,CAP Round I,2025-26,6,6
02763,"Siddheshwar College of Pharmacy, Latur",Pharmacy,PWD,CAP Round I,2025-26,6,4
02763,"Siddheshwar College of Pharmacy, Latur",Pharmacy,DEF,CAP Round I,2025-26,6,4
02763,"Siddheshwar College of Pharmacy, Latur",Pharmacy,EWS,CAP Round I,2025-26,6,7
03005,"Government College of Pharmacy, Ratnagiri",Pharmacy,OPEN,CAP Round I,2025-26,4,2
03005,"Government College of Pharmacy, Ratnagiri",Pharmacy,SC,CAP Round I,2025-26,4,1
03005,"Government College of Pharmacy, Ratnagiri",Pharmacy,OBC,CAP Round I,2025-26,4,1
03005,"Government College of Pharmacy, Ratnagiri",Pharmacy,SEBC,CAP Round I,2025-26,4,1
03005,"Government College of Pharmacy, Ratnagiri",Pharmacy,EWS,CAP Round I,2025-26,4,4
03015,"Prin. K.M. Kundnani College of Pharmacy, Mumbai",Pharmacy,OPEN,CAP Round I,2025-26,6,4
03015,"Prin. K.M. Kundnani College of Pharmacy, Mumbai",Pharmacy,OPEN,CAP Round I,2025-26,4,2
03016,"Bombay College of Pharmacy, Santacruz(E), Mumbai",Pharmacy,OPEN,CAP Round I,2025-26,6,3
03016,"Bombay College of Pharmacy, Santacruz(E), Mumbai",Pharmacy,SC,CAP Round I,2025-26,6,1
03016,"Bombay College of Pharmacy, Santacruz(E), Mumbai",Pharmacy,ST,CAP Round I,2025-26,6,1
03016,"Bombay College of Pharmacy, Santacruz(E), Mumbai",Pharmacy,OBC,CAP Round I,2025-26,6,2
03016,"Bombay College of Pharmacy, Santacruz(E), Mumbai",Pharmacy,SEBC,CAP Round I,2025-26,6,1
03016,"Bombay College of Pharmacy, Santacruz(E), Mumbai",Pharmacy,EWS,CAP Round I,2025-26,6,1
03016,"Bombay College of Pharmacy, Santacruz(E), Mumbai",Pharmacy,OPEN,CAP Round I,2025-26,4,2
03016,"Bombay College of Pharmacy, Santacruz(E), Mumbai",Pharmacy,SC,CAP Round I,2025-26,4,1
03016,"Bombay College of Pharmacy, Santacruz(E), Mumbai",Pharmacy,OBC,CAP Round I,2025-26,4,1
03016,"Bombay College of Pharmacy, Santacruz(E), Mumbai",Pharmacy,EWS,CAP Round I,2025-26,4,1
03017,"C U Shah College of Pharmacy for Women, Mumbai",Pharmacy,OPEN,CAP Round I,2025-26,3,2
03017,"C U Shah College of Pharmacy for Women, Mumbai",Pharmacy,SC,CAP Round I,2025-26,3,1
03017,"C U Shah College of Pharmacy for Women, Mumbai",Pharmacy,OBC,CAP Round I,2025-26,3,1
03017,"C U Shah College of Pharmacy for Women, Mumbai",Pharmacy,EWS,CAP Round I,2025-26,3,3
03163,"Shri Angarsiddha Shikshan Prasarak Mandal's Diploma In Pharmacy Institute,Sangulwadi,Tal-Vaibhavwadi",Pharmacy,OPEN,CAP Round I,2025-26,6,18
03163,"Shri Angarsiddha Shikshan Prasarak Mandal's Diploma In Pharmacy Institute,Sangulwadi,Tal-Vaibhavwadi",Pharmacy,SC,CAP Round I,2025-26,6,7
03163,"Shri Angarsiddha Shikshan Prasarak Mandal's Diploma In Pharmacy Institute,Sangulwadi,Tal-Vaibhavwadi",Pharmacy,ST,CAP Round I,2025-26,6,3
03163,"Shri Angarsiddha Shikshan Prasarak Mandal's Diploma In Pharmacy Institute,Sangulwadi,Tal-Vaibhavwadi",Pharmacy,VJ/DT,CAP Round I,2025-26,6,2
03163,"Shri Angarsiddha Shikshan Prasarak Mandal's Diploma In Pharmacy Institute,Sangulwadi,Tal-Vaibhavwadi",Pharmacy,NTB,CAP Round I,2025-26,6,1
03163,"Shri Angarsiddha Shikshan Prasarak Mandal's Diploma In Pharmacy Institute,Sangulwadi,Tal-Vaibhavwadi",Pharmacy,NTC,CAP Round I,2025-26,6,2
03163,"Shri Angarsiddha Shikshan Prasarak Mandal's Diploma In Pharmacy Institute,Sangulwadi,Tal-Vaibhavwadi",Pharmacy,NTD,CAP Round I,2025-26,6,1
03163,"Shri Angarsiddha Shikshan Prasarak Mandal's Diploma In Pharmacy Institute,Sangulwadi,Tal-Vaibhavwadi",Pharmacy,OBC,CAP Round I,2025-26,6,9
03163,"Shri Angarsiddha Shikshan Prasarak Mandal's Diploma In Pharmacy Institute,Sangulwadi,Tal-Vaibhavwadi",Pharmacy,SEBC,CAP Round I,2025-26,6,5
03163,"Shri Angarsiddha Shikshan Prasarak Mandal's Diploma In Pharmacy Institute,Sangulwadi,Tal-Vaibhavwadi",Pharmacy,PWD,CAP Round I,2025-26,6,4
03163,"Shri Angarsiddha Shikshan Prasarak Mandal's Diploma In Pharmacy Institute,Sangulwadi,Tal-Vaibhavwadi",Pharmacy,DEF,CAP Round I,2025-26,6,4
03163,"Shri Angarsiddha Shikshan Prasarak Mandal's Diploma In Pharmacy Institute,Sangulwadi,Tal-Vaibhavwadi",Pharmacy,EWS,CAP Round I,2025-26,6,6
03186,"Indrayani Shikshan Prasarak Mandal Shri Pushpasen Sawant College of Pharmacy, Kudal",Pharmacy,OPEN,CAP Round I,2025-26,6,9
03186,"Indrayani Shikshan Prasarak Mandal Shri Pushpasen Sawant College of Pharmacy, Kudal",Pharmacy,SC,CAP Round I,2025-26,6,3
03186,"Indrayani Shikshan Prasarak Mandal Shri Pushpasen Sawant College of Pharmacy, Kudal",Pharmacy,ST,CAP Round I,2025-26,6,1
03186,"Indrayani Shikshan Prasarak Mandal Shri Pushpasen Sawant College of Pharmacy, Kudal",Pharmacy,VJ/DT,CAP Round I,2025-26,6,1
03186,"Indrayani Shikshan Prasarak Mandal Shri Pushpasen Sawant College of Pharmacy, Kudal",Pharmacy,NTC,CAP Round I,2025-26,6,1
03186,"Indrayani Shikshan Prasarak Mandal Shri Pushpasen Sawant College of Pharmacy, Kudal",Pharmacy,OBC,CAP Round I,2025-26,6,4
03186,"Indrayani Shikshan Prasarak Mandal Shri Pushpasen Sawant College of Pharmacy, Kudal",Pharmacy,SEBC,CAP Round I,2025-26,6,2
03186,"Indrayani Shikshan Prasarak Mandal Shri Pushpasen Sawant College of Pharmacy, Kudal",Pharmacy,PWD,CAP Round I,2025-26,6,1
03186,"Indrayani Shikshan Prasarak Mandal Shri Pushpasen Sawant College of Pharmacy, Kudal",Pharmacy,DEF,CAP Round I,2025-26,6,1
03186,"Indrayani Shikshan Prasarak Mandal Shri Pushpasen Sawant College of Pharmacy, Kudal",Pharmacy,EWS,CAP Round I,2025-26,6,4
03205,"Bharati Vidyapeeth College of Pharmacy, Belapur, Navi Mumbai",Pharmacy,OPEN,CAP Round I,2025-26,10,5
03205,"Bharati Vidyapeeth College of Pharmacy, Belapur, Navi Mumbai",Pharmacy,SC,CAP Round I,2025-26,10,1
03205,"Bharati Vidyapeeth College of Pharmacy, Belapur, Navi Mumbai",Pharmacy,ST,CAP Round I,2025-26,10,1
03205,"Bharati Vidyapeeth College of Pharmacy, Belapur, Navi Mumbai",Pharmacy,VJ/DT,CAP Round I,2025-26,10,1
03205,"Bharati Vidyapeeth College of Pharmacy, Belapur, Navi Mumbai",Pharmacy,OBC,CAP Round I,2025-26,10,2
03205,"Bharati Vidyapeeth College of Pharmacy, Belapur, Navi Mumbai",Pharmacy,SEBC,CAP Round I,2025-26,10,1
03205,"Bharati Vidyapeeth College of Pharmacy, Belapur, Navi Mumbai",Pharmacy,PWD,CAP Round I,2025-26,10,1
03205,"Bharati Vidyapeeth College of Pharmacy, Belapur, Navi Mumbai",Pharmacy,DEF,CAP Round I,2025-26,10,1
03205,"Bharati Vidyapeeth College of Pharmacy, Belapur, Navi Mumbai",Pharmacy,EWS,CAP Round I,2025-26,10,3
03225,"Saraswathi Vidya Bhavan's College of Pharmacy, Dombivli",Pharmacy,OPEN,CAP Round I,2025-26,10,6
03226,"Mumbai Educational Trust's Institute of Pharmacy, Mumbai",Pharmacy,OPEN,CAP Round I,2025-26,6,3
03226,"Mumbai Educational Trust's Institute of Pharmacy, Mumbai",Pharmacy,SC,CAP Round I,2025-26,6,1
03226,"Mumbai Educational Trust's Institute of Pharmacy, Mumbai",Pharmacy,ST,CAP Round I,2025-26,6,1
03226,"Mumbai Educational Trust's Institute of Pharmacy, Mumbai",Pharmacy,OBC,CAP Round I,2025-26,6,1
03226,"Mumbai Educational Trust's Institute of Pharmacy, Mumbai",Pharmacy,SEBC,CAP Round I,2025-26,6,1
03226,"Mumbai Educational Trust's Institute of Pharmacy, Mumbai",Pharmacy,EWS,CAP Round I,2025-26,6,1
03228,"Shri Vile Parle Kelavani Mandal's Dr. Bhanuben Nanavati College of Pharmacy, Mumbai",Pharmacy,OPEN,CAP Round I,2025-26,10,4
03229,"Dr. L. H. Hiranandani College of Pharmacy ,Ulhasnagar",Pharmacy,OPEN,CAP Round I,2025-26,10,5
03230,"NCRD's Sterling Institute of Pharmacy, Navi Mumbai",Pharmacy,OPEN,CAP Round I,2025-26,6,3
03230,"NCRD's Sterling Institute of Pharmacy, Navi Mumbai",Pharmacy,SC,CAP Round I,2025-26,6,1
03230,"NCRD's Sterling Institute of Pharmacy, Navi Mumbai",Pharmacy,ST,CAP Round I,2025-26,6,1
03230,"NCRD's Sterling Institute of Pharmacy, Navi Mumbai",Pharmacy,OBC,CAP Round I,2025-26,6,2
03230,"NCRD's Sterling Institute of Pharmacy, Navi Mumbai",Pharmacy,SEBC,CAP Round I,2025-26,6,1
03230,"NCRD's Sterling Institute of Pharmacy, Navi Mumbai",Pharmacy,EWS,CAP Round I,2025-26,6,2
03231,"Oriental College of Pharmacy , Navi Mumbai",Pharmacy,OPEN,CAP Round I,2025-26,10,5
03232,"Yadavrao Tasgaonkar Institute of Pharmacy,Chandhai, Bhiv-puri Road Station, Tal-Karjat",Pharmacy,OPEN,CAP Round I,2025-26,10,12
03232,"Yadavrao Tasgaonkar Institute of Pharmacy,Chandhai, Bhiv-puri Road Station, Tal-Karjat",Pharmacy,SC,CAP Round I,2025-26,10,4
03232,"Yadavrao Tasgaonkar Institute of Pharmacy,Chandhai, Bhiv-puri Road Station, Tal-Karjat",Pharmacy,ST,CAP Round I,2025-26,10,2
03232,"Yadavrao Tasgaonkar Institute of Pharmacy,Chandhai, Bhiv-puri Road Station, Tal-Karjat",Pharmacy,VJ/DT,CAP Round I,2025-26,10,1
03232,"Yadavrao Tasgaonkar Institute of Pharmacy,Chandhai, Bhiv-puri Road Station, Tal-Karjat",Pharmacy,NTB,CAP Round I,2025-26,10,1
03232,"Yadavrao Tasgaonkar Institute of Pharmacy,Chandhai, Bhiv-puri Road Station, Tal-Karjat",Pharmacy,NTC,CAP Round I,2025-26,10,1
03232,"Yadavrao Tasgaonkar Institute of Pharmacy,Chandhai, Bhiv-puri Road Station, Tal-Karjat",Pharmacy,NTD,CAP Round I,2025-26,10,1
03232,"Yadavrao Tasgaonkar Institute of Pharmacy,Chandhai, Bhiv-puri Road Station, Tal-Karjat",Pharmacy,OBC,CAP Round I,2025-26,10,6
03232,"Yadavrao Tasgaonkar Institute of Pharmacy,Chandhai, Bhiv-puri Road Station, Tal-Karjat",Pharmacy,SEBC,CAP Round I,2025-26,10,3
03232,"Yadavrao Tasgaonkar Institute of Pharmacy,Chandhai, Bhiv-puri Road Station, Tal-Karjat",Pharmacy,PWD,CAP Round I,2025-26,10,1
03232,"Yadavrao Tasgaonkar Institute of Pharmacy,Chandhai, Bhiv-puri Road Station, Tal-Karjat",Pharmacy,DEF,CAP Round I,2025-26,10,1
03232,"Yadavrao Tasgaonkar Institute of Pharmacy,Chandhai, Bhiv-puri Road Station, Tal-Karjat",Pharmacy,EWS,CAP Round I,2025-26,10,11
03233,"Govindrao Nikam College Of Pharmacy, Sawarde",Pharmacy,OPEN,CAP Round I,2025-26,10,7
03233,"Govindrao Nikam College Of Pharmacy, Sawarde",Pharmacy,SC,CAP Round I,2025-26,10,2
03233,"Govindrao Nikam College Of Pharmacy, Sawarde",Pharmacy,ST,CAP Round I,2025-26,10,1
03233,"Govindrao Nikam College Of Pharmacy, Sawarde",Pharmacy,NTB,CAP Round I,2025-26,10,1
03233,"Govindrao Nikam College Of Pharmacy, Sawarde",Pharmacy,NTC,CAP Round I,2025-26,10,1
03233,"Govindrao Nikam College Of Pharmacy, Sawarde",Pharmacy,OBC,CAP Round I,2025-26,10,3
03233,"Govindrao Nikam College Of Pharmacy, Sawarde",Pharmacy,SEBC,CAP Round I,2025-26,10,1
03233,"Govindrao Nikam College Of Pharmacy, Sawarde",Pharmacy,PWD,CAP Round I,2025-26,10,1
03233,"Govindrao Nikam College Of Pharmacy, Sawarde",Pharmacy,DEF,CAP Round I,2025-26,10,1
03233,"Govindrao Nikam College Of Pharmacy, Sawarde",Pharmacy,EWS,CAP Round I,2025-26,10,8
03234,"Maharashtra Education Society's H.K. College of Pharmacy, Jogeshwari, Mumbai",Pharmacy,OPEN,CAP Round I,2025-26,10,5
03235,"Gahlot Institute of Pharmacy, Koparkhairane, Navi Mumbai",Pharmacy,OPEN,CAP Round I,2025-26,10,5
03235,"Gahlot Institute of Pharmacy, Koparkhairane, Navi Mumbai",Pharmacy,SC,CAP Round I,2025-26,10,2
03235,"Gahlot Institute of Pharmacy, Koparkhairane, Navi Mumbai",Pharmacy,ST,CAP Round I,2025-26,10,1
03235,"Gahlot Institute of Pharmacy, Koparkhairane, Navi Mumbai",Pharmacy,VJ/DT,CAP Round I,2025-26,10,1
03235,"Gahlot Institute of Pharmacy, Koparkhairane, Navi Mumbai",Pharmacy,NTC,CAP Round I,2025-26,10,1
03235,"Gahlot Institute of Pharmacy, Koparkhairane, Navi Mumbai",Pharmacy,OBC,CAP Round I,2025-26,10,2
03235,"Gahlot Institute of Pharmacy, Koparkhairane, Navi Mumbai",Pharmacy,SEBC,CAP Round I,2025-26,10,1
03235,"Gahlot Institute of Pharmacy, Koparkhairane, Navi Mumbai",Pharmacy,PWD,CAP Round I,2025-26,10,1
03235,"Gahlot Institute of Pharmacy, Koparkhairane, Navi Mumbai",Pharmacy,DEF,CAP Round I,2025-26,10,1
03235,"Gahlot Institute of Pharmacy, Koparkhairane, Navi Mumbai",Pharmacy,EWS,CAP Round I,2025-26,10,1
03236,"Konkan Gyanpeeth Rahul Dharkar College of Pharmacy & Research Institute, Karjat, Dahivali, Karjat Dist. Raigad",Pharmacy,OPEN,CAP Round I,2025-26,10,7
03236,"Konkan Gyanpeeth Rahul Dharkar College of Pharmacy & Research Institute, Karjat, Dahivali, Karjat Dist. Raigad",Pharmacy,SC,CAP Round I,2025-26,10,2
03236,"Konkan Gyanpeeth Rahul Dharkar College of Pharmacy & Research Institute, Karjat, Dahivali, Karjat Dist. Raigad",Pharmacy,ST,CAP Round I,2025-26,10,1
03236,"Konkan Gyanpeeth Rahul Dharkar College of Pharmacy & Research Institute, Karjat, Dahivali, Karjat Dist. Raigad",Pharmacy,VJ/DT,CAP Round I,2025-26,10,1
03236,"Konkan Gyanpeeth Rahul Dharkar College of Pharmacy & Research Institute, Karjat, Dahivali, Karjat Dist. Raigad",Pharmacy,NTD,CAP Round I,2025-26,10,1
03236,"Konkan Gyanpeeth Rahul Dharkar College of Pharmacy & Research Institute, Karjat, Dahivali, Karjat Dist. Raigad",Pharmacy,OBC,CAP Round I,2025-26,10,3
03236,"Konkan Gyanpeeth Rahul Dharkar College of Pharmacy & Research Institute, Karjat, Dahivali, Karjat Dist. Raigad",Pharmacy,SEBC,CAP Round I,2025-26,10,1
03236,"Konkan Gyanpeeth Rahul Dharkar College of Pharmacy & Research Institute, Karjat, Dahivali, Karjat Dist. Raigad",Pharmacy,PWD,CAP Round I,2025-26,10,1
03236,"Konkan Gyanpeeth Rahul Dharkar College of Pharmacy & Research Institute, Karjat, Dahivali, Karjat Dist. Raigad",Pharmacy,DEF,CAP Round I,2025-26,10,1
03236,"Konkan Gyanpeeth Rahul Dharkar College of Pharmacy & Research Institute, Karjat, Dahivali, Karjat Dist. Raigad",Pharmacy,EWS,CAP Round I,2025-26,10,3
03237,"Vivekanand Education Society's College of Pharmacy, Chembur, Mumbai",Pharmacy,OPEN,CAP Round I,2025-26,10,4
03238,"Adarsh Shikshan Mandal's Ideal College of Pharmacy & Research, Ambernath",Pharmacy,OPEN,CAP Round I,2025-26,10,8
03239,"Prabhodhan Shikshan Prasarak Sanshta's Indira Institute of Pharmacy, Sadavali",Pharmacy,OPEN,CAP Round I,2025-26,6,8
03239,"Prabhodhan Shikshan Prasarak Sanshta's Indira Institute of Pharmacy, Sadavali",Pharmacy,SC,CAP Round I,2025-26,6,3
03239,"Prabhodhan Shikshan Prasarak Sanshta's Indira Institute of Pharmacy, Sadavali",Pharmacy,ST,CAP Round I,2025-26,6,1
03239,"Prabhodhan Shikshan Prasarak Sanshta's Indira Institute of Pharmacy, Sadavali",Pharmacy,NTB,CAP Round I,2025-26,6,1
03239,"Prabhodhan Shikshan Prasarak Sanshta's Indira Institute of Pharmacy, Sadavali",Pharmacy,NTC,CAP Round I,2025-26,6,1
03239,"Prabhodhan Shikshan Prasarak Sanshta's Indira Institute of Pharmacy, Sadavali",Pharmacy,OBC,CAP Round I,2025-26,6,4
03239,"Prabhodhan Shikshan Prasarak Sanshta's Indira Institute of Pharmacy, Sadavali",Pharmacy,SEBC,CAP Round I,2025-26,6,2
03239,"Prabhodhan Shikshan Prasarak Sanshta's Indira Institute of Pharmacy, Sadavali",Pharmacy,PWD,CAP Round I,2025-26,6,1
03239,"Prabhodhan Shikshan Prasarak Sanshta's Indira Institute of Pharmacy, Sadavali",Pharmacy,DEF,CAP Round I,2025-26,6,1
03239,"Prabhodhan Shikshan Prasarak Sanshta's Indira Institute of Pharmacy, Sadavali",Pharmacy,EWS,CAP Round I,2025-26,6,5
03240,"Aldel Education Trust's St. John Institute of Pharmacy and Research, Vevoor, Palghar",Pharmacy,OPEN,CAP Round I,2025-26,10,7
03241,"Vighnarta Trust, Shivajirao Jondhale College of Pharmacy, Shahapur",Pharmacy,OPEN,CAP Round I,2025-26,6,3
03241,"Vighnarta Trust, Shivajirao Jondhale College of Pharmacy, Shahapur",Pharmacy,SC,CAP Round I,2025-26,6,1
03241,"Vighnarta Trust, Shivajirao Jondhale College of Pharmacy, Shahapur",Pharmacy,ST,CAP Round I,2025-26,6,1
03241,"Vighnarta Trust, Shivajirao Jondhale College of Pharmacy, Shahapur",Pharmacy,OBC,CAP Round I,2025-26,6,1
03241,"Vighnarta Trust, Shivajirao Jondhale College of Pharmacy, Shahapur",Pharmacy,SEBC,CAP Round I,2025-26,6,1
03241,"Vighnarta Trust, Shivajirao Jondhale College of Pharmacy, Shahapur",Pharmacy,EWS,CAP Round I,2025-26,6,7
03242,"Shri Rishikesh Shikshan Prasarak Mandal, D.D.Vispute College of Pharmacy & Research Center, (Devad),New Panvel",Pharmacy,OPEN,CAP Round I,2025-26,10,6
03242,"Shri Rishikesh Shikshan Prasarak Mandal, D.D.Vispute College of Pharmacy & Research Center, (Devad),New Panvel",Pharmacy,SC,CAP Round I,2025-26,10,2
03242,"Shri Rishikesh Shikshan Prasarak Mandal, D.D.Vispute College of Pharmacy & Research Center, (Devad),New Panvel",Pharmacy,ST,CAP Round I,2025-26,10,1
03242,"Shri Rishikesh Shikshan Prasarak Mandal, D.D.Vispute College of Pharmacy & Research Center, (Devad),New Panvel",Pharmacy,VJ/DT,CAP Round I,2025-26,10,1
03242,"Shri Rishikesh Shikshan Prasarak Mandal, D.D.Vispute College of Pharmacy & Research Center, (Devad),New Panvel",Pharmacy,NTC,CAP Round I,2025-26,10,1
03242,"Shri Rishikesh Shikshan Prasarak Mandal, D.D.Vispute College of Pharmacy & Research Center, (Devad),New Panvel",Pharmacy,OBC,CAP Round I,2025-26,10,2
03242,"Shri Rishikesh Shikshan Prasarak Mandal, D.D.Vispute College of Pharmacy & Research Center, (Devad),New Panvel",Pharmacy,SEBC,CAP Round I,2025-26,10,2
03242,"Shri Rishikesh Shikshan Prasarak Mandal, D.D.Vispute College of Pharmacy & Research Center, (Devad),New Panvel",Pharmacy,PWD,CAP Round I,2025-26,10,1
03242,"Shri Rishikesh Shikshan Prasarak Mandal, D.D.Vispute College of Pharmacy & Research Center, (Devad),New Panvel",Pharmacy,DEF,CAP Round I,2025-26,10,1
03242,"Shri Rishikesh Shikshan Prasarak Mandal, D.D.Vispute College of Pharmacy & Research Center, (Devad),New Panvel",Pharmacy,EWS,CAP Round I,2025-26,10,10
03298,"Bhartiya Education Soc.'s Institute of Pharmacy, Velshet, Tal. Roha, Dist. Raigad",Pharmacy,OPEN,CAP Round I,2025-26,6,9
03439,"Anjuman-I-Islam's Kalsekar Technical Campus, Panvel",Pharmacy,OPEN,CAP Round I,2025-26,10,5
03464,"Viva Institute of Pharmacy, Virar(E)",Pharmacy,OPEN,CAP Round I,2025-26,10,5
03464,"Viva Institute of Pharmacy, Virar(E)",Pharmacy,SC,CAP Round I,2025-26,10,2
03464,"Viva Institute of Pharmacy, Virar(E)",Pharmacy,ST,CAP Round I,2025-26,10,1
03464,"Viva Institute of Pharmacy, Virar(E)",Pharmacy,NTB,CAP Round I,2025-26,10,1
03464,"Viva Institute of Pharmacy, Virar(E)",Pharmacy,NTD,CAP Round I,2025-26,10,1
03464,"Viva Institute of Pharmacy, Virar(E)",Pharmacy,OBC,CAP Round I,2025-26,10,3
03464,"Viva Institute of Pharmacy, Virar(E)",Pharmacy,SEBC,CAP Round I,2025-26,10,1
03464,"Viva Institute of Pharmacy, Virar(E)",Pharmacy,PWD,CAP Round I,2025-26,10,1
03464,"Viva Institute of Pharmacy, Virar(E)",Pharmacy,DEF,CAP Round I,2025-26,10,1
03464,"Viva Institute of Pharmacy, Virar(E)",Pharmacy,EWS,CAP Round I,2025-26,10,8
03480,"Yashwantrao Bhonsale College of Pharmacy, A/P Charathe, Sawantwadi",Pharmacy,OPEN,CAP Round I,2025-26,10,9
03480,"Yashwantrao Bhonsale College of Pharmacy, A/P Charathe, Sawantwadi",Pharmacy,SC,CAP Round I,2025-26,10,3
03480,"Yashwantrao Bhonsale College of Pharmacy, A/P Charathe, Sawantwadi",Pharmacy,ST,CAP Round I,2025-26,10,1
03480,"Yashwantrao Bhonsale College of Pharmacy, A/P Charathe, Sawantwadi",Pharmacy,VJ/DT,CAP Round I,2025-26,10,1
03480,"Yashwantrao Bhonsale College of Pharmacy, A/P Charathe, Sawantwadi",Pharmacy,NTC,CAP Round I,2025-26,10,1
03480,"Yashwantrao Bhonsale College of Pharmacy, A/P Charathe, Sawantwadi",Pharmacy,OBC,CAP Round I,2025-26,10,4
03480,"Yashwantrao Bhonsale College of Pharmacy, A/P Charathe, Sawantwadi",Pharmacy,SEBC,CAP Round I,2025-26,10,1
03480,"Yashwantrao Bhonsale College of Pharmacy, A/P Charathe, Sawantwadi",Pharmacy,PWD,CAP Round I,2025-26,10,1
03480,"Yashwantrao Bhonsale College of Pharmacy, A/P Charathe, Sawantwadi",Pharmacy,DEF,CAP Round I,2025-26,10,1
03480,"Yashwantrao Bhonsale College of Pharmacy, A/P Charathe, Sawantwadi",Pharmacy,EWS,CAP Round I,2025-26,10,4
03485,"St. Wilfred's Institute of Pharmacy, Panvel",Pharmacy,OPEN,CAP Round I,2025-26,10,7
03485,"St. Wilfred's Institute of Pharmacy, Panvel",Pharmacy,SC,CAP Round I,2025-26,10,3
03485,"St. Wilfred's Institute of Pharmacy, Panvel",Pharmacy,ST,CAP Round I,2025-26,10,1
03485,"St. Wilfred's Institute of Pharmacy, Panvel",Pharmacy,VJ/DT,CAP Round I,2025-26,10,1
03485,"St. Wilfred's Institute of Pharmacy, Panvel",Pharmacy,NTC,CAP Round I,2025-26,10,1
03485,"St. Wilfred's Institute of Pharmacy, Panvel",Pharmacy,OBC,CAP Round I,2025-26,10,3
03485,"St. Wilfred's Institute of Pharmacy, Panvel",Pharmacy,SEBC,CAP Round I,2025-26,10,2
03485,"St. Wilfred's Institute of Pharmacy, Panvel",Pharmacy,PWD,CAP Round I,2025-26,10,1
03485,"St. Wilfred's Institute of Pharmacy, Panvel",Pharmacy,DEF,CAP Round I,2025-26,10,1
03485,"St. Wilfred's Institute of Pharmacy, Panvel",Pharmacy,EWS,CAP Round I,2025-26,10,11
03486,"Shree Saraswati Institute of Pharmacy, At Post Tondavali, Kankavali",Pharmacy,OPEN,CAP Round I,2025-26,10,26
03486,"Shree Saraswati Institute of Pharmacy, At Post Tondavali, Kankavali",Pharmacy,SC,CAP Round I,2025-26,10,10
03486,"Shree Saraswati Institute of Pharmacy, At Post Tondavali, Kankavali",Pharmacy,ST,CAP Round I,2025-26,10,6
03486,"Shree Saraswati Institute of Pharmacy, At Post Tondavali, Kankavali",Pharmacy,VJ/DT,CAP Round I,2025-26,10,2
03486,"Shree Saraswati Institute of Pharmacy, At Post Tondavali, Kankavali",Pharmacy,NTB,CAP Round I,2025-26,10,2
03486,"Shree Saraswati Institute of Pharmacy, At Post Tondavali, Kankavali",Pharmacy,NTC,CAP Round I,2025-26,10,2
03486,"Shree Saraswati Institute of Pharmacy, At Post Tondavali, Kankavali",Pharmacy,NTD,CAP Round I,2025-26,10,2
03486,"Shree Saraswati Institute of Pharmacy, At Post Tondavali, Kankavali",Pharmacy,OBC,CAP Round I,2025-26,10,14
03486,"Shree Saraswati Institute of Pharmacy, At Post Tondavali, Kankavali",Pharmacy,SEBC,CAP Round I,2025-26,10,8
03486,"Shree Saraswati Institute of Pharmacy, At Post Tondavali, Kankavali",Pharmacy,PWD,CAP Round I,2025-26,10,6
03486,"Shree Saraswati Institute of Pharmacy, At Post Tondavali, Kankavali",Pharmacy,DEF,CAP Round I,2025-26,10,6
03486,"Shree Saraswati Institute of Pharmacy, At Post Tondavali, Kankavali",Pharmacy,EWS,CAP Round I,2025-26,10,10
03487,"Ideal Institute of Pharmacy, Wada",Pharmacy,OPEN,CAP Round I,2025-26,10,22
03487,"Ideal Institute of Pharmacy, Wada",Pharmacy,SC,CAP Round I,2025-26,10,8
03487,"Ideal Institute of Pharmacy, Wada",Pharmacy,ST,CAP Round I,2025-26,10,5
03487,"Ideal Institute of Pharmacy, Wada",Pharmacy,VJ/DT,CAP Round I,2025-26,10,2
03487,"Ideal Institute of Pharmacy, Wada",Pharmacy,NTB,CAP Round I,2025-26,10,1
03487,"Ideal Institute of Pharmacy, Wada",Pharmacy,NTC,CAP Round I,2025-26,10,2
03487,"Ideal Institute of Pharmacy, Wada",Pharmacy,NTD,CAP Round I,2025-26,10,1
03487,"Ideal Institute of Pharmacy, Wada",Pharmacy,OBC,CAP Round I,2025-26,10,11
03487,"Ideal Institute of Pharmacy, Wada",Pharmacy,SEBC,CAP Round I,2025-26,10,7
03487,"Ideal Institute of Pharmacy, Wada",Pharmacy,PWD,CAP Round I,2025-26,10,4
03487,"Ideal Institute of Pharmacy, Wada",Pharmacy,DEF,CAP Round I,2025-26,10,4
03487,"Ideal Institute of Pharmacy, Wada",Pharmacy,EWS,CAP Round I,2025-26,10,9
03490,"VP College of Pharmacy, Madkhol, Sawantwadi",Pharmacy,OPEN,CAP Round I,2025-26,10,26
03490,"VP College of Pharmacy, Madkhol, Sawantwadi",Pharmacy,SC,CAP Round I,2025-26,10,10
03490,"VP College of Pharmacy, Madkhol, Sawantwadi",Pharmacy,ST,CAP Round I,2025-26,10,5
03490,"VP College of Pharmacy, Madkhol, Sawantwadi",Pharmacy,VJ/DT,CAP Round I,2025-26,10,2
03490,"VP College of Pharmacy, Madkhol, Sawantwadi",Pharmacy,NTB,CAP Round I,2025-26,10,2
03490,"VP College of Pharmacy, Madkhol, Sawantwadi",Pharmacy,NTC,CAP Round I,2025-26,10,3
03490,"VP College of Pharmacy, Madkhol, Sawantwadi",Pharmacy,NTD,CAP Round I,2025-26,10,1
03490,"VP College of Pharmacy, Madkhol, Sawantwadi",Pharmacy,OBC,CAP Round I,2025-26,10,14
03490,"VP College of Pharmacy, Madkhol, Sawantwadi",Pharmacy,SEBC,CAP Round I,2025-26,10,7
03490,"VP College of Pharmacy, Madkhol, Sawantwadi",Pharmacy,PWD,CAP Round I,2025-26,10,6
03490,"VP College of Pharmacy, Madkhol, Sawantwadi",Pharmacy,DEF,CAP Round I,2025-26,10,6
03490,"VP College of Pharmacy, Madkhol, Sawantwadi",Pharmacy,EWS,CAP Round I,2025-26,10,11
03492,"SBNM College of Pharmacy(D.Pharmacy), Mahad",Pharmacy,OPEN,CAP Round I,2025-26,6,18
03492,"SBNM College of Pharmacy(D.Pharmacy), Mahad",Pharmacy,SC,CAP Round I,2025-26,6,7
03492,"SBNM College of Pharmacy(D.Pharmacy), Mahad",Pharmacy,ST,CAP Round I,2025-26,6,4
03492,"SBNM College of Pharmacy(D.Pharmacy), Mahad",Pharmacy,VJ/DT,CAP Round I,2025-26,6,2
03492,"SBNM College of Pharmacy(D.Pharmacy), Mahad",Pharmacy,NTB,CAP Round I,2025-26,6,1
03492,"SBNM College of Pharmacy(D.Pharmacy), Mahad",Pharmacy,NTC,CAP Round I,2025-26,6,2
03492,"SBNM College of Pharmacy(D.Pharmacy), Mahad",Pharmacy,NTD,CAP Round I,2025-26,6,1
03492,"SBNM College of Pharmacy(D.Pharmacy), Mahad",Pharmacy,OBC,CAP Round I,2025-26,6,10
03492,"SBNM College of Pharmacy(D.Pharmacy), Mahad",Pharmacy,SEBC,CAP Round I,2025-26,6,5
03492,"SBNM College of Pharmacy(D.Pharmacy), Mahad",Pharmacy,PWD,CAP Round I,2025-26,6,4
03492,"SBNM College of Pharmacy(D.Pharmacy), Mahad",Pharmacy,DEF,CAP Round I,2025-26,6,4
03492,"SBNM College of Pharmacy(D.Pharmacy), Mahad",Pharmacy,EWS,CAP Round I,2025-26,6,6
03493,"Shri Angarsiddha Shikshan Prasarak Mandal's ASPM College of Pharmacy, Sangulwadi",Pharmacy,OPEN,CAP Round I,2025-26,10,22
03493,"Shri Angarsiddha Shikshan Prasarak Mandal's ASPM College of Pharmacy, Sangulwadi",Pharmacy,SC,CAP Round I,2025-26,10,8
03493,"Shri Angarsiddha Shikshan Prasarak Mandal's ASPM College of Pharmacy, Sangulwadi",Pharmacy,ST,CAP Round I,2025-26,10,5
03493,"Shri Angarsiddha Shikshan Prasarak Mandal's ASPM College of Pharmacy, Sangulwadi",Pharmacy,VJ/DT,CAP Round I,2025-26,10,2
03493,"Shri Angarsiddha Shikshan Prasarak Mandal's ASPM College of Pharmacy, Sangulwadi",Pharmacy,NTB,CAP Round I,2025-26,10,1
03493,"Shri Angarsiddha Shikshan Prasarak Mandal's ASPM College of Pharmacy, Sangulwadi",Pharmacy,NTC,CAP Round I,2025-26,10,2
03493,"Shri Angarsiddha Shikshan Prasarak Mandal's ASPM College of Pharmacy, Sangulwadi",Pharmacy,NTD,CAP Round I,2025-26,10,1
03493,"Shri Angarsiddha Shikshan Prasarak Mandal's ASPM College of Pharmacy, Sangulwadi",Pharmacy,OBC,CAP Round I,2025-26,10,12
03493,"Shri Angarsiddha Shikshan Prasarak Mandal's ASPM College of Pharmacy, Sangulwadi",Pharmacy,SEBC,CAP Round I,2025-26,10,6
03493,"Shri Angarsiddha Shikshan Prasarak Mandal's ASPM College of Pharmacy, Sangulwadi",Pharmacy,PWD,CAP Round I,2025-26,10,4
03493,"Shri Angarsiddha Shikshan Prasarak Mandal's ASPM College of Pharmacy, Sangulwadi",Pharmacy,DEF,CAP Round I,2025-26,10,4
03493,"Shri Angarsiddha Shikshan Prasarak Mandal's ASPM College of Pharmacy, Sangulwadi",Pharmacy,EWS,CAP Round I,2025-26,10,11
03499,"M.S. College Of Pharmacy, Devghar",Pharmacy,OPEN,CAP Round I,2025-26,6,16
03500,"Vijayrao Naik College Of Pharmacy, Shirval",Pharmacy,OPEN,CAP Round I,2025-26,10,31
03500,"Vijayrao Naik College Of Pharmacy, Shirval",Pharmacy,SC,CAP Round I,2025-26,10,12
03500,"Vijayrao Naik College Of Pharmacy, Shirval",Pharmacy,ST,CAP Round I,2025-26,10,6
03500,"Vijayrao Naik College Of Pharmacy, Shirval",Pharmacy,VJ/DT,CAP Round I,2025-26,10,3
03500,"Vijayrao Naik College Of Pharmacy, Shirval",Pharmacy,NTB,CAP Round I,2025-26,10,3
03500,"Vijayrao Naik College Of Pharmacy, Shirval",Pharmacy,NTC,CAP Round I,2025-26,10,3
03500,"Vijayrao Naik College Of Pharmacy, Shirval",Pharmacy,NTD,CAP Round I,2025-26,10,2
03500,"Vijayrao Naik College Of Pharmacy, Shirval",Pharmacy,OBC,CAP Round I,2025-26,10,17
03500,"Vijayrao Naik College Of Pharmacy, Shirval",Pharmacy,SEBC,CAP Round I,2025-26,10,9
03500,"Vijayrao Naik College Of Pharmacy, Shirval",Pharmacy,PWD,CAP Round I,2025-26,10,6
03500,"Vijayrao Naik College Of Pharmacy, Shirval",Pharmacy,DEF,CAP Round I,2025-26,10,6
03500,"Vijayrao Naik College Of Pharmacy, Shirval",Pharmacy,EWS,CAP Round I,2025-26,10,11
03501,"Siddhis Institute Of Pharmacy, Nandgaon",Pharmacy,OPEN,CAP Round I,2025-26,10,21
03501,"Siddhis Institute Of Pharmacy, Nandgaon",Pharmacy,SC,CAP Round I,2025-26,10,8
03501,"Siddhis Institute Of Pharmacy, Nandgaon",Pharmacy,ST,CAP Round I,2025-26,10,4
03501,"Siddhis Institute Of Pharmacy, Nandgaon",Pharmacy,VJ/DT,CAP Round I,2025-26,10,2
03501,"Siddhis Institute Of Pharmacy, Nandgaon",Pharmacy,NTB,CAP Round I,2025-26,10,2
03501,"Siddhis Institute Of Pharmacy, Nandgaon",Pharmacy,NTC,CAP Round I,2025-26,10,2
03501,"Siddhis Institute Of Pharmacy, Nandgaon",Pharmacy,NTD,CAP Round I,2025-26,10,1
03501,"Siddhis Institute Of Pharmacy, Nandgaon",Pharmacy,OBC,CAP Round I,2025-26,10,12
03501,"Siddhis Institute Of Pharmacy, Nandgaon",Pharmacy,SEBC,CAP Round I,2025-26,10,6
03501,"Siddhis Institute Of Pharmacy, Nandgaon",Pharmacy,PWD,CAP Round I,2025-26,10,4
03501,"Siddhis Institute Of Pharmacy, Nandgaon",Pharmacy,DEF,CAP Round I,2025-26,10,4
03501,"Siddhis Institute Of Pharmacy, Nandgaon",Pharmacy,EWS,CAP Round I,2025-26,10,9
03504,"Raigad College Of Pharmacy, Mohopre",Pharmacy,OPEN,CAP Round I,2025-26,10,15
03504,"Raigad College Of Pharmacy, Mohopre",Pharmacy,SC,CAP Round I,2025-26,10,6
03504,"Raigad College Of Pharmacy, Mohopre",Pharmacy,ST,CAP Round I,2025-26,10,3
03504,"Raigad College Of Pharmacy, Mohopre",Pharmacy,VJ/DT,CAP Round I,2025-26,10,1
03504,"Raigad College Of Pharmacy, Mohopre",Pharmacy,NTB,CAP Round I,2025-26,10,1
03504,"Raigad College Of Pharmacy, Mohopre",Pharmacy,NTC,CAP Round I,2025-26,10,2
03504,"Raigad College Of Pharmacy, Mohopre",Pharmacy,NTD,CAP Round I,2025-26,10,1
03504,"Raigad College Of Pharmacy, Mohopre",Pharmacy,OBC,CAP Round I,2025-26,10,8
03504,"Raigad College Of Pharmacy, Mohopre",Pharmacy,SEBC,CAP Round I,2025-26,10,4
03504,"Raigad College Of Pharmacy, Mohopre",Pharmacy,PWD,CAP Round I,2025-26,10,3
03504,"Raigad College Of Pharmacy, Mohopre",Pharmacy,DEF,CAP Round I,2025-26,10,3
03504,"Raigad College Of Pharmacy, Mohopre",Pharmacy,EWS,CAP Round I,2025-26,10,1
03506,"Shri. Pandit Baburao Chaughule College Of Pharmacy, Rahanal",Pharmacy,OPEN,CAP Round I,2025-26,10,18
03506,"Shri. Pandit Baburao Chaughule College Of Pharmacy, Rahanal",Pharmacy,SC,CAP Round I,2025-26,10,7
03506,"Shri. Pandit Baburao Chaughule College Of Pharmacy, Rahanal",Pharmacy,ST,CAP Round I,2025-26,10,4
03506,"Shri. Pandit Baburao Chaughule College Of Pharmacy, Rahanal",Pharmacy,VJ/DT,CAP Round I,2025-26,10,2
03506,"Shri. Pandit Baburao Chaughule College Of Pharmacy, Rahanal",Pharmacy,NTB,CAP Round I,2025-26,10,2
03506,"Shri. Pandit Baburao Chaughule College Of Pharmacy, Rahanal",Pharmacy,NTC,CAP Round I,2025-26,10,1
03506,"Shri. Pandit Baburao Chaughule College Of Pharmacy, Rahanal",Pharmacy,NTD,CAP Round I,2025-26,10,2
03506,"Shri. Pandit Baburao Chaughule College Of Pharmacy, Rahanal",Pharmacy,OBC,CAP Round I,2025-26,10,10
03506,"Shri. Pandit Baburao Chaughule College Of Pharmacy, Rahanal",Pharmacy,SEBC,CAP Round I,2025-26,10,5
03506,"Shri. Pandit Baburao Chaughule College Of Pharmacy, Rahanal",Pharmacy,PWD,CAP Round I,2025-26,10,4
03506,"Shri. Pandit Baburao Chaughule College Of Pharmacy, Rahanal",Pharmacy,DEF,CAP Round I,2025-26,10,4
03506,"Shri. Pandit Baburao Chaughule College Of Pharmacy, Rahanal",Pharmacy,EWS,CAP Round I,2025-26,10,11
03508,"B.K. Patil Institute of Pharmacy, Taloja, Panvel",Pharmacy,OPEN,CAP Round I,2025-26,6,7
03508,"B.K. Patil Institute of Pharmacy, Taloja, Panvel",Pharmacy,SC,CAP Round I,2025-26,6,2
03508,"B.K. Patil Institute of Pharmacy, Taloja, Panvel",Pharmacy,ST,CAP Round I,2025-26,6,1
03508,"B.K. Patil Institute of Pharmacy, Taloja, Panvel",Pharmacy,NTB,CAP Round I,2025-26,6,1
03508,"B.K. Patil Institute of Pharmacy, Taloja, Panvel",Pharmacy,NTC,CAP Round I,2025-26,6,1
03508,"B.K. Patil Institute of Pharmacy, Taloja, Panvel",Pharmacy,OBC,CAP Round I,2025-26,6,4
03508,"B.K. Patil Institute of Pharmacy, Taloja, Panvel",Pharmacy,SEBC,CAP Round I,2025-26,6,1
03508,"B.K. Patil Institute of Pharmacy, Taloja, Panvel",Pharmacy,PWD,CAP Round I,2025-26,6,1
03508,"B.K. Patil Institute of Pharmacy, Taloja, Panvel",Pharmacy,DEF,CAP Round I,2025-26,6,1
03508,"B.K. Patil Institute of Pharmacy, Taloja, Panvel",Pharmacy,EWS,CAP Round I,2025-26,6,6
03509,"Indala Institute of Pharmacy, Bapsai, Kalyan",Pharmacy,OPEN,CAP Round I,2025-26,6,3
03509,"Indala Institute of Pharmacy, Bapsai, Kalyan",Pharmacy,SC,CAP Round I,2025-26,6,1
03509,"Indala Institute of Pharmacy, Bapsai, Kalyan",Pharmacy,ST,CAP Round I,2025-26,6,1
03509,"Indala Institute of Pharmacy, Bapsai, Kalyan",Pharmacy,OBC,CAP Round I,2025-26,6,1
03509,"Indala Institute of Pharmacy, Bapsai, Kalyan",Pharmacy,SEBC,CAP Round I,2025-26,6,1
03509,"Indala Institute of Pharmacy, Bapsai, Kalyan",Pharmacy,EWS,CAP Round I,2025-26,6,5
03510,"Lokmanya Tilak Institute of Pharmacy, Kharghar, Navi Mumbai",Pharmacy,OPEN,CAP Round I,2025-26,6,4
03510,"Lokmanya Tilak Institute of Pharmacy, Kharghar, Navi Mumbai",Pharmacy,SC,CAP Round I,2025-26,6,1
03510,"Lokmanya Tilak Institute of Pharmacy, Kharghar, Navi Mumbai",Pharmacy,ST,CAP Round I,2025-26,6,1
03510,"Lokmanya Tilak Institute of Pharmacy, Kharghar, Navi Mumbai",Pharmacy,VJ/DT,CAP Round I,2025-26,6,1
03510,"Lokmanya Tilak Institute of Pharmacy, Kharghar, Navi Mumbai",Pharmacy,OBC,CAP Round I,2025-26,6,2
03510,"Lokmanya Tilak Institute of Pharmacy, Kharghar, Navi Mumbai",Pharmacy,SEBC,CAP Round I,2025-26,6,1
03510,"Lokmanya Tilak Institute of Pharmacy, Kharghar, Navi Mumbai",Pharmacy,EWS,CAP Round I,2025-26,6,3
03531,B.R. Harne College of Pharmacy,Pharmacy,OPEN,CAP Round I,2025-26,10,20
03531,B.R. Harne College of Pharmacy,Pharmacy,SC,CAP Round I,2025-26,10,7
03531,B.R. Harne College of Pharmacy,Pharmacy,ST,CAP Round I,2025-26,10,4
03531,B.R. Harne College of Pharmacy,Pharmacy,VJ/DT,CAP Round I,2025-26,10,2
03531,B.R. Harne College of Pharmacy,Pharmacy,NTB,CAP Round I,2025-26,10,1
03531,B.R. Harne College of Pharmacy,Pharmacy,NTC,CAP Round I,2025-26,10,2
03531,B.R. Harne College of Pharmacy,Pharmacy,NTD,CAP Round I,2025-26,10,1
03531,B.R. Harne College of Pharmacy,Pharmacy,OBC,CAP Round I,2025-26,10,10
03531,B.R. Harne College of Pharmacy,Pharmacy,SEBC,CAP Round I,2025-26,10,5
03531,B.R. Harne College of Pharmacy,Pharmacy,PWD,CAP Round I,2025-26,10,4
03531,B.R. Harne College of Pharmacy,Pharmacy,DEF,CAP Round I,2025-26,10,4
03531,B.R. Harne College of Pharmacy,Pharmacy,EWS,CAP Round I,2025-26,10,11
03532,"Dnyandeep Shikshan Prasarak Mandal's Dnyandeep College of Pharmacy, At, Boraj, Khed",Pharmacy,OPEN,CAP Round I,2025-26,6,5
03532,"Dnyandeep Shikshan Prasarak Mandal's Dnyandeep College of Pharmacy, At, Boraj, Khed",Pharmacy,SC,CAP Round I,2025-26,6,1
03532,"Dnyandeep Shikshan Prasarak Mandal's Dnyandeep College of Pharmacy, At, Boraj, Khed",Pharmacy,ST,CAP Round I,2025-26,6,1
03532,"Dnyandeep Shikshan Prasarak Mandal's Dnyandeep College of Pharmacy, At, Boraj, Khed",Pharmacy,VJ/DT,CAP Round I,2025-26,6,1
03532,"Dnyandeep Shikshan Prasarak Mandal's Dnyandeep College of Pharmacy, At, Boraj, Khed",Pharmacy,NTC,CAP Round I,2025-26,6,1
03532,"Dnyandeep Shikshan Prasarak Mandal's Dnyandeep College of Pharmacy, At, Boraj, Khed",Pharmacy,OBC,CAP Round I,2025-26,6,2
03532,"Dnyandeep Shikshan Prasarak Mandal's Dnyandeep College of Pharmacy, At, Boraj, Khed",Pharmacy,SEBC,CAP Round I,2025-26,6,2
03532,"Dnyandeep Shikshan Prasarak Mandal's Dnyandeep College of Pharmacy, At, Boraj, Khed",Pharmacy,PWD,CAP Round I,2025-26,6,1
03532,"Dnyandeep Shikshan Prasarak Mandal's Dnyandeep College of Pharmacy, At, Boraj, Khed",Pharmacy,DEF,CAP Round I,2025-26,6,1
03532,"Dnyandeep Shikshan Prasarak Mandal's Dnyandeep College of Pharmacy, At, Boraj, Khed",Pharmacy,EWS,CAP Round I,2025-26,6,1
03533,"Y.N.P. College of Pharmacy, At Post Asangaon, Dahanu",Pharmacy,OPEN,CAP Round I,2025-26,10,10
03533,"Y.N.P. College of Pharmacy, At Post Asangaon, Dahanu",Pharmacy,SC,CAP Round I,2025-26,10,3
03533,"Y.N.P. College of Pharmacy, At Post Asangaon, Dahanu",Pharmacy,ST,CAP Round I,2025-26,10,2
03533,"Y.N.P. College of Pharmacy, At Post Asangaon, Dahanu",Pharmacy,VJ/DT,CAP Round I,2025-26,10,1
03533,"Y.N.P. College of Pharmacy, At Post Asangaon, Dahanu",Pharmacy,NTB,CAP Round I,2025-26,10,1
03533,"Y.N.P. College of Pharmacy, At Post Asangaon, Dahanu",Pharmacy,NTC,CAP Round I,2025-26,10,1
03533,"Y.N.P. College of Pharmacy, At Post Asangaon, Dahanu",Pharmacy,NTD,CAP Round I,2025-26,10,1
03533,"Y.N.P. College of Pharmacy, At Post Asangaon, Dahanu",Pharmacy,OBC,CAP Round I,2025-26,10,5
03533,"Y.N.P. College of Pharmacy, At Post Asangaon, Dahanu",Pharmacy,SEBC,CAP Round I,2025-26,10,2
03533,"Y.N.P. College of Pharmacy, At Post Asangaon, Dahanu",Pharmacy,PWD,CAP Round I,2025-26,10,1
03533,"Y.N.P. College of Pharmacy, At Post Asangaon, Dahanu",Pharmacy,DEF,CAP Round I,2025-26,10,1
03533,"Y.N.P. College of Pharmacy, At Post Asangaon, Dahanu",Pharmacy,EWS,CAP Round I,2025-26,10,10
03536,"Yashodeep College of Pharmacy, At Post Saralgaon, Taluka Murbad",Pharmacy,OPEN,CAP Round I,2025-26,6,11
03536,"Yashodeep College of Pharmacy, At Post Saralgaon, Taluka Murbad",Pharmacy,SC,CAP Round I,2025-26,6,3
03536,"Yashodeep College of Pharmacy, At Post Saralgaon, Taluka Murbad",Pharmacy,ST,CAP Round I,2025-26,6,2
03536,"Yashodeep College of Pharmacy, At Post Saralgaon, Taluka Murbad",Pharmacy,NTB,CAP Round I,2025-26,6,1
03536,"Yashodeep College of Pharmacy, At Post Saralgaon, Taluka Murbad",Pharmacy,NTC,CAP Round I,2025-26,6,1
03536,"Yashodeep College of Pharmacy, At Post Saralgaon, Taluka Murbad",Pharmacy,OBC,CAP Round I,2025-26,6,5
03536,"Yashodeep College of Pharmacy, At Post Saralgaon, Taluka Murbad",Pharmacy,SEBC,CAP Round I,2025-26,6,3
03536,"Yashodeep College of Pharmacy, At Post Saralgaon, Taluka Murbad",Pharmacy,PWD,CAP Round I,2025-26,6,1
03536,"Yashodeep College of Pharmacy, At Post Saralgaon, Taluka Murbad",Pharmacy,DEF,CAP Round I,2025-26,6,1
03536,"Yashodeep College of Pharmacy, At Post Saralgaon, Taluka Murbad",Pharmacy,EWS,CAP Round I,2025-26,6,7
03537,Vaishalitai Jondhale College of Pharmacy,Pharmacy,OPEN,CAP Round I,2025-26,6,11
03537,Vaishalitai Jondhale College of Pharmacy,Pharmacy,SC,CAP Round I,2025-26,6,5
03537,Vaishalitai Jondhale College of Pharmacy,Pharmacy,ST,CAP Round I,2025-26,6,2
03537,Vaishalitai Jondhale College of Pharmacy,Pharmacy,VJ/DT,CAP Round I,2025-26,6,1
03537,Vaishalitai Jondhale College of Pharmacy,Pharmacy,NTB,CAP Round I,2025-26,6,1
03537,Vaishalitai Jondhale College of Pharmacy,Pharmacy,NTC,CAP Round I,2025-26,6,1
03537,Vaishalitai Jondhale College of Pharmacy,Pharmacy,NTD,CAP Round I,2025-26,6,1
03537,Vaishalitai Jondhale College of Pharmacy,Pharmacy,OBC,CAP Round I,2025-26,6,6
03537,Vaishalitai Jondhale College of Pharmacy,Pharmacy,SEBC,CAP Round I,2025-26,6,3
03537,Vaishalitai Jondhale College of Pharmacy,Pharmacy,PWD,CAP Round I,2025-26,6,3
03537,Vaishalitai Jondhale College of Pharmacy,Pharmacy,DEF,CAP Round I,2025-26,6,3
03537,Vaishalitai Jondhale College of Pharmacy,Pharmacy,EWS,CAP Round I,2025-26,6,7
03540,"Saket Institute of Pharmacy, Shahapur",Pharmacy,OPEN,CAP Round I,2025-26,6,23
03540,"Saket Institute of Pharmacy, Shahapur",Pharmacy,SC,CAP Round I,2025-26,6,8
03540,"Saket Institute of Pharmacy, Shahapur",Pharmacy,ST,CAP Round I,2025-26,6,4
03540,"Saket Institute of Pharmacy, Shahapur",Pharmacy,VJ/DT,CAP Round I,2025-26,6,2
03540,"Saket Institute of Pharmacy, Shahapur",Pharmacy,NTB,CAP Round I,2025-26,6,2
03540,"Saket Institute of Pharmacy, Shahapur",Pharmacy,NTC,CAP Round I,2025-26,6,3
03540,"Saket Institute of Pharmacy, Shahapur",Pharmacy,NTD,CAP Round I,2025-26,6,1
03540,"Saket Institute of Pharmacy, Shahapur",Pharmacy,OBC,CAP Round I,2025-26,6,12
03540,"Saket Institute of Pharmacy, Shahapur",Pharmacy,SEBC,CAP Round I,2025-26,6,6
03540,"Saket Institute of Pharmacy, Shahapur",Pharmacy,PWD,CAP Round I,2025-26,6,4
03540,"Saket Institute of Pharmacy, Shahapur",Pharmacy,DEF,CAP Round I,2025-26,6,4
03540,"Saket Institute of Pharmacy, Shahapur",Pharmacy,EWS,CAP Round I,2025-26,6,7
03541,"AIMS College of Pharmacy, Vadavali, Kalyan",Pharmacy,OPEN,CAP Round I,2025-26,6,4
03541,"AIMS College of Pharmacy, Vadavali, Kalyan",Pharmacy,SC,CAP Round I,2025-26,6,1
03541,"AIMS College of Pharmacy, Vadavali, Kalyan",Pharmacy,ST,CAP Round I,2025-26,6,1
03541,"AIMS College of Pharmacy, Vadavali, Kalyan",Pharmacy,NTB,CAP Round I,2025-26,6,1
03541,"AIMS College of Pharmacy, Vadavali, Kalyan",Pharmacy,OBC,CAP Round I,2025-26,6,2
03541,"AIMS College of Pharmacy, Vadavali, Kalyan",Pharmacy,SEBC,CAP Round I,2025-26,6,1
03541,"AIMS College of Pharmacy, Vadavali, Kalyan",Pharmacy,EWS,CAP Round I,2025-26,6,7
03542,Bombay Institute of Pharmacy & Research,Pharmacy,OPEN,CAP Round I,2025-26,10,7
03542,Bombay Institute of Pharmacy & Research,Pharmacy,SC,CAP Round I,2025-26,10,2
03542,Bombay Institute of Pharmacy & Research,Pharmacy,ST,CAP Round I,2025-26,10,2
03542,Bombay Institute of Pharmacy & Research,Pharmacy,VJ/DT,CAP Round I,2025-26,10,1
03542,Bombay Institute of Pharmacy & Research,Pharmacy,NTD,CAP Round I,2025-26,10,1
03542,Bombay Institute of Pharmacy & Research,Pharmacy,OBC,CAP Round I,2025-26,10,3
03542,Bombay Institute of Pharmacy & Research,Pharmacy,SEBC,CAP Round I,2025-26,10,2
03542,Bombay Institute of Pharmacy & Research,Pharmacy,PWD,CAP Round I,2025-26,10,1
03542,Bombay Institute of Pharmacy & Research,Pharmacy,DEF,CAP Round I,2025-26,10,1
03542,Bombay Institute of Pharmacy & Research,Pharmacy,EWS,CAP Round I,2025-26,10,11
03543,"St. Wilfred's Institute of Pharmaceutical Science & Research, Mira Road(E), Thane",Pharmacy,OPEN,CAP Round I,2025-26,10,5
03543,"St. Wilfred's Institute of Pharmaceutical Science & Research, Mira Road(E), Thane",Pharmacy,SC,CAP Round I,2025-26,10,2
03543,"St. Wilfred's Institute of Pharmaceutical Science & Research, Mira Road(E), Thane",Pharmacy,NTC,CAP Round I,2025-26,10,1
03543,"St. Wilfred's Institute of Pharmaceutical Science & Research, Mira Road(E), Thane",Pharmacy,OBC,CAP Round I,2025-26,10,2
03543,"St. Wilfred's Institute of Pharmaceutical Science & Research, Mira Road(E), Thane",Pharmacy,SEBC,CAP Round I,2025-26,10,1
03543,"St. Wilfred's Institute of Pharmaceutical Science & Research, Mira Road(E), Thane",Pharmacy,PWD,CAP Round I,2025-26,10,1
03543,"St. Wilfred's Institute of Pharmaceutical Science & Research, Mira Road(E), Thane",Pharmacy,DEF,CAP Round I,2025-26,10,1
03543,"St. Wilfred's Institute of Pharmaceutical Science & Research, Mira Road(E), Thane",Pharmacy,EWS,CAP Round I,2025-26,10,8
03545,Siddharth College of Pharmacy & Research Centre,Pharmacy,OPEN,CAP Round I,2025-26,6,19
03545,Siddharth College of Pharmacy & Research Centre,Pharmacy,SC,CAP Round I,2025-26,6,7
03545,Siddharth College of Pharmacy & Research Centre,Pharmacy,ST,CAP Round I,2025-26,6,4
03545,Siddharth College of Pharmacy & Research Centre,Pharmacy,VJ/DT,CAP Round I,2025-26,6,2
03545,Siddharth College of Pharmacy & Research Centre,Pharmacy,NTB,CAP Round I,2025-26,6,1
03545,Siddharth College of Pharmacy & Research Centre,Pharmacy,NTC,CAP Round I,2025-26,6,2
03545,Siddharth College of Pharmacy & Research Centre,Pharmacy,NTD,CAP Round I,2025-26,6,1
03545,Siddharth College of Pharmacy & Research Centre,Pharmacy,OBC,CAP Round I,2025-26,6,10
03545,Siddharth College of Pharmacy & Research Centre,Pharmacy,SEBC,CAP Round I,2025-26,6,6
03545,Siddharth College of Pharmacy & Research Centre,Pharmacy,PWD,CAP Round I,2025-26,6,4
03545,Siddharth College of Pharmacy & Research Centre,Pharmacy,DEF,CAP Round I,2025-26,6,4
03545,Siddharth College of Pharmacy & Research Centre,Pharmacy,EWS,CAP Round I,2025-26,6,7
03710,SIES School of Pharmaceutical Science,Pharmacy,OPEN,CAP Round I,2025-26,10,4
03711,Devi Mahalaxmi College of Pharmacy,Pharmacy,OPEN,CAP Round I,2025-26,6,11
03711,Devi Mahalaxmi College of Pharmacy,Pharmacy,SC,CAP Round I,2025-26,6,4
03711,Devi Mahalaxmi College of Pharmacy,Pharmacy,ST,CAP Round I,2025-26,6,3
03711,Devi Mahalaxmi College of Pharmacy,Pharmacy,VJ/DT,CAP Round I,2025-26,6,1
03711,Devi Mahalaxmi College of Pharmacy,Pharmacy,NTB,CAP Round I,2025-26,6,1
03711,Devi Mahalaxmi College of Pharmacy,Pharmacy,NTC,CAP Round I,2025-26,6,1
03711,Devi Mahalaxmi College of Pharmacy,Pharmacy,NTD,CAP Round I,2025-26,6,1
03711,Devi Mahalaxmi College of Pharmacy,Pharmacy,OBC,CAP Round I,2025-26,6,6
03711,Devi Mahalaxmi College of Pharmacy,Pharmacy,SEBC,CAP Round I,2025-26,6,3
03711,Devi Mahalaxmi College of Pharmacy,Pharmacy,PWD,CAP Round I,2025-26,6,3
03711,Devi Mahalaxmi College of Pharmacy,Pharmacy,DEF,CAP Round I,2025-26,6,3
03711,Devi Mahalaxmi College of Pharmacy,Pharmacy,EWS,CAP Round I,2025-26,6,7
03712,Shree Ramraje College of Pharmacy,Pharmacy,OPEN,CAP Round I,2025-26,6,24
03712,Shree Ramraje College of Pharmacy,Pharmacy,SC,CAP Round I,2025-26,6,8
03712,Shree Ramraje College of Pharmacy,Pharmacy,ST,CAP Round I,2025-26,6,5
03712,Shree Ramraje College of Pharmacy,Pharmacy,VJ/DT,CAP Round I,2025-26,6,2
03712,Shree Ramraje College of Pharmacy,Pharmacy,NTB,CAP Round I,2025-26,6,2
03712,Shree Ramraje College of Pharmacy,Pharmacy,NTC,CAP Round I,2025-26,6,3
03712,Shree Ramraje College of Pharmacy,Pharmacy,NTD,CAP Round I,2025-26,6,1
03712,Shree Ramraje College of Pharmacy,Pharmacy,OBC,CAP Round I,2025-26,6,12
03712,Shree Ramraje College of Pharmacy,Pharmacy,SEBC,CAP Round I,2025-26,6,7
03712,Shree Ramraje College of Pharmacy,Pharmacy,PWD,CAP Round I,2025-26,6,4
03712,Shree Ramraje College of Pharmacy,Pharmacy,DEF,CAP Round I,2025-26,6,4
03712,Shree Ramraje College of Pharmacy,Pharmacy,EWS,CAP Round I,2025-26,6,7
03714,Aldel College of Pharmacy & Research,Pharmacy,OPEN,CAP Round I,2025-26,10,9
03715,Dnyan Ganga College of Pharmacy,Pharmacy,OPEN,CAP Round I,2025-26,6,15
03715,Dnyan Ganga College of Pharmacy,Pharmacy,SC,CAP Round I,2025-26,6,6
03715,Dnyan Ganga College of Pharmacy,Pharmacy,ST,CAP Round I,2025-26,6,3
03715,Dnyan Ganga College of Pharmacy,Pharmacy,VJ/DT,CAP Round I,2025-26,6,1
03715,Dnyan Ganga College of Pharmacy,Pharmacy,NTB,CAP Round I,2025-26,6,1
03715,Dnyan Ganga College of Pharmacy,Pharmacy,NTC,CAP Round I,2025-26,6,1
03715,Dnyan Ganga College of Pharmacy,Pharmacy,NTD,CAP Round I,2025-26,6,1
03715,Dnyan Ganga College of Pharmacy,Pharmacy,OBC,CAP Round I,2025-26,6,8
03715,Dnyan Ganga College of Pharmacy,Pharmacy,SEBC,CAP Round I,2025-26,6,5
03715,Dnyan Ganga College of Pharmacy,Pharmacy,PWD,CAP Round I,2025-26,6,3
03715,Dnyan Ganga College of Pharmacy,Pharmacy,DEF,CAP Round I,2025-26,6,3
03715,Dnyan Ganga College of Pharmacy,Pharmacy,EWS,CAP Round I,2025-26,6,7
03716,Theem College of Pharmacy & Research,Pharmacy,OPEN,CAP Round I,2025-26,6,20
04006,"Department of Pharmacutical Sciences, R. T. M. Nagpur University, Nagpur",Pharmacy,OPEN,CAP Round I,2025-26,3,3
04006,"Department of Pharmacutical Sciences, R. T. M. Nagpur University, Nagpur",Pharmacy,SC,CAP Round I,2025-26,3,1
04006,"Department of Pharmacutical Sciences, R. T. M. Nagpur University, Nagpur",Pharmacy,ST,CAP Round I,2025-26,3,1
04006,"Department of Pharmacutical Sciences, R. T. M. Nagpur University, Nagpur",Pharmacy,OBC,CAP Round I,2025-26,3,1
04006,"Department of Pharmacutical Sciences, R. T. M. Nagpur University, Nagpur",Pharmacy,SEBC,CAP Round I,2025-26,3,1
04020,"Shikshan Prasarak Mandal's Smt. Kusumtai Wankhede Institute of Pharmacy, Katol",Pharmacy,OPEN,CAP Round I,2025-26,6,11
04020,"Shikshan Prasarak Mandal's Smt. Kusumtai Wankhede Institute of Pharmacy, Katol",Pharmacy,SC,CAP Round I,2025-26,6,3
04020,"Shikshan Prasarak Mandal's Smt. Kusumtai Wankhede Institute of Pharmacy, Katol",Pharmacy,ST,CAP Round I,2025-26,6,2
04020,"Shikshan Prasarak Mandal's Smt. Kusumtai Wankhede Institute of Pharmacy, Katol",Pharmacy,VJ/DT,CAP Round I,2025-26,6,1
04020,"Shikshan Prasarak Mandal's Smt. Kusumtai Wankhede Institute of Pharmacy, Katol",Pharmacy,NTB,CAP Round I,2025-26,6,1
04020,"Shikshan Prasarak Mandal's Smt. Kusumtai Wankhede Institute of Pharmacy, Katol",Pharmacy,NTC,CAP Round I,2025-26,6,1
04020,"Shikshan Prasarak Mandal's Smt. Kusumtai Wankhede Institute of Pharmacy, Katol",Pharmacy,NTD,CAP Round I,2025-26,6,1
04020,"Shikshan Prasarak Mandal's Smt. Kusumtai Wankhede Institute of Pharmacy, Katol",Pharmacy,OBC,CAP Round I,2025-26,6,5
04020,"Shikshan Prasarak Mandal's Smt. Kusumtai Wankhede Institute of Pharmacy, Katol",Pharmacy,SEBC,CAP Round I,2025-26,6,3
04020,"Shikshan Prasarak Mandal's Smt. Kusumtai Wankhede Institute of Pharmacy, Katol",Pharmacy,PWD,CAP Round I,2025-26,6,1
04020,"Shikshan Prasarak Mandal's Smt. Kusumtai Wankhede Institute of Pharmacy, Katol",Pharmacy,DEF,CAP Round I,2025-26,6,1
04020,"Shikshan Prasarak Mandal's Smt. Kusumtai Wankhede Institute of Pharmacy, Katol",Pharmacy,EWS,CAP Round I,2025-26,6,6
04160,"Institute of Pharmaceutical Education and Research, Borgaon (Meghe), Wardha",Pharmacy,OPEN,CAP Round I,2025-26,6,4
04160,"Institute of Pharmaceutical Education and Research, Borgaon (Meghe), Wardha",Pharmacy,SC,CAP Round I,2025-26,6,1
04160,"Institute of Pharmaceutical Education and Research, Borgaon (Meghe), Wardha",Pharmacy,ST,CAP Round I,2025-26,6,1
04160,"Institute of Pharmaceutical Education and Research, Borgaon (Meghe), Wardha",Pharmacy,OBC,CAP Round I,2025-26,6,2
04160,"Institute of Pharmaceutical Education and Research, Borgaon (Meghe), Wardha",Pharmacy,SEBC,CAP Round I,2025-26,6,1
04160,"Institute of Pharmaceutical Education and Research, Borgaon (Meghe), Wardha",Pharmacy,EWS,CAP Round I,2025-26,6,1
04161,"Jay Mahakali Shikshan Sanstha's Agnihotri College of Pharmacy, Wardha",Pharmacy,OPEN,CAP Round I,2025-26,6,4
04161,"Jay Mahakali Shikshan Sanstha's Agnihotri College of Pharmacy, Wardha",Pharmacy,SC,CAP Round I,2025-26,6,1
04161,"Jay Mahakali Shikshan Sanstha's Agnihotri College of Pharmacy, Wardha",Pharmacy,ST,CAP Round I,2025-26,6,1
04161,"Jay Mahakali Shikshan Sanstha's Agnihotri College of Pharmacy, Wardha",Pharmacy,VJ/DT,CAP Round I,2025-26,6,1
04161,"Jay Mahakali Shikshan Sanstha's Agnihotri College of Pharmacy, Wardha",Pharmacy,OBC,CAP Round I,2025-26,6,2
04161,"Jay Mahakali Shikshan Sanstha's Agnihotri College of Pharmacy, Wardha",Pharmacy,SEBC,CAP Round I,2025-26,6,1
04161,"Jay Mahakali Shikshan Sanstha's Agnihotri College of Pharmacy, Wardha",Pharmacy,EWS,CAP Round I,2025-26,6,4
04199,"S.Patil Shikshan Sanstha's Smt. Kishoritai Bhoyar College of Pharmacy,Kamptee",Pharmacy,OPEN,CAP Round I,2025-26,10,8
04199,"S.Patil Shikshan Sanstha's Smt. Kishoritai Bhoyar College of Pharmacy,Kamptee",Pharmacy,SC,CAP Round I,2025-26,10,3
04199,"S.Patil Shikshan Sanstha's Smt. Kishoritai Bhoyar College of Pharmacy,Kamptee",Pharmacy,ST,CAP Round I,2025-26,10,1
04199,"S.Patil Shikshan Sanstha's Smt. Kishoritai Bhoyar College of Pharmacy,Kamptee",Pharmacy,VJ/DT,CAP Round I,2025-26,10,1
04199,"S.Patil Shikshan Sanstha's Smt. Kishoritai Bhoyar College of Pharmacy,Kamptee",Pharmacy,NTC,CAP Round I,2025-26,10,1
04199,"S.Patil Shikshan Sanstha's Smt. Kishoritai Bhoyar College of Pharmacy,Kamptee",Pharmacy,NTD,CAP Round I,2025-26,10,1
04199,"S.Patil Shikshan Sanstha's Smt. Kishoritai Bhoyar College of Pharmacy,Kamptee",Pharmacy,OBC,CAP Round I,2025-26,10,4
04199,"S.Patil Shikshan Sanstha's Smt. Kishoritai Bhoyar College of Pharmacy,Kamptee",Pharmacy,SEBC,CAP Round I,2025-26,10,2
04199,"S.Patil Shikshan Sanstha's Smt. Kishoritai Bhoyar College of Pharmacy,Kamptee",Pharmacy,PWD,CAP Round I,2025-26,10,1
04199,"S.Patil Shikshan Sanstha's Smt. Kishoritai Bhoyar College of Pharmacy,Kamptee",Pharmacy,DEF,CAP Round I,2025-26,10,1
04199,"S.Patil Shikshan Sanstha's Smt. Kishoritai Bhoyar College of Pharmacy,Kamptee",Pharmacy,EWS,CAP Round I,2025-26,10,1
04201,"Gondia Education Society Manohar Bhai Patel Institute of Pharmacy, Gondia",Pharmacy,OPEN,CAP Round I,2025-26,6,5
04201,"Gondia Education Society Manohar Bhai Patel Institute of Pharmacy, Gondia",Pharmacy,SC,CAP Round I,2025-26,6,1
04201,"Gondia Education Society Manohar Bhai Patel Institute of Pharmacy, Gondia",Pharmacy,ST,CAP Round I,2025-26,6,1
04201,"Gondia Education Society Manohar Bhai Patel Institute of Pharmacy, Gondia",Pharmacy,NTB,CAP Round I,2025-26,6,1
04201,"Gondia Education Society Manohar Bhai Patel Institute of Pharmacy, Gondia",Pharmacy,NTC,CAP Round I,2025-26,6,1
04201,"Gondia Education Society Manohar Bhai Patel Institute of Pharmacy, Gondia",Pharmacy,OBC,CAP Round I,2025-26,6,3
04201,"Gondia Education Society Manohar Bhai Patel Institute of Pharmacy, Gondia",Pharmacy,SEBC,CAP Round I,2025-26,6,1
04201,"Gondia Education Society Manohar Bhai Patel Institute of Pharmacy, Gondia",Pharmacy,PWD,CAP Round I,2025-26,6,1
04201,"Gondia Education Society Manohar Bhai Patel Institute of Pharmacy, Gondia",Pharmacy,DEF,CAP Round I,2025-26,6,1
04201,"Gondia Education Society Manohar Bhai Patel Institute of Pharmacy, Gondia",Pharmacy,EWS,CAP Round I,2025-26,6,2
04202,"Guru Nanak College of Pharmacy, Nagpur",Pharmacy,OPEN,CAP Round I,2025-26,10,7
04202,"Guru Nanak College of Pharmacy, Nagpur",Pharmacy,SC,CAP Round I,2025-26,10,2
04202,"Guru Nanak College of Pharmacy, Nagpur",Pharmacy,ST,CAP Round I,2025-26,10,1
04202,"Guru Nanak College of Pharmacy, Nagpur",Pharmacy,VJ/DT,CAP Round I,2025-26,10,1
04202,"Guru Nanak College of Pharmacy, Nagpur",Pharmacy,NTC,CAP Round I,2025-26,10,1
04202,"Guru Nanak College of Pharmacy, Nagpur",Pharmacy,OBC,CAP Round I,2025-26,10,3
04202,"Guru Nanak College of Pharmacy, Nagpur",Pharmacy,SEBC,CAP Round I,2025-26,10,2
04202,"Guru Nanak College of Pharmacy, Nagpur",Pharmacy,PWD,CAP Round I,2025-26,10,1
04202,"Guru Nanak College of Pharmacy, Nagpur",Pharmacy,DEF,CAP Round I,2025-26,10,1
04202,"Guru Nanak College of Pharmacy, Nagpur",Pharmacy,EWS,CAP Round I,2025-26,10,1
04204,"Bajiraoji Karanjakar College of Pharmacy, Sakoli , Bhandara",Pharmacy,OPEN,CAP Round I,2025-26,10,9
04204,"Bajiraoji Karanjakar College of Pharmacy, Sakoli , Bhandara",Pharmacy,SC,CAP Round I,2025-26,10,3
04204,"Bajiraoji Karanjakar College of Pharmacy, Sakoli , Bhandara",Pharmacy,ST,CAP Round I,2025-26,10,2
04204,"Bajiraoji Karanjakar College of Pharmacy, Sakoli , Bhandara",Pharmacy,NTB,CAP Round I,2025-26,10,1
04204,"Bajiraoji Karanjakar College of Pharmacy, Sakoli , Bhandara",Pharmacy,NTD,CAP Round I,2025-26,10,1
04204,"Bajiraoji Karanjakar College of Pharmacy, Sakoli , Bhandara",Pharmacy,OBC,CAP Round I,2025-26,10,4
04204,"Bajiraoji Karanjakar College of Pharmacy, Sakoli , Bhandara",Pharmacy,SEBC,CAP Round I,2025-26,10,2
04204,"Bajiraoji Karanjakar College of Pharmacy, Sakoli , Bhandara",Pharmacy,PWD,CAP Round I,2025-26,10,1
04204,"Bajiraoji Karanjakar College of Pharmacy, Sakoli , Bhandara",Pharmacy,DEF,CAP Round I,2025-26,10,1
04204,"Bajiraoji Karanjakar College of Pharmacy, Sakoli , Bhandara",Pharmacy,EWS,CAP Round I,2025-26,10,10
04205,"Ravi bahu Uddeshiya Shaikshanik Sanstha's Sonekar College of Pharmacy, Nagpur",Pharmacy,OPEN,CAP Round I,2025-26,6,5
04205,"Ravi bahu Uddeshiya Shaikshanik Sanstha's Sonekar College of Pharmacy, Nagpur",Pharmacy,SC,CAP Round I,2025-26,6,1
04205,"Ravi bahu Uddeshiya Shaikshanik Sanstha's Sonekar College of Pharmacy, Nagpur",Pharmacy,ST,CAP Round I,2025-26,6,1
04205,"Ravi bahu Uddeshiya Shaikshanik Sanstha's Sonekar College of Pharmacy, Nagpur",Pharmacy,VJ/DT,CAP Round I,2025-26,6,1
04205,"Ravi bahu Uddeshiya Shaikshanik Sanstha's Sonekar College of Pharmacy, Nagpur",Pharmacy,NTC,CAP Round I,2025-26,6,1
04205,"Ravi bahu Uddeshiya Shaikshanik Sanstha's Sonekar College of Pharmacy, Nagpur",Pharmacy,OBC,CAP Round I,2025-26,6,3
04205,"Ravi bahu Uddeshiya Shaikshanik Sanstha's Sonekar College of Pharmacy, Nagpur",Pharmacy,SEBC,CAP Round I,2025-26,6,1
04205,"Ravi bahu Uddeshiya Shaikshanik Sanstha's Sonekar College of Pharmacy, Nagpur",Pharmacy,PWD,CAP Round I,2025-26,6,1
04205,"Ravi bahu Uddeshiya Shaikshanik Sanstha's Sonekar College of Pharmacy, Nagpur",Pharmacy,DEF,CAP Round I,2025-26,6,1
04205,"Ravi bahu Uddeshiya Shaikshanik Sanstha's Sonekar College of Pharmacy, Nagpur",Pharmacy,EWS,CAP Round I,2025-26,6,5
04206,"Amar Seva Mandal's, Kamla Nehru College of Pharmacy, Butibori, Nagpur",Pharmacy,OPEN,CAP Round I,2025-26,6,8
04206,"Amar Seva Mandal's, Kamla Nehru College of Pharmacy, Butibori, Nagpur",Pharmacy,SC,CAP Round I,2025-26,6,3
04206,"Amar Seva Mandal's, Kamla Nehru College of Pharmacy, Butibori, Nagpur",Pharmacy,ST,CAP Round I,2025-26,6,1
04206,"Amar Seva Mandal's, Kamla Nehru College of Pharmacy, Butibori, Nagpur",Pharmacy,VJ/DT,CAP Round I,2025-26,6,1
04206,"Amar Seva Mandal's, Kamla Nehru College of Pharmacy, Butibori, Nagpur",Pharmacy,NTC,CAP Round I,2025-26,6,1
04206,"Amar Seva Mandal's, Kamla Nehru College of Pharmacy, Butibori, Nagpur",Pharmacy,OBC,CAP Round I,2025-26,6,3
04206,"Amar Seva Mandal's, Kamla Nehru College of Pharmacy, Butibori, Nagpur",Pharmacy,SEBC,CAP Round I,2025-26,6,2
04206,"Amar Seva Mandal's, Kamla Nehru College of Pharmacy, Butibori, Nagpur",Pharmacy,PWD,CAP Round I,2025-26,6,1
04206,"Amar Seva Mandal's, Kamla Nehru College of Pharmacy, Butibori, Nagpur",Pharmacy,DEF,CAP Round I,2025-26,6,1
04206,"Amar Seva Mandal's, Kamla Nehru College of Pharmacy, Butibori, Nagpur",Pharmacy,EWS,CAP Round I,2025-26,6,5
04207,DADASAHEB BALPANDE COLLEGE OF PHARMACY,Pharmacy,OPEN,CAP Round I,2025-26,10,7
04207,DADASAHEB BALPANDE COLLEGE OF PHARMACY,Pharmacy,SC,CAP Round I,2025-26,10,2
04207,DADASAHEB BALPANDE COLLEGE OF PHARMACY,Pharmacy,ST,CAP Round I,2025-26,10,1
04207,DADASAHEB BALPANDE COLLEGE OF PHARMACY,Pharmacy,NTB,CAP Round I,2025-26,10,1
04207,DADASAHEB BALPANDE COLLEGE OF PHARMACY,Pharmacy,NTC,CAP Round I,2025-26,10,1
04207,DADASAHEB BALPANDE COLLEGE OF PHARMACY,Pharmacy,OBC,CAP Round I,2025-26,10,3
04207,DADASAHEB BALPANDE COLLEGE OF PHARMACY,Pharmacy,SEBC,CAP Round I,2025-26,10,2
04207,DADASAHEB BALPANDE COLLEGE OF PHARMACY,Pharmacy,PWD,CAP Round I,2025-26,10,1
04207,DADASAHEB BALPANDE COLLEGE OF PHARMACY,Pharmacy,DEF,CAP Round I,2025-26,10,1
04207,DADASAHEB BALPANDE COLLEGE OF PHARMACY,Pharmacy,EWS,CAP Round I,2025-26,10,4
04208,"Shri Sachhidanand Shikshan Sanstha Taivade College of Pharmacy, Nagpur",Pharmacy,OPEN,CAP Round I,2025-26,6,3
04208,"Shri Sachhidanand Shikshan Sanstha Taivade College of Pharmacy, Nagpur",Pharmacy,SC,CAP Round I,2025-26,6,1
04208,"Shri Sachhidanand Shikshan Sanstha Taivade College of Pharmacy, Nagpur",Pharmacy,ST,CAP Round I,2025-26,6,1
04208,"Shri Sachhidanand Shikshan Sanstha Taivade College of Pharmacy, Nagpur",Pharmacy,OBC,CAP Round I,2025-26,6,1
04208,"Shri Sachhidanand Shikshan Sanstha Taivade College of Pharmacy, Nagpur",Pharmacy,SEBC,CAP Round I,2025-26,6,1
04208,"Shri Sachhidanand Shikshan Sanstha Taivade College of Pharmacy, Nagpur",Pharmacy,EWS,CAP Round I,2025-26,6,4
04209,"Late Meghraj Ojha Smriti Shikshan Sanstha's, Shree Sainath College of Pharmacy,Nagpur",Pharmacy,OPEN,CAP Round I,2025-26,6,12
04209,"Late Meghraj Ojha Smriti Shikshan Sanstha's, Shree Sainath College of Pharmacy,Nagpur",Pharmacy,SC,CAP Round I,2025-26,6,4
04209,"Late Meghraj Ojha Smriti Shikshan Sanstha's, Shree Sainath College of Pharmacy,Nagpur",Pharmacy,ST,CAP Round I,2025-26,6,2
04209,"Late Meghraj Ojha Smriti Shikshan Sanstha's, Shree Sainath College of Pharmacy,Nagpur",Pharmacy,VJ/DT,CAP Round I,2025-26,6,1
04209,"Late Meghraj Ojha Smriti Shikshan Sanstha's, Shree Sainath College of Pharmacy,Nagpur",Pharmacy,NTB,CAP Round I,2025-26,6,1
04209,"Late Meghraj Ojha Smriti Shikshan Sanstha's, Shree Sainath College of Pharmacy,Nagpur",Pharmacy,NTC,CAP Round I,2025-26,6,1
04209,"Late Meghraj Ojha Smriti Shikshan Sanstha's, Shree Sainath College of Pharmacy,Nagpur",Pharmacy,NTD,CAP Round I,2025-26,6,1
04209,"Late Meghraj Ojha Smriti Shikshan Sanstha's, Shree Sainath College of Pharmacy,Nagpur",Pharmacy,OBC,CAP Round I,2025-26,6,5
04209,"Late Meghraj Ojha Smriti Shikshan Sanstha's, Shree Sainath College of Pharmacy,Nagpur",Pharmacy,SEBC,CAP Round I,2025-26,6,3
04209,"Late Meghraj Ojha Smriti Shikshan Sanstha's, Shree Sainath College of Pharmacy,Nagpur",Pharmacy,PWD,CAP Round I,2025-26,6,1
04209,"Late Meghraj Ojha Smriti Shikshan Sanstha's, Shree Sainath College of Pharmacy,Nagpur",Pharmacy,DEF,CAP Round I,2025-26,6,1
04209,"Late Meghraj Ojha Smriti Shikshan Sanstha's, Shree Sainath College of Pharmacy,Nagpur",Pharmacy,EWS,CAP Round I,2025-26,6,7
04210,"Shree Tuljabhavani Sevabhavi Saikshanik & Samajik Sanstha, Hi-Tech College of Pharmacy, Morwa, Chandrapur",Pharmacy,OPEN,CAP Round I,2025-26,10,9
04210,"Shree Tuljabhavani Sevabhavi Saikshanik & Samajik Sanstha, Hi-Tech College of Pharmacy, Morwa, Chandrapur",Pharmacy,SC,CAP Round I,2025-26,10,3
04210,"Shree Tuljabhavani Sevabhavi Saikshanik & Samajik Sanstha, Hi-Tech College of Pharmacy, Morwa, Chandrapur",Pharmacy,ST,CAP Round I,2025-26,10,2
04210,"Shree Tuljabhavani Sevabhavi Saikshanik & Samajik Sanstha, Hi-Tech College of Pharmacy, Morwa, Chandrapur",Pharmacy,NTB,CAP Round I,2025-26,10,1
04210,"Shree Tuljabhavani Sevabhavi Saikshanik & Samajik Sanstha, Hi-Tech College of Pharmacy, Morwa, Chandrapur",Pharmacy,NTD,CAP Round I,2025-26,10,1
04210,"Shree Tuljabhavani Sevabhavi Saikshanik & Samajik Sanstha, Hi-Tech College of Pharmacy, Morwa, Chandrapur",Pharmacy,OBC,CAP Round I,2025-26,10,4
04210,"Shree Tuljabhavani Sevabhavi Saikshanik & Samajik Sanstha, Hi-Tech College of Pharmacy, Morwa, Chandrapur",Pharmacy,SEBC,CAP Round I,2025-26,10,2
04210,"Shree Tuljabhavani Sevabhavi Saikshanik & Samajik Sanstha, Hi-Tech College of Pharmacy, Morwa, Chandrapur",Pharmacy,PWD,CAP Round I,2025-26,10,1
04210,"Shree Tuljabhavani Sevabhavi Saikshanik & Samajik Sanstha, Hi-Tech College of Pharmacy, Morwa, Chandrapur",Pharmacy,DEF,CAP Round I,2025-26,10,1
04210,"Shree Tuljabhavani Sevabhavi Saikshanik & Samajik Sanstha, Hi-Tech College of Pharmacy, Morwa, Chandrapur",Pharmacy,EWS,CAP Round I,2025-26,10,6
04213,"Mahila Vikas Sanstha, Dr. R.G. Bhoyar Institute of Pharmaceutical Education & Research, Wardha",Pharmacy,OPEN,CAP Round I,2025-26,6,7
04213,"Mahila Vikas Sanstha, Dr. R.G. Bhoyar Institute of Pharmaceutical Education & Research, Wardha",Pharmacy,SC,CAP Round I,2025-26,6,2
04213,"Mahila Vikas Sanstha, Dr. R.G. Bhoyar Institute of Pharmaceutical Education & Research, Wardha",Pharmacy,ST,CAP Round I,2025-26,6,1
04213,"Mahila Vikas Sanstha, Dr. R.G. Bhoyar Institute of Pharmaceutical Education & Research, Wardha",Pharmacy,VJ/DT,CAP Round I,2025-26,6,1
04213,"Mahila Vikas Sanstha, Dr. R.G. Bhoyar Institute of Pharmaceutical Education & Research, Wardha",Pharmacy,NTC,CAP Round I,2025-26,6,1
04213,"Mahila Vikas Sanstha, Dr. R.G. Bhoyar Institute of Pharmaceutical Education & Research, Wardha",Pharmacy,OBC,CAP Round I,2025-26,6,3
04213,"Mahila Vikas Sanstha, Dr. R.G. Bhoyar Institute of Pharmaceutical Education & Research, Wardha",Pharmacy,SEBC,CAP Round I,2025-26,6,1
04213,"Mahila Vikas Sanstha, Dr. R.G. Bhoyar Institute of Pharmaceutical Education & Research, Wardha",Pharmacy,PWD,CAP Round I,2025-26,6,1
04213,"Mahila Vikas Sanstha, Dr. R.G. Bhoyar Institute of Pharmaceutical Education & Research, Wardha",Pharmacy,DEF,CAP Round I,2025-26,6,1
04213,"Mahila Vikas Sanstha, Dr. R.G. Bhoyar Institute of Pharmaceutical Education & Research, Wardha",Pharmacy,EWS,CAP Round I,2025-26,6,7
04261,"Shri Bhawabhuti Shikshan Sanstha's Shri Laxmanrao Mankar Institute Of Pharmacy, Amgoan",Pharmacy,OPEN,CAP Round I,2025-26,6,8
04261,"Shri Bhawabhuti Shikshan Sanstha's Shri Laxmanrao Mankar Institute Of Pharmacy, Amgoan",Pharmacy,SC,CAP Round I,2025-26,6,3
04261,"Shri Bhawabhuti Shikshan Sanstha's Shri Laxmanrao Mankar Institute Of Pharmacy, Amgoan",Pharmacy,ST,CAP Round I,2025-26,6,1
04261,"Shri Bhawabhuti Shikshan Sanstha's Shri Laxmanrao Mankar Institute Of Pharmacy, Amgoan",Pharmacy,VJ/DT,CAP Round I,2025-26,6,1
04261,"Shri Bhawabhuti Shikshan Sanstha's Shri Laxmanrao Mankar Institute Of Pharmacy, Amgoan",Pharmacy,NTD,CAP Round I,2025-26,6,1
04261,"Shri Bhawabhuti Shikshan Sanstha's Shri Laxmanrao Mankar Institute Of Pharmacy, Amgoan",Pharmacy,OBC,CAP Round I,2025-26,6,4
04261,"Shri Bhawabhuti Shikshan Sanstha's Shri Laxmanrao Mankar Institute Of Pharmacy, Amgoan",Pharmacy,SEBC,CAP Round I,2025-26,6,2
04261,"Shri Bhawabhuti Shikshan Sanstha's Shri Laxmanrao Mankar Institute Of Pharmacy, Amgoan",Pharmacy,PWD,CAP Round I,2025-26,6,1
04261,"Shri Bhawabhuti Shikshan Sanstha's Shri Laxmanrao Mankar Institute Of Pharmacy, Amgoan",Pharmacy,DEF,CAP Round I,2025-26,6,1
04261,"Shri Bhawabhuti Shikshan Sanstha's Shri Laxmanrao Mankar Institute Of Pharmacy, Amgoan",Pharmacy,EWS,CAP Round I,2025-26,6,5
04263,"S.K.B.College of Pharmacy, Gada, Kamptee",Pharmacy,OPEN,CAP Round I,2025-26,6,5
04263,"S.K.B.College of Pharmacy, Gada, Kamptee",Pharmacy,SC,CAP Round I,2025-26,6,1
04263,"S.K.B.College of Pharmacy, Gada, Kamptee",Pharmacy,ST,CAP Round I,2025-26,6,1
04263,"S.K.B.College of Pharmacy, Gada, Kamptee",Pharmacy,NTB,CAP Round I,2025-26,6,1
04263,"S.K.B.College of Pharmacy, Gada, Kamptee",Pharmacy,NTC,CAP Round I,2025-26,6,1
04263,"S.K.B.College of Pharmacy, Gada, Kamptee",Pharmacy,OBC,CAP Round I,2025-26,6,3
04263,"S.K.B.College of Pharmacy, Gada, Kamptee",Pharmacy,SEBC,CAP Round I,2025-26,6,1
04263,"S.K.B.College of Pharmacy, Gada, Kamptee",Pharmacy,PWD,CAP Round I,2025-26,6,1
04263,"S.K.B.College of Pharmacy, Gada, Kamptee",Pharmacy,DEF,CAP Round I,2025-26,6,1
04263,"S.K.B.College of Pharmacy, Gada, Kamptee",Pharmacy,EWS,CAP Round I,2025-26,6,5
04265,"Lokmanya Tilak Jankalyan Shikshan Sanstha's Priyadarshini J. L. college of pharmacy, Nagpur",Pharmacy,OPEN,CAP Round I,2025-26,10,7
04269,"Shri.Sadashivrao Patil Shikshan Sanstha's Anurag College Of Pharmacy , Warathi, Bhandara",Pharmacy,OPEN,CAP Round I,2025-26,10,10
04269,"Shri.Sadashivrao Patil Shikshan Sanstha's Anurag College Of Pharmacy , Warathi, Bhandara",Pharmacy,SC,CAP Round I,2025-26,10,3
04269,"Shri.Sadashivrao Patil Shikshan Sanstha's Anurag College Of Pharmacy , Warathi, Bhandara",Pharmacy,ST,CAP Round I,2025-26,10,2
04269,"Shri.Sadashivrao Patil Shikshan Sanstha's Anurag College Of Pharmacy , Warathi, Bhandara",Pharmacy,VJ/DT,CAP Round I,2025-26,10,1
04269,"Shri.Sadashivrao Patil Shikshan Sanstha's Anurag College Of Pharmacy , Warathi, Bhandara",Pharmacy,NTB,CAP Round I,2025-26,10,1
04269,"Shri.Sadashivrao Patil Shikshan Sanstha's Anurag College Of Pharmacy , Warathi, Bhandara",Pharmacy,NTC,CAP Round I,2025-26,10,1
04269,"Shri.Sadashivrao Patil Shikshan Sanstha's Anurag College Of Pharmacy , Warathi, Bhandara",Pharmacy,NTD,CAP Round I,2025-26,10,1
04269,"Shri.Sadashivrao Patil Shikshan Sanstha's Anurag College Of Pharmacy , Warathi, Bhandara",Pharmacy,OBC,CAP Round I,2025-26,10,5
04269,"Shri.Sadashivrao Patil Shikshan Sanstha's Anurag College Of Pharmacy , Warathi, Bhandara",Pharmacy,SEBC,CAP Round I,2025-26,10,2
04269,"Shri.Sadashivrao Patil Shikshan Sanstha's Anurag College Of Pharmacy , Warathi, Bhandara",Pharmacy,PWD,CAP Round I,2025-26,10,1
04269,"Shri.Sadashivrao Patil Shikshan Sanstha's Anurag College Of Pharmacy , Warathi, Bhandara",Pharmacy,DEF,CAP Round I,2025-26,10,1
04269,"Shri.Sadashivrao Patil Shikshan Sanstha's Anurag College Of Pharmacy , Warathi, Bhandara",Pharmacy,EWS,CAP Round I,2025-26,10,7
04270,"Backward Class Youth Relief Committee's KDK College of Pharmacy & Research Institute, Nagpur",Pharmacy,OPEN,CAP Round I,2025-26,6,4
04270,"Backward Class Youth Relief Committee's KDK College of Pharmacy & Research Institute, Nagpur",Pharmacy,SC,CAP Round I,2025-26,6,1
04270,"Backward Class Youth Relief Committee's KDK College of Pharmacy & Research Institute, Nagpur",Pharmacy,ST,CAP Round I,2025-26,6,1
04270,"Backward Class Youth Relief Committee's KDK College of Pharmacy & Research Institute, Nagpur",Pharmacy,OBC,CAP Round I,2025-26,6,2
04270,"Backward Class Youth Relief Committee's KDK College of Pharmacy & Research Institute, Nagpur",Pharmacy,SEBC,CAP Round I,2025-26,6,1
04270,"Backward Class Youth Relief Committee's KDK College of Pharmacy & Research Institute, Nagpur",Pharmacy,EWS,CAP Round I,2025-26,6,4
04271,"Jai Mahakali Shikshan Sanstha's Agnihotri Institute of Diploma in Pharmacy, Wardha",Pharmacy,OPEN,CAP Round I,2025-26,10,7
04271,"Jai Mahakali Shikshan Sanstha's Agnihotri Institute of Diploma in Pharmacy, Wardha",Pharmacy,SC,CAP Round I,2025-26,10,3
04271,"Jai Mahakali Shikshan Sanstha's Agnihotri Institute of Diploma in Pharmacy, Wardha",Pharmacy,ST,CAP Round I,2025-26,10,1
04271,"Jai Mahakali Shikshan Sanstha's Agnihotri Institute of Diploma in Pharmacy, Wardha",Pharmacy,VJ/DT,CAP Round I,2025-26,10,1
04271,"Jai Mahakali Shikshan Sanstha's Agnihotri Institute of Diploma in Pharmacy, Wardha",Pharmacy,NTC,CAP Round I,2025-26,10,1
04271,"Jai Mahakali Shikshan Sanstha's Agnihotri Institute of Diploma in Pharmacy, Wardha",Pharmacy,OBC,CAP Round I,2025-26,10,3
04271,"Jai Mahakali Shikshan Sanstha's Agnihotri Institute of Diploma in Pharmacy, Wardha",Pharmacy,SEBC,CAP Round I,2025-26,10,2
04271,"Jai Mahakali Shikshan Sanstha's Agnihotri Institute of Diploma in Pharmacy, Wardha",Pharmacy,PWD,CAP Round I,2025-26,10,1
04271,"Jai Mahakali Shikshan Sanstha's Agnihotri Institute of Diploma in Pharmacy, Wardha",Pharmacy,DEF,CAP Round I,2025-26,10,1
04271,"Jai Mahakali Shikshan Sanstha's Agnihotri Institute of Diploma in Pharmacy, Wardha",Pharmacy,EWS,CAP Round I,2025-26,10,11
04272,"Bhausaheb Mulak Charitable Trust 'S Bhausaheb Mulak College Of D. Pharmacy, Umred, Nagpur",Pharmacy,OPEN,CAP Round I,2025-26,6,7
04272,"Bhausaheb Mulak Charitable Trust 'S Bhausaheb Mulak College Of D. Pharmacy, Umred, Nagpur",Pharmacy,SC,CAP Round I,2025-26,6,2
04272,"Bhausaheb Mulak Charitable Trust 'S Bhausaheb Mulak College Of D. Pharmacy, Umred, Nagpur",Pharmacy,ST,CAP Round I,2025-26,6,1
04272,"Bhausaheb Mulak Charitable Trust 'S Bhausaheb Mulak College Of D. Pharmacy, Umred, Nagpur",Pharmacy,NTB,CAP Round I,2025-26,6,1
04272,"Bhausaheb Mulak Charitable Trust 'S Bhausaheb Mulak College Of D. Pharmacy, Umred, Nagpur",Pharmacy,NTD,CAP Round I,2025-26,6,1
04272,"Bhausaheb Mulak Charitable Trust 'S Bhausaheb Mulak College Of D. Pharmacy, Umred, Nagpur",Pharmacy,OBC,CAP Round I,2025-26,6,3
04272,"Bhausaheb Mulak Charitable Trust 'S Bhausaheb Mulak College Of D. Pharmacy, Umred, Nagpur",Pharmacy,SEBC,CAP Round I,2025-26,6,2
04272,"Bhausaheb Mulak Charitable Trust 'S Bhausaheb Mulak College Of D. Pharmacy, Umred, Nagpur",Pharmacy,PWD,CAP Round I,2025-26,6,1
04272,"Bhausaheb Mulak Charitable Trust 'S Bhausaheb Mulak College Of D. Pharmacy, Umred, Nagpur",Pharmacy,DEF,CAP Round I,2025-26,6,1
04272,"Bhausaheb Mulak Charitable Trust 'S Bhausaheb Mulak College Of D. Pharmacy, Umred, Nagpur",Pharmacy,EWS,CAP Round I,2025-26,6,7
04274,"Abhinav Bahuuddeshiya's Siddhivinayak College Of Pharmacy, Warora, Dist. Chandrapur",Pharmacy,OPEN,CAP Round I,2025-26,6,3
04274,"Abhinav Bahuuddeshiya's Siddhivinayak College Of Pharmacy, Warora, Dist. Chandrapur",Pharmacy,SC,CAP Round I,2025-26,6,1
04274,"Abhinav Bahuuddeshiya's Siddhivinayak College Of Pharmacy, Warora, Dist. Chandrapur",Pharmacy,ST,CAP Round I,2025-26,6,1
04274,"Abhinav Bahuuddeshiya's Siddhivinayak College Of Pharmacy, Warora, Dist. Chandrapur",Pharmacy,OBC,CAP Round I,2025-26,6,2
04274,"Abhinav Bahuuddeshiya's Siddhivinayak College Of Pharmacy, Warora, Dist. Chandrapur",Pharmacy,SEBC,CAP Round I,2025-26,6,1
04274,"Abhinav Bahuuddeshiya's Siddhivinayak College Of Pharmacy, Warora, Dist. Chandrapur",Pharmacy,EWS,CAP Round I,2025-26,6,6
04278,"Young Engineers Education Society's Maharashtra Institute Of Pharmacy, Betada, Bramhapuri, Chandrapur",Pharmacy,OPEN,CAP Round I,2025-26,10,5
04278,"Young Engineers Education Society's Maharashtra Institute Of Pharmacy, Betada, Bramhapuri, Chandrapur",Pharmacy,SC,CAP Round I,2025-26,10,1
04278,"Young Engineers Education Society's Maharashtra Institute Of Pharmacy, Betada, Bramhapuri, Chandrapur",Pharmacy,ST,CAP Round I,2025-26,10,1
04278,"Young Engineers Education Society's Maharashtra Institute Of Pharmacy, Betada, Bramhapuri, Chandrapur",Pharmacy,VJ/DT,CAP Round I,2025-26,10,1
04278,"Young Engineers Education Society's Maharashtra Institute Of Pharmacy, Betada, Bramhapuri, Chandrapur",Pharmacy,NTC,CAP Round I,2025-26,10,1
04278,"Young Engineers Education Society's Maharashtra Institute Of Pharmacy, Betada, Bramhapuri, Chandrapur",Pharmacy,OBC,CAP Round I,2025-26,10,2
04278,"Young Engineers Education Society's Maharashtra Institute Of Pharmacy, Betada, Bramhapuri, Chandrapur",Pharmacy,SEBC,CAP Round I,2025-26,10,1
04278,"Young Engineers Education Society's Maharashtra Institute Of Pharmacy, Betada, Bramhapuri, Chandrapur",Pharmacy,PWD,CAP Round I,2025-26,10,1
04278,"Young Engineers Education Society's Maharashtra Institute Of Pharmacy, Betada, Bramhapuri, Chandrapur",Pharmacy,DEF,CAP Round I,2025-26,10,1
04278,"Young Engineers Education Society's Maharashtra Institute Of Pharmacy, Betada, Bramhapuri, Chandrapur",Pharmacy,EWS,CAP Round I,2025-26,10,8
04279,"Sanmarg Shikshan Sanstha's K.R.Pandav Institute Of Pharmacy, Nagpur",Pharmacy,OPEN,CAP Round I,2025-26,6,6
04279,"Sanmarg Shikshan Sanstha's K.R.Pandav Institute Of Pharmacy, Nagpur",Pharmacy,SC,CAP Round I,2025-26,6,1
04279,"Sanmarg Shikshan Sanstha's K.R.Pandav Institute Of Pharmacy, Nagpur",Pharmacy,ST,CAP Round I,2025-26,6,1
04279,"Sanmarg Shikshan Sanstha's K.R.Pandav Institute Of Pharmacy, Nagpur",Pharmacy,VJ/DT,CAP Round I,2025-26,6,1
04279,"Sanmarg Shikshan Sanstha's K.R.Pandav Institute Of Pharmacy, Nagpur",Pharmacy,NTC,CAP Round I,2025-26,6,1
04279,"Sanmarg Shikshan Sanstha's K.R.Pandav Institute Of Pharmacy, Nagpur",Pharmacy,OBC,CAP Round I,2025-26,6,3
04279,"Sanmarg Shikshan Sanstha's K.R.Pandav Institute Of Pharmacy, Nagpur",Pharmacy,SEBC,CAP Round I,2025-26,6,1
04279,"Sanmarg Shikshan Sanstha's K.R.Pandav Institute Of Pharmacy, Nagpur",Pharmacy,PWD,CAP Round I,2025-26,6,1
04279,"Sanmarg Shikshan Sanstha's K.R.Pandav Institute Of Pharmacy, Nagpur",Pharmacy,DEF,CAP Round I,2025-26,6,1
04279,"Sanmarg Shikshan Sanstha's K.R.Pandav Institute Of Pharmacy, Nagpur",Pharmacy,EWS,CAP Round I,2025-26,6,5
04280,"Krushna Sahyogi Tantra Shikshan Sanstha's Chatrapati Shivaji College Of Pharmacy, Devari, Tal. Devari, Dist.Gondiya",Pharmacy,OPEN,CAP Round I,2025-26,6,5
04280,"Krushna Sahyogi Tantra Shikshan Sanstha's Chatrapati Shivaji College Of Pharmacy, Devari, Tal. Devari, Dist.Gondiya",Pharmacy,SC,CAP Round I,2025-26,6,1
04280,"Krushna Sahyogi Tantra Shikshan Sanstha's Chatrapati Shivaji College Of Pharmacy, Devari, Tal. Devari, Dist.Gondiya",Pharmacy,ST,CAP Round I,2025-26,6,1
04280,"Krushna Sahyogi Tantra Shikshan Sanstha's Chatrapati Shivaji College Of Pharmacy, Devari, Tal. Devari, Dist.Gondiya",Pharmacy,VJ/DT,CAP Round I,2025-26,6,1
04280,"Krushna Sahyogi Tantra Shikshan Sanstha's Chatrapati Shivaji College Of Pharmacy, Devari, Tal. Devari, Dist.Gondiya",Pharmacy,NTD,CAP Round I,2025-26,6,1
04280,"Krushna Sahyogi Tantra Shikshan Sanstha's Chatrapati Shivaji College Of Pharmacy, Devari, Tal. Devari, Dist.Gondiya",Pharmacy,OBC,CAP Round I,2025-26,6,2
04280,"Krushna Sahyogi Tantra Shikshan Sanstha's Chatrapati Shivaji College Of Pharmacy, Devari, Tal. Devari, Dist.Gondiya",Pharmacy,SEBC,CAP Round I,2025-26,6,1
04280,"Krushna Sahyogi Tantra Shikshan Sanstha's Chatrapati Shivaji College Of Pharmacy, Devari, Tal. Devari, Dist.Gondiya",Pharmacy,PWD,CAP Round I,2025-26,6,1
04280,"Krushna Sahyogi Tantra Shikshan Sanstha's Chatrapati Shivaji College Of Pharmacy, Devari, Tal. Devari, Dist.Gondiya",Pharmacy,DEF,CAP Round I,2025-26,6,1
04280,"Krushna Sahyogi Tantra Shikshan Sanstha's Chatrapati Shivaji College Of Pharmacy, Devari, Tal. Devari, Dist.Gondiya",Pharmacy,EWS,CAP Round I,2025-26,6,6
04283,"Swa. Madhukarrao Deshmukh Education Society, Shree Sadguru Datta Institute of Pharmacy, Bhajapur",Pharmacy,OPEN,CAP Round I,2025-26,6,4
04283,"Swa. Madhukarrao Deshmukh Education Society, Shree Sadguru Datta Institute of Pharmacy, Bhajapur",Pharmacy,SC,CAP Round I,2025-26,6,1
04283,"Swa. Madhukarrao Deshmukh Education Society, Shree Sadguru Datta Institute of Pharmacy, Bhajapur",Pharmacy,ST,CAP Round I,2025-26,6,1
04283,"Swa. Madhukarrao Deshmukh Education Society, Shree Sadguru Datta Institute of Pharmacy, Bhajapur",Pharmacy,NTB,CAP Round I,2025-26,6,1
04283,"Swa. Madhukarrao Deshmukh Education Society, Shree Sadguru Datta Institute of Pharmacy, Bhajapur",Pharmacy,OBC,CAP Round I,2025-26,6,2
04283,"Swa. Madhukarrao Deshmukh Education Society, Shree Sadguru Datta Institute of Pharmacy, Bhajapur",Pharmacy,SEBC,CAP Round I,2025-26,6,1
04283,"Swa. Madhukarrao Deshmukh Education Society, Shree Sadguru Datta Institute of Pharmacy, Bhajapur",Pharmacy,EWS,CAP Round I,2025-26,6,7
04643,"Maharashtra Institute of Pharmacy (Betada), Brambhapuri",Pharmacy,OPEN,CAP Round I,2025-26,10,5
04643,"Maharashtra Institute of Pharmacy (Betada), Brambhapuri",Pharmacy,SC,CAP Round I,2025-26,10,1
04643,"Maharashtra Institute of Pharmacy (Betada), Brambhapuri",Pharmacy,ST,CAP Round I,2025-26,10,1
04643,"Maharashtra Institute of Pharmacy (Betada), Brambhapuri",Pharmacy,VJ/DT,CAP Round I,2025-26,10,1
04643,"Maharashtra Institute of Pharmacy (Betada), Brambhapuri",Pharmacy,NTC,CAP Round I,2025-26,10,1
04643,"Maharashtra Institute of Pharmacy (Betada), Brambhapuri",Pharmacy,OBC,CAP Round I,2025-26,10,3
04643,"Maharashtra Institute of Pharmacy (Betada), Brambhapuri",Pharmacy,SEBC,CAP Round I,2025-26,10,1
04643,"Maharashtra Institute of Pharmacy (Betada), Brambhapuri",Pharmacy,PWD,CAP Round I,2025-26,10,1
04643,"Maharashtra Institute of Pharmacy (Betada), Brambhapuri",Pharmacy,DEF,CAP Round I,2025-26,10,1
04643,"Maharashtra Institute of Pharmacy (Betada), Brambhapuri",Pharmacy,EWS,CAP Round I,2025-26,10,6
04650,"P.R.Patil Institute of Pharmacy, Talegaon(SP),Wardha",Pharmacy,OPEN,CAP Round I,2025-26,6,6
04650,"P.R.Patil Institute of Pharmacy, Talegaon(SP),Wardha",Pharmacy,SC,CAP Round I,2025-26,6,2
04650,"P.R.Patil Institute of Pharmacy, Talegaon(SP),Wardha",Pharmacy,ST,CAP Round I,2025-26,6,1
04650,"P.R.Patil Institute of Pharmacy, Talegaon(SP),Wardha",Pharmacy,VJ/DT,CAP Round I,2025-26,6,1
04650,"P.R.Patil Institute of Pharmacy, Talegaon(SP),Wardha",Pharmacy,NTC,CAP Round I,2025-26,6,1
04650,"P.R.Patil Institute of Pharmacy, Talegaon(SP),Wardha",Pharmacy,OBC,CAP Round I,2025-26,6,3
04650,"P.R.Patil Institute of Pharmacy, Talegaon(SP),Wardha",Pharmacy,SEBC,CAP Round I,2025-26,6,1
04650,"P.R.Patil Institute of Pharmacy, Talegaon(SP),Wardha",Pharmacy,PWD,CAP Round I,2025-26,6,1
04650,"P.R.Patil Institute of Pharmacy, Talegaon(SP),Wardha",Pharmacy,DEF,CAP Round I,2025-26,6,1
04650,"P.R.Patil Institute of Pharmacy, Talegaon(SP),Wardha",Pharmacy,EWS,CAP Round I,2025-26,6,5
04651,"Central India College of Pharmacy, Nagpur",Pharmacy,OPEN,CAP Round I,2025-26,6,7
04652,"Mouda College of Pharmacy, Mauda Nagpur",Pharmacy,OPEN,CAP Round I,2025-26,6,22
04652,"Mouda College of Pharmacy, Mauda Nagpur",Pharmacy,SC,CAP Round I,2025-26,6,8
04652,"Mouda College of Pharmacy, Mauda Nagpur",Pharmacy,ST,CAP Round I,2025-26,6,4
04652,"Mouda College of Pharmacy, Mauda Nagpur",Pharmacy,VJ/DT,CAP Round I,2025-26,6,2
04652,"Mouda College of Pharmacy, Mauda Nagpur",Pharmacy,NTB,CAP Round I,2025-26,6,1
04652,"Mouda College of Pharmacy, Mauda Nagpur",Pharmacy,NTC,CAP Round I,2025-26,6,2
04652,"Mouda College of Pharmacy, Mauda Nagpur",Pharmacy,NTD,CAP Round I,2025-26,6,1
04652,"Mouda College of Pharmacy, Mauda Nagpur",Pharmacy,OBC,CAP Round I,2025-26,6,12
04652,"Mouda College of Pharmacy, Mauda Nagpur",Pharmacy,SEBC,CAP Round I,2025-26,6,6
04652,"Mouda College of Pharmacy, Mauda Nagpur",Pharmacy,PWD,CAP Round I,2025-26,6,4
04652,"Mouda College of Pharmacy, Mauda Nagpur",Pharmacy,DEF,CAP Round I,2025-26,6,4
04652,"Mouda College of Pharmacy, Mauda Nagpur",Pharmacy,EWS,CAP Round I,2025-26,6,7
04654,"NEW MONTFORT INSTITUTE OF PHARMACY, ASHTI",Pharmacy,OPEN,CAP Round I,2025-26,10,32
04656,"Nagpur College Of Pharmacy, Hingana",Pharmacy,OPEN,CAP Round I,2025-26,10,5
04656,"Nagpur College Of Pharmacy, Hingana",Pharmacy,SC,CAP Round I,2025-26,10,2
04656,"Nagpur College Of Pharmacy, Hingana",Pharmacy,ST,CAP Round I,2025-26,10,1
04656,"Nagpur College Of Pharmacy, Hingana",Pharmacy,NTB,CAP Round I,2025-26,10,1
04656,"Nagpur College Of Pharmacy, Hingana",Pharmacy,NTC,CAP Round I,2025-26,10,1
04656,"Nagpur College Of Pharmacy, Hingana",Pharmacy,OBC,CAP Round I,2025-26,10,3
04656,"Nagpur College Of Pharmacy, Hingana",Pharmacy,SEBC,CAP Round I,2025-26,10,1
04656,"Nagpur College Of Pharmacy, Hingana",Pharmacy,PWD,CAP Round I,2025-26,10,1
04656,"Nagpur College Of Pharmacy, Hingana",Pharmacy,DEF,CAP Round I,2025-26,10,1
04656,"Nagpur College Of Pharmacy, Hingana",Pharmacy,EWS,CAP Round I,2025-26,10,4
04658,"Dr Arun Motghare College Of Pharmacy, Pauni",Pharmacy,OPEN,CAP Round I,2025-26,10,31
04658,"Dr Arun Motghare College Of Pharmacy, Pauni",Pharmacy,SC,CAP Round I,2025-26,10,12
04658,"Dr Arun Motghare College Of Pharmacy, Pauni",Pharmacy,ST,CAP Round I,2025-26,10,6
04658,"Dr Arun Motghare College Of Pharmacy, Pauni",Pharmacy,VJ/DT,CAP Round I,2025-26,10,3
04658,"Dr Arun Motghare College Of Pharmacy, Pauni",Pharmacy,NTB,CAP Round I,2025-26,10,2
04658,"Dr Arun Motghare College Of Pharmacy, Pauni",Pharmacy,NTC,CAP Round I,2025-26,10,3
04658,"Dr Arun Motghare College Of Pharmacy, Pauni",Pharmacy,NTD,CAP Round I,2025-26,10,2
04658,"Dr Arun Motghare College Of Pharmacy, Pauni",Pharmacy,OBC,CAP Round I,2025-26,10,17
04658,"Dr Arun Motghare College Of Pharmacy, Pauni",Pharmacy,SEBC,CAP Round I,2025-26,10,9
04658,"Dr Arun Motghare College Of Pharmacy, Pauni",Pharmacy,PWD,CAP Round I,2025-26,10,6
04658,"Dr Arun Motghare College Of Pharmacy, Pauni",Pharmacy,DEF,CAP Round I,2025-26,10,6
04658,"Dr Arun Motghare College Of Pharmacy, Pauni",Pharmacy,EWS,CAP Round I,2025-26,10,12
04659,"Shri Sai College Of Pharmacy, Mouda",Pharmacy,OPEN,CAP Round I,2025-26,10,32
04659,"Shri Sai College Of Pharmacy, Mouda",Pharmacy,SC,CAP Round I,2025-26,10,12
04659,"Shri Sai College Of Pharmacy, Mouda",Pharmacy,ST,CAP Round I,2025-26,10,7
04659,"Shri Sai College Of Pharmacy, Mouda",Pharmacy,VJ/DT,CAP Round I,2025-26,10,3
04659,"Shri Sai College Of Pharmacy, Mouda",Pharmacy,NTB,CAP Round I,2025-26,10,2
04659,"Shri Sai College Of Pharmacy, Mouda",Pharmacy,NTC,CAP Round I,2025-26,10,3
04659,"Shri Sai College Of Pharmacy, Mouda",Pharmacy,NTD,CAP Round I,2025-26,10,2
04659,"Shri Sai College Of Pharmacy, Mouda",Pharmacy,OBC,CAP Round I,2025-26,10,18
04659,"Shri Sai College Of Pharmacy, Mouda",Pharmacy,SEBC,CAP Round I,2025-26,10,9
04659,"Shri Sai College Of Pharmacy, Mouda",Pharmacy,PWD,CAP Round I,2025-26,10,7
04659,"Shri Sai College Of Pharmacy, Mouda",Pharmacy,DEF,CAP Round I,2025-26,10,7
04659,"Shri Sai College Of Pharmacy, Mouda",Pharmacy,EWS,CAP Round I,2025-26,10,11
04660,"Gondia College Of Pharmacy, Chulod",Pharmacy,OPEN,CAP Round I,2025-26,10,17
04660,"Gondia College Of Pharmacy, Chulod",Pharmacy,SC,CAP Round I,2025-26,10,6
04660,"Gondia College Of Pharmacy, Chulod",Pharmacy,ST,CAP Round I,2025-26,10,3
04660,"Gondia College Of Pharmacy, Chulod",Pharmacy,VJ/DT,CAP Round I,2025-26,10,1
04660,"Gondia College Of Pharmacy, Chulod",Pharmacy,NTB,CAP Round I,2025-26,10,1
04660,"Gondia College Of Pharmacy, Chulod",Pharmacy,NTC,CAP Round I,2025-26,10,1
04660,"Gondia College Of Pharmacy, Chulod",Pharmacy,NTD,CAP Round I,2025-26,10,1
04660,"Gondia College Of Pharmacy, Chulod",Pharmacy,OBC,CAP Round I,2025-26,10,9
04660,"Gondia College Of Pharmacy, Chulod",Pharmacy,SEBC,CAP Round I,2025-26,10,4
04660,"Gondia College Of Pharmacy, Chulod",Pharmacy,PWD,CAP Round I,2025-26,10,3
04660,"Gondia College Of Pharmacy, Chulod",Pharmacy,DEF,CAP Round I,2025-26,10,3
04660,"Gondia College Of Pharmacy, Chulod",Pharmacy,EWS,CAP Round I,2025-26,10,10
04664,"Maharashtra College of Pharmacy, At Khamari, Gondia",Pharmacy,OPEN,CAP Round I,2025-26,6,3
04664,"Maharashtra College of Pharmacy, At Khamari, Gondia",Pharmacy,SC,CAP Round I,2025-26,6,1
04664,"Maharashtra College of Pharmacy, At Khamari, Gondia",Pharmacy,ST,CAP Round I,2025-26,6,1
04664,"Maharashtra College of Pharmacy, At Khamari, Gondia",Pharmacy,OBC,CAP Round I,2025-26,6,2
04664,"Maharashtra College of Pharmacy, At Khamari, Gondia",Pharmacy,SEBC,CAP Round I,2025-26,6,1
04664,"Maharashtra College of Pharmacy, At Khamari, Gondia",Pharmacy,EWS,CAP Round I,2025-26,6,4
04665,"Adarsh Institute of Pharmacy, Nagpur",Pharmacy,OPEN,CAP Round I,2025-26,6,10
04665,"Adarsh Institute of Pharmacy, Nagpur",Pharmacy,SC,CAP Round I,2025-26,6,3
04665,"Adarsh Institute of Pharmacy, Nagpur",Pharmacy,ST,CAP Round I,2025-26,6,2
04665,"Adarsh Institute of Pharmacy, Nagpur",Pharmacy,NTB,CAP Round I,2025-26,6,1
04665,"Adarsh Institute of Pharmacy, Nagpur",Pharmacy,NTC,CAP Round I,2025-26,6,1
04665,"Adarsh Institute of Pharmacy, Nagpur",Pharmacy,OBC,CAP Round I,2025-26,6,5
04665,"Adarsh Institute of Pharmacy, Nagpur",Pharmacy,SEBC,CAP Round I,2025-26,6,2
04665,"Adarsh Institute of Pharmacy, Nagpur",Pharmacy,PWD,CAP Round I,2025-26,6,1
04665,"Adarsh Institute of Pharmacy, Nagpur",Pharmacy,DEF,CAP Round I,2025-26,6,1
04665,"Adarsh Institute of Pharmacy, Nagpur",Pharmacy,EWS,CAP Round I,2025-26,6,7
04666,"G.H. Raisoni Institute of Life Sciences, Nagpur",Pharmacy,OPEN,CAP Round I,2025-26,10,5
04669,"J.V.Institute of Pharmacy, Khamona",Pharmacy,OPEN,CAP Round I,2025-26,10,40
04669,"J.V.Institute of Pharmacy, Khamona",Pharmacy,SC,CAP Round I,2025-26,10,15
04669,"J.V.Institute of Pharmacy, Khamona",Pharmacy,ST,CAP Round I,2025-26,10,8
04669,"J.V.Institute of Pharmacy, Khamona",Pharmacy,VJ/DT,CAP Round I,2025-26,10,3
04669,"J.V.Institute of Pharmacy, Khamona",Pharmacy,NTB,CAP Round I,2025-26,10,3
04669,"J.V.Institute of Pharmacy, Khamona",Pharmacy,NTC,CAP Round I,2025-26,10,3
04669,"J.V.Institute of Pharmacy, Khamona",Pharmacy,NTD,CAP Round I,2025-26,10,3
04669,"J.V.Institute of Pharmacy, Khamona",Pharmacy,OBC,CAP Round I,2025-26,10,19
04669,"J.V.Institute of Pharmacy, Khamona",Pharmacy,SEBC,CAP Round I,2025-26,10,11
04669,"J.V.Institute of Pharmacy, Khamona",Pharmacy,PWD,CAP Round I,2025-26,10,8
04669,"J.V.Institute of Pharmacy, Khamona",Pharmacy,DEF,CAP Round I,2025-26,10,8
04669,"J.V.Institute of Pharmacy, Khamona",Pharmacy,EWS,CAP Round I,2025-26,10,11
04673,"Tulsiramji Gaikwad-Patil College of Pharmacy, Mohagaon, Nagpur",Pharmacy,OPEN,CAP Round I,2025-26,10,5
04673,"Tulsiramji Gaikwad-Patil College of Pharmacy, Mohagaon, Nagpur",Pharmacy,SC,CAP Round I,2025-26,10,1
04673,"Tulsiramji Gaikwad-Patil College of Pharmacy, Mohagaon, Nagpur",Pharmacy,ST,CAP Round I,2025-26,10,1
04673,"Tulsiramji Gaikwad-Patil College of Pharmacy, Mohagaon, Nagpur",Pharmacy,VJ/DT,CAP Round I,2025-26,10,1
04673,"Tulsiramji Gaikwad-Patil College of Pharmacy, Mohagaon, Nagpur",Pharmacy,NTC,CAP Round I,2025-26,10,1
04673,"Tulsiramji Gaikwad-Patil College of Pharmacy, Mohagaon, Nagpur",Pharmacy,OBC,CAP Round I,2025-26,10,2
04673,"Tulsiramji Gaikwad-Patil College of Pharmacy, Mohagaon, Nagpur",Pharmacy,SEBC,CAP Round I,2025-26,10,1
04673,"Tulsiramji Gaikwad-Patil College of Pharmacy, Mohagaon, Nagpur",Pharmacy,PWD,CAP Round I,2025-26,10,1
04673,"Tulsiramji Gaikwad-Patil College of Pharmacy, Mohagaon, Nagpur",Pharmacy,DEF,CAP Round I,2025-26,10,1
04673,"Tulsiramji Gaikwad-Patil College of Pharmacy, Mohagaon, Nagpur",Pharmacy,EWS,CAP Round I,2025-26,10,8
04680,"The Royal Gondwana College of Pharmacy, Nagpur",Pharmacy,OPEN,CAP Round I,2025-26,6,5
04680,"The Royal Gondwana College of Pharmacy, Nagpur",Pharmacy,SC,CAP Round I,2025-26,6,1
04680,"The Royal Gondwana College of Pharmacy, Nagpur",Pharmacy,ST,CAP Round I,2025-26,6,1
04680,"The Royal Gondwana College of Pharmacy, Nagpur",Pharmacy,VJ/DT,CAP Round I,2025-26,6,1
04680,"The Royal Gondwana College of Pharmacy, Nagpur",Pharmacy,NTC,CAP Round I,2025-26,6,1
04680,"The Royal Gondwana College of Pharmacy, Nagpur",Pharmacy,OBC,CAP Round I,2025-26,6,3
04680,"The Royal Gondwana College of Pharmacy, Nagpur",Pharmacy,SEBC,CAP Round I,2025-26,6,1
04680,"The Royal Gondwana College of Pharmacy, Nagpur",Pharmacy,PWD,CAP Round I,2025-26,6,1
04680,"The Royal Gondwana College of Pharmacy, Nagpur",Pharmacy,DEF,CAP Round I,2025-26,6,1
04680,"The Royal Gondwana College of Pharmacy, Nagpur",Pharmacy,EWS,CAP Round I,2025-26,6,7
04682,St. Paul College of Pharmacy,Pharmacy,OPEN,CAP Round I,2025-26,6,12
04682,St. Paul College of Pharmacy,Pharmacy,SC,CAP Round I,2025-26,6,5
04682,St. Paul College of Pharmacy,Pharmacy,ST,CAP Round I,2025-26,6,2
04682,St. Paul College of Pharmacy,Pharmacy,VJ/DT,CAP Round I,2025-26,6,1
04682,St. Paul College of Pharmacy,Pharmacy,NTB,CAP Round I,2025-26,6,1
04682,St. Paul College of Pharmacy,Pharmacy,NTC,CAP Round I,2025-26,6,1
04682,St. Paul College of Pharmacy,Pharmacy,NTD,CAP Round I,2025-26,6,1
04682,St. Paul College of Pharmacy,Pharmacy,OBC,CAP Round I,2025-26,6,7
04682,St. Paul College of Pharmacy,Pharmacy,SEBC,CAP Round I,2025-26,6,3
04682,St. Paul College of Pharmacy,Pharmacy,PWD,CAP Round I,2025-26,6,3
04682,St. Paul College of Pharmacy,Pharmacy,DEF,CAP Round I,2025-26,6,3
04682,St. Paul College of Pharmacy,Pharmacy,EWS,CAP Round I,2025-26,6,7
04685,Dr. K.R. College of Pharmacy & Research,Pharmacy,OPEN,CAP Round I,2025-26,6,11
04685,Dr. K.R. College of Pharmacy & Research,Pharmacy,SC,CAP Round I,2025-26,6,3
04685,Dr. K.R. College of Pharmacy & Research,Pharmacy,ST,CAP Round I,2025-26,6,2
04685,Dr. K.R. College of Pharmacy & Research,Pharmacy,NTB,CAP Round I,2025-26,6,1
04685,Dr. K.R. College of Pharmacy & Research,Pharmacy,NTC,CAP Round I,2025-26,6,1
04685,Dr. K.R. College of Pharmacy & Research,Pharmacy,OBC,CAP Round I,2025-26,6,5
04685,Dr. K.R. College of Pharmacy & Research,Pharmacy,SEBC,CAP Round I,2025-26,6,3
04685,Dr. K.R. College of Pharmacy & Research,Pharmacy,PWD,CAP Round I,2025-26,6,1
04685,Dr. K.R. College of Pharmacy & Research,Pharmacy,DEF,CAP Round I,2025-26,6,1
04685,Dr. K.R. College of Pharmacy & Research,Pharmacy,EWS,CAP Round I,2025-26,6,7
04688,Manwatkar College of Pharmacy (D.Pharm),Pharmacy,OPEN,CAP Round I,2025-26,6,23
04688,Manwatkar College of Pharmacy (D.Pharm),Pharmacy,SC,CAP Round I,2025-26,6,8
04688,Manwatkar College of Pharmacy (D.Pharm),Pharmacy,ST,CAP Round I,2025-26,6,5
04688,Manwatkar College of Pharmacy (D.Pharm),Pharmacy,VJ/DT,CAP Round I,2025-26,6,2
04688,Manwatkar College of Pharmacy (D.Pharm),Pharmacy,NTB,CAP Round I,2025-26,6,1
04688,Manwatkar College of Pharmacy (D.Pharm),Pharmacy,NTC,CAP Round I,2025-26,6,3
04688,Manwatkar College of Pharmacy (D.Pharm),Pharmacy,NTD,CAP Round I,2025-26,6,1
04688,Manwatkar College of Pharmacy (D.Pharm),Pharmacy,OBC,CAP Round I,2025-26,6,12
04688,Manwatkar College of Pharmacy (D.Pharm),Pharmacy,SEBC,CAP Round I,2025-26,6,6
04688,Manwatkar College of Pharmacy (D.Pharm),Pharmacy,PWD,CAP Round I,2025-26,6,4
04688,Manwatkar College of Pharmacy (D.Pharm),Pharmacy,DEF,CAP Round I,2025-26,6,4
04688,Manwatkar College of Pharmacy (D.Pharm),Pharmacy,EWS,CAP Round I,2025-26,6,7
04689,"Sai College of Pharmacy, Tumsar",Pharmacy,OPEN,CAP Round I,2025-26,6,24
04689,"Sai College of Pharmacy, Tumsar",Pharmacy,SC,CAP Round I,2025-26,6,8
04689,"Sai College of Pharmacy, Tumsar",Pharmacy,ST,CAP Round I,2025-26,6,5
04689,"Sai College of Pharmacy, Tumsar",Pharmacy,VJ/DT,CAP Round I,2025-26,6,2
04689,"Sai College of Pharmacy, Tumsar",Pharmacy,NTB,CAP Round I,2025-26,6,2
04689,"Sai College of Pharmacy, Tumsar",Pharmacy,NTC,CAP Round I,2025-26,6,2
04689,"Sai College of Pharmacy, Tumsar",Pharmacy,NTD,CAP Round I,2025-26,6,2
04689,"Sai College of Pharmacy, Tumsar",Pharmacy,OBC,CAP Round I,2025-26,6,12
04689,"Sai College of Pharmacy, Tumsar",Pharmacy,SEBC,CAP Round I,2025-26,6,7
04689,"Sai College of Pharmacy, Tumsar",Pharmacy,PWD,CAP Round I,2025-26,6,4
04689,"Sai College of Pharmacy, Tumsar",Pharmacy,DEF,CAP Round I,2025-26,6,4
04689,"Sai College of Pharmacy, Tumsar",Pharmacy,EWS,CAP Round I,2025-26,6,7
04690,Dr. Babasaheb Ambedkar College Brambhapuri (D.Pharm),Pharmacy,OPEN,CAP Round I,2025-26,6,24
04690,Dr. Babasaheb Ambedkar College Brambhapuri (D.Pharm),Pharmacy,SC,CAP Round I,2025-26,6,8
04690,Dr. Babasaheb Ambedkar College Brambhapuri (D.Pharm),Pharmacy,ST,CAP Round I,2025-26,6,5
04690,Dr. Babasaheb Ambedkar College Brambhapuri (D.Pharm),Pharmacy,VJ/DT,CAP Round I,2025-26,6,2
04690,Dr. Babasaheb Ambedkar College Brambhapuri (D.Pharm),Pharmacy,NTB,CAP Round I,2025-26,6,2
04690,Dr. Babasaheb Ambedkar College Brambhapuri (D.Pharm),Pharmacy,NTC,CAP Round I,2025-26,6,3
04690,Dr. Babasaheb Ambedkar College Brambhapuri (D.Pharm),Pharmacy,NTD,CAP Round I,2025-26,6,1
04690,Dr. Babasaheb Ambedkar College Brambhapuri (D.Pharm),Pharmacy,OBC,CAP Round I,2025-26,6,12
04690,Dr. Babasaheb Ambedkar College Brambhapuri (D.Pharm),Pharmacy,SEBC,CAP Round I,2025-26,6,7
04690,Dr. Babasaheb Ambedkar College Brambhapuri (D.Pharm),Pharmacy,PWD,CAP Round I,2025-26,6,4
04690,Dr. Babasaheb Ambedkar College Brambhapuri (D.Pharm),Pharmacy,DEF,CAP Round I,2025-26,6,4
04690,Dr. Babasaheb Ambedkar College Brambhapuri (D.Pharm),Pharmacy,EWS,CAP Round I,2025-26,6,7
04692,"Shri. Gurudev Institute of Pharmaceutical Education & Research, Temni Road, Chulod, District Gondia",Pharmacy,OPEN,CAP Round I,2025-26,6,8
04692,"Shri. Gurudev Institute of Pharmaceutical Education & Research, Temni Road, Chulod, District Gondia",Pharmacy,SC,CAP Round I,2025-26,6,3
04692,"Shri. Gurudev Institute of Pharmaceutical Education & Research, Temni Road, Chulod, District Gondia",Pharmacy,ST,CAP Round I,2025-26,6,1
04692,"Shri. Gurudev Institute of Pharmaceutical Education & Research, Temni Road, Chulod, District Gondia",Pharmacy,VJ/DT,CAP Round I,2025-26,6,1
04692,"Shri. Gurudev Institute of Pharmaceutical Education & Research, Temni Road, Chulod, District Gondia",Pharmacy,NTC,CAP Round I,2025-26,6,1
04692,"Shri. Gurudev Institute of Pharmaceutical Education & Research, Temni Road, Chulod, District Gondia",Pharmacy,OBC,CAP Round I,2025-26,6,3
04692,"Shri. Gurudev Institute of Pharmaceutical Education & Research, Temni Road, Chulod, District Gondia",Pharmacy,SEBC,CAP Round I,2025-26,6,2
04692,"Shri. Gurudev Institute of Pharmaceutical Education & Research, Temni Road, Chulod, District Gondia",Pharmacy,PWD,CAP Round I,2025-26,6,1
04692,"Shri. Gurudev Institute of Pharmaceutical Education & Research, Temni Road, Chulod, District Gondia",Pharmacy,DEF,CAP Round I,2025-26,6,1
04692,"Shri. Gurudev Institute of Pharmaceutical Education & Research, Temni Road, Chulod, District Gondia",Pharmacy,EWS,CAP Round I,2025-26,6,7
04693,"K.C. Bajaj College of Pharmacy & Research, Jaripatka, Nagpur",Pharmacy,OPEN,CAP Round I,2025-26,6,5
04694,"National College of Pharmacy, Nagpur",Pharmacy,OPEN,CAP Round I,2025-26,6,10
04694,"National College of Pharmacy, Nagpur",Pharmacy,SC,CAP Round I,2025-26,6,3
04694,"National College of Pharmacy, Nagpur",Pharmacy,ST,CAP Round I,2025-26,6,2
04694,"National College of Pharmacy, Nagpur",Pharmacy,VJ/DT,CAP Round I,2025-26,6,1
04694,"National College of Pharmacy, Nagpur",Pharmacy,NTC,CAP Round I,2025-26,6,1
04694,"National College of Pharmacy, Nagpur",Pharmacy,OBC,CAP Round I,2025-26,6,5
04694,"National College of Pharmacy, Nagpur",Pharmacy,SEBC,CAP Round I,2025-26,6,2
04694,"National College of Pharmacy, Nagpur",Pharmacy,PWD,CAP Round I,2025-26,6,1
04694,"National College of Pharmacy, Nagpur",Pharmacy,DEF,CAP Round I,2025-26,6,1
04694,"National College of Pharmacy, Nagpur",Pharmacy,EWS,CAP Round I,2025-26,6,7
04695,"Chandrapur College of Pharmacy, Chandrapur",Pharmacy,OPEN,CAP Round I,2025-26,6,12
04695,"Chandrapur College of Pharmacy, Chandrapur",Pharmacy,SC,CAP Round I,2025-26,6,3
04695,"Chandrapur College of Pharmacy, Chandrapur",Pharmacy,ST,CAP Round I,2025-26,6,2
04695,"Chandrapur College of Pharmacy, Chandrapur",Pharmacy,VJ/DT,CAP Round I,2025-26,6,1
04695,"Chandrapur College of Pharmacy, Chandrapur",Pharmacy,NTB,CAP Round I,2025-26,6,1
04695,"Chandrapur College of Pharmacy, Chandrapur",Pharmacy,NTC,CAP Round I,2025-26,6,1
04695,"Chandrapur College of Pharmacy, Chandrapur",Pharmacy,NTD,CAP Round I,2025-26,6,1
04695,"Chandrapur College of Pharmacy, Chandrapur",Pharmacy,OBC,CAP Round I,2025-26,6,5
04695,"Chandrapur College of Pharmacy, Chandrapur",Pharmacy,SEBC,CAP Round I,2025-26,6,3
04695,"Chandrapur College of Pharmacy, Chandrapur",Pharmacy,PWD,CAP Round I,2025-26,6,1
04695,"Chandrapur College of Pharmacy, Chandrapur",Pharmacy,DEF,CAP Round I,2025-26,6,1
04695,"Chandrapur College of Pharmacy, Chandrapur",Pharmacy,EWS,CAP Round I,2025-26,6,4
04698,"Prabhat Institute of Pharmacy, Rui, Bramhapuri, Chandrapur",Pharmacy,OPEN,CAP Round I,2025-26,6,17
04698,"Prabhat Institute of Pharmacy, Rui, Bramhapuri, Chandrapur",Pharmacy,SC,CAP Round I,2025-26,6,6
04698,"Prabhat Institute of Pharmacy, Rui, Bramhapuri, Chandrapur",Pharmacy,ST,CAP Round I,2025-26,6,3
04698,"Prabhat Institute of Pharmacy, Rui, Bramhapuri, Chandrapur",Pharmacy,VJ/DT,CAP Round I,2025-26,6,2
04698,"Prabhat Institute of Pharmacy, Rui, Bramhapuri, Chandrapur",Pharmacy,NTB,CAP Round I,2025-26,6,1
04698,"Prabhat Institute of Pharmacy, Rui, Bramhapuri, Chandrapur",Pharmacy,NTC,CAP Round I,2025-26,6,2
04698,"Prabhat Institute of Pharmacy, Rui, Bramhapuri, Chandrapur",Pharmacy,NTD,CAP Round I,2025-26,6,1
04698,"Prabhat Institute of Pharmacy, Rui, Bramhapuri, Chandrapur",Pharmacy,OBC,CAP Round I,2025-26,6,9
04698,"Prabhat Institute of Pharmacy, Rui, Bramhapuri, Chandrapur",Pharmacy,SEBC,CAP Round I,2025-26,6,5
04698,"Prabhat Institute of Pharmacy, Rui, Bramhapuri, Chandrapur",Pharmacy,PWD,CAP Round I,2025-26,6,3
04698,"Prabhat Institute of Pharmacy, Rui, Bramhapuri, Chandrapur",Pharmacy,DEF,CAP Round I,2025-26,6,3
04698,"Prabhat Institute of Pharmacy, Rui, Bramhapuri, Chandrapur",Pharmacy,EWS,CAP Round I,2025-26,6,7
04751,"Tulaskar College of Pharmacy, Hinganghat, Wardha",Pharmacy,OPEN,CAP Round I,2025-26,6,6
04751,"Tulaskar College of Pharmacy, Hinganghat, Wardha",Pharmacy,SC,CAP Round I,2025-26,6,1
04751,"Tulaskar College of Pharmacy, Hinganghat, Wardha",Pharmacy,ST,CAP Round I,2025-26,6,1
04751,"Tulaskar College of Pharmacy, Hinganghat, Wardha",Pharmacy,VJ/DT,CAP Round I,2025-26,6,1
04751,"Tulaskar College of Pharmacy, Hinganghat, Wardha",Pharmacy,NTC,CAP Round I,2025-26,6,1
04751,"Tulaskar College of Pharmacy, Hinganghat, Wardha",Pharmacy,OBC,CAP Round I,2025-26,6,3
04751,"Tulaskar College of Pharmacy, Hinganghat, Wardha",Pharmacy,SEBC,CAP Round I,2025-26,6,1
04751,"Tulaskar College of Pharmacy, Hinganghat, Wardha",Pharmacy,PWD,CAP Round I,2025-26,6,1
04751,"Tulaskar College of Pharmacy, Hinganghat, Wardha",Pharmacy,DEF,CAP Round I,2025-26,6,1
04751,"Tulaskar College of Pharmacy, Hinganghat, Wardha",Pharmacy,EWS,CAP Round I,2025-26,6,7
04753,Pearl College of D & B Pharmacy,Pharmacy,OPEN,CAP Round I,2025-26,10,40
04753,Pearl College of D & B Pharmacy,Pharmacy,SC,CAP Round I,2025-26,10,14
04753,Pearl College of D & B Pharmacy,Pharmacy,ST,CAP Round I,2025-26,10,8
04753,Pearl College of D & B Pharmacy,Pharmacy,VJ/DT,CAP Round I,2025-26,10,3
04753,Pearl College of D & B Pharmacy,Pharmacy,NTB,CAP Round I,2025-26,10,3
04753,Pearl College of D & B Pharmacy,Pharmacy,NTC,CAP Round I,2025-26,10,4
04753,Pearl College of D & B Pharmacy,Pharmacy,NTD,CAP Round I,2025-26,10,2
04753,Pearl College of D & B Pharmacy,Pharmacy,OBC,CAP Round I,2025-26,10,20
04753,Pearl College of D & B Pharmacy,Pharmacy,SEBC,CAP Round I,2025-26,10,11
04753,Pearl College of D & B Pharmacy,Pharmacy,PWD,CAP Round I,2025-26,10,7
04753,Pearl College of D & B Pharmacy,Pharmacy,DEF,CAP Round I,2025-26,10,7
04753,Pearl College of D & B Pharmacy,Pharmacy,EWS,CAP Round I,2025-26,10,11
04756,Somayya Institute of Pharmacy,Pharmacy,OPEN,CAP Round I,2025-26,6,24
04756,Somayya Institute of Pharmacy,Pharmacy,SC,CAP Round I,2025-26,6,8
04756,Somayya Institute of Pharmacy,Pharmacy,ST,CAP Round I,2025-26,6,5
04756,Somayya Institute of Pharmacy,Pharmacy,VJ/DT,CAP Round I,2025-26,6,2
04756,Somayya Institute of Pharmacy,Pharmacy,NTB,CAP Round I,2025-26,6,2
04756,Somayya Institute of Pharmacy,Pharmacy,NTC,CAP Round I,2025-26,6,3
04756,Somayya Institute of Pharmacy,Pharmacy,NTD,CAP Round I,2025-26,6,1
04756,Somayya Institute of Pharmacy,Pharmacy,OBC,CAP Round I,2025-26,6,12
04756,Somayya Institute of Pharmacy,Pharmacy,SEBC,CAP Round I,2025-26,6,7
04756,Somayya Institute of Pharmacy,Pharmacy,PWD,CAP Round I,2025-26,6,4
04756,Somayya Institute of Pharmacy,Pharmacy,DEF,CAP Round I,2025-26,6,4
04756,Somayya Institute of Pharmacy,Pharmacy,EWS,CAP Round I,2025-26,6,7
05005,"NDMVP Samaj's College of Pharmacy, Nashik",Pharmacy,OPEN,CAP Round I,2025-26,6,3
05005,"NDMVP Samaj's College of Pharmacy, Nashik",Pharmacy,SC,CAP Round I,2025-26,6,1
05005,"NDMVP Samaj's College of Pharmacy, Nashik",Pharmacy,ST,CAP Round I,2025-26,6,1
05005,"NDMVP Samaj's College of Pharmacy, Nashik",Pharmacy,OBC,CAP Round I,2025-26,6,2
05005,"NDMVP Samaj's College of Pharmacy, Nashik",Pharmacy,SEBC,CAP Round I,2025-26,6,1
05005,"NDMVP Samaj's College of Pharmacy, Nashik",Pharmacy,EWS,CAP Round I,2025-26,6,1
05005,"NDMVP Samaj's College of Pharmacy, Nashik",Pharmacy,OPEN,CAP Round I,2025-26,4,4
05005,"NDMVP Samaj's College of Pharmacy, Nashik",Pharmacy,SC,CAP Round I,2025-26,4,1
05005,"NDMVP Samaj's College of Pharmacy, Nashik",Pharmacy,ST,CAP Round I,2025-26,4,1
05005,"NDMVP Samaj's College of Pharmacy, Nashik",Pharmacy,NTB,CAP Round I,2025-26,4,1
05005,"NDMVP Samaj's College of Pharmacy, Nashik",Pharmacy,OBC,CAP Round I,2025-26,4,2
05005,"NDMVP Samaj's College of Pharmacy, Nashik",Pharmacy,SEBC,CAP Round I,2025-26,4,1
05005,"NDMVP Samaj's College of Pharmacy, Nashik",Pharmacy,PWD,CAP Round I,2025-26,4,1
05005,"NDMVP Samaj's College of Pharmacy, Nashik",Pharmacy,DEF,CAP Round I,2025-26,4,1
05005,"NDMVP Samaj's College of Pharmacy, Nashik",Pharmacy,EWS,CAP Round I,2025-26,4,1
05154,"Mahatma Gandhi Vidya Mandir's Pharmacy College, Panchavati, Nashik",Pharmacy,OPEN,CAP Round I,2025-26,10,13
05154,"Mahatma Gandhi Vidya Mandir's Pharmacy College, Panchavati, Nashik",Pharmacy,SC,CAP Round I,2025-26,10,5
05154,"Mahatma Gandhi Vidya Mandir's Pharmacy College, Panchavati, Nashik",Pharmacy,ST,CAP Round I,2025-26,10,2
05154,"Mahatma Gandhi Vidya Mandir's Pharmacy College, Panchavati, Nashik",Pharmacy,VJ/DT,CAP Round I,2025-26,10,1
05154,"Mahatma Gandhi Vidya Mandir's Pharmacy College, Panchavati, Nashik",Pharmacy,NTB,CAP Round I,2025-26,10,1
05154,"Mahatma Gandhi Vidya Mandir's Pharmacy College, Panchavati, Nashik",Pharmacy,NTC,CAP Round I,2025-26,10,1
05154,"Mahatma Gandhi Vidya Mandir's Pharmacy College, Panchavati, Nashik",Pharmacy,NTD,CAP Round I,2025-26,10,1
05154,"Mahatma Gandhi Vidya Mandir's Pharmacy College, Panchavati, Nashik",Pharmacy,OBC,CAP Round I,2025-26,10,7
05154,"Mahatma Gandhi Vidya Mandir's Pharmacy College, Panchavati, Nashik",Pharmacy,SEBC,CAP Round I,2025-26,10,4
05154,"Mahatma Gandhi Vidya Mandir's Pharmacy College, Panchavati, Nashik",Pharmacy,PWD,CAP Round I,2025-26,10,3
05154,"Mahatma Gandhi Vidya Mandir's Pharmacy College, Panchavati, Nashik",Pharmacy,DEF,CAP Round I,2025-26,10,3
05154,"Mahatma Gandhi Vidya Mandir's Pharmacy College, Panchavati, Nashik",Pharmacy,EWS,CAP Round I,2025-26,10,4
05155,"Dhulia Charitable Society's Annasaheb Ramesh Ajmera College of Pharmacy, Nagaon",Pharmacy,OPEN,CAP Round I,2025-26,10,7
05155,"Dhulia Charitable Society's Annasaheb Ramesh Ajmera College of Pharmacy, Nagaon",Pharmacy,SC,CAP Round I,2025-26,10,3
05155,"Dhulia Charitable Society's Annasaheb Ramesh Ajmera College of Pharmacy, Nagaon",Pharmacy,ST,CAP Round I,2025-26,10,1
05155,"Dhulia Charitable Society's Annasaheb Ramesh Ajmera College of Pharmacy, Nagaon",Pharmacy,VJ/DT,CAP Round I,2025-26,10,1
05155,"Dhulia Charitable Society's Annasaheb Ramesh Ajmera College of Pharmacy, Nagaon",Pharmacy,NTC,CAP Round I,2025-26,10,1
05155,"Dhulia Charitable Society's Annasaheb Ramesh Ajmera College of Pharmacy, Nagaon",Pharmacy,OBC,CAP Round I,2025-26,10,3
05155,"Dhulia Charitable Society's Annasaheb Ramesh Ajmera College of Pharmacy, Nagaon",Pharmacy,SEBC,CAP Round I,2025-26,10,2
05155,"Dhulia Charitable Society's Annasaheb Ramesh Ajmera College of Pharmacy, Nagaon",Pharmacy,PWD,CAP Round I,2025-26,10,1
05155,"Dhulia Charitable Society's Annasaheb Ramesh Ajmera College of Pharmacy, Nagaon",Pharmacy,DEF,CAP Round I,2025-26,10,1
05155,"Dhulia Charitable Society's Annasaheb Ramesh Ajmera College of Pharmacy, Nagaon",Pharmacy,EWS,CAP Round I,2025-26,10,10
05185,"Pravara Rural Education Society's Pravara Rural College of Pharmacy,Pravararanagar",Pharmacy,OPEN,CAP Round I,2025-26,10,5
05185,"Pravara Rural Education Society's Pravara Rural College of Pharmacy,Pravararanagar",Pharmacy,SC,CAP Round I,2025-26,10,2
05185,"Pravara Rural Education Society's Pravara Rural College of Pharmacy,Pravararanagar",Pharmacy,ST,CAP Round I,2025-26,10,1
05185,"Pravara Rural Education Society's Pravara Rural College of Pharmacy,Pravararanagar",Pharmacy,VJ/DT,CAP Round I,2025-26,10,1
05185,"Pravara Rural Education Society's Pravara Rural College of Pharmacy,Pravararanagar",Pharmacy,NTC,CAP Round I,2025-26,10,1
05185,"Pravara Rural Education Society's Pravara Rural College of Pharmacy,Pravararanagar",Pharmacy,OBC,CAP Round I,2025-26,10,3
05185,"Pravara Rural Education Society's Pravara Rural College of Pharmacy,Pravararanagar",Pharmacy,SEBC,CAP Round I,2025-26,10,1
05185,"Pravara Rural Education Society's Pravara Rural College of Pharmacy,Pravararanagar",Pharmacy,PWD,CAP Round I,2025-26,10,1
05185,"Pravara Rural Education Society's Pravara Rural College of Pharmacy,Pravararanagar",Pharmacy,DEF,CAP Round I,2025-26,10,1
05185,"Pravara Rural Education Society's Pravara Rural College of Pharmacy,Pravararanagar",Pharmacy,EWS,CAP Round I,2025-26,10,1
05186,"R. C. Patel Institute of Pharmaceutical Education and Research, Shirpur",Pharmacy,OPEN,CAP Round I,2025-26,10,11
05187,"MGSM's Smt. Sharadchandrika Suresh Patil College of Pharmacy, Chopda",Pharmacy,OPEN,CAP Round I,2025-26,10,7
05187,"MGSM's Smt. Sharadchandrika Suresh Patil College of Pharmacy, Chopda",Pharmacy,SC,CAP Round I,2025-26,10,2
05187,"MGSM's Smt. Sharadchandrika Suresh Patil College of Pharmacy, Chopda",Pharmacy,ST,CAP Round I,2025-26,10,1
05187,"MGSM's Smt. Sharadchandrika Suresh Patil College of Pharmacy, Chopda",Pharmacy,NTB,CAP Round I,2025-26,10,1
05187,"MGSM's Smt. Sharadchandrika Suresh Patil College of Pharmacy, Chopda",Pharmacy,NTD,CAP Round I,2025-26,10,1
05187,"MGSM's Smt. Sharadchandrika Suresh Patil College of Pharmacy, Chopda",Pharmacy,OBC,CAP Round I,2025-26,10,2
05187,"MGSM's Smt. Sharadchandrika Suresh Patil College of Pharmacy, Chopda",Pharmacy,SEBC,CAP Round I,2025-26,10,2
05187,"MGSM's Smt. Sharadchandrika Suresh Patil College of Pharmacy, Chopda",Pharmacy,PWD,CAP Round I,2025-26,10,1
05187,"MGSM's Smt. Sharadchandrika Suresh Patil College of Pharmacy, Chopda",Pharmacy,DEF,CAP Round I,2025-26,10,1
05187,"MGSM's Smt. Sharadchandrika Suresh Patil College of Pharmacy, Chopda",Pharmacy,EWS,CAP Round I,2025-26,10,10
05189,"P.S.G.V.P.M.'s College of Pharmacy, Shahada",Pharmacy,OPEN,CAP Round I,2025-26,10,13
05190,"Tapi Valley Education Society's Hon'ble Loksevak Madhukarrao Chaudhari College of Pharmacy, Faizpur",Pharmacy,OPEN,CAP Round I,2025-26,6,9
05190,"Tapi Valley Education Society's Hon'ble Loksevak Madhukarrao Chaudhari College of Pharmacy, Faizpur",Pharmacy,SC,CAP Round I,2025-26,6,3
05190,"Tapi Valley Education Society's Hon'ble Loksevak Madhukarrao Chaudhari College of Pharmacy, Faizpur",Pharmacy,ST,CAP Round I,2025-26,6,2
05190,"Tapi Valley Education Society's Hon'ble Loksevak Madhukarrao Chaudhari College of Pharmacy, Faizpur",Pharmacy,VJ/DT,CAP Round I,2025-26,6,1
05190,"Tapi Valley Education Society's Hon'ble Loksevak Madhukarrao Chaudhari College of Pharmacy, Faizpur",Pharmacy,NTC,CAP Round I,2025-26,6,1
05190,"Tapi Valley Education Society's Hon'ble Loksevak Madhukarrao Chaudhari College of Pharmacy, Faizpur",Pharmacy,OBC,CAP Round I,2025-26,6,4
05190,"Tapi Valley Education Society's Hon'ble Loksevak Madhukarrao Chaudhari College of Pharmacy, Faizpur",Pharmacy,SEBC,CAP Round I,2025-26,6,2
05190,"Tapi Valley Education Society's Hon'ble Loksevak Madhukarrao Chaudhari College of Pharmacy, Faizpur",Pharmacy,PWD,CAP Round I,2025-26,6,1
05190,"Tapi Valley Education Society's Hon'ble Loksevak Madhukarrao Chaudhari College of Pharmacy, Faizpur",Pharmacy,DEF,CAP Round I,2025-26,6,1
05190,"Tapi Valley Education Society's Hon'ble Loksevak Madhukarrao Chaudhari College of Pharmacy, Faizpur",Pharmacy,EWS,CAP Round I,2025-26,6,5
05191,"Dr. Vithalrao Vikhe Patil Foundation's College of Pharmacy, Ahmednagar",Pharmacy,OPEN,CAP Round I,2025-26,10,5
05191,"Dr. Vithalrao Vikhe Patil Foundation's College of Pharmacy, Ahmednagar",Pharmacy,SC,CAP Round I,2025-26,10,1
05191,"Dr. Vithalrao Vikhe Patil Foundation's College of Pharmacy, Ahmednagar",Pharmacy,ST,CAP Round I,2025-26,10,1
05191,"Dr. Vithalrao Vikhe Patil Foundation's College of Pharmacy, Ahmednagar",Pharmacy,NTB,CAP Round I,2025-26,10,1
05191,"Dr. Vithalrao Vikhe Patil Foundation's College of Pharmacy, Ahmednagar",Pharmacy,OBC,CAP Round I,2025-26,10,2
05191,"Dr. Vithalrao Vikhe Patil Foundation's College of Pharmacy, Ahmednagar",Pharmacy,SEBC,CAP Round I,2025-26,10,1
05191,"Dr. Vithalrao Vikhe Patil Foundation's College of Pharmacy, Ahmednagar",Pharmacy,PWD,CAP Round I,2025-26,10,1
05191,"Dr. Vithalrao Vikhe Patil Foundation's College of Pharmacy, Ahmednagar",Pharmacy,DEF,CAP Round I,2025-26,10,1
05191,"Dr. Vithalrao Vikhe Patil Foundation's College of Pharmacy, Ahmednagar",Pharmacy,EWS,CAP Round I,2025-26,10,10
05192,"SNJB's Shriman Sureshdada Jain College of Pharmacy, Neminagar, Chandwad, Nashik",Pharmacy,OPEN,CAP Round I,2025-26,10,7
05193,Mula Education Society's College of Pharmacy.Sonai,Pharmacy,OPEN,CAP Round I,2025-26,10,9
05193,Mula Education Society's College of Pharmacy.Sonai,Pharmacy,SC,CAP Round I,2025-26,10,3
05193,Mula Education Society's College of Pharmacy.Sonai,Pharmacy,ST,CAP Round I,2025-26,10,2
05193,Mula Education Society's College of Pharmacy.Sonai,Pharmacy,VJ/DT,CAP Round I,2025-26,10,1
05193,Mula Education Society's College of Pharmacy.Sonai,Pharmacy,NTC,CAP Round I,2025-26,10,1
05193,Mula Education Society's College of Pharmacy.Sonai,Pharmacy,OBC,CAP Round I,2025-26,10,4
05193,Mula Education Society's College of Pharmacy.Sonai,Pharmacy,SEBC,CAP Round I,2025-26,10,2
05193,Mula Education Society's College of Pharmacy.Sonai,Pharmacy,PWD,CAP Round I,2025-26,10,1
05193,Mula Education Society's College of Pharmacy.Sonai,Pharmacy,DEF,CAP Round I,2025-26,10,1
05193,Mula Education Society's College of Pharmacy.Sonai,Pharmacy,EWS,CAP Round I,2025-26,10,11
05194,"Amrutvahini College of Pharmacy, Sangamner",Pharmacy,OPEN,CAP Round I,2025-26,10,5
05194,"Amrutvahini College of Pharmacy, Sangamner",Pharmacy,SC,CAP Round I,2025-26,10,2
05194,"Amrutvahini College of Pharmacy, Sangamner",Pharmacy,ST,CAP Round I,2025-26,10,1
05194,"Amrutvahini College of Pharmacy, Sangamner",Pharmacy,VJ/DT,CAP Round I,2025-26,10,1
05194,"Amrutvahini College of Pharmacy, Sangamner",Pharmacy,NTC,CAP Round I,2025-26,10,1
05194,"Amrutvahini College of Pharmacy, Sangamner",Pharmacy,OBC,CAP Round I,2025-26,10,3
05194,"Amrutvahini College of Pharmacy, Sangamner",Pharmacy,SEBC,CAP Round I,2025-26,10,1
05194,"Amrutvahini College of Pharmacy, Sangamner",Pharmacy,PWD,CAP Round I,2025-26,10,1
05194,"Amrutvahini College of Pharmacy, Sangamner",Pharmacy,DEF,CAP Round I,2025-26,10,1
05194,"Amrutvahini College of Pharmacy, Sangamner",Pharmacy,EWS,CAP Round I,2025-26,10,2
05195,"Sanjivani Rural Education Society's Sanjivani College of Pharmaceutical & Research, Kopargaon",Pharmacy,OPEN,CAP Round I,2025-26,10,6
05195,"Sanjivani Rural Education Society's Sanjivani College of Pharmaceutical & Research, Kopargaon",Pharmacy,SC,CAP Round I,2025-26,10,1
05195,"Sanjivani Rural Education Society's Sanjivani College of Pharmaceutical & Research, Kopargaon",Pharmacy,ST,CAP Round I,2025-26,10,1
05195,"Sanjivani Rural Education Society's Sanjivani College of Pharmaceutical & Research, Kopargaon",Pharmacy,NTB,CAP Round I,2025-26,10,1
05195,"Sanjivani Rural Education Society's Sanjivani College of Pharmaceutical & Research, Kopargaon",Pharmacy,NTC,CAP Round I,2025-26,10,1
05195,"Sanjivani Rural Education Society's Sanjivani College of Pharmaceutical & Research, Kopargaon",Pharmacy,OBC,CAP Round I,2025-26,10,3
05195,"Sanjivani Rural Education Society's Sanjivani College of Pharmaceutical & Research, Kopargaon",Pharmacy,SEBC,CAP Round I,2025-26,10,1
05195,"Sanjivani Rural Education Society's Sanjivani College of Pharmaceutical & Research, Kopargaon",Pharmacy,PWD,CAP Round I,2025-26,10,1
05195,"Sanjivani Rural Education Society's Sanjivani College of Pharmaceutical & Research, Kopargaon",Pharmacy,DEF,CAP Round I,2025-26,10,1
05195,"Sanjivani Rural Education Society's Sanjivani College of Pharmaceutical & Research, Kopargaon",Pharmacy,EWS,CAP Round I,2025-26,10,2
05196,"H. R. Patel Institute of Phamaceutical Educatiion & Research ,Shirpur, Dhule",Pharmacy,OPEN,CAP Round I,2025-26,10,9
05197,"Jagdamba Education Soceity,S.N.D. College of Pharmacy Babhulgaon, Nashik",Pharmacy,OPEN,CAP Round I,2025-26,10,13
05197,"Jagdamba Education Soceity,S.N.D. College of Pharmacy Babhulgaon, Nashik",Pharmacy,SC,CAP Round I,2025-26,10,5
05197,"Jagdamba Education Soceity,S.N.D. College of Pharmacy Babhulgaon, Nashik",Pharmacy,ST,CAP Round I,2025-26,10,3
05197,"Jagdamba Education Soceity,S.N.D. College of Pharmacy Babhulgaon, Nashik",Pharmacy,VJ/DT,CAP Round I,2025-26,10,1
05197,"Jagdamba Education Soceity,S.N.D. College of Pharmacy Babhulgaon, Nashik",Pharmacy,NTB,CAP Round I,2025-26,10,1
05197,"Jagdamba Education Soceity,S.N.D. College of Pharmacy Babhulgaon, Nashik",Pharmacy,NTC,CAP Round I,2025-26,10,1
05197,"Jagdamba Education Soceity,S.N.D. College of Pharmacy Babhulgaon, Nashik",Pharmacy,NTD,CAP Round I,2025-26,10,1
05197,"Jagdamba Education Soceity,S.N.D. College of Pharmacy Babhulgaon, Nashik",Pharmacy,OBC,CAP Round I,2025-26,10,7
05197,"Jagdamba Education Soceity,S.N.D. College of Pharmacy Babhulgaon, Nashik",Pharmacy,SEBC,CAP Round I,2025-26,10,4
05197,"Jagdamba Education Soceity,S.N.D. College of Pharmacy Babhulgaon, Nashik",Pharmacy,PWD,CAP Round I,2025-26,10,3
05197,"Jagdamba Education Soceity,S.N.D. College of Pharmacy Babhulgaon, Nashik",Pharmacy,DEF,CAP Round I,2025-26,10,3
05197,"Jagdamba Education Soceity,S.N.D. College of Pharmacy Babhulgaon, Nashik",Pharmacy,EWS,CAP Round I,2025-26,10,10
05198,"S.M.B.T. College Of Pharmacy Nandi Hills,Dhamangaon, Nashik.",Pharmacy,OPEN,CAP Round I,2025-26,6,6
05198,"S.M.B.T. College Of Pharmacy Nandi Hills,Dhamangaon, Nashik.",Pharmacy,SC,CAP Round I,2025-26,6,2
05198,"S.M.B.T. College Of Pharmacy Nandi Hills,Dhamangaon, Nashik.",Pharmacy,ST,CAP Round I,2025-26,6,1
05198,"S.M.B.T. College Of Pharmacy Nandi Hills,Dhamangaon, Nashik.",Pharmacy,VJ/DT,CAP Round I,2025-26,6,1
05198,"S.M.B.T. College Of Pharmacy Nandi Hills,Dhamangaon, Nashik.",Pharmacy,NTC,CAP Round I,2025-26,6,1
05198,"S.M.B.T. College Of Pharmacy Nandi Hills,Dhamangaon, Nashik.",Pharmacy,OBC,CAP Round I,2025-26,6,3
05198,"S.M.B.T. College Of Pharmacy Nandi Hills,Dhamangaon, Nashik.",Pharmacy,SEBC,CAP Round I,2025-26,6,1
05198,"S.M.B.T. College Of Pharmacy Nandi Hills,Dhamangaon, Nashik.",Pharmacy,PWD,CAP Round I,2025-26,6,1
05198,"S.M.B.T. College Of Pharmacy Nandi Hills,Dhamangaon, Nashik.",Pharmacy,DEF,CAP Round I,2025-26,6,1
05198,"S.M.B.T. College Of Pharmacy Nandi Hills,Dhamangaon, Nashik.",Pharmacy,EWS,CAP Round I,2025-26,6,2
05199,"Shri Sureshdada Jain Institute Of Pharmaceutical Education and Research,Jamner Dist- Jalgaon",Pharmacy,OPEN,CAP Round I,2025-26,6,6
05199,"Shri Sureshdada Jain Institute Of Pharmaceutical Education and Research,Jamner Dist- Jalgaon",Pharmacy,SC,CAP Round I,2025-26,6,1
05199,"Shri Sureshdada Jain Institute Of Pharmaceutical Education and Research,Jamner Dist- Jalgaon",Pharmacy,ST,CAP Round I,2025-26,6,1
05199,"Shri Sureshdada Jain Institute Of Pharmaceutical Education and Research,Jamner Dist- Jalgaon",Pharmacy,VJ/DT,CAP Round I,2025-26,6,1
05199,"Shri Sureshdada Jain Institute Of Pharmaceutical Education and Research,Jamner Dist- Jalgaon",Pharmacy,NTC,CAP Round I,2025-26,6,1
05199,"Shri Sureshdada Jain Institute Of Pharmaceutical Education and Research,Jamner Dist- Jalgaon",Pharmacy,OBC,CAP Round I,2025-26,6,3
05199,"Shri Sureshdada Jain Institute Of Pharmaceutical Education and Research,Jamner Dist- Jalgaon",Pharmacy,SEBC,CAP Round I,2025-26,6,1
05199,"Shri Sureshdada Jain Institute Of Pharmaceutical Education and Research,Jamner Dist- Jalgaon",Pharmacy,PWD,CAP Round I,2025-26,6,1
05199,"Shri Sureshdada Jain Institute Of Pharmaceutical Education and Research,Jamner Dist- Jalgaon",Pharmacy,DEF,CAP Round I,2025-26,6,1
05199,"Shri Sureshdada Jain Institute Of Pharmaceutical Education and Research,Jamner Dist- Jalgaon",Pharmacy,EWS,CAP Round I,2025-26,6,1
05200,"Shellino Education Society's Arunamai College of Pharmacy, Mamurabad, Jalgaon.",Pharmacy,OPEN,CAP Round I,2025-26,6,4
05200,"Shellino Education Society's Arunamai College of Pharmacy, Mamurabad, Jalgaon.",Pharmacy,SC,CAP Round I,2025-26,6,1
05200,"Shellino Education Society's Arunamai College of Pharmacy, Mamurabad, Jalgaon.",Pharmacy,ST,CAP Round I,2025-26,6,1
05200,"Shellino Education Society's Arunamai College of Pharmacy, Mamurabad, Jalgaon.",Pharmacy,VJ/DT,CAP Round I,2025-26,6,1
05200,"Shellino Education Society's Arunamai College of Pharmacy, Mamurabad, Jalgaon.",Pharmacy,OBC,CAP Round I,2025-26,6,2
05200,"Shellino Education Society's Arunamai College of Pharmacy, Mamurabad, Jalgaon.",Pharmacy,SEBC,CAP Round I,2025-26,6,1
05200,"Shellino Education Society's Arunamai College of Pharmacy, Mamurabad, Jalgaon.",Pharmacy,EWS,CAP Round I,2025-26,6,1
05201,Pravara Rural Education Society's College of Pharmacy (For Women) Chincholi Dist Nashik,Pharmacy,OPEN,CAP Round I,2025-26,6,5
05201,Pravara Rural Education Society's College of Pharmacy (For Women) Chincholi Dist Nashik,Pharmacy,SC,CAP Round I,2025-26,6,1
05201,Pravara Rural Education Society's College of Pharmacy (For Women) Chincholi Dist Nashik,Pharmacy,ST,CAP Round I,2025-26,6,1
05201,Pravara Rural Education Society's College of Pharmacy (For Women) Chincholi Dist Nashik,Pharmacy,VJ/DT,CAP Round I,2025-26,6,1
05201,Pravara Rural Education Society's College of Pharmacy (For Women) Chincholi Dist Nashik,Pharmacy,OBC,CAP Round I,2025-26,6,2
05201,Pravara Rural Education Society's College of Pharmacy (For Women) Chincholi Dist Nashik,Pharmacy,SEBC,CAP Round I,2025-26,6,1
05201,Pravara Rural Education Society's College of Pharmacy (For Women) Chincholi Dist Nashik,Pharmacy,PWD,CAP Round I,2025-26,6,1
05201,Pravara Rural Education Society's College of Pharmacy (For Women) Chincholi Dist Nashik,Pharmacy,DEF,CAP Round I,2025-26,6,1
05201,Pravara Rural Education Society's College of Pharmacy (For Women) Chincholi Dist Nashik,Pharmacy,EWS,CAP Round I,2025-26,6,7
05202,"Nasik Gramin Shikshan Prasarak Mandal's College of Pharmacy, Anjneri , Nashik-Trimbak Road, Nashik",Pharmacy,OPEN,CAP Round I,2025-26,6,12
05202,"Nasik Gramin Shikshan Prasarak Mandal's College of Pharmacy, Anjneri , Nashik-Trimbak Road, Nashik",Pharmacy,SC,CAP Round I,2025-26,6,4
05202,"Nasik Gramin Shikshan Prasarak Mandal's College of Pharmacy, Anjneri , Nashik-Trimbak Road, Nashik",Pharmacy,ST,CAP Round I,2025-26,6,2
05202,"Nasik Gramin Shikshan Prasarak Mandal's College of Pharmacy, Anjneri , Nashik-Trimbak Road, Nashik",Pharmacy,VJ/DT,CAP Round I,2025-26,6,1
05202,"Nasik Gramin Shikshan Prasarak Mandal's College of Pharmacy, Anjneri , Nashik-Trimbak Road, Nashik",Pharmacy,NTB,CAP Round I,2025-26,6,1
05202,"Nasik Gramin Shikshan Prasarak Mandal's College of Pharmacy, Anjneri , Nashik-Trimbak Road, Nashik",Pharmacy,NTC,CAP Round I,2025-26,6,1
05202,"Nasik Gramin Shikshan Prasarak Mandal's College of Pharmacy, Anjneri , Nashik-Trimbak Road, Nashik",Pharmacy,NTD,CAP Round I,2025-26,6,1
05202,"Nasik Gramin Shikshan Prasarak Mandal's College of Pharmacy, Anjneri , Nashik-Trimbak Road, Nashik",Pharmacy,OBC,CAP Round I,2025-26,6,5
05202,"Nasik Gramin Shikshan Prasarak Mandal's College of Pharmacy, Anjneri , Nashik-Trimbak Road, Nashik",Pharmacy,SEBC,CAP Round I,2025-26,6,3
05202,"Nasik Gramin Shikshan Prasarak Mandal's College of Pharmacy, Anjneri , Nashik-Trimbak Road, Nashik",Pharmacy,PWD,CAP Round I,2025-26,6,1
05202,"Nasik Gramin Shikshan Prasarak Mandal's College of Pharmacy, Anjneri , Nashik-Trimbak Road, Nashik",Pharmacy,DEF,CAP Round I,2025-26,6,1
05202,"Nasik Gramin Shikshan Prasarak Mandal's College of Pharmacy, Anjneri , Nashik-Trimbak Road, Nashik",Pharmacy,EWS,CAP Round I,2025-26,6,7
05203,"K.B.H.S.S. Trust's Institute of Pharmacy, Malegaon Camp, Malegaon, Nashik",Pharmacy,OPEN,CAP Round I,2025-26,10,10
05203,"K.B.H.S.S. Trust's Institute of Pharmacy, Malegaon Camp, Malegaon, Nashik",Pharmacy,SC,CAP Round I,2025-26,10,3
05203,"K.B.H.S.S. Trust's Institute of Pharmacy, Malegaon Camp, Malegaon, Nashik",Pharmacy,ST,CAP Round I,2025-26,10,2
05203,"K.B.H.S.S. Trust's Institute of Pharmacy, Malegaon Camp, Malegaon, Nashik",Pharmacy,VJ/DT,CAP Round I,2025-26,10,1
05203,"K.B.H.S.S. Trust's Institute of Pharmacy, Malegaon Camp, Malegaon, Nashik",Pharmacy,NTB,CAP Round I,2025-26,10,1
05203,"K.B.H.S.S. Trust's Institute of Pharmacy, Malegaon Camp, Malegaon, Nashik",Pharmacy,NTC,CAP Round I,2025-26,10,1
05203,"K.B.H.S.S. Trust's Institute of Pharmacy, Malegaon Camp, Malegaon, Nashik",Pharmacy,NTD,CAP Round I,2025-26,10,1
05203,"K.B.H.S.S. Trust's Institute of Pharmacy, Malegaon Camp, Malegaon, Nashik",Pharmacy,OBC,CAP Round I,2025-26,10,5
05203,"K.B.H.S.S. Trust's Institute of Pharmacy, Malegaon Camp, Malegaon, Nashik",Pharmacy,SEBC,CAP Round I,2025-26,10,2
05203,"K.B.H.S.S. Trust's Institute of Pharmacy, Malegaon Camp, Malegaon, Nashik",Pharmacy,PWD,CAP Round I,2025-26,10,1
05203,"K.B.H.S.S. Trust's Institute of Pharmacy, Malegaon Camp, Malegaon, Nashik",Pharmacy,DEF,CAP Round I,2025-26,10,1
05203,"K.B.H.S.S. Trust's Institute of Pharmacy, Malegaon Camp, Malegaon, Nashik",Pharmacy,EWS,CAP Round I,2025-26,10,11
05204,"Nagaon Education Society Gangamai College of Pharmacy, Nagaon,Dhule",Pharmacy,OPEN,CAP Round I,2025-26,10,11
05204,"Nagaon Education Society Gangamai College of Pharmacy, Nagaon,Dhule",Pharmacy,SC,CAP Round I,2025-26,10,4
05204,"Nagaon Education Society Gangamai College of Pharmacy, Nagaon,Dhule",Pharmacy,ST,CAP Round I,2025-26,10,2
05204,"Nagaon Education Society Gangamai College of Pharmacy, Nagaon,Dhule",Pharmacy,VJ/DT,CAP Round I,2025-26,10,1
05204,"Nagaon Education Society Gangamai College of Pharmacy, Nagaon,Dhule",Pharmacy,NTB,CAP Round I,2025-26,10,1
05204,"Nagaon Education Society Gangamai College of Pharmacy, Nagaon,Dhule",Pharmacy,NTC,CAP Round I,2025-26,10,1
05204,"Nagaon Education Society Gangamai College of Pharmacy, Nagaon,Dhule",Pharmacy,NTD,CAP Round I,2025-26,10,1
05204,"Nagaon Education Society Gangamai College of Pharmacy, Nagaon,Dhule",Pharmacy,OBC,CAP Round I,2025-26,10,6
05204,"Nagaon Education Society Gangamai College of Pharmacy, Nagaon,Dhule",Pharmacy,SEBC,CAP Round I,2025-26,10,3
05204,"Nagaon Education Society Gangamai College of Pharmacy, Nagaon,Dhule",Pharmacy,PWD,CAP Round I,2025-26,10,3
05204,"Nagaon Education Society Gangamai College of Pharmacy, Nagaon,Dhule",Pharmacy,DEF,CAP Round I,2025-26,10,3
05204,"Nagaon Education Society Gangamai College of Pharmacy, Nagaon,Dhule",Pharmacy,EWS,CAP Round I,2025-26,10,9
05205,"MGVM's Samajshri Prashantdada Hiray College of Pharmacy, Malegaon Camp, Malegaon",Pharmacy,OPEN,CAP Round I,2025-26,6,10
05205,"MGVM's Samajshri Prashantdada Hiray College of Pharmacy, Malegaon Camp, Malegaon",Pharmacy,SC,CAP Round I,2025-26,6,3
05205,"MGVM's Samajshri Prashantdada Hiray College of Pharmacy, Malegaon Camp, Malegaon",Pharmacy,ST,CAP Round I,2025-26,6,2
05205,"MGVM's Samajshri Prashantdada Hiray College of Pharmacy, Malegaon Camp, Malegaon",Pharmacy,VJ/DT,CAP Round I,2025-26,6,1
05205,"MGVM's Samajshri Prashantdada Hiray College of Pharmacy, Malegaon Camp, Malegaon",Pharmacy,NTC,CAP Round I,2025-26,6,1
05205,"MGVM's Samajshri Prashantdada Hiray College of Pharmacy, Malegaon Camp, Malegaon",Pharmacy,NTD,CAP Round I,2025-26,6,1
05205,"MGVM's Samajshri Prashantdada Hiray College of Pharmacy, Malegaon Camp, Malegaon",Pharmacy,OBC,CAP Round I,2025-26,6,5
05205,"MGVM's Samajshri Prashantdada Hiray College of Pharmacy, Malegaon Camp, Malegaon",Pharmacy,SEBC,CAP Round I,2025-26,6,2
05205,"MGVM's Samajshri Prashantdada Hiray College of Pharmacy, Malegaon Camp, Malegaon",Pharmacy,PWD,CAP Round I,2025-26,6,1
05205,"MGVM's Samajshri Prashantdada Hiray College of Pharmacy, Malegaon Camp, Malegaon",Pharmacy,DEF,CAP Round I,2025-26,6,1
05205,"MGVM's Samajshri Prashantdada Hiray College of Pharmacy, Malegaon Camp, Malegaon",Pharmacy,EWS,CAP Round I,2025-26,6,2
05206,"Kisan Vidya Prasarak's K.V.P.S. Institute of Pharmaceutical Education, Boradi, Shirpur, Dhule",Pharmacy,OPEN,CAP Round I,2025-26,10,18
05206,"Kisan Vidya Prasarak's K.V.P.S. Institute of Pharmaceutical Education, Boradi, Shirpur, Dhule",Pharmacy,SC,CAP Round I,2025-26,10,7
05206,"Kisan Vidya Prasarak's K.V.P.S. Institute of Pharmaceutical Education, Boradi, Shirpur, Dhule",Pharmacy,ST,CAP Round I,2025-26,10,3
05206,"Kisan Vidya Prasarak's K.V.P.S. Institute of Pharmaceutical Education, Boradi, Shirpur, Dhule",Pharmacy,VJ/DT,CAP Round I,2025-26,10,1
05206,"Kisan Vidya Prasarak's K.V.P.S. Institute of Pharmaceutical Education, Boradi, Shirpur, Dhule",Pharmacy,NTB,CAP Round I,2025-26,10,2
05206,"Kisan Vidya Prasarak's K.V.P.S. Institute of Pharmaceutical Education, Boradi, Shirpur, Dhule",Pharmacy,NTC,CAP Round I,2025-26,10,2
05206,"Kisan Vidya Prasarak's K.V.P.S. Institute of Pharmaceutical Education, Boradi, Shirpur, Dhule",Pharmacy,NTD,CAP Round I,2025-26,10,1
05206,"Kisan Vidya Prasarak's K.V.P.S. Institute of Pharmaceutical Education, Boradi, Shirpur, Dhule",Pharmacy,OBC,CAP Round I,2025-26,10,10
05206,"Kisan Vidya Prasarak's K.V.P.S. Institute of Pharmaceutical Education, Boradi, Shirpur, Dhule",Pharmacy,SEBC,CAP Round I,2025-26,10,5
05206,"Kisan Vidya Prasarak's K.V.P.S. Institute of Pharmaceutical Education, Boradi, Shirpur, Dhule",Pharmacy,PWD,CAP Round I,2025-26,10,4
05206,"Kisan Vidya Prasarak's K.V.P.S. Institute of Pharmaceutical Education, Boradi, Shirpur, Dhule",Pharmacy,DEF,CAP Round I,2025-26,10,4
05206,"Kisan Vidya Prasarak's K.V.P.S. Institute of Pharmaceutical Education, Boradi, Shirpur, Dhule",Pharmacy,EWS,CAP Round I,2025-26,10,9
05207,"MET's, Institute of Pharmacy,Bhujbal Knowledge City, Metleague Colleges, Adgaon, Nashik",Pharmacy,OPEN,CAP Round I,2025-26,10,6
05207,"MET's, Institute of Pharmacy,Bhujbal Knowledge City, Metleague Colleges, Adgaon, Nashik",Pharmacy,SC,CAP Round I,2025-26,10,2
05207,"MET's, Institute of Pharmacy,Bhujbal Knowledge City, Metleague Colleges, Adgaon, Nashik",Pharmacy,ST,CAP Round I,2025-26,10,1
05207,"MET's, Institute of Pharmacy,Bhujbal Knowledge City, Metleague Colleges, Adgaon, Nashik",Pharmacy,VJ/DT,CAP Round I,2025-26,10,1
05207,"MET's, Institute of Pharmacy,Bhujbal Knowledge City, Metleague Colleges, Adgaon, Nashik",Pharmacy,NTB,CAP Round I,2025-26,10,1
05207,"MET's, Institute of Pharmacy,Bhujbal Knowledge City, Metleague Colleges, Adgaon, Nashik",Pharmacy,NTC,CAP Round I,2025-26,10,1
05207,"MET's, Institute of Pharmacy,Bhujbal Knowledge City, Metleague Colleges, Adgaon, Nashik",Pharmacy,OBC,CAP Round I,2025-26,10,3
05207,"MET's, Institute of Pharmacy,Bhujbal Knowledge City, Metleague Colleges, Adgaon, Nashik",Pharmacy,SEBC,CAP Round I,2025-26,10,1
05207,"MET's, Institute of Pharmacy,Bhujbal Knowledge City, Metleague Colleges, Adgaon, Nashik",Pharmacy,PWD,CAP Round I,2025-26,10,1
05207,"MET's, Institute of Pharmacy,Bhujbal Knowledge City, Metleague Colleges, Adgaon, Nashik",Pharmacy,DEF,CAP Round I,2025-26,10,1
05207,"MET's, Institute of Pharmacy,Bhujbal Knowledge City, Metleague Colleges, Adgaon, Nashik",Pharmacy,EWS,CAP Round I,2025-26,10,3
05208,"Royal College of Pharmacetical Education & Research, Sione, Khrud, Malegaon",Pharmacy,OPEN,CAP Round I,2025-26,10,14
05208,"Royal College of Pharmacetical Education & Research, Sione, Khrud, Malegaon",Pharmacy,SC,CAP Round I,2025-26,10,5
05208,"Royal College of Pharmacetical Education & Research, Sione, Khrud, Malegaon",Pharmacy,ST,CAP Round I,2025-26,10,3
05208,"Royal College of Pharmacetical Education & Research, Sione, Khrud, Malegaon",Pharmacy,VJ/DT,CAP Round I,2025-26,10,1
05208,"Royal College of Pharmacetical Education & Research, Sione, Khrud, Malegaon",Pharmacy,NTB,CAP Round I,2025-26,10,1
05208,"Royal College of Pharmacetical Education & Research, Sione, Khrud, Malegaon",Pharmacy,NTC,CAP Round I,2025-26,10,2
05208,"Royal College of Pharmacetical Education & Research, Sione, Khrud, Malegaon",Pharmacy,NTD,CAP Round I,2025-26,10,1
05208,"Royal College of Pharmacetical Education & Research, Sione, Khrud, Malegaon",Pharmacy,OBC,CAP Round I,2025-26,10,8
05208,"Royal College of Pharmacetical Education & Research, Sione, Khrud, Malegaon",Pharmacy,SEBC,CAP Round I,2025-26,10,4
05208,"Royal College of Pharmacetical Education & Research, Sione, Khrud, Malegaon",Pharmacy,PWD,CAP Round I,2025-26,10,3
05208,"Royal College of Pharmacetical Education & Research, Sione, Khrud, Malegaon",Pharmacy,DEF,CAP Round I,2025-26,10,3
05208,"Royal College of Pharmacetical Education & Research, Sione, Khrud, Malegaon",Pharmacy,EWS,CAP Round I,2025-26,10,10
05209,"Kai Yashodabai Dagadu Saraf Charitable Trust's College of Pharmacy, Sakegaon",Pharmacy,OPEN,CAP Round I,2025-26,10,22
05209,"Kai Yashodabai Dagadu Saraf Charitable Trust's College of Pharmacy, Sakegaon",Pharmacy,SC,CAP Round I,2025-26,10,8
05209,"Kai Yashodabai Dagadu Saraf Charitable Trust's College of Pharmacy, Sakegaon",Pharmacy,ST,CAP Round I,2025-26,10,5
05209,"Kai Yashodabai Dagadu Saraf Charitable Trust's College of Pharmacy, Sakegaon",Pharmacy,VJ/DT,CAP Round I,2025-26,10,1
05209,"Kai Yashodabai Dagadu Saraf Charitable Trust's College of Pharmacy, Sakegaon",Pharmacy,NTB,CAP Round I,2025-26,10,2
05209,"Kai Yashodabai Dagadu Saraf Charitable Trust's College of Pharmacy, Sakegaon",Pharmacy,NTC,CAP Round I,2025-26,10,2
05209,"Kai Yashodabai Dagadu Saraf Charitable Trust's College of Pharmacy, Sakegaon",Pharmacy,NTD,CAP Round I,2025-26,10,1
05209,"Kai Yashodabai Dagadu Saraf Charitable Trust's College of Pharmacy, Sakegaon",Pharmacy,OBC,CAP Round I,2025-26,10,12
05209,"Kai Yashodabai Dagadu Saraf Charitable Trust's College of Pharmacy, Sakegaon",Pharmacy,SEBC,CAP Round I,2025-26,10,6
05209,"Kai Yashodabai Dagadu Saraf Charitable Trust's College of Pharmacy, Sakegaon",Pharmacy,PWD,CAP Round I,2025-26,10,4
05209,"Kai Yashodabai Dagadu Saraf Charitable Trust's College of Pharmacy, Sakegaon",Pharmacy,DEF,CAP Round I,2025-26,10,4
05209,"Kai Yashodabai Dagadu Saraf Charitable Trust's College of Pharmacy, Sakegaon",Pharmacy,EWS,CAP Round I,2025-26,10,4
05210,"Kalyani Charitable Trust, Ravindra Gambhirrao Sapkal College of Pharmacy, Anjaneri Tal. Trimbakeshwar Dist. Nashik",Pharmacy,OPEN,CAP Round I,2025-26,10,9
05210,"Kalyani Charitable Trust, Ravindra Gambhirrao Sapkal College of Pharmacy, Anjaneri Tal. Trimbakeshwar Dist. Nashik",Pharmacy,SC,CAP Round I,2025-26,10,3
05210,"Kalyani Charitable Trust, Ravindra Gambhirrao Sapkal College of Pharmacy, Anjaneri Tal. Trimbakeshwar Dist. Nashik",Pharmacy,ST,CAP Round I,2025-26,10,2
05210,"Kalyani Charitable Trust, Ravindra Gambhirrao Sapkal College of Pharmacy, Anjaneri Tal. Trimbakeshwar Dist. Nashik",Pharmacy,VJ/DT,CAP Round I,2025-26,10,1
05210,"Kalyani Charitable Trust, Ravindra Gambhirrao Sapkal College of Pharmacy, Anjaneri Tal. Trimbakeshwar Dist. Nashik",Pharmacy,NTC,CAP Round I,2025-26,10,1
05210,"Kalyani Charitable Trust, Ravindra Gambhirrao Sapkal College of Pharmacy, Anjaneri Tal. Trimbakeshwar Dist. Nashik",Pharmacy,OBC,CAP Round I,2025-26,10,4
05210,"Kalyani Charitable Trust, Ravindra Gambhirrao Sapkal College of Pharmacy, Anjaneri Tal. Trimbakeshwar Dist. Nashik",Pharmacy,SEBC,CAP Round I,2025-26,10,2
05210,"Kalyani Charitable Trust, Ravindra Gambhirrao Sapkal College of Pharmacy, Anjaneri Tal. Trimbakeshwar Dist. Nashik",Pharmacy,PWD,CAP Round I,2025-26,10,1
05210,"Kalyani Charitable Trust, Ravindra Gambhirrao Sapkal College of Pharmacy, Anjaneri Tal. Trimbakeshwar Dist. Nashik",Pharmacy,DEF,CAP Round I,2025-26,10,1
05210,"Kalyani Charitable Trust, Ravindra Gambhirrao Sapkal College of Pharmacy, Anjaneri Tal. Trimbakeshwar Dist. Nashik",Pharmacy,EWS,CAP Round I,2025-26,10,7
05211,"Shri. Vivekanand Nursing Home Trust, College of Pharmacy, Rahuri Factory, Ahmednagar",Pharmacy,OPEN,CAP Round I,2025-26,6,5
05211,"Shri. Vivekanand Nursing Home Trust, College of Pharmacy, Rahuri Factory, Ahmednagar",Pharmacy,SC,CAP Round I,2025-26,6,1
05211,"Shri. Vivekanand Nursing Home Trust, College of Pharmacy, Rahuri Factory, Ahmednagar",Pharmacy,ST,CAP Round I,2025-26,6,1
05211,"Shri. Vivekanand Nursing Home Trust, College of Pharmacy, Rahuri Factory, Ahmednagar",Pharmacy,NTB,CAP Round I,2025-26,6,1
05211,"Shri. Vivekanand Nursing Home Trust, College of Pharmacy, Rahuri Factory, Ahmednagar",Pharmacy,NTC,CAP Round I,2025-26,6,1
05211,"Shri. Vivekanand Nursing Home Trust, College of Pharmacy, Rahuri Factory, Ahmednagar",Pharmacy,OBC,CAP Round I,2025-26,6,2
05211,"Shri. Vivekanand Nursing Home Trust, College of Pharmacy, Rahuri Factory, Ahmednagar",Pharmacy,SEBC,CAP Round I,2025-26,6,1
05211,"Shri. Vivekanand Nursing Home Trust, College of Pharmacy, Rahuri Factory, Ahmednagar",Pharmacy,PWD,CAP Round I,2025-26,6,1
05211,"Shri. Vivekanand Nursing Home Trust, College of Pharmacy, Rahuri Factory, Ahmednagar",Pharmacy,DEF,CAP Round I,2025-26,6,1
05211,"Shri. Vivekanand Nursing Home Trust, College of Pharmacy, Rahuri Factory, Ahmednagar",Pharmacy,EWS,CAP Round I,2025-26,6,6
05212,"Shri. Gurudatta Shikshan Sansthas Loknete Dr. J.D. Pawar College of Pharmacy, Manur",Pharmacy,OPEN,CAP Round I,2025-26,6,11
05212,"Shri. Gurudatta Shikshan Sansthas Loknete Dr. J.D. Pawar College of Pharmacy, Manur",Pharmacy,SC,CAP Round I,2025-26,6,3
05212,"Shri. Gurudatta Shikshan Sansthas Loknete Dr. J.D. Pawar College of Pharmacy, Manur",Pharmacy,ST,CAP Round I,2025-26,6,2
05212,"Shri. Gurudatta Shikshan Sansthas Loknete Dr. J.D. Pawar College of Pharmacy, Manur",Pharmacy,VJ/DT,CAP Round I,2025-26,6,1
05212,"Shri. Gurudatta Shikshan Sansthas Loknete Dr. J.D. Pawar College of Pharmacy, Manur",Pharmacy,NTD,CAP Round I,2025-26,6,1
05212,"Shri. Gurudatta Shikshan Sansthas Loknete Dr. J.D. Pawar College of Pharmacy, Manur",Pharmacy,OBC,CAP Round I,2025-26,6,5
05212,"Shri. Gurudatta Shikshan Sansthas Loknete Dr. J.D. Pawar College of Pharmacy, Manur",Pharmacy,SEBC,CAP Round I,2025-26,6,3
05212,"Shri. Gurudatta Shikshan Sansthas Loknete Dr. J.D. Pawar College of Pharmacy, Manur",Pharmacy,PWD,CAP Round I,2025-26,6,1
05212,"Shri. Gurudatta Shikshan Sansthas Loknete Dr. J.D. Pawar College of Pharmacy, Manur",Pharmacy,DEF,CAP Round I,2025-26,6,1
05212,"Shri. Gurudatta Shikshan Sansthas Loknete Dr. J.D. Pawar College of Pharmacy, Manur",Pharmacy,EWS,CAP Round I,2025-26,6,6
05264,"Adivasi Seva Samiti's Institute of Industrial & Pharmaceutical Technology, Nashik",Pharmacy,OPEN,CAP Round I,2025-26,6,10
05264,"Adivasi Seva Samiti's Institute of Industrial & Pharmaceutical Technology, Nashik",Pharmacy,SC,CAP Round I,2025-26,6,3
05264,"Adivasi Seva Samiti's Institute of Industrial & Pharmaceutical Technology, Nashik",Pharmacy,ST,CAP Round I,2025-26,6,2
05264,"Adivasi Seva Samiti's Institute of Industrial & Pharmaceutical Technology, Nashik",Pharmacy,VJ/DT,CAP Round I,2025-26,6,1
05264,"Adivasi Seva Samiti's Institute of Industrial & Pharmaceutical Technology, Nashik",Pharmacy,NTC,CAP Round I,2025-26,6,1
05264,"Adivasi Seva Samiti's Institute of Industrial & Pharmaceutical Technology, Nashik",Pharmacy,NTD,CAP Round I,2025-26,6,1
05264,"Adivasi Seva Samiti's Institute of Industrial & Pharmaceutical Technology, Nashik",Pharmacy,OBC,CAP Round I,2025-26,6,5
05264,"Adivasi Seva Samiti's Institute of Industrial & Pharmaceutical Technology, Nashik",Pharmacy,SEBC,CAP Round I,2025-26,6,2
05264,"Adivasi Seva Samiti's Institute of Industrial & Pharmaceutical Technology, Nashik",Pharmacy,PWD,CAP Round I,2025-26,6,1
05264,"Adivasi Seva Samiti's Institute of Industrial & Pharmaceutical Technology, Nashik",Pharmacy,DEF,CAP Round I,2025-26,6,1
05264,"Adivasi Seva Samiti's Institute of Industrial & Pharmaceutical Technology, Nashik",Pharmacy,EWS,CAP Round I,2025-26,6,7
05267,"Kisan Vidya Prasarak Sanstha's Maharani Ahilyabai Holkar College of Pharmacy, Shingave Shivar, Shirpur",Pharmacy,OPEN,CAP Round I,2025-26,6,12
05267,"Kisan Vidya Prasarak Sanstha's Maharani Ahilyabai Holkar College of Pharmacy, Shingave Shivar, Shirpur",Pharmacy,SC,CAP Round I,2025-26,6,4
05267,"Kisan Vidya Prasarak Sanstha's Maharani Ahilyabai Holkar College of Pharmacy, Shingave Shivar, Shirpur",Pharmacy,ST,CAP Round I,2025-26,6,2
05267,"Kisan Vidya Prasarak Sanstha's Maharani Ahilyabai Holkar College of Pharmacy, Shingave Shivar, Shirpur",Pharmacy,VJ/DT,CAP Round I,2025-26,6,1
05267,"Kisan Vidya Prasarak Sanstha's Maharani Ahilyabai Holkar College of Pharmacy, Shingave Shivar, Shirpur",Pharmacy,NTB,CAP Round I,2025-26,6,1
05267,"Kisan Vidya Prasarak Sanstha's Maharani Ahilyabai Holkar College of Pharmacy, Shingave Shivar, Shirpur",Pharmacy,NTC,CAP Round I,2025-26,6,1
05267,"Kisan Vidya Prasarak Sanstha's Maharani Ahilyabai Holkar College of Pharmacy, Shingave Shivar, Shirpur",Pharmacy,NTD,CAP Round I,2025-26,6,1
05267,"Kisan Vidya Prasarak Sanstha's Maharani Ahilyabai Holkar College of Pharmacy, Shingave Shivar, Shirpur",Pharmacy,OBC,CAP Round I,2025-26,6,5
05267,"Kisan Vidya Prasarak Sanstha's Maharani Ahilyabai Holkar College of Pharmacy, Shingave Shivar, Shirpur",Pharmacy,SEBC,CAP Round I,2025-26,6,3
05267,"Kisan Vidya Prasarak Sanstha's Maharani Ahilyabai Holkar College of Pharmacy, Shingave Shivar, Shirpur",Pharmacy,PWD,CAP Round I,2025-26,6,1
05267,"Kisan Vidya Prasarak Sanstha's Maharani Ahilyabai Holkar College of Pharmacy, Shingave Shivar, Shirpur",Pharmacy,DEF,CAP Round I,2025-26,6,1
05267,"Kisan Vidya Prasarak Sanstha's Maharani Ahilyabai Holkar College of Pharmacy, Shingave Shivar, Shirpur",Pharmacy,EWS,CAP Round I,2025-26,6,1
05272,"Nandurbar Taluka Vidhayak Sanstha's Institute of Pharmacy,Nandurbar",Pharmacy,OPEN,CAP Round I,2025-26,10,28
05274,"Nashik District Maratha Vidya Prasarak Samaj's Institute Of Pharmaceutical Sciences, Adgaon, Nashik",Pharmacy,OPEN,CAP Round I,2025-26,6,9
05274,"Nashik District Maratha Vidya Prasarak Samaj's Institute Of Pharmaceutical Sciences, Adgaon, Nashik",Pharmacy,SC,CAP Round I,2025-26,6,3
05274,"Nashik District Maratha Vidya Prasarak Samaj's Institute Of Pharmaceutical Sciences, Adgaon, Nashik",Pharmacy,ST,CAP Round I,2025-26,6,2
05274,"Nashik District Maratha Vidya Prasarak Samaj's Institute Of Pharmaceutical Sciences, Adgaon, Nashik",Pharmacy,VJ/DT,CAP Round I,2025-26,6,1
05274,"Nashik District Maratha Vidya Prasarak Samaj's Institute Of Pharmaceutical Sciences, Adgaon, Nashik",Pharmacy,NTC,CAP Round I,2025-26,6,1
05274,"Nashik District Maratha Vidya Prasarak Samaj's Institute Of Pharmaceutical Sciences, Adgaon, Nashik",Pharmacy,OBC,CAP Round I,2025-26,6,4
05274,"Nashik District Maratha Vidya Prasarak Samaj's Institute Of Pharmaceutical Sciences, Adgaon, Nashik",Pharmacy,SEBC,CAP Round I,2025-26,6,2
05274,"Nashik District Maratha Vidya Prasarak Samaj's Institute Of Pharmaceutical Sciences, Adgaon, Nashik",Pharmacy,PWD,CAP Round I,2025-26,6,1
05274,"Nashik District Maratha Vidya Prasarak Samaj's Institute Of Pharmaceutical Sciences, Adgaon, Nashik",Pharmacy,DEF,CAP Round I,2025-26,6,1
05274,"Nashik District Maratha Vidya Prasarak Samaj's Institute Of Pharmaceutical Sciences, Adgaon, Nashik",Pharmacy,EWS,CAP Round I,2025-26,6,3
05276,"Khandesh Education Society?s Late Shri Pandharinath Chhagansheth Bhandarkar College of D. Pharmacy and Late Prof R .K. Kele College of B. Pharmacy, Amalner",Pharmacy,OPEN,CAP Round I,2025-26,6,8
05276,"Khandesh Education Society?s Late Shri Pandharinath Chhagansheth Bhandarkar College of D. Pharmacy and Late Prof R .K. Kele College of B. Pharmacy, Amalner",Pharmacy,SC,CAP Round I,2025-26,6,3
05276,"Khandesh Education Society?s Late Shri Pandharinath Chhagansheth Bhandarkar College of D. Pharmacy and Late Prof R .K. Kele College of B. Pharmacy, Amalner",Pharmacy,ST,CAP Round I,2025-26,6,1
05276,"Khandesh Education Society?s Late Shri Pandharinath Chhagansheth Bhandarkar College of D. Pharmacy and Late Prof R .K. Kele College of B. Pharmacy, Amalner",Pharmacy,VJ/DT,CAP Round I,2025-26,6,1
05276,"Khandesh Education Society?s Late Shri Pandharinath Chhagansheth Bhandarkar College of D. Pharmacy and Late Prof R .K. Kele College of B. Pharmacy, Amalner",Pharmacy,NTD,CAP Round I,2025-26,6,1
05276,"Khandesh Education Society?s Late Shri Pandharinath Chhagansheth Bhandarkar College of D. Pharmacy and Late Prof R .K. Kele College of B. Pharmacy, Amalner",Pharmacy,OBC,CAP Round I,2025-26,6,3
05276,"Khandesh Education Society?s Late Shri Pandharinath Chhagansheth Bhandarkar College of D. Pharmacy and Late Prof R .K. Kele College of B. Pharmacy, Amalner",Pharmacy,SEBC,CAP Round I,2025-26,6,2
05276,"Khandesh Education Society?s Late Shri Pandharinath Chhagansheth Bhandarkar College of D. Pharmacy and Late Prof R .K. Kele College of B. Pharmacy, Amalner",Pharmacy,PWD,CAP Round I,2025-26,6,1
05276,"Khandesh Education Society?s Late Shri Pandharinath Chhagansheth Bhandarkar College of D. Pharmacy and Late Prof R .K. Kele College of B. Pharmacy, Amalner",Pharmacy,DEF,CAP Round I,2025-26,6,1
05276,"Khandesh Education Society?s Late Shri Pandharinath Chhagansheth Bhandarkar College of D. Pharmacy and Late Prof R .K. Kele College of B. Pharmacy, Amalner",Pharmacy,EWS,CAP Round I,2025-26,6,2
05278,"The Shirpur Education Society's R.C.Patel Institute Of Pharmacy, Shirpur",Pharmacy,OPEN,CAP Round I,2025-26,10,7
05279,"Jagdamba Education Society's S.N.D. Institute of Pharmacy,Yeola",Pharmacy,OPEN,CAP Round I,2025-26,6,4
05279,"Jagdamba Education Society's S.N.D. Institute of Pharmacy,Yeola",Pharmacy,SC,CAP Round I,2025-26,6,1
05279,"Jagdamba Education Society's S.N.D. Institute of Pharmacy,Yeola",Pharmacy,ST,CAP Round I,2025-26,6,1
05279,"Jagdamba Education Society's S.N.D. Institute of Pharmacy,Yeola",Pharmacy,OBC,CAP Round I,2025-26,6,2
05279,"Jagdamba Education Society's S.N.D. Institute of Pharmacy,Yeola",Pharmacy,SEBC,CAP Round I,2025-26,6,1
05279,"Jagdamba Education Society's S.N.D. Institute of Pharmacy,Yeola",Pharmacy,EWS,CAP Round I,2025-26,6,7
05281,"Mahavir Institute Of Pharmacy, Nashik",Pharmacy,OPEN,CAP Round I,2025-26,10,11
05281,"Mahavir Institute Of Pharmacy, Nashik",Pharmacy,SC,CAP Round I,2025-26,10,3
05281,"Mahavir Institute Of Pharmacy, Nashik",Pharmacy,ST,CAP Round I,2025-26,10,2
05281,"Mahavir Institute Of Pharmacy, Nashik",Pharmacy,VJ/DT,CAP Round I,2025-26,10,1
05281,"Mahavir Institute Of Pharmacy, Nashik",Pharmacy,NTB,CAP Round I,2025-26,10,1
05281,"Mahavir Institute Of Pharmacy, Nashik",Pharmacy,NTC,CAP Round I,2025-26,10,1
05281,"Mahavir Institute Of Pharmacy, Nashik",Pharmacy,OBC,CAP Round I,2025-26,10,5
05281,"Mahavir Institute Of Pharmacy, Nashik",Pharmacy,SEBC,CAP Round I,2025-26,10,3
05281,"Mahavir Institute Of Pharmacy, Nashik",Pharmacy,PWD,CAP Round I,2025-26,10,1
05281,"Mahavir Institute Of Pharmacy, Nashik",Pharmacy,DEF,CAP Round I,2025-26,10,1
05281,"Mahavir Institute Of Pharmacy, Nashik",Pharmacy,EWS,CAP Round I,2025-26,10,9
05282,"Jamia Isalamia Isha-atul Uloom's Ali-Allana College of Pharmacy, Akkalkuwa",Pharmacy,OPEN,CAP Round I,2025-26,10,24
05283,"Jijamata Foundation's Shree. P.E. (Tatya) Patil Institute of Pharmacy, Jalgaon",Pharmacy,OPEN,CAP Round I,2025-26,6,12
05283,"Jijamata Foundation's Shree. P.E. (Tatya) Patil Institute of Pharmacy, Jalgaon",Pharmacy,SC,CAP Round I,2025-26,6,4
05283,"Jijamata Foundation's Shree. P.E. (Tatya) Patil Institute of Pharmacy, Jalgaon",Pharmacy,ST,CAP Round I,2025-26,6,2
05283,"Jijamata Foundation's Shree. P.E. (Tatya) Patil Institute of Pharmacy, Jalgaon",Pharmacy,VJ/DT,CAP Round I,2025-26,6,1
05283,"Jijamata Foundation's Shree. P.E. (Tatya) Patil Institute of Pharmacy, Jalgaon",Pharmacy,NTB,CAP Round I,2025-26,6,1
05283,"Jijamata Foundation's Shree. P.E. (Tatya) Patil Institute of Pharmacy, Jalgaon",Pharmacy,NTC,CAP Round I,2025-26,6,1
05283,"Jijamata Foundation's Shree. P.E. (Tatya) Patil Institute of Pharmacy, Jalgaon",Pharmacy,NTD,CAP Round I,2025-26,6,1
05283,"Jijamata Foundation's Shree. P.E. (Tatya) Patil Institute of Pharmacy, Jalgaon",Pharmacy,OBC,CAP Round I,2025-26,6,5
05283,"Jijamata Foundation's Shree. P.E. (Tatya) Patil Institute of Pharmacy, Jalgaon",Pharmacy,SEBC,CAP Round I,2025-26,6,3
05283,"Jijamata Foundation's Shree. P.E. (Tatya) Patil Institute of Pharmacy, Jalgaon",Pharmacy,PWD,CAP Round I,2025-26,6,1
05283,"Jijamata Foundation's Shree. P.E. (Tatya) Patil Institute of Pharmacy, Jalgaon",Pharmacy,DEF,CAP Round I,2025-26,6,1
05283,"Jijamata Foundation's Shree. P.E. (Tatya) Patil Institute of Pharmacy, Jalgaon",Pharmacy,EWS,CAP Round I,2025-26,6,4
05285,"Kakasaheb Mhaske Memorial Medical Foundation's Kakasaheb Mhaske College of Pharmacy, Nagapur, Ahmednagar",Pharmacy,OPEN,CAP Round I,2025-26,6,16
05285,"Kakasaheb Mhaske Memorial Medical Foundation's Kakasaheb Mhaske College of Pharmacy, Nagapur, Ahmednagar",Pharmacy,SC,CAP Round I,2025-26,6,6
05285,"Kakasaheb Mhaske Memorial Medical Foundation's Kakasaheb Mhaske College of Pharmacy, Nagapur, Ahmednagar",Pharmacy,ST,CAP Round I,2025-26,6,3
05285,"Kakasaheb Mhaske Memorial Medical Foundation's Kakasaheb Mhaske College of Pharmacy, Nagapur, Ahmednagar",Pharmacy,VJ/DT,CAP Round I,2025-26,6,1
05285,"Kakasaheb Mhaske Memorial Medical Foundation's Kakasaheb Mhaske College of Pharmacy, Nagapur, Ahmednagar",Pharmacy,NTB,CAP Round I,2025-26,6,1
05285,"Kakasaheb Mhaske Memorial Medical Foundation's Kakasaheb Mhaske College of Pharmacy, Nagapur, Ahmednagar",Pharmacy,NTC,CAP Round I,2025-26,6,2
05285,"Kakasaheb Mhaske Memorial Medical Foundation's Kakasaheb Mhaske College of Pharmacy, Nagapur, Ahmednagar",Pharmacy,NTD,CAP Round I,2025-26,6,1
05285,"Kakasaheb Mhaske Memorial Medical Foundation's Kakasaheb Mhaske College of Pharmacy, Nagapur, Ahmednagar",Pharmacy,OBC,CAP Round I,2025-26,6,9
05285,"Kakasaheb Mhaske Memorial Medical Foundation's Kakasaheb Mhaske College of Pharmacy, Nagapur, Ahmednagar",Pharmacy,SEBC,CAP Round I,2025-26,6,4
05285,"Kakasaheb Mhaske Memorial Medical Foundation's Kakasaheb Mhaske College of Pharmacy, Nagapur, Ahmednagar",Pharmacy,PWD,CAP Round I,2025-26,6,3
05285,"Kakasaheb Mhaske Memorial Medical Foundation's Kakasaheb Mhaske College of Pharmacy, Nagapur, Ahmednagar",Pharmacy,DEF,CAP Round I,2025-26,6,3
05285,"Kakasaheb Mhaske Memorial Medical Foundation's Kakasaheb Mhaske College of Pharmacy, Nagapur, Ahmednagar",Pharmacy,EWS,CAP Round I,2025-26,6,7
05286,"Swami Vivekanand Sanstha's Insttitute Of Pharmacy, Malegaon",Pharmacy,OPEN,CAP Round I,2025-26,10,26
05286,"Swami Vivekanand Sanstha's Insttitute Of Pharmacy, Malegaon",Pharmacy,SC,CAP Round I,2025-26,10,10
05286,"Swami Vivekanand Sanstha's Insttitute Of Pharmacy, Malegaon",Pharmacy,ST,CAP Round I,2025-26,10,6
05286,"Swami Vivekanand Sanstha's Insttitute Of Pharmacy, Malegaon",Pharmacy,VJ/DT,CAP Round I,2025-26,10,2
05286,"Swami Vivekanand Sanstha's Insttitute Of Pharmacy, Malegaon",Pharmacy,NTB,CAP Round I,2025-26,10,2
05286,"Swami Vivekanand Sanstha's Insttitute Of Pharmacy, Malegaon",Pharmacy,NTC,CAP Round I,2025-26,10,3
05286,"Swami Vivekanand Sanstha's Insttitute Of Pharmacy, Malegaon",Pharmacy,NTD,CAP Round I,2025-26,10,1
05286,"Swami Vivekanand Sanstha's Insttitute Of Pharmacy, Malegaon",Pharmacy,OBC,CAP Round I,2025-26,10,15
05286,"Swami Vivekanand Sanstha's Insttitute Of Pharmacy, Malegaon",Pharmacy,SEBC,CAP Round I,2025-26,10,8
05286,"Swami Vivekanand Sanstha's Insttitute Of Pharmacy, Malegaon",Pharmacy,PWD,CAP Round I,2025-26,10,6
05286,"Swami Vivekanand Sanstha's Insttitute Of Pharmacy, Malegaon",Pharmacy,DEF,CAP Round I,2025-26,10,6
05286,"Swami Vivekanand Sanstha's Insttitute Of Pharmacy, Malegaon",Pharmacy,EWS,CAP Round I,2025-26,10,11
05287,"Amrutvahini Sheti & Shikshan Vikas Sanstha`S Amrutwahini Institute Of Pharmacy, Sangamner",Pharmacy,OPEN,CAP Round I,2025-26,6,3
05287,"Amrutvahini Sheti & Shikshan Vikas Sanstha`S Amrutwahini Institute Of Pharmacy, Sangamner",Pharmacy,SC,CAP Round I,2025-26,6,1
05287,"Amrutvahini Sheti & Shikshan Vikas Sanstha`S Amrutwahini Institute Of Pharmacy, Sangamner",Pharmacy,ST,CAP Round I,2025-26,6,1
05287,"Amrutvahini Sheti & Shikshan Vikas Sanstha`S Amrutwahini Institute Of Pharmacy, Sangamner",Pharmacy,OBC,CAP Round I,2025-26,6,2
05287,"Amrutvahini Sheti & Shikshan Vikas Sanstha`S Amrutwahini Institute Of Pharmacy, Sangamner",Pharmacy,SEBC,CAP Round I,2025-26,6,1
05287,"Amrutvahini Sheti & Shikshan Vikas Sanstha`S Amrutwahini Institute Of Pharmacy, Sangamner",Pharmacy,EWS,CAP Round I,2025-26,6,3
05292,"Matoshri Education Society's M. A. B. D. Institute of Pharmaceutical Education and Research, Babhulgaon, Tal. Yeola, Dist. Nashik",Pharmacy,OPEN,CAP Round I,2025-26,6,17
05292,"Matoshri Education Society's M. A. B. D. Institute of Pharmaceutical Education and Research, Babhulgaon, Tal. Yeola, Dist. Nashik",Pharmacy,SC,CAP Round I,2025-26,6,6
05292,"Matoshri Education Society's M. A. B. D. Institute of Pharmaceutical Education and Research, Babhulgaon, Tal. Yeola, Dist. Nashik",Pharmacy,ST,CAP Round I,2025-26,6,3
05292,"Matoshri Education Society's M. A. B. D. Institute of Pharmaceutical Education and Research, Babhulgaon, Tal. Yeola, Dist. Nashik",Pharmacy,VJ/DT,CAP Round I,2025-26,6,1
05292,"Matoshri Education Society's M. A. B. D. Institute of Pharmaceutical Education and Research, Babhulgaon, Tal. Yeola, Dist. Nashik",Pharmacy,NTB,CAP Round I,2025-26,6,1
05292,"Matoshri Education Society's M. A. B. D. Institute of Pharmaceutical Education and Research, Babhulgaon, Tal. Yeola, Dist. Nashik",Pharmacy,NTC,CAP Round I,2025-26,6,2
05292,"Matoshri Education Society's M. A. B. D. Institute of Pharmaceutical Education and Research, Babhulgaon, Tal. Yeola, Dist. Nashik",Pharmacy,NTD,CAP Round I,2025-26,6,1
05292,"Matoshri Education Society's M. A. B. D. Institute of Pharmaceutical Education and Research, Babhulgaon, Tal. Yeola, Dist. Nashik",Pharmacy,OBC,CAP Round I,2025-26,6,9
05292,"Matoshri Education Society's M. A. B. D. Institute of Pharmaceutical Education and Research, Babhulgaon, Tal. Yeola, Dist. Nashik",Pharmacy,SEBC,CAP Round I,2025-26,6,4
05292,"Matoshri Education Society's M. A. B. D. Institute of Pharmaceutical Education and Research, Babhulgaon, Tal. Yeola, Dist. Nashik",Pharmacy,PWD,CAP Round I,2025-26,6,3
05292,"Matoshri Education Society's M. A. B. D. Institute of Pharmaceutical Education and Research, Babhulgaon, Tal. Yeola, Dist. Nashik",Pharmacy,DEF,CAP Round I,2025-26,6,3
05292,"Matoshri Education Society's M. A. B. D. Institute of Pharmaceutical Education and Research, Babhulgaon, Tal. Yeola, Dist. Nashik",Pharmacy,EWS,CAP Round I,2025-26,6,6
05293,"Nagaon Education Soc., Gangamai Institute of Pharmacy, Nagaon, Dist. Dhule",Pharmacy,OPEN,CAP Round I,2025-26,10,24
05293,"Nagaon Education Soc., Gangamai Institute of Pharmacy, Nagaon, Dist. Dhule",Pharmacy,SC,CAP Round I,2025-26,10,9
05293,"Nagaon Education Soc., Gangamai Institute of Pharmacy, Nagaon, Dist. Dhule",Pharmacy,ST,CAP Round I,2025-26,10,5
05293,"Nagaon Education Soc., Gangamai Institute of Pharmacy, Nagaon, Dist. Dhule",Pharmacy,VJ/DT,CAP Round I,2025-26,10,2
05293,"Nagaon Education Soc., Gangamai Institute of Pharmacy, Nagaon, Dist. Dhule",Pharmacy,NTB,CAP Round I,2025-26,10,2
05293,"Nagaon Education Soc., Gangamai Institute of Pharmacy, Nagaon, Dist. Dhule",Pharmacy,NTC,CAP Round I,2025-26,10,3
05293,"Nagaon Education Soc., Gangamai Institute of Pharmacy, Nagaon, Dist. Dhule",Pharmacy,NTD,CAP Round I,2025-26,10,1
05293,"Nagaon Education Soc., Gangamai Institute of Pharmacy, Nagaon, Dist. Dhule",Pharmacy,OBC,CAP Round I,2025-26,10,12
05293,"Nagaon Education Soc., Gangamai Institute of Pharmacy, Nagaon, Dist. Dhule",Pharmacy,SEBC,CAP Round I,2025-26,10,7
05293,"Nagaon Education Soc., Gangamai Institute of Pharmacy, Nagaon, Dist. Dhule",Pharmacy,PWD,CAP Round I,2025-26,10,4
05293,"Nagaon Education Soc., Gangamai Institute of Pharmacy, Nagaon, Dist. Dhule",Pharmacy,DEF,CAP Round I,2025-26,10,4
05293,"Nagaon Education Soc., Gangamai Institute of Pharmacy, Nagaon, Dist. Dhule",Pharmacy,EWS,CAP Round I,2025-26,10,10
05294,"Godavari Shikshan Mandal's Asian Institute of Pharmacy, Nashik.",Pharmacy,OPEN,CAP Round I,2025-26,10,35
05294,"Godavari Shikshan Mandal's Asian Institute of Pharmacy, Nashik.",Pharmacy,SC,CAP Round I,2025-26,10,13
05294,"Godavari Shikshan Mandal's Asian Institute of Pharmacy, Nashik.",Pharmacy,ST,CAP Round I,2025-26,10,7
05294,"Godavari Shikshan Mandal's Asian Institute of Pharmacy, Nashik.",Pharmacy,VJ/DT,CAP Round I,2025-26,10,3
05294,"Godavari Shikshan Mandal's Asian Institute of Pharmacy, Nashik.",Pharmacy,NTB,CAP Round I,2025-26,10,3
05294,"Godavari Shikshan Mandal's Asian Institute of Pharmacy, Nashik.",Pharmacy,NTC,CAP Round I,2025-26,10,4
05294,"Godavari Shikshan Mandal's Asian Institute of Pharmacy, Nashik.",Pharmacy,NTD,CAP Round I,2025-26,10,2
05294,"Godavari Shikshan Mandal's Asian Institute of Pharmacy, Nashik.",Pharmacy,OBC,CAP Round I,2025-26,10,19
05294,"Godavari Shikshan Mandal's Asian Institute of Pharmacy, Nashik.",Pharmacy,SEBC,CAP Round I,2025-26,10,10
05294,"Godavari Shikshan Mandal's Asian Institute of Pharmacy, Nashik.",Pharmacy,PWD,CAP Round I,2025-26,10,7
05294,"Godavari Shikshan Mandal's Asian Institute of Pharmacy, Nashik.",Pharmacy,DEF,CAP Round I,2025-26,10,7
05294,"Godavari Shikshan Mandal's Asian Institute of Pharmacy, Nashik.",Pharmacy,EWS,CAP Round I,2025-26,10,10
05295,"Sanjay Education Society's Institute of Pharmacy, Navalnagar, Dhule",Pharmacy,OPEN,CAP Round I,2025-26,10,27
05295,"Sanjay Education Society's Institute of Pharmacy, Navalnagar, Dhule",Pharmacy,SC,CAP Round I,2025-26,10,10
05295,"Sanjay Education Society's Institute of Pharmacy, Navalnagar, Dhule",Pharmacy,ST,CAP Round I,2025-26,10,6
05295,"Sanjay Education Society's Institute of Pharmacy, Navalnagar, Dhule",Pharmacy,VJ/DT,CAP Round I,2025-26,10,3
05295,"Sanjay Education Society's Institute of Pharmacy, Navalnagar, Dhule",Pharmacy,NTB,CAP Round I,2025-26,10,2
05295,"Sanjay Education Society's Institute of Pharmacy, Navalnagar, Dhule",Pharmacy,NTC,CAP Round I,2025-26,10,3
05295,"Sanjay Education Society's Institute of Pharmacy, Navalnagar, Dhule",Pharmacy,NTD,CAP Round I,2025-26,10,2
05295,"Sanjay Education Society's Institute of Pharmacy, Navalnagar, Dhule",Pharmacy,OBC,CAP Round I,2025-26,10,15
05295,"Sanjay Education Society's Institute of Pharmacy, Navalnagar, Dhule",Pharmacy,SEBC,CAP Round I,2025-26,10,8
05295,"Sanjay Education Society's Institute of Pharmacy, Navalnagar, Dhule",Pharmacy,PWD,CAP Round I,2025-26,10,6
05295,"Sanjay Education Society's Institute of Pharmacy, Navalnagar, Dhule",Pharmacy,DEF,CAP Round I,2025-26,10,6
05295,"Sanjay Education Society's Institute of Pharmacy, Navalnagar, Dhule",Pharmacy,EWS,CAP Round I,2025-26,10,10
05300,"Shraddha Rural Medical Social Welfare & Education's Sahakar Maharshi Kisanrao Varal Patil College Of Pharmacy, Nighoj, Tal.Parner, Dist. Ahmednagar",Pharmacy,OPEN,CAP Round I,2025-26,6,15
05300,"Shraddha Rural Medical Social Welfare & Education's Sahakar Maharshi Kisanrao Varal Patil College Of Pharmacy, Nighoj, Tal.Parner, Dist. Ahmednagar",Pharmacy,SC,CAP Round I,2025-26,6,6
05300,"Shraddha Rural Medical Social Welfare & Education's Sahakar Maharshi Kisanrao Varal Patil College Of Pharmacy, Nighoj, Tal.Parner, Dist. Ahmednagar",Pharmacy,ST,CAP Round I,2025-26,6,3
05300,"Shraddha Rural Medical Social Welfare & Education's Sahakar Maharshi Kisanrao Varal Patil College Of Pharmacy, Nighoj, Tal.Parner, Dist. Ahmednagar",Pharmacy,VJ/DT,CAP Round I,2025-26,6,1
05300,"Shraddha Rural Medical Social Welfare & Education's Sahakar Maharshi Kisanrao Varal Patil College Of Pharmacy, Nighoj, Tal.Parner, Dist. Ahmednagar",Pharmacy,NTB,CAP Round I,2025-26,6,1
05300,"Shraddha Rural Medical Social Welfare & Education's Sahakar Maharshi Kisanrao Varal Patil College Of Pharmacy, Nighoj, Tal.Parner, Dist. Ahmednagar",Pharmacy,NTC,CAP Round I,2025-26,6,1
05300,"Shraddha Rural Medical Social Welfare & Education's Sahakar Maharshi Kisanrao Varal Patil College Of Pharmacy, Nighoj, Tal.Parner, Dist. Ahmednagar",Pharmacy,NTD,CAP Round I,2025-26,6,1
05300,"Shraddha Rural Medical Social Welfare & Education's Sahakar Maharshi Kisanrao Varal Patil College Of Pharmacy, Nighoj, Tal.Parner, Dist. Ahmednagar",Pharmacy,OBC,CAP Round I,2025-26,6,8
05300,"Shraddha Rural Medical Social Welfare & Education's Sahakar Maharshi Kisanrao Varal Patil College Of Pharmacy, Nighoj, Tal.Parner, Dist. Ahmednagar",Pharmacy,SEBC,CAP Round I,2025-26,6,4
05300,"Shraddha Rural Medical Social Welfare & Education's Sahakar Maharshi Kisanrao Varal Patil College Of Pharmacy, Nighoj, Tal.Parner, Dist. Ahmednagar",Pharmacy,PWD,CAP Round I,2025-26,6,3
05300,"Shraddha Rural Medical Social Welfare & Education's Sahakar Maharshi Kisanrao Varal Patil College Of Pharmacy, Nighoj, Tal.Parner, Dist. Ahmednagar",Pharmacy,DEF,CAP Round I,2025-26,6,3
05300,"Shraddha Rural Medical Social Welfare & Education's Sahakar Maharshi Kisanrao Varal Patil College Of Pharmacy, Nighoj, Tal.Parner, Dist. Ahmednagar",Pharmacy,EWS,CAP Round I,2025-26,6,6
05303,"Hon. Shri. Babanrao Pachpute Vichardhara Trust, Group of Institutions (Integrated Campus)-Parikrama, Kashti Shrigondha,",Pharmacy,OPEN,CAP Round I,2025-26,10,10
05303,"Hon. Shri. Babanrao Pachpute Vichardhara Trust, Group of Institutions (Integrated Campus)-Parikrama, Kashti Shrigondha,",Pharmacy,SC,CAP Round I,2025-26,10,3
05303,"Hon. Shri. Babanrao Pachpute Vichardhara Trust, Group of Institutions (Integrated Campus)-Parikrama, Kashti Shrigondha,",Pharmacy,ST,CAP Round I,2025-26,10,2
05303,"Hon. Shri. Babanrao Pachpute Vichardhara Trust, Group of Institutions (Integrated Campus)-Parikrama, Kashti Shrigondha,",Pharmacy,NTB,CAP Round I,2025-26,10,1
05303,"Hon. Shri. Babanrao Pachpute Vichardhara Trust, Group of Institutions (Integrated Campus)-Parikrama, Kashti Shrigondha,",Pharmacy,NTC,CAP Round I,2025-26,10,1
05303,"Hon. Shri. Babanrao Pachpute Vichardhara Trust, Group of Institutions (Integrated Campus)-Parikrama, Kashti Shrigondha,",Pharmacy,OBC,CAP Round I,2025-26,10,5
05303,"Hon. Shri. Babanrao Pachpute Vichardhara Trust, Group of Institutions (Integrated Campus)-Parikrama, Kashti Shrigondha,",Pharmacy,SEBC,CAP Round I,2025-26,10,2
05303,"Hon. Shri. Babanrao Pachpute Vichardhara Trust, Group of Institutions (Integrated Campus)-Parikrama, Kashti Shrigondha,",Pharmacy,PWD,CAP Round I,2025-26,10,1
05303,"Hon. Shri. Babanrao Pachpute Vichardhara Trust, Group of Institutions (Integrated Campus)-Parikrama, Kashti Shrigondha,",Pharmacy,DEF,CAP Round I,2025-26,10,1
05303,"Hon. Shri. Babanrao Pachpute Vichardhara Trust, Group of Institutions (Integrated Campus)-Parikrama, Kashti Shrigondha,",Pharmacy,EWS,CAP Round I,2025-26,10,8
05391,"Sandip Institute of Pharmaceutical Science, Nashik.",Pharmacy,OPEN,CAP Round I,2025-26,10,11
05391,"Sandip Institute of Pharmaceutical Science, Nashik.",Pharmacy,SC,CAP Round I,2025-26,10,3
05391,"Sandip Institute of Pharmaceutical Science, Nashik.",Pharmacy,ST,CAP Round I,2025-26,10,2
05391,"Sandip Institute of Pharmaceutical Science, Nashik.",Pharmacy,VJ/DT,CAP Round I,2025-26,10,1
05391,"Sandip Institute of Pharmaceutical Science, Nashik.",Pharmacy,NTD,CAP Round I,2025-26,10,1
05391,"Sandip Institute of Pharmaceutical Science, Nashik.",Pharmacy,OBC,CAP Round I,2025-26,10,5
05391,"Sandip Institute of Pharmaceutical Science, Nashik.",Pharmacy,SEBC,CAP Round I,2025-26,10,2
05391,"Sandip Institute of Pharmaceutical Science, Nashik.",Pharmacy,PWD,CAP Round I,2025-26,10,1
05391,"Sandip Institute of Pharmaceutical Science, Nashik.",Pharmacy,DEF,CAP Round I,2025-26,10,1
05391,"Sandip Institute of Pharmaceutical Science, Nashik.",Pharmacy,EWS,CAP Round I,2025-26,10,6
05405,"Matoshri College of Pharmacy, Eklahare, Nashik",Pharmacy,OPEN,CAP Round I,2025-26,10,6
05405,"Matoshri College of Pharmacy, Eklahare, Nashik",Pharmacy,SC,CAP Round I,2025-26,10,2
05405,"Matoshri College of Pharmacy, Eklahare, Nashik",Pharmacy,ST,CAP Round I,2025-26,10,1
05405,"Matoshri College of Pharmacy, Eklahare, Nashik",Pharmacy,VJ/DT,CAP Round I,2025-26,10,1
05405,"Matoshri College of Pharmacy, Eklahare, Nashik",Pharmacy,NTB,CAP Round I,2025-26,10,1
05405,"Matoshri College of Pharmacy, Eklahare, Nashik",Pharmacy,NTC,CAP Round I,2025-26,10,1
05405,"Matoshri College of Pharmacy, Eklahare, Nashik",Pharmacy,OBC,CAP Round I,2025-26,10,3
05405,"Matoshri College of Pharmacy, Eklahare, Nashik",Pharmacy,SEBC,CAP Round I,2025-26,10,1
05405,"Matoshri College of Pharmacy, Eklahare, Nashik",Pharmacy,PWD,CAP Round I,2025-26,10,1
05405,"Matoshri College of Pharmacy, Eklahare, Nashik",Pharmacy,DEF,CAP Round I,2025-26,10,1
05405,"Matoshri College of Pharmacy, Eklahare, Nashik",Pharmacy,EWS,CAP Round I,2025-26,10,8
05407,"J.E.S.S. College of Pharmacy, Nandurbar",Pharmacy,OPEN,CAP Round I,2025-26,10,9
05407,"J.E.S.S. College of Pharmacy, Nandurbar",Pharmacy,SC,CAP Round I,2025-26,10,3
05407,"J.E.S.S. College of Pharmacy, Nandurbar",Pharmacy,ST,CAP Round I,2025-26,10,2
05407,"J.E.S.S. College of Pharmacy, Nandurbar",Pharmacy,VJ/DT,CAP Round I,2025-26,10,1
05407,"J.E.S.S. College of Pharmacy, Nandurbar",Pharmacy,NTC,CAP Round I,2025-26,10,1
05407,"J.E.S.S. College of Pharmacy, Nandurbar",Pharmacy,OBC,CAP Round I,2025-26,10,4
05407,"J.E.S.S. College of Pharmacy, Nandurbar",Pharmacy,SEBC,CAP Round I,2025-26,10,2
05407,"J.E.S.S. College of Pharmacy, Nandurbar",Pharmacy,PWD,CAP Round I,2025-26,10,1
05407,"J.E.S.S. College of Pharmacy, Nandurbar",Pharmacy,DEF,CAP Round I,2025-26,10,1
05407,"J.E.S.S. College of Pharmacy, Nandurbar",Pharmacy,EWS,CAP Round I,2025-26,10,2
05410,"Gokhale Education Society's Sir Dr. M.S.Gosavi College of Pharmaceutical Education & Research, Nashik",Pharmacy,OPEN,CAP Round I,2025-26,10,5
05410,"Gokhale Education Society's Sir Dr. M.S.Gosavi College of Pharmaceutical Education & Research, Nashik",Pharmacy,SC,CAP Round I,2025-26,10,2
05410,"Gokhale Education Society's Sir Dr. M.S.Gosavi College of Pharmaceutical Education & Research, Nashik",Pharmacy,ST,CAP Round I,2025-26,10,1
05410,"Gokhale Education Society's Sir Dr. M.S.Gosavi College of Pharmaceutical Education & Research, Nashik",Pharmacy,VJ/DT,CAP Round I,2025-26,10,1
05410,"Gokhale Education Society's Sir Dr. M.S.Gosavi College of Pharmaceutical Education & Research, Nashik",Pharmacy,NTC,CAP Round I,2025-26,10,1
05410,"Gokhale Education Society's Sir Dr. M.S.Gosavi College of Pharmaceutical Education & Research, Nashik",Pharmacy,OBC,CAP Round I,2025-26,10,2
05410,"Gokhale Education Society's Sir Dr. M.S.Gosavi College of Pharmaceutical Education & Research, Nashik",Pharmacy,SEBC,CAP Round I,2025-26,10,1
05410,"Gokhale Education Society's Sir Dr. M.S.Gosavi College of Pharmaceutical Education & Research, Nashik",Pharmacy,PWD,CAP Round I,2025-26,10,1
05410,"Gokhale Education Society's Sir Dr. M.S.Gosavi College of Pharmaceutical Education & Research, Nashik",Pharmacy,DEF,CAP Round I,2025-26,10,1
05410,"Gokhale Education Society's Sir Dr. M.S.Gosavi College of Pharmaceutical Education & Research, Nashik",Pharmacy,EWS,CAP Round I,2025-26,10,1
05416,"Abasaheb Kakade College of B Pharmacy, At.Bodhegaon, Shevgaon, Ahmednagar",Pharmacy,OPEN,CAP Round I,2025-26,6,4
05416,"Abasaheb Kakade College of B Pharmacy, At.Bodhegaon, Shevgaon, Ahmednagar",Pharmacy,SC,CAP Round I,2025-26,6,1
05416,"Abasaheb Kakade College of B Pharmacy, At.Bodhegaon, Shevgaon, Ahmednagar",Pharmacy,ST,CAP Round I,2025-26,6,1
05416,"Abasaheb Kakade College of B Pharmacy, At.Bodhegaon, Shevgaon, Ahmednagar",Pharmacy,VJ/DT,CAP Round I,2025-26,6,1
05416,"Abasaheb Kakade College of B Pharmacy, At.Bodhegaon, Shevgaon, Ahmednagar",Pharmacy,OBC,CAP Round I,2025-26,6,2
05416,"Abasaheb Kakade College of B Pharmacy, At.Bodhegaon, Shevgaon, Ahmednagar",Pharmacy,SEBC,CAP Round I,2025-26,6,1
05416,"Abasaheb Kakade College of B Pharmacy, At.Bodhegaon, Shevgaon, Ahmednagar",Pharmacy,EWS,CAP Round I,2025-26,6,4
05421,"Pravara Rural Education Society's College of PHarmacy (D.Pharm), Chincholi",Pharmacy,OPEN,CAP Round I,2025-26,6,7
05421,"Pravara Rural Education Society's College of PHarmacy (D.Pharm), Chincholi",Pharmacy,SC,CAP Round I,2025-26,6,3
05421,"Pravara Rural Education Society's College of PHarmacy (D.Pharm), Chincholi",Pharmacy,ST,CAP Round I,2025-26,6,1
05421,"Pravara Rural Education Society's College of PHarmacy (D.Pharm), Chincholi",Pharmacy,VJ/DT,CAP Round I,2025-26,6,1
05421,"Pravara Rural Education Society's College of PHarmacy (D.Pharm), Chincholi",Pharmacy,NTC,CAP Round I,2025-26,6,1
05421,"Pravara Rural Education Society's College of PHarmacy (D.Pharm), Chincholi",Pharmacy,OBC,CAP Round I,2025-26,6,3
05421,"Pravara Rural Education Society's College of PHarmacy (D.Pharm), Chincholi",Pharmacy,SEBC,CAP Round I,2025-26,6,2
05421,"Pravara Rural Education Society's College of PHarmacy (D.Pharm), Chincholi",Pharmacy,PWD,CAP Round I,2025-26,6,1
05421,"Pravara Rural Education Society's College of PHarmacy (D.Pharm), Chincholi",Pharmacy,DEF,CAP Round I,2025-26,6,1
05421,"Pravara Rural Education Society's College of PHarmacy (D.Pharm), Chincholi",Pharmacy,EWS,CAP Round I,2025-26,6,7
05424,"Pratibhatai Pawer College of Pharmacy, Shrirampur",Pharmacy,OPEN,CAP Round I,2025-26,10,20
05424,"Pratibhatai Pawer College of Pharmacy, Shrirampur",Pharmacy,SC,CAP Round I,2025-26,10,7
05424,"Pratibhatai Pawer College of Pharmacy, Shrirampur",Pharmacy,ST,CAP Round I,2025-26,10,4
05424,"Pratibhatai Pawer College of Pharmacy, Shrirampur",Pharmacy,VJ/DT,CAP Round I,2025-26,10,1
05424,"Pratibhatai Pawer College of Pharmacy, Shrirampur",Pharmacy,NTB,CAP Round I,2025-26,10,2
05424,"Pratibhatai Pawer College of Pharmacy, Shrirampur",Pharmacy,NTC,CAP Round I,2025-26,10,1
05424,"Pratibhatai Pawer College of Pharmacy, Shrirampur",Pharmacy,NTD,CAP Round I,2025-26,10,2
05424,"Pratibhatai Pawer College of Pharmacy, Shrirampur",Pharmacy,OBC,CAP Round I,2025-26,10,10
05424,"Pratibhatai Pawer College of Pharmacy, Shrirampur",Pharmacy,SEBC,CAP Round I,2025-26,10,5
05424,"Pratibhatai Pawer College of Pharmacy, Shrirampur",Pharmacy,PWD,CAP Round I,2025-26,10,4
05424,"Pratibhatai Pawer College of Pharmacy, Shrirampur",Pharmacy,DEF,CAP Round I,2025-26,10,4
05424,"Pratibhatai Pawer College of Pharmacy, Shrirampur",Pharmacy,EWS,CAP Round I,2025-26,10,10
05425,"Pravara Rural Education Society's Institute of Pharmacy, Loni Kd",Pharmacy,OPEN,CAP Round I,2025-26,6,4
05425,"Pravara Rural Education Society's Institute of Pharmacy, Loni Kd",Pharmacy,SC,CAP Round I,2025-26,6,1
05425,"Pravara Rural Education Society's Institute of Pharmacy, Loni Kd",Pharmacy,ST,CAP Round I,2025-26,6,1
05425,"Pravara Rural Education Society's Institute of Pharmacy, Loni Kd",Pharmacy,VJ/DT,CAP Round I,2025-26,6,1
05425,"Pravara Rural Education Society's Institute of Pharmacy, Loni Kd",Pharmacy,OBC,CAP Round I,2025-26,6,2
05425,"Pravara Rural Education Society's Institute of Pharmacy, Loni Kd",Pharmacy,SEBC,CAP Round I,2025-26,6,1
05425,"Pravara Rural Education Society's Institute of Pharmacy, Loni Kd",Pharmacy,EWS,CAP Round I,2025-26,6,2
05427,"R.G.Sapkal Institute of Pharmacy, Anjaneri",Pharmacy,OPEN,CAP Round I,2025-26,6,4
05427,"R.G.Sapkal Institute of Pharmacy, Anjaneri",Pharmacy,SC,CAP Round I,2025-26,6,1
05427,"R.G.Sapkal Institute of Pharmacy, Anjaneri",Pharmacy,ST,CAP Round I,2025-26,6,1
05427,"R.G.Sapkal Institute of Pharmacy, Anjaneri",Pharmacy,OBC,CAP Round I,2025-26,6,2
05427,"R.G.Sapkal Institute of Pharmacy, Anjaneri",Pharmacy,SEBC,CAP Round I,2025-26,6,1
05427,"R.G.Sapkal Institute of Pharmacy, Anjaneri",Pharmacy,EWS,CAP Round I,2025-26,6,7
05428,"Ahinsa Institute of Pharmacy, Dondaicha",Pharmacy,OPEN,CAP Round I,2025-26,10,7
05429,Nimgaon Gramin Shikshan Prasarak Mandal's Institute of Pharmacy D.Pharmacy,Pharmacy,OPEN,CAP Round I,2025-26,6,21
05429,Nimgaon Gramin Shikshan Prasarak Mandal's Institute of Pharmacy D.Pharmacy,Pharmacy,SC,CAP Round I,2025-26,6,8
05429,Nimgaon Gramin Shikshan Prasarak Mandal's Institute of Pharmacy D.Pharmacy,Pharmacy,ST,CAP Round I,2025-26,6,4
05429,Nimgaon Gramin Shikshan Prasarak Mandal's Institute of Pharmacy D.Pharmacy,Pharmacy,VJ/DT,CAP Round I,2025-26,6,2
05429,Nimgaon Gramin Shikshan Prasarak Mandal's Institute of Pharmacy D.Pharmacy,Pharmacy,NTB,CAP Round I,2025-26,6,1
05429,Nimgaon Gramin Shikshan Prasarak Mandal's Institute of Pharmacy D.Pharmacy,Pharmacy,NTC,CAP Round I,2025-26,6,2
05429,Nimgaon Gramin Shikshan Prasarak Mandal's Institute of Pharmacy D.Pharmacy,Pharmacy,NTD,CAP Round I,2025-26,6,1
05429,Nimgaon Gramin Shikshan Prasarak Mandal's Institute of Pharmacy D.Pharmacy,Pharmacy,OBC,CAP Round I,2025-26,6,12
05429,Nimgaon Gramin Shikshan Prasarak Mandal's Institute of Pharmacy D.Pharmacy,Pharmacy,SEBC,CAP Round I,2025-26,6,6
05429,Nimgaon Gramin Shikshan Prasarak Mandal's Institute of Pharmacy D.Pharmacy,Pharmacy,PWD,CAP Round I,2025-26,6,4
05429,Nimgaon Gramin Shikshan Prasarak Mandal's Institute of Pharmacy D.Pharmacy,Pharmacy,DEF,CAP Round I,2025-26,6,4
05429,Nimgaon Gramin Shikshan Prasarak Mandal's Institute of Pharmacy D.Pharmacy,Pharmacy,EWS,CAP Round I,2025-26,6,6
05430,"Swami Institute of Pharmacy, Abhona",Pharmacy,OPEN,CAP Round I,2025-26,10,24
05430,"Swami Institute of Pharmacy, Abhona",Pharmacy,SC,CAP Round I,2025-26,10,8
05430,"Swami Institute of Pharmacy, Abhona",Pharmacy,ST,CAP Round I,2025-26,10,5
05430,"Swami Institute of Pharmacy, Abhona",Pharmacy,VJ/DT,CAP Round I,2025-26,10,2
05430,"Swami Institute of Pharmacy, Abhona",Pharmacy,NTB,CAP Round I,2025-26,10,2
05430,"Swami Institute of Pharmacy, Abhona",Pharmacy,NTC,CAP Round I,2025-26,10,3
05430,"Swami Institute of Pharmacy, Abhona",Pharmacy,NTD,CAP Round I,2025-26,10,1
05430,"Swami Institute of Pharmacy, Abhona",Pharmacy,OBC,CAP Round I,2025-26,10,12
05430,"Swami Institute of Pharmacy, Abhona",Pharmacy,SEBC,CAP Round I,2025-26,10,7
05430,"Swami Institute of Pharmacy, Abhona",Pharmacy,PWD,CAP Round I,2025-26,10,4
05430,"Swami Institute of Pharmacy, Abhona",Pharmacy,DEF,CAP Round I,2025-26,10,4
05430,"Swami Institute of Pharmacy, Abhona",Pharmacy,EWS,CAP Round I,2025-26,10,9
05435,"Prof. Ravindra Nikam College of Pharmacy, Gondur, Dhule",Pharmacy,OPEN,CAP Round I,2025-26,10,24
05435,"Prof. Ravindra Nikam College of Pharmacy, Gondur, Dhule",Pharmacy,SC,CAP Round I,2025-26,10,8
05435,"Prof. Ravindra Nikam College of Pharmacy, Gondur, Dhule",Pharmacy,ST,CAP Round I,2025-26,10,5
05435,"Prof. Ravindra Nikam College of Pharmacy, Gondur, Dhule",Pharmacy,VJ/DT,CAP Round I,2025-26,10,1
05435,"Prof. Ravindra Nikam College of Pharmacy, Gondur, Dhule",Pharmacy,NTB,CAP Round I,2025-26,10,2
05435,"Prof. Ravindra Nikam College of Pharmacy, Gondur, Dhule",Pharmacy,NTC,CAP Round I,2025-26,10,2
05435,"Prof. Ravindra Nikam College of Pharmacy, Gondur, Dhule",Pharmacy,NTD,CAP Round I,2025-26,10,2
05435,"Prof. Ravindra Nikam College of Pharmacy, Gondur, Dhule",Pharmacy,OBC,CAP Round I,2025-26,10,12
05435,"Prof. Ravindra Nikam College of Pharmacy, Gondur, Dhule",Pharmacy,SEBC,CAP Round I,2025-26,10,6
05435,"Prof. Ravindra Nikam College of Pharmacy, Gondur, Dhule",Pharmacy,PWD,CAP Round I,2025-26,10,4
05435,"Prof. Ravindra Nikam College of Pharmacy, Gondur, Dhule",Pharmacy,DEF,CAP Round I,2025-26,10,4
05435,"Prof. Ravindra Nikam College of Pharmacy, Gondur, Dhule",Pharmacy,EWS,CAP Round I,2025-26,10,10
05437,"Trimurti Institute of Pharmacy, Paldhi (BK), Jalgaon",Pharmacy,OPEN,CAP Round I,2025-26,10,24
05437,"Trimurti Institute of Pharmacy, Paldhi (BK), Jalgaon",Pharmacy,SC,CAP Round I,2025-26,10,8
05437,"Trimurti Institute of Pharmacy, Paldhi (BK), Jalgaon",Pharmacy,ST,CAP Round I,2025-26,10,5
05437,"Trimurti Institute of Pharmacy, Paldhi (BK), Jalgaon",Pharmacy,VJ/DT,CAP Round I,2025-26,10,2
05437,"Trimurti Institute of Pharmacy, Paldhi (BK), Jalgaon",Pharmacy,NTB,CAP Round I,2025-26,10,1
05437,"Trimurti Institute of Pharmacy, Paldhi (BK), Jalgaon",Pharmacy,NTC,CAP Round I,2025-26,10,3
05437,"Trimurti Institute of Pharmacy, Paldhi (BK), Jalgaon",Pharmacy,NTD,CAP Round I,2025-26,10,1
05437,"Trimurti Institute of Pharmacy, Paldhi (BK), Jalgaon",Pharmacy,OBC,CAP Round I,2025-26,10,12
05437,"Trimurti Institute of Pharmacy, Paldhi (BK), Jalgaon",Pharmacy,SEBC,CAP Round I,2025-26,10,6
05437,"Trimurti Institute of Pharmacy, Paldhi (BK), Jalgaon",Pharmacy,PWD,CAP Round I,2025-26,10,4
05437,"Trimurti Institute of Pharmacy, Paldhi (BK), Jalgaon",Pharmacy,DEF,CAP Round I,2025-26,10,4
05437,"Trimurti Institute of Pharmacy, Paldhi (BK), Jalgaon",Pharmacy,EWS,CAP Round I,2025-26,10,7
05439,"Dr Naikwadi College of D Pharmacy, Jamgaon Sinnar",Pharmacy,OPEN,CAP Round I,2025-26,10,26
05439,"Dr Naikwadi College of D Pharmacy, Jamgaon Sinnar",Pharmacy,SC,CAP Round I,2025-26,10,8
05439,"Dr Naikwadi College of D Pharmacy, Jamgaon Sinnar",Pharmacy,ST,CAP Round I,2025-26,10,5
05439,"Dr Naikwadi College of D Pharmacy, Jamgaon Sinnar",Pharmacy,VJ/DT,CAP Round I,2025-26,10,2
05439,"Dr Naikwadi College of D Pharmacy, Jamgaon Sinnar",Pharmacy,NTB,CAP Round I,2025-26,10,2
05439,"Dr Naikwadi College of D Pharmacy, Jamgaon Sinnar",Pharmacy,NTC,CAP Round I,2025-26,10,3
05439,"Dr Naikwadi College of D Pharmacy, Jamgaon Sinnar",Pharmacy,NTD,CAP Round I,2025-26,10,1
05439,"Dr Naikwadi College of D Pharmacy, Jamgaon Sinnar",Pharmacy,OBC,CAP Round I,2025-26,10,13
05439,"Dr Naikwadi College of D Pharmacy, Jamgaon Sinnar",Pharmacy,SEBC,CAP Round I,2025-26,10,7
05439,"Dr Naikwadi College of D Pharmacy, Jamgaon Sinnar",Pharmacy,PWD,CAP Round I,2025-26,10,4
05439,"Dr Naikwadi College of D Pharmacy, Jamgaon Sinnar",Pharmacy,DEF,CAP Round I,2025-26,10,4
05439,"Dr Naikwadi College of D Pharmacy, Jamgaon Sinnar",Pharmacy,EWS,CAP Round I,2025-26,10,11
05440,"Shaineshwar Shikshan Prasarak Mandal's College of D. Pharmacy, Laling, Dhule",Pharmacy,OPEN,CAP Round I,2025-26,6,22
05440,"Shaineshwar Shikshan Prasarak Mandal's College of D. Pharmacy, Laling, Dhule",Pharmacy,SC,CAP Round I,2025-26,6,8
05440,"Shaineshwar Shikshan Prasarak Mandal's College of D. Pharmacy, Laling, Dhule",Pharmacy,ST,CAP Round I,2025-26,6,5
05440,"Shaineshwar Shikshan Prasarak Mandal's College of D. Pharmacy, Laling, Dhule",Pharmacy,VJ/DT,CAP Round I,2025-26,6,2
05440,"Shaineshwar Shikshan Prasarak Mandal's College of D. Pharmacy, Laling, Dhule",Pharmacy,NTB,CAP Round I,2025-26,6,1
05440,"Shaineshwar Shikshan Prasarak Mandal's College of D. Pharmacy, Laling, Dhule",Pharmacy,NTC,CAP Round I,2025-26,6,3
05440,"Shaineshwar Shikshan Prasarak Mandal's College of D. Pharmacy, Laling, Dhule",Pharmacy,NTD,CAP Round I,2025-26,6,1
05440,"Shaineshwar Shikshan Prasarak Mandal's College of D. Pharmacy, Laling, Dhule",Pharmacy,OBC,CAP Round I,2025-26,6,12
05440,"Shaineshwar Shikshan Prasarak Mandal's College of D. Pharmacy, Laling, Dhule",Pharmacy,SEBC,CAP Round I,2025-26,6,6
05440,"Shaineshwar Shikshan Prasarak Mandal's College of D. Pharmacy, Laling, Dhule",Pharmacy,PWD,CAP Round I,2025-26,6,4
05440,"Shaineshwar Shikshan Prasarak Mandal's College of D. Pharmacy, Laling, Dhule",Pharmacy,DEF,CAP Round I,2025-26,6,4
05440,"Shaineshwar Shikshan Prasarak Mandal's College of D. Pharmacy, Laling, Dhule",Pharmacy,EWS,CAP Round I,2025-26,6,7
05442,"MET's Institute of D. Pharmacy, Adgaon, Nashik",Pharmacy,OPEN,CAP Round I,2025-26,6,5
05442,"MET's Institute of D. Pharmacy, Adgaon, Nashik",Pharmacy,SC,CAP Round I,2025-26,6,1
05442,"MET's Institute of D. Pharmacy, Adgaon, Nashik",Pharmacy,ST,CAP Round I,2025-26,6,1
05442,"MET's Institute of D. Pharmacy, Adgaon, Nashik",Pharmacy,NTB,CAP Round I,2025-26,6,1
05442,"MET's Institute of D. Pharmacy, Adgaon, Nashik",Pharmacy,OBC,CAP Round I,2025-26,6,2
05442,"MET's Institute of D. Pharmacy, Adgaon, Nashik",Pharmacy,SEBC,CAP Round I,2025-26,6,1
05442,"MET's Institute of D. Pharmacy, Adgaon, Nashik",Pharmacy,PWD,CAP Round I,2025-26,6,1
05442,"MET's Institute of D. Pharmacy, Adgaon, Nashik",Pharmacy,DEF,CAP Round I,2025-26,6,1
05442,"MET's Institute of D. Pharmacy, Adgaon, Nashik",Pharmacy,EWS,CAP Round I,2025-26,6,5
05443,"Divine College of Pharmacy, Satana",Pharmacy,OPEN,CAP Round I,2025-26,6,5
05443,"Divine College of Pharmacy, Satana",Pharmacy,SC,CAP Round I,2025-26,6,1
05443,"Divine College of Pharmacy, Satana",Pharmacy,ST,CAP Round I,2025-26,6,1
05443,"Divine College of Pharmacy, Satana",Pharmacy,VJ/DT,CAP Round I,2025-26,6,1
05443,"Divine College of Pharmacy, Satana",Pharmacy,OBC,CAP Round I,2025-26,6,2
05443,"Divine College of Pharmacy, Satana",Pharmacy,SEBC,CAP Round I,2025-26,6,1
05443,"Divine College of Pharmacy, Satana",Pharmacy,PWD,CAP Round I,2025-26,6,1
05443,"Divine College of Pharmacy, Satana",Pharmacy,DEF,CAP Round I,2025-26,6,1
05443,"Divine College of Pharmacy, Satana",Pharmacy,EWS,CAP Round I,2025-26,6,2
05446,"Matoshri Miratai Aher College of Pharmacy, Karjule Harya Taluka Parner",Pharmacy,OPEN,CAP Round I,2025-26,6,15
05446,"Matoshri Miratai Aher College of Pharmacy, Karjule Harya Taluka Parner",Pharmacy,SC,CAP Round I,2025-26,6,6
05446,"Matoshri Miratai Aher College of Pharmacy, Karjule Harya Taluka Parner",Pharmacy,ST,CAP Round I,2025-26,6,3
05446,"Matoshri Miratai Aher College of Pharmacy, Karjule Harya Taluka Parner",Pharmacy,VJ/DT,CAP Round I,2025-26,6,1
05446,"Matoshri Miratai Aher College of Pharmacy, Karjule Harya Taluka Parner",Pharmacy,NTB,CAP Round I,2025-26,6,1
05446,"Matoshri Miratai Aher College of Pharmacy, Karjule Harya Taluka Parner",Pharmacy,NTC,CAP Round I,2025-26,6,1
05446,"Matoshri Miratai Aher College of Pharmacy, Karjule Harya Taluka Parner",Pharmacy,NTD,CAP Round I,2025-26,6,1
05446,"Matoshri Miratai Aher College of Pharmacy, Karjule Harya Taluka Parner",Pharmacy,OBC,CAP Round I,2025-26,6,8
05446,"Matoshri Miratai Aher College of Pharmacy, Karjule Harya Taluka Parner",Pharmacy,SEBC,CAP Round I,2025-26,6,4
05446,"Matoshri Miratai Aher College of Pharmacy, Karjule Harya Taluka Parner",Pharmacy,PWD,CAP Round I,2025-26,6,3
05446,"Matoshri Miratai Aher College of Pharmacy, Karjule Harya Taluka Parner",Pharmacy,DEF,CAP Round I,2025-26,6,3
05446,"Matoshri Miratai Aher College of Pharmacy, Karjule Harya Taluka Parner",Pharmacy,EWS,CAP Round I,2025-26,6,5
05448,"Shri Vile Parle Kelavani Mandal's Institute of Pharmacy, Dhule",Pharmacy,OPEN,CAP Round I,2025-26,10,6
05450,"K. K. Wagh College of Pharmacy, Nashik",Pharmacy,OPEN,CAP Round I,2025-26,10,7
05450,"K. K. Wagh College of Pharmacy, Nashik",Pharmacy,SC,CAP Round I,2025-26,10,2
05450,"K. K. Wagh College of Pharmacy, Nashik",Pharmacy,ST,CAP Round I,2025-26,10,1
05450,"K. K. Wagh College of Pharmacy, Nashik",Pharmacy,VJ/DT,CAP Round I,2025-26,10,1
05450,"K. K. Wagh College of Pharmacy, Nashik",Pharmacy,NTC,CAP Round I,2025-26,10,1
05450,"K. K. Wagh College of Pharmacy, Nashik",Pharmacy,OBC,CAP Round I,2025-26,10,3
05450,"K. K. Wagh College of Pharmacy, Nashik",Pharmacy,SEBC,CAP Round I,2025-26,10,2
05450,"K. K. Wagh College of Pharmacy, Nashik",Pharmacy,PWD,CAP Round I,2025-26,10,1
05450,"K. K. Wagh College of Pharmacy, Nashik",Pharmacy,DEF,CAP Round I,2025-26,10,1
05450,"K. K. Wagh College of Pharmacy, Nashik",Pharmacy,EWS,CAP Round I,2025-26,10,3
05451,"Dr. N.J. Paulbudhe College of Pharmacy, Ahmednagar",Pharmacy,OPEN,CAP Round I,2025-26,10,11
05451,"Dr. N.J. Paulbudhe College of Pharmacy, Ahmednagar",Pharmacy,SC,CAP Round I,2025-26,10,3
05451,"Dr. N.J. Paulbudhe College of Pharmacy, Ahmednagar",Pharmacy,ST,CAP Round I,2025-26,10,2
05451,"Dr. N.J. Paulbudhe College of Pharmacy, Ahmednagar",Pharmacy,VJ/DT,CAP Round I,2025-26,10,1
05451,"Dr. N.J. Paulbudhe College of Pharmacy, Ahmednagar",Pharmacy,NTB,CAP Round I,2025-26,10,1
05451,"Dr. N.J. Paulbudhe College of Pharmacy, Ahmednagar",Pharmacy,NTC,CAP Round I,2025-26,10,1
05451,"Dr. N.J. Paulbudhe College of Pharmacy, Ahmednagar",Pharmacy,NTD,CAP Round I,2025-26,10,1
05451,"Dr. N.J. Paulbudhe College of Pharmacy, Ahmednagar",Pharmacy,OBC,CAP Round I,2025-26,10,5
05451,"Dr. N.J. Paulbudhe College of Pharmacy, Ahmednagar",Pharmacy,SEBC,CAP Round I,2025-26,10,3
05451,"Dr. N.J. Paulbudhe College of Pharmacy, Ahmednagar",Pharmacy,PWD,CAP Round I,2025-26,10,1
05451,"Dr. N.J. Paulbudhe College of Pharmacy, Ahmednagar",Pharmacy,DEF,CAP Round I,2025-26,10,1
05451,"Dr. N.J. Paulbudhe College of Pharmacy, Ahmednagar",Pharmacy,EWS,CAP Round I,2025-26,10,10
05452,"Rupesh Badhan Institute of Pharmacy, Pimpalner",Pharmacy,OPEN,CAP Round I,2025-26,10,22
05452,"Rupesh Badhan Institute of Pharmacy, Pimpalner",Pharmacy,SC,CAP Round I,2025-26,10,8
05452,"Rupesh Badhan Institute of Pharmacy, Pimpalner",Pharmacy,ST,CAP Round I,2025-26,10,5
05452,"Rupesh Badhan Institute of Pharmacy, Pimpalner",Pharmacy,VJ/DT,CAP Round I,2025-26,10,2
05452,"Rupesh Badhan Institute of Pharmacy, Pimpalner",Pharmacy,NTB,CAP Round I,2025-26,10,1
05452,"Rupesh Badhan Institute of Pharmacy, Pimpalner",Pharmacy,NTC,CAP Round I,2025-26,10,3
05452,"Rupesh Badhan Institute of Pharmacy, Pimpalner",Pharmacy,NTD,CAP Round I,2025-26,10,1
05452,"Rupesh Badhan Institute of Pharmacy, Pimpalner",Pharmacy,OBC,CAP Round I,2025-26,10,12
05452,"Rupesh Badhan Institute of Pharmacy, Pimpalner",Pharmacy,SEBC,CAP Round I,2025-26,10,6
05452,"Rupesh Badhan Institute of Pharmacy, Pimpalner",Pharmacy,PWD,CAP Round I,2025-26,10,4
05452,"Rupesh Badhan Institute of Pharmacy, Pimpalner",Pharmacy,DEF,CAP Round I,2025-26,10,4
05452,"Rupesh Badhan Institute of Pharmacy, Pimpalner",Pharmacy,EWS,CAP Round I,2025-26,10,10
05454,"Shantiniketan College of Pharmacy, Ahmednagar",Pharmacy,OPEN,CAP Round I,2025-26,6,11
05454,"Shantiniketan College of Pharmacy, Ahmednagar",Pharmacy,SC,CAP Round I,2025-26,6,3
05454,"Shantiniketan College of Pharmacy, Ahmednagar",Pharmacy,ST,CAP Round I,2025-26,6,2
05454,"Shantiniketan College of Pharmacy, Ahmednagar",Pharmacy,VJ/DT,CAP Round I,2025-26,6,1
05454,"Shantiniketan College of Pharmacy, Ahmednagar",Pharmacy,NTB,CAP Round I,2025-26,6,1
05454,"Shantiniketan College of Pharmacy, Ahmednagar",Pharmacy,NTC,CAP Round I,2025-26,6,1
05454,"Shantiniketan College of Pharmacy, Ahmednagar",Pharmacy,NTD,CAP Round I,2025-26,6,1
05454,"Shantiniketan College of Pharmacy, Ahmednagar",Pharmacy,OBC,CAP Round I,2025-26,6,5
05454,"Shantiniketan College of Pharmacy, Ahmednagar",Pharmacy,SEBC,CAP Round I,2025-26,6,3
05454,"Shantiniketan College of Pharmacy, Ahmednagar",Pharmacy,PWD,CAP Round I,2025-26,6,1
05454,"Shantiniketan College of Pharmacy, Ahmednagar",Pharmacy,DEF,CAP Round I,2025-26,6,1
05454,"Shantiniketan College of Pharmacy, Ahmednagar",Pharmacy,EWS,CAP Round I,2025-26,6,4
05455,"Shram Sadhana Bombay Trust's Institute of Pharmacy, Bambhori, Jalgaon",Pharmacy,OPEN,CAP Round I,2025-26,10,11
05455,"Shram Sadhana Bombay Trust's Institute of Pharmacy, Bambhori, Jalgaon",Pharmacy,SC,CAP Round I,2025-26,10,4
05455,"Shram Sadhana Bombay Trust's Institute of Pharmacy, Bambhori, Jalgaon",Pharmacy,ST,CAP Round I,2025-26,10,2
05455,"Shram Sadhana Bombay Trust's Institute of Pharmacy, Bambhori, Jalgaon",Pharmacy,VJ/DT,CAP Round I,2025-26,10,1
05455,"Shram Sadhana Bombay Trust's Institute of Pharmacy, Bambhori, Jalgaon",Pharmacy,NTB,CAP Round I,2025-26,10,1
05455,"Shram Sadhana Bombay Trust's Institute of Pharmacy, Bambhori, Jalgaon",Pharmacy,NTC,CAP Round I,2025-26,10,1
05455,"Shram Sadhana Bombay Trust's Institute of Pharmacy, Bambhori, Jalgaon",Pharmacy,NTD,CAP Round I,2025-26,10,1
05455,"Shram Sadhana Bombay Trust's Institute of Pharmacy, Bambhori, Jalgaon",Pharmacy,OBC,CAP Round I,2025-26,10,5
05455,"Shram Sadhana Bombay Trust's Institute of Pharmacy, Bambhori, Jalgaon",Pharmacy,SEBC,CAP Round I,2025-26,10,3
05455,"Shram Sadhana Bombay Trust's Institute of Pharmacy, Bambhori, Jalgaon",Pharmacy,PWD,CAP Round I,2025-26,10,3
05455,"Shram Sadhana Bombay Trust's Institute of Pharmacy, Bambhori, Jalgaon",Pharmacy,DEF,CAP Round I,2025-26,10,3
05455,"Shram Sadhana Bombay Trust's Institute of Pharmacy, Bambhori, Jalgaon",Pharmacy,EWS,CAP Round I,2025-26,10,9
05458,"Shri. Prakashchand Jain College of Pharmacy & Research, Palaskheda",Pharmacy,OPEN,CAP Round I,2025-26,10,7
05458,"Shri. Prakashchand Jain College of Pharmacy & Research, Palaskheda",Pharmacy,SC,CAP Round I,2025-26,10,1
05458,"Shri. Prakashchand Jain College of Pharmacy & Research, Palaskheda",Pharmacy,ST,CAP Round I,2025-26,10,1
05458,"Shri. Prakashchand Jain College of Pharmacy & Research, Palaskheda",Pharmacy,VJ/DT,CAP Round I,2025-26,10,1
05458,"Shri. Prakashchand Jain College of Pharmacy & Research, Palaskheda",Pharmacy,NTC,CAP Round I,2025-26,10,1
05458,"Shri. Prakashchand Jain College of Pharmacy & Research, Palaskheda",Pharmacy,OBC,CAP Round I,2025-26,10,3
05458,"Shri. Prakashchand Jain College of Pharmacy & Research, Palaskheda",Pharmacy,SEBC,CAP Round I,2025-26,10,1
05458,"Shri. Prakashchand Jain College of Pharmacy & Research, Palaskheda",Pharmacy,PWD,CAP Round I,2025-26,10,1
05458,"Shri. Prakashchand Jain College of Pharmacy & Research, Palaskheda",Pharmacy,DEF,CAP Round I,2025-26,10,1
05458,"Shri. Prakashchand Jain College of Pharmacy & Research, Palaskheda",Pharmacy,EWS,CAP Round I,2025-26,10,7
05459,"SHRI GULABRAO DEOKAR COLLEGE OF PHARMACY,SHIRSOLY ROAD, JALGAON",Pharmacy,OPEN,CAP Round I,2025-26,10,9
05459,"SHRI GULABRAO DEOKAR COLLEGE OF PHARMACY,SHIRSOLY ROAD, JALGAON",Pharmacy,SC,CAP Round I,2025-26,10,3
05459,"SHRI GULABRAO DEOKAR COLLEGE OF PHARMACY,SHIRSOLY ROAD, JALGAON",Pharmacy,ST,CAP Round I,2025-26,10,1
05459,"SHRI GULABRAO DEOKAR COLLEGE OF PHARMACY,SHIRSOLY ROAD, JALGAON",Pharmacy,NTB,CAP Round I,2025-26,10,1
05459,"SHRI GULABRAO DEOKAR COLLEGE OF PHARMACY,SHIRSOLY ROAD, JALGAON",Pharmacy,NTC,CAP Round I,2025-26,10,1
05459,"SHRI GULABRAO DEOKAR COLLEGE OF PHARMACY,SHIRSOLY ROAD, JALGAON",Pharmacy,OBC,CAP Round I,2025-26,10,3
05459,"SHRI GULABRAO DEOKAR COLLEGE OF PHARMACY,SHIRSOLY ROAD, JALGAON",Pharmacy,SEBC,CAP Round I,2025-26,10,2
05459,"SHRI GULABRAO DEOKAR COLLEGE OF PHARMACY,SHIRSOLY ROAD, JALGAON",Pharmacy,PWD,CAP Round I,2025-26,10,1
05459,"SHRI GULABRAO DEOKAR COLLEGE OF PHARMACY,SHIRSOLY ROAD, JALGAON",Pharmacy,DEF,CAP Round I,2025-26,10,1
05459,"SHRI GULABRAO DEOKAR COLLEGE OF PHARMACY,SHIRSOLY ROAD, JALGAON",Pharmacy,EWS,CAP Round I,2025-26,10,3
05460,"Dr. Kolpe Institute of Pharmacy, Kolpewadi",Pharmacy,OPEN,CAP Round I,2025-26,10,22
05460,"Dr. Kolpe Institute of Pharmacy, Kolpewadi",Pharmacy,SC,CAP Round I,2025-26,10,8
05460,"Dr. Kolpe Institute of Pharmacy, Kolpewadi",Pharmacy,ST,CAP Round I,2025-26,10,4
05460,"Dr. Kolpe Institute of Pharmacy, Kolpewadi",Pharmacy,VJ/DT,CAP Round I,2025-26,10,2
05460,"Dr. Kolpe Institute of Pharmacy, Kolpewadi",Pharmacy,NTB,CAP Round I,2025-26,10,1
05460,"Dr. Kolpe Institute of Pharmacy, Kolpewadi",Pharmacy,NTC,CAP Round I,2025-26,10,2
05460,"Dr. Kolpe Institute of Pharmacy, Kolpewadi",Pharmacy,NTD,CAP Round I,2025-26,10,1
05460,"Dr. Kolpe Institute of Pharmacy, Kolpewadi",Pharmacy,OBC,CAP Round I,2025-26,10,11
05460,"Dr. Kolpe Institute of Pharmacy, Kolpewadi",Pharmacy,SEBC,CAP Round I,2025-26,10,6
05460,"Dr. Kolpe Institute of Pharmacy, Kolpewadi",Pharmacy,PWD,CAP Round I,2025-26,10,4
05460,"Dr. Kolpe Institute of Pharmacy, Kolpewadi",Pharmacy,DEF,CAP Round I,2025-26,10,4
05460,"Dr. Kolpe Institute of Pharmacy, Kolpewadi",Pharmacy,EWS,CAP Round I,2025-26,10,9
05461,"Arihant College of Pharmacy, Ahmednagar",Pharmacy,OPEN,CAP Round I,2025-26,6,13
05461,"Arihant College of Pharmacy, Ahmednagar",Pharmacy,SC,CAP Round I,2025-26,6,5
05461,"Arihant College of Pharmacy, Ahmednagar",Pharmacy,ST,CAP Round I,2025-26,6,2
05461,"Arihant College of Pharmacy, Ahmednagar",Pharmacy,VJ/DT,CAP Round I,2025-26,6,1
05461,"Arihant College of Pharmacy, Ahmednagar",Pharmacy,NTB,CAP Round I,2025-26,6,1
05461,"Arihant College of Pharmacy, Ahmednagar",Pharmacy,NTC,CAP Round I,2025-26,6,1
05461,"Arihant College of Pharmacy, Ahmednagar",Pharmacy,NTD,CAP Round I,2025-26,6,1
05461,"Arihant College of Pharmacy, Ahmednagar",Pharmacy,OBC,CAP Round I,2025-26,6,7
05461,"Arihant College of Pharmacy, Ahmednagar",Pharmacy,SEBC,CAP Round I,2025-26,6,3
05461,"Arihant College of Pharmacy, Ahmednagar",Pharmacy,PWD,CAP Round I,2025-26,6,3
05461,"Arihant College of Pharmacy, Ahmednagar",Pharmacy,DEF,CAP Round I,2025-26,6,3
05461,"Arihant College of Pharmacy, Ahmednagar",Pharmacy,EWS,CAP Round I,2025-26,6,6
05462,"Dharmaraj Shaikshanik Pratishthan's College of Pharmacy, Walki, Ahmednagar",Pharmacy,OPEN,CAP Round I,2025-26,10,34
05462,"Dharmaraj Shaikshanik Pratishthan's College of Pharmacy, Walki, Ahmednagar",Pharmacy,SC,CAP Round I,2025-26,10,12
05462,"Dharmaraj Shaikshanik Pratishthan's College of Pharmacy, Walki, Ahmednagar",Pharmacy,ST,CAP Round I,2025-26,10,7
05462,"Dharmaraj Shaikshanik Pratishthan's College of Pharmacy, Walki, Ahmednagar",Pharmacy,VJ/DT,CAP Round I,2025-26,10,3
05462,"Dharmaraj Shaikshanik Pratishthan's College of Pharmacy, Walki, Ahmednagar",Pharmacy,NTB,CAP Round I,2025-26,10,2
05462,"Dharmaraj Shaikshanik Pratishthan's College of Pharmacy, Walki, Ahmednagar",Pharmacy,NTC,CAP Round I,2025-26,10,3
05462,"Dharmaraj Shaikshanik Pratishthan's College of Pharmacy, Walki, Ahmednagar",Pharmacy,NTD,CAP Round I,2025-26,10,2
05462,"Dharmaraj Shaikshanik Pratishthan's College of Pharmacy, Walki, Ahmednagar",Pharmacy,OBC,CAP Round I,2025-26,10,18
05462,"Dharmaraj Shaikshanik Pratishthan's College of Pharmacy, Walki, Ahmednagar",Pharmacy,SEBC,CAP Round I,2025-26,10,9
05462,"Dharmaraj Shaikshanik Pratishthan's College of Pharmacy, Walki, Ahmednagar",Pharmacy,PWD,CAP Round I,2025-26,10,7
05462,"Dharmaraj Shaikshanik Pratishthan's College of Pharmacy, Walki, Ahmednagar",Pharmacy,DEF,CAP Round I,2025-26,10,7
05462,"Dharmaraj Shaikshanik Pratishthan's College of Pharmacy, Walki, Ahmednagar",Pharmacy,EWS,CAP Round I,2025-26,10,11
05464,"Vidya Niketan Institute of Pharmacy & Research Center, Bota",Pharmacy,OPEN,CAP Round I,2025-26,10,30
05464,"Vidya Niketan Institute of Pharmacy & Research Center, Bota",Pharmacy,SC,CAP Round I,2025-26,10,12
05464,"Vidya Niketan Institute of Pharmacy & Research Center, Bota",Pharmacy,ST,CAP Round I,2025-26,10,6
05464,"Vidya Niketan Institute of Pharmacy & Research Center, Bota",Pharmacy,VJ/DT,CAP Round I,2025-26,10,3
05464,"Vidya Niketan Institute of Pharmacy & Research Center, Bota",Pharmacy,NTB,CAP Round I,2025-26,10,2
05464,"Vidya Niketan Institute of Pharmacy & Research Center, Bota",Pharmacy,NTC,CAP Round I,2025-26,10,3
05464,"Vidya Niketan Institute of Pharmacy & Research Center, Bota",Pharmacy,NTD,CAP Round I,2025-26,10,2
05464,"Vidya Niketan Institute of Pharmacy & Research Center, Bota",Pharmacy,OBC,CAP Round I,2025-26,10,16
05464,"Vidya Niketan Institute of Pharmacy & Research Center, Bota",Pharmacy,SEBC,CAP Round I,2025-26,10,9
05464,"Vidya Niketan Institute of Pharmacy & Research Center, Bota",Pharmacy,PWD,CAP Round I,2025-26,10,6
05464,"Vidya Niketan Institute of Pharmacy & Research Center, Bota",Pharmacy,DEF,CAP Round I,2025-26,10,6
05464,"Vidya Niketan Institute of Pharmacy & Research Center, Bota",Pharmacy,EWS,CAP Round I,2025-26,10,10
05465,"Ratnadeep College of Pharmacy, Ratnapur, Taluka Jamkhed, Dist. Ahmednagar",Pharmacy,OPEN,CAP Round I,2025-26,10,40
05465,"Ratnadeep College of Pharmacy, Ratnapur, Taluka Jamkhed, Dist. Ahmednagar",Pharmacy,SC,CAP Round I,2025-26,10,15
05465,"Ratnadeep College of Pharmacy, Ratnapur, Taluka Jamkhed, Dist. Ahmednagar",Pharmacy,ST,CAP Round I,2025-26,10,8
05465,"Ratnadeep College of Pharmacy, Ratnapur, Taluka Jamkhed, Dist. Ahmednagar",Pharmacy,VJ/DT,CAP Round I,2025-26,10,3
05465,"Ratnadeep College of Pharmacy, Ratnapur, Taluka Jamkhed, Dist. Ahmednagar",Pharmacy,NTB,CAP Round I,2025-26,10,3
05465,"Ratnadeep College of Pharmacy, Ratnapur, Taluka Jamkhed, Dist. Ahmednagar",Pharmacy,NTC,CAP Round I,2025-26,10,4
05465,"Ratnadeep College of Pharmacy, Ratnapur, Taluka Jamkhed, Dist. Ahmednagar",Pharmacy,NTD,CAP Round I,2025-26,10,2
05465,"Ratnadeep College of Pharmacy, Ratnapur, Taluka Jamkhed, Dist. Ahmednagar",Pharmacy,OBC,CAP Round I,2025-26,10,19
05465,"Ratnadeep College of Pharmacy, Ratnapur, Taluka Jamkhed, Dist. Ahmednagar",Pharmacy,SEBC,CAP Round I,2025-26,10,11
05465,"Ratnadeep College of Pharmacy, Ratnapur, Taluka Jamkhed, Dist. Ahmednagar",Pharmacy,PWD,CAP Round I,2025-26,10,8
05465,"Ratnadeep College of Pharmacy, Ratnapur, Taluka Jamkhed, Dist. Ahmednagar",Pharmacy,DEF,CAP Round I,2025-26,10,8
05465,"Ratnadeep College of Pharmacy, Ratnapur, Taluka Jamkhed, Dist. Ahmednagar",Pharmacy,EWS,CAP Round I,2025-26,10,11
05466,"Shiva Trust, Shivajirao Pawar College of Pharmacy, At-Pachegaon, Tq.Newsa, Ahmednagar",Pharmacy,OPEN,CAP Round I,2025-26,10,11
05466,"Shiva Trust, Shivajirao Pawar College of Pharmacy, At-Pachegaon, Tq.Newsa, Ahmednagar",Pharmacy,SC,CAP Round I,2025-26,10,3
05466,"Shiva Trust, Shivajirao Pawar College of Pharmacy, At-Pachegaon, Tq.Newsa, Ahmednagar",Pharmacy,ST,CAP Round I,2025-26,10,2
05466,"Shiva Trust, Shivajirao Pawar College of Pharmacy, At-Pachegaon, Tq.Newsa, Ahmednagar",Pharmacy,VJ/DT,CAP Round I,2025-26,10,1
05466,"Shiva Trust, Shivajirao Pawar College of Pharmacy, At-Pachegaon, Tq.Newsa, Ahmednagar",Pharmacy,NTB,CAP Round I,2025-26,10,1
05466,"Shiva Trust, Shivajirao Pawar College of Pharmacy, At-Pachegaon, Tq.Newsa, Ahmednagar",Pharmacy,NTC,CAP Round I,2025-26,10,1
05466,"Shiva Trust, Shivajirao Pawar College of Pharmacy, At-Pachegaon, Tq.Newsa, Ahmednagar",Pharmacy,OBC,CAP Round I,2025-26,10,5
05466,"Shiva Trust, Shivajirao Pawar College of Pharmacy, At-Pachegaon, Tq.Newsa, Ahmednagar",Pharmacy,SEBC,CAP Round I,2025-26,10,3
05466,"Shiva Trust, Shivajirao Pawar College of Pharmacy, At-Pachegaon, Tq.Newsa, Ahmednagar",Pharmacy,PWD,CAP Round I,2025-26,10,1
05466,"Shiva Trust, Shivajirao Pawar College of Pharmacy, At-Pachegaon, Tq.Newsa, Ahmednagar",Pharmacy,DEF,CAP Round I,2025-26,10,1
05466,"Shiva Trust, Shivajirao Pawar College of Pharmacy, At-Pachegaon, Tq.Newsa, Ahmednagar",Pharmacy,EWS,CAP Round I,2025-26,10,6
05467,"Shastry Institute of Pharmacy, Erandol",Pharmacy,OPEN,CAP Round I,2025-26,10,28
05467,"Shastry Institute of Pharmacy, Erandol",Pharmacy,SC,CAP Round I,2025-26,10,11
05467,"Shastry Institute of Pharmacy, Erandol",Pharmacy,ST,CAP Round I,2025-26,10,6
05467,"Shastry Institute of Pharmacy, Erandol",Pharmacy,VJ/DT,CAP Round I,2025-26,10,3
05467,"Shastry Institute of Pharmacy, Erandol",Pharmacy,NTB,CAP Round I,2025-26,10,2
05467,"Shastry Institute of Pharmacy, Erandol",Pharmacy,NTC,CAP Round I,2025-26,10,3
05467,"Shastry Institute of Pharmacy, Erandol",Pharmacy,NTD,CAP Round I,2025-26,10,1
05467,"Shastry Institute of Pharmacy, Erandol",Pharmacy,OBC,CAP Round I,2025-26,10,16
05467,"Shastry Institute of Pharmacy, Erandol",Pharmacy,SEBC,CAP Round I,2025-26,10,8
05467,"Shastry Institute of Pharmacy, Erandol",Pharmacy,PWD,CAP Round I,2025-26,10,6
05467,"Shastry Institute of Pharmacy, Erandol",Pharmacy,DEF,CAP Round I,2025-26,10,6
05467,"Shastry Institute of Pharmacy, Erandol",Pharmacy,EWS,CAP Round I,2025-26,10,11
05468,"Matoshri Education Society's Matoshri Institute of Pharmacy, Dhanore",Pharmacy,OPEN,CAP Round I,2025-26,10,17
05468,"Matoshri Education Society's Matoshri Institute of Pharmacy, Dhanore",Pharmacy,SC,CAP Round I,2025-26,10,6
05468,"Matoshri Education Society's Matoshri Institute of Pharmacy, Dhanore",Pharmacy,ST,CAP Round I,2025-26,10,4
05468,"Matoshri Education Society's Matoshri Institute of Pharmacy, Dhanore",Pharmacy,VJ/DT,CAP Round I,2025-26,10,2
05468,"Matoshri Education Society's Matoshri Institute of Pharmacy, Dhanore",Pharmacy,NTB,CAP Round I,2025-26,10,1
05468,"Matoshri Education Society's Matoshri Institute of Pharmacy, Dhanore",Pharmacy,NTC,CAP Round I,2025-26,10,2
05468,"Matoshri Education Society's Matoshri Institute of Pharmacy, Dhanore",Pharmacy,NTD,CAP Round I,2025-26,10,1
05468,"Matoshri Education Society's Matoshri Institute of Pharmacy, Dhanore",Pharmacy,OBC,CAP Round I,2025-26,10,9
05468,"Matoshri Education Society's Matoshri Institute of Pharmacy, Dhanore",Pharmacy,SEBC,CAP Round I,2025-26,10,4
05468,"Matoshri Education Society's Matoshri Institute of Pharmacy, Dhanore",Pharmacy,PWD,CAP Round I,2025-26,10,3
05468,"Matoshri Education Society's Matoshri Institute of Pharmacy, Dhanore",Pharmacy,DEF,CAP Round I,2025-26,10,3
05468,"Matoshri Education Society's Matoshri Institute of Pharmacy, Dhanore",Pharmacy,EWS,CAP Round I,2025-26,10,10
05469,"P. G. College Of Pharmaceutical Science And Research, Chaupale",Pharmacy,OPEN,CAP Round I,2025-26,10,26
05469,"P. G. College Of Pharmaceutical Science And Research, Chaupale",Pharmacy,SC,CAP Round I,2025-26,10,8
05469,"P. G. College Of Pharmaceutical Science And Research, Chaupale",Pharmacy,ST,CAP Round I,2025-26,10,5
05469,"P. G. College Of Pharmaceutical Science And Research, Chaupale",Pharmacy,VJ/DT,CAP Round I,2025-26,10,2
05469,"P. G. College Of Pharmaceutical Science And Research, Chaupale",Pharmacy,NTB,CAP Round I,2025-26,10,2
05469,"P. G. College Of Pharmaceutical Science And Research, Chaupale",Pharmacy,NTC,CAP Round I,2025-26,10,3
05469,"P. G. College Of Pharmaceutical Science And Research, Chaupale",Pharmacy,NTD,CAP Round I,2025-26,10,1
05469,"P. G. College Of Pharmaceutical Science And Research, Chaupale",Pharmacy,OBC,CAP Round I,2025-26,10,13
05469,"P. G. College Of Pharmaceutical Science And Research, Chaupale",Pharmacy,SEBC,CAP Round I,2025-26,10,7
05469,"P. G. College Of Pharmaceutical Science And Research, Chaupale",Pharmacy,PWD,CAP Round I,2025-26,10,4
05469,"P. G. College Of Pharmaceutical Science And Research, Chaupale",Pharmacy,DEF,CAP Round I,2025-26,10,4
05469,"P. G. College Of Pharmaceutical Science And Research, Chaupale",Pharmacy,EWS,CAP Round I,2025-26,10,10
05471,"Saikrupa Institute Of Pharmacy, Ghargaon, Tal.Shrigonda",Pharmacy,OPEN,CAP Round I,2025-26,6,20
05471,"Saikrupa Institute Of Pharmacy, Ghargaon, Tal.Shrigonda",Pharmacy,SC,CAP Round I,2025-26,6,7
05471,"Saikrupa Institute Of Pharmacy, Ghargaon, Tal.Shrigonda",Pharmacy,ST,CAP Round I,2025-26,6,4
05471,"Saikrupa Institute Of Pharmacy, Ghargaon, Tal.Shrigonda",Pharmacy,VJ/DT,CAP Round I,2025-26,6,2
05471,"Saikrupa Institute Of Pharmacy, Ghargaon, Tal.Shrigonda",Pharmacy,NTB,CAP Round I,2025-26,6,1
05471,"Saikrupa Institute Of Pharmacy, Ghargaon, Tal.Shrigonda",Pharmacy,NTC,CAP Round I,2025-26,6,2
05471,"Saikrupa Institute Of Pharmacy, Ghargaon, Tal.Shrigonda",Pharmacy,NTD,CAP Round I,2025-26,6,1
05471,"Saikrupa Institute Of Pharmacy, Ghargaon, Tal.Shrigonda",Pharmacy,OBC,CAP Round I,2025-26,6,10
05471,"Saikrupa Institute Of Pharmacy, Ghargaon, Tal.Shrigonda",Pharmacy,SEBC,CAP Round I,2025-26,6,6
05471,"Saikrupa Institute Of Pharmacy, Ghargaon, Tal.Shrigonda",Pharmacy,PWD,CAP Round I,2025-26,6,4
05471,"Saikrupa Institute Of Pharmacy, Ghargaon, Tal.Shrigonda",Pharmacy,DEF,CAP Round I,2025-26,6,4
05471,"Saikrupa Institute Of Pharmacy, Ghargaon, Tal.Shrigonda",Pharmacy,EWS,CAP Round I,2025-26,6,7
05472,"Sumantai Institute Of Pharmacy, Bamrud(Kh)",Pharmacy,OPEN,CAP Round I,2025-26,6,10
05472,"Sumantai Institute Of Pharmacy, Bamrud(Kh)",Pharmacy,SC,CAP Round I,2025-26,6,3
05472,"Sumantai Institute Of Pharmacy, Bamrud(Kh)",Pharmacy,ST,CAP Round I,2025-26,6,2
05472,"Sumantai Institute Of Pharmacy, Bamrud(Kh)",Pharmacy,NTB,CAP Round I,2025-26,6,1
05472,"Sumantai Institute Of Pharmacy, Bamrud(Kh)",Pharmacy,NTC,CAP Round I,2025-26,6,1
05472,"Sumantai Institute Of Pharmacy, Bamrud(Kh)",Pharmacy,OBC,CAP Round I,2025-26,6,5
05472,"Sumantai Institute Of Pharmacy, Bamrud(Kh)",Pharmacy,SEBC,CAP Round I,2025-26,6,2
05472,"Sumantai Institute Of Pharmacy, Bamrud(Kh)",Pharmacy,PWD,CAP Round I,2025-26,6,1
05472,"Sumantai Institute Of Pharmacy, Bamrud(Kh)",Pharmacy,DEF,CAP Round I,2025-26,6,1
05472,"Sumantai Institute Of Pharmacy, Bamrud(Kh)",Pharmacy,EWS,CAP Round I,2025-26,6,4
05473,Dr Uttamrao Mahajan College Of B Pharmacy Chalisgaon,Pharmacy,OPEN,CAP Round I,2025-26,10,27
05473,Dr Uttamrao Mahajan College Of B Pharmacy Chalisgaon,Pharmacy,SC,CAP Round I,2025-26,10,10
05473,Dr Uttamrao Mahajan College Of B Pharmacy Chalisgaon,Pharmacy,ST,CAP Round I,2025-26,10,6
05473,Dr Uttamrao Mahajan College Of B Pharmacy Chalisgaon,Pharmacy,VJ/DT,CAP Round I,2025-26,10,3
05473,Dr Uttamrao Mahajan College Of B Pharmacy Chalisgaon,Pharmacy,NTB,CAP Round I,2025-26,10,2
05473,Dr Uttamrao Mahajan College Of B Pharmacy Chalisgaon,Pharmacy,NTC,CAP Round I,2025-26,10,3
05473,Dr Uttamrao Mahajan College Of B Pharmacy Chalisgaon,Pharmacy,NTD,CAP Round I,2025-26,10,2
05473,Dr Uttamrao Mahajan College Of B Pharmacy Chalisgaon,Pharmacy,OBC,CAP Round I,2025-26,10,15
05473,Dr Uttamrao Mahajan College Of B Pharmacy Chalisgaon,Pharmacy,SEBC,CAP Round I,2025-26,10,8
05473,Dr Uttamrao Mahajan College Of B Pharmacy Chalisgaon,Pharmacy,PWD,CAP Round I,2025-26,10,6
05473,Dr Uttamrao Mahajan College Of B Pharmacy Chalisgaon,Pharmacy,DEF,CAP Round I,2025-26,10,6
05473,Dr Uttamrao Mahajan College Of B Pharmacy Chalisgaon,Pharmacy,EWS,CAP Round I,2025-26,10,11
05474,Kvn Naik S P Santha's Institute Of Pharmaceutical Education And Research Nashik,Pharmacy,OPEN,CAP Round I,2025-26,10,9
05474,Kvn Naik S P Santha's Institute Of Pharmaceutical Education And Research Nashik,Pharmacy,SC,CAP Round I,2025-26,10,3
05474,Kvn Naik S P Santha's Institute Of Pharmaceutical Education And Research Nashik,Pharmacy,ST,CAP Round I,2025-26,10,2
05474,Kvn Naik S P Santha's Institute Of Pharmaceutical Education And Research Nashik,Pharmacy,VJ/DT,CAP Round I,2025-26,10,1
05474,Kvn Naik S P Santha's Institute Of Pharmaceutical Education And Research Nashik,Pharmacy,NTC,CAP Round I,2025-26,10,1
05474,Kvn Naik S P Santha's Institute Of Pharmaceutical Education And Research Nashik,Pharmacy,OBC,CAP Round I,2025-26,10,4
05474,Kvn Naik S P Santha's Institute Of Pharmaceutical Education And Research Nashik,Pharmacy,SEBC,CAP Round I,2025-26,10,2
05474,Kvn Naik S P Santha's Institute Of Pharmaceutical Education And Research Nashik,Pharmacy,PWD,CAP Round I,2025-26,10,1
05474,Kvn Naik S P Santha's Institute Of Pharmaceutical Education And Research Nashik,Pharmacy,DEF,CAP Round I,2025-26,10,1
05474,Kvn Naik S P Santha's Institute Of Pharmaceutical Education And Research Nashik,Pharmacy,EWS,CAP Round I,2025-26,10,12
05476,"Jmct Institute Of Pharmacy, Nashik",Pharmacy,OPEN,CAP Round I,2025-26,6,11
05477,"Rashtrasant Janardhan Swami College Of Pharmacy, Kokamthan",Pharmacy,OPEN,CAP Round I,2025-26,10,13
05477,"Rashtrasant Janardhan Swami College Of Pharmacy, Kokamthan",Pharmacy,SC,CAP Round I,2025-26,10,5
05477,"Rashtrasant Janardhan Swami College Of Pharmacy, Kokamthan",Pharmacy,ST,CAP Round I,2025-26,10,2
05477,"Rashtrasant Janardhan Swami College Of Pharmacy, Kokamthan",Pharmacy,VJ/DT,CAP Round I,2025-26,10,1
05477,"Rashtrasant Janardhan Swami College Of Pharmacy, Kokamthan",Pharmacy,NTB,CAP Round I,2025-26,10,1
05477,"Rashtrasant Janardhan Swami College Of Pharmacy, Kokamthan",Pharmacy,NTC,CAP Round I,2025-26,10,1
05477,"Rashtrasant Janardhan Swami College Of Pharmacy, Kokamthan",Pharmacy,NTD,CAP Round I,2025-26,10,1
05477,"Rashtrasant Janardhan Swami College Of Pharmacy, Kokamthan",Pharmacy,OBC,CAP Round I,2025-26,10,6
05477,"Rashtrasant Janardhan Swami College Of Pharmacy, Kokamthan",Pharmacy,SEBC,CAP Round I,2025-26,10,3
05477,"Rashtrasant Janardhan Swami College Of Pharmacy, Kokamthan",Pharmacy,PWD,CAP Round I,2025-26,10,3
05477,"Rashtrasant Janardhan Swami College Of Pharmacy, Kokamthan",Pharmacy,DEF,CAP Round I,2025-26,10,3
05477,"Rashtrasant Janardhan Swami College Of Pharmacy, Kokamthan",Pharmacy,EWS,CAP Round I,2025-26,10,4
05478,"Rashtriya Shikshan Mandal N N Sattha College Of Pharmacy, Ahmednagar",Pharmacy,OPEN,CAP Round I,2025-26,10,15
05478,"Rashtriya Shikshan Mandal N N Sattha College Of Pharmacy, Ahmednagar",Pharmacy,SC,CAP Round I,2025-26,10,6
05478,"Rashtriya Shikshan Mandal N N Sattha College Of Pharmacy, Ahmednagar",Pharmacy,ST,CAP Round I,2025-26,10,3
05478,"Rashtriya Shikshan Mandal N N Sattha College Of Pharmacy, Ahmednagar",Pharmacy,VJ/DT,CAP Round I,2025-26,10,1
05478,"Rashtriya Shikshan Mandal N N Sattha College Of Pharmacy, Ahmednagar",Pharmacy,NTB,CAP Round I,2025-26,10,1
05478,"Rashtriya Shikshan Mandal N N Sattha College Of Pharmacy, Ahmednagar",Pharmacy,NTC,CAP Round I,2025-26,10,1
05478,"Rashtriya Shikshan Mandal N N Sattha College Of Pharmacy, Ahmednagar",Pharmacy,NTD,CAP Round I,2025-26,10,1
05478,"Rashtriya Shikshan Mandal N N Sattha College Of Pharmacy, Ahmednagar",Pharmacy,OBC,CAP Round I,2025-26,10,8
05478,"Rashtriya Shikshan Mandal N N Sattha College Of Pharmacy, Ahmednagar",Pharmacy,SEBC,CAP Round I,2025-26,10,4
05478,"Rashtriya Shikshan Mandal N N Sattha College Of Pharmacy, Ahmednagar",Pharmacy,PWD,CAP Round I,2025-26,10,3
05478,"Rashtriya Shikshan Mandal N N Sattha College Of Pharmacy, Ahmednagar",Pharmacy,DEF,CAP Round I,2025-26,10,3
05478,"Rashtriya Shikshan Mandal N N Sattha College Of Pharmacy, Ahmednagar",Pharmacy,EWS,CAP Round I,2025-26,10,10
05479,"Ashvin College of Pharmacy, Manchi Hill",Pharmacy,OPEN,CAP Round I,2025-26,6,12
05479,"Ashvin College of Pharmacy, Manchi Hill",Pharmacy,SC,CAP Round I,2025-26,6,5
05479,"Ashvin College of Pharmacy, Manchi Hill",Pharmacy,ST,CAP Round I,2025-26,6,2
05479,"Ashvin College of Pharmacy, Manchi Hill",Pharmacy,VJ/DT,CAP Round I,2025-26,6,1
05479,"Ashvin College of Pharmacy, Manchi Hill",Pharmacy,NTB,CAP Round I,2025-26,6,1
05479,"Ashvin College of Pharmacy, Manchi Hill",Pharmacy,NTC,CAP Round I,2025-26,6,1
05479,"Ashvin College of Pharmacy, Manchi Hill",Pharmacy,NTD,CAP Round I,2025-26,6,1
05479,"Ashvin College of Pharmacy, Manchi Hill",Pharmacy,OBC,CAP Round I,2025-26,6,6
05479,"Ashvin College of Pharmacy, Manchi Hill",Pharmacy,SEBC,CAP Round I,2025-26,6,3
05479,"Ashvin College of Pharmacy, Manchi Hill",Pharmacy,PWD,CAP Round I,2025-26,6,3
05479,"Ashvin College of Pharmacy, Manchi Hill",Pharmacy,DEF,CAP Round I,2025-26,6,3
05479,"Ashvin College of Pharmacy, Manchi Hill",Pharmacy,EWS,CAP Round I,2025-26,6,6
05480,"Matoshri Radha College Of D.Pharmacy, Virgaon",Pharmacy,OPEN,CAP Round I,2025-26,6,11
05480,"Matoshri Radha College Of D.Pharmacy, Virgaon",Pharmacy,SC,CAP Round I,2025-26,6,5
05480,"Matoshri Radha College Of D.Pharmacy, Virgaon",Pharmacy,ST,CAP Round I,2025-26,6,2
05480,"Matoshri Radha College Of D.Pharmacy, Virgaon",Pharmacy,VJ/DT,CAP Round I,2025-26,6,1
05480,"Matoshri Radha College Of D.Pharmacy, Virgaon",Pharmacy,NTB,CAP Round I,2025-26,6,1
05480,"Matoshri Radha College Of D.Pharmacy, Virgaon",Pharmacy,NTC,CAP Round I,2025-26,6,1
05480,"Matoshri Radha College Of D.Pharmacy, Virgaon",Pharmacy,NTD,CAP Round I,2025-26,6,1
05480,"Matoshri Radha College Of D.Pharmacy, Virgaon",Pharmacy,OBC,CAP Round I,2025-26,6,6
05480,"Matoshri Radha College Of D.Pharmacy, Virgaon",Pharmacy,SEBC,CAP Round I,2025-26,6,3
05480,"Matoshri Radha College Of D.Pharmacy, Virgaon",Pharmacy,PWD,CAP Round I,2025-26,6,3
05480,"Matoshri Radha College Of D.Pharmacy, Virgaon",Pharmacy,DEF,CAP Round I,2025-26,6,3
05480,"Matoshri Radha College Of D.Pharmacy, Virgaon",Pharmacy,EWS,CAP Round I,2025-26,6,7
05481,"Mrs. Saraswati Wani College Of D. Pharmacy, At Ganegaon",Pharmacy,OPEN,CAP Round I,2025-26,6,10
05481,"Mrs. Saraswati Wani College Of D. Pharmacy, At Ganegaon",Pharmacy,SC,CAP Round I,2025-26,6,3
05481,"Mrs. Saraswati Wani College Of D. Pharmacy, At Ganegaon",Pharmacy,ST,CAP Round I,2025-26,6,2
05481,"Mrs. Saraswati Wani College Of D. Pharmacy, At Ganegaon",Pharmacy,VJ/DT,CAP Round I,2025-26,6,1
05481,"Mrs. Saraswati Wani College Of D. Pharmacy, At Ganegaon",Pharmacy,NTC,CAP Round I,2025-26,6,1
05481,"Mrs. Saraswati Wani College Of D. Pharmacy, At Ganegaon",Pharmacy,OBC,CAP Round I,2025-26,6,5
05481,"Mrs. Saraswati Wani College Of D. Pharmacy, At Ganegaon",Pharmacy,SEBC,CAP Round I,2025-26,6,2
05481,"Mrs. Saraswati Wani College Of D. Pharmacy, At Ganegaon",Pharmacy,PWD,CAP Round I,2025-26,6,1
05481,"Mrs. Saraswati Wani College Of D. Pharmacy, At Ganegaon",Pharmacy,DEF,CAP Round I,2025-26,6,1
05481,"Mrs. Saraswati Wani College Of D. Pharmacy, At Ganegaon",Pharmacy,EWS,CAP Round I,2025-26,6,6
05482,Dr Ithape Institute Of D Pharmacy Sangamner,Pharmacy,OPEN,CAP Round I,2025-26,10,26
05482,Dr Ithape Institute Of D Pharmacy Sangamner,Pharmacy,SC,CAP Round I,2025-26,10,10
05482,Dr Ithape Institute Of D Pharmacy Sangamner,Pharmacy,ST,CAP Round I,2025-26,10,6
05482,Dr Ithape Institute Of D Pharmacy Sangamner,Pharmacy,VJ/DT,CAP Round I,2025-26,10,2
05482,Dr Ithape Institute Of D Pharmacy Sangamner,Pharmacy,NTB,CAP Round I,2025-26,10,2
05482,Dr Ithape Institute Of D Pharmacy Sangamner,Pharmacy,NTC,CAP Round I,2025-26,10,3
05482,Dr Ithape Institute Of D Pharmacy Sangamner,Pharmacy,NTD,CAP Round I,2025-26,10,1
05482,Dr Ithape Institute Of D Pharmacy Sangamner,Pharmacy,OBC,CAP Round I,2025-26,10,14
05482,Dr Ithape Institute Of D Pharmacy Sangamner,Pharmacy,SEBC,CAP Round I,2025-26,10,8
05482,Dr Ithape Institute Of D Pharmacy Sangamner,Pharmacy,PWD,CAP Round I,2025-26,10,6
05482,Dr Ithape Institute Of D Pharmacy Sangamner,Pharmacy,DEF,CAP Round I,2025-26,10,6
05482,Dr Ithape Institute Of D Pharmacy Sangamner,Pharmacy,EWS,CAP Round I,2025-26,10,9
05484,"Shri Swami Samarth Institute Of Pharmacy, Malwadi, Bota",Pharmacy,OPEN,CAP Round I,2025-26,10,25
05484,"Shri Swami Samarth Institute Of Pharmacy, Malwadi, Bota",Pharmacy,SC,CAP Round I,2025-26,10,9
05484,"Shri Swami Samarth Institute Of Pharmacy, Malwadi, Bota",Pharmacy,ST,CAP Round I,2025-26,10,5
05484,"Shri Swami Samarth Institute Of Pharmacy, Malwadi, Bota",Pharmacy,VJ/DT,CAP Round I,2025-26,10,3
05484,"Shri Swami Samarth Institute Of Pharmacy, Malwadi, Bota",Pharmacy,NTB,CAP Round I,2025-26,10,2
05484,"Shri Swami Samarth Institute Of Pharmacy, Malwadi, Bota",Pharmacy,NTC,CAP Round I,2025-26,10,3
05484,"Shri Swami Samarth Institute Of Pharmacy, Malwadi, Bota",Pharmacy,NTD,CAP Round I,2025-26,10,1
05484,"Shri Swami Samarth Institute Of Pharmacy, Malwadi, Bota",Pharmacy,OBC,CAP Round I,2025-26,10,13
05484,"Shri Swami Samarth Institute Of Pharmacy, Malwadi, Bota",Pharmacy,SEBC,CAP Round I,2025-26,10,7
05484,"Shri Swami Samarth Institute Of Pharmacy, Malwadi, Bota",Pharmacy,PWD,CAP Round I,2025-26,10,4
05484,"Shri Swami Samarth Institute Of Pharmacy, Malwadi, Bota",Pharmacy,DEF,CAP Round I,2025-26,10,4
05484,"Shri Swami Samarth Institute Of Pharmacy, Malwadi, Bota",Pharmacy,EWS,CAP Round I,2025-26,10,11
05486,"Aditya Institute of Pharmacy, Chalisgaon",Pharmacy,OPEN,CAP Round I,2025-26,6,20
05486,"Aditya Institute of Pharmacy, Chalisgaon",Pharmacy,SC,CAP Round I,2025-26,6,7
05486,"Aditya Institute of Pharmacy, Chalisgaon",Pharmacy,ST,CAP Round I,2025-26,6,4
05486,"Aditya Institute of Pharmacy, Chalisgaon",Pharmacy,VJ/DT,CAP Round I,2025-26,6,2
05486,"Aditya Institute of Pharmacy, Chalisgaon",Pharmacy,NTB,CAP Round I,2025-26,6,1
05486,"Aditya Institute of Pharmacy, Chalisgaon",Pharmacy,NTC,CAP Round I,2025-26,6,2
05486,"Aditya Institute of Pharmacy, Chalisgaon",Pharmacy,NTD,CAP Round I,2025-26,6,1
05486,"Aditya Institute of Pharmacy, Chalisgaon",Pharmacy,OBC,CAP Round I,2025-26,6,10
05486,"Aditya Institute of Pharmacy, Chalisgaon",Pharmacy,SEBC,CAP Round I,2025-26,6,6
05486,"Aditya Institute of Pharmacy, Chalisgaon",Pharmacy,PWD,CAP Round I,2025-26,6,4
05486,"Aditya Institute of Pharmacy, Chalisgaon",Pharmacy,DEF,CAP Round I,2025-26,6,4
05486,"Aditya Institute of Pharmacy, Chalisgaon",Pharmacy,EWS,CAP Round I,2025-26,6,7
05488,"Shree Panchavati Education Society's Shrimati Narmadaben Popatlal Thakkar Institute of Pharmacy, Nashik",Pharmacy,OPEN,CAP Round I,2025-26,6,23
05491,"Shatabdi Institute of Pharmacy, Bamdod, Nandurbar",Pharmacy,OPEN,CAP Round I,2025-26,6,16
05492,"DK Auti College Of Pharmacy, A/P Taluka Parner, District Ahmednagar",Pharmacy,OPEN,CAP Round I,2025-26,6,13
05492,"DK Auti College Of Pharmacy, A/P Taluka Parner, District Ahmednagar",Pharmacy,SC,CAP Round I,2025-26,6,5
05492,"DK Auti College Of Pharmacy, A/P Taluka Parner, District Ahmednagar",Pharmacy,ST,CAP Round I,2025-26,6,3
05492,"DK Auti College Of Pharmacy, A/P Taluka Parner, District Ahmednagar",Pharmacy,VJ/DT,CAP Round I,2025-26,6,1
05492,"DK Auti College Of Pharmacy, A/P Taluka Parner, District Ahmednagar",Pharmacy,NTB,CAP Round I,2025-26,6,1
05492,"DK Auti College Of Pharmacy, A/P Taluka Parner, District Ahmednagar",Pharmacy,NTC,CAP Round I,2025-26,6,1
05492,"DK Auti College Of Pharmacy, A/P Taluka Parner, District Ahmednagar",Pharmacy,NTD,CAP Round I,2025-26,6,1
05492,"DK Auti College Of Pharmacy, A/P Taluka Parner, District Ahmednagar",Pharmacy,OBC,CAP Round I,2025-26,6,7
05492,"DK Auti College Of Pharmacy, A/P Taluka Parner, District Ahmednagar",Pharmacy,SEBC,CAP Round I,2025-26,6,4
05492,"DK Auti College Of Pharmacy, A/P Taluka Parner, District Ahmednagar",Pharmacy,PWD,CAP Round I,2025-26,6,3
05492,"DK Auti College Of Pharmacy, A/P Taluka Parner, District Ahmednagar",Pharmacy,DEF,CAP Round I,2025-26,6,3
05492,"DK Auti College Of Pharmacy, A/P Taluka Parner, District Ahmednagar",Pharmacy,EWS,CAP Round I,2025-26,6,3
05493,Varad College of Pharmacy,Pharmacy,OPEN,CAP Round I,2025-26,6,22
05493,Varad College of Pharmacy,Pharmacy,SC,CAP Round I,2025-26,6,8
05493,Varad College of Pharmacy,Pharmacy,ST,CAP Round I,2025-26,6,5
05493,Varad College of Pharmacy,Pharmacy,VJ/DT,CAP Round I,2025-26,6,1
05493,Varad College of Pharmacy,Pharmacy,NTB,CAP Round I,2025-26,6,2
05493,Varad College of Pharmacy,Pharmacy,NTC,CAP Round I,2025-26,6,3
05493,Varad College of Pharmacy,Pharmacy,NTD,CAP Round I,2025-26,6,1
05493,Varad College of Pharmacy,Pharmacy,OBC,CAP Round I,2025-26,6,12
05493,Varad College of Pharmacy,Pharmacy,SEBC,CAP Round I,2025-26,6,6
05493,Varad College of Pharmacy,Pharmacy,PWD,CAP Round I,2025-26,6,4
05493,Varad College of Pharmacy,Pharmacy,DEF,CAP Round I,2025-26,6,4
05493,Varad College of Pharmacy,Pharmacy,EWS,CAP Round I,2025-26,6,7
05494,"Shiva Trust Godavari College of Pharmacy, Manori, Nashik",Pharmacy,OPEN,CAP Round I,2025-26,6,14
05494,"Shiva Trust Godavari College of Pharmacy, Manori, Nashik",Pharmacy,SC,CAP Round I,2025-26,6,5
05494,"Shiva Trust Godavari College of Pharmacy, Manori, Nashik",Pharmacy,ST,CAP Round I,2025-26,6,3
05494,"Shiva Trust Godavari College of Pharmacy, Manori, Nashik",Pharmacy,VJ/DT,CAP Round I,2025-26,6,1
05494,"Shiva Trust Godavari College of Pharmacy, Manori, Nashik",Pharmacy,NTB,CAP Round I,2025-26,6,1
05494,"Shiva Trust Godavari College of Pharmacy, Manori, Nashik",Pharmacy,NTC,CAP Round I,2025-26,6,1
05494,"Shiva Trust Godavari College of Pharmacy, Manori, Nashik",Pharmacy,NTD,CAP Round I,2025-26,6,1
05494,"Shiva Trust Godavari College of Pharmacy, Manori, Nashik",Pharmacy,OBC,CAP Round I,2025-26,6,8
05494,"Shiva Trust Godavari College of Pharmacy, Manori, Nashik",Pharmacy,SEBC,CAP Round I,2025-26,6,4
05494,"Shiva Trust Godavari College of Pharmacy, Manori, Nashik",Pharmacy,PWD,CAP Round I,2025-26,6,3
05494,"Shiva Trust Godavari College of Pharmacy, Manori, Nashik",Pharmacy,DEF,CAP Round I,2025-26,6,3
05494,"Shiva Trust Godavari College of Pharmacy, Manori, Nashik",Pharmacy,EWS,CAP Round I,2025-26,6,6
05495,"Swaddharak Vidhyarthi Sanstha's Dadasaheb Rawal Pharmacy College, (Mandal) Dondaicha",Pharmacy,OPEN,CAP Round I,2025-26,6,15
05495,"Swaddharak Vidhyarthi Sanstha's Dadasaheb Rawal Pharmacy College, (Mandal) Dondaicha",Pharmacy,SC,CAP Round I,2025-26,6,5
05495,"Swaddharak Vidhyarthi Sanstha's Dadasaheb Rawal Pharmacy College, (Mandal) Dondaicha",Pharmacy,ST,CAP Round I,2025-26,6,3
05495,"Swaddharak Vidhyarthi Sanstha's Dadasaheb Rawal Pharmacy College, (Mandal) Dondaicha",Pharmacy,VJ/DT,CAP Round I,2025-26,6,1
05495,"Swaddharak Vidhyarthi Sanstha's Dadasaheb Rawal Pharmacy College, (Mandal) Dondaicha",Pharmacy,NTB,CAP Round I,2025-26,6,1
05495,"Swaddharak Vidhyarthi Sanstha's Dadasaheb Rawal Pharmacy College, (Mandal) Dondaicha",Pharmacy,NTC,CAP Round I,2025-26,6,1
05495,"Swaddharak Vidhyarthi Sanstha's Dadasaheb Rawal Pharmacy College, (Mandal) Dondaicha",Pharmacy,NTD,CAP Round I,2025-26,6,1
05495,"Swaddharak Vidhyarthi Sanstha's Dadasaheb Rawal Pharmacy College, (Mandal) Dondaicha",Pharmacy,OBC,CAP Round I,2025-26,6,8
05495,"Swaddharak Vidhyarthi Sanstha's Dadasaheb Rawal Pharmacy College, (Mandal) Dondaicha",Pharmacy,SEBC,CAP Round I,2025-26,6,4
05495,"Swaddharak Vidhyarthi Sanstha's Dadasaheb Rawal Pharmacy College, (Mandal) Dondaicha",Pharmacy,PWD,CAP Round I,2025-26,6,3
05495,"Swaddharak Vidhyarthi Sanstha's Dadasaheb Rawal Pharmacy College, (Mandal) Dondaicha",Pharmacy,DEF,CAP Round I,2025-26,6,3
05495,"Swaddharak Vidhyarthi Sanstha's Dadasaheb Rawal Pharmacy College, (Mandal) Dondaicha",Pharmacy,EWS,CAP Round I,2025-26,6,4
05496,"Aaisaheb Shakuntalaji Jain College of Pharmacy and Research, Palaskhede (BK)",Pharmacy,OPEN,CAP Round I,2025-26,6,8
05496,"Aaisaheb Shakuntalaji Jain College of Pharmacy and Research, Palaskhede (BK)",Pharmacy,SC,CAP Round I,2025-26,6,3
05496,"Aaisaheb Shakuntalaji Jain College of Pharmacy and Research, Palaskhede (BK)",Pharmacy,ST,CAP Round I,2025-26,6,1
05496,"Aaisaheb Shakuntalaji Jain College of Pharmacy and Research, Palaskhede (BK)",Pharmacy,VJ/DT,CAP Round I,2025-26,6,1
05496,"Aaisaheb Shakuntalaji Jain College of Pharmacy and Research, Palaskhede (BK)",Pharmacy,NTC,CAP Round I,2025-26,6,1
05496,"Aaisaheb Shakuntalaji Jain College of Pharmacy and Research, Palaskhede (BK)",Pharmacy,OBC,CAP Round I,2025-26,6,4
05496,"Aaisaheb Shakuntalaji Jain College of Pharmacy and Research, Palaskhede (BK)",Pharmacy,SEBC,CAP Round I,2025-26,6,2
05496,"Aaisaheb Shakuntalaji Jain College of Pharmacy and Research, Palaskhede (BK)",Pharmacy,PWD,CAP Round I,2025-26,6,1
05496,"Aaisaheb Shakuntalaji Jain College of Pharmacy and Research, Palaskhede (BK)",Pharmacy,DEF,CAP Round I,2025-26,6,1
05496,"Aaisaheb Shakuntalaji Jain College of Pharmacy and Research, Palaskhede (BK)",Pharmacy,EWS,CAP Round I,2025-26,6,7
05500,"D.B. Patil College of Pharmacy, Parola",Pharmacy,OPEN,CAP Round I,2025-26,10,28
05500,"D.B. Patil College of Pharmacy, Parola",Pharmacy,SC,CAP Round I,2025-26,10,10
05500,"D.B. Patil College of Pharmacy, Parola",Pharmacy,ST,CAP Round I,2025-26,10,6
05500,"D.B. Patil College of Pharmacy, Parola",Pharmacy,VJ/DT,CAP Round I,2025-26,10,3
05500,"D.B. Patil College of Pharmacy, Parola",Pharmacy,NTB,CAP Round I,2025-26,10,2
05500,"D.B. Patil College of Pharmacy, Parola",Pharmacy,NTC,CAP Round I,2025-26,10,3
05500,"D.B. Patil College of Pharmacy, Parola",Pharmacy,NTD,CAP Round I,2025-26,10,3
05500,"D.B. Patil College of Pharmacy, Parola",Pharmacy,OBC,CAP Round I,2025-26,10,16
05500,"D.B. Patil College of Pharmacy, Parola",Pharmacy,SEBC,CAP Round I,2025-26,10,8
05500,"D.B. Patil College of Pharmacy, Parola",Pharmacy,PWD,CAP Round I,2025-26,10,6
05500,"D.B. Patil College of Pharmacy, Parola",Pharmacy,DEF,CAP Round I,2025-26,10,6
05500,"D.B. Patil College of Pharmacy, Parola",Pharmacy,EWS,CAP Round I,2025-26,10,11
05501,"Sai Care College of Pharmacy, Nashik",Pharmacy,OPEN,CAP Round I,2025-26,6,22
05501,"Sai Care College of Pharmacy, Nashik",Pharmacy,SC,CAP Round I,2025-26,6,8
05501,"Sai Care College of Pharmacy, Nashik",Pharmacy,ST,CAP Round I,2025-26,6,5
05501,"Sai Care College of Pharmacy, Nashik",Pharmacy,VJ/DT,CAP Round I,2025-26,6,1
05501,"Sai Care College of Pharmacy, Nashik",Pharmacy,NTB,CAP Round I,2025-26,6,2
05501,"Sai Care College of Pharmacy, Nashik",Pharmacy,NTC,CAP Round I,2025-26,6,3
05501,"Sai Care College of Pharmacy, Nashik",Pharmacy,NTD,CAP Round I,2025-26,6,1
05501,"Sai Care College of Pharmacy, Nashik",Pharmacy,OBC,CAP Round I,2025-26,6,12
05501,"Sai Care College of Pharmacy, Nashik",Pharmacy,SEBC,CAP Round I,2025-26,6,6
05501,"Sai Care College of Pharmacy, Nashik",Pharmacy,PWD,CAP Round I,2025-26,6,4
05501,"Sai Care College of Pharmacy, Nashik",Pharmacy,DEF,CAP Round I,2025-26,6,4
05501,"Sai Care College of Pharmacy, Nashik",Pharmacy,EWS,CAP Round I,2025-26,6,7
05503,"Indubai Bhadane Pratishthan's College of Pharmacy, Borkund, Dhule",Pharmacy,OPEN,CAP Round I,2025-26,6,21
05503,"Indubai Bhadane Pratishthan's College of Pharmacy, Borkund, Dhule",Pharmacy,SC,CAP Round I,2025-26,6,8
05503,"Indubai Bhadane Pratishthan's College of Pharmacy, Borkund, Dhule",Pharmacy,ST,CAP Round I,2025-26,6,4
05503,"Indubai Bhadane Pratishthan's College of Pharmacy, Borkund, Dhule",Pharmacy,VJ/DT,CAP Round I,2025-26,6,2
05503,"Indubai Bhadane Pratishthan's College of Pharmacy, Borkund, Dhule",Pharmacy,NTB,CAP Round I,2025-26,6,1
05503,"Indubai Bhadane Pratishthan's College of Pharmacy, Borkund, Dhule",Pharmacy,NTC,CAP Round I,2025-26,6,2
05503,"Indubai Bhadane Pratishthan's College of Pharmacy, Borkund, Dhule",Pharmacy,NTD,CAP Round I,2025-26,6,1
05503,"Indubai Bhadane Pratishthan's College of Pharmacy, Borkund, Dhule",Pharmacy,OBC,CAP Round I,2025-26,6,11
05503,"Indubai Bhadane Pratishthan's College of Pharmacy, Borkund, Dhule",Pharmacy,SEBC,CAP Round I,2025-26,6,6
05503,"Indubai Bhadane Pratishthan's College of Pharmacy, Borkund, Dhule",Pharmacy,PWD,CAP Round I,2025-26,6,4
05503,"Indubai Bhadane Pratishthan's College of Pharmacy, Borkund, Dhule",Pharmacy,DEF,CAP Round I,2025-26,6,4
05503,"Indubai Bhadane Pratishthan's College of Pharmacy, Borkund, Dhule",Pharmacy,EWS,CAP Round I,2025-26,6,7
05505,"Brahma Valley Institute of Pharmacy, Anjaneri, Nashik",Pharmacy,OPEN,CAP Round I,2025-26,6,15
05505,"Brahma Valley Institute of Pharmacy, Anjaneri, Nashik",Pharmacy,SC,CAP Round I,2025-26,6,5
05505,"Brahma Valley Institute of Pharmacy, Anjaneri, Nashik",Pharmacy,ST,CAP Round I,2025-26,6,3
05505,"Brahma Valley Institute of Pharmacy, Anjaneri, Nashik",Pharmacy,VJ/DT,CAP Round I,2025-26,6,1
05505,"Brahma Valley Institute of Pharmacy, Anjaneri, Nashik",Pharmacy,NTB,CAP Round I,2025-26,6,1
05505,"Brahma Valley Institute of Pharmacy, Anjaneri, Nashik",Pharmacy,NTC,CAP Round I,2025-26,6,1
05505,"Brahma Valley Institute of Pharmacy, Anjaneri, Nashik",Pharmacy,NTD,CAP Round I,2025-26,6,1
05505,"Brahma Valley Institute of Pharmacy, Anjaneri, Nashik",Pharmacy,OBC,CAP Round I,2025-26,6,8
05505,"Brahma Valley Institute of Pharmacy, Anjaneri, Nashik",Pharmacy,SEBC,CAP Round I,2025-26,6,4
05505,"Brahma Valley Institute of Pharmacy, Anjaneri, Nashik",Pharmacy,PWD,CAP Round I,2025-26,6,3
05505,"Brahma Valley Institute of Pharmacy, Anjaneri, Nashik",Pharmacy,DEF,CAP Round I,2025-26,6,3
05505,"Brahma Valley Institute of Pharmacy, Anjaneri, Nashik",Pharmacy,EWS,CAP Round I,2025-26,6,7
05506,"Vishwabharati Academys, College of Pharmacy, Saroda baddi, Ahmednagar",Pharmacy,OPEN,CAP Round I,2025-26,6,13
05506,"Vishwabharati Academys, College of Pharmacy, Saroda baddi, Ahmednagar",Pharmacy,SC,CAP Round I,2025-26,6,5
05506,"Vishwabharati Academys, College of Pharmacy, Saroda baddi, Ahmednagar",Pharmacy,ST,CAP Round I,2025-26,6,2
05506,"Vishwabharati Academys, College of Pharmacy, Saroda baddi, Ahmednagar",Pharmacy,VJ/DT,CAP Round I,2025-26,6,1
05506,"Vishwabharati Academys, College of Pharmacy, Saroda baddi, Ahmednagar",Pharmacy,NTB,CAP Round I,2025-26,6,1
05506,"Vishwabharati Academys, College of Pharmacy, Saroda baddi, Ahmednagar",Pharmacy,NTC,CAP Round I,2025-26,6,1
05506,"Vishwabharati Academys, College of Pharmacy, Saroda baddi, Ahmednagar",Pharmacy,NTD,CAP Round I,2025-26,6,1
05506,"Vishwabharati Academys, College of Pharmacy, Saroda baddi, Ahmednagar",Pharmacy,OBC,CAP Round I,2025-26,6,7
05506,"Vishwabharati Academys, College of Pharmacy, Saroda baddi, Ahmednagar",Pharmacy,SEBC,CAP Round I,2025-26,6,4
05506,"Vishwabharati Academys, College of Pharmacy, Saroda baddi, Ahmednagar",Pharmacy,PWD,CAP Round I,2025-26,6,3
05506,"Vishwabharati Academys, College of Pharmacy, Saroda baddi, Ahmednagar",Pharmacy,DEF,CAP Round I,2025-26,6,3
05506,"Vishwabharati Academys, College of Pharmacy, Saroda baddi, Ahmednagar",Pharmacy,EWS,CAP Round I,2025-26,6,6
05507,"P. V. Belhekar College of Pharmacy, Bhanshiware",Pharmacy,OPEN,CAP Round I,2025-26,6,20
05507,"P. V. Belhekar College of Pharmacy, Bhanshiware",Pharmacy,SC,CAP Round I,2025-26,6,7
05507,"P. V. Belhekar College of Pharmacy, Bhanshiware",Pharmacy,ST,CAP Round I,2025-26,6,4
05507,"P. V. Belhekar College of Pharmacy, Bhanshiware",Pharmacy,VJ/DT,CAP Round I,2025-26,6,2
05507,"P. V. Belhekar College of Pharmacy, Bhanshiware",Pharmacy,NTB,CAP Round I,2025-26,6,1
05507,"P. V. Belhekar College of Pharmacy, Bhanshiware",Pharmacy,NTC,CAP Round I,2025-26,6,2
05507,"P. V. Belhekar College of Pharmacy, Bhanshiware",Pharmacy,NTD,CAP Round I,2025-26,6,1
05507,"P. V. Belhekar College of Pharmacy, Bhanshiware",Pharmacy,OBC,CAP Round I,2025-26,6,11
05507,"P. V. Belhekar College of Pharmacy, Bhanshiware",Pharmacy,SEBC,CAP Round I,2025-26,6,6
05507,"P. V. Belhekar College of Pharmacy, Bhanshiware",Pharmacy,PWD,CAP Round I,2025-26,6,4
05507,"P. V. Belhekar College of Pharmacy, Bhanshiware",Pharmacy,DEF,CAP Round I,2025-26,6,4
05507,"P. V. Belhekar College of Pharmacy, Bhanshiware",Pharmacy,EWS,CAP Round I,2025-26,6,7
05514,"Hon. Tukaramsheth S. Baviskar Institute of Pharmaceutical Education & Research, Dahiwad, Shirpur",Pharmacy,OPEN,CAP Round I,2025-26,6,13
05514,"Hon. Tukaramsheth S. Baviskar Institute of Pharmaceutical Education & Research, Dahiwad, Shirpur",Pharmacy,SC,CAP Round I,2025-26,6,5
05514,"Hon. Tukaramsheth S. Baviskar Institute of Pharmaceutical Education & Research, Dahiwad, Shirpur",Pharmacy,ST,CAP Round I,2025-26,6,2
05514,"Hon. Tukaramsheth S. Baviskar Institute of Pharmaceutical Education & Research, Dahiwad, Shirpur",Pharmacy,VJ/DT,CAP Round I,2025-26,6,1
05514,"Hon. Tukaramsheth S. Baviskar Institute of Pharmaceutical Education & Research, Dahiwad, Shirpur",Pharmacy,NTB,CAP Round I,2025-26,6,1
05514,"Hon. Tukaramsheth S. Baviskar Institute of Pharmaceutical Education & Research, Dahiwad, Shirpur",Pharmacy,NTC,CAP Round I,2025-26,6,1
05514,"Hon. Tukaramsheth S. Baviskar Institute of Pharmaceutical Education & Research, Dahiwad, Shirpur",Pharmacy,NTD,CAP Round I,2025-26,6,1
05514,"Hon. Tukaramsheth S. Baviskar Institute of Pharmaceutical Education & Research, Dahiwad, Shirpur",Pharmacy,OBC,CAP Round I,2025-26,6,7
05514,"Hon. Tukaramsheth S. Baviskar Institute of Pharmaceutical Education & Research, Dahiwad, Shirpur",Pharmacy,SEBC,CAP Round I,2025-26,6,4
05514,"Hon. Tukaramsheth S. Baviskar Institute of Pharmaceutical Education & Research, Dahiwad, Shirpur",Pharmacy,PWD,CAP Round I,2025-26,6,3
05514,"Hon. Tukaramsheth S. Baviskar Institute of Pharmaceutical Education & Research, Dahiwad, Shirpur",Pharmacy,DEF,CAP Round I,2025-26,6,3
05514,"Hon. Tukaramsheth S. Baviskar Institute of Pharmaceutical Education & Research, Dahiwad, Shirpur",Pharmacy,EWS,CAP Round I,2025-26,6,4
05515,Wani College of Pharmacy,Pharmacy,OPEN,CAP Round I,2025-26,6,11
05515,Wani College of Pharmacy,Pharmacy,SC,CAP Round I,2025-26,6,3
05515,Wani College of Pharmacy,Pharmacy,ST,CAP Round I,2025-26,6,2
05515,Wani College of Pharmacy,Pharmacy,VJ/DT,CAP Round I,2025-26,6,1
05515,Wani College of Pharmacy,Pharmacy,NTB,CAP Round I,2025-26,6,1
05515,Wani College of Pharmacy,Pharmacy,NTC,CAP Round I,2025-26,6,1
05515,Wani College of Pharmacy,Pharmacy,OBC,CAP Round I,2025-26,6,5
05515,Wani College of Pharmacy,Pharmacy,SEBC,CAP Round I,2025-26,6,3
05515,Wani College of Pharmacy,Pharmacy,PWD,CAP Round I,2025-26,6,1
05515,Wani College of Pharmacy,Pharmacy,DEF,CAP Round I,2025-26,6,1
05515,Wani College of Pharmacy,Pharmacy,EWS,CAP Round I,2025-26,6,7
05517,Sakeshwar College of Pharmacy,Pharmacy,OPEN,CAP Round I,2025-26,6,15
05517,Sakeshwar College of Pharmacy,Pharmacy,SC,CAP Round I,2025-26,6,5
05517,Sakeshwar College of Pharmacy,Pharmacy,ST,CAP Round I,2025-26,6,3
05517,Sakeshwar College of Pharmacy,Pharmacy,VJ/DT,CAP Round I,2025-26,6,1
05517,Sakeshwar College of Pharmacy,Pharmacy,NTB,CAP Round I,2025-26,6,1
05517,Sakeshwar College of Pharmacy,Pharmacy,NTC,CAP Round I,2025-26,6,1
05517,Sakeshwar College of Pharmacy,Pharmacy,NTD,CAP Round I,2025-26,6,1
05517,Sakeshwar College of Pharmacy,Pharmacy,OBC,CAP Round I,2025-26,6,8
05517,Sakeshwar College of Pharmacy,Pharmacy,SEBC,CAP Round I,2025-26,6,4
05517,Sakeshwar College of Pharmacy,Pharmacy,PWD,CAP Round I,2025-26,6,3
05517,Sakeshwar College of Pharmacy,Pharmacy,DEF,CAP Round I,2025-26,6,3
05517,Sakeshwar College of Pharmacy,Pharmacy,EWS,CAP Round I,2025-26,6,7
05518,Shri. Sai Samarth Pharmacy College & Research Centre,Pharmacy,OPEN,CAP Round I,2025-26,6,15
05518,Shri. Sai Samarth Pharmacy College & Research Centre,Pharmacy,SC,CAP Round I,2025-26,6,6
05518,Shri. Sai Samarth Pharmacy College & Research Centre,Pharmacy,ST,CAP Round I,2025-26,6,3
05518,Shri. Sai Samarth Pharmacy College & Research Centre,Pharmacy,VJ/DT,CAP Round I,2025-26,6,1
05518,Shri. Sai Samarth Pharmacy College & Research Centre,Pharmacy,NTB,CAP Round I,2025-26,6,1
05518,Shri. Sai Samarth Pharmacy College & Research Centre,Pharmacy,NTC,CAP Round I,2025-26,6,1
05518,Shri. Sai Samarth Pharmacy College & Research Centre,Pharmacy,NTD,CAP Round I,2025-26,6,1
05518,Shri. Sai Samarth Pharmacy College & Research Centre,Pharmacy,OBC,CAP Round I,2025-26,6,8
05518,Shri. Sai Samarth Pharmacy College & Research Centre,Pharmacy,SEBC,CAP Round I,2025-26,6,4
05518,Shri. Sai Samarth Pharmacy College & Research Centre,Pharmacy,PWD,CAP Round I,2025-26,6,3
05518,Shri. Sai Samarth Pharmacy College & Research Centre,Pharmacy,DEF,CAP Round I,2025-26,6,3
05518,Shri. Sai Samarth Pharmacy College & Research Centre,Pharmacy,EWS,CAP Round I,2025-26,6,6
05519,Ashok College of Pharmacy,Pharmacy,OPEN,CAP Round I,2025-26,6,12
05519,Ashok College of Pharmacy,Pharmacy,SC,CAP Round I,2025-26,6,3
05519,Ashok College of Pharmacy,Pharmacy,ST,CAP Round I,2025-26,6,2
05519,Ashok College of Pharmacy,Pharmacy,VJ/DT,CAP Round I,2025-26,6,1
05519,Ashok College of Pharmacy,Pharmacy,NTB,CAP Round I,2025-26,6,1
05519,Ashok College of Pharmacy,Pharmacy,NTC,CAP Round I,2025-26,6,1
05519,Ashok College of Pharmacy,Pharmacy,NTD,CAP Round I,2025-26,6,1
05519,Ashok College of Pharmacy,Pharmacy,OBC,CAP Round I,2025-26,6,5
05519,Ashok College of Pharmacy,Pharmacy,SEBC,CAP Round I,2025-26,6,3
05519,Ashok College of Pharmacy,Pharmacy,PWD,CAP Round I,2025-26,6,1
05519,Ashok College of Pharmacy,Pharmacy,DEF,CAP Round I,2025-26,6,1
05519,Ashok College of Pharmacy,Pharmacy,EWS,CAP Round I,2025-26,6,7
05520,OBVS Nikam College of Pharmacy,Pharmacy,OPEN,CAP Round I,2025-26,6,19
05520,OBVS Nikam College of Pharmacy,Pharmacy,SC,CAP Round I,2025-26,6,7
05520,OBVS Nikam College of Pharmacy,Pharmacy,ST,CAP Round I,2025-26,6,4
05520,OBVS Nikam College of Pharmacy,Pharmacy,VJ/DT,CAP Round I,2025-26,6,2
05520,OBVS Nikam College of Pharmacy,Pharmacy,NTB,CAP Round I,2025-26,6,1
05520,OBVS Nikam College of Pharmacy,Pharmacy,NTC,CAP Round I,2025-26,6,2
05520,OBVS Nikam College of Pharmacy,Pharmacy,NTD,CAP Round I,2025-26,6,1
05520,OBVS Nikam College of Pharmacy,Pharmacy,OBC,CAP Round I,2025-26,6,10
05520,OBVS Nikam College of Pharmacy,Pharmacy,SEBC,CAP Round I,2025-26,6,6
05520,OBVS Nikam College of Pharmacy,Pharmacy,PWD,CAP Round I,2025-26,6,4
05520,OBVS Nikam College of Pharmacy,Pharmacy,DEF,CAP Round I,2025-26,6,4
05520,OBVS Nikam College of Pharmacy,Pharmacy,EWS,CAP Round I,2025-26,6,7
05522,Adsul College of Pharmacy,Pharmacy,OPEN,CAP Round I,2025-26,6,11
05522,Adsul College of Pharmacy,Pharmacy,SC,CAP Round I,2025-26,6,4
05522,Adsul College of Pharmacy,Pharmacy,ST,CAP Round I,2025-26,6,2
05522,Adsul College of Pharmacy,Pharmacy,VJ/DT,CAP Round I,2025-26,6,1
05522,Adsul College of Pharmacy,Pharmacy,NTB,CAP Round I,2025-26,6,1
05522,Adsul College of Pharmacy,Pharmacy,NTC,CAP Round I,2025-26,6,1
05522,Adsul College of Pharmacy,Pharmacy,NTD,CAP Round I,2025-26,6,1
05522,Adsul College of Pharmacy,Pharmacy,OBC,CAP Round I,2025-26,6,6
05522,Adsul College of Pharmacy,Pharmacy,SEBC,CAP Round I,2025-26,6,3
05522,Adsul College of Pharmacy,Pharmacy,PWD,CAP Round I,2025-26,6,3
05522,Adsul College of Pharmacy,Pharmacy,DEF,CAP Round I,2025-26,6,3
05522,Adsul College of Pharmacy,Pharmacy,EWS,CAP Round I,2025-26,6,7
05523,"Loknete Appasaheb Rajale College of Pharmacy, Adinathnagar",Pharmacy,OPEN,CAP Round I,2025-26,6,11
05523,"Loknete Appasaheb Rajale College of Pharmacy, Adinathnagar",Pharmacy,SC,CAP Round I,2025-26,6,4
05523,"Loknete Appasaheb Rajale College of Pharmacy, Adinathnagar",Pharmacy,ST,CAP Round I,2025-26,6,2
05523,"Loknete Appasaheb Rajale College of Pharmacy, Adinathnagar",Pharmacy,VJ/DT,CAP Round I,2025-26,6,1
05523,"Loknete Appasaheb Rajale College of Pharmacy, Adinathnagar",Pharmacy,NTB,CAP Round I,2025-26,6,1
05523,"Loknete Appasaheb Rajale College of Pharmacy, Adinathnagar",Pharmacy,NTC,CAP Round I,2025-26,6,1
05523,"Loknete Appasaheb Rajale College of Pharmacy, Adinathnagar",Pharmacy,NTD,CAP Round I,2025-26,6,1
05523,"Loknete Appasaheb Rajale College of Pharmacy, Adinathnagar",Pharmacy,OBC,CAP Round I,2025-26,6,5
05523,"Loknete Appasaheb Rajale College of Pharmacy, Adinathnagar",Pharmacy,SEBC,CAP Round I,2025-26,6,3
05523,"Loknete Appasaheb Rajale College of Pharmacy, Adinathnagar",Pharmacy,PWD,CAP Round I,2025-26,6,3
05523,"Loknete Appasaheb Rajale College of Pharmacy, Adinathnagar",Pharmacy,DEF,CAP Round I,2025-26,6,3
05523,"Loknete Appasaheb Rajale College of Pharmacy, Adinathnagar",Pharmacy,EWS,CAP Round I,2025-26,6,6
05528,"Santoshimata College of Pharmacy, Panhalsathe",Pharmacy,OPEN,CAP Round I,2025-26,6,23
05528,"Santoshimata College of Pharmacy, Panhalsathe",Pharmacy,SC,CAP Round I,2025-26,6,8
05528,"Santoshimata College of Pharmacy, Panhalsathe",Pharmacy,ST,CAP Round I,2025-26,6,5
05528,"Santoshimata College of Pharmacy, Panhalsathe",Pharmacy,VJ/DT,CAP Round I,2025-26,6,2
05528,"Santoshimata College of Pharmacy, Panhalsathe",Pharmacy,NTB,CAP Round I,2025-26,6,1
05528,"Santoshimata College of Pharmacy, Panhalsathe",Pharmacy,NTC,CAP Round I,2025-26,6,3
05528,"Santoshimata College of Pharmacy, Panhalsathe",Pharmacy,NTD,CAP Round I,2025-26,6,1
05528,"Santoshimata College of Pharmacy, Panhalsathe",Pharmacy,OBC,CAP Round I,2025-26,6,12
05528,"Santoshimata College of Pharmacy, Panhalsathe",Pharmacy,SEBC,CAP Round I,2025-26,6,6
05528,"Santoshimata College of Pharmacy, Panhalsathe",Pharmacy,PWD,CAP Round I,2025-26,6,4
05528,"Santoshimata College of Pharmacy, Panhalsathe",Pharmacy,DEF,CAP Round I,2025-26,6,4
05528,"Santoshimata College of Pharmacy, Panhalsathe",Pharmacy,EWS,CAP Round I,2025-26,6,7
05531,MKD College of Pharmacy,Pharmacy,OPEN,CAP Round I,2025-26,6,5
05531,MKD College of Pharmacy,Pharmacy,SC,CAP Round I,2025-26,6,1
05531,MKD College of Pharmacy,Pharmacy,ST,CAP Round I,2025-26,6,1
05531,MKD College of Pharmacy,Pharmacy,NTB,CAP Round I,2025-26,6,1
05531,MKD College of Pharmacy,Pharmacy,NTD,CAP Round I,2025-26,6,1
05531,MKD College of Pharmacy,Pharmacy,OBC,CAP Round I,2025-26,6,3
05531,MKD College of Pharmacy,Pharmacy,SEBC,CAP Round I,2025-26,6,1
05531,MKD College of Pharmacy,Pharmacy,PWD,CAP Round I,2025-26,6,1
05531,MKD College of Pharmacy,Pharmacy,DEF,CAP Round I,2025-26,6,1
05531,MKD College of Pharmacy,Pharmacy,EWS,CAP Round I,2025-26,6,5
05533,"Late Devrao Digamber Varat College of Pharmacy, Sakat Tal. Jamkhed Dist. Ahmednagar",Pharmacy,OPEN,CAP Round I,2025-26,6,20
05533,"Late Devrao Digamber Varat College of Pharmacy, Sakat Tal. Jamkhed Dist. Ahmednagar",Pharmacy,SC,CAP Round I,2025-26,6,8
05533,"Late Devrao Digamber Varat College of Pharmacy, Sakat Tal. Jamkhed Dist. Ahmednagar",Pharmacy,ST,CAP Round I,2025-26,6,4
05533,"Late Devrao Digamber Varat College of Pharmacy, Sakat Tal. Jamkhed Dist. Ahmednagar",Pharmacy,VJ/DT,CAP Round I,2025-26,6,2
05533,"Late Devrao Digamber Varat College of Pharmacy, Sakat Tal. Jamkhed Dist. Ahmednagar",Pharmacy,NTB,CAP Round I,2025-26,6,1
05533,"Late Devrao Digamber Varat College of Pharmacy, Sakat Tal. Jamkhed Dist. Ahmednagar",Pharmacy,NTC,CAP Round I,2025-26,6,2
05533,"Late Devrao Digamber Varat College of Pharmacy, Sakat Tal. Jamkhed Dist. Ahmednagar",Pharmacy,NTD,CAP Round I,2025-26,6,1
05533,"Late Devrao Digamber Varat College of Pharmacy, Sakat Tal. Jamkhed Dist. Ahmednagar",Pharmacy,OBC,CAP Round I,2025-26,6,11
05533,"Late Devrao Digamber Varat College of Pharmacy, Sakat Tal. Jamkhed Dist. Ahmednagar",Pharmacy,SEBC,CAP Round I,2025-26,6,6
05533,"Late Devrao Digamber Varat College of Pharmacy, Sakat Tal. Jamkhed Dist. Ahmednagar",Pharmacy,PWD,CAP Round I,2025-26,6,4
05533,"Late Devrao Digamber Varat College of Pharmacy, Sakat Tal. Jamkhed Dist. Ahmednagar",Pharmacy,DEF,CAP Round I,2025-26,6,4
05533,"Late Devrao Digamber Varat College of Pharmacy, Sakat Tal. Jamkhed Dist. Ahmednagar",Pharmacy,EWS,CAP Round I,2025-26,6,7
05534,Aarogya Sampada College of Pharmacy,Pharmacy,OPEN,CAP Round I,2025-26,6,18
05534,Aarogya Sampada College of Pharmacy,Pharmacy,SC,CAP Round I,2025-26,6,6
05534,Aarogya Sampada College of Pharmacy,Pharmacy,ST,CAP Round I,2025-26,6,3
05534,Aarogya Sampada College of Pharmacy,Pharmacy,VJ/DT,CAP Round I,2025-26,6,2
05534,Aarogya Sampada College of Pharmacy,Pharmacy,NTB,CAP Round I,2025-26,6,1
05534,Aarogya Sampada College of Pharmacy,Pharmacy,NTC,CAP Round I,2025-26,6,2
05534,Aarogya Sampada College of Pharmacy,Pharmacy,NTD,CAP Round I,2025-26,6,1
05534,Aarogya Sampada College of Pharmacy,Pharmacy,OBC,CAP Round I,2025-26,6,9
05534,Aarogya Sampada College of Pharmacy,Pharmacy,SEBC,CAP Round I,2025-26,6,5
05534,Aarogya Sampada College of Pharmacy,Pharmacy,PWD,CAP Round I,2025-26,6,3
05534,Aarogya Sampada College of Pharmacy,Pharmacy,DEF,CAP Round I,2025-26,6,3
05534,Aarogya Sampada College of Pharmacy,Pharmacy,EWS,CAP Round I,2025-26,6,7
05536,Shinde Institute of Pharmacy & Research,Pharmacy,OPEN,CAP Round I,2025-26,6,21
05536,Shinde Institute of Pharmacy & Research,Pharmacy,SC,CAP Round I,2025-26,6,8
05536,Shinde Institute of Pharmacy & Research,Pharmacy,ST,CAP Round I,2025-26,6,4
05536,Shinde Institute of Pharmacy & Research,Pharmacy,VJ/DT,CAP Round I,2025-26,6,2
05536,Shinde Institute of Pharmacy & Research,Pharmacy,NTB,CAP Round I,2025-26,6,1
05536,Shinde Institute of Pharmacy & Research,Pharmacy,NTC,CAP Round I,2025-26,6,2
05536,Shinde Institute of Pharmacy & Research,Pharmacy,NTD,CAP Round I,2025-26,6,1
05536,Shinde Institute of Pharmacy & Research,Pharmacy,OBC,CAP Round I,2025-26,6,12
05536,Shinde Institute of Pharmacy & Research,Pharmacy,SEBC,CAP Round I,2025-26,6,6
05536,Shinde Institute of Pharmacy & Research,Pharmacy,PWD,CAP Round I,2025-26,6,4
05536,Shinde Institute of Pharmacy & Research,Pharmacy,DEF,CAP Round I,2025-26,6,4
05536,Shinde Institute of Pharmacy & Research,Pharmacy,EWS,CAP Round I,2025-26,6,7
05538,Hon. Shri Shankarrao Takekar Institute of Pharmaceutical Sciences and Research,Pharmacy,OPEN,CAP Round I,2025-26,6,22
05538,Hon. Shri Shankarrao Takekar Institute of Pharmaceutical Sciences and Research,Pharmacy,SC,CAP Round I,2025-26,6,8
05538,Hon. Shri Shankarrao Takekar Institute of Pharmaceutical Sciences and Research,Pharmacy,ST,CAP Round I,2025-26,6,5
05538,Hon. Shri Shankarrao Takekar Institute of Pharmaceutical Sciences and Research,Pharmacy,VJ/DT,CAP Round I,2025-26,6,2
05538,Hon. Shri Shankarrao Takekar Institute of Pharmaceutical Sciences and Research,Pharmacy,NTB,CAP Round I,2025-26,6,1
05538,Hon. Shri Shankarrao Takekar Institute of Pharmaceutical Sciences and Research,Pharmacy,NTC,CAP Round I,2025-26,6,3
05538,Hon. Shri Shankarrao Takekar Institute of Pharmaceutical Sciences and Research,Pharmacy,NTD,CAP Round I,2025-26,6,1
05538,Hon. Shri Shankarrao Takekar Institute of Pharmaceutical Sciences and Research,Pharmacy,OBC,CAP Round I,2025-26,6,12
05538,Hon. Shri Shankarrao Takekar Institute of Pharmaceutical Sciences and Research,Pharmacy,SEBC,CAP Round I,2025-26,6,6
05538,Hon. Shri Shankarrao Takekar Institute of Pharmaceutical Sciences and Research,Pharmacy,PWD,CAP Round I,2025-26,6,4
05538,Hon. Shri Shankarrao Takekar Institute of Pharmaceutical Sciences and Research,Pharmacy,DEF,CAP Round I,2025-26,6,4
05538,Hon. Shri Shankarrao Takekar Institute of Pharmaceutical Sciences and Research,Pharmacy,EWS,CAP Round I,2025-26,6,7
05540,"Shri. Laxmanrao Tryambakrao Nakade Pharmacy College, Dhorjalgaon-NE",Pharmacy,OPEN,CAP Round I,2025-26,6,23
05540,"Shri. Laxmanrao Tryambakrao Nakade Pharmacy College, Dhorjalgaon-NE",Pharmacy,SC,CAP Round I,2025-26,6,8
05540,"Shri. Laxmanrao Tryambakrao Nakade Pharmacy College, Dhorjalgaon-NE",Pharmacy,ST,CAP Round I,2025-26,6,5
05540,"Shri. Laxmanrao Tryambakrao Nakade Pharmacy College, Dhorjalgaon-NE",Pharmacy,VJ/DT,CAP Round I,2025-26,6,2
05540,"Shri. Laxmanrao Tryambakrao Nakade Pharmacy College, Dhorjalgaon-NE",Pharmacy,NTB,CAP Round I,2025-26,6,2
05540,"Shri. Laxmanrao Tryambakrao Nakade Pharmacy College, Dhorjalgaon-NE",Pharmacy,NTC,CAP Round I,2025-26,6,2
05540,"Shri. Laxmanrao Tryambakrao Nakade Pharmacy College, Dhorjalgaon-NE",Pharmacy,NTD,CAP Round I,2025-26,6,2
05540,"Shri. Laxmanrao Tryambakrao Nakade Pharmacy College, Dhorjalgaon-NE",Pharmacy,OBC,CAP Round I,2025-26,6,12
05540,"Shri. Laxmanrao Tryambakrao Nakade Pharmacy College, Dhorjalgaon-NE",Pharmacy,SEBC,CAP Round I,2025-26,6,6
05540,"Shri. Laxmanrao Tryambakrao Nakade Pharmacy College, Dhorjalgaon-NE",Pharmacy,PWD,CAP Round I,2025-26,6,4
05540,"Shri. Laxmanrao Tryambakrao Nakade Pharmacy College, Dhorjalgaon-NE",Pharmacy,DEF,CAP Round I,2025-26,6,4
05540,"Shri. Laxmanrao Tryambakrao Nakade Pharmacy College, Dhorjalgaon-NE",Pharmacy,EWS,CAP Round I,2025-26,6,7
05541,"Trimurti Gramin Pharmacy College, Khadke",Pharmacy,OPEN,CAP Round I,2025-26,6,21
05541,"Trimurti Gramin Pharmacy College, Khadke",Pharmacy,SC,CAP Round I,2025-26,6,8
05541,"Trimurti Gramin Pharmacy College, Khadke",Pharmacy,ST,CAP Round I,2025-26,6,4
05541,"Trimurti Gramin Pharmacy College, Khadke",Pharmacy,VJ/DT,CAP Round I,2025-26,6,2
05541,"Trimurti Gramin Pharmacy College, Khadke",Pharmacy,NTB,CAP Round I,2025-26,6,1
05541,"Trimurti Gramin Pharmacy College, Khadke",Pharmacy,NTC,CAP Round I,2025-26,6,2
05541,"Trimurti Gramin Pharmacy College, Khadke",Pharmacy,NTD,CAP Round I,2025-26,6,1
05541,"Trimurti Gramin Pharmacy College, Khadke",Pharmacy,OBC,CAP Round I,2025-26,6,12
05541,"Trimurti Gramin Pharmacy College, Khadke",Pharmacy,SEBC,CAP Round I,2025-26,6,6
05541,"Trimurti Gramin Pharmacy College, Khadke",Pharmacy,PWD,CAP Round I,2025-26,6,4
05541,"Trimurti Gramin Pharmacy College, Khadke",Pharmacy,DEF,CAP Round I,2025-26,6,4
05541,"Trimurti Gramin Pharmacy College, Khadke",Pharmacy,EWS,CAP Round I,2025-26,6,7
05651,SDSKGVP Saikrupa Institute of Pharmacy,Pharmacy,OPEN,CAP Round I,2025-26,6,24
05651,SDSKGVP Saikrupa Institute of Pharmacy,Pharmacy,SC,CAP Round I,2025-26,6,8
05651,SDSKGVP Saikrupa Institute of Pharmacy,Pharmacy,ST,CAP Round I,2025-26,6,5
05651,SDSKGVP Saikrupa Institute of Pharmacy,Pharmacy,VJ/DT,CAP Round I,2025-26,6,2
05651,SDSKGVP Saikrupa Institute of Pharmacy,Pharmacy,NTB,CAP Round I,2025-26,6,2
05651,SDSKGVP Saikrupa Institute of Pharmacy,Pharmacy,NTC,CAP Round I,2025-26,6,3
05651,SDSKGVP Saikrupa Institute of Pharmacy,Pharmacy,NTD,CAP Round I,2025-26,6,1
05651,SDSKGVP Saikrupa Institute of Pharmacy,Pharmacy,OBC,CAP Round I,2025-26,6,12
05651,SDSKGVP Saikrupa Institute of Pharmacy,Pharmacy,SEBC,CAP Round I,2025-26,6,7
05651,SDSKGVP Saikrupa Institute of Pharmacy,Pharmacy,PWD,CAP Round I,2025-26,6,4
05651,SDSKGVP Saikrupa Institute of Pharmacy,Pharmacy,DEF,CAP Round I,2025-26,6,4
05651,SDSKGVP Saikrupa Institute of Pharmacy,Pharmacy,EWS,CAP Round I,2025-26,6,7
05653,"Matoshri College of Pharmacy, Mhasrul",Pharmacy,OPEN,CAP Round I,2025-26,10,24
05653,"Matoshri College of Pharmacy, Mhasrul",Pharmacy,SC,CAP Round I,2025-26,10,9
05653,"Matoshri College of Pharmacy, Mhasrul",Pharmacy,ST,CAP Round I,2025-26,10,5
05653,"Matoshri College of Pharmacy, Mhasrul",Pharmacy,VJ/DT,CAP Round I,2025-26,10,2
05653,"Matoshri College of Pharmacy, Mhasrul",Pharmacy,NTB,CAP Round I,2025-26,10,2
05653,"Matoshri College of Pharmacy, Mhasrul",Pharmacy,NTC,CAP Round I,2025-26,10,3
05653,"Matoshri College of Pharmacy, Mhasrul",Pharmacy,NTD,CAP Round I,2025-26,10,1
05653,"Matoshri College of Pharmacy, Mhasrul",Pharmacy,OBC,CAP Round I,2025-26,10,14
05653,"Matoshri College of Pharmacy, Mhasrul",Pharmacy,SEBC,CAP Round I,2025-26,10,7
05653,"Matoshri College of Pharmacy, Mhasrul",Pharmacy,PWD,CAP Round I,2025-26,10,6
05653,"Matoshri College of Pharmacy, Mhasrul",Pharmacy,DEF,CAP Round I,2025-26,10,6
05653,"Matoshri College of Pharmacy, Mhasrul",Pharmacy,EWS,CAP Round I,2025-26,10,10
05654,J.M. Kolpe College of Pharmacy,Pharmacy,OPEN,CAP Round I,2025-26,10,40
05654,J.M. Kolpe College of Pharmacy,Pharmacy,SC,CAP Round I,2025-26,10,15
05654,J.M. Kolpe College of Pharmacy,Pharmacy,ST,CAP Round I,2025-26,10,8
05654,J.M. Kolpe College of Pharmacy,Pharmacy,VJ/DT,CAP Round I,2025-26,10,3
05654,J.M. Kolpe College of Pharmacy,Pharmacy,NTB,CAP Round I,2025-26,10,3
05654,J.M. Kolpe College of Pharmacy,Pharmacy,NTC,CAP Round I,2025-26,10,3
05654,J.M. Kolpe College of Pharmacy,Pharmacy,NTD,CAP Round I,2025-26,10,3
05654,J.M. Kolpe College of Pharmacy,Pharmacy,OBC,CAP Round I,2025-26,10,19
05654,J.M. Kolpe College of Pharmacy,Pharmacy,SEBC,CAP Round I,2025-26,10,11
05654,J.M. Kolpe College of Pharmacy,Pharmacy,PWD,CAP Round I,2025-26,10,8
05654,J.M. Kolpe College of Pharmacy,Pharmacy,DEF,CAP Round I,2025-26,10,8
05654,J.M. Kolpe College of Pharmacy,Pharmacy,EWS,CAP Round I,2025-26,10,11
05657,Dr.Bhanudas Dere College of Pharmacy,Pharmacy,OPEN,CAP Round I,2025-26,6,24
05657,Dr.Bhanudas Dere College of Pharmacy,Pharmacy,SC,CAP Round I,2025-26,6,8
05657,Dr.Bhanudas Dere College of Pharmacy,Pharmacy,ST,CAP Round I,2025-26,6,5
05657,Dr.Bhanudas Dere College of Pharmacy,Pharmacy,VJ/DT,CAP Round I,2025-26,6,2
05657,Dr.Bhanudas Dere College of Pharmacy,Pharmacy,NTB,CAP Round I,2025-26,6,2
05657,Dr.Bhanudas Dere College of Pharmacy,Pharmacy,NTC,CAP Round I,2025-26,6,3
05657,Dr.Bhanudas Dere College of Pharmacy,Pharmacy,NTD,CAP Round I,2025-26,6,1
05657,Dr.Bhanudas Dere College of Pharmacy,Pharmacy,OBC,CAP Round I,2025-26,6,12
05657,Dr.Bhanudas Dere College of Pharmacy,Pharmacy,SEBC,CAP Round I,2025-26,6,7
05657,Dr.Bhanudas Dere College of Pharmacy,Pharmacy,PWD,CAP Round I,2025-26,6,4
05657,Dr.Bhanudas Dere College of Pharmacy,Pharmacy,DEF,CAP Round I,2025-26,6,4
05657,Dr.Bhanudas Dere College of Pharmacy,Pharmacy,EWS,CAP Round I,2025-26,6,7
05658,G.D. Burkule Institute of Research & Education in Pharmaceutical Sciences,Pharmacy,OPEN,CAP Round I,2025-26,10,38
05658,G.D. Burkule Institute of Research & Education in Pharmaceutical Sciences,Pharmacy,SC,CAP Round I,2025-26,10,13
05658,G.D. Burkule Institute of Research & Education in Pharmaceutical Sciences,Pharmacy,ST,CAP Round I,2025-26,10,7
05658,G.D. Burkule Institute of Research & Education in Pharmaceutical Sciences,Pharmacy,VJ/DT,CAP Round I,2025-26,10,3
05658,G.D. Burkule Institute of Research & Education in Pharmaceutical Sciences,Pharmacy,NTB,CAP Round I,2025-26,10,3
05658,G.D. Burkule Institute of Research & Education in Pharmaceutical Sciences,Pharmacy,NTC,CAP Round I,2025-26,10,4
05658,G.D. Burkule Institute of Research & Education in Pharmaceutical Sciences,Pharmacy,NTD,CAP Round I,2025-26,10,2
05658,G.D. Burkule Institute of Research & Education in Pharmaceutical Sciences,Pharmacy,OBC,CAP Round I,2025-26,10,20
05658,G.D. Burkule Institute of Research & Education in Pharmaceutical Sciences,Pharmacy,SEBC,CAP Round I,2025-26,10,10
05658,G.D. Burkule Institute of Research & Education in Pharmaceutical Sciences,Pharmacy,PWD,CAP Round I,2025-26,10,7
05658,G.D. Burkule Institute of Research & Education in Pharmaceutical Sciences,Pharmacy,DEF,CAP Round I,2025-26,10,7
05658,G.D. Burkule Institute of Research & Education in Pharmaceutical Sciences,Pharmacy,EWS,CAP Round I,2025-26,10,11
06008,"Government College of Pharmacy, Karad",Pharmacy,OPEN,CAP Round I,2025-26,6,3
06008,"Government College of Pharmacy, Karad",Pharmacy,SC,CAP Round I,2025-26,6,1
06008,"Government College of Pharmacy, Karad",Pharmacy,ST,CAP Round I,2025-26,6,1
06008,"Government College of Pharmacy, Karad",Pharmacy,OBC,CAP Round I,2025-26,6,1
06008,"Government College of Pharmacy, Karad",Pharmacy,SEBC,CAP Round I,2025-26,6,1
06008,"Government College of Pharmacy, Karad",Pharmacy,EWS,CAP Round I,2025-26,6,2
06256,"Bharati Vidyapeeth's College of Pharmacy, Kolhapur",Pharmacy,OPEN,CAP Round I,2025-26,10,11
06256,"Bharati Vidyapeeth's College of Pharmacy, Kolhapur",Pharmacy,SC,CAP Round I,2025-26,10,4
06256,"Bharati Vidyapeeth's College of Pharmacy, Kolhapur",Pharmacy,ST,CAP Round I,2025-26,10,2
06256,"Bharati Vidyapeeth's College of Pharmacy, Kolhapur",Pharmacy,VJ/DT,CAP Round I,2025-26,10,1
06256,"Bharati Vidyapeeth's College of Pharmacy, Kolhapur",Pharmacy,NTB,CAP Round I,2025-26,10,1
06256,"Bharati Vidyapeeth's College of Pharmacy, Kolhapur",Pharmacy,NTC,CAP Round I,2025-26,10,1
06256,"Bharati Vidyapeeth's College of Pharmacy, Kolhapur",Pharmacy,OBC,CAP Round I,2025-26,10,5
06256,"Bharati Vidyapeeth's College of Pharmacy, Kolhapur",Pharmacy,SEBC,CAP Round I,2025-26,10,3
06256,"Bharati Vidyapeeth's College of Pharmacy, Kolhapur",Pharmacy,PWD,CAP Round I,2025-26,10,1
06256,"Bharati Vidyapeeth's College of Pharmacy, Kolhapur",Pharmacy,DEF,CAP Round I,2025-26,10,1
06256,"Bharati Vidyapeeth's College of Pharmacy, Kolhapur",Pharmacy,EWS,CAP Round I,2025-26,10,1
06257,"Rajgad Dnyanpeeth's College of Pharmacy, Bhor",Pharmacy,OPEN,CAP Round I,2025-26,6,5
06257,"Rajgad Dnyanpeeth's College of Pharmacy, Bhor",Pharmacy,SC,CAP Round I,2025-26,6,1
06257,"Rajgad Dnyanpeeth's College of Pharmacy, Bhor",Pharmacy,ST,CAP Round I,2025-26,6,1
06257,"Rajgad Dnyanpeeth's College of Pharmacy, Bhor",Pharmacy,VJ/DT,CAP Round I,2025-26,6,1
06257,"Rajgad Dnyanpeeth's College of Pharmacy, Bhor",Pharmacy,NTC,CAP Round I,2025-26,6,1
06257,"Rajgad Dnyanpeeth's College of Pharmacy, Bhor",Pharmacy,OBC,CAP Round I,2025-26,6,2
06257,"Rajgad Dnyanpeeth's College of Pharmacy, Bhor",Pharmacy,SEBC,CAP Round I,2025-26,6,1
06257,"Rajgad Dnyanpeeth's College of Pharmacy, Bhor",Pharmacy,PWD,CAP Round I,2025-26,6,1
06257,"Rajgad Dnyanpeeth's College of Pharmacy, Bhor",Pharmacy,DEF,CAP Round I,2025-26,6,1
06257,"Rajgad Dnyanpeeth's College of Pharmacy, Bhor",Pharmacy,EWS,CAP Round I,2025-26,6,7
06258,"Siddhant College of Pharmacy, Sudumbre",Pharmacy,OPEN,CAP Round I,2025-26,10,9
06355,"Shri Balasaheb Mane Shikshan Prasarak Mandal's Ashokrao Mane College of Pharmacy,Peth Vadgaon, Kolhapur",Pharmacy,OPEN,CAP Round I,2025-26,10,9
06355,"Shri Balasaheb Mane Shikshan Prasarak Mandal's Ashokrao Mane College of Pharmacy,Peth Vadgaon, Kolhapur",Pharmacy,SC,CAP Round I,2025-26,10,3
06355,"Shri Balasaheb Mane Shikshan Prasarak Mandal's Ashokrao Mane College of Pharmacy,Peth Vadgaon, Kolhapur",Pharmacy,ST,CAP Round I,2025-26,10,2
06355,"Shri Balasaheb Mane Shikshan Prasarak Mandal's Ashokrao Mane College of Pharmacy,Peth Vadgaon, Kolhapur",Pharmacy,NTB,CAP Round I,2025-26,10,1
06355,"Shri Balasaheb Mane Shikshan Prasarak Mandal's Ashokrao Mane College of Pharmacy,Peth Vadgaon, Kolhapur",Pharmacy,NTD,CAP Round I,2025-26,10,1
06355,"Shri Balasaheb Mane Shikshan Prasarak Mandal's Ashokrao Mane College of Pharmacy,Peth Vadgaon, Kolhapur",Pharmacy,OBC,CAP Round I,2025-26,10,4
06355,"Shri Balasaheb Mane Shikshan Prasarak Mandal's Ashokrao Mane College of Pharmacy,Peth Vadgaon, Kolhapur",Pharmacy,SEBC,CAP Round I,2025-26,10,2
06355,"Shri Balasaheb Mane Shikshan Prasarak Mandal's Ashokrao Mane College of Pharmacy,Peth Vadgaon, Kolhapur",Pharmacy,PWD,CAP Round I,2025-26,10,1
06355,"Shri Balasaheb Mane Shikshan Prasarak Mandal's Ashokrao Mane College of Pharmacy,Peth Vadgaon, Kolhapur",Pharmacy,DEF,CAP Round I,2025-26,10,1
06355,"Shri Balasaheb Mane Shikshan Prasarak Mandal's Ashokrao Mane College of Pharmacy,Peth Vadgaon, Kolhapur",Pharmacy,EWS,CAP Round I,2025-26,10,1
06356,"Tatyasaheb Kore College of Pharmacy, Warananagar",Pharmacy,OPEN,CAP Round I,2025-26,6,5
06356,"Tatyasaheb Kore College of Pharmacy, Warananagar",Pharmacy,SC,CAP Round I,2025-26,6,1
06356,"Tatyasaheb Kore College of Pharmacy, Warananagar",Pharmacy,ST,CAP Round I,2025-26,6,1
06356,"Tatyasaheb Kore College of Pharmacy, Warananagar",Pharmacy,VJ/DT,CAP Round I,2025-26,6,1
06356,"Tatyasaheb Kore College of Pharmacy, Warananagar",Pharmacy,NTC,CAP Round I,2025-26,6,1
06356,"Tatyasaheb Kore College of Pharmacy, Warananagar",Pharmacy,OBC,CAP Round I,2025-26,6,2
06356,"Tatyasaheb Kore College of Pharmacy, Warananagar",Pharmacy,SEBC,CAP Round I,2025-26,6,1
06356,"Tatyasaheb Kore College of Pharmacy, Warananagar",Pharmacy,PWD,CAP Round I,2025-26,6,1
06356,"Tatyasaheb Kore College of Pharmacy, Warananagar",Pharmacy,DEF,CAP Round I,2025-26,6,1
06356,"Tatyasaheb Kore College of Pharmacy, Warananagar",Pharmacy,EWS,CAP Round I,2025-26,6,1
06358,"Sinhgad College of Pharmacy, Vadgaon, Pune",Pharmacy,OPEN,CAP Round I,2025-26,10,11
06358,"Sinhgad College of Pharmacy, Vadgaon, Pune",Pharmacy,SC,CAP Round I,2025-26,10,3
06358,"Sinhgad College of Pharmacy, Vadgaon, Pune",Pharmacy,ST,CAP Round I,2025-26,10,2
06358,"Sinhgad College of Pharmacy, Vadgaon, Pune",Pharmacy,VJ/DT,CAP Round I,2025-26,10,1
06358,"Sinhgad College of Pharmacy, Vadgaon, Pune",Pharmacy,NTB,CAP Round I,2025-26,10,1
06358,"Sinhgad College of Pharmacy, Vadgaon, Pune",Pharmacy,NTC,CAP Round I,2025-26,10,1
06358,"Sinhgad College of Pharmacy, Vadgaon, Pune",Pharmacy,NTD,CAP Round I,2025-26,10,2
06358,"Sinhgad College of Pharmacy, Vadgaon, Pune",Pharmacy,OBC,CAP Round I,2025-26,10,5
06358,"Sinhgad College of Pharmacy, Vadgaon, Pune",Pharmacy,SEBC,CAP Round I,2025-26,10,3
06358,"Sinhgad College of Pharmacy, Vadgaon, Pune",Pharmacy,PWD,CAP Round I,2025-26,10,1
06358,"Sinhgad College of Pharmacy, Vadgaon, Pune",Pharmacy,DEF,CAP Round I,2025-26,10,1
06358,"Sinhgad College of Pharmacy, Vadgaon, Pune",Pharmacy,EWS,CAP Round I,2025-26,10,1
06360,"Chanakya Education. Soceity's, Indira College of Pharmacy, Tathawade, Pune",Pharmacy,OPEN,CAP Round I,2025-26,10,5
06360,"Chanakya Education. Soceity's, Indira College of Pharmacy, Tathawade, Pune",Pharmacy,SC,CAP Round I,2025-26,10,2
06360,"Chanakya Education. Soceity's, Indira College of Pharmacy, Tathawade, Pune",Pharmacy,ST,CAP Round I,2025-26,10,1
06360,"Chanakya Education. Soceity's, Indira College of Pharmacy, Tathawade, Pune",Pharmacy,NTB,CAP Round I,2025-26,10,1
06360,"Chanakya Education. Soceity's, Indira College of Pharmacy, Tathawade, Pune",Pharmacy,NTC,CAP Round I,2025-26,10,1
06360,"Chanakya Education. Soceity's, Indira College of Pharmacy, Tathawade, Pune",Pharmacy,OBC,CAP Round I,2025-26,10,3
06360,"Chanakya Education. Soceity's, Indira College of Pharmacy, Tathawade, Pune",Pharmacy,SEBC,CAP Round I,2025-26,10,1
06360,"Chanakya Education. Soceity's, Indira College of Pharmacy, Tathawade, Pune",Pharmacy,PWD,CAP Round I,2025-26,10,1
06360,"Chanakya Education. Soceity's, Indira College of Pharmacy, Tathawade, Pune",Pharmacy,DEF,CAP Round I,2025-26,10,1
06360,"Chanakya Education. Soceity's, Indira College of Pharmacy, Tathawade, Pune",Pharmacy,EWS,CAP Round I,2025-26,10,3
06361,"Vishal Institute of Pharmaceutical Education & Research, Ale, (Alephata), Dist. Pune",Pharmacy,OPEN,CAP Round I,2025-26,6,4
06361,"Vishal Institute of Pharmaceutical Education & Research, Ale, (Alephata), Dist. Pune",Pharmacy,SC,CAP Round I,2025-26,6,1
06361,"Vishal Institute of Pharmaceutical Education & Research, Ale, (Alephata), Dist. Pune",Pharmacy,ST,CAP Round I,2025-26,6,1
06361,"Vishal Institute of Pharmaceutical Education & Research, Ale, (Alephata), Dist. Pune",Pharmacy,VJ/DT,CAP Round I,2025-26,6,1
06361,"Vishal Institute of Pharmaceutical Education & Research, Ale, (Alephata), Dist. Pune",Pharmacy,OBC,CAP Round I,2025-26,6,2
06361,"Vishal Institute of Pharmaceutical Education & Research, Ale, (Alephata), Dist. Pune",Pharmacy,SEBC,CAP Round I,2025-26,6,1
06361,"Vishal Institute of Pharmaceutical Education & Research, Ale, (Alephata), Dist. Pune",Pharmacy,EWS,CAP Round I,2025-26,6,5
06362,"Sinhgad Technical Education Society, Smt. Kashibai Navale College of Pharmacy, Kondhwa,(Bk.), Pune",Pharmacy,OPEN,CAP Round I,2025-26,10,11
06362,"Sinhgad Technical Education Society, Smt. Kashibai Navale College of Pharmacy, Kondhwa,(Bk.), Pune",Pharmacy,SC,CAP Round I,2025-26,10,3
06362,"Sinhgad Technical Education Society, Smt. Kashibai Navale College of Pharmacy, Kondhwa,(Bk.), Pune",Pharmacy,ST,CAP Round I,2025-26,10,2
06362,"Sinhgad Technical Education Society, Smt. Kashibai Navale College of Pharmacy, Kondhwa,(Bk.), Pune",Pharmacy,VJ/DT,CAP Round I,2025-26,10,1
06362,"Sinhgad Technical Education Society, Smt. Kashibai Navale College of Pharmacy, Kondhwa,(Bk.), Pune",Pharmacy,NTD,CAP Round I,2025-26,10,1
06362,"Sinhgad Technical Education Society, Smt. Kashibai Navale College of Pharmacy, Kondhwa,(Bk.), Pune",Pharmacy,OBC,CAP Round I,2025-26,10,5
06362,"Sinhgad Technical Education Society, Smt. Kashibai Navale College of Pharmacy, Kondhwa,(Bk.), Pune",Pharmacy,SEBC,CAP Round I,2025-26,10,3
06362,"Sinhgad Technical Education Society, Smt. Kashibai Navale College of Pharmacy, Kondhwa,(Bk.), Pune",Pharmacy,PWD,CAP Round I,2025-26,10,1
06362,"Sinhgad Technical Education Society, Smt. Kashibai Navale College of Pharmacy, Kondhwa,(Bk.), Pune",Pharmacy,DEF,CAP Round I,2025-26,10,1
06362,"Sinhgad Technical Education Society, Smt. Kashibai Navale College of Pharmacy, Kondhwa,(Bk.), Pune",Pharmacy,EWS,CAP Round I,2025-26,10,3
06363,"Sinhgad Institute of Pharmacy, Narhe(Ambegaon), Pune",Pharmacy,OPEN,CAP Round I,2025-26,10,11
06363,"Sinhgad Institute of Pharmacy, Narhe(Ambegaon), Pune",Pharmacy,SC,CAP Round I,2025-26,10,3
06363,"Sinhgad Institute of Pharmacy, Narhe(Ambegaon), Pune",Pharmacy,ST,CAP Round I,2025-26,10,2
06363,"Sinhgad Institute of Pharmacy, Narhe(Ambegaon), Pune",Pharmacy,VJ/DT,CAP Round I,2025-26,10,1
06363,"Sinhgad Institute of Pharmacy, Narhe(Ambegaon), Pune",Pharmacy,NTB,CAP Round I,2025-26,10,1
06363,"Sinhgad Institute of Pharmacy, Narhe(Ambegaon), Pune",Pharmacy,NTC,CAP Round I,2025-26,10,1
06363,"Sinhgad Institute of Pharmacy, Narhe(Ambegaon), Pune",Pharmacy,OBC,CAP Round I,2025-26,10,5
06363,"Sinhgad Institute of Pharmacy, Narhe(Ambegaon), Pune",Pharmacy,SEBC,CAP Round I,2025-26,10,3
06363,"Sinhgad Institute of Pharmacy, Narhe(Ambegaon), Pune",Pharmacy,PWD,CAP Round I,2025-26,10,1
06363,"Sinhgad Institute of Pharmacy, Narhe(Ambegaon), Pune",Pharmacy,DEF,CAP Round I,2025-26,10,1
06363,"Sinhgad Institute of Pharmacy, Narhe(Ambegaon), Pune",Pharmacy,EWS,CAP Round I,2025-26,10,2
06364,"Progressive Education Society's Modern College of Pharmacy( for Women), Moshi.(Tal.Haveli)",Pharmacy,OPEN,CAP Round I,2025-26,10,10
06364,"Progressive Education Society's Modern College of Pharmacy( for Women), Moshi.(Tal.Haveli)",Pharmacy,SC,CAP Round I,2025-26,10,3
06364,"Progressive Education Society's Modern College of Pharmacy( for Women), Moshi.(Tal.Haveli)",Pharmacy,ST,CAP Round I,2025-26,10,2
06364,"Progressive Education Society's Modern College of Pharmacy( for Women), Moshi.(Tal.Haveli)",Pharmacy,VJ/DT,CAP Round I,2025-26,10,1
06364,"Progressive Education Society's Modern College of Pharmacy( for Women), Moshi.(Tal.Haveli)",Pharmacy,NTC,CAP Round I,2025-26,10,1
06364,"Progressive Education Society's Modern College of Pharmacy( for Women), Moshi.(Tal.Haveli)",Pharmacy,OBC,CAP Round I,2025-26,10,5
06364,"Progressive Education Society's Modern College of Pharmacy( for Women), Moshi.(Tal.Haveli)",Pharmacy,SEBC,CAP Round I,2025-26,10,2
06364,"Progressive Education Society's Modern College of Pharmacy( for Women), Moshi.(Tal.Haveli)",Pharmacy,PWD,CAP Round I,2025-26,10,1
06364,"Progressive Education Society's Modern College of Pharmacy( for Women), Moshi.(Tal.Haveli)",Pharmacy,DEF,CAP Round I,2025-26,10,1
06364,"Progressive Education Society's Modern College of Pharmacy( for Women), Moshi.(Tal.Haveli)",Pharmacy,EWS,CAP Round I,2025-26,10,8
06365,"Shree Gajanan Maharaj Shikshan Prasarak Mandal Sharadchandra Pawar College of Pharmacy, At Dumbaarwadi (Otur)",Pharmacy,OPEN,CAP Round I,2025-26,10,22
06365,"Shree Gajanan Maharaj Shikshan Prasarak Mandal Sharadchandra Pawar College of Pharmacy, At Dumbaarwadi (Otur)",Pharmacy,SC,CAP Round I,2025-26,10,8
06365,"Shree Gajanan Maharaj Shikshan Prasarak Mandal Sharadchandra Pawar College of Pharmacy, At Dumbaarwadi (Otur)",Pharmacy,ST,CAP Round I,2025-26,10,5
06365,"Shree Gajanan Maharaj Shikshan Prasarak Mandal Sharadchandra Pawar College of Pharmacy, At Dumbaarwadi (Otur)",Pharmacy,VJ/DT,CAP Round I,2025-26,10,1
06365,"Shree Gajanan Maharaj Shikshan Prasarak Mandal Sharadchandra Pawar College of Pharmacy, At Dumbaarwadi (Otur)",Pharmacy,NTB,CAP Round I,2025-26,10,2
06365,"Shree Gajanan Maharaj Shikshan Prasarak Mandal Sharadchandra Pawar College of Pharmacy, At Dumbaarwadi (Otur)",Pharmacy,NTC,CAP Round I,2025-26,10,3
06365,"Shree Gajanan Maharaj Shikshan Prasarak Mandal Sharadchandra Pawar College of Pharmacy, At Dumbaarwadi (Otur)",Pharmacy,NTD,CAP Round I,2025-26,10,1
06365,"Shree Gajanan Maharaj Shikshan Prasarak Mandal Sharadchandra Pawar College of Pharmacy, At Dumbaarwadi (Otur)",Pharmacy,OBC,CAP Round I,2025-26,10,12
06365,"Shree Gajanan Maharaj Shikshan Prasarak Mandal Sharadchandra Pawar College of Pharmacy, At Dumbaarwadi (Otur)",Pharmacy,SEBC,CAP Round I,2025-26,10,6
06365,"Shree Gajanan Maharaj Shikshan Prasarak Mandal Sharadchandra Pawar College of Pharmacy, At Dumbaarwadi (Otur)",Pharmacy,PWD,CAP Round I,2025-26,10,4
06365,"Shree Gajanan Maharaj Shikshan Prasarak Mandal Sharadchandra Pawar College of Pharmacy, At Dumbaarwadi (Otur)",Pharmacy,DEF,CAP Round I,2025-26,10,4
06365,"Shree Gajanan Maharaj Shikshan Prasarak Mandal Sharadchandra Pawar College of Pharmacy, At Dumbaarwadi (Otur)",Pharmacy,EWS,CAP Round I,2025-26,10,10
06367,"Rajarshi Shahu College of Pharmacy & Research, Tathawade, Pune",Pharmacy,OPEN,CAP Round I,2025-26,10,9
06367,"Rajarshi Shahu College of Pharmacy & Research, Tathawade, Pune",Pharmacy,SC,CAP Round I,2025-26,10,3
06367,"Rajarshi Shahu College of Pharmacy & Research, Tathawade, Pune",Pharmacy,ST,CAP Round I,2025-26,10,1
06367,"Rajarshi Shahu College of Pharmacy & Research, Tathawade, Pune",Pharmacy,VJ/DT,CAP Round I,2025-26,10,1
06367,"Rajarshi Shahu College of Pharmacy & Research, Tathawade, Pune",Pharmacy,NTD,CAP Round I,2025-26,10,1
06367,"Rajarshi Shahu College of Pharmacy & Research, Tathawade, Pune",Pharmacy,OBC,CAP Round I,2025-26,10,3
06367,"Rajarshi Shahu College of Pharmacy & Research, Tathawade, Pune",Pharmacy,SEBC,CAP Round I,2025-26,10,2
06367,"Rajarshi Shahu College of Pharmacy & Research, Tathawade, Pune",Pharmacy,PWD,CAP Round I,2025-26,10,1
06367,"Rajarshi Shahu College of Pharmacy & Research, Tathawade, Pune",Pharmacy,DEF,CAP Round I,2025-26,10,1
06367,"Rajarshi Shahu College of Pharmacy & Research, Tathawade, Pune",Pharmacy,EWS,CAP Round I,2025-26,10,4
06368,"Shri Chatrapati Sambhaji Shikshan Sanstha's Sitabai Thite College of Pharmarcy, Shirur, (Ghodnadi). Pune",Pharmacy,OPEN,CAP Round I,2025-26,6,5
06368,"Shri Chatrapati Sambhaji Shikshan Sanstha's Sitabai Thite College of Pharmarcy, Shirur, (Ghodnadi). Pune",Pharmacy,SC,CAP Round I,2025-26,6,1
06368,"Shri Chatrapati Sambhaji Shikshan Sanstha's Sitabai Thite College of Pharmarcy, Shirur, (Ghodnadi). Pune",Pharmacy,ST,CAP Round I,2025-26,6,1
06368,"Shri Chatrapati Sambhaji Shikshan Sanstha's Sitabai Thite College of Pharmarcy, Shirur, (Ghodnadi). Pune",Pharmacy,VJ/DT,CAP Round I,2025-26,6,1
06368,"Shri Chatrapati Sambhaji Shikshan Sanstha's Sitabai Thite College of Pharmarcy, Shirur, (Ghodnadi). Pune",Pharmacy,NTC,CAP Round I,2025-26,6,1
06368,"Shri Chatrapati Sambhaji Shikshan Sanstha's Sitabai Thite College of Pharmarcy, Shirur, (Ghodnadi). Pune",Pharmacy,OBC,CAP Round I,2025-26,6,2
06368,"Shri Chatrapati Sambhaji Shikshan Sanstha's Sitabai Thite College of Pharmarcy, Shirur, (Ghodnadi). Pune",Pharmacy,SEBC,CAP Round I,2025-26,6,1
06368,"Shri Chatrapati Sambhaji Shikshan Sanstha's Sitabai Thite College of Pharmarcy, Shirur, (Ghodnadi). Pune",Pharmacy,PWD,CAP Round I,2025-26,6,1
06368,"Shri Chatrapati Sambhaji Shikshan Sanstha's Sitabai Thite College of Pharmarcy, Shirur, (Ghodnadi). Pune",Pharmacy,DEF,CAP Round I,2025-26,6,1
06368,"Shri Chatrapati Sambhaji Shikshan Sanstha's Sitabai Thite College of Pharmarcy, Shirur, (Ghodnadi). Pune",Pharmacy,EWS,CAP Round I,2025-26,6,7
06369,"Rameshwar Maulee Pratishthan's Bhalchandra College of Pharmacy, Gorhe (KD), Pune",Pharmacy,OPEN,CAP Round I,2025-26,6,14
06369,"Rameshwar Maulee Pratishthan's Bhalchandra College of Pharmacy, Gorhe (KD), Pune",Pharmacy,SC,CAP Round I,2025-26,6,5
06369,"Rameshwar Maulee Pratishthan's Bhalchandra College of Pharmacy, Gorhe (KD), Pune",Pharmacy,ST,CAP Round I,2025-26,6,3
06369,"Rameshwar Maulee Pratishthan's Bhalchandra College of Pharmacy, Gorhe (KD), Pune",Pharmacy,VJ/DT,CAP Round I,2025-26,6,1
06369,"Rameshwar Maulee Pratishthan's Bhalchandra College of Pharmacy, Gorhe (KD), Pune",Pharmacy,NTB,CAP Round I,2025-26,6,1
06369,"Rameshwar Maulee Pratishthan's Bhalchandra College of Pharmacy, Gorhe (KD), Pune",Pharmacy,NTC,CAP Round I,2025-26,6,1
06369,"Rameshwar Maulee Pratishthan's Bhalchandra College of Pharmacy, Gorhe (KD), Pune",Pharmacy,NTD,CAP Round I,2025-26,6,1
06369,"Rameshwar Maulee Pratishthan's Bhalchandra College of Pharmacy, Gorhe (KD), Pune",Pharmacy,OBC,CAP Round I,2025-26,6,8
06369,"Rameshwar Maulee Pratishthan's Bhalchandra College of Pharmacy, Gorhe (KD), Pune",Pharmacy,SEBC,CAP Round I,2025-26,6,4
06369,"Rameshwar Maulee Pratishthan's Bhalchandra College of Pharmacy, Gorhe (KD), Pune",Pharmacy,PWD,CAP Round I,2025-26,6,3
06369,"Rameshwar Maulee Pratishthan's Bhalchandra College of Pharmacy, Gorhe (KD), Pune",Pharmacy,DEF,CAP Round I,2025-26,6,3
06369,"Rameshwar Maulee Pratishthan's Bhalchandra College of Pharmacy, Gorhe (KD), Pune",Pharmacy,EWS,CAP Round I,2025-26,6,7
06370,"Progressive Education Society's Modern College of Pharmacy, Nigdi, Pune",Pharmacy,OPEN,CAP Round I,2025-26,10,10
06370,"Progressive Education Society's Modern College of Pharmacy, Nigdi, Pune",Pharmacy,SC,CAP Round I,2025-26,10,3
06370,"Progressive Education Society's Modern College of Pharmacy, Nigdi, Pune",Pharmacy,ST,CAP Round I,2025-26,10,2
06370,"Progressive Education Society's Modern College of Pharmacy, Nigdi, Pune",Pharmacy,VJ/DT,CAP Round I,2025-26,10,1
06370,"Progressive Education Society's Modern College of Pharmacy, Nigdi, Pune",Pharmacy,NTB,CAP Round I,2025-26,10,1
06370,"Progressive Education Society's Modern College of Pharmacy, Nigdi, Pune",Pharmacy,NTC,CAP Round I,2025-26,10,1
06370,"Progressive Education Society's Modern College of Pharmacy, Nigdi, Pune",Pharmacy,NTD,CAP Round I,2025-26,10,1
06370,"Progressive Education Society's Modern College of Pharmacy, Nigdi, Pune",Pharmacy,OBC,CAP Round I,2025-26,10,5
06370,"Progressive Education Society's Modern College of Pharmacy, Nigdi, Pune",Pharmacy,SEBC,CAP Round I,2025-26,10,2
06370,"Progressive Education Society's Modern College of Pharmacy, Nigdi, Pune",Pharmacy,PWD,CAP Round I,2025-26,10,1
06370,"Progressive Education Society's Modern College of Pharmacy, Nigdi, Pune",Pharmacy,DEF,CAP Round I,2025-26,10,1
06370,"Progressive Education Society's Modern College of Pharmacy, Nigdi, Pune",Pharmacy,EWS,CAP Round I,2025-26,10,6
06371,"Dr. D.Y. Patil College of Pharmacy , Akurdi, Pune",Pharmacy,OPEN,CAP Round I,2025-26,10,6
06371,"Dr. D.Y. Patil College of Pharmacy , Akurdi, Pune",Pharmacy,SC,CAP Round I,2025-26,10,2
06371,"Dr. D.Y. Patil College of Pharmacy , Akurdi, Pune",Pharmacy,ST,CAP Round I,2025-26,10,1
06371,"Dr. D.Y. Patil College of Pharmacy , Akurdi, Pune",Pharmacy,VJ/DT,CAP Round I,2025-26,10,1
06371,"Dr. D.Y. Patil College of Pharmacy , Akurdi, Pune",Pharmacy,NTB,CAP Round I,2025-26,10,1
06371,"Dr. D.Y. Patil College of Pharmacy , Akurdi, Pune",Pharmacy,NTC,CAP Round I,2025-26,10,1
06371,"Dr. D.Y. Patil College of Pharmacy , Akurdi, Pune",Pharmacy,OBC,CAP Round I,2025-26,10,3
06371,"Dr. D.Y. Patil College of Pharmacy , Akurdi, Pune",Pharmacy,SEBC,CAP Round I,2025-26,10,1
06371,"Dr. D.Y. Patil College of Pharmacy , Akurdi, Pune",Pharmacy,PWD,CAP Round I,2025-26,10,1
06371,"Dr. D.Y. Patil College of Pharmacy , Akurdi, Pune",Pharmacy,DEF,CAP Round I,2025-26,10,1
06371,"Dr. D.Y. Patil College of Pharmacy , Akurdi, Pune",Pharmacy,EWS,CAP Round I,2025-26,10,3
06372,"Poona District Education Association's Seth Govind Raghunath Sable College of Pharmacy , Saswad, Pune",Pharmacy,OPEN,CAP Round I,2025-26,6,5
06372,"Poona District Education Association's Seth Govind Raghunath Sable College of Pharmacy , Saswad, Pune",Pharmacy,SC,CAP Round I,2025-26,6,1
06372,"Poona District Education Association's Seth Govind Raghunath Sable College of Pharmacy , Saswad, Pune",Pharmacy,ST,CAP Round I,2025-26,6,1
06372,"Poona District Education Association's Seth Govind Raghunath Sable College of Pharmacy , Saswad, Pune",Pharmacy,VJ/DT,CAP Round I,2025-26,6,1
06372,"Poona District Education Association's Seth Govind Raghunath Sable College of Pharmacy , Saswad, Pune",Pharmacy,OBC,CAP Round I,2025-26,6,2
06372,"Poona District Education Association's Seth Govind Raghunath Sable College of Pharmacy , Saswad, Pune",Pharmacy,SEBC,CAP Round I,2025-26,6,1
06372,"Poona District Education Association's Seth Govind Raghunath Sable College of Pharmacy , Saswad, Pune",Pharmacy,PWD,CAP Round I,2025-26,6,1
06372,"Poona District Education Association's Seth Govind Raghunath Sable College of Pharmacy , Saswad, Pune",Pharmacy,DEF,CAP Round I,2025-26,6,1
06372,"Poona District Education Association's Seth Govind Raghunath Sable College of Pharmacy , Saswad, Pune",Pharmacy,EWS,CAP Round I,2025-26,6,2
06375,"Dr. D.Y. Patil Unitech Society's Dr. D.Y. Patil Institute of Pharmaceutical Science & Research, Pimpri, Pune",Pharmacy,OPEN,CAP Round I,2025-26,10,5
06375,"Dr. D.Y. Patil Unitech Society's Dr. D.Y. Patil Institute of Pharmaceutical Science & Research, Pimpri, Pune",Pharmacy,SC,CAP Round I,2025-26,10,2
06375,"Dr. D.Y. Patil Unitech Society's Dr. D.Y. Patil Institute of Pharmaceutical Science & Research, Pimpri, Pune",Pharmacy,ST,CAP Round I,2025-26,10,1
06375,"Dr. D.Y. Patil Unitech Society's Dr. D.Y. Patil Institute of Pharmaceutical Science & Research, Pimpri, Pune",Pharmacy,VJ/DT,CAP Round I,2025-26,10,1
06375,"Dr. D.Y. Patil Unitech Society's Dr. D.Y. Patil Institute of Pharmaceutical Science & Research, Pimpri, Pune",Pharmacy,NTC,CAP Round I,2025-26,10,1
06375,"Dr. D.Y. Patil Unitech Society's Dr. D.Y. Patil Institute of Pharmaceutical Science & Research, Pimpri, Pune",Pharmacy,OBC,CAP Round I,2025-26,10,3
06375,"Dr. D.Y. Patil Unitech Society's Dr. D.Y. Patil Institute of Pharmaceutical Science & Research, Pimpri, Pune",Pharmacy,SEBC,CAP Round I,2025-26,10,1
06375,"Dr. D.Y. Patil Unitech Society's Dr. D.Y. Patil Institute of Pharmaceutical Science & Research, Pimpri, Pune",Pharmacy,PWD,CAP Round I,2025-26,10,1
06375,"Dr. D.Y. Patil Unitech Society's Dr. D.Y. Patil Institute of Pharmaceutical Science & Research, Pimpri, Pune",Pharmacy,DEF,CAP Round I,2025-26,10,1
06375,"Dr. D.Y. Patil Unitech Society's Dr. D.Y. Patil Institute of Pharmaceutical Science & Research, Pimpri, Pune",Pharmacy,EWS,CAP Round I,2025-26,10,4
06376,"All India Shri Shivaji Memorial Society's College of Pharmacy, Pune",Pharmacy,OPEN,CAP Round I,2025-26,10,5
06376,"All India Shri Shivaji Memorial Society's College of Pharmacy, Pune",Pharmacy,SC,CAP Round I,2025-26,10,1
06376,"All India Shri Shivaji Memorial Society's College of Pharmacy, Pune",Pharmacy,ST,CAP Round I,2025-26,10,1
06376,"All India Shri Shivaji Memorial Society's College of Pharmacy, Pune",Pharmacy,VJ/DT,CAP Round I,2025-26,10,1
06376,"All India Shri Shivaji Memorial Society's College of Pharmacy, Pune",Pharmacy,OBC,CAP Round I,2025-26,10,2
06376,"All India Shri Shivaji Memorial Society's College of Pharmacy, Pune",Pharmacy,SEBC,CAP Round I,2025-26,10,1
06376,"All India Shri Shivaji Memorial Society's College of Pharmacy, Pune",Pharmacy,PWD,CAP Round I,2025-26,10,1
06376,"All India Shri Shivaji Memorial Society's College of Pharmacy, Pune",Pharmacy,DEF,CAP Round I,2025-26,10,1
06376,"All India Shri Shivaji Memorial Society's College of Pharmacy, Pune",Pharmacy,EWS,CAP Round I,2025-26,10,2
06377,"SVPM'S College of Pharmacy, Malegaon(BK) Baramati, Pune",Pharmacy,OPEN,CAP Round I,2025-26,10,7
06377,"SVPM'S College of Pharmacy, Malegaon(BK) Baramati, Pune",Pharmacy,SC,CAP Round I,2025-26,10,3
06377,"SVPM'S College of Pharmacy, Malegaon(BK) Baramati, Pune",Pharmacy,ST,CAP Round I,2025-26,10,1
06377,"SVPM'S College of Pharmacy, Malegaon(BK) Baramati, Pune",Pharmacy,NTB,CAP Round I,2025-26,10,1
06377,"SVPM'S College of Pharmacy, Malegaon(BK) Baramati, Pune",Pharmacy,NTD,CAP Round I,2025-26,10,1
06377,"SVPM'S College of Pharmacy, Malegaon(BK) Baramati, Pune",Pharmacy,OBC,CAP Round I,2025-26,10,3
06377,"SVPM'S College of Pharmacy, Malegaon(BK) Baramati, Pune",Pharmacy,SEBC,CAP Round I,2025-26,10,2
06377,"SVPM'S College of Pharmacy, Malegaon(BK) Baramati, Pune",Pharmacy,PWD,CAP Round I,2025-26,10,1
06377,"SVPM'S College of Pharmacy, Malegaon(BK) Baramati, Pune",Pharmacy,DEF,CAP Round I,2025-26,10,1
06377,"SVPM'S College of Pharmacy, Malegaon(BK) Baramati, Pune",Pharmacy,EWS,CAP Round I,2025-26,10,2
06378,"Sinhgad Technical Education Society's Sinhgad Institute of Pharmaceutical Sciences , Lonavala",Pharmacy,OPEN,CAP Round I,2025-26,6,4
06378,"Sinhgad Technical Education Society's Sinhgad Institute of Pharmaceutical Sciences , Lonavala",Pharmacy,SC,CAP Round I,2025-26,6,1
06378,"Sinhgad Technical Education Society's Sinhgad Institute of Pharmaceutical Sciences , Lonavala",Pharmacy,ST,CAP Round I,2025-26,6,1
06378,"Sinhgad Technical Education Society's Sinhgad Institute of Pharmaceutical Sciences , Lonavala",Pharmacy,NTC,CAP Round I,2025-26,6,1
06378,"Sinhgad Technical Education Society's Sinhgad Institute of Pharmaceutical Sciences , Lonavala",Pharmacy,OBC,CAP Round I,2025-26,6,1
06378,"Sinhgad Technical Education Society's Sinhgad Institute of Pharmaceutical Sciences , Lonavala",Pharmacy,SEBC,CAP Round I,2025-26,6,1
06378,"Sinhgad Technical Education Society's Sinhgad Institute of Pharmaceutical Sciences , Lonavala",Pharmacy,EWS,CAP Round I,2025-26,6,4
06380,"Marathwada Mitra Mandal's College of Pharmacy,Thergaon( Kalewadi) ,Pune",Pharmacy,OPEN,CAP Round I,2025-26,10,11
06380,"Marathwada Mitra Mandal's College of Pharmacy,Thergaon( Kalewadi) ,Pune",Pharmacy,SC,CAP Round I,2025-26,10,3
06380,"Marathwada Mitra Mandal's College of Pharmacy,Thergaon( Kalewadi) ,Pune",Pharmacy,ST,CAP Round I,2025-26,10,2
06380,"Marathwada Mitra Mandal's College of Pharmacy,Thergaon( Kalewadi) ,Pune",Pharmacy,VJ/DT,CAP Round I,2025-26,10,1
06380,"Marathwada Mitra Mandal's College of Pharmacy,Thergaon( Kalewadi) ,Pune",Pharmacy,NTB,CAP Round I,2025-26,10,1
06380,"Marathwada Mitra Mandal's College of Pharmacy,Thergaon( Kalewadi) ,Pune",Pharmacy,NTC,CAP Round I,2025-26,10,1
06380,"Marathwada Mitra Mandal's College of Pharmacy,Thergaon( Kalewadi) ,Pune",Pharmacy,OBC,CAP Round I,2025-26,10,5
06380,"Marathwada Mitra Mandal's College of Pharmacy,Thergaon( Kalewadi) ,Pune",Pharmacy,SEBC,CAP Round I,2025-26,10,3
06380,"Marathwada Mitra Mandal's College of Pharmacy,Thergaon( Kalewadi) ,Pune",Pharmacy,PWD,CAP Round I,2025-26,10,1
06380,"Marathwada Mitra Mandal's College of Pharmacy,Thergaon( Kalewadi) ,Pune",Pharmacy,DEF,CAP Round I,2025-26,10,1
06380,"Marathwada Mitra Mandal's College of Pharmacy,Thergaon( Kalewadi) ,Pune",Pharmacy,EWS,CAP Round I,2025-26,10,5
06381,"Abhinav Education Society, College of Pharmacy, Haveli, Pune",Pharmacy,OPEN,CAP Round I,2025-26,6,8
06381,"Abhinav Education Society, College of Pharmacy, Haveli, Pune",Pharmacy,SC,CAP Round I,2025-26,6,3
06381,"Abhinav Education Society, College of Pharmacy, Haveli, Pune",Pharmacy,ST,CAP Round I,2025-26,6,1
06381,"Abhinav Education Society, College of Pharmacy, Haveli, Pune",Pharmacy,VJ/DT,CAP Round I,2025-26,6,1
06381,"Abhinav Education Society, College of Pharmacy, Haveli, Pune",Pharmacy,NTC,CAP Round I,2025-26,6,1
06381,"Abhinav Education Society, College of Pharmacy, Haveli, Pune",Pharmacy,OBC,CAP Round I,2025-26,6,3
06381,"Abhinav Education Society, College of Pharmacy, Haveli, Pune",Pharmacy,SEBC,CAP Round I,2025-26,6,2
06381,"Abhinav Education Society, College of Pharmacy, Haveli, Pune",Pharmacy,PWD,CAP Round I,2025-26,6,1
06381,"Abhinav Education Society, College of Pharmacy, Haveli, Pune",Pharmacy,DEF,CAP Round I,2025-26,6,1
06381,"Abhinav Education Society, College of Pharmacy, Haveli, Pune",Pharmacy,EWS,CAP Round I,2025-26,6,7
06382,"Rajamata Jijau Shiksan Prasark Mandal College of Pharmacy, Dudul Gaon, Pune",Pharmacy,OPEN,CAP Round I,2025-26,10,10
06382,"Rajamata Jijau Shiksan Prasark Mandal College of Pharmacy, Dudul Gaon, Pune",Pharmacy,SC,CAP Round I,2025-26,10,3
06382,"Rajamata Jijau Shiksan Prasark Mandal College of Pharmacy, Dudul Gaon, Pune",Pharmacy,ST,CAP Round I,2025-26,10,2
06382,"Rajamata Jijau Shiksan Prasark Mandal College of Pharmacy, Dudul Gaon, Pune",Pharmacy,VJ/DT,CAP Round I,2025-26,10,1
06382,"Rajamata Jijau Shiksan Prasark Mandal College of Pharmacy, Dudul Gaon, Pune",Pharmacy,NTD,CAP Round I,2025-26,10,1
06382,"Rajamata Jijau Shiksan Prasark Mandal College of Pharmacy, Dudul Gaon, Pune",Pharmacy,OBC,CAP Round I,2025-26,10,5
06382,"Rajamata Jijau Shiksan Prasark Mandal College of Pharmacy, Dudul Gaon, Pune",Pharmacy,SEBC,CAP Round I,2025-26,10,2
06382,"Rajamata Jijau Shiksan Prasark Mandal College of Pharmacy, Dudul Gaon, Pune",Pharmacy,PWD,CAP Round I,2025-26,10,1
06382,"Rajamata Jijau Shiksan Prasark Mandal College of Pharmacy, Dudul Gaon, Pune",Pharmacy,DEF,CAP Round I,2025-26,10,1
06382,"Rajamata Jijau Shiksan Prasark Mandal College of Pharmacy, Dudul Gaon, Pune",Pharmacy,EWS,CAP Round I,2025-26,10,11
06383,"Kasturi Shikshan Sansthas College of Pharmacy, Shikrapur",Pharmacy,OPEN,CAP Round I,2025-26,10,34
06383,"Kasturi Shikshan Sansthas College of Pharmacy, Shikrapur",Pharmacy,SC,CAP Round I,2025-26,10,13
06383,"Kasturi Shikshan Sansthas College of Pharmacy, Shikrapur",Pharmacy,ST,CAP Round I,2025-26,10,7
06383,"Kasturi Shikshan Sansthas College of Pharmacy, Shikrapur",Pharmacy,VJ/DT,CAP Round I,2025-26,10,3
06383,"Kasturi Shikshan Sansthas College of Pharmacy, Shikrapur",Pharmacy,NTB,CAP Round I,2025-26,10,2
06383,"Kasturi Shikshan Sansthas College of Pharmacy, Shikrapur",Pharmacy,NTC,CAP Round I,2025-26,10,4
06383,"Kasturi Shikshan Sansthas College of Pharmacy, Shikrapur",Pharmacy,NTD,CAP Round I,2025-26,10,2
06383,"Kasturi Shikshan Sansthas College of Pharmacy, Shikrapur",Pharmacy,OBC,CAP Round I,2025-26,10,18
06383,"Kasturi Shikshan Sansthas College of Pharmacy, Shikrapur",Pharmacy,SEBC,CAP Round I,2025-26,10,10
06383,"Kasturi Shikshan Sansthas College of Pharmacy, Shikrapur",Pharmacy,PWD,CAP Round I,2025-26,10,7
06383,"Kasturi Shikshan Sansthas College of Pharmacy, Shikrapur",Pharmacy,DEF,CAP Round I,2025-26,10,7
06383,"Kasturi Shikshan Sansthas College of Pharmacy, Shikrapur",Pharmacy,EWS,CAP Round I,2025-26,10,11
06384,"Genba Education Trust, Genba Sopanrao Moze College of Pharmacy, Wagholi",Pharmacy,OPEN,CAP Round I,2025-26,10,12
06384,"Genba Education Trust, Genba Sopanrao Moze College of Pharmacy, Wagholi",Pharmacy,SC,CAP Round I,2025-26,10,4
06384,"Genba Education Trust, Genba Sopanrao Moze College of Pharmacy, Wagholi",Pharmacy,ST,CAP Round I,2025-26,10,2
06384,"Genba Education Trust, Genba Sopanrao Moze College of Pharmacy, Wagholi",Pharmacy,VJ/DT,CAP Round I,2025-26,10,1
06384,"Genba Education Trust, Genba Sopanrao Moze College of Pharmacy, Wagholi",Pharmacy,NTB,CAP Round I,2025-26,10,1
06384,"Genba Education Trust, Genba Sopanrao Moze College of Pharmacy, Wagholi",Pharmacy,NTC,CAP Round I,2025-26,10,2
06384,"Genba Education Trust, Genba Sopanrao Moze College of Pharmacy, Wagholi",Pharmacy,OBC,CAP Round I,2025-26,10,6
06384,"Genba Education Trust, Genba Sopanrao Moze College of Pharmacy, Wagholi",Pharmacy,SEBC,CAP Round I,2025-26,10,3
06384,"Genba Education Trust, Genba Sopanrao Moze College of Pharmacy, Wagholi",Pharmacy,PWD,CAP Round I,2025-26,10,1
06384,"Genba Education Trust, Genba Sopanrao Moze College of Pharmacy, Wagholi",Pharmacy,DEF,CAP Round I,2025-26,10,1
06384,"Genba Education Trust, Genba Sopanrao Moze College of Pharmacy, Wagholi",Pharmacy,EWS,CAP Round I,2025-26,10,10
06385,"Poona District Education Association, Shankarrao Ursal College of Pharmaceutical Sciences & Research Centre, Kharadi, Tal: Haveli",Pharmacy,OPEN,CAP Round I,2025-26,6,5
06385,"Poona District Education Association, Shankarrao Ursal College of Pharmaceutical Sciences & Research Centre, Kharadi, Tal: Haveli",Pharmacy,SC,CAP Round I,2025-26,6,1
06385,"Poona District Education Association, Shankarrao Ursal College of Pharmaceutical Sciences & Research Centre, Kharadi, Tal: Haveli",Pharmacy,ST,CAP Round I,2025-26,6,1
06385,"Poona District Education Association, Shankarrao Ursal College of Pharmaceutical Sciences & Research Centre, Kharadi, Tal: Haveli",Pharmacy,VJ/DT,CAP Round I,2025-26,6,1
06385,"Poona District Education Association, Shankarrao Ursal College of Pharmaceutical Sciences & Research Centre, Kharadi, Tal: Haveli",Pharmacy,NTD,CAP Round I,2025-26,6,1
06385,"Poona District Education Association, Shankarrao Ursal College of Pharmaceutical Sciences & Research Centre, Kharadi, Tal: Haveli",Pharmacy,OBC,CAP Round I,2025-26,6,1
06385,"Poona District Education Association, Shankarrao Ursal College of Pharmaceutical Sciences & Research Centre, Kharadi, Tal: Haveli",Pharmacy,SEBC,CAP Round I,2025-26,6,1
06385,"Poona District Education Association, Shankarrao Ursal College of Pharmaceutical Sciences & Research Centre, Kharadi, Tal: Haveli",Pharmacy,PWD,CAP Round I,2025-26,6,1
06385,"Poona District Education Association, Shankarrao Ursal College of Pharmaceutical Sciences & Research Centre, Kharadi, Tal: Haveli",Pharmacy,DEF,CAP Round I,2025-26,6,1
06385,"Poona District Education Association, Shankarrao Ursal College of Pharmaceutical Sciences & Research Centre, Kharadi, Tal: Haveli",Pharmacy,EWS,CAP Round I,2025-26,6,4
06387,"Jayawantrao Sawant College of Pharmacy & Research, Hadapsar, Pune",Pharmacy,OPEN,CAP Round I,2025-26,10,6
06387,"Jayawantrao Sawant College of Pharmacy & Research, Hadapsar, Pune",Pharmacy,SC,CAP Round I,2025-26,10,2
06387,"Jayawantrao Sawant College of Pharmacy & Research, Hadapsar, Pune",Pharmacy,ST,CAP Round I,2025-26,10,1
06387,"Jayawantrao Sawant College of Pharmacy & Research, Hadapsar, Pune",Pharmacy,VJ/DT,CAP Round I,2025-26,10,1
06387,"Jayawantrao Sawant College of Pharmacy & Research, Hadapsar, Pune",Pharmacy,NTB,CAP Round I,2025-26,10,1
06387,"Jayawantrao Sawant College of Pharmacy & Research, Hadapsar, Pune",Pharmacy,NTC,CAP Round I,2025-26,10,1
06387,"Jayawantrao Sawant College of Pharmacy & Research, Hadapsar, Pune",Pharmacy,OBC,CAP Round I,2025-26,10,3
06387,"Jayawantrao Sawant College of Pharmacy & Research, Hadapsar, Pune",Pharmacy,SEBC,CAP Round I,2025-26,10,1
06387,"Jayawantrao Sawant College of Pharmacy & Research, Hadapsar, Pune",Pharmacy,PWD,CAP Round I,2025-26,10,1
06387,"Jayawantrao Sawant College of Pharmacy & Research, Hadapsar, Pune",Pharmacy,DEF,CAP Round I,2025-26,10,1
06387,"Jayawantrao Sawant College of Pharmacy & Research, Hadapsar, Pune",Pharmacy,EWS,CAP Round I,2025-26,10,5
06388,"Shri Appasaheb Birnale College of Pharmacy, Sangli",Pharmacy,OPEN,CAP Round I,2025-26,10,5
06388,"Shri Appasaheb Birnale College of Pharmacy, Sangli",Pharmacy,SC,CAP Round I,2025-26,10,2
06388,"Shri Appasaheb Birnale College of Pharmacy, Sangli",Pharmacy,ST,CAP Round I,2025-26,10,1
06388,"Shri Appasaheb Birnale College of Pharmacy, Sangli",Pharmacy,VJ/DT,CAP Round I,2025-26,10,1
06388,"Shri Appasaheb Birnale College of Pharmacy, Sangli",Pharmacy,NTC,CAP Round I,2025-26,10,1
06388,"Shri Appasaheb Birnale College of Pharmacy, Sangli",Pharmacy,OBC,CAP Round I,2025-26,10,2
06388,"Shri Appasaheb Birnale College of Pharmacy, Sangli",Pharmacy,SEBC,CAP Round I,2025-26,10,1
06388,"Shri Appasaheb Birnale College of Pharmacy, Sangli",Pharmacy,PWD,CAP Round I,2025-26,10,1
06388,"Shri Appasaheb Birnale College of Pharmacy, Sangli",Pharmacy,DEF,CAP Round I,2025-26,10,1
06388,"Shri Appasaheb Birnale College of Pharmacy, Sangli",Pharmacy,EWS,CAP Round I,2025-26,10,1
06389,"K.E. Socities. Rajarambapu College of Pharmacy, Kasegaon, Sangli",Pharmacy,OPEN,CAP Round I,2025-26,10,6
06389,"K.E. Socities. Rajarambapu College of Pharmacy, Kasegaon, Sangli",Pharmacy,SC,CAP Round I,2025-26,10,2
06389,"K.E. Socities. Rajarambapu College of Pharmacy, Kasegaon, Sangli",Pharmacy,ST,CAP Round I,2025-26,10,1
06389,"K.E. Socities. Rajarambapu College of Pharmacy, Kasegaon, Sangli",Pharmacy,VJ/DT,CAP Round I,2025-26,10,1
06389,"K.E. Socities. Rajarambapu College of Pharmacy, Kasegaon, Sangli",Pharmacy,NTC,CAP Round I,2025-26,10,1
06389,"K.E. Socities. Rajarambapu College of Pharmacy, Kasegaon, Sangli",Pharmacy,OBC,CAP Round I,2025-26,10,3
06389,"K.E. Socities. Rajarambapu College of Pharmacy, Kasegaon, Sangli",Pharmacy,SEBC,CAP Round I,2025-26,10,1
06389,"K.E. Socities. Rajarambapu College of Pharmacy, Kasegaon, Sangli",Pharmacy,PWD,CAP Round I,2025-26,10,1
06389,"K.E. Socities. Rajarambapu College of Pharmacy, Kasegaon, Sangli",Pharmacy,DEF,CAP Round I,2025-26,10,1
06389,"K.E. Socities. Rajarambapu College of Pharmacy, Kasegaon, Sangli",Pharmacy,EWS,CAP Round I,2025-26,10,2
06390,"Meruling Shikshan Sansthas College of Pharmacy, Jawalwadi",Pharmacy,OPEN,CAP Round I,2025-26,6,8
06390,"Meruling Shikshan Sansthas College of Pharmacy, Jawalwadi",Pharmacy,SC,CAP Round I,2025-26,6,3
06390,"Meruling Shikshan Sansthas College of Pharmacy, Jawalwadi",Pharmacy,ST,CAP Round I,2025-26,6,1
06390,"Meruling Shikshan Sansthas College of Pharmacy, Jawalwadi",Pharmacy,VJ/DT,CAP Round I,2025-26,6,1
06390,"Meruling Shikshan Sansthas College of Pharmacy, Jawalwadi",Pharmacy,NTD,CAP Round I,2025-26,6,1
06390,"Meruling Shikshan Sansthas College of Pharmacy, Jawalwadi",Pharmacy,OBC,CAP Round I,2025-26,6,3
06390,"Meruling Shikshan Sansthas College of Pharmacy, Jawalwadi",Pharmacy,SEBC,CAP Round I,2025-26,6,2
06390,"Meruling Shikshan Sansthas College of Pharmacy, Jawalwadi",Pharmacy,PWD,CAP Round I,2025-26,6,1
06390,"Meruling Shikshan Sansthas College of Pharmacy, Jawalwadi",Pharmacy,DEF,CAP Round I,2025-26,6,1
06390,"Meruling Shikshan Sansthas College of Pharmacy, Jawalwadi",Pharmacy,EWS,CAP Round I,2025-26,6,7
06391,"Gaurishankar Educational and Charitable Trust's Gourishankar Institute of Pharmaceutical & Education Research, Limb, Satara",Pharmacy,OPEN,CAP Round I,2025-26,10,21
06391,"Gaurishankar Educational and Charitable Trust's Gourishankar Institute of Pharmaceutical & Education Research, Limb, Satara",Pharmacy,SC,CAP Round I,2025-26,10,8
06391,"Gaurishankar Educational and Charitable Trust's Gourishankar Institute of Pharmaceutical & Education Research, Limb, Satara",Pharmacy,ST,CAP Round I,2025-26,10,4
06391,"Gaurishankar Educational and Charitable Trust's Gourishankar Institute of Pharmaceutical & Education Research, Limb, Satara",Pharmacy,VJ/DT,CAP Round I,2025-26,10,2
06391,"Gaurishankar Educational and Charitable Trust's Gourishankar Institute of Pharmaceutical & Education Research, Limb, Satara",Pharmacy,NTB,CAP Round I,2025-26,10,2
06391,"Gaurishankar Educational and Charitable Trust's Gourishankar Institute of Pharmaceutical & Education Research, Limb, Satara",Pharmacy,NTC,CAP Round I,2025-26,10,2
06391,"Gaurishankar Educational and Charitable Trust's Gourishankar Institute of Pharmaceutical & Education Research, Limb, Satara",Pharmacy,NTD,CAP Round I,2025-26,10,1
06391,"Gaurishankar Educational and Charitable Trust's Gourishankar Institute of Pharmaceutical & Education Research, Limb, Satara",Pharmacy,OBC,CAP Round I,2025-26,10,12
06391,"Gaurishankar Educational and Charitable Trust's Gourishankar Institute of Pharmaceutical & Education Research, Limb, Satara",Pharmacy,SEBC,CAP Round I,2025-26,10,6
06391,"Gaurishankar Educational and Charitable Trust's Gourishankar Institute of Pharmaceutical & Education Research, Limb, Satara",Pharmacy,PWD,CAP Round I,2025-26,10,4
06391,"Gaurishankar Educational and Charitable Trust's Gourishankar Institute of Pharmaceutical & Education Research, Limb, Satara",Pharmacy,DEF,CAP Round I,2025-26,10,4
06391,"Gaurishankar Educational and Charitable Trust's Gourishankar Institute of Pharmaceutical & Education Research, Limb, Satara",Pharmacy,EWS,CAP Round I,2025-26,10,8
06392,"Late Narayandas Bhawandas Chhabada Institute of Pharmacy, Satara",Pharmacy,OPEN,CAP Round I,2025-26,6,20
06392,"Late Narayandas Bhawandas Chhabada Institute of Pharmacy, Satara",Pharmacy,SC,CAP Round I,2025-26,6,8
06392,"Late Narayandas Bhawandas Chhabada Institute of Pharmacy, Satara",Pharmacy,ST,CAP Round I,2025-26,6,4
06392,"Late Narayandas Bhawandas Chhabada Institute of Pharmacy, Satara",Pharmacy,VJ/DT,CAP Round I,2025-26,6,2
06392,"Late Narayandas Bhawandas Chhabada Institute of Pharmacy, Satara",Pharmacy,NTB,CAP Round I,2025-26,6,1
06392,"Late Narayandas Bhawandas Chhabada Institute of Pharmacy, Satara",Pharmacy,NTC,CAP Round I,2025-26,6,2
06392,"Late Narayandas Bhawandas Chhabada Institute of Pharmacy, Satara",Pharmacy,NTD,CAP Round I,2025-26,6,1
06392,"Late Narayandas Bhawandas Chhabada Institute of Pharmacy, Satara",Pharmacy,OBC,CAP Round I,2025-26,6,11
06392,"Late Narayandas Bhawandas Chhabada Institute of Pharmacy, Satara",Pharmacy,SEBC,CAP Round I,2025-26,6,6
06392,"Late Narayandas Bhawandas Chhabada Institute of Pharmacy, Satara",Pharmacy,PWD,CAP Round I,2025-26,6,4
06392,"Late Narayandas Bhawandas Chhabada Institute of Pharmacy, Satara",Pharmacy,DEF,CAP Round I,2025-26,6,4
06392,"Late Narayandas Bhawandas Chhabada Institute of Pharmacy, Satara",Pharmacy,EWS,CAP Round I,2025-26,6,7
06393,"Samarth Education Trust Arvind Gavali college of Pharmacy, Satara",Pharmacy,OPEN,CAP Round I,2025-26,10,9
06393,"Samarth Education Trust Arvind Gavali college of Pharmacy, Satara",Pharmacy,SC,CAP Round I,2025-26,10,3
06393,"Samarth Education Trust Arvind Gavali college of Pharmacy, Satara",Pharmacy,ST,CAP Round I,2025-26,10,2
06393,"Samarth Education Trust Arvind Gavali college of Pharmacy, Satara",Pharmacy,VJ/DT,CAP Round I,2025-26,10,1
06393,"Samarth Education Trust Arvind Gavali college of Pharmacy, Satara",Pharmacy,NTB,CAP Round I,2025-26,10,1
06393,"Samarth Education Trust Arvind Gavali college of Pharmacy, Satara",Pharmacy,NTD,CAP Round I,2025-26,10,1
06393,"Samarth Education Trust Arvind Gavali college of Pharmacy, Satara",Pharmacy,OBC,CAP Round I,2025-26,10,5
06393,"Samarth Education Trust Arvind Gavali college of Pharmacy, Satara",Pharmacy,SEBC,CAP Round I,2025-26,10,2
06393,"Samarth Education Trust Arvind Gavali college of Pharmacy, Satara",Pharmacy,PWD,CAP Round I,2025-26,10,1
06393,"Samarth Education Trust Arvind Gavali college of Pharmacy, Satara",Pharmacy,DEF,CAP Round I,2025-26,10,1
06393,"Samarth Education Trust Arvind Gavali college of Pharmacy, Satara",Pharmacy,EWS,CAP Round I,2025-26,10,9
06394,"Shree Santkrupa College of Pharmacy, Ghogaon,Satara",Pharmacy,OPEN,CAP Round I,2025-26,6,5
06394,"Shree Santkrupa College of Pharmacy, Ghogaon,Satara",Pharmacy,SC,CAP Round I,2025-26,6,1
06394,"Shree Santkrupa College of Pharmacy, Ghogaon,Satara",Pharmacy,ST,CAP Round I,2025-26,6,1
06394,"Shree Santkrupa College of Pharmacy, Ghogaon,Satara",Pharmacy,NTB,CAP Round I,2025-26,6,1
06394,"Shree Santkrupa College of Pharmacy, Ghogaon,Satara",Pharmacy,NTC,CAP Round I,2025-26,6,1
06394,"Shree Santkrupa College of Pharmacy, Ghogaon,Satara",Pharmacy,OBC,CAP Round I,2025-26,6,3
06394,"Shree Santkrupa College of Pharmacy, Ghogaon,Satara",Pharmacy,SEBC,CAP Round I,2025-26,6,1
06394,"Shree Santkrupa College of Pharmacy, Ghogaon,Satara",Pharmacy,PWD,CAP Round I,2025-26,6,1
06394,"Shree Santkrupa College of Pharmacy, Ghogaon,Satara",Pharmacy,DEF,CAP Round I,2025-26,6,1
06394,"Shree Santkrupa College of Pharmacy, Ghogaon,Satara",Pharmacy,EWS,CAP Round I,2025-26,6,1
06395,"Gourishankar Education Society's Satara College of Pharmacy, Satara",Pharmacy,OPEN,CAP Round I,2025-26,10,19
06395,"Gourishankar Education Society's Satara College of Pharmacy, Satara",Pharmacy,SC,CAP Round I,2025-26,10,7
06395,"Gourishankar Education Society's Satara College of Pharmacy, Satara",Pharmacy,ST,CAP Round I,2025-26,10,4
06395,"Gourishankar Education Society's Satara College of Pharmacy, Satara",Pharmacy,VJ/DT,CAP Round I,2025-26,10,2
06395,"Gourishankar Education Society's Satara College of Pharmacy, Satara",Pharmacy,NTB,CAP Round I,2025-26,10,2
06395,"Gourishankar Education Society's Satara College of Pharmacy, Satara",Pharmacy,NTC,CAP Round I,2025-26,10,2
06395,"Gourishankar Education Society's Satara College of Pharmacy, Satara",Pharmacy,NTD,CAP Round I,2025-26,10,1
06395,"Gourishankar Education Society's Satara College of Pharmacy, Satara",Pharmacy,OBC,CAP Round I,2025-26,10,10
06395,"Gourishankar Education Society's Satara College of Pharmacy, Satara",Pharmacy,SEBC,CAP Round I,2025-26,10,6
06395,"Gourishankar Education Society's Satara College of Pharmacy, Satara",Pharmacy,PWD,CAP Round I,2025-26,10,4
06395,"Gourishankar Education Society's Satara College of Pharmacy, Satara",Pharmacy,DEF,CAP Round I,2025-26,10,4
06395,"Gourishankar Education Society's Satara College of Pharmacy, Satara",Pharmacy,EWS,CAP Round I,2025-26,10,8
06396,"Swargeeya Sanjibhai Rupjibhai Memorial Trust S.S.R. College of Pharmacy, Silvassa",Pharmacy,OPEN,CAP Round I,2025-26,6,3
06396,"Swargeeya Sanjibhai Rupjibhai Memorial Trust S.S.R. College of Pharmacy, Silvassa",Pharmacy,SC,CAP Round I,2025-26,6,1
06396,"Swargeeya Sanjibhai Rupjibhai Memorial Trust S.S.R. College of Pharmacy, Silvassa",Pharmacy,ST,CAP Round I,2025-26,6,1
06396,"Swargeeya Sanjibhai Rupjibhai Memorial Trust S.S.R. College of Pharmacy, Silvassa",Pharmacy,OBC,CAP Round I,2025-26,6,1
06396,"Swargeeya Sanjibhai Rupjibhai Memorial Trust S.S.R. College of Pharmacy, Silvassa",Pharmacy,SEBC,CAP Round I,2025-26,6,1
06396,"Swargeeya Sanjibhai Rupjibhai Memorial Trust S.S.R. College of Pharmacy, Silvassa",Pharmacy,EWS,CAP Round I,2025-26,6,7
06397,"Shri. Vitthal Edu. & Research's College of Pharmacy, Gopalpur, Pandharpur",Pharmacy,OPEN,CAP Round I,2025-26,6,4
06397,"Shri. Vitthal Edu. & Research's College of Pharmacy, Gopalpur, Pandharpur",Pharmacy,SC,CAP Round I,2025-26,6,1
06397,"Shri. Vitthal Edu. & Research's College of Pharmacy, Gopalpur, Pandharpur",Pharmacy,ST,CAP Round I,2025-26,6,1
06397,"Shri. Vitthal Edu. & Research's College of Pharmacy, Gopalpur, Pandharpur",Pharmacy,OBC,CAP Round I,2025-26,6,2
06397,"Shri. Vitthal Edu. & Research's College of Pharmacy, Gopalpur, Pandharpur",Pharmacy,SEBC,CAP Round I,2025-26,6,1
06397,"Shri. Vitthal Edu. & Research's College of Pharmacy, Gopalpur, Pandharpur",Pharmacy,EWS,CAP Round I,2025-26,6,1
06398,"Shikshan & Krishi Vikas Pratishtan's Sahyadri College of Pharmacy, Methavade, Ta.:Sangola, Dist.: Solapur",Pharmacy,OPEN,CAP Round I,2025-26,6,5
06398,"Shikshan & Krishi Vikas Pratishtan's Sahyadri College of Pharmacy, Methavade, Ta.:Sangola, Dist.: Solapur",Pharmacy,SC,CAP Round I,2025-26,6,1
06398,"Shikshan & Krishi Vikas Pratishtan's Sahyadri College of Pharmacy, Methavade, Ta.:Sangola, Dist.: Solapur",Pharmacy,ST,CAP Round I,2025-26,6,1
06398,"Shikshan & Krishi Vikas Pratishtan's Sahyadri College of Pharmacy, Methavade, Ta.:Sangola, Dist.: Solapur",Pharmacy,VJ/DT,CAP Round I,2025-26,6,1
06398,"Shikshan & Krishi Vikas Pratishtan's Sahyadri College of Pharmacy, Methavade, Ta.:Sangola, Dist.: Solapur",Pharmacy,OBC,CAP Round I,2025-26,6,2
06398,"Shikshan & Krishi Vikas Pratishtan's Sahyadri College of Pharmacy, Methavade, Ta.:Sangola, Dist.: Solapur",Pharmacy,SEBC,CAP Round I,2025-26,6,1
06398,"Shikshan & Krishi Vikas Pratishtan's Sahyadri College of Pharmacy, Methavade, Ta.:Sangola, Dist.: Solapur",Pharmacy,PWD,CAP Round I,2025-26,6,1
06398,"Shikshan & Krishi Vikas Pratishtan's Sahyadri College of Pharmacy, Methavade, Ta.:Sangola, Dist.: Solapur",Pharmacy,DEF,CAP Round I,2025-26,6,1
06398,"Shikshan & Krishi Vikas Pratishtan's Sahyadri College of Pharmacy, Methavade, Ta.:Sangola, Dist.: Solapur",Pharmacy,EWS,CAP Round I,2025-26,6,1
06399,"Shikshan Prasarak Mandal's College of Pharmacy, Akluj",Pharmacy,OPEN,CAP Round I,2025-26,6,5
06399,"Shikshan Prasarak Mandal's College of Pharmacy, Akluj",Pharmacy,SC,CAP Round I,2025-26,6,1
06399,"Shikshan Prasarak Mandal's College of Pharmacy, Akluj",Pharmacy,ST,CAP Round I,2025-26,6,1
06399,"Shikshan Prasarak Mandal's College of Pharmacy, Akluj",Pharmacy,VJ/DT,CAP Round I,2025-26,6,1
06399,"Shikshan Prasarak Mandal's College of Pharmacy, Akluj",Pharmacy,NTD,CAP Round I,2025-26,6,1
06399,"Shikshan Prasarak Mandal's College of Pharmacy, Akluj",Pharmacy,OBC,CAP Round I,2025-26,6,2
06399,"Shikshan Prasarak Mandal's College of Pharmacy, Akluj",Pharmacy,SEBC,CAP Round I,2025-26,6,1
06399,"Shikshan Prasarak Mandal's College of Pharmacy, Akluj",Pharmacy,PWD,CAP Round I,2025-26,6,1
06399,"Shikshan Prasarak Mandal's College of Pharmacy, Akluj",Pharmacy,DEF,CAP Round I,2025-26,6,1
06399,"Shikshan Prasarak Mandal's College of Pharmacy, Akluj",Pharmacy,EWS,CAP Round I,2025-26,6,4
06400,"D.S.T.S.Mandal's College of Pharmacy, Solapur",Pharmacy,OPEN,CAP Round I,2025-26,10,7
06483,Dr. J. J. Magdum Charitable Trust's Dr. J.J. Magdum Pharmacy College,Pharmacy,OPEN,CAP Round I,2025-26,10,11
06483,Dr. J. J. Magdum Charitable Trust's Dr. J.J. Magdum Pharmacy College,Pharmacy,SC,CAP Round I,2025-26,10,4
06483,Dr. J. J. Magdum Charitable Trust's Dr. J.J. Magdum Pharmacy College,Pharmacy,ST,CAP Round I,2025-26,10,2
06483,Dr. J. J. Magdum Charitable Trust's Dr. J.J. Magdum Pharmacy College,Pharmacy,VJ/DT,CAP Round I,2025-26,10,1
06483,Dr. J. J. Magdum Charitable Trust's Dr. J.J. Magdum Pharmacy College,Pharmacy,NTB,CAP Round I,2025-26,10,1
06483,Dr. J. J. Magdum Charitable Trust's Dr. J.J. Magdum Pharmacy College,Pharmacy,NTC,CAP Round I,2025-26,10,1
06483,Dr. J. J. Magdum Charitable Trust's Dr. J.J. Magdum Pharmacy College,Pharmacy,NTD,CAP Round I,2025-26,10,1
06483,Dr. J. J. Magdum Charitable Trust's Dr. J.J. Magdum Pharmacy College,Pharmacy,OBC,CAP Round I,2025-26,10,6
06483,Dr. J. J. Magdum Charitable Trust's Dr. J.J. Magdum Pharmacy College,Pharmacy,SEBC,CAP Round I,2025-26,10,3
06483,Dr. J. J. Magdum Charitable Trust's Dr. J.J. Magdum Pharmacy College,Pharmacy,PWD,CAP Round I,2025-26,10,3
06483,Dr. J. J. Magdum Charitable Trust's Dr. J.J. Magdum Pharmacy College,Pharmacy,DEF,CAP Round I,2025-26,10,3
06483,Dr. J. J. Magdum Charitable Trust's Dr. J.J. Magdum Pharmacy College,Pharmacy,EWS,CAP Round I,2025-26,10,4
06488,Mayani Bhag Shikshan Prasark Mandal's College Of Pharmacy (D.Pharm.) Mayani Tal-Khatav Dist-Satara,Pharmacy,OPEN,CAP Round I,2025-26,6,9
06488,Mayani Bhag Shikshan Prasark Mandal's College Of Pharmacy (D.Pharm.) Mayani Tal-Khatav Dist-Satara,Pharmacy,SC,CAP Round I,2025-26,6,3
06488,Mayani Bhag Shikshan Prasark Mandal's College Of Pharmacy (D.Pharm.) Mayani Tal-Khatav Dist-Satara,Pharmacy,ST,CAP Round I,2025-26,6,1
06488,Mayani Bhag Shikshan Prasark Mandal's College Of Pharmacy (D.Pharm.) Mayani Tal-Khatav Dist-Satara,Pharmacy,NTB,CAP Round I,2025-26,6,1
06488,Mayani Bhag Shikshan Prasark Mandal's College Of Pharmacy (D.Pharm.) Mayani Tal-Khatav Dist-Satara,Pharmacy,NTC,CAP Round I,2025-26,6,1
06488,Mayani Bhag Shikshan Prasark Mandal's College Of Pharmacy (D.Pharm.) Mayani Tal-Khatav Dist-Satara,Pharmacy,OBC,CAP Round I,2025-26,6,4
06488,Mayani Bhag Shikshan Prasark Mandal's College Of Pharmacy (D.Pharm.) Mayani Tal-Khatav Dist-Satara,Pharmacy,SEBC,CAP Round I,2025-26,6,2
06488,Mayani Bhag Shikshan Prasark Mandal's College Of Pharmacy (D.Pharm.) Mayani Tal-Khatav Dist-Satara,Pharmacy,PWD,CAP Round I,2025-26,6,1
06488,Mayani Bhag Shikshan Prasark Mandal's College Of Pharmacy (D.Pharm.) Mayani Tal-Khatav Dist-Satara,Pharmacy,DEF,CAP Round I,2025-26,6,1
06488,Mayani Bhag Shikshan Prasark Mandal's College Of Pharmacy (D.Pharm.) Mayani Tal-Khatav Dist-Satara,Pharmacy,EWS,CAP Round I,2025-26,6,4
06491,"Shri Y.S.P.Mandal's Vasantidevi Patil Institute of Pharmacy , Kodoli, Dist.Kolhapur",Pharmacy,OPEN,CAP Round I,2025-26,6,6
06491,"Shri Y.S.P.Mandal's Vasantidevi Patil Institute of Pharmacy , Kodoli, Dist.Kolhapur",Pharmacy,SC,CAP Round I,2025-26,6,2
06491,"Shri Y.S.P.Mandal's Vasantidevi Patil Institute of Pharmacy , Kodoli, Dist.Kolhapur",Pharmacy,ST,CAP Round I,2025-26,6,1
06491,"Shri Y.S.P.Mandal's Vasantidevi Patil Institute of Pharmacy , Kodoli, Dist.Kolhapur",Pharmacy,VJ/DT,CAP Round I,2025-26,6,1
06491,"Shri Y.S.P.Mandal's Vasantidevi Patil Institute of Pharmacy , Kodoli, Dist.Kolhapur",Pharmacy,NTD,CAP Round I,2025-26,6,1
06491,"Shri Y.S.P.Mandal's Vasantidevi Patil Institute of Pharmacy , Kodoli, Dist.Kolhapur",Pharmacy,OBC,CAP Round I,2025-26,6,3
06491,"Shri Y.S.P.Mandal's Vasantidevi Patil Institute of Pharmacy , Kodoli, Dist.Kolhapur",Pharmacy,SEBC,CAP Round I,2025-26,6,1
06491,"Shri Y.S.P.Mandal's Vasantidevi Patil Institute of Pharmacy , Kodoli, Dist.Kolhapur",Pharmacy,PWD,CAP Round I,2025-26,6,1
06491,"Shri Y.S.P.Mandal's Vasantidevi Patil Institute of Pharmacy , Kodoli, Dist.Kolhapur",Pharmacy,DEF,CAP Round I,2025-26,6,1
06491,"Shri Y.S.P.Mandal's Vasantidevi Patil Institute of Pharmacy , Kodoli, Dist.Kolhapur",Pharmacy,EWS,CAP Round I,2025-26,6,1
06501,"Shri Dhanlaxmi Foundation, Karad's Late Adv. Dadasaheb Chavan Memorial Institute of Pharmacy, Malwadi-Masur",Pharmacy,OPEN,CAP Round I,2025-26,10,13
06501,"Shri Dhanlaxmi Foundation, Karad's Late Adv. Dadasaheb Chavan Memorial Institute of Pharmacy, Malwadi-Masur",Pharmacy,SC,CAP Round I,2025-26,10,5
06501,"Shri Dhanlaxmi Foundation, Karad's Late Adv. Dadasaheb Chavan Memorial Institute of Pharmacy, Malwadi-Masur",Pharmacy,ST,CAP Round I,2025-26,10,3
06501,"Shri Dhanlaxmi Foundation, Karad's Late Adv. Dadasaheb Chavan Memorial Institute of Pharmacy, Malwadi-Masur",Pharmacy,VJ/DT,CAP Round I,2025-26,10,2
06501,"Shri Dhanlaxmi Foundation, Karad's Late Adv. Dadasaheb Chavan Memorial Institute of Pharmacy, Malwadi-Masur",Pharmacy,NTB,CAP Round I,2025-26,10,1
06501,"Shri Dhanlaxmi Foundation, Karad's Late Adv. Dadasaheb Chavan Memorial Institute of Pharmacy, Malwadi-Masur",Pharmacy,NTC,CAP Round I,2025-26,10,1
06501,"Shri Dhanlaxmi Foundation, Karad's Late Adv. Dadasaheb Chavan Memorial Institute of Pharmacy, Malwadi-Masur",Pharmacy,NTD,CAP Round I,2025-26,10,1
06501,"Shri Dhanlaxmi Foundation, Karad's Late Adv. Dadasaheb Chavan Memorial Institute of Pharmacy, Malwadi-Masur",Pharmacy,OBC,CAP Round I,2025-26,10,7
06501,"Shri Dhanlaxmi Foundation, Karad's Late Adv. Dadasaheb Chavan Memorial Institute of Pharmacy, Malwadi-Masur",Pharmacy,SEBC,CAP Round I,2025-26,10,4
06501,"Shri Dhanlaxmi Foundation, Karad's Late Adv. Dadasaheb Chavan Memorial Institute of Pharmacy, Malwadi-Masur",Pharmacy,PWD,CAP Round I,2025-26,10,3
06501,"Shri Dhanlaxmi Foundation, Karad's Late Adv. Dadasaheb Chavan Memorial Institute of Pharmacy, Malwadi-Masur",Pharmacy,DEF,CAP Round I,2025-26,10,3
06501,"Shri Dhanlaxmi Foundation, Karad's Late Adv. Dadasaheb Chavan Memorial Institute of Pharmacy, Malwadi-Masur",Pharmacy,EWS,CAP Round I,2025-26,10,8
06503,"Shree Ambabai Talim Sanstha's Diploma In Pharmacy ,Wanlesswadi, Miraj, Sangli",Pharmacy,OPEN,CAP Round I,2025-26,6,3
06503,"Shree Ambabai Talim Sanstha's Diploma In Pharmacy ,Wanlesswadi, Miraj, Sangli",Pharmacy,SC,CAP Round I,2025-26,6,1
06503,"Shree Ambabai Talim Sanstha's Diploma In Pharmacy ,Wanlesswadi, Miraj, Sangli",Pharmacy,ST,CAP Round I,2025-26,6,1
06503,"Shree Ambabai Talim Sanstha's Diploma In Pharmacy ,Wanlesswadi, Miraj, Sangli",Pharmacy,OBC,CAP Round I,2025-26,6,2
06503,"Shree Ambabai Talim Sanstha's Diploma In Pharmacy ,Wanlesswadi, Miraj, Sangli",Pharmacy,SEBC,CAP Round I,2025-26,6,1
06503,"Shree Ambabai Talim Sanstha's Diploma In Pharmacy ,Wanlesswadi, Miraj, Sangli",Pharmacy,EWS,CAP Round I,2025-26,6,2
06504,"Yashoda Shikshan Prasarak mandal's Sojar College of Pharmacy, Khandvi, Barshi, Solapur",Pharmacy,OPEN,CAP Round I,2025-26,6,6
06504,"Yashoda Shikshan Prasarak mandal's Sojar College of Pharmacy, Khandvi, Barshi, Solapur",Pharmacy,SC,CAP Round I,2025-26,6,1
06504,"Yashoda Shikshan Prasarak mandal's Sojar College of Pharmacy, Khandvi, Barshi, Solapur",Pharmacy,ST,CAP Round I,2025-26,6,1
06504,"Yashoda Shikshan Prasarak mandal's Sojar College of Pharmacy, Khandvi, Barshi, Solapur",Pharmacy,VJ/DT,CAP Round I,2025-26,6,1
06504,"Yashoda Shikshan Prasarak mandal's Sojar College of Pharmacy, Khandvi, Barshi, Solapur",Pharmacy,NTC,CAP Round I,2025-26,6,1
06504,"Yashoda Shikshan Prasarak mandal's Sojar College of Pharmacy, Khandvi, Barshi, Solapur",Pharmacy,OBC,CAP Round I,2025-26,6,3
06504,"Yashoda Shikshan Prasarak mandal's Sojar College of Pharmacy, Khandvi, Barshi, Solapur",Pharmacy,SEBC,CAP Round I,2025-26,6,1
06504,"Yashoda Shikshan Prasarak mandal's Sojar College of Pharmacy, Khandvi, Barshi, Solapur",Pharmacy,PWD,CAP Round I,2025-26,6,1
06504,"Yashoda Shikshan Prasarak mandal's Sojar College of Pharmacy, Khandvi, Barshi, Solapur",Pharmacy,DEF,CAP Round I,2025-26,6,1
06504,"Yashoda Shikshan Prasarak mandal's Sojar College of Pharmacy, Khandvi, Barshi, Solapur",Pharmacy,EWS,CAP Round I,2025-26,6,5
06509,Walwa Taluka Education Societys S D Patil Institute of Pharmacy Urun Islampur,Pharmacy,OPEN,CAP Round I,2025-26,6,3
06509,Walwa Taluka Education Societys S D Patil Institute of Pharmacy Urun Islampur,Pharmacy,SC,CAP Round I,2025-26,6,1
06509,Walwa Taluka Education Societys S D Patil Institute of Pharmacy Urun Islampur,Pharmacy,ST,CAP Round I,2025-26,6,1
06509,Walwa Taluka Education Societys S D Patil Institute of Pharmacy Urun Islampur,Pharmacy,OBC,CAP Round I,2025-26,6,2
06509,Walwa Taluka Education Societys S D Patil Institute of Pharmacy Urun Islampur,Pharmacy,SEBC,CAP Round I,2025-26,6,1
06509,Walwa Taluka Education Societys S D Patil Institute of Pharmacy Urun Islampur,Pharmacy,EWS,CAP Round I,2025-26,6,2
06510,"Shriram Shikshan Sanstha's College of Pharmacy, Paniv, Malshiras, Dist. Solapur",Pharmacy,OPEN,CAP Round I,2025-26,6,4
06510,"Shriram Shikshan Sanstha's College of Pharmacy, Paniv, Malshiras, Dist. Solapur",Pharmacy,SC,CAP Round I,2025-26,6,1
06510,"Shriram Shikshan Sanstha's College of Pharmacy, Paniv, Malshiras, Dist. Solapur",Pharmacy,ST,CAP Round I,2025-26,6,1
06510,"Shriram Shikshan Sanstha's College of Pharmacy, Paniv, Malshiras, Dist. Solapur",Pharmacy,OBC,CAP Round I,2025-26,6,2
06510,"Shriram Shikshan Sanstha's College of Pharmacy, Paniv, Malshiras, Dist. Solapur",Pharmacy,SEBC,CAP Round I,2025-26,6,1
06510,"Shriram Shikshan Sanstha's College of Pharmacy, Paniv, Malshiras, Dist. Solapur",Pharmacy,EWS,CAP Round I,2025-26,6,4
06516,"Krishna Charitable Trust's Krishna College of Pharmacy, Malkapur, Karad.",Pharmacy,OPEN,CAP Round I,2025-26,10,9
06516,"Krishna Charitable Trust's Krishna College of Pharmacy, Malkapur, Karad.",Pharmacy,SC,CAP Round I,2025-26,10,3
06516,"Krishna Charitable Trust's Krishna College of Pharmacy, Malkapur, Karad.",Pharmacy,ST,CAP Round I,2025-26,10,2
06516,"Krishna Charitable Trust's Krishna College of Pharmacy, Malkapur, Karad.",Pharmacy,VJ/DT,CAP Round I,2025-26,10,1
06516,"Krishna Charitable Trust's Krishna College of Pharmacy, Malkapur, Karad.",Pharmacy,NTC,CAP Round I,2025-26,10,1
06516,"Krishna Charitable Trust's Krishna College of Pharmacy, Malkapur, Karad.",Pharmacy,OBC,CAP Round I,2025-26,10,4
06516,"Krishna Charitable Trust's Krishna College of Pharmacy, Malkapur, Karad.",Pharmacy,SEBC,CAP Round I,2025-26,10,2
06516,"Krishna Charitable Trust's Krishna College of Pharmacy, Malkapur, Karad.",Pharmacy,PWD,CAP Round I,2025-26,10,1
06516,"Krishna Charitable Trust's Krishna College of Pharmacy, Malkapur, Karad.",Pharmacy,DEF,CAP Round I,2025-26,10,1
06516,"Krishna Charitable Trust's Krishna College of Pharmacy, Malkapur, Karad.",Pharmacy,EWS,CAP Round I,2025-26,10,1
06616,"Sant Gajanan Maharaj College of Pharmacy, Gadhinglaj",Pharmacy,OPEN,CAP Round I,2025-26,10,11
06616,"Sant Gajanan Maharaj College of Pharmacy, Gadhinglaj",Pharmacy,SC,CAP Round I,2025-26,10,3
06616,"Sant Gajanan Maharaj College of Pharmacy, Gadhinglaj",Pharmacy,ST,CAP Round I,2025-26,10,2
06616,"Sant Gajanan Maharaj College of Pharmacy, Gadhinglaj",Pharmacy,VJ/DT,CAP Round I,2025-26,10,1
06616,"Sant Gajanan Maharaj College of Pharmacy, Gadhinglaj",Pharmacy,NTB,CAP Round I,2025-26,10,1
06616,"Sant Gajanan Maharaj College of Pharmacy, Gadhinglaj",Pharmacy,NTC,CAP Round I,2025-26,10,1
06616,"Sant Gajanan Maharaj College of Pharmacy, Gadhinglaj",Pharmacy,OBC,CAP Round I,2025-26,10,5
06616,"Sant Gajanan Maharaj College of Pharmacy, Gadhinglaj",Pharmacy,SEBC,CAP Round I,2025-26,10,3
06616,"Sant Gajanan Maharaj College of Pharmacy, Gadhinglaj",Pharmacy,PWD,CAP Round I,2025-26,10,1
06616,"Sant Gajanan Maharaj College of Pharmacy, Gadhinglaj",Pharmacy,DEF,CAP Round I,2025-26,10,1
06616,"Sant Gajanan Maharaj College of Pharmacy, Gadhinglaj",Pharmacy,EWS,CAP Round I,2025-26,10,5
06652,"Poona College Of Pharmacy, Erandwane, Pune",Pharmacy,OPEN,CAP Round I,2025-26,6,3
06652,"Poona College Of Pharmacy, Erandwane, Pune",Pharmacy,SC,CAP Round I,2025-26,6,1
06652,"Poona College Of Pharmacy, Erandwane, Pune",Pharmacy,ST,CAP Round I,2025-26,6,1
06652,"Poona College Of Pharmacy, Erandwane, Pune",Pharmacy,OBC,CAP Round I,2025-26,6,2
06652,"Poona College Of Pharmacy, Erandwane, Pune",Pharmacy,SEBC,CAP Round I,2025-26,6,1
06652,"Poona College Of Pharmacy, Erandwane, Pune",Pharmacy,EWS,CAP Round I,2025-26,6,1
06757,"Yashoda Technical Campus, Wadhe, Satara.",Pharmacy,OPEN,CAP Round I,2025-26,10,9
06757,"Yashoda Technical Campus, Wadhe, Satara.",Pharmacy,SC,CAP Round I,2025-26,10,3
06757,"Yashoda Technical Campus, Wadhe, Satara.",Pharmacy,ST,CAP Round I,2025-26,10,2
06757,"Yashoda Technical Campus, Wadhe, Satara.",Pharmacy,VJ/DT,CAP Round I,2025-26,10,1
06757,"Yashoda Technical Campus, Wadhe, Satara.",Pharmacy,NTB,CAP Round I,2025-26,10,1
06757,"Yashoda Technical Campus, Wadhe, Satara.",Pharmacy,NTC,CAP Round I,2025-26,10,1
06757,"Yashoda Technical Campus, Wadhe, Satara.",Pharmacy,OBC,CAP Round I,2025-26,10,5
06757,"Yashoda Technical Campus, Wadhe, Satara.",Pharmacy,SEBC,CAP Round I,2025-26,10,2
06757,"Yashoda Technical Campus, Wadhe, Satara.",Pharmacy,PWD,CAP Round I,2025-26,10,1
06757,"Yashoda Technical Campus, Wadhe, Satara.",Pharmacy,DEF,CAP Round I,2025-26,10,1
06757,"Yashoda Technical Campus, Wadhe, Satara.",Pharmacy,EWS,CAP Round I,2025-26,10,4
06820,"Adarsh College of Pharmacy, Vita Dist. Sangli",Pharmacy,OPEN,CAP Round I,2025-26,10,10
06820,"Adarsh College of Pharmacy, Vita Dist. Sangli",Pharmacy,SC,CAP Round I,2025-26,10,3
06820,"Adarsh College of Pharmacy, Vita Dist. Sangli",Pharmacy,ST,CAP Round I,2025-26,10,2
06820,"Adarsh College of Pharmacy, Vita Dist. Sangli",Pharmacy,VJ/DT,CAP Round I,2025-26,10,1
06820,"Adarsh College of Pharmacy, Vita Dist. Sangli",Pharmacy,NTB,CAP Round I,2025-26,10,1
06820,"Adarsh College of Pharmacy, Vita Dist. Sangli",Pharmacy,NTC,CAP Round I,2025-26,10,1
06820,"Adarsh College of Pharmacy, Vita Dist. Sangli",Pharmacy,NTD,CAP Round I,2025-26,10,1
06820,"Adarsh College of Pharmacy, Vita Dist. Sangli",Pharmacy,OBC,CAP Round I,2025-26,10,5
06820,"Adarsh College of Pharmacy, Vita Dist. Sangli",Pharmacy,SEBC,CAP Round I,2025-26,10,2
06820,"Adarsh College of Pharmacy, Vita Dist. Sangli",Pharmacy,PWD,CAP Round I,2025-26,10,1
06820,"Adarsh College of Pharmacy, Vita Dist. Sangli",Pharmacy,DEF,CAP Round I,2025-26,10,1
06820,"Adarsh College of Pharmacy, Vita Dist. Sangli",Pharmacy,EWS,CAP Round I,2025-26,10,4
06823,"Shri.Jain Vidyaparasark Mandal's Rasiklal M. Dhariwal Institute of Pharmceutical Education & Research, Pune.",Pharmacy,OPEN,CAP Round I,2025-26,10,14
06827,"Mahadevrao Wandre Institute of Technology, Turkewadi",Pharmacy,OPEN,CAP Round I,2025-26,10,36
06827,"Mahadevrao Wandre Institute of Technology, Turkewadi",Pharmacy,SC,CAP Round I,2025-26,10,13
06827,"Mahadevrao Wandre Institute of Technology, Turkewadi",Pharmacy,ST,CAP Round I,2025-26,10,7
06827,"Mahadevrao Wandre Institute of Technology, Turkewadi",Pharmacy,VJ/DT,CAP Round I,2025-26,10,3
06827,"Mahadevrao Wandre Institute of Technology, Turkewadi",Pharmacy,NTB,CAP Round I,2025-26,10,3
06827,"Mahadevrao Wandre Institute of Technology, Turkewadi",Pharmacy,NTC,CAP Round I,2025-26,10,4
06827,"Mahadevrao Wandre Institute of Technology, Turkewadi",Pharmacy,NTD,CAP Round I,2025-26,10,2
06827,"Mahadevrao Wandre Institute of Technology, Turkewadi",Pharmacy,OBC,CAP Round I,2025-26,10,19
06827,"Mahadevrao Wandre Institute of Technology, Turkewadi",Pharmacy,SEBC,CAP Round I,2025-26,10,10
06827,"Mahadevrao Wandre Institute of Technology, Turkewadi",Pharmacy,PWD,CAP Round I,2025-26,10,7
06827,"Mahadevrao Wandre Institute of Technology, Turkewadi",Pharmacy,DEF,CAP Round I,2025-26,10,7
06827,"Mahadevrao Wandre Institute of Technology, Turkewadi",Pharmacy,EWS,CAP Round I,2025-26,10,12
06829,"Womens College of Pharmacy,Peth Vadgaon, Tq - Hatkanangale",Pharmacy,OPEN,CAP Round I,2025-26,10,12
06829,"Womens College of Pharmacy,Peth Vadgaon, Tq - Hatkanangale",Pharmacy,SC,CAP Round I,2025-26,10,5
06829,"Womens College of Pharmacy,Peth Vadgaon, Tq - Hatkanangale",Pharmacy,ST,CAP Round I,2025-26,10,2
06829,"Womens College of Pharmacy,Peth Vadgaon, Tq - Hatkanangale",Pharmacy,VJ/DT,CAP Round I,2025-26,10,2
06829,"Womens College of Pharmacy,Peth Vadgaon, Tq - Hatkanangale",Pharmacy,NTB,CAP Round I,2025-26,10,1
06829,"Womens College of Pharmacy,Peth Vadgaon, Tq - Hatkanangale",Pharmacy,NTC,CAP Round I,2025-26,10,1
06829,"Womens College of Pharmacy,Peth Vadgaon, Tq - Hatkanangale",Pharmacy,NTD,CAP Round I,2025-26,10,1
06829,"Womens College of Pharmacy,Peth Vadgaon, Tq - Hatkanangale",Pharmacy,OBC,CAP Round I,2025-26,10,7
06829,"Womens College of Pharmacy,Peth Vadgaon, Tq - Hatkanangale",Pharmacy,SEBC,CAP Round I,2025-26,10,3
06829,"Womens College of Pharmacy,Peth Vadgaon, Tq - Hatkanangale",Pharmacy,PWD,CAP Round I,2025-26,10,3
06829,"Womens College of Pharmacy,Peth Vadgaon, Tq - Hatkanangale",Pharmacy,DEF,CAP Round I,2025-26,10,3
06829,"Womens College of Pharmacy,Peth Vadgaon, Tq - Hatkanangale",Pharmacy,EWS,CAP Round I,2025-26,10,8
06833,"Dattakala College of Pharmacy, Chincholi, Daund",Pharmacy,OPEN,CAP Round I,2025-26,10,13
06833,"Dattakala College of Pharmacy, Chincholi, Daund",Pharmacy,SC,CAP Round I,2025-26,10,5
06833,"Dattakala College of Pharmacy, Chincholi, Daund",Pharmacy,ST,CAP Round I,2025-26,10,3
06833,"Dattakala College of Pharmacy, Chincholi, Daund",Pharmacy,VJ/DT,CAP Round I,2025-26,10,2
06833,"Dattakala College of Pharmacy, Chincholi, Daund",Pharmacy,NTB,CAP Round I,2025-26,10,1
06833,"Dattakala College of Pharmacy, Chincholi, Daund",Pharmacy,NTC,CAP Round I,2025-26,10,1
06833,"Dattakala College of Pharmacy, Chincholi, Daund",Pharmacy,NTD,CAP Round I,2025-26,10,1
06833,"Dattakala College of Pharmacy, Chincholi, Daund",Pharmacy,OBC,CAP Round I,2025-26,10,7
06833,"Dattakala College of Pharmacy, Chincholi, Daund",Pharmacy,SEBC,CAP Round I,2025-26,10,4
06833,"Dattakala College of Pharmacy, Chincholi, Daund",Pharmacy,PWD,CAP Round I,2025-26,10,3
06833,"Dattakala College of Pharmacy, Chincholi, Daund",Pharmacy,DEF,CAP Round I,2025-26,10,3
06833,"Dattakala College of Pharmacy, Chincholi, Daund",Pharmacy,EWS,CAP Round I,2025-26,10,11
06835,"Gandhi Natha Rangji College of Diploma Pharmacy, Solapur",Pharmacy,OPEN,CAP Round I,2025-26,10,5
06835,"Gandhi Natha Rangji College of Diploma Pharmacy, Solapur",Pharmacy,SC,CAP Round I,2025-26,10,1
06835,"Gandhi Natha Rangji College of Diploma Pharmacy, Solapur",Pharmacy,ST,CAP Round I,2025-26,10,1
06835,"Gandhi Natha Rangji College of Diploma Pharmacy, Solapur",Pharmacy,VJ/DT,CAP Round I,2025-26,10,1
06835,"Gandhi Natha Rangji College of Diploma Pharmacy, Solapur",Pharmacy,NTC,CAP Round I,2025-26,10,1
06835,"Gandhi Natha Rangji College of Diploma Pharmacy, Solapur",Pharmacy,OBC,CAP Round I,2025-26,10,2
06835,"Gandhi Natha Rangji College of Diploma Pharmacy, Solapur",Pharmacy,SEBC,CAP Round I,2025-26,10,1
06835,"Gandhi Natha Rangji College of Diploma Pharmacy, Solapur",Pharmacy,PWD,CAP Round I,2025-26,10,1
06835,"Gandhi Natha Rangji College of Diploma Pharmacy, Solapur",Pharmacy,DEF,CAP Round I,2025-26,10,1
06835,"Gandhi Natha Rangji College of Diploma Pharmacy, Solapur",Pharmacy,EWS,CAP Round I,2025-26,10,5
06879,"Loknete Shri. Dadapatil Pharate College of Pharmacy, At Post Manadavgan Pharata, Tal.Shirur, Dist. Pune",Pharmacy,OPEN,CAP Round I,2025-26,10,12
06879,"Loknete Shri. Dadapatil Pharate College of Pharmacy, At Post Manadavgan Pharata, Tal.Shirur, Dist. Pune",Pharmacy,SC,CAP Round I,2025-26,10,5
06879,"Loknete Shri. Dadapatil Pharate College of Pharmacy, At Post Manadavgan Pharata, Tal.Shirur, Dist. Pune",Pharmacy,ST,CAP Round I,2025-26,10,2
06879,"Loknete Shri. Dadapatil Pharate College of Pharmacy, At Post Manadavgan Pharata, Tal.Shirur, Dist. Pune",Pharmacy,VJ/DT,CAP Round I,2025-26,10,2
06879,"Loknete Shri. Dadapatil Pharate College of Pharmacy, At Post Manadavgan Pharata, Tal.Shirur, Dist. Pune",Pharmacy,NTB,CAP Round I,2025-26,10,1
06879,"Loknete Shri. Dadapatil Pharate College of Pharmacy, At Post Manadavgan Pharata, Tal.Shirur, Dist. Pune",Pharmacy,NTC,CAP Round I,2025-26,10,1
06879,"Loknete Shri. Dadapatil Pharate College of Pharmacy, At Post Manadavgan Pharata, Tal.Shirur, Dist. Pune",Pharmacy,NTD,CAP Round I,2025-26,10,1
06879,"Loknete Shri. Dadapatil Pharate College of Pharmacy, At Post Manadavgan Pharata, Tal.Shirur, Dist. Pune",Pharmacy,OBC,CAP Round I,2025-26,10,7
06879,"Loknete Shri. Dadapatil Pharate College of Pharmacy, At Post Manadavgan Pharata, Tal.Shirur, Dist. Pune",Pharmacy,SEBC,CAP Round I,2025-26,10,3
06879,"Loknete Shri. Dadapatil Pharate College of Pharmacy, At Post Manadavgan Pharata, Tal.Shirur, Dist. Pune",Pharmacy,PWD,CAP Round I,2025-26,10,3
06879,"Loknete Shri. Dadapatil Pharate College of Pharmacy, At Post Manadavgan Pharata, Tal.Shirur, Dist. Pune",Pharmacy,DEF,CAP Round I,2025-26,10,3
06879,"Loknete Shri. Dadapatil Pharate College of Pharmacy, At Post Manadavgan Pharata, Tal.Shirur, Dist. Pune",Pharmacy,EWS,CAP Round I,2025-26,10,8
06886,"Nootan College of Pharmacy, Kavathe-mahankal, Sangli",Pharmacy,OPEN,CAP Round I,2025-26,10,13
06886,"Nootan College of Pharmacy, Kavathe-mahankal, Sangli",Pharmacy,SC,CAP Round I,2025-26,10,3
06886,"Nootan College of Pharmacy, Kavathe-mahankal, Sangli",Pharmacy,ST,CAP Round I,2025-26,10,2
06886,"Nootan College of Pharmacy, Kavathe-mahankal, Sangli",Pharmacy,VJ/DT,CAP Round I,2025-26,10,1
06886,"Nootan College of Pharmacy, Kavathe-mahankal, Sangli",Pharmacy,NTB,CAP Round I,2025-26,10,1
06886,"Nootan College of Pharmacy, Kavathe-mahankal, Sangli",Pharmacy,NTC,CAP Round I,2025-26,10,1
06886,"Nootan College of Pharmacy, Kavathe-mahankal, Sangli",Pharmacy,NTD,CAP Round I,2025-26,10,1
06886,"Nootan College of Pharmacy, Kavathe-mahankal, Sangli",Pharmacy,OBC,CAP Round I,2025-26,10,5
06886,"Nootan College of Pharmacy, Kavathe-mahankal, Sangli",Pharmacy,SEBC,CAP Round I,2025-26,10,3
06886,"Nootan College of Pharmacy, Kavathe-mahankal, Sangli",Pharmacy,PWD,CAP Round I,2025-26,10,1
06886,"Nootan College of Pharmacy, Kavathe-mahankal, Sangli",Pharmacy,DEF,CAP Round I,2025-26,10,1
06886,"Nootan College of Pharmacy, Kavathe-mahankal, Sangli",Pharmacy,EWS,CAP Round I,2025-26,10,2
06890,"Teerthankar Education Society's Dr. Shivajirao Kadam College of B.Pharmacy, Kasbe Digraj Sangli",Pharmacy,OPEN,CAP Round I,2025-26,10,11
06890,"Teerthankar Education Society's Dr. Shivajirao Kadam College of B.Pharmacy, Kasbe Digraj Sangli",Pharmacy,SC,CAP Round I,2025-26,10,3
06890,"Teerthankar Education Society's Dr. Shivajirao Kadam College of B.Pharmacy, Kasbe Digraj Sangli",Pharmacy,ST,CAP Round I,2025-26,10,2
06890,"Teerthankar Education Society's Dr. Shivajirao Kadam College of B.Pharmacy, Kasbe Digraj Sangli",Pharmacy,NTB,CAP Round I,2025-26,10,1
06890,"Teerthankar Education Society's Dr. Shivajirao Kadam College of B.Pharmacy, Kasbe Digraj Sangli",Pharmacy,NTC,CAP Round I,2025-26,10,1
06890,"Teerthankar Education Society's Dr. Shivajirao Kadam College of B.Pharmacy, Kasbe Digraj Sangli",Pharmacy,OBC,CAP Round I,2025-26,10,5
06890,"Teerthankar Education Society's Dr. Shivajirao Kadam College of B.Pharmacy, Kasbe Digraj Sangli",Pharmacy,SEBC,CAP Round I,2025-26,10,2
06890,"Teerthankar Education Society's Dr. Shivajirao Kadam College of B.Pharmacy, Kasbe Digraj Sangli",Pharmacy,PWD,CAP Round I,2025-26,10,1
06890,"Teerthankar Education Society's Dr. Shivajirao Kadam College of B.Pharmacy, Kasbe Digraj Sangli",Pharmacy,DEF,CAP Round I,2025-26,10,1
06890,"Teerthankar Education Society's Dr. Shivajirao Kadam College of B.Pharmacy, Kasbe Digraj Sangli",Pharmacy,EWS,CAP Round I,2025-26,10,1
06891,"Eklavya College of Pharmacy, Tasgaon , Sangli",Pharmacy,OPEN,CAP Round I,2025-26,6,9
06891,"Eklavya College of Pharmacy, Tasgaon , Sangli",Pharmacy,SC,CAP Round I,2025-26,6,3
06891,"Eklavya College of Pharmacy, Tasgaon , Sangli",Pharmacy,ST,CAP Round I,2025-26,6,2
06891,"Eklavya College of Pharmacy, Tasgaon , Sangli",Pharmacy,NTB,CAP Round I,2025-26,6,1
06891,"Eklavya College of Pharmacy, Tasgaon , Sangli",Pharmacy,NTC,CAP Round I,2025-26,6,1
06891,"Eklavya College of Pharmacy, Tasgaon , Sangli",Pharmacy,OBC,CAP Round I,2025-26,6,4
06891,"Eklavya College of Pharmacy, Tasgaon , Sangli",Pharmacy,SEBC,CAP Round I,2025-26,6,2
06891,"Eklavya College of Pharmacy, Tasgaon , Sangli",Pharmacy,PWD,CAP Round I,2025-26,6,1
06891,"Eklavya College of Pharmacy, Tasgaon , Sangli",Pharmacy,DEF,CAP Round I,2025-26,6,1
06891,"Eklavya College of Pharmacy, Tasgaon , Sangli",Pharmacy,EWS,CAP Round I,2025-26,6,6
06893,"Sant Dnyaneshwar Shikshan Sanstha, Annasaheb Dange College of B.Pharmacy, Ashta, Sangli",Pharmacy,OPEN,CAP Round I,2025-26,10,7
06893,"Sant Dnyaneshwar Shikshan Sanstha, Annasaheb Dange College of B.Pharmacy, Ashta, Sangli",Pharmacy,SC,CAP Round I,2025-26,10,3
06893,"Sant Dnyaneshwar Shikshan Sanstha, Annasaheb Dange College of B.Pharmacy, Ashta, Sangli",Pharmacy,ST,CAP Round I,2025-26,10,1
06893,"Sant Dnyaneshwar Shikshan Sanstha, Annasaheb Dange College of B.Pharmacy, Ashta, Sangli",Pharmacy,VJ/DT,CAP Round I,2025-26,10,1
06893,"Sant Dnyaneshwar Shikshan Sanstha, Annasaheb Dange College of B.Pharmacy, Ashta, Sangli",Pharmacy,NTC,CAP Round I,2025-26,10,1
06893,"Sant Dnyaneshwar Shikshan Sanstha, Annasaheb Dange College of B.Pharmacy, Ashta, Sangli",Pharmacy,OBC,CAP Round I,2025-26,10,3
06893,"Sant Dnyaneshwar Shikshan Sanstha, Annasaheb Dange College of B.Pharmacy, Ashta, Sangli",Pharmacy,SEBC,CAP Round I,2025-26,10,2
06893,"Sant Dnyaneshwar Shikshan Sanstha, Annasaheb Dange College of B.Pharmacy, Ashta, Sangli",Pharmacy,PWD,CAP Round I,2025-26,10,1
06893,"Sant Dnyaneshwar Shikshan Sanstha, Annasaheb Dange College of B.Pharmacy, Ashta, Sangli",Pharmacy,DEF,CAP Round I,2025-26,10,1
06893,"Sant Dnyaneshwar Shikshan Sanstha, Annasaheb Dange College of B.Pharmacy, Ashta, Sangli",Pharmacy,EWS,CAP Round I,2025-26,10,2
06900,"Yashwant Redekar College Of Pharmacy B. Pharm. And D. Pharm., Nesari",Pharmacy,OPEN,CAP Round I,2025-26,10,34
06900,"Yashwant Redekar College Of Pharmacy B. Pharm. And D. Pharm., Nesari",Pharmacy,SC,CAP Round I,2025-26,10,13
06900,"Yashwant Redekar College Of Pharmacy B. Pharm. And D. Pharm., Nesari",Pharmacy,ST,CAP Round I,2025-26,10,7
06900,"Yashwant Redekar College Of Pharmacy B. Pharm. And D. Pharm., Nesari",Pharmacy,VJ/DT,CAP Round I,2025-26,10,3
06900,"Yashwant Redekar College Of Pharmacy B. Pharm. And D. Pharm., Nesari",Pharmacy,NTB,CAP Round I,2025-26,10,2
06900,"Yashwant Redekar College Of Pharmacy B. Pharm. And D. Pharm., Nesari",Pharmacy,NTC,CAP Round I,2025-26,10,4
06900,"Yashwant Redekar College Of Pharmacy B. Pharm. And D. Pharm., Nesari",Pharmacy,NTD,CAP Round I,2025-26,10,2
06900,"Yashwant Redekar College Of Pharmacy B. Pharm. And D. Pharm., Nesari",Pharmacy,OBC,CAP Round I,2025-26,10,18
06900,"Yashwant Redekar College Of Pharmacy B. Pharm. And D. Pharm., Nesari",Pharmacy,SEBC,CAP Round I,2025-26,10,10
06900,"Yashwant Redekar College Of Pharmacy B. Pharm. And D. Pharm., Nesari",Pharmacy,PWD,CAP Round I,2025-26,10,7
06900,"Yashwant Redekar College Of Pharmacy B. Pharm. And D. Pharm., Nesari",Pharmacy,DEF,CAP Round I,2025-26,10,7
06900,"Yashwant Redekar College Of Pharmacy B. Pharm. And D. Pharm., Nesari",Pharmacy,EWS,CAP Round I,2025-26,10,10
06902,Indrayani Vidya Mandir's Krishnarao Bhegade Institute of Pharamaceutical Education & Research,Pharmacy,OPEN,CAP Round I,2025-26,10,11
06902,Indrayani Vidya Mandir's Krishnarao Bhegade Institute of Pharamaceutical Education & Research,Pharmacy,SC,CAP Round I,2025-26,10,4
06902,Indrayani Vidya Mandir's Krishnarao Bhegade Institute of Pharamaceutical Education & Research,Pharmacy,ST,CAP Round I,2025-26,10,2
06902,Indrayani Vidya Mandir's Krishnarao Bhegade Institute of Pharamaceutical Education & Research,Pharmacy,VJ/DT,CAP Round I,2025-26,10,1
06902,Indrayani Vidya Mandir's Krishnarao Bhegade Institute of Pharamaceutical Education & Research,Pharmacy,NTB,CAP Round I,2025-26,10,1
06902,Indrayani Vidya Mandir's Krishnarao Bhegade Institute of Pharamaceutical Education & Research,Pharmacy,NTC,CAP Round I,2025-26,10,1
06902,Indrayani Vidya Mandir's Krishnarao Bhegade Institute of Pharamaceutical Education & Research,Pharmacy,NTD,CAP Round I,2025-26,10,1
06902,Indrayani Vidya Mandir's Krishnarao Bhegade Institute of Pharamaceutical Education & Research,Pharmacy,OBC,CAP Round I,2025-26,10,6
06902,Indrayani Vidya Mandir's Krishnarao Bhegade Institute of Pharamaceutical Education & Research,Pharmacy,SEBC,CAP Round I,2025-26,10,3
06902,Indrayani Vidya Mandir's Krishnarao Bhegade Institute of Pharamaceutical Education & Research,Pharmacy,PWD,CAP Round I,2025-26,10,3
06902,Indrayani Vidya Mandir's Krishnarao Bhegade Institute of Pharamaceutical Education & Research,Pharmacy,DEF,CAP Round I,2025-26,10,3
06902,Indrayani Vidya Mandir's Krishnarao Bhegade Institute of Pharamaceutical Education & Research,Pharmacy,EWS,CAP Round I,2025-26,10,11
06904,"Anandi Pharmacy College, Kalambe Tarf Kale",Pharmacy,OPEN,CAP Round I,2025-26,10,16
06904,"Anandi Pharmacy College, Kalambe Tarf Kale",Pharmacy,SC,CAP Round I,2025-26,10,6
06904,"Anandi Pharmacy College, Kalambe Tarf Kale",Pharmacy,ST,CAP Round I,2025-26,10,3
06904,"Anandi Pharmacy College, Kalambe Tarf Kale",Pharmacy,VJ/DT,CAP Round I,2025-26,10,2
06904,"Anandi Pharmacy College, Kalambe Tarf Kale",Pharmacy,NTB,CAP Round I,2025-26,10,1
06904,"Anandi Pharmacy College, Kalambe Tarf Kale",Pharmacy,NTC,CAP Round I,2025-26,10,2
06904,"Anandi Pharmacy College, Kalambe Tarf Kale",Pharmacy,NTD,CAP Round I,2025-26,10,1
06904,"Anandi Pharmacy College, Kalambe Tarf Kale",Pharmacy,OBC,CAP Round I,2025-26,10,9
06904,"Anandi Pharmacy College, Kalambe Tarf Kale",Pharmacy,SEBC,CAP Round I,2025-26,10,4
06904,"Anandi Pharmacy College, Kalambe Tarf Kale",Pharmacy,PWD,CAP Round I,2025-26,10,3
06904,"Anandi Pharmacy College, Kalambe Tarf Kale",Pharmacy,DEF,CAP Round I,2025-26,10,3
06904,"Anandi Pharmacy College, Kalambe Tarf Kale",Pharmacy,EWS,CAP Round I,2025-26,10,10
06905,"Navsahyadri Institute of Pharmacy, Naigaon( Nasarapur), Pune",Pharmacy,OPEN,CAP Round I,2025-26,10,7
06905,"Navsahyadri Institute of Pharmacy, Naigaon( Nasarapur), Pune",Pharmacy,SC,CAP Round I,2025-26,10,2
06905,"Navsahyadri Institute of Pharmacy, Naigaon( Nasarapur), Pune",Pharmacy,ST,CAP Round I,2025-26,10,1
06905,"Navsahyadri Institute of Pharmacy, Naigaon( Nasarapur), Pune",Pharmacy,VJ/DT,CAP Round I,2025-26,10,1
06905,"Navsahyadri Institute of Pharmacy, Naigaon( Nasarapur), Pune",Pharmacy,NTC,CAP Round I,2025-26,10,1
06905,"Navsahyadri Institute of Pharmacy, Naigaon( Nasarapur), Pune",Pharmacy,OBC,CAP Round I,2025-26,10,3
06905,"Navsahyadri Institute of Pharmacy, Naigaon( Nasarapur), Pune",Pharmacy,SEBC,CAP Round I,2025-26,10,2
06905,"Navsahyadri Institute of Pharmacy, Naigaon( Nasarapur), Pune",Pharmacy,PWD,CAP Round I,2025-26,10,1
06905,"Navsahyadri Institute of Pharmacy, Naigaon( Nasarapur), Pune",Pharmacy,DEF,CAP Round I,2025-26,10,1
06905,"Navsahyadri Institute of Pharmacy, Naigaon( Nasarapur), Pune",Pharmacy,EWS,CAP Round I,2025-26,10,9
06906,"Delight College of Pharmacy, Koregaon Bhima",Pharmacy,OPEN,CAP Round I,2025-26,6,19
06907,"Sarogini College of Pharmacy, Kolhapur",Pharmacy,OPEN,CAP Round I,2025-26,10,11
06907,"Sarogini College of Pharmacy, Kolhapur",Pharmacy,SC,CAP Round I,2025-26,10,4
06907,"Sarogini College of Pharmacy, Kolhapur",Pharmacy,ST,CAP Round I,2025-26,10,2
06907,"Sarogini College of Pharmacy, Kolhapur",Pharmacy,VJ/DT,CAP Round I,2025-26,10,1
06907,"Sarogini College of Pharmacy, Kolhapur",Pharmacy,NTB,CAP Round I,2025-26,10,1
06907,"Sarogini College of Pharmacy, Kolhapur",Pharmacy,NTC,CAP Round I,2025-26,10,2
06907,"Sarogini College of Pharmacy, Kolhapur",Pharmacy,NTD,CAP Round I,2025-26,10,1
06907,"Sarogini College of Pharmacy, Kolhapur",Pharmacy,OBC,CAP Round I,2025-26,10,6
06907,"Sarogini College of Pharmacy, Kolhapur",Pharmacy,SEBC,CAP Round I,2025-26,10,3
06907,"Sarogini College of Pharmacy, Kolhapur",Pharmacy,PWD,CAP Round I,2025-26,10,3
06907,"Sarogini College of Pharmacy, Kolhapur",Pharmacy,DEF,CAP Round I,2025-26,10,3
06907,"Sarogini College of Pharmacy, Kolhapur",Pharmacy,EWS,CAP Round I,2025-26,10,8
06908,"Ashokrao Mane Institute of Pharmaceutical Science and Research, Save",Pharmacy,OPEN,CAP Round I,2025-26,10,30
06908,"Ashokrao Mane Institute of Pharmaceutical Science and Research, Save",Pharmacy,SC,CAP Round I,2025-26,10,10
06908,"Ashokrao Mane Institute of Pharmaceutical Science and Research, Save",Pharmacy,ST,CAP Round I,2025-26,10,6
06908,"Ashokrao Mane Institute of Pharmaceutical Science and Research, Save",Pharmacy,VJ/DT,CAP Round I,2025-26,10,3
06908,"Ashokrao Mane Institute of Pharmaceutical Science and Research, Save",Pharmacy,NTB,CAP Round I,2025-26,10,2
06908,"Ashokrao Mane Institute of Pharmaceutical Science and Research, Save",Pharmacy,NTC,CAP Round I,2025-26,10,3
06908,"Ashokrao Mane Institute of Pharmaceutical Science and Research, Save",Pharmacy,NTD,CAP Round I,2025-26,10,2
06908,"Ashokrao Mane Institute of Pharmaceutical Science and Research, Save",Pharmacy,OBC,CAP Round I,2025-26,10,16
06908,"Ashokrao Mane Institute of Pharmaceutical Science and Research, Save",Pharmacy,SEBC,CAP Round I,2025-26,10,8
06908,"Ashokrao Mane Institute of Pharmaceutical Science and Research, Save",Pharmacy,PWD,CAP Round I,2025-26,10,6
06908,"Ashokrao Mane Institute of Pharmaceutical Science and Research, Save",Pharmacy,DEF,CAP Round I,2025-26,10,6
06908,"Ashokrao Mane Institute of Pharmaceutical Science and Research, Save",Pharmacy,EWS,CAP Round I,2025-26,10,3
06909,"Y.D. Mane Institute of Pharmacy, Kagal, Kolhapur",Pharmacy,OPEN,CAP Round I,2025-26,6,11
06909,"Y.D. Mane Institute of Pharmacy, Kagal, Kolhapur",Pharmacy,SC,CAP Round I,2025-26,6,3
06909,"Y.D. Mane Institute of Pharmacy, Kagal, Kolhapur",Pharmacy,ST,CAP Round I,2025-26,6,2
06909,"Y.D. Mane Institute of Pharmacy, Kagal, Kolhapur",Pharmacy,VJ/DT,CAP Round I,2025-26,6,1
06909,"Y.D. Mane Institute of Pharmacy, Kagal, Kolhapur",Pharmacy,NTB,CAP Round I,2025-26,6,1
06909,"Y.D. Mane Institute of Pharmacy, Kagal, Kolhapur",Pharmacy,NTC,CAP Round I,2025-26,6,1
06909,"Y.D. Mane Institute of Pharmacy, Kagal, Kolhapur",Pharmacy,NTD,CAP Round I,2025-26,6,1
06909,"Y.D. Mane Institute of Pharmacy, Kagal, Kolhapur",Pharmacy,OBC,CAP Round I,2025-26,6,5
06909,"Y.D. Mane Institute of Pharmacy, Kagal, Kolhapur",Pharmacy,SEBC,CAP Round I,2025-26,6,3
06909,"Y.D. Mane Institute of Pharmacy, Kagal, Kolhapur",Pharmacy,PWD,CAP Round I,2025-26,6,1
06909,"Y.D. Mane Institute of Pharmacy, Kagal, Kolhapur",Pharmacy,DEF,CAP Round I,2025-26,6,1
06909,"Y.D. Mane Institute of Pharmacy, Kagal, Kolhapur",Pharmacy,EWS,CAP Round I,2025-26,6,6
06910,"Samarth Institute of Pharmacy, Belhe , Junnar",Pharmacy,OPEN,CAP Round I,2025-26,10,17
06910,"Samarth Institute of Pharmacy, Belhe , Junnar",Pharmacy,SC,CAP Round I,2025-26,10,6
06910,"Samarth Institute of Pharmacy, Belhe , Junnar",Pharmacy,ST,CAP Round I,2025-26,10,3
06910,"Samarth Institute of Pharmacy, Belhe , Junnar",Pharmacy,VJ/DT,CAP Round I,2025-26,10,2
06910,"Samarth Institute of Pharmacy, Belhe , Junnar",Pharmacy,NTB,CAP Round I,2025-26,10,1
06910,"Samarth Institute of Pharmacy, Belhe , Junnar",Pharmacy,NTC,CAP Round I,2025-26,10,2
06910,"Samarth Institute of Pharmacy, Belhe , Junnar",Pharmacy,NTD,CAP Round I,2025-26,10,1
06910,"Samarth Institute of Pharmacy, Belhe , Junnar",Pharmacy,OBC,CAP Round I,2025-26,10,9
06910,"Samarth Institute of Pharmacy, Belhe , Junnar",Pharmacy,SEBC,CAP Round I,2025-26,10,4
06910,"Samarth Institute of Pharmacy, Belhe , Junnar",Pharmacy,PWD,CAP Round I,2025-26,10,3
06910,"Samarth Institute of Pharmacy, Belhe , Junnar",Pharmacy,DEF,CAP Round I,2025-26,10,3
06910,"Samarth Institute of Pharmacy, Belhe , Junnar",Pharmacy,EWS,CAP Round I,2025-26,10,11
06914,"Institute of Pharmaceutical Science & Research for Girls, (Bhigwan), Daund",Pharmacy,OPEN,CAP Round I,2025-26,10,24
06914,"Institute of Pharmaceutical Science & Research for Girls, (Bhigwan), Daund",Pharmacy,SC,CAP Round I,2025-26,10,9
06914,"Institute of Pharmaceutical Science & Research for Girls, (Bhigwan), Daund",Pharmacy,ST,CAP Round I,2025-26,10,5
06914,"Institute of Pharmaceutical Science & Research for Girls, (Bhigwan), Daund",Pharmacy,VJ/DT,CAP Round I,2025-26,10,2
06914,"Institute of Pharmaceutical Science & Research for Girls, (Bhigwan), Daund",Pharmacy,NTB,CAP Round I,2025-26,10,2
06914,"Institute of Pharmaceutical Science & Research for Girls, (Bhigwan), Daund",Pharmacy,NTC,CAP Round I,2025-26,10,2
06914,"Institute of Pharmaceutical Science & Research for Girls, (Bhigwan), Daund",Pharmacy,NTD,CAP Round I,2025-26,10,2
06914,"Institute of Pharmaceutical Science & Research for Girls, (Bhigwan), Daund",Pharmacy,OBC,CAP Round I,2025-26,10,13
06914,"Institute of Pharmaceutical Science & Research for Girls, (Bhigwan), Daund",Pharmacy,SEBC,CAP Round I,2025-26,10,7
06914,"Institute of Pharmaceutical Science & Research for Girls, (Bhigwan), Daund",Pharmacy,PWD,CAP Round I,2025-26,10,4
06914,"Institute of Pharmaceutical Science & Research for Girls, (Bhigwan), Daund",Pharmacy,DEF,CAP Round I,2025-26,10,4
06914,"Institute of Pharmaceutical Science & Research for Girls, (Bhigwan), Daund",Pharmacy,EWS,CAP Round I,2025-26,10,10
06915,"Dnyanvilas College of Pharmacy, Dudulgaon Tal Haveli Dist Pune",Pharmacy,OPEN,CAP Round I,2025-26,10,11
06915,"Dnyanvilas College of Pharmacy, Dudulgaon Tal Haveli Dist Pune",Pharmacy,SC,CAP Round I,2025-26,10,4
06915,"Dnyanvilas College of Pharmacy, Dudulgaon Tal Haveli Dist Pune",Pharmacy,ST,CAP Round I,2025-26,10,2
06915,"Dnyanvilas College of Pharmacy, Dudulgaon Tal Haveli Dist Pune",Pharmacy,VJ/DT,CAP Round I,2025-26,10,1
06915,"Dnyanvilas College of Pharmacy, Dudulgaon Tal Haveli Dist Pune",Pharmacy,NTB,CAP Round I,2025-26,10,1
06915,"Dnyanvilas College of Pharmacy, Dudulgaon Tal Haveli Dist Pune",Pharmacy,NTD,CAP Round I,2025-26,10,1
06915,"Dnyanvilas College of Pharmacy, Dudulgaon Tal Haveli Dist Pune",Pharmacy,OBC,CAP Round I,2025-26,10,5
06915,"Dnyanvilas College of Pharmacy, Dudulgaon Tal Haveli Dist Pune",Pharmacy,SEBC,CAP Round I,2025-26,10,3
06915,"Dnyanvilas College of Pharmacy, Dudulgaon Tal Haveli Dist Pune",Pharmacy,PWD,CAP Round I,2025-26,10,1
06915,"Dnyanvilas College of Pharmacy, Dudulgaon Tal Haveli Dist Pune",Pharmacy,DEF,CAP Round I,2025-26,10,1
06915,"Dnyanvilas College of Pharmacy, Dudulgaon Tal Haveli Dist Pune",Pharmacy,EWS,CAP Round I,2025-26,10,11
06923,"Padmini College of Pharmacy, Atpadi, Sangli",Pharmacy,OPEN,CAP Round I,2025-26,6,5
06923,"Padmini College of Pharmacy, Atpadi, Sangli",Pharmacy,SC,CAP Round I,2025-26,6,1
06923,"Padmini College of Pharmacy, Atpadi, Sangli",Pharmacy,ST,CAP Round I,2025-26,6,1
06923,"Padmini College of Pharmacy, Atpadi, Sangli",Pharmacy,VJ/DT,CAP Round I,2025-26,6,1
06923,"Padmini College of Pharmacy, Atpadi, Sangli",Pharmacy,NTC,CAP Round I,2025-26,6,1
06923,"Padmini College of Pharmacy, Atpadi, Sangli",Pharmacy,OBC,CAP Round I,2025-26,6,3
06923,"Padmini College of Pharmacy, Atpadi, Sangli",Pharmacy,SEBC,CAP Round I,2025-26,6,1
06923,"Padmini College of Pharmacy, Atpadi, Sangli",Pharmacy,PWD,CAP Round I,2025-26,6,1
06923,"Padmini College of Pharmacy, Atpadi, Sangli",Pharmacy,DEF,CAP Round I,2025-26,6,1
06923,"Padmini College of Pharmacy, Atpadi, Sangli",Pharmacy,EWS,CAP Round I,2025-26,6,5
06927,S.S.P Shikshan Sansthas Siddhi College Of Pharmacy,Pharmacy,OPEN,CAP Round I,2025-26,10,24
06930,"Delonix Society's Baramati College Of Pharmacy, Barhanpur",Pharmacy,OPEN,CAP Round I,2025-26,10,5
06930,"Delonix Society's Baramati College Of Pharmacy, Barhanpur",Pharmacy,SC,CAP Round I,2025-26,10,2
06930,"Delonix Society's Baramati College Of Pharmacy, Barhanpur",Pharmacy,ST,CAP Round I,2025-26,10,1
06930,"Delonix Society's Baramati College Of Pharmacy, Barhanpur",Pharmacy,VJ/DT,CAP Round I,2025-26,10,1
06930,"Delonix Society's Baramati College Of Pharmacy, Barhanpur",Pharmacy,NTC,CAP Round I,2025-26,10,1
06930,"Delonix Society's Baramati College Of Pharmacy, Barhanpur",Pharmacy,OBC,CAP Round I,2025-26,10,3
06930,"Delonix Society's Baramati College Of Pharmacy, Barhanpur",Pharmacy,SEBC,CAP Round I,2025-26,10,1
06930,"Delonix Society's Baramati College Of Pharmacy, Barhanpur",Pharmacy,PWD,CAP Round I,2025-26,10,1
06930,"Delonix Society's Baramati College Of Pharmacy, Barhanpur",Pharmacy,DEF,CAP Round I,2025-26,10,1
06930,"Delonix Society's Baramati College Of Pharmacy, Barhanpur",Pharmacy,EWS,CAP Round I,2025-26,10,8
06931,"Samarth College Of Pharmacy, A/P Belhe, Bangarwadi",Pharmacy,OPEN,CAP Round I,2025-26,10,20
06931,"Samarth College Of Pharmacy, A/P Belhe, Bangarwadi",Pharmacy,SC,CAP Round I,2025-26,10,7
06931,"Samarth College Of Pharmacy, A/P Belhe, Bangarwadi",Pharmacy,ST,CAP Round I,2025-26,10,4
06931,"Samarth College Of Pharmacy, A/P Belhe, Bangarwadi",Pharmacy,VJ/DT,CAP Round I,2025-26,10,1
06931,"Samarth College Of Pharmacy, A/P Belhe, Bangarwadi",Pharmacy,NTB,CAP Round I,2025-26,10,2
06931,"Samarth College Of Pharmacy, A/P Belhe, Bangarwadi",Pharmacy,NTC,CAP Round I,2025-26,10,2
06931,"Samarth College Of Pharmacy, A/P Belhe, Bangarwadi",Pharmacy,NTD,CAP Round I,2025-26,10,1
06931,"Samarth College Of Pharmacy, A/P Belhe, Bangarwadi",Pharmacy,OBC,CAP Round I,2025-26,10,10
06931,"Samarth College Of Pharmacy, A/P Belhe, Bangarwadi",Pharmacy,SEBC,CAP Round I,2025-26,10,5
06931,"Samarth College Of Pharmacy, A/P Belhe, Bangarwadi",Pharmacy,PWD,CAP Round I,2025-26,10,4
06931,"Samarth College Of Pharmacy, A/P Belhe, Bangarwadi",Pharmacy,DEF,CAP Round I,2025-26,10,4
06931,"Samarth College Of Pharmacy, A/P Belhe, Bangarwadi",Pharmacy,EWS,CAP Round I,2025-26,10,11
06932,Dr Bapuji Salunkhe Institute Of Pharmacy Miraj,Pharmacy,OPEN,CAP Round I,2025-26,6,10
06932,Dr Bapuji Salunkhe Institute Of Pharmacy Miraj,Pharmacy,SC,CAP Round I,2025-26,6,3
06932,Dr Bapuji Salunkhe Institute Of Pharmacy Miraj,Pharmacy,ST,CAP Round I,2025-26,6,2
06932,Dr Bapuji Salunkhe Institute Of Pharmacy Miraj,Pharmacy,VJ/DT,CAP Round I,2025-26,6,1
06932,Dr Bapuji Salunkhe Institute Of Pharmacy Miraj,Pharmacy,NTD,CAP Round I,2025-26,6,1
06932,Dr Bapuji Salunkhe Institute Of Pharmacy Miraj,Pharmacy,OBC,CAP Round I,2025-26,6,5
06932,Dr Bapuji Salunkhe Institute Of Pharmacy Miraj,Pharmacy,SEBC,CAP Round I,2025-26,6,2
06932,Dr Bapuji Salunkhe Institute Of Pharmacy Miraj,Pharmacy,PWD,CAP Round I,2025-26,6,1
06932,Dr Bapuji Salunkhe Institute Of Pharmacy Miraj,Pharmacy,DEF,CAP Round I,2025-26,6,1
06932,Dr Bapuji Salunkhe Institute Of Pharmacy Miraj,Pharmacy,EWS,CAP Round I,2025-26,6,1
06934,Pune District Education Associations College Of Pharmacy Hadapsar Pune,Pharmacy,OPEN,CAP Round I,2025-26,6,6
06934,Pune District Education Associations College Of Pharmacy Hadapsar Pune,Pharmacy,SC,CAP Round I,2025-26,6,1
06934,Pune District Education Associations College Of Pharmacy Hadapsar Pune,Pharmacy,ST,CAP Round I,2025-26,6,1
06934,Pune District Education Associations College Of Pharmacy Hadapsar Pune,Pharmacy,VJ/DT,CAP Round I,2025-26,6,1
06934,Pune District Education Associations College Of Pharmacy Hadapsar Pune,Pharmacy,NTC,CAP Round I,2025-26,6,1
06934,Pune District Education Associations College Of Pharmacy Hadapsar Pune,Pharmacy,OBC,CAP Round I,2025-26,6,3
06934,Pune District Education Associations College Of Pharmacy Hadapsar Pune,Pharmacy,SEBC,CAP Round I,2025-26,6,1
06934,Pune District Education Associations College Of Pharmacy Hadapsar Pune,Pharmacy,PWD,CAP Round I,2025-26,6,1
06934,Pune District Education Associations College Of Pharmacy Hadapsar Pune,Pharmacy,DEF,CAP Round I,2025-26,6,1
06934,Pune District Education Associations College Of Pharmacy Hadapsar Pune,Pharmacy,EWS,CAP Round I,2025-26,6,5
06935,"Lokmangal College Of Pharmacy, Wadala",Pharmacy,OPEN,CAP Round I,2025-26,10,15
06935,"Lokmangal College Of Pharmacy, Wadala",Pharmacy,SC,CAP Round I,2025-26,10,6
06935,"Lokmangal College Of Pharmacy, Wadala",Pharmacy,ST,CAP Round I,2025-26,10,3
06935,"Lokmangal College Of Pharmacy, Wadala",Pharmacy,VJ/DT,CAP Round I,2025-26,10,1
06935,"Lokmangal College Of Pharmacy, Wadala",Pharmacy,NTB,CAP Round I,2025-26,10,1
06935,"Lokmangal College Of Pharmacy, Wadala",Pharmacy,NTC,CAP Round I,2025-26,10,2
06935,"Lokmangal College Of Pharmacy, Wadala",Pharmacy,NTD,CAP Round I,2025-26,10,1
06935,"Lokmangal College Of Pharmacy, Wadala",Pharmacy,OBC,CAP Round I,2025-26,10,8
06935,"Lokmangal College Of Pharmacy, Wadala",Pharmacy,SEBC,CAP Round I,2025-26,10,4
06935,"Lokmangal College Of Pharmacy, Wadala",Pharmacy,PWD,CAP Round I,2025-26,10,3
06935,"Lokmangal College Of Pharmacy, Wadala",Pharmacy,DEF,CAP Round I,2025-26,10,3
06935,"Lokmangal College Of Pharmacy, Wadala",Pharmacy,EWS,CAP Round I,2025-26,10,7
06936,Krishna Foundations Jaywant Institute Of Pharmacy Wathar Tal Karad.,Pharmacy,OPEN,CAP Round I,2025-26,10,19
06936,Krishna Foundations Jaywant Institute Of Pharmacy Wathar Tal Karad.,Pharmacy,SC,CAP Round I,2025-26,10,6
06936,Krishna Foundations Jaywant Institute Of Pharmacy Wathar Tal Karad.,Pharmacy,ST,CAP Round I,2025-26,10,3
06936,Krishna Foundations Jaywant Institute Of Pharmacy Wathar Tal Karad.,Pharmacy,VJ/DT,CAP Round I,2025-26,10,2
06936,Krishna Foundations Jaywant Institute Of Pharmacy Wathar Tal Karad.,Pharmacy,NTB,CAP Round I,2025-26,10,1
06936,Krishna Foundations Jaywant Institute Of Pharmacy Wathar Tal Karad.,Pharmacy,NTC,CAP Round I,2025-26,10,2
06936,Krishna Foundations Jaywant Institute Of Pharmacy Wathar Tal Karad.,Pharmacy,NTD,CAP Round I,2025-26,10,1
06936,Krishna Foundations Jaywant Institute Of Pharmacy Wathar Tal Karad.,Pharmacy,OBC,CAP Round I,2025-26,10,9
06936,Krishna Foundations Jaywant Institute Of Pharmacy Wathar Tal Karad.,Pharmacy,SEBC,CAP Round I,2025-26,10,5
06936,Krishna Foundations Jaywant Institute Of Pharmacy Wathar Tal Karad.,Pharmacy,PWD,CAP Round I,2025-26,10,3
06936,Krishna Foundations Jaywant Institute Of Pharmacy Wathar Tal Karad.,Pharmacy,DEF,CAP Round I,2025-26,10,3
06936,Krishna Foundations Jaywant Institute Of Pharmacy Wathar Tal Karad.,Pharmacy,EWS,CAP Round I,2025-26,10,10
06937,"Fabtech College Of Pharmacy, Sangola",Pharmacy,OPEN,CAP Round I,2025-26,10,9
06937,"Fabtech College Of Pharmacy, Sangola",Pharmacy,SC,CAP Round I,2025-26,10,3
06937,"Fabtech College Of Pharmacy, Sangola",Pharmacy,ST,CAP Round I,2025-26,10,2
06937,"Fabtech College Of Pharmacy, Sangola",Pharmacy,VJ/DT,CAP Round I,2025-26,10,1
06937,"Fabtech College Of Pharmacy, Sangola",Pharmacy,NTB,CAP Round I,2025-26,10,1
06937,"Fabtech College Of Pharmacy, Sangola",Pharmacy,NTC,CAP Round I,2025-26,10,1
06937,"Fabtech College Of Pharmacy, Sangola",Pharmacy,OBC,CAP Round I,2025-26,10,5
06937,"Fabtech College Of Pharmacy, Sangola",Pharmacy,SEBC,CAP Round I,2025-26,10,2
06937,"Fabtech College Of Pharmacy, Sangola",Pharmacy,PWD,CAP Round I,2025-26,10,1
06937,"Fabtech College Of Pharmacy, Sangola",Pharmacy,DEF,CAP Round I,2025-26,10,1
06937,"Fabtech College Of Pharmacy, Sangola",Pharmacy,EWS,CAP Round I,2025-26,10,10
06942,"School of Pharmacy and Research Centre, Baramati",Pharmacy,OPEN,CAP Round I,2025-26,10,8
06942,"School of Pharmacy and Research Centre, Baramati",Pharmacy,SC,CAP Round I,2025-26,10,3
06942,"School of Pharmacy and Research Centre, Baramati",Pharmacy,ST,CAP Round I,2025-26,10,1
06942,"School of Pharmacy and Research Centre, Baramati",Pharmacy,VJ/DT,CAP Round I,2025-26,10,1
06942,"School of Pharmacy and Research Centre, Baramati",Pharmacy,NTD,CAP Round I,2025-26,10,1
06942,"School of Pharmacy and Research Centre, Baramati",Pharmacy,OBC,CAP Round I,2025-26,10,3
06942,"School of Pharmacy and Research Centre, Baramati",Pharmacy,SEBC,CAP Round I,2025-26,10,2
06942,"School of Pharmacy and Research Centre, Baramati",Pharmacy,PWD,CAP Round I,2025-26,10,1
06942,"School of Pharmacy and Research Centre, Baramati",Pharmacy,DEF,CAP Round I,2025-26,10,1
06942,"School of Pharmacy and Research Centre, Baramati",Pharmacy,EWS,CAP Round I,2025-26,10,10
06943,"Vidya Niketan College Of Pharmacy, Lakhewadi",Pharmacy,OPEN,CAP Round I,2025-26,10,9
06943,"Vidya Niketan College Of Pharmacy, Lakhewadi",Pharmacy,SC,CAP Round I,2025-26,10,3
06943,"Vidya Niketan College Of Pharmacy, Lakhewadi",Pharmacy,ST,CAP Round I,2025-26,10,2
06943,"Vidya Niketan College Of Pharmacy, Lakhewadi",Pharmacy,VJ/DT,CAP Round I,2025-26,10,1
06943,"Vidya Niketan College Of Pharmacy, Lakhewadi",Pharmacy,NTB,CAP Round I,2025-26,10,1
06943,"Vidya Niketan College Of Pharmacy, Lakhewadi",Pharmacy,NTC,CAP Round I,2025-26,10,1
06943,"Vidya Niketan College Of Pharmacy, Lakhewadi",Pharmacy,OBC,CAP Round I,2025-26,10,5
06943,"Vidya Niketan College Of Pharmacy, Lakhewadi",Pharmacy,SEBC,CAP Round I,2025-26,10,2
06943,"Vidya Niketan College Of Pharmacy, Lakhewadi",Pharmacy,PWD,CAP Round I,2025-26,10,1
06943,"Vidya Niketan College Of Pharmacy, Lakhewadi",Pharmacy,DEF,CAP Round I,2025-26,10,1
06943,"Vidya Niketan College Of Pharmacy, Lakhewadi",Pharmacy,EWS,CAP Round I,2025-26,10,9
06951,Mandesh Institute Of Pharmaceutical Science And Research Centre Mhaswad,Pharmacy,OPEN,CAP Round I,2025-26,10,24
06951,Mandesh Institute Of Pharmaceutical Science And Research Centre Mhaswad,Pharmacy,SC,CAP Round I,2025-26,10,9
06951,Mandesh Institute Of Pharmaceutical Science And Research Centre Mhaswad,Pharmacy,ST,CAP Round I,2025-26,10,5
06951,Mandesh Institute Of Pharmaceutical Science And Research Centre Mhaswad,Pharmacy,VJ/DT,CAP Round I,2025-26,10,2
06951,Mandesh Institute Of Pharmaceutical Science And Research Centre Mhaswad,Pharmacy,NTB,CAP Round I,2025-26,10,2
06951,Mandesh Institute Of Pharmaceutical Science And Research Centre Mhaswad,Pharmacy,NTC,CAP Round I,2025-26,10,3
06951,Mandesh Institute Of Pharmaceutical Science And Research Centre Mhaswad,Pharmacy,NTD,CAP Round I,2025-26,10,1
06951,Mandesh Institute Of Pharmaceutical Science And Research Centre Mhaswad,Pharmacy,OBC,CAP Round I,2025-26,10,13
06951,Mandesh Institute Of Pharmaceutical Science And Research Centre Mhaswad,Pharmacy,SEBC,CAP Round I,2025-26,10,7
06951,Mandesh Institute Of Pharmaceutical Science And Research Centre Mhaswad,Pharmacy,PWD,CAP Round I,2025-26,10,4
06951,Mandesh Institute Of Pharmaceutical Science And Research Centre Mhaswad,Pharmacy,DEF,CAP Round I,2025-26,10,4
06951,Mandesh Institute Of Pharmaceutical Science And Research Centre Mhaswad,Pharmacy,EWS,CAP Round I,2025-26,10,9
06952,Mahadev Kanchan College Of Pharmaceutical Education And Research,Pharmacy,OPEN,CAP Round I,2025-26,10,24
06952,Mahadev Kanchan College Of Pharmaceutical Education And Research,Pharmacy,SC,CAP Round I,2025-26,10,10
06952,Mahadev Kanchan College Of Pharmaceutical Education And Research,Pharmacy,ST,CAP Round I,2025-26,10,5
06952,Mahadev Kanchan College Of Pharmaceutical Education And Research,Pharmacy,VJ/DT,CAP Round I,2025-26,10,3
06952,Mahadev Kanchan College Of Pharmaceutical Education And Research,Pharmacy,NTB,CAP Round I,2025-26,10,2
06952,Mahadev Kanchan College Of Pharmaceutical Education And Research,Pharmacy,NTC,CAP Round I,2025-26,10,3
06952,Mahadev Kanchan College Of Pharmaceutical Education And Research,Pharmacy,NTD,CAP Round I,2025-26,10,1
06952,Mahadev Kanchan College Of Pharmaceutical Education And Research,Pharmacy,OBC,CAP Round I,2025-26,10,14
06952,Mahadev Kanchan College Of Pharmaceutical Education And Research,Pharmacy,SEBC,CAP Round I,2025-26,10,7
06952,Mahadev Kanchan College Of Pharmaceutical Education And Research,Pharmacy,PWD,CAP Round I,2025-26,10,6
06952,Mahadev Kanchan College Of Pharmaceutical Education And Research,Pharmacy,DEF,CAP Round I,2025-26,10,6
06952,Mahadev Kanchan College Of Pharmaceutical Education And Research,Pharmacy,EWS,CAP Round I,2025-26,10,9
06953,Varvand Gram Shikshan Sansthas Eknath Sitaram Divekar College Of Pharmacy Varvand,Pharmacy,OPEN,CAP Round I,2025-26,6,16
06953,Varvand Gram Shikshan Sansthas Eknath Sitaram Divekar College Of Pharmacy Varvand,Pharmacy,SC,CAP Round I,2025-26,6,6
06953,Varvand Gram Shikshan Sansthas Eknath Sitaram Divekar College Of Pharmacy Varvand,Pharmacy,ST,CAP Round I,2025-26,6,3
06953,Varvand Gram Shikshan Sansthas Eknath Sitaram Divekar College Of Pharmacy Varvand,Pharmacy,VJ/DT,CAP Round I,2025-26,6,1
06953,Varvand Gram Shikshan Sansthas Eknath Sitaram Divekar College Of Pharmacy Varvand,Pharmacy,NTB,CAP Round I,2025-26,6,1
06953,Varvand Gram Shikshan Sansthas Eknath Sitaram Divekar College Of Pharmacy Varvand,Pharmacy,NTC,CAP Round I,2025-26,6,1
06953,Varvand Gram Shikshan Sansthas Eknath Sitaram Divekar College Of Pharmacy Varvand,Pharmacy,NTD,CAP Round I,2025-26,6,1
06953,Varvand Gram Shikshan Sansthas Eknath Sitaram Divekar College Of Pharmacy Varvand,Pharmacy,OBC,CAP Round I,2025-26,6,9
06953,Varvand Gram Shikshan Sansthas Eknath Sitaram Divekar College Of Pharmacy Varvand,Pharmacy,SEBC,CAP Round I,2025-26,6,4
06953,Varvand Gram Shikshan Sansthas Eknath Sitaram Divekar College Of Pharmacy Varvand,Pharmacy,PWD,CAP Round I,2025-26,6,3
06953,Varvand Gram Shikshan Sansthas Eknath Sitaram Divekar College Of Pharmacy Varvand,Pharmacy,DEF,CAP Round I,2025-26,6,3
06953,Varvand Gram Shikshan Sansthas Eknath Sitaram Divekar College Of Pharmacy Varvand,Pharmacy,EWS,CAP Round I,2025-26,6,1
06954,"Shri Ganpati Institute of Pharmaceutical Sciences and Research, Tembhurni",Pharmacy,OPEN,CAP Round I,2025-26,10,15
06954,"Shri Ganpati Institute of Pharmaceutical Sciences and Research, Tembhurni",Pharmacy,SC,CAP Round I,2025-26,10,6
06954,"Shri Ganpati Institute of Pharmaceutical Sciences and Research, Tembhurni",Pharmacy,ST,CAP Round I,2025-26,10,3
06954,"Shri Ganpati Institute of Pharmaceutical Sciences and Research, Tembhurni",Pharmacy,VJ/DT,CAP Round I,2025-26,10,1
06954,"Shri Ganpati Institute of Pharmaceutical Sciences and Research, Tembhurni",Pharmacy,NTB,CAP Round I,2025-26,10,1
06954,"Shri Ganpati Institute of Pharmaceutical Sciences and Research, Tembhurni",Pharmacy,NTC,CAP Round I,2025-26,10,1
06954,"Shri Ganpati Institute of Pharmaceutical Sciences and Research, Tembhurni",Pharmacy,NTD,CAP Round I,2025-26,10,1
06954,"Shri Ganpati Institute of Pharmaceutical Sciences and Research, Tembhurni",Pharmacy,OBC,CAP Round I,2025-26,10,8
06954,"Shri Ganpati Institute of Pharmaceutical Sciences and Research, Tembhurni",Pharmacy,SEBC,CAP Round I,2025-26,10,4
06954,"Shri Ganpati Institute of Pharmaceutical Sciences and Research, Tembhurni",Pharmacy,PWD,CAP Round I,2025-26,10,3
06954,"Shri Ganpati Institute of Pharmaceutical Sciences and Research, Tembhurni",Pharmacy,DEF,CAP Round I,2025-26,10,3
06954,"Shri Ganpati Institute of Pharmaceutical Sciences and Research, Tembhurni",Pharmacy,EWS,CAP Round I,2025-26,10,11
06956,Trinity College Of Pharmacy Pune,Pharmacy,OPEN,CAP Round I,2025-26,10,8
06956,Trinity College Of Pharmacy Pune,Pharmacy,SC,CAP Round I,2025-26,10,3
06956,Trinity College Of Pharmacy Pune,Pharmacy,ST,CAP Round I,2025-26,10,1
06956,Trinity College Of Pharmacy Pune,Pharmacy,VJ/DT,CAP Round I,2025-26,10,1
06956,Trinity College Of Pharmacy Pune,Pharmacy,NTC,CAP Round I,2025-26,10,1
06956,Trinity College Of Pharmacy Pune,Pharmacy,NTD,CAP Round I,2025-26,10,1
06956,Trinity College Of Pharmacy Pune,Pharmacy,OBC,CAP Round I,2025-26,10,4
06956,Trinity College Of Pharmacy Pune,Pharmacy,SEBC,CAP Round I,2025-26,10,2
06956,Trinity College Of Pharmacy Pune,Pharmacy,PWD,CAP Round I,2025-26,10,1
06956,Trinity College Of Pharmacy Pune,Pharmacy,DEF,CAP Round I,2025-26,10,1
06956,Trinity College Of Pharmacy Pune,Pharmacy,EWS,CAP Round I,2025-26,10,5
06957,"Ashokrao Mane Institute Of Pharmacy Ambap, Hatkanangle",Pharmacy,OPEN,CAP Round I,2025-26,10,15
06957,"Ashokrao Mane Institute Of Pharmacy Ambap, Hatkanangle",Pharmacy,SC,CAP Round I,2025-26,10,6
06957,"Ashokrao Mane Institute Of Pharmacy Ambap, Hatkanangle",Pharmacy,ST,CAP Round I,2025-26,10,3
06957,"Ashokrao Mane Institute Of Pharmacy Ambap, Hatkanangle",Pharmacy,VJ/DT,CAP Round I,2025-26,10,2
06957,"Ashokrao Mane Institute Of Pharmacy Ambap, Hatkanangle",Pharmacy,NTB,CAP Round I,2025-26,10,1
06957,"Ashokrao Mane Institute Of Pharmacy Ambap, Hatkanangle",Pharmacy,NTC,CAP Round I,2025-26,10,1
06957,"Ashokrao Mane Institute Of Pharmacy Ambap, Hatkanangle",Pharmacy,NTD,CAP Round I,2025-26,10,1
06957,"Ashokrao Mane Institute Of Pharmacy Ambap, Hatkanangle",Pharmacy,OBC,CAP Round I,2025-26,10,8
06957,"Ashokrao Mane Institute Of Pharmacy Ambap, Hatkanangle",Pharmacy,SEBC,CAP Round I,2025-26,10,5
06957,"Ashokrao Mane Institute Of Pharmacy Ambap, Hatkanangle",Pharmacy,PWD,CAP Round I,2025-26,10,3
06957,"Ashokrao Mane Institute Of Pharmacy Ambap, Hatkanangle",Pharmacy,DEF,CAP Round I,2025-26,10,3
06957,"Ashokrao Mane Institute Of Pharmacy Ambap, Hatkanangle",Pharmacy,EWS,CAP Round I,2025-26,10,8
06958,"Genesis Institute Of Pharmacy, Radhanagari",Pharmacy,OPEN,CAP Round I,2025-26,10,9
06958,"Genesis Institute Of Pharmacy, Radhanagari",Pharmacy,SC,CAP Round I,2025-26,10,3
06958,"Genesis Institute Of Pharmacy, Radhanagari",Pharmacy,ST,CAP Round I,2025-26,10,2
06958,"Genesis Institute Of Pharmacy, Radhanagari",Pharmacy,NTB,CAP Round I,2025-26,10,1
06958,"Genesis Institute Of Pharmacy, Radhanagari",Pharmacy,NTC,CAP Round I,2025-26,10,1
06958,"Genesis Institute Of Pharmacy, Radhanagari",Pharmacy,OBC,CAP Round I,2025-26,10,4
06958,"Genesis Institute Of Pharmacy, Radhanagari",Pharmacy,SEBC,CAP Round I,2025-26,10,2
06958,"Genesis Institute Of Pharmacy, Radhanagari",Pharmacy,PWD,CAP Round I,2025-26,10,1
06958,"Genesis Institute Of Pharmacy, Radhanagari",Pharmacy,DEF,CAP Round I,2025-26,10,1
06958,"Genesis Institute Of Pharmacy, Radhanagari",Pharmacy,EWS,CAP Round I,2025-26,10,10
06961,"Lokmanya Tilak Institute of Pharmaceutical Sciences, Pune",Pharmacy,OPEN,CAP Round I,2025-26,6,7
06961,"Lokmanya Tilak Institute of Pharmaceutical Sciences, Pune",Pharmacy,SC,CAP Round I,2025-26,6,2
06961,"Lokmanya Tilak Institute of Pharmaceutical Sciences, Pune",Pharmacy,ST,CAP Round I,2025-26,6,1
06961,"Lokmanya Tilak Institute of Pharmaceutical Sciences, Pune",Pharmacy,VJ/DT,CAP Round I,2025-26,6,1
06961,"Lokmanya Tilak Institute of Pharmaceutical Sciences, Pune",Pharmacy,NTC,CAP Round I,2025-26,6,1
06961,"Lokmanya Tilak Institute of Pharmaceutical Sciences, Pune",Pharmacy,OBC,CAP Round I,2025-26,6,3
06961,"Lokmanya Tilak Institute of Pharmaceutical Sciences, Pune",Pharmacy,SEBC,CAP Round I,2025-26,6,2
06961,"Lokmanya Tilak Institute of Pharmaceutical Sciences, Pune",Pharmacy,PWD,CAP Round I,2025-26,6,1
06961,"Lokmanya Tilak Institute of Pharmaceutical Sciences, Pune",Pharmacy,DEF,CAP Round I,2025-26,6,1
06961,"Lokmanya Tilak Institute of Pharmaceutical Sciences, Pune",Pharmacy,EWS,CAP Round I,2025-26,6,6
06962,"Late Laxmibai Phadtare College of Pharmacy, Kalamb",Pharmacy,OPEN,CAP Round I,2025-26,6,7
06962,"Late Laxmibai Phadtare College of Pharmacy, Kalamb",Pharmacy,SC,CAP Round I,2025-26,6,2
06962,"Late Laxmibai Phadtare College of Pharmacy, Kalamb",Pharmacy,ST,CAP Round I,2025-26,6,1
06962,"Late Laxmibai Phadtare College of Pharmacy, Kalamb",Pharmacy,NTB,CAP Round I,2025-26,6,1
06962,"Late Laxmibai Phadtare College of Pharmacy, Kalamb",Pharmacy,NTD,CAP Round I,2025-26,6,1
06962,"Late Laxmibai Phadtare College of Pharmacy, Kalamb",Pharmacy,OBC,CAP Round I,2025-26,6,3
06962,"Late Laxmibai Phadtare College of Pharmacy, Kalamb",Pharmacy,SEBC,CAP Round I,2025-26,6,1
06962,"Late Laxmibai Phadtare College of Pharmacy, Kalamb",Pharmacy,PWD,CAP Round I,2025-26,6,1
06962,"Late Laxmibai Phadtare College of Pharmacy, Kalamb",Pharmacy,DEF,CAP Round I,2025-26,6,1
06962,"Late Laxmibai Phadtare College of Pharmacy, Kalamb",Pharmacy,EWS,CAP Round I,2025-26,6,5
06963,"Riyajbhai Shamanji College of Pharmacy, Gadhinglaj",Pharmacy,OPEN,CAP Round I,2025-26,10,40
06963,"Riyajbhai Shamanji College of Pharmacy, Gadhinglaj",Pharmacy,SC,CAP Round I,2025-26,10,15
06963,"Riyajbhai Shamanji College of Pharmacy, Gadhinglaj",Pharmacy,ST,CAP Round I,2025-26,10,8
06963,"Riyajbhai Shamanji College of Pharmacy, Gadhinglaj",Pharmacy,VJ/DT,CAP Round I,2025-26,10,3
06963,"Riyajbhai Shamanji College of Pharmacy, Gadhinglaj",Pharmacy,NTB,CAP Round I,2025-26,10,3
06963,"Riyajbhai Shamanji College of Pharmacy, Gadhinglaj",Pharmacy,NTC,CAP Round I,2025-26,10,4
06963,"Riyajbhai Shamanji College of Pharmacy, Gadhinglaj",Pharmacy,NTD,CAP Round I,2025-26,10,2
06963,"Riyajbhai Shamanji College of Pharmacy, Gadhinglaj",Pharmacy,OBC,CAP Round I,2025-26,10,19
06963,"Riyajbhai Shamanji College of Pharmacy, Gadhinglaj",Pharmacy,SEBC,CAP Round I,2025-26,10,11
06963,"Riyajbhai Shamanji College of Pharmacy, Gadhinglaj",Pharmacy,PWD,CAP Round I,2025-26,10,8
06963,"Riyajbhai Shamanji College of Pharmacy, Gadhinglaj",Pharmacy,DEF,CAP Round I,2025-26,10,8
06963,"Riyajbhai Shamanji College of Pharmacy, Gadhinglaj",Pharmacy,EWS,CAP Round I,2025-26,10,11
06964,"Amepurva Forum's Nirant Institute of Pharmacy. Boramani, Solapur",Pharmacy,OPEN,CAP Round I,2025-26,10,22
06964,"Amepurva Forum's Nirant Institute of Pharmacy. Boramani, Solapur",Pharmacy,SC,CAP Round I,2025-26,10,8
06964,"Amepurva Forum's Nirant Institute of Pharmacy. Boramani, Solapur",Pharmacy,ST,CAP Round I,2025-26,10,5
06964,"Amepurva Forum's Nirant Institute of Pharmacy. Boramani, Solapur",Pharmacy,VJ/DT,CAP Round I,2025-26,10,2
06964,"Amepurva Forum's Nirant Institute of Pharmacy. Boramani, Solapur",Pharmacy,NTB,CAP Round I,2025-26,10,1
06964,"Amepurva Forum's Nirant Institute of Pharmacy. Boramani, Solapur",Pharmacy,NTC,CAP Round I,2025-26,10,2
06964,"Amepurva Forum's Nirant Institute of Pharmacy. Boramani, Solapur",Pharmacy,NTD,CAP Round I,2025-26,10,1
06964,"Amepurva Forum's Nirant Institute of Pharmacy. Boramani, Solapur",Pharmacy,OBC,CAP Round I,2025-26,10,12
06964,"Amepurva Forum's Nirant Institute of Pharmacy. Boramani, Solapur",Pharmacy,SEBC,CAP Round I,2025-26,10,6
06964,"Amepurva Forum's Nirant Institute of Pharmacy. Boramani, Solapur",Pharmacy,PWD,CAP Round I,2025-26,10,4
06964,"Amepurva Forum's Nirant Institute of Pharmacy. Boramani, Solapur",Pharmacy,DEF,CAP Round I,2025-26,10,4
06964,"Amepurva Forum's Nirant Institute of Pharmacy. Boramani, Solapur",Pharmacy,EWS,CAP Round I,2025-26,10,6
06965,"Shivraj College of Pharmacy, Gadhinglaj",Pharmacy,OPEN,CAP Round I,2025-26,6,8
06965,"Shivraj College of Pharmacy, Gadhinglaj",Pharmacy,SC,CAP Round I,2025-26,6,3
06965,"Shivraj College of Pharmacy, Gadhinglaj",Pharmacy,ST,CAP Round I,2025-26,6,1
06965,"Shivraj College of Pharmacy, Gadhinglaj",Pharmacy,VJ/DT,CAP Round I,2025-26,6,1
06965,"Shivraj College of Pharmacy, Gadhinglaj",Pharmacy,NTC,CAP Round I,2025-26,6,1
06965,"Shivraj College of Pharmacy, Gadhinglaj",Pharmacy,OBC,CAP Round I,2025-26,6,4
06965,"Shivraj College of Pharmacy, Gadhinglaj",Pharmacy,SEBC,CAP Round I,2025-26,6,2
06965,"Shivraj College of Pharmacy, Gadhinglaj",Pharmacy,PWD,CAP Round I,2025-26,6,1
06965,"Shivraj College of Pharmacy, Gadhinglaj",Pharmacy,DEF,CAP Round I,2025-26,6,1
06965,"Shivraj College of Pharmacy, Gadhinglaj",Pharmacy,EWS,CAP Round I,2025-26,6,5
06980,Jaihind College of Pharmacy,Pharmacy,OPEN,CAP Round I,2025-26,6,8
06980,Jaihind College of Pharmacy,Pharmacy,SC,CAP Round I,2025-26,6,3
06980,Jaihind College of Pharmacy,Pharmacy,ST,CAP Round I,2025-26,6,1
06980,Jaihind College of Pharmacy,Pharmacy,NTB,CAP Round I,2025-26,6,1
06980,Jaihind College of Pharmacy,Pharmacy,NTC,CAP Round I,2025-26,6,1
06980,Jaihind College of Pharmacy,Pharmacy,OBC,CAP Round I,2025-26,6,3
06980,Jaihind College of Pharmacy,Pharmacy,SEBC,CAP Round I,2025-26,6,2
06980,Jaihind College of Pharmacy,Pharmacy,PWD,CAP Round I,2025-26,6,1
06980,Jaihind College of Pharmacy,Pharmacy,DEF,CAP Round I,2025-26,6,1
06980,Jaihind College of Pharmacy,Pharmacy,EWS,CAP Round I,2025-26,6,5
06981,Vitthal Pratishthan College of Pharmacy,Pharmacy,OPEN,CAP Round I,2025-26,6,12
06981,Vitthal Pratishthan College of Pharmacy,Pharmacy,SC,CAP Round I,2025-26,6,4
06981,Vitthal Pratishthan College of Pharmacy,Pharmacy,ST,CAP Round I,2025-26,6,2
06981,Vitthal Pratishthan College of Pharmacy,Pharmacy,VJ/DT,CAP Round I,2025-26,6,1
06981,Vitthal Pratishthan College of Pharmacy,Pharmacy,NTB,CAP Round I,2025-26,6,1
06981,Vitthal Pratishthan College of Pharmacy,Pharmacy,NTC,CAP Round I,2025-26,6,1
06981,Vitthal Pratishthan College of Pharmacy,Pharmacy,NTD,CAP Round I,2025-26,6,1
06981,Vitthal Pratishthan College of Pharmacy,Pharmacy,OBC,CAP Round I,2025-26,6,5
06981,Vitthal Pratishthan College of Pharmacy,Pharmacy,SEBC,CAP Round I,2025-26,6,3
06981,Vitthal Pratishthan College of Pharmacy,Pharmacy,PWD,CAP Round I,2025-26,6,1
06981,Vitthal Pratishthan College of Pharmacy,Pharmacy,DEF,CAP Round I,2025-26,6,1
06981,Vitthal Pratishthan College of Pharmacy,Pharmacy,EWS,CAP Round I,2025-26,6,5
06982,"New College of Pharmacy, Kolhapur",Pharmacy,OPEN,CAP Round I,2025-26,6,6
06982,"New College of Pharmacy, Kolhapur",Pharmacy,SC,CAP Round I,2025-26,6,1
06982,"New College of Pharmacy, Kolhapur",Pharmacy,ST,CAP Round I,2025-26,6,1
06982,"New College of Pharmacy, Kolhapur",Pharmacy,VJ/DT,CAP Round I,2025-26,6,1
06982,"New College of Pharmacy, Kolhapur",Pharmacy,NTD,CAP Round I,2025-26,6,1
06982,"New College of Pharmacy, Kolhapur",Pharmacy,OBC,CAP Round I,2025-26,6,3
06982,"New College of Pharmacy, Kolhapur",Pharmacy,SEBC,CAP Round I,2025-26,6,1
06982,"New College of Pharmacy, Kolhapur",Pharmacy,PWD,CAP Round I,2025-26,6,1
06982,"New College of Pharmacy, Kolhapur",Pharmacy,DEF,CAP Round I,2025-26,6,1
06982,"New College of Pharmacy, Kolhapur",Pharmacy,EWS,CAP Round I,2025-26,6,1
06985,"VPS College of Pharmacy, Waksai, Lonavala",Pharmacy,OPEN,CAP Round I,2025-26,6,23
06985,"VPS College of Pharmacy, Waksai, Lonavala",Pharmacy,SC,CAP Round I,2025-26,6,8
06985,"VPS College of Pharmacy, Waksai, Lonavala",Pharmacy,ST,CAP Round I,2025-26,6,5
06985,"VPS College of Pharmacy, Waksai, Lonavala",Pharmacy,VJ/DT,CAP Round I,2025-26,6,1
06985,"VPS College of Pharmacy, Waksai, Lonavala",Pharmacy,NTB,CAP Round I,2025-26,6,2
06985,"VPS College of Pharmacy, Waksai, Lonavala",Pharmacy,NTC,CAP Round I,2025-26,6,3
06985,"VPS College of Pharmacy, Waksai, Lonavala",Pharmacy,NTD,CAP Round I,2025-26,6,1
06985,"VPS College of Pharmacy, Waksai, Lonavala",Pharmacy,OBC,CAP Round I,2025-26,6,12
06985,"VPS College of Pharmacy, Waksai, Lonavala",Pharmacy,SEBC,CAP Round I,2025-26,6,6
06985,"VPS College of Pharmacy, Waksai, Lonavala",Pharmacy,PWD,CAP Round I,2025-26,6,4
06985,"VPS College of Pharmacy, Waksai, Lonavala",Pharmacy,DEF,CAP Round I,2025-26,6,4
06985,"VPS College of Pharmacy, Waksai, Lonavala",Pharmacy,EWS,CAP Round I,2025-26,6,7
06988,"Radhabai Shinde College of Pharmacy, Bhadgaon, Kolhapur",Pharmacy,OPEN,CAP Round I,2025-26,6,18
06988,"Radhabai Shinde College of Pharmacy, Bhadgaon, Kolhapur",Pharmacy,SC,CAP Round I,2025-26,6,6
06988,"Radhabai Shinde College of Pharmacy, Bhadgaon, Kolhapur",Pharmacy,ST,CAP Round I,2025-26,6,3
06988,"Radhabai Shinde College of Pharmacy, Bhadgaon, Kolhapur",Pharmacy,VJ/DT,CAP Round I,2025-26,6,2
06988,"Radhabai Shinde College of Pharmacy, Bhadgaon, Kolhapur",Pharmacy,NTB,CAP Round I,2025-26,6,1
06988,"Radhabai Shinde College of Pharmacy, Bhadgaon, Kolhapur",Pharmacy,NTC,CAP Round I,2025-26,6,2
06988,"Radhabai Shinde College of Pharmacy, Bhadgaon, Kolhapur",Pharmacy,NTD,CAP Round I,2025-26,6,1
06988,"Radhabai Shinde College of Pharmacy, Bhadgaon, Kolhapur",Pharmacy,OBC,CAP Round I,2025-26,6,9
06988,"Radhabai Shinde College of Pharmacy, Bhadgaon, Kolhapur",Pharmacy,SEBC,CAP Round I,2025-26,6,5
06988,"Radhabai Shinde College of Pharmacy, Bhadgaon, Kolhapur",Pharmacy,PWD,CAP Round I,2025-26,6,3
06988,"Radhabai Shinde College of Pharmacy, Bhadgaon, Kolhapur",Pharmacy,DEF,CAP Round I,2025-26,6,3
06988,"Radhabai Shinde College of Pharmacy, Bhadgaon, Kolhapur",Pharmacy,EWS,CAP Round I,2025-26,6,6
06989,"SEF's Suryadatta College of Pharmacy, Healthcare, & Research (SCPHR), Bavdhan, Pune",Pharmacy,OPEN,CAP Round I,2025-26,10,7
16103,Chetana College of Pharmacy,Pharmacy,OPEN,CAP Round I,2025-26,6,8
16103,Chetana College of Pharmacy,Pharmacy,SC,CAP Round I,2025-26,6,3
16103,Chetana College of Pharmacy,Pharmacy,ST,CAP Round I,2025-26,6,1
16103,Chetana College of Pharmacy,Pharmacy,VJ/DT,CAP Round I,2025-26,6,1
16103,Chetana College of Pharmacy,Pharmacy,NTC,CAP Round I,2025-26,6,1
16103,Chetana College of Pharmacy,Pharmacy,OBC,CAP Round I,2025-26,6,3
16103,Chetana College of Pharmacy,Pharmacy,SEBC,CAP Round I,2025-26,6,2
16103,Chetana College of Pharmacy,Pharmacy,PWD,CAP Round I,2025-26,6,1
16103,Chetana College of Pharmacy,Pharmacy,DEF,CAP Round I,2025-26,6,1
16103,Chetana College of Pharmacy,Pharmacy,EWS,CAP Round I,2025-26,6,5
16104,"Bharati Vidyapeeth College of Pharmacy, Palus",Pharmacy,OPEN,CAP Round I,2025-26,6,8
16104,"Bharati Vidyapeeth College of Pharmacy, Palus",Pharmacy,SC,CAP Round I,2025-26,6,3
16104,"Bharati Vidyapeeth College of Pharmacy, Palus",Pharmacy,ST,CAP Round I,2025-26,6,1
16104,"Bharati Vidyapeeth College of Pharmacy, Palus",Pharmacy,NTB,CAP Round I,2025-26,6,1
16104,"Bharati Vidyapeeth College of Pharmacy, Palus",Pharmacy,NTC,CAP Round I,2025-26,6,1
16104,"Bharati Vidyapeeth College of Pharmacy, Palus",Pharmacy,OBC,CAP Round I,2025-26,6,3
16104,"Bharati Vidyapeeth College of Pharmacy, Palus",Pharmacy,SEBC,CAP Round I,2025-26,6,2
16104,"Bharati Vidyapeeth College of Pharmacy, Palus",Pharmacy,PWD,CAP Round I,2025-26,6,1
16104,"Bharati Vidyapeeth College of Pharmacy, Palus",Pharmacy,DEF,CAP Round I,2025-26,6,1
16104,"Bharati Vidyapeeth College of Pharmacy, Palus",Pharmacy,EWS,CAP Round I,2025-26,6,1
16107,"YSPM's Yashoda College of Pharmacy, Satara",Pharmacy,OPEN,CAP Round I,2025-26,10,5
16107,"YSPM's Yashoda College of Pharmacy, Satara",Pharmacy,SC,CAP Round I,2025-26,10,1
16107,"YSPM's Yashoda College of Pharmacy, Satara",Pharmacy,ST,CAP Round I,2025-26,10,1
16107,"YSPM's Yashoda College of Pharmacy, Satara",Pharmacy,VJ/DT,CAP Round I,2025-26,10,1
16107,"YSPM's Yashoda College of Pharmacy, Satara",Pharmacy,NTC,CAP Round I,2025-26,10,1
16107,"YSPM's Yashoda College of Pharmacy, Satara",Pharmacy,OBC,CAP Round I,2025-26,10,2
16107,"YSPM's Yashoda College of Pharmacy, Satara",Pharmacy,SEBC,CAP Round I,2025-26,10,1
16107,"YSPM's Yashoda College of Pharmacy, Satara",Pharmacy,PWD,CAP Round I,2025-26,10,1
16107,"YSPM's Yashoda College of Pharmacy, Satara",Pharmacy,DEF,CAP Round I,2025-26,10,1
16107,"YSPM's Yashoda College of Pharmacy, Satara",Pharmacy,EWS,CAP Round I,2025-26,10,9
16109,Dalit Mitra Kadam Guruji College of Pharmacy,Pharmacy,OPEN,CAP Round I,2025-26,6,10
16109,Dalit Mitra Kadam Guruji College of Pharmacy,Pharmacy,SC,CAP Round I,2025-26,6,3
16109,Dalit Mitra Kadam Guruji College of Pharmacy,Pharmacy,ST,CAP Round I,2025-26,6,2
16109,Dalit Mitra Kadam Guruji College of Pharmacy,Pharmacy,NTB,CAP Round I,2025-26,6,1
16109,Dalit Mitra Kadam Guruji College of Pharmacy,Pharmacy,NTC,CAP Round I,2025-26,6,1
16109,Dalit Mitra Kadam Guruji College of Pharmacy,Pharmacy,NTD,CAP Round I,2025-26,6,1
16109,Dalit Mitra Kadam Guruji College of Pharmacy,Pharmacy,OBC,CAP Round I,2025-26,6,5
16109,Dalit Mitra Kadam Guruji College of Pharmacy,Pharmacy,SEBC,CAP Round I,2025-26,6,2
16109,Dalit Mitra Kadam Guruji College of Pharmacy,Pharmacy,PWD,CAP Round I,2025-26,6,1
16109,Dalit Mitra Kadam Guruji College of Pharmacy,Pharmacy,DEF,CAP Round I,2025-26,6,1
16109,Dalit Mitra Kadam Guruji College of Pharmacy,Pharmacy,EWS,CAP Round I,2025-26,6,6
16110,"S.B. Patil College of Pharmacy, Indapur",Pharmacy,OPEN,CAP Round I,2025-26,6,7
16110,"S.B. Patil College of Pharmacy, Indapur",Pharmacy,SC,CAP Round I,2025-26,6,2
16110,"S.B. Patil College of Pharmacy, Indapur",Pharmacy,ST,CAP Round I,2025-26,6,1
16110,"S.B. Patil College of Pharmacy, Indapur",Pharmacy,VJ/DT,CAP Round I,2025-26,6,1
16110,"S.B. Patil College of Pharmacy, Indapur",Pharmacy,NTD,CAP Round I,2025-26,6,1
16110,"S.B. Patil College of Pharmacy, Indapur",Pharmacy,OBC,CAP Round I,2025-26,6,3
16110,"S.B. Patil College of Pharmacy, Indapur",Pharmacy,SEBC,CAP Round I,2025-26,6,2
16110,"S.B. Patil College of Pharmacy, Indapur",Pharmacy,PWD,CAP Round I,2025-26,6,1
16110,"S.B. Patil College of Pharmacy, Indapur",Pharmacy,DEF,CAP Round I,2025-26,6,1
16110,"S.B. Patil College of Pharmacy, Indapur",Pharmacy,EWS,CAP Round I,2025-26,6,1
16111,"Rajmata Ahilyadevi Charitable Foundation, SVS College of Pharmaceutical Education & Research, Tembhurni, Tal.Mandha District Solapur",Pharmacy,OPEN,CAP Round I,2025-26,6,9
16111,"Rajmata Ahilyadevi Charitable Foundation, SVS College of Pharmaceutical Education & Research, Tembhurni, Tal.Mandha District Solapur",Pharmacy,SC,CAP Round I,2025-26,6,3
16111,"Rajmata Ahilyadevi Charitable Foundation, SVS College of Pharmaceutical Education & Research, Tembhurni, Tal.Mandha District Solapur",Pharmacy,ST,CAP Round I,2025-26,6,2
16111,"Rajmata Ahilyadevi Charitable Foundation, SVS College of Pharmaceutical Education & Research, Tembhurni, Tal.Mandha District Solapur",Pharmacy,VJ/DT,CAP Round I,2025-26,6,1
16111,"Rajmata Ahilyadevi Charitable Foundation, SVS College of Pharmaceutical Education & Research, Tembhurni, Tal.Mandha District Solapur",Pharmacy,NTC,CAP Round I,2025-26,6,1
16111,"Rajmata Ahilyadevi Charitable Foundation, SVS College of Pharmaceutical Education & Research, Tembhurni, Tal.Mandha District Solapur",Pharmacy,OBC,CAP Round I,2025-26,6,5
16111,"Rajmata Ahilyadevi Charitable Foundation, SVS College of Pharmaceutical Education & Research, Tembhurni, Tal.Mandha District Solapur",Pharmacy,SEBC,CAP Round I,2025-26,6,2
16111,"Rajmata Ahilyadevi Charitable Foundation, SVS College of Pharmaceutical Education & Research, Tembhurni, Tal.Mandha District Solapur",Pharmacy,PWD,CAP Round I,2025-26,6,1
16111,"Rajmata Ahilyadevi Charitable Foundation, SVS College of Pharmaceutical Education & Research, Tembhurni, Tal.Mandha District Solapur",Pharmacy,DEF,CAP Round I,2025-26,6,1
16111,"Rajmata Ahilyadevi Charitable Foundation, SVS College of Pharmaceutical Education & Research, Tembhurni, Tal.Mandha District Solapur",Pharmacy,EWS,CAP Round I,2025-26,6,6
16112,"Dr. Ashok Gujar Institute of Pharmacy, Vidyanagar Extn. Banawadi, Tal-Karad Dist-Satata",Pharmacy,OPEN,CAP Round I,2025-26,6,11
16112,"Dr. Ashok Gujar Institute of Pharmacy, Vidyanagar Extn. Banawadi, Tal-Karad Dist-Satata",Pharmacy,SC,CAP Round I,2025-26,6,3
16112,"Dr. Ashok Gujar Institute of Pharmacy, Vidyanagar Extn. Banawadi, Tal-Karad Dist-Satata",Pharmacy,ST,CAP Round I,2025-26,6,2
16112,"Dr. Ashok Gujar Institute of Pharmacy, Vidyanagar Extn. Banawadi, Tal-Karad Dist-Satata",Pharmacy,VJ/DT,CAP Round I,2025-26,6,1
16112,"Dr. Ashok Gujar Institute of Pharmacy, Vidyanagar Extn. Banawadi, Tal-Karad Dist-Satata",Pharmacy,NTD,CAP Round I,2025-26,6,1
16112,"Dr. Ashok Gujar Institute of Pharmacy, Vidyanagar Extn. Banawadi, Tal-Karad Dist-Satata",Pharmacy,OBC,CAP Round I,2025-26,6,5
16112,"Dr. Ashok Gujar Institute of Pharmacy, Vidyanagar Extn. Banawadi, Tal-Karad Dist-Satata",Pharmacy,SEBC,CAP Round I,2025-26,6,3
16112,"Dr. Ashok Gujar Institute of Pharmacy, Vidyanagar Extn. Banawadi, Tal-Karad Dist-Satata",Pharmacy,PWD,CAP Round I,2025-26,6,1
16112,"Dr. Ashok Gujar Institute of Pharmacy, Vidyanagar Extn. Banawadi, Tal-Karad Dist-Satata",Pharmacy,DEF,CAP Round I,2025-26,6,1
16112,"Dr. Ashok Gujar Institute of Pharmacy, Vidyanagar Extn. Banawadi, Tal-Karad Dist-Satata",Pharmacy,EWS,CAP Round I,2025-26,6,2
16113,"Padmabhushan Krantiveer Dr. Nagnath Anna Nayakawadi College of Pharmacy, Walwa",Pharmacy,OPEN,CAP Round I,2025-26,6,24
16113,"Padmabhushan Krantiveer Dr. Nagnath Anna Nayakawadi College of Pharmacy, Walwa",Pharmacy,SC,CAP Round I,2025-26,6,8
16113,"Padmabhushan Krantiveer Dr. Nagnath Anna Nayakawadi College of Pharmacy, Walwa",Pharmacy,ST,CAP Round I,2025-26,6,5
16113,"Padmabhushan Krantiveer Dr. Nagnath Anna Nayakawadi College of Pharmacy, Walwa",Pharmacy,VJ/DT,CAP Round I,2025-26,6,2
16113,"Padmabhushan Krantiveer Dr. Nagnath Anna Nayakawadi College of Pharmacy, Walwa",Pharmacy,NTB,CAP Round I,2025-26,6,2
16113,"Padmabhushan Krantiveer Dr. Nagnath Anna Nayakawadi College of Pharmacy, Walwa",Pharmacy,NTC,CAP Round I,2025-26,6,3
16113,"Padmabhushan Krantiveer Dr. Nagnath Anna Nayakawadi College of Pharmacy, Walwa",Pharmacy,NTD,CAP Round I,2025-26,6,1
16113,"Padmabhushan Krantiveer Dr. Nagnath Anna Nayakawadi College of Pharmacy, Walwa",Pharmacy,OBC,CAP Round I,2025-26,6,12
16113,"Padmabhushan Krantiveer Dr. Nagnath Anna Nayakawadi College of Pharmacy, Walwa",Pharmacy,SEBC,CAP Round I,2025-26,6,7
16113,"Padmabhushan Krantiveer Dr. Nagnath Anna Nayakawadi College of Pharmacy, Walwa",Pharmacy,PWD,CAP Round I,2025-26,6,4
16113,"Padmabhushan Krantiveer Dr. Nagnath Anna Nayakawadi College of Pharmacy, Walwa",Pharmacy,DEF,CAP Round I,2025-26,6,4
16113,"Padmabhushan Krantiveer Dr. Nagnath Anna Nayakawadi College of Pharmacy, Walwa",Pharmacy,EWS,CAP Round I,2025-26,6,7
16116,Late Shree Fakirbhai Pansare Education Foundation College of Pharmacy,Pharmacy,OPEN,CAP Round I,2025-26,6,24
16116,Late Shree Fakirbhai Pansare Education Foundation College of Pharmacy,Pharmacy,SC,CAP Round I,2025-26,6,8
16116,Late Shree Fakirbhai Pansare Education Foundation College of Pharmacy,Pharmacy,ST,CAP Round I,2025-26,6,5
16116,Late Shree Fakirbhai Pansare Education Foundation College of Pharmacy,Pharmacy,VJ/DT,CAP Round I,2025-26,6,2
16116,Late Shree Fakirbhai Pansare Education Foundation College of Pharmacy,Pharmacy,NTB,CAP Round I,2025-26,6,2
16116,Late Shree Fakirbhai Pansare Education Foundation College of Pharmacy,Pharmacy,NTC,CAP Round I,2025-26,6,3
16116,Late Shree Fakirbhai Pansare Education Foundation College of Pharmacy,Pharmacy,NTD,CAP Round I,2025-26,6,1
16116,Late Shree Fakirbhai Pansare Education Foundation College of Pharmacy,Pharmacy,OBC,CAP Round I,2025-26,6,12
16116,Late Shree Fakirbhai Pansare Education Foundation College of Pharmacy,Pharmacy,SEBC,CAP Round I,2025-26,6,7
16116,Late Shree Fakirbhai Pansare Education Foundation College of Pharmacy,Pharmacy,PWD,CAP Round I,2025-26,6,4
16116,Late Shree Fakirbhai Pansare Education Foundation College of Pharmacy,Pharmacy,DEF,CAP Round I,2025-26,6,4
16116,Late Shree Fakirbhai Pansare Education Foundation College of Pharmacy,Pharmacy,EWS,CAP Round I,2025-26,6,7
16117,Balasaheb Desai College of Pharmacy,Pharmacy,OPEN,CAP Round I,2025-26,6,14
16117,Balasaheb Desai College of Pharmacy,Pharmacy,SC,CAP Round I,2025-26,6,5
16117,Balasaheb Desai College of Pharmacy,Pharmacy,ST,CAP Round I,2025-26,6,3
16117,Balasaheb Desai College of Pharmacy,Pharmacy,VJ/DT,CAP Round I,2025-26,6,1
16117,Balasaheb Desai College of Pharmacy,Pharmacy,NTB,CAP Round I,2025-26,6,1
16117,Balasaheb Desai College of Pharmacy,Pharmacy,NTC,CAP Round I,2025-26,6,1
16117,Balasaheb Desai College of Pharmacy,Pharmacy,NTD,CAP Round I,2025-26,6,1
16117,Balasaheb Desai College of Pharmacy,Pharmacy,OBC,CAP Round I,2025-26,6,7
16117,Balasaheb Desai College of Pharmacy,Pharmacy,SEBC,CAP Round I,2025-26,6,4
16117,Balasaheb Desai College of Pharmacy,Pharmacy,PWD,CAP Round I,2025-26,6,3
16117,Balasaheb Desai College of Pharmacy,Pharmacy,DEF,CAP Round I,2025-26,6,3
16117,Balasaheb Desai College of Pharmacy,Pharmacy,EWS,CAP Round I,2025-26,6,4
16335,Dr.B.B.Khaladkar College of Pharmacy,Pharmacy,OPEN,CAP Round I,2025-26,6,24
16335,Dr.B.B.Khaladkar College of Pharmacy,Pharmacy,SC,CAP Round I,2025-26,6,8
16335,Dr.B.B.Khaladkar College of Pharmacy,Pharmacy,ST,CAP Round I,2025-26,6,5
16335,Dr.B.B.Khaladkar College of Pharmacy,Pharmacy,VJ/DT,CAP Round I,2025-26,6,2
16335,Dr.B.B.Khaladkar College of Pharmacy,Pharmacy,NTB,CAP Round I,2025-26,6,2
16335,Dr.B.B.Khaladkar College of Pharmacy,Pharmacy,NTC,CAP Round I,2025-26,6,3
16335,Dr.B.B.Khaladkar College of Pharmacy,Pharmacy,NTD,CAP Round I,2025-26,6,1
16335,Dr.B.B.Khaladkar College of Pharmacy,Pharmacy,OBC,CAP Round I,2025-26,6,12
16335,Dr.B.B.Khaladkar College of Pharmacy,Pharmacy,SEBC,CAP Round I,2025-26,6,6
16335,Dr.B.B.Khaladkar College of Pharmacy,Pharmacy,PWD,CAP Round I,2025-26,6,4
16335,Dr.B.B.Khaladkar College of Pharmacy,Pharmacy,DEF,CAP Round I,2025-26,6,4
16335,Dr.B.B.Khaladkar College of Pharmacy,Pharmacy,EWS,CAP Round I,2025-26,6,6
16336,Chandrabhaga College of Pharmacy,Pharmacy,OPEN,CAP Round I,2025-26,6,12
16336,Chandrabhaga College of Pharmacy,Pharmacy,SC,CAP Round I,2025-26,6,3
16336,Chandrabhaga College of Pharmacy,Pharmacy,ST,CAP Round I,2025-26,6,2
16336,Chandrabhaga College of Pharmacy,Pharmacy,VJ/DT,CAP Round I,2025-26,6,1
16336,Chandrabhaga College of Pharmacy,Pharmacy,NTB,CAP Round I,2025-26,6,1
16336,Chandrabhaga College of Pharmacy,Pharmacy,NTC,CAP Round I,2025-26,6,1
16336,Chandrabhaga College of Pharmacy,Pharmacy,NTD,CAP Round I,2025-26,6,1
16336,Chandrabhaga College of Pharmacy,Pharmacy,OBC,CAP Round I,2025-26,6,5
16336,Chandrabhaga College of Pharmacy,Pharmacy,SEBC,CAP Round I,2025-26,6,3
16336,Chandrabhaga College of Pharmacy,Pharmacy,PWD,CAP Round I,2025-26,6,1
16336,Chandrabhaga College of Pharmacy,Pharmacy,DEF,CAP Round I,2025-26,6,1
16336,Chandrabhaga College of Pharmacy,Pharmacy,EWS,CAP Round I,2025-26,6,7
16337,"Anekant Education Society's College of Pharmacy, Baramati",Pharmacy,OPEN,CAP Round I,2025-26,10,8
16338,Priyadarshani Institute of Pharmaceutical Science & Research,Pharmacy,OPEN,CAP Round I,2025-26,6,20
16338,Priyadarshani Institute of Pharmaceutical Science & Research,Pharmacy,SC,CAP Round I,2025-26,6,8
16338,Priyadarshani Institute of Pharmaceutical Science & Research,Pharmacy,ST,CAP Round I,2025-26,6,4
16338,Priyadarshani Institute of Pharmaceutical Science & Research,Pharmacy,VJ/DT,CAP Round I,2025-26,6,2
16338,Priyadarshani Institute of Pharmaceutical Science & Research,Pharmacy,NTB,CAP Round I,2025-26,6,1
16338,Priyadarshani Institute of Pharmaceutical Science & Research,Pharmacy,NTC,CAP Round I,2025-26,6,2
16338,Priyadarshani Institute of Pharmaceutical Science & Research,Pharmacy,NTD,CAP Round I,2025-26,6,1
16338,Priyadarshani Institute of Pharmaceutical Science & Research,Pharmacy,OBC,CAP Round I,2025-26,6,11
16338,Priyadarshani Institute of Pharmaceutical Science & Research,Pharmacy,SEBC,CAP Round I,2025-26,6,6
16338,Priyadarshani Institute of Pharmaceutical Science & Research,Pharmacy,PWD,CAP Round I,2025-26,6,4
16338,Priyadarshani Institute of Pharmaceutical Science & Research,Pharmacy,DEF,CAP Round I,2025-26,6,4
16338,Priyadarshani Institute of Pharmaceutical Science & Research,Pharmacy,EWS,CAP Round I,2025-26,6,6
16339,Jayawant Institute of Pharmaceutical Sciences & Research,Pharmacy,OPEN,CAP Round I,2025-26,6,7
16339,Jayawant Institute of Pharmaceutical Sciences & Research,Pharmacy,SC,CAP Round I,2025-26,6,2
16339,Jayawant Institute of Pharmaceutical Sciences & Research,Pharmacy,ST,CAP Round I,2025-26,6,1
16339,Jayawant Institute of Pharmaceutical Sciences & Research,Pharmacy,VJ/DT,CAP Round I,2025-26,6,1
16339,Jayawant Institute of Pharmaceutical Sciences & Research,Pharmacy,NTC,CAP Round I,2025-26,6,1
16339,Jayawant Institute of Pharmaceutical Sciences & Research,Pharmacy,OBC,CAP Round I,2025-26,6,3
16339,Jayawant Institute of Pharmaceutical Sciences & Research,Pharmacy,SEBC,CAP Round I,2025-26,6,2
16339,Jayawant Institute of Pharmaceutical Sciences & Research,Pharmacy,PWD,CAP Round I,2025-26,6,1
16339,Jayawant Institute of Pharmaceutical Sciences & Research,Pharmacy,DEF,CAP Round I,2025-26,6,1
16339,Jayawant Institute of Pharmaceutical Sciences & Research,Pharmacy,EWS,CAP Round I,2025-26,6,7
16340,"Phaltan Education Soc.,Pharmacy College & Research Centre, Phaltan",Pharmacy,OPEN,CAP Round I,2025-26,6,18
16340,"Phaltan Education Soc.,Pharmacy College & Research Centre, Phaltan",Pharmacy,SC,CAP Round I,2025-26,6,7
16340,"Phaltan Education Soc.,Pharmacy College & Research Centre, Phaltan",Pharmacy,ST,CAP Round I,2025-26,6,3
16340,"Phaltan Education Soc.,Pharmacy College & Research Centre, Phaltan",Pharmacy,VJ/DT,CAP Round I,2025-26,6,1
16340,"Phaltan Education Soc.,Pharmacy College & Research Centre, Phaltan",Pharmacy,NTB,CAP Round I,2025-26,6,2
16340,"Phaltan Education Soc.,Pharmacy College & Research Centre, Phaltan",Pharmacy,NTC,CAP Round I,2025-26,6,2
16340,"Phaltan Education Soc.,Pharmacy College & Research Centre, Phaltan",Pharmacy,NTD,CAP Round I,2025-26,6,1
16340,"Phaltan Education Soc.,Pharmacy College & Research Centre, Phaltan",Pharmacy,OBC,CAP Round I,2025-26,6,9
16340,"Phaltan Education Soc.,Pharmacy College & Research Centre, Phaltan",Pharmacy,SEBC,CAP Round I,2025-26,6,5
16340,"Phaltan Education Soc.,Pharmacy College & Research Centre, Phaltan",Pharmacy,PWD,CAP Round I,2025-26,6,4
16340,"Phaltan Education Soc.,Pharmacy College & Research Centre, Phaltan",Pharmacy,DEF,CAP Round I,2025-26,6,4
16340,"Phaltan Education Soc.,Pharmacy College & Research Centre, Phaltan",Pharmacy,EWS,CAP Round I,2025-26,6,7
16341,"SNBP College of Pharmacy, Chikhali, Pune",Pharmacy,OPEN,CAP Round I,2025-26,10,13
16341,"SNBP College of Pharmacy, Chikhali, Pune",Pharmacy,SC,CAP Round I,2025-26,10,5
16341,"SNBP College of Pharmacy, Chikhali, Pune",Pharmacy,ST,CAP Round I,2025-26,10,2
16341,"SNBP College of Pharmacy, Chikhali, Pune",Pharmacy,VJ/DT,CAP Round I,2025-26,10,1
16341,"SNBP College of Pharmacy, Chikhali, Pune",Pharmacy,NTB,CAP Round I,2025-26,10,1
16341,"SNBP College of Pharmacy, Chikhali, Pune",Pharmacy,NTC,CAP Round I,2025-26,10,1
16341,"SNBP College of Pharmacy, Chikhali, Pune",Pharmacy,NTD,CAP Round I,2025-26,10,1
16341,"SNBP College of Pharmacy, Chikhali, Pune",Pharmacy,OBC,CAP Round I,2025-26,10,7
16341,"SNBP College of Pharmacy, Chikhali, Pune",Pharmacy,SEBC,CAP Round I,2025-26,10,4
16341,"SNBP College of Pharmacy, Chikhali, Pune",Pharmacy,PWD,CAP Round I,2025-26,10,3
16341,"SNBP College of Pharmacy, Chikhali, Pune",Pharmacy,DEF,CAP Round I,2025-26,10,3
16341,"SNBP College of Pharmacy, Chikhali, Pune",Pharmacy,EWS,CAP Round I,2025-26,10,10
16343,Shri Dhanaji Shelke College of Pharmacy,Pharmacy,OPEN,CAP Round I,2025-26,6,13
16343,Shri Dhanaji Shelke College of Pharmacy,Pharmacy,SC,CAP Round I,2025-26,6,5
16343,Shri Dhanaji Shelke College of Pharmacy,Pharmacy,ST,CAP Round I,2025-26,6,3
16343,Shri Dhanaji Shelke College of Pharmacy,Pharmacy,VJ/DT,CAP Round I,2025-26,6,1
16343,Shri Dhanaji Shelke College of Pharmacy,Pharmacy,NTB,CAP Round I,2025-26,6,1
16343,Shri Dhanaji Shelke College of Pharmacy,Pharmacy,NTC,CAP Round I,2025-26,6,1
16343,Shri Dhanaji Shelke College of Pharmacy,Pharmacy,NTD,CAP Round I,2025-26,6,1
16343,Shri Dhanaji Shelke College of Pharmacy,Pharmacy,OBC,CAP Round I,2025-26,6,7
16343,Shri Dhanaji Shelke College of Pharmacy,Pharmacy,SEBC,CAP Round I,2025-26,6,4
16343,Shri Dhanaji Shelke College of Pharmacy,Pharmacy,PWD,CAP Round I,2025-26,6,3
16343,Shri Dhanaji Shelke College of Pharmacy,Pharmacy,DEF,CAP Round I,2025-26,6,3
16343,Shri Dhanaji Shelke College of Pharmacy,Pharmacy,EWS,CAP Round I,2025-26,6,6
16344,Shri L. D. Aher College of Pharmacy,Pharmacy,OPEN,CAP Round I,2025-26,10,40
16344,Shri L. D. Aher College of Pharmacy,Pharmacy,SC,CAP Round I,2025-26,10,15
16344,Shri L. D. Aher College of Pharmacy,Pharmacy,ST,CAP Round I,2025-26,10,8
16344,Shri L. D. Aher College of Pharmacy,Pharmacy,VJ/DT,CAP Round I,2025-26,10,3
16344,Shri L. D. Aher College of Pharmacy,Pharmacy,NTB,CAP Round I,2025-26,10,3
16344,Shri L. D. Aher College of Pharmacy,Pharmacy,NTC,CAP Round I,2025-26,10,4
16344,Shri L. D. Aher College of Pharmacy,Pharmacy,NTD,CAP Round I,2025-26,10,2
16344,Shri L. D. Aher College of Pharmacy,Pharmacy,OBC,CAP Round I,2025-26,10,19
16344,Shri L. D. Aher College of Pharmacy,Pharmacy,SEBC,CAP Round I,2025-26,10,11
16344,Shri L. D. Aher College of Pharmacy,Pharmacy,PWD,CAP Round I,2025-26,10,8
16344,Shri L. D. Aher College of Pharmacy,Pharmacy,DEF,CAP Round I,2025-26,10,8
16344,Shri L. D. Aher College of Pharmacy,Pharmacy,EWS,CAP Round I,2025-26,10,11
16347,Karmayogi Institute of Pharmacy,Pharmacy,OPEN,CAP Round I,2025-26,6,16
16347,Karmayogi Institute of Pharmacy,Pharmacy,SC,CAP Round I,2025-26,6,6
16347,Karmayogi Institute of Pharmacy,Pharmacy,ST,CAP Round I,2025-26,6,3
16347,Karmayogi Institute of Pharmacy,Pharmacy,VJ/DT,CAP Round I,2025-26,6,1
16347,Karmayogi Institute of Pharmacy,Pharmacy,NTB,CAP Round I,2025-26,6,1
16347,Karmayogi Institute of Pharmacy,Pharmacy,NTC,CAP Round I,2025-26,6,1
16347,Karmayogi Institute of Pharmacy,Pharmacy,NTD,CAP Round I,2025-26,6,1
16347,Karmayogi Institute of Pharmacy,Pharmacy,OBC,CAP Round I,2025-26,6,9
16347,Karmayogi Institute of Pharmacy,Pharmacy,SEBC,CAP Round I,2025-26,6,4
16347,Karmayogi Institute of Pharmacy,Pharmacy,PWD,CAP Round I,2025-26,6,3
16347,Karmayogi Institute of Pharmacy,Pharmacy,DEF,CAP Round I,2025-26,6,3
16347,Karmayogi Institute of Pharmacy,Pharmacy,EWS,CAP Round I,2025-26,6,7
