college_code,college_name,branch_name,category,cap_round,year,intake,filled_seats
1002,"Government College of Engineering, Amravati",Civil Engineering,State Level,I,2023-24,60,55
1002,"Government College of Engineering, Amravati",Civil Engineering,PWD,I,2023-24,60,2
1002,"Government College of Engineering, Amravati",Civil Engineering,DEF,I,2023-24,60,2
1002,"Government College of Engineering, Amravati",Computer Science and Engineering,State Level,I,2023-24,60,55
1002,"Government College of Engineering, Amravati",Computer Science and Engineering,PWD,I,2023-24,60,2
1002,"Government College of Engineering, Amravati",Computer Science and Engineering,DEF,I,2023-24,60,2
1002,"Government College of Engineering, Amravati",Information Technology,State Level,I,2023-24,60,55
1002,"Government College of Engineering, Amravati",Information Technology,PWD,I,2023-24,60,2
1002,"Government College of Engineering, Amravati",Information Technology,DEF,I,2023-24,60,2
1002,"Government College of Engineering, Amravati",Electrical Engineering,State Level,I,2023-24,60,55
1002,"Government College of Engineering, Amravati",Electrical Engineering,PWD,I,2023-24,60,2
1002,"Government College of Engineering, Amravati",Electrical Engineering,DEF,I,2023-24,60,2
1002,"Government College of Engineering, Amravati",Electronics and Telecommunication Engg,State Level,I,2023-24,60,55
1002,"Government College of Engineering, Amravati",Electronics and Telecommunication Engg,PWD,I,2023-24,60,2
1002,"Government College of Engineering, Amravati",Electronics and Telecommunication Engg,DEF,I,2023-24,60,2
1002,"Government College of Engineering, Amravati",Instrumentation Engineering,State Level,I,2023-24,30,28
1002,"Government College of Engineering, Amravati",Instrumentation Engineering,PWD,I,2023-24,30,1
1002,"Government College of Engineering, Amravati",Instrumentation Engineering,DEF,I,2023-24,30,1
1002,"Government College of Engineering, Amravati",Mechanical Engineering,State Level,I,2023-24,60,55
1002,"Government College of Engineering, Amravati",Mechanical Engineering,PWD,I,2023-24,60,2
1002,"Government College of Engineering, Amravati",Mechanical Engineering,DEF,I,2023-24,60,2
1105,"Prof. Ram Meghe Institute of Technology & Research, Amravati",Civil Engineering,State Level,I,2023-24,120,92
1105,"Prof. Ram Meghe Institute of Technology & Research, Amravati",Civil Engineering,PWD,I,2023-24,120,3
1105,"Prof. Ram Meghe Institute of Technology & Research, Amravati",Civil Engineering,DEF,I,2023-24,120,3
1105,"Prof. Ram Meghe Institute of Technology & Research, Amravati",Computer Science and Engineering,State Level,I,2023-24,180,108
1105,"Prof. Ram Meghe Institute of Technology & Research, Amravati",Computer Science and Engineering,PWD,I,2023-24,180,4
1105,"Prof. Ram Meghe Institute of Technology & Research, Amravati",Computer Science and Engineering,DEF,I,2023-24,180,4
1105,"Prof. Ram Meghe Institute of Technology & Research, Amravati",Information Technology,State Level,I,2023-24,120,73
1105,"Prof. Ram Meghe Institute of Technology & Research, Amravati",Information Technology,PWD,I,2023-24,120,2
1105,"Prof. Ram Meghe Institute of Technology & Research, Amravati",Information Technology,DEF,I,2023-24,120,2
1105,"Prof. Ram Meghe Institute of Technology & Research, Amravati",Artificial Intelligence (AI) and Data Science,State Level,I,2023-24,60,37
1105,"Prof. Ram Meghe Institute of Technology & Research, Amravati",Artificial Intelligence (AI) and Data Science,PWD,I,2023-24,60,1
1105,"Prof. Ram Meghe Institute of Technology & Research, Amravati",Artificial Intelligence (AI) and Data Science,DEF,I,2023-24,60,1
1105,"Prof. Ram Meghe Institute of Technology & Research, Amravati",Industrial IoT,State Level,I,2023-24,60,37
1105,"Prof. Ram Meghe Institute of Technology & Research, Amravati",Industrial IoT,PWD,I,2023-24,60,1
1105,"Prof. Ram Meghe Institute of Technology & Research, Amravati",Industrial IoT,DEF,I,2023-24,60,1
1105,"Prof. Ram Meghe Institute of Technology & Research, Amravati",Electronics and Telecommunication Engg,State Level,I,2023-24,120,73
1105,"Prof. Ram Meghe Institute of Technology & Research, Amravati",Electronics and Telecommunication Engg,PWD,I,2023-24,120,2
1105,"Prof. Ram Meghe Institute of Technology & Research, Amravati",Electronics and Telecommunication Engg,DEF,I,2023-24,120,2
1105,"Prof. Ram Meghe Institute of Technology & Research, Amravati",Mechanical Engineering,State Level,I,2023-24,120,95
1105,"Prof. Ram Meghe Institute of Technology & Research, Amravati",Mechanical Engineering,PWD,I,2023-24,120,3
1105,"Prof. Ram Meghe Institute of Technology & Research, Amravati",Mechanical Engineering,DEF,I,2023-24,120,3
2008,"Government College of Engineering, Aurangabad",Civil Engineering,State Level,I,2023-24,60,55
2008,"Government College of Engineering, Aurangabad",Civil Engineering,PWD,I,2023-24,60,2
2008,"Government College of Engineering, Aurangabad",Civil Engineering,DEF,I,2023-24,60,2
2008,"Government College of Engineering, Aurangabad",Computer Science and Engineering,State Level,I,2023-24,60,55
2008,"Government College of Engineering, Aurangabad",Computer Science and Engineering,PWD,I,2023-24,60,2
2008,"Government College of Engineering, Aurangabad",Computer Science and Engineering,DEF,I,2023-24,60,2
2008,"Government College of Engineering, Aurangabad",Information Technology,State Level,I,2023-24,60,55
2008,"Government College of Engineering, Aurangabad",Information Technology,PWD,I,2023-24,60,2
2008,"Government College of Engineering, Aurangabad",Information Technology,DEF,I,2023-24,60,2
2008,"Government College of Engineering, Aurangabad",Electrical Engineering,State Level,I,2023-24,60,55
2008,"Government College of Engineering, Aurangabad",Electrical Engineering,PWD,I,2023-24,60,2
2008,"Government College of Engineering, Aurangabad",Electrical Engineering,DEF,I,2023-24,60,2
2008,"Government College of Engineering, Aurangabad",Electronics and Telecommunication Engg,State Level,I,2023-24,60,55
2008,"Government College of Engineering, Aurangabad",Electronics and Telecommunication Engg,PWD,I,2023-24,60,2
2008,"Government College of Engineering, Aurangabad",Electronics and Telecommunication Engg,DEF,I,2023-24,60,2
2008,"Government College of Engineering, Aurangabad",Mechanical Engineering,State Level,I,2023-24,60,55
2008,"Government College of Engineering, Aurangabad",Mechanical Engineering,PWD,I,2023-24,60,2
2008,"Government College of Engineering, Aurangabad",Mechanical Engineering,DEF,I,2023-24,60,2
2020,"Shri Guru Gobind Singhji Institute of Engineering and Technology, Nanded",Civil Engineering,State Level,I,2023-24,60,53
2020,"Shri Guru Gobind Singhji Institute of Engineering and Technology, Nanded",Civil Engineering,PWD,I,2023-24,60,2
2020,"Shri Guru Gobind Singhji Institute of Engineering and Technology, Nanded",Civil Engineering,DEF,I,2023-24,60,2
2020,"Shri Guru Gobind Singhji Institute of Engineering and Technology, Nanded",Computer Science and Engineering,State Level,I,2023-24,120,109
2020,"Shri Guru Gobind Singhji Institute of Engineering and Technology, Nanded",Computer Science and Engineering,PWD,I,2023-24,120,4
2020,"Shri Guru Gobind Singhji Institute of Engineering and Technology, Nanded",Computer Science and Engineering,DEF,I,2023-24,120,4
2020,"Shri Guru Gobind Singhji Institute of Engineering and Technology, Nanded",Information Technology,State Level,I,2023-24,60,53
2020,"Shri Guru Gobind Singhji Institute of Engineering and Technology, Nanded",Information Technology,PWD,I,2023-24,60,2
2020,"Shri Guru Gobind Singhji Institute of Engineering and Technology, Nanded",Information Technology,DEF,I,2023-24,60,2
2020,"Shri Guru Gobind Singhji Institute of Engineering and Technology, Nanded",Electrical Engineering,State Level,I,2023-24,30,26
2020,"Shri Guru Gobind Singhji Institute of Engineering and Technology, Nanded",Electrical Engineering,PWD,I,2023-24,30,1
2020,"Shri Guru Gobind Singhji Institute of Engineering and Technology, Nanded",Electrical Engineering,DEF,I,2023-24,30,1
2020,"Shri Guru Gobind Singhji Institute of Engineering and Technology, Nanded",Electronics and Telecommunication Engg,State Level,I,2023-24,120,109
2020,"Shri Guru Gobind Singhji Institute of Engineering and Technology, Nanded",Electronics and Telecommunication Engg,PWD,I,2023-24,120,4
2020,"Shri Guru Gobind Singhji Institute of Engineering and Technology, Nanded",Electronics and Telecommunication Engg,DEF,I,2023-24,120,4
2020,"Shri Guru Gobind Singhji Institute of Engineering and Technology, Nanded",Instrumentation Engineering,State Level,I,2023-24,40,36
2020,"Shri Guru Gobind Singhji Institute of Engineering and Technology, Nanded",Instrumentation Engineering,PWD,I,2023-24,40,1
2020,"Shri Guru Gobind Singhji Institute of Engineering and Technology, Nanded",Instrumentation Engineering,DEF,I,2023-24,40,1
2020,"Shri Guru Gobind Singhji Institute of Engineering and Technology, Nanded",Chemical Engineering,State Level,I,2023-24,30,26
2020,"Shri Guru Gobind Singhji Institute of Engineering and Technology, Nanded",Chemical Engineering,PWD,I,2023-24,30,1
2020,"Shri Guru Gobind Singhji Institute of Engineering and Technology, Nanded",Chemical Engineering,DEF,I,2023-24,30,1
2020,"Shri Guru Gobind Singhji Institute of Engineering and Technology, Nanded",Production Engineering,State Level,I,2023-24,60,53
2020,"Shri Guru Gobind Singhji Institute of Engineering and Technology, Nanded",Production Engineering,PWD,I,2023-24,60,2
2020,"Shri Guru Gobind Singhji Institute of Engineering and Technology, Nanded",Production Engineering,DEF,I,2023-24,60,2
2020,"Shri Guru Gobind Singhji Institute of Engineering and Technology, Nanded",Mechanical Engineering,State Level,I,2023-24,60,53
2020,"Shri Guru Gobind Singhji Institute of Engineering and Technology, Nanded",Mechanical Engineering,PWD,I,2023-24,60,2
2020,"Shri Guru Gobind Singhji Institute of Engineering and Technology, Nanded",Mechanical Engineering,DEF,I,2023-24,60,2
2020,"Shri Guru Gobind Singhji Institute of Engineering and Technology, Nanded",Textile Technology,State Level,I,2023-24,30,26
2020,"Shri Guru Gobind Singhji Institute of Engineering and Technology, Nanded",Textile Technology,PWD,I,2023-24,30,1
2020,"Shri Guru Gobind Singhji Institute of Engineering and Technology, Nanded",Textile Technology,DEF,I,2023-24,30,1
2032,"Institute of Chemical Technology, Mumbai Marathwada off campus, Jalna",Chemical Engineering,State Level,I,2023-24,60,40
2032,"Institute of Chemical Technology, Mumbai Marathwada off campus, Jalna",Chemical Engineering,PWD,I,2023-24,60,1
2032,"Institute of Chemical Technology, Mumbai Marathwada off campus, Jalna",Chemical Engineering,DEF,I,2023-24,60,1
2113,"G. S. Mandal's Maharashtra Institute of Technology, Aurangabad",Agricultural Engineering,State Level,I,2023-24,30,23
2113,"G. S. Mandal's Maharashtra Institute of Technology, Aurangabad",Agricultural Engineering,PWD,I,2023-24,30,1
2113,"G. S. Mandal's Maharashtra Institute of Technology, Aurangabad",Agricultural Engineering,DEF,I,2023-24,30,1
2113,"G. S. Mandal's Maharashtra Institute of Technology, Aurangabad",Civil Engineering,State Level,I,2023-24,180,139
2113,"G. S. Mandal's Maharashtra Institute of Technology, Aurangabad",Civil Engineering,PWD,I,2023-24,180,6
2113,"G. S. Mandal's Maharashtra Institute of Technology, Aurangabad",Civil Engineering,DEF,I,2023-24,180,6
2113,"G. S. Mandal's Maharashtra Institute of Technology, Aurangabad",Computer Science and Engineering,State Level,I,2023-24,240,142
2113,"G. S. Mandal's Maharashtra Institute of Technology, Aurangabad",Computer Science and Engineering,PWD,I,2023-24,240,6
2113,"G. S. Mandal's Maharashtra Institute of Technology, Aurangabad",Computer Science and Engineering,DEF,I,2023-24,240,6
2113,"G. S. Mandal's Maharashtra Institute of Technology, Aurangabad",Computer Science and Design,State Level,I,2023-24,120,95
2113,"G. S. Mandal's Maharashtra Institute of Technology, Aurangabad",Computer Science and Design,PWD,I,2023-24,120,3
2113,"G. S. Mandal's Maharashtra Institute of Technology, Aurangabad",Computer Science and Design,DEF,I,2023-24,120,3
2113,"G. S. Mandal's Maharashtra Institute of Technology, Aurangabad",Artificial Intelligence (AI) and Data Science,State Level,I,2023-24,120,73
2113,"G. S. Mandal's Maharashtra Institute of Technology, Aurangabad",Artificial Intelligence (AI) and Data Science,PWD,I,2023-24,120,2
2113,"G. S. Mandal's Maharashtra Institute of Technology, Aurangabad",Artificial Intelligence (AI) and Data Science,DEF,I,2023-24,120,2
2113,"G. S. Mandal's Maharashtra Institute of Technology, Aurangabad",Electrical Engineering,State Level,I,2023-24,120,95
2113,"G. S. Mandal's Maharashtra Institute of Technology, Aurangabad",Electrical Engineering,PWD,I,2023-24,120,3
2113,"G. S. Mandal's Maharashtra Institute of Technology, Aurangabad",Electrical Engineering,DEF,I,2023-24,120,3
2113,"G. S. Mandal's Maharashtra Institute of Technology, Aurangabad",Plastic and Polymer Engineering,State Level,I,2023-24,60,46
2113,"G. S. Mandal's Maharashtra Institute of Technology, Aurangabad",Plastic and Polymer Engineering,PWD,I,2023-24,60,2
2113,"G. S. Mandal's Maharashtra Institute of Technology, Aurangabad",Plastic and Polymer Engineering,DEF,I,2023-24,60,2
2113,"G. S. Mandal's Maharashtra Institute of Technology, Aurangabad",Mechanical Engineering,State Level,I,2023-24,120,95
2113,"G. S. Mandal's Maharashtra Institute of Technology, Aurangabad",Mechanical Engineering,PWD,I,2023-24,120,3
2113,"G. S. Mandal's Maharashtra Institute of Technology, Aurangabad",Mechanical Engineering,DEF,I,2023-24,120,3
2113,"G. S. Mandal's Maharashtra Institute of Technology, Aurangabad",Electronics and Computer Engineering,State Level,I,2023-24,120,95
2113,"G. S. Mandal's Maharashtra Institute of Technology, Aurangabad",Electronics and Computer Engineering,PWD,I,2023-24,120,3
2113,"G. S. Mandal's Maharashtra Institute of Technology, Aurangabad",Electronics and Computer Engineering,DEF,I,2023-24,120,3
3012,"Veermata Jijabai Technological Institute(VJTI), Matunga, Mumbai",Civil Engineering,State Level,I,2023-24,60,55
3012,"Veermata Jijabai Technological Institute(VJTI), Matunga, Mumbai",Civil Engineering,PWD,I,2023-24,60,2
3012,"Veermata Jijabai Technological Institute(VJTI), Matunga, Mumbai",Civil Engineering,DEF,I,2023-24,60,2
3012,"Veermata Jijabai Technological Institute(VJTI), Matunga, Mumbai",Computer Engineering,State Level,I,2023-24,60,55
3012,"Veermata Jijabai Technological Institute(VJTI), Matunga, Mumbai",Computer Engineering,PWD,I,2023-24,60,2
3012,"Veermata Jijabai Technological Institute(VJTI), Matunga, Mumbai",Computer Engineering,DEF,I,2023-24,60,2
3012,"Veermata Jijabai Technological Institute(VJTI), Matunga, Mumbai",Information Technology,State Level,I,2023-24,60,55
3012,"Veermata Jijabai Technological Institute(VJTI), Matunga, Mumbai",Information Technology,PWD,I,2023-24,60,2
3012,"Veermata Jijabai Technological Institute(VJTI), Matunga, Mumbai",Information Technology,DEF,I,2023-24,60,2
3012,"Veermata Jijabai Technological Institute(VJTI), Matunga, Mumbai",Electrical Engineering,State Level,I,2023-24,60,55
3012,"Veermata Jijabai Technological Institute(VJTI), Matunga, Mumbai",Electrical Engineering,PWD,I,2023-24,60,2
3012,"Veermata Jijabai Technological Institute(VJTI), Matunga, Mumbai",Electrical Engineering,DEF,I,2023-24,60,2
3012,"Veermata Jijabai Technological Institute(VJTI), Matunga, Mumbai",Electronics and Telecommunication Engg,State Level,I,2023-24,60,55
3012,"Veermata Jijabai Technological Institute(VJTI), Matunga, Mumbai",Electronics and Telecommunication Engg,PWD,I,2023-24,60,2
3012,"Veermata Jijabai Technological Institute(VJTI), Matunga, Mumbai",Electronics and Telecommunication Engg,DEF,I,2023-24,60,2
3012,"Veermata Jijabai Technological Institute(VJTI), Matunga, Mumbai",Electronics Engineering,State Level,I,2023-24,60,55
3012,"Veermata Jijabai Technological Institute(VJTI), Matunga, Mumbai",Electronics Engineering,PWD,I,2023-24,60,2
3012,"Veermata Jijabai Technological Institute(VJTI), Matunga, Mumbai",Electronics Engineering,DEF,I,2023-24,60,2
3012,"Veermata Jijabai Technological Institute(VJTI), Matunga, Mumbai",Mechanical Engineering,State Level,I,2023-24,60,55
3012,"Veermata Jijabai Technological Institute(VJTI), Matunga, Mumbai",Mechanical Engineering,PWD,I,2023-24,60,2
3012,"Veermata Jijabai Technological Institute(VJTI), Matunga, Mumbai",Mechanical Engineering,DEF,I,2023-24,60,2
3012,"Veermata Jijabai Technological Institute(VJTI), Matunga, Mumbai",Production Engineering[Sandwich],State Level,I,2023-24,60,55
3012,"Veermata Jijabai Technological Institute(VJTI), Matunga, Mumbai",Production Engineering[Sandwich],PWD,I,2023-24,60,2
3012,"Veermata Jijabai Technological Institute(VJTI), Matunga, Mumbai",Production Engineering[Sandwich],DEF,I,2023-24,60,2
3012,"Veermata Jijabai Technological Institute(VJTI), Matunga, Mumbai",Textile Technology,State Level,I,2023-24,60,55
3012,"Veermata Jijabai Technological Institute(VJTI), Matunga, Mumbai",Textile Technology,PWD,I,2023-24,60,2
3012,"Veermata Jijabai Technological Institute(VJTI), Matunga, Mumbai",Textile Technology,DEF,I,2023-24,60,2
3014,"Sardar Patel College of Engineering, Andheri",Civil Engineering,State Level,I,2023-24,60,55
3014,"Sardar Patel College of Engineering, Andheri",Civil Engineering,PWD,I,2023-24,60,2
3014,"Sardar Patel College of Engineering, Andheri",Civil Engineering,DEF,I,2023-24,60,2
3014,"Sardar Patel College of Engineering, Andheri",Electrical Engineering,State Level,I,2023-24,60,55
3014,"Sardar Patel College of Engineering, Andheri",Electrical Engineering,PWD,I,2023-24,60,2
3014,"Sardar Patel College of Engineering, Andheri",Electrical Engineering,DEF,I,2023-24,60,2
3014,"Sardar Patel College of Engineering, Andheri",Mechanical Engineering,State Level,I,2023-24,60,55
3014,"Sardar Patel College of Engineering, Andheri",Mechanical Engineering,PWD,I,2023-24,60,2
3014,"Sardar Patel College of Engineering, Andheri",Mechanical Engineering,DEF,I,2023-24,60,2
3036,"Institute of Chemical Technology, Matunga, Mumbai",Chemical Engineering,State Level,I,2023-24,75,47
3036,"Institute of Chemical Technology, Matunga, Mumbai",Chemical Engineering,PWD,I,2023-24,75,2
3036,"Institute of Chemical Technology, Matunga, Mumbai",Chemical Engineering,DEF,I,2023-24,75,2
3036,"Institute of Chemical Technology, Matunga, Mumbai",Dyestuff Technology,State Level,I,2023-24,18,11
3036,"Institute of Chemical Technology, Matunga, Mumbai",Dyestuff Technology,PWD,I,2023-24,18,1
3036,"Institute of Chemical Technology, Matunga, Mumbai",Dyestuff Technology,DEF,I,2023-24,18,1
3036,"Institute of Chemical Technology, Matunga, Mumbai","Oil,Oleochemicals and Surfactants Technology",State Level,I,2023-24,16,9
3036,"Institute of Chemical Technology, Matunga, Mumbai","Oil,Oleochemicals and Surfactants Technology",PWD,I,2023-24,16,1
3036,"Institute of Chemical Technology, Matunga, Mumbai","Oil,Oleochemicals and Surfactants Technology",DEF,I,2023-24,16,1
3036,"Institute of Chemical Technology, Matunga, Mumbai",Pharmaceuticals Chemistry and Technology,State Level,I,2023-24,18,11
3036,"Institute of Chemical Technology, Matunga, Mumbai",Pharmaceuticals Chemistry and Technology,PWD,I,2023-24,18,1
3036,"Institute of Chemical Technology, Matunga, Mumbai",Pharmaceuticals Chemistry and Technology,DEF,I,2023-24,18,1
3036,"Institute of Chemical Technology, Matunga, Mumbai",Fibres and Textile Processing Technology,State Level,I,2023-24,34,22
3036,"Institute of Chemical Technology, Matunga, Mumbai",Fibres and Textile Processing Technology,PWD,I,2023-24,34,1
3036,"Institute of Chemical Technology, Matunga, Mumbai",Fibres and Textile Processing Technology,DEF,I,2023-24,34,1
3036,"Institute of Chemical Technology, Matunga, Mumbai",Polymer Engineering and Technology,State Level,I,2023-24,16,9
3036,"Institute of Chemical Technology, Matunga, Mumbai",Polymer Engineering and Technology,PWD,I,2023-24,16,1
3036,"Institute of Chemical Technology, Matunga, Mumbai",Polymer Engineering and Technology,DEF,I,2023-24,16,1
3036,"Institute of Chemical Technology, Matunga, Mumbai",Food Engineering and Technology,State Level,I,2023-24,16,9
3036,"Institute of Chemical Technology, Matunga, Mumbai",Food Engineering and Technology,PWD,I,2023-24,16,1
3036,"Institute of Chemical Technology, Matunga, Mumbai",Food Engineering and Technology,DEF,I,2023-24,16,1
3036,"Institute of Chemical Technology, Matunga, Mumbai",Surface Coating Technology,State Level,I,2023-24,16,9
3036,"Institute of Chemical Technology, Matunga, Mumbai",Surface Coating Technology,PWD,I,2023-24,16,1
3036,"Institute of Chemical Technology, Matunga, Mumbai",Surface Coating Technology,DEF,I,2023-24,16,1
3139,"Vidyalankar Institute of Technology,Wadala, Mumbai",Computer Engineering,State Level,I,2023-24,180,108
3139,"Vidyalankar Institute of Technology,Wadala, Mumbai",Computer Engineering,PWD,I,2023-24,180,4
3139,"Vidyalankar Institute of Technology,Wadala, Mumbai",Computer Engineering,DEF,I,2023-24,180,4
3139,"Vidyalankar Institute of Technology,Wadala, Mumbai",Information Technology,State Level,I,2023-24,180,108
3139,"Vidyalankar Institute of Technology,Wadala, Mumbai",Information Technology,PWD,I,2023-24,180,4
3139,"Vidyalankar Institute of Technology,Wadala, Mumbai",Information Technology,DEF,I,2023-24,180,4
3139,"Vidyalankar Institute of Technology,Wadala, Mumbai",Electronics and Telecommunication Engg,State Level,I,2023-24,120,73
3139,"Vidyalankar Institute of Technology,Wadala, Mumbai",Electronics and Telecommunication Engg,PWD,I,2023-24,120,2
3139,"Vidyalankar Institute of Technology,Wadala, Mumbai",Electronics and Telecommunication Engg,DEF,I,2023-24,120,2
3139,"Vidyalankar Institute of Technology,Wadala, Mumbai",Bio Medical Engineering,State Level,I,2023-24,60,37
3139,"Vidyalankar Institute of Technology,Wadala, Mumbai",Bio Medical Engineering,PWD,I,2023-24,60,1
3139,"Vidyalankar Institute of Technology,Wadala, Mumbai",Bio Medical Engineering,DEF,I,2023-24,60,1
3139,"Vidyalankar Institute of Technology,Wadala, Mumbai",Electronics and Computer Science,State Level,I,2023-24,120,73
3139,"Vidyalankar Institute of Technology,Wadala, Mumbai",Electronics and Computer Science,PWD,I,2023-24,120,2
3139,"Vidyalankar Institute of Technology,Wadala, Mumbai",Electronics and Computer Science,DEF,I,2023-24,120,2
3176,"Thakur College of Engineering and Technology, Kandivali, Mumbai",Internet of Things (IoT),State Level,I,2023-24,30,8
3176,"Thakur College of Engineering and Technology, Kandivali, Mumbai",Internet of Things (IoT),PWD,I,2023-24,30,0
3176,"Thakur College of Engineering and Technology, Kandivali, Mumbai",Internet of Things (IoT),DEF,I,2023-24,30,0
3176,"Thakur College of Engineering and Technology, Kandivali, Mumbai",Artificial Intelligence and Machine Learning,State Level,I,2023-24,60,14
3176,"Thakur College of Engineering and Technology, Kandivali, Mumbai",Artificial Intelligence and Machine Learning,PWD,I,2023-24,60,0
3176,"Thakur College of Engineering and Technology, Kandivali, Mumbai",Artificial Intelligence and Machine Learning,DEF,I,2023-24,60,0
3176,"Thakur College of Engineering and Technology, Kandivali, Mumbai",Artificial Intelligence and Data Science,State Level,I,2023-24,120,30
3176,"Thakur College of Engineering and Technology, Kandivali, Mumbai",Artificial Intelligence and Data Science,PWD,I,2023-24,120,0
3176,"Thakur College of Engineering and Technology, Kandivali, Mumbai",Artificial Intelligence and Data Science,DEF,I,2023-24,120,0
3176,"Thakur College of Engineering and Technology, Kandivali, Mumbai",Civil Engineering,State Level,I,2023-24,60,14
3176,"Thakur College of Engineering and Technology, Kandivali, Mumbai",Civil Engineering,PWD,I,2023-24,60,0
3176,"Thakur College of Engineering and Technology, Kandivali, Mumbai",Civil Engineering,DEF,I,2023-24,60,0
3176,"Thakur College of Engineering and Technology, Kandivali, Mumbai",Computer Engineering,State Level,I,2023-24,180,44
3176,"Thakur College of Engineering and Technology, Kandivali, Mumbai",Computer Engineering,PWD,I,2023-24,180,0
3176,"Thakur College of Engineering and Technology, Kandivali, Mumbai",Computer Engineering,DEF,I,2023-24,180,0
3176,"Thakur College of Engineering and Technology, Kandivali, Mumbai",Information Technology,State Level,I,2023-24,180,44
3176,"Thakur College of Engineering and Technology, Kandivali, Mumbai",Information Technology,PWD,I,2023-24,180,0
3176,"Thakur College of Engineering and Technology, Kandivali, Mumbai",Information Technology,DEF,I,2023-24,180,0
3176,"Thakur College of Engineering and Technology, Kandivali, Mumbai",Mechanical and Mechatronics Engineering (Additive,State Level,I,2023-24,60,14
3176,"Thakur College of Engineering and Technology, Kandivali, Mumbai",Mechanical and Mechatronics Engineering (Additive,PWD,I,2023-24,60,0
3176,"Thakur College of Engineering and Technology, Kandivali, Mumbai",Mechanical and Mechatronics Engineering (Additive,DEF,I,2023-24,60,0
3176,"Thakur College of Engineering and Technology, Kandivali, Mumbai",Electronics and Telecommunication Engg,State Level,I,2023-24,120,30
3176,"Thakur College of Engineering and Technology, Kandivali, Mumbai",Electronics and Telecommunication Engg,PWD,I,2023-24,120,0
3176,"Thakur College of Engineering and Technology, Kandivali, Mumbai",Electronics and Telecommunication Engg,DEF,I,2023-24,120,0
3176,"Thakur College of Engineering and Technology, Kandivali, Mumbai",Mechanical Engineering,State Level,I,2023-24,60,14
3176,"Thakur College of Engineering and Technology, Kandivali, Mumbai",Mechanical Engineering,PWD,I,2023-24,60,0
3176,"Thakur College of Engineering and Technology, Kandivali, Mumbai",Mechanical Engineering,DEF,I,2023-24,60,0
3176,"Thakur College of Engineering and Technology, Kandivali, Mumbai",Electronics and Computer Science,State Level,I,2023-24,60,14
3176,"Thakur College of Engineering and Technology, Kandivali, Mumbai",Electronics and Computer Science,PWD,I,2023-24,60,0
3176,"Thakur College of Engineering and Technology, Kandivali, Mumbai",Electronics and Computer Science,DEF,I,2023-24,60,0
3176,"Thakur College of Engineering and Technology, Kandivali, Mumbai",Computer Science and Engineering(Cyber Security),State Level,I,2023-24,60,14
3176,"Thakur College of Engineering and Technology, Kandivali, Mumbai",Computer Science and Engineering(Cyber Security),PWD,I,2023-24,60,0
3176,"Thakur College of Engineering and Technology, Kandivali, Mumbai",Computer Science and Engineering(Cyber Security),DEF,I,2023-24,60,0
3185,"Vivekanand Education Society's Institute of Technology, Chembur, Mumbai",Computer Engineering,State Level,I,2023-24,180,75
3185,"Vivekanand Education Society's Institute of Technology, Chembur, Mumbai",Computer Engineering,PWD,I,2023-24,180,0
3185,"Vivekanand Education Society's Institute of Technology, Chembur, Mumbai",Computer Engineering,DEF,I,2023-24,180,0
3185,"Vivekanand Education Society's Institute of Technology, Chembur, Mumbai",Information Technology,State Level,I,2023-24,180,75
3185,"Vivekanand Education Society's Institute of Technology, Chembur, Mumbai",Information Technology,PWD,I,2023-24,180,0
3185,"Vivekanand Education Society's Institute of Technology, Chembur, Mumbai",Information Technology,DEF,I,2023-24,180,0
3185,"Vivekanand Education Society's Institute of Technology, Chembur, Mumbai",Electronics and Telecommunication Engg,State Level,I,2023-24,120,50
3185,"Vivekanand Education Society's Institute of Technology, Chembur, Mumbai",Electronics and Telecommunication Engg,PWD,I,2023-24,120,0
3185,"Vivekanand Education Society's Institute of Technology, Chembur, Mumbai",Electronics and Telecommunication Engg,DEF,I,2023-24,120,0
3185,"Vivekanand Education Society's Institute of Technology, Chembur, Mumbai",Electronics and Computer Science,State Level,I,2023-24,60,25
3185,"Vivekanand Education Society's Institute of Technology, Chembur, Mumbai",Electronics and Computer Science,PWD,I,2023-24,60,0
3185,"Vivekanand Education Society's Institute of Technology, Chembur, Mumbai",Electronics and Computer Science,DEF,I,2023-24,60,0
3185,"Vivekanand Education Society's Institute of Technology, Chembur, Mumbai",Automation and Robotics,State Level,I,2023-24,60,25
3185,"Vivekanand Education Society's Institute of Technology, Chembur, Mumbai",Automation and Robotics,PWD,I,2023-24,60,0
3185,"Vivekanand Education Society's Institute of Technology, Chembur, Mumbai",Automation and Robotics,DEF,I,2023-24,60,0
3185,"Vivekanand Education Society's Institute of Technology, Chembur, Mumbai",Artificial Intelligence and Data Science,State Level,I,2023-24,120,50
3185,"Vivekanand Education Society's Institute of Technology, Chembur, Mumbai",Artificial Intelligence and Data Science,PWD,I,2023-24,120,0
3185,"Vivekanand Education Society's Institute of Technology, Chembur, Mumbai",Artificial Intelligence and Data Science,DEF,I,2023-24,120,0
3199,"Shri Vile Parle Kelvani Mandal's Dwarkadas J. Sanghvi College of Engineering, Vile Parle,Mumbai",Computer Engineering,State Level,I,2023-24,180,44
3199,"Shri Vile Parle Kelvani Mandal's Dwarkadas J. Sanghvi College of Engineering, Vile Parle,Mumbai",Computer Engineering,PWD,I,2023-24,180,0
3199,"Shri Vile Parle Kelvani Mandal's Dwarkadas J. Sanghvi College of Engineering, Vile Parle,Mumbai",Computer Engineering,DEF,I,2023-24,180,0
3199,"Shri Vile Parle Kelvani Mandal's Dwarkadas J. Sanghvi College of Engineering, Vile Parle,Mumbai",Information Technology,State Level,I,2023-24,180,44
3199,"Shri Vile Parle Kelvani Mandal's Dwarkadas J. Sanghvi College of Engineering, Vile Parle,Mumbai",Information Technology,PWD,I,2023-24,180,0
3199,"Shri Vile Parle Kelvani Mandal's Dwarkadas J. Sanghvi College of Engineering, Vile Parle,Mumbai",Information Technology,DEF,I,2023-24,180,0
3199,"Shri Vile Parle Kelvani Mandal's Dwarkadas J. Sanghvi College of Engineering, Vile Parle,Mumbai",Artificial Intelligence (AI) and Data Science,State Level,I,2023-24,60,14
3199,"Shri Vile Parle Kelvani Mandal's Dwarkadas J. Sanghvi College of Engineering, Vile Parle,Mumbai",Artificial Intelligence (AI) and Data Science,PWD,I,2023-24,60,0
3199,"Shri Vile Parle Kelvani Mandal's Dwarkadas J. Sanghvi College of Engineering, Vile Parle,Mumbai",Artificial Intelligence (AI) and Data Science,DEF,I,2023-24,60,0
3199,"Shri Vile Parle Kelvani Mandal's Dwarkadas J. Sanghvi College of Engineering, Vile Parle,Mumbai",Electronics and Telecommunication Engg,State Level,I,2023-24,180,44
3199,"Shri Vile Parle Kelvani Mandal's Dwarkadas J. Sanghvi College of Engineering, Vile Parle,Mumbai",Electronics and Telecommunication Engg,PWD,I,2023-24,180,0
3199,"Shri Vile Parle Kelvani Mandal's Dwarkadas J. Sanghvi College of Engineering, Vile Parle,Mumbai",Electronics and Telecommunication Engg,DEF,I,2023-24,180,0
3199,"Shri Vile Parle Kelvani Mandal's Dwarkadas J. Sanghvi College of Engineering, Vile Parle,Mumbai",Mechanical Engineering,State Level,I,2023-24,180,44
3199,"Shri Vile Parle Kelvani Mandal's Dwarkadas J. Sanghvi College of Engineering, Vile Parle,Mumbai",Mechanical Engineering,PWD,I,2023-24,180,0
3199,"Shri Vile Parle Kelvani Mandal's Dwarkadas J. Sanghvi College of Engineering, Vile Parle,Mumbai",Mechanical Engineering,DEF,I,2023-24,180,0
3199,"Shri Vile Parle Kelvani Mandal's Dwarkadas J. Sanghvi College of Engineering, Vile Parle,Mumbai",Computer Science and Engineering(Data Science),State Level,I,2023-24,120,30
3199,"Shri Vile Parle Kelvani Mandal's Dwarkadas J. Sanghvi College of Engineering, Vile Parle,Mumbai",Computer Science and Engineering(Data Science),PWD,I,2023-24,120,0
3199,"Shri Vile Parle Kelvani Mandal's Dwarkadas J. Sanghvi College of Engineering, Vile Parle,Mumbai",Computer Science and Engineering(Data Science),DEF,I,2023-24,120,0
3199,"Shri Vile Parle Kelvani Mandal's Dwarkadas J. Sanghvi College of Engineering, Vile Parle,Mumbai",Computer Science and Engineering (Internet of,State Level,I,2023-24,60,14
3199,"Shri Vile Parle Kelvani Mandal's Dwarkadas J. Sanghvi College of Engineering, Vile Parle,Mumbai",Computer Science and Engineering (Internet of,PWD,I,2023-24,60,0
3199,"Shri Vile Parle Kelvani Mandal's Dwarkadas J. Sanghvi College of Engineering, Vile Parle,Mumbai",Computer Science and Engineering (Internet of,DEF,I,2023-24,60,0
3199,"Shri Vile Parle Kelvani Mandal's Dwarkadas J. Sanghvi College of Engineering, Vile Parle,Mumbai",Artificial Intelligence and Machine Learning,State Level,I,2023-24,60,14
3199,"Shri Vile Parle Kelvani Mandal's Dwarkadas J. Sanghvi College of Engineering, Vile Parle,Mumbai",Artificial Intelligence and Machine Learning,PWD,I,2023-24,60,0
3199,"Shri Vile Parle Kelvani Mandal's Dwarkadas J. Sanghvi College of Engineering, Vile Parle,Mumbai",Artificial Intelligence and Machine Learning,DEF,I,2023-24,60,0
3207,"Mahatma Education Society's Pillai College of Engineering, New Panvel",Computer Engineering,State Level,I,2023-24,180,44
3207,"Mahatma Education Society's Pillai College of Engineering, New Panvel",Computer Engineering,PWD,I,2023-24,180,0
3207,"Mahatma Education Society's Pillai College of Engineering, New Panvel",Computer Engineering,DEF,I,2023-24,180,0
3207,"Mahatma Education Society's Pillai College of Engineering, New Panvel",Information Technology,State Level,I,2023-24,120,30
3207,"Mahatma Education Society's Pillai College of Engineering, New Panvel",Information Technology,PWD,I,2023-24,120,0
3207,"Mahatma Education Society's Pillai College of Engineering, New Panvel",Information Technology,DEF,I,2023-24,120,0
3207,"Mahatma Education Society's Pillai College of Engineering, New Panvel",Electronics and Telecommunication Engg,State Level,I,2023-24,120,30
3207,"Mahatma Education Society's Pillai College of Engineering, New Panvel",Electronics and Telecommunication Engg,PWD,I,2023-24,120,0
3207,"Mahatma Education Society's Pillai College of Engineering, New Panvel",Electronics and Telecommunication Engg,DEF,I,2023-24,120,0
3207,"Mahatma Education Society's Pillai College of Engineering, New Panvel",Automobile Engineering,State Level,I,2023-24,60,14
3207,"Mahatma Education Society's Pillai College of Engineering, New Panvel",Automobile Engineering,PWD,I,2023-24,60,0
3207,"Mahatma Education Society's Pillai College of Engineering, New Panvel",Automobile Engineering,DEF,I,2023-24,60,0
3207,"Mahatma Education Society's Pillai College of Engineering, New Panvel",Mechanical Engineering,State Level,I,2023-24,60,14
3207,"Mahatma Education Society's Pillai College of Engineering, New Panvel",Mechanical Engineering,PWD,I,2023-24,60,0
3207,"Mahatma Education Society's Pillai College of Engineering, New Panvel",Mechanical Engineering,DEF,I,2023-24,60,0
3207,"Mahatma Education Society's Pillai College of Engineering, New Panvel",Electronics and Computer Science,State Level,I,2023-24,90,22
3207,"Mahatma Education Society's Pillai College of Engineering, New Panvel",Electronics and Computer Science,PWD,I,2023-24,90,0
3207,"Mahatma Education Society's Pillai College of Engineering, New Panvel",Electronics and Computer Science,DEF,I,2023-24,90,0
3209,K J Somaiya Institute of Technology,Computer Engineering,State Level,I,2023-24,120,50
3209,K J Somaiya Institute of Technology,Computer Engineering,PWD,I,2023-24,120,0
3209,K J Somaiya Institute of Technology,Computer Engineering,DEF,I,2023-24,120,0
3209,K J Somaiya Institute of Technology,Information Technology,State Level,I,2023-24,120,50
3209,K J Somaiya Institute of Technology,Information Technology,PWD,I,2023-24,120,0
3209,K J Somaiya Institute of Technology,Information Technology,DEF,I,2023-24,120,0
3209,K J Somaiya Institute of Technology,Electronics and Telecommunication Engg,State Level,I,2023-24,120,50
3209,K J Somaiya Institute of Technology,Electronics and Telecommunication Engg,PWD,I,2023-24,120,0
3209,K J Somaiya Institute of Technology,Electronics and Telecommunication Engg,DEF,I,2023-24,120,0
3209,K J Somaiya Institute of Technology,Artificial Intelligence and Data Science,State Level,I,2023-24,120,50
3209,K J Somaiya Institute of Technology,Artificial Intelligence and Data Science,PWD,I,2023-24,120,0
3209,K J Somaiya Institute of Technology,Artificial Intelligence and Data Science,DEF,I,2023-24,120,0
3215,"Bhartiya Vidya Bhavan's Sardar Patel Institute of Technology , Andheri, Mumbai",Computer Science and Engineering,State Level,I,2023-24,120,73
3215,"Bhartiya Vidya Bhavan's Sardar Patel Institute of Technology , Andheri, Mumbai",Computer Science and Engineering,PWD,I,2023-24,120,2
3215,"Bhartiya Vidya Bhavan's Sardar Patel Institute of Technology , Andheri, Mumbai",Computer Science and Engineering,DEF,I,2023-24,120,2
3215,"Bhartiya Vidya Bhavan's Sardar Patel Institute of Technology , Andheri, Mumbai",Computer Engineering,State Level,I,2023-24,240,142
3215,"Bhartiya Vidya Bhavan's Sardar Patel Institute of Technology , Andheri, Mumbai",Computer Engineering,PWD,I,2023-24,240,6
3215,"Bhartiya Vidya Bhavan's Sardar Patel Institute of Technology , Andheri, Mumbai",Computer Engineering,DEF,I,2023-24,240,6
3215,"Bhartiya Vidya Bhavan's Sardar Patel Institute of Technology , Andheri, Mumbai",Electronics and Telecommunication Engg,State Level,I,2023-24,120,73
3215,"Bhartiya Vidya Bhavan's Sardar Patel Institute of Technology , Andheri, Mumbai",Electronics and Telecommunication Engg,PWD,I,2023-24,120,2
3215,"Bhartiya Vidya Bhavan's Sardar Patel Institute of Technology , Andheri, Mumbai",Electronics and Telecommunication Engg,DEF,I,2023-24,120,2
4115,"Shri Ramdeobaba College of Engineering and Management, Nagpur",Civil Engineering,State Level,I,2023-24,60,25
4115,"Shri Ramdeobaba College of Engineering and Management, Nagpur",Civil Engineering,PWD,I,2023-24,60,0
4115,"Shri Ramdeobaba College of Engineering and Management, Nagpur",Civil Engineering,DEF,I,2023-24,60,0
4115,"Shri Ramdeobaba College of Engineering and Management, Nagpur",Computer Science and Engineering,State Level,I,2023-24,180,44
4115,"Shri Ramdeobaba College of Engineering and Management, Nagpur",Computer Science and Engineering,PWD,I,2023-24,180,0
4115,"Shri Ramdeobaba College of Engineering and Management, Nagpur",Computer Science and Engineering,DEF,I,2023-24,180,0
4115,"Shri Ramdeobaba College of Engineering and Management, Nagpur",Information Technology,State Level,I,2023-24,60,14
4115,"Shri Ramdeobaba College of Engineering and Management, Nagpur",Information Technology,PWD,I,2023-24,60,0
4115,"Shri Ramdeobaba College of Engineering and Management, Nagpur",Information Technology,DEF,I,2023-24,60,0
4115,"Shri Ramdeobaba College of Engineering and Management, Nagpur",Electrical Engineering,State Level,I,2023-24,30,13
4115,"Shri Ramdeobaba College of Engineering and Management, Nagpur",Electrical Engineering,PWD,I,2023-24,30,0
4115,"Shri Ramdeobaba College of Engineering and Management, Nagpur",Electrical Engineering,DEF,I,2023-24,30,0
4115,"Shri Ramdeobaba College of Engineering and Management, Nagpur",Electronics and Communication Engineering,State Level,I,2023-24,120,50
4115,"Shri Ramdeobaba College of Engineering and Management, Nagpur",Electronics and Communication Engineering,PWD,I,2023-24,120,0
4115,"Shri Ramdeobaba College of Engineering and Management, Nagpur",Electronics and Communication Engineering,DEF,I,2023-24,120,0
4115,"Shri Ramdeobaba College of Engineering and Management, Nagpur",Bio Medical Engineering,State Level,I,2023-24,30,13
4115,"Shri Ramdeobaba College of Engineering and Management, Nagpur",Bio Medical Engineering,PWD,I,2023-24,30,0
4115,"Shri Ramdeobaba College of Engineering and Management, Nagpur",Bio Medical Engineering,DEF,I,2023-24,30,0
4115,"Shri Ramdeobaba College of Engineering and Management, Nagpur",Mechanical Engineering,State Level,I,2023-24,60,25
4115,"Shri Ramdeobaba College of Engineering and Management, Nagpur",Mechanical Engineering,PWD,I,2023-24,60,0
4115,"Shri Ramdeobaba College of Engineering and Management, Nagpur",Mechanical Engineering,DEF,I,2023-24,60,0
4115,"Shri Ramdeobaba College of Engineering and Management, Nagpur",Electronics and Computer Science,State Level,I,2023-24,120,50
4115,"Shri Ramdeobaba College of Engineering and Management, Nagpur",Electronics and Computer Science,PWD,I,2023-24,120,0
4115,"Shri Ramdeobaba College of Engineering and Management, Nagpur",Electronics and Computer Science,DEF,I,2023-24,120,0
4115,"Shri Ramdeobaba College of Engineering and Management, Nagpur",Computer Science and Engineering(Cyber Security),State Level,I,2023-24,60,14
4115,"Shri Ramdeobaba College of Engineering and Management, Nagpur",Computer Science and Engineering(Cyber Security),PWD,I,2023-24,60,0
4115,"Shri Ramdeobaba College of Engineering and Management, Nagpur",Computer Science and Engineering(Cyber Security),DEF,I,2023-24,60,0
4115,"Shri Ramdeobaba College of Engineering and Management, Nagpur",Computer Science and Engineering(Artificial,State Level,I,2023-24,180,44
4115,"Shri Ramdeobaba College of Engineering and Management, Nagpur",Computer Science and Engineering(Artificial,PWD,I,2023-24,180,0
4115,"Shri Ramdeobaba College of Engineering and Management, Nagpur",Computer Science and Engineering(Artificial,DEF,I,2023-24,180,0
4115,"Shri Ramdeobaba College of Engineering and Management, Nagpur",Computer Science and Engineering(Data Science),State Level,I,2023-24,180,44
4115,"Shri Ramdeobaba College of Engineering and Management, Nagpur",Computer Science and Engineering(Data Science),PWD,I,2023-24,180,0
4115,"Shri Ramdeobaba College of Engineering and Management, Nagpur",Computer Science and Engineering(Data Science),DEF,I,2023-24,180,0
4116,"Ankush Shikshan Sanstha's G.H.Raisoni College of Engineering, Nagpur",Civil Engineering,State Level,I,2023-24,60,25
4116,"Ankush Shikshan Sanstha's G.H.Raisoni College of Engineering, Nagpur",Civil Engineering,PWD,I,2023-24,60,0
4116,"Ankush Shikshan Sanstha's G.H.Raisoni College of Engineering, Nagpur",Civil Engineering,DEF,I,2023-24,60,0
4116,"Ankush Shikshan Sanstha's G.H.Raisoni College of Engineering, Nagpur",Computer Science and Engineering,State Level,I,2023-24,180,44
4116,"Ankush Shikshan Sanstha's G.H.Raisoni College of Engineering, Nagpur",Computer Science and Engineering,PWD,I,2023-24,180,0
4116,"Ankush Shikshan Sanstha's G.H.Raisoni College of Engineering, Nagpur",Computer Science and Engineering,DEF,I,2023-24,180,0
4116,"Ankush Shikshan Sanstha's G.H.Raisoni College of Engineering, Nagpur",Information Technology,State Level,I,2023-24,180,44
4116,"Ankush Shikshan Sanstha's G.H.Raisoni College of Engineering, Nagpur",Information Technology,PWD,I,2023-24,180,0
4116,"Ankush Shikshan Sanstha's G.H.Raisoni College of Engineering, Nagpur",Information Technology,DEF,I,2023-24,180,0
4116,"Ankush Shikshan Sanstha's G.H.Raisoni College of Engineering, Nagpur",Computer Science and Engineering (Cyber Security),State Level,I,2023-24,60,14
4116,"Ankush Shikshan Sanstha's G.H.Raisoni College of Engineering, Nagpur",Computer Science and Engineering (Cyber Security),PWD,I,2023-24,60,0
4116,"Ankush Shikshan Sanstha's G.H.Raisoni College of Engineering, Nagpur",Computer Science and Engineering (Cyber Security),DEF,I,2023-24,60,0
4116,"Ankush Shikshan Sanstha's G.H.Raisoni College of Engineering, Nagpur",Computer Science and Engineering (IoT),State Level,I,2023-24,60,14
4116,"Ankush Shikshan Sanstha's G.H.Raisoni College of Engineering, Nagpur",Computer Science and Engineering (IoT),PWD,I,2023-24,60,0
4116,"Ankush Shikshan Sanstha's G.H.Raisoni College of Engineering, Nagpur",Computer Science and Engineering (IoT),DEF,I,2023-24,60,0
4116,"Ankush Shikshan Sanstha's G.H.Raisoni College of Engineering, Nagpur",Electrical Engineering,State Level,I,2023-24,60,25
4116,"Ankush Shikshan Sanstha's G.H.Raisoni College of Engineering, Nagpur",Electrical Engineering,PWD,I,2023-24,60,0
4116,"Ankush Shikshan Sanstha's G.H.Raisoni College of Engineering, Nagpur",Electrical Engineering,DEF,I,2023-24,60,0
4116,"Ankush Shikshan Sanstha's G.H.Raisoni College of Engineering, Nagpur",Electronics and Telecommunication Engg,State Level,I,2023-24,60,14
4116,"Ankush Shikshan Sanstha's G.H.Raisoni College of Engineering, Nagpur",Electronics and Telecommunication Engg,PWD,I,2023-24,60,0
4116,"Ankush Shikshan Sanstha's G.H.Raisoni College of Engineering, Nagpur",Electronics and Telecommunication Engg,DEF,I,2023-24,60,0
4116,"Ankush Shikshan Sanstha's G.H.Raisoni College of Engineering, Nagpur",Electronics Engineering,State Level,I,2023-24,60,25
4116,"Ankush Shikshan Sanstha's G.H.Raisoni College of Engineering, Nagpur",Electronics Engineering,PWD,I,2023-24,60,0
4116,"Ankush Shikshan Sanstha's G.H.Raisoni College of Engineering, Nagpur",Electronics Engineering,DEF,I,2023-24,60,0
4116,"Ankush Shikshan Sanstha's G.H.Raisoni College of Engineering, Nagpur",Mechanical Engineering,State Level,I,2023-24,60,25
4116,"Ankush Shikshan Sanstha's G.H.Raisoni College of Engineering, Nagpur",Mechanical Engineering,PWD,I,2023-24,60,0
4116,"Ankush Shikshan Sanstha's G.H.Raisoni College of Engineering, Nagpur",Mechanical Engineering,DEF,I,2023-24,60,0
4116,"Ankush Shikshan Sanstha's G.H.Raisoni College of Engineering, Nagpur",Computer Science and Engineering(Artificial,State Level,I,2023-24,120,30
4116,"Ankush Shikshan Sanstha's G.H.Raisoni College of Engineering, Nagpur",Computer Science and Engineering(Artificial,PWD,I,2023-24,120,0
4116,"Ankush Shikshan Sanstha's G.H.Raisoni College of Engineering, Nagpur",Computer Science and Engineering(Artificial,DEF,I,2023-24,120,0
4116,"Ankush Shikshan Sanstha's G.H.Raisoni College of Engineering, Nagpur",Computer Science and Engineering (Artificial,State Level,I,2023-24,60,14
4116,"Ankush Shikshan Sanstha's G.H.Raisoni College of Engineering, Nagpur",Computer Science and Engineering (Artificial,PWD,I,2023-24,60,0
4116,"Ankush Shikshan Sanstha's G.H.Raisoni College of Engineering, Nagpur",Computer Science and Engineering (Artificial,DEF,I,2023-24,60,0
4116,"Ankush Shikshan Sanstha's G.H.Raisoni College of Engineering, Nagpur",Data Science,State Level,I,2023-24,60,14
4116,"Ankush Shikshan Sanstha's G.H.Raisoni College of Engineering, Nagpur",Data Science,PWD,I,2023-24,60,0
4116,"Ankush Shikshan Sanstha's G.H.Raisoni College of Engineering, Nagpur",Data Science,DEF,I,2023-24,60,0
4116,"Ankush Shikshan Sanstha's G.H.Raisoni College of Engineering, Nagpur",Artificial Intelligence,State Level,I,2023-24,120,30
4116,"Ankush Shikshan Sanstha's G.H.Raisoni College of Engineering, Nagpur",Artificial Intelligence,PWD,I,2023-24,120,0
4116,"Ankush Shikshan Sanstha's G.H.Raisoni College of Engineering, Nagpur",Artificial Intelligence,DEF,I,2023-24,120,0
4123,"Lokmanya Tilak Jankalyan Shikshan Sanstha, Priyadarshani College of Engineering, Nagpur",Aeronautical Engineering,State Level,I,2023-24,60,22
4123,"Lokmanya Tilak Jankalyan Shikshan Sanstha, Priyadarshani College of Engineering, Nagpur",Aeronautical Engineering,PWD,I,2023-24,60,0
4123,"Lokmanya Tilak Jankalyan Shikshan Sanstha, Priyadarshani College of Engineering, Nagpur",Aeronautical Engineering,DEF,I,2023-24,60,0
4123,"Lokmanya Tilak Jankalyan Shikshan Sanstha, Priyadarshani College of Engineering, Nagpur",Bio Technology,State Level,I,2023-24,60,20
4123,"Lokmanya Tilak Jankalyan Shikshan Sanstha, Priyadarshani College of Engineering, Nagpur",Bio Technology,PWD,I,2023-24,60,0
4123,"Lokmanya Tilak Jankalyan Shikshan Sanstha, Priyadarshani College of Engineering, Nagpur",Bio Technology,DEF,I,2023-24,60,0
4123,"Lokmanya Tilak Jankalyan Shikshan Sanstha, Priyadarshani College of Engineering, Nagpur",Civil Engineering,State Level,I,2023-24,120,50
4123,"Lokmanya Tilak Jankalyan Shikshan Sanstha, Priyadarshani College of Engineering, Nagpur",Civil Engineering,PWD,I,2023-24,120,0
4123,"Lokmanya Tilak Jankalyan Shikshan Sanstha, Priyadarshani College of Engineering, Nagpur",Civil Engineering,DEF,I,2023-24,120,0
4123,"Lokmanya Tilak Jankalyan Shikshan Sanstha, Priyadarshani College of Engineering, Nagpur",Computer Science and Engineering,State Level,I,2023-24,120,30
4123,"Lokmanya Tilak Jankalyan Shikshan Sanstha, Priyadarshani College of Engineering, Nagpur",Computer Science and Engineering,PWD,I,2023-24,120,0
4123,"Lokmanya Tilak Jankalyan Shikshan Sanstha, Priyadarshani College of Engineering, Nagpur",Computer Science and Engineering,DEF,I,2023-24,120,0
4123,"Lokmanya Tilak Jankalyan Shikshan Sanstha, Priyadarshani College of Engineering, Nagpur",Information Technology,State Level,I,2023-24,120,30
4123,"Lokmanya Tilak Jankalyan Shikshan Sanstha, Priyadarshani College of Engineering, Nagpur",Information Technology,PWD,I,2023-24,120,0
4123,"Lokmanya Tilak Jankalyan Shikshan Sanstha, Priyadarshani College of Engineering, Nagpur",Information Technology,DEF,I,2023-24,120,0
4123,"Lokmanya Tilak Jankalyan Shikshan Sanstha, Priyadarshani College of Engineering, Nagpur",Computer Technology,State Level,I,2023-24,120,30
4123,"Lokmanya Tilak Jankalyan Shikshan Sanstha, Priyadarshani College of Engineering, Nagpur",Computer Technology,PWD,I,2023-24,120,0
4123,"Lokmanya Tilak Jankalyan Shikshan Sanstha, Priyadarshani College of Engineering, Nagpur",Computer Technology,DEF,I,2023-24,120,0
4123,"Lokmanya Tilak Jankalyan Shikshan Sanstha, Priyadarshani College of Engineering, Nagpur",Industrial IoT,State Level,I,2023-24,60,20
4123,"Lokmanya Tilak Jankalyan Shikshan Sanstha, Priyadarshani College of Engineering, Nagpur",Industrial IoT,PWD,I,2023-24,60,0
4123,"Lokmanya Tilak Jankalyan Shikshan Sanstha, Priyadarshani College of Engineering, Nagpur",Industrial IoT,DEF,I,2023-24,60,0
4123,"Lokmanya Tilak Jankalyan Shikshan Sanstha, Priyadarshani College of Engineering, Nagpur",Robotics and Artificial Intelligence,State Level,I,2023-24,60,14
4123,"Lokmanya Tilak Jankalyan Shikshan Sanstha, Priyadarshani College of Engineering, Nagpur",Robotics and Artificial Intelligence,PWD,I,2023-24,60,0
4123,"Lokmanya Tilak Jankalyan Shikshan Sanstha, Priyadarshani College of Engineering, Nagpur",Robotics and Artificial Intelligence,DEF,I,2023-24,60,0
4123,"Lokmanya Tilak Jankalyan Shikshan Sanstha, Priyadarshani College of Engineering, Nagpur",Electrical Engineering,State Level,I,2023-24,120,45
4123,"Lokmanya Tilak Jankalyan Shikshan Sanstha, Priyadarshani College of Engineering, Nagpur",Electrical Engineering,PWD,I,2023-24,120,0
4123,"Lokmanya Tilak Jankalyan Shikshan Sanstha, Priyadarshani College of Engineering, Nagpur",Electrical Engineering,DEF,I,2023-24,120,0
4123,"Lokmanya Tilak Jankalyan Shikshan Sanstha, Priyadarshani College of Engineering, Nagpur",Electrical Engg[Electronics and Power],State Level,I,2023-24,60,25
4123,"Lokmanya Tilak Jankalyan Shikshan Sanstha, Priyadarshani College of Engineering, Nagpur",Electrical Engg[Electronics and Power],PWD,I,2023-24,60,0
4123,"Lokmanya Tilak Jankalyan Shikshan Sanstha, Priyadarshani College of Engineering, Nagpur",Electrical Engg[Electronics and Power],DEF,I,2023-24,60,0
4123,"Lokmanya Tilak Jankalyan Shikshan Sanstha, Priyadarshani College of Engineering, Nagpur",Electronics and Communication Engineering,State Level,I,2023-24,120,40
4123,"Lokmanya Tilak Jankalyan Shikshan Sanstha, Priyadarshani College of Engineering, Nagpur",Electronics and Communication Engineering,PWD,I,2023-24,120,0
4123,"Lokmanya Tilak Jankalyan Shikshan Sanstha, Priyadarshani College of Engineering, Nagpur",Electronics and Communication Engineering,DEF,I,2023-24,120,0
4123,"Lokmanya Tilak Jankalyan Shikshan Sanstha, Priyadarshani College of Engineering, Nagpur",Electronics and Telecommunication Engg,State Level,I,2023-24,120,40
4123,"Lokmanya Tilak Jankalyan Shikshan Sanstha, Priyadarshani College of Engineering, Nagpur",Electronics and Telecommunication Engg,PWD,I,2023-24,120,0
4123,"Lokmanya Tilak Jankalyan Shikshan Sanstha, Priyadarshani College of Engineering, Nagpur",Electronics and Telecommunication Engg,DEF,I,2023-24,120,0
4123,"Lokmanya Tilak Jankalyan Shikshan Sanstha, Priyadarshani College of Engineering, Nagpur",Chemical Engineering,State Level,I,2023-24,60,22
4123,"Lokmanya Tilak Jankalyan Shikshan Sanstha, Priyadarshani College of Engineering, Nagpur",Chemical Engineering,PWD,I,2023-24,60,0
4123,"Lokmanya Tilak Jankalyan Shikshan Sanstha, Priyadarshani College of Engineering, Nagpur",Chemical Engineering,DEF,I,2023-24,60,0
4123,"Lokmanya Tilak Jankalyan Shikshan Sanstha, Priyadarshani College of Engineering, Nagpur",Mechanical Engineering,State Level,I,2023-24,120,50
4123,"Lokmanya Tilak Jankalyan Shikshan Sanstha, Priyadarshani College of Engineering, Nagpur",Mechanical Engineering,PWD,I,2023-24,120,0
4123,"Lokmanya Tilak Jankalyan Shikshan Sanstha, Priyadarshani College of Engineering, Nagpur",Mechanical Engineering,DEF,I,2023-24,120,0
4123,"Lokmanya Tilak Jankalyan Shikshan Sanstha, Priyadarshani College of Engineering, Nagpur",Artificial Intelligence and Data Science,State Level,I,2023-24,120,30
4123,"Lokmanya Tilak Jankalyan Shikshan Sanstha, Priyadarshani College of Engineering, Nagpur",Artificial Intelligence and Data Science,PWD,I,2023-24,120,0
4123,"Lokmanya Tilak Jankalyan Shikshan Sanstha, Priyadarshani College of Engineering, Nagpur",Artificial Intelligence and Data Science,DEF,I,2023-24,120,0
4136,"Lokmanya Tilak Jankalyan Shikshan Sastha, Priyadarshini J. L. College Of Engineering, Nagpur",Civil Engineering,State Level,I,2023-24,60,25
4136,"Lokmanya Tilak Jankalyan Shikshan Sastha, Priyadarshini J. L. College Of Engineering, Nagpur",Civil Engineering,PWD,I,2023-24,60,0
4136,"Lokmanya Tilak Jankalyan Shikshan Sastha, Priyadarshini J. L. College Of Engineering, Nagpur",Civil Engineering,DEF,I,2023-24,60,0
4136,"Lokmanya Tilak Jankalyan Shikshan Sastha, Priyadarshini J. L. College Of Engineering, Nagpur",Computer Science and Engineering,State Level,I,2023-24,120,30
4136,"Lokmanya Tilak Jankalyan Shikshan Sastha, Priyadarshini J. L. College Of Engineering, Nagpur",Computer Science and Engineering,PWD,I,2023-24,120,0
4136,"Lokmanya Tilak Jankalyan Shikshan Sastha, Priyadarshini J. L. College Of Engineering, Nagpur",Computer Science and Engineering,DEF,I,2023-24,120,0
4136,"Lokmanya Tilak Jankalyan Shikshan Sastha, Priyadarshini J. L. College Of Engineering, Nagpur",Electrical Engineering,State Level,I,2023-24,60,25
4136,"Lokmanya Tilak Jankalyan Shikshan Sastha, Priyadarshini J. L. College Of Engineering, Nagpur",Electrical Engineering,PWD,I,2023-24,60,0
4136,"Lokmanya Tilak Jankalyan Shikshan Sastha, Priyadarshini J. L. College Of Engineering, Nagpur",Electrical Engineering,DEF,I,2023-24,60,0
4136,"Lokmanya Tilak Jankalyan Shikshan Sastha, Priyadarshini J. L. College Of Engineering, Nagpur",Electronics and Telecommunication Engg,State Level,I,2023-24,60,17
4136,"Lokmanya Tilak Jankalyan Shikshan Sastha, Priyadarshini J. L. College Of Engineering, Nagpur",Electronics and Telecommunication Engg,PWD,I,2023-24,60,0
4136,"Lokmanya Tilak Jankalyan Shikshan Sastha, Priyadarshini J. L. College Of Engineering, Nagpur",Electronics and Telecommunication Engg,DEF,I,2023-24,60,0
4136,"Lokmanya Tilak Jankalyan Shikshan Sastha, Priyadarshini J. L. College Of Engineering, Nagpur",Artificial Intelligence,State Level,I,2023-24,60,14
4136,"Lokmanya Tilak Jankalyan Shikshan Sastha, Priyadarshini J. L. College Of Engineering, Nagpur",Artificial Intelligence,PWD,I,2023-24,60,0
4136,"Lokmanya Tilak Jankalyan Shikshan Sastha, Priyadarshini J. L. College Of Engineering, Nagpur",Artificial Intelligence,DEF,I,2023-24,60,0
4137,"Sir Shantilal Badjate Charitable Trust's S. B. Jain Institute of technology, Management & Research, Nagpur",Computer Science and Engineering,State Level,I,2023-24,180,44
4137,"Sir Shantilal Badjate Charitable Trust's S. B. Jain Institute of technology, Management & Research, Nagpur",Computer Science and Engineering,PWD,I,2023-24,180,0
4137,"Sir Shantilal Badjate Charitable Trust's S. B. Jain Institute of technology, Management & Research, Nagpur",Computer Science and Engineering,DEF,I,2023-24,180,0
4137,"Sir Shantilal Badjate Charitable Trust's S. B. Jain Institute of technology, Management & Research, Nagpur",Electrical Engineering,State Level,I,2023-24,30,13
4137,"Sir Shantilal Badjate Charitable Trust's S. B. Jain Institute of technology, Management & Research, Nagpur",Electrical Engineering,PWD,I,2023-24,30,0
4137,"Sir Shantilal Badjate Charitable Trust's S. B. Jain Institute of technology, Management & Research, Nagpur",Electrical Engineering,DEF,I,2023-24,30,0
4137,"Sir Shantilal Badjate Charitable Trust's S. B. Jain Institute of technology, Management & Research, Nagpur",Electronics and Telecommunication Engg,State Level,I,2023-24,60,22
4137,"Sir Shantilal Badjate Charitable Trust's S. B. Jain Institute of technology, Management & Research, Nagpur",Electronics and Telecommunication Engg,PWD,I,2023-24,60,0
4137,"Sir Shantilal Badjate Charitable Trust's S. B. Jain Institute of technology, Management & Research, Nagpur",Electronics and Telecommunication Engg,DEF,I,2023-24,60,0
4137,"Sir Shantilal Badjate Charitable Trust's S. B. Jain Institute of technology, Management & Research, Nagpur",Mechanical Engineering,State Level,I,2023-24,30,13
4137,"Sir Shantilal Badjate Charitable Trust's S. B. Jain Institute of technology, Management & Research, Nagpur",Mechanical Engineering,PWD,I,2023-24,30,0
4137,"Sir Shantilal Badjate Charitable Trust's S. B. Jain Institute of technology, Management & Research, Nagpur",Mechanical Engineering,DEF,I,2023-24,30,0
4137,"Sir Shantilal Badjate Charitable Trust's S. B. Jain Institute of technology, Management & Research, Nagpur",Computer Science and Engineering(Artificial,State Level,I,2023-24,60,14
4137,"Sir Shantilal Badjate Charitable Trust's S. B. Jain Institute of technology, Management & Research, Nagpur",Computer Science and Engineering(Artificial,PWD,I,2023-24,60,0
4137,"Sir Shantilal Badjate Charitable Trust's S. B. Jain Institute of technology, Management & Research, Nagpur",Computer Science and Engineering(Artificial,DEF,I,2023-24,60,0
4137,"Sir Shantilal Badjate Charitable Trust's S. B. Jain Institute of technology, Management & Research, Nagpur",Computer Science and Engineering(Data Science),State Level,I,2023-24,60,14
4137,"Sir Shantilal Badjate Charitable Trust's S. B. Jain Institute of technology, Management & Research, Nagpur",Computer Science and Engineering(Data Science),PWD,I,2023-24,60,0
4137,"Sir Shantilal Badjate Charitable Trust's S. B. Jain Institute of technology, Management & Research, Nagpur",Computer Science and Engineering(Data Science),DEF,I,2023-24,60,0
4138,"Jaidev Education Society, J D College of Engineering and Management, Nagpur",Civil Engineering,State Level,I,2023-24,30,13
4138,"Jaidev Education Society, J D College of Engineering and Management, Nagpur",Civil Engineering,PWD,I,2023-24,30,0
4138,"Jaidev Education Society, J D College of Engineering and Management, Nagpur",Civil Engineering,DEF,I,2023-24,30,0
4138,"Jaidev Education Society, J D College of Engineering and Management, Nagpur",Computer Science and Engineering,State Level,I,2023-24,120,30
4138,"Jaidev Education Society, J D College of Engineering and Management, Nagpur",Computer Science and Engineering,PWD,I,2023-24,120,0
4138,"Jaidev Education Society, J D College of Engineering and Management, Nagpur",Computer Science and Engineering,DEF,I,2023-24,120,0
4138,"Jaidev Education Society, J D College of Engineering and Management, Nagpur",Information Technology,State Level,I,2023-24,90,37
4138,"Jaidev Education Society, J D College of Engineering and Management, Nagpur",Information Technology,PWD,I,2023-24,90,0
4138,"Jaidev Education Society, J D College of Engineering and Management, Nagpur",Information Technology,DEF,I,2023-24,90,0
4138,"Jaidev Education Society, J D College of Engineering and Management, Nagpur",Electrical Engineering,State Level,I,2023-24,30,13
4138,"Jaidev Education Society, J D College of Engineering and Management, Nagpur",Electrical Engineering,PWD,I,2023-24,30,0
4138,"Jaidev Education Society, J D College of Engineering and Management, Nagpur",Electrical Engineering,DEF,I,2023-24,30,0
4138,"Jaidev Education Society, J D College of Engineering and Management, Nagpur",Electronics and Telecommunication Engg,State Level,I,2023-24,60,25
4138,"Jaidev Education Society, J D College of Engineering and Management, Nagpur",Electronics and Telecommunication Engg,PWD,I,2023-24,60,0
4138,"Jaidev Education Society, J D College of Engineering and Management, Nagpur",Electronics and Telecommunication Engg,DEF,I,2023-24,60,0
4138,"Jaidev Education Society, J D College of Engineering and Management, Nagpur",Mechanical Engineering,State Level,I,2023-24,30,13
4138,"Jaidev Education Society, J D College of Engineering and Management, Nagpur",Mechanical Engineering,PWD,I,2023-24,30,0
4138,"Jaidev Education Society, J D College of Engineering and Management, Nagpur",Mechanical Engineering,DEF,I,2023-24,30,0
4138,"Jaidev Education Society, J D College of Engineering and Management, Nagpur",Computer Science and Engineering(Data Science),State Level,I,2023-24,60,25
4138,"Jaidev Education Society, J D College of Engineering and Management, Nagpur",Computer Science and Engineering(Data Science),PWD,I,2023-24,60,0
4138,"Jaidev Education Society, J D College of Engineering and Management, Nagpur",Computer Science and Engineering(Data Science),DEF,I,2023-24,60,0
4138,"Jaidev Education Society, J D College of Engineering and Management, Nagpur",Artificial Intelligence,State Level,I,2023-24,60,25
4138,"Jaidev Education Society, J D College of Engineering and Management, Nagpur",Artificial Intelligence,PWD,I,2023-24,60,0
4138,"Jaidev Education Society, J D College of Engineering and Management, Nagpur",Artificial Intelligence,DEF,I,2023-24,60,0
4139,"Samridhi Sarwajanik Charitable Trust, Jhulelal Institute of Technology, Nagpur",Computer Science and Engineering,State Level,I,2023-24,150,62
4139,"Samridhi Sarwajanik Charitable Trust, Jhulelal Institute of Technology, Nagpur",Computer Science and Engineering,PWD,I,2023-24,150,0
4139,"Samridhi Sarwajanik Charitable Trust, Jhulelal Institute of Technology, Nagpur",Computer Science and Engineering,DEF,I,2023-24,150,0
4139,"Samridhi Sarwajanik Charitable Trust, Jhulelal Institute of Technology, Nagpur",Electrical Engineering,State Level,I,2023-24,30,13
4139,"Samridhi Sarwajanik Charitable Trust, Jhulelal Institute of Technology, Nagpur",Electrical Engineering,PWD,I,2023-24,30,0
4139,"Samridhi Sarwajanik Charitable Trust, Jhulelal Institute of Technology, Nagpur",Electrical Engineering,DEF,I,2023-24,30,0
4139,"Samridhi Sarwajanik Charitable Trust, Jhulelal Institute of Technology, Nagpur",Electronics and Telecommunication Engg,State Level,I,2023-24,30,13
4139,"Samridhi Sarwajanik Charitable Trust, Jhulelal Institute of Technology, Nagpur",Electronics and Telecommunication Engg,PWD,I,2023-24,30,0
4139,"Samridhi Sarwajanik Charitable Trust, Jhulelal Institute of Technology, Nagpur",Electronics and Telecommunication Engg,DEF,I,2023-24,30,0
4139,"Samridhi Sarwajanik Charitable Trust, Jhulelal Institute of Technology, Nagpur",Mechanical Engineering,State Level,I,2023-24,30,13
4139,"Samridhi Sarwajanik Charitable Trust, Jhulelal Institute of Technology, Nagpur",Mechanical Engineering,PWD,I,2023-24,30,0
4139,"Samridhi Sarwajanik Charitable Trust, Jhulelal Institute of Technology, Nagpur",Mechanical Engineering,DEF,I,2023-24,30,0
4139,"Samridhi Sarwajanik Charitable Trust, Jhulelal Institute of Technology, Nagpur",Computer Science and Engineering(Artificial,State Level,I,2023-24,120,50
4139,"Samridhi Sarwajanik Charitable Trust, Jhulelal Institute of Technology, Nagpur",Computer Science and Engineering(Artificial,PWD,I,2023-24,120,0
4139,"Samridhi Sarwajanik Charitable Trust, Jhulelal Institute of Technology, Nagpur",Computer Science and Engineering(Artificial,DEF,I,2023-24,120,0
4139,"Samridhi Sarwajanik Charitable Trust, Jhulelal Institute of Technology, Nagpur",Electronics and Communication(Advanced,State Level,I,2023-24,60,25
4139,"Samridhi Sarwajanik Charitable Trust, Jhulelal Institute of Technology, Nagpur",Electronics and Communication(Advanced,PWD,I,2023-24,60,0
4139,"Samridhi Sarwajanik Charitable Trust, Jhulelal Institute of Technology, Nagpur",Electronics and Communication(Advanced,DEF,I,2023-24,60,0
4142,"Ankush Shikshan Sanstha's G. H. Raisoni Institute of Engineering & Technology, Nagpur",Civil Engineering,State Level,I,2023-24,60,22
4142,"Ankush Shikshan Sanstha's G. H. Raisoni Institute of Engineering & Technology, Nagpur",Civil Engineering,PWD,I,2023-24,60,0
4142,"Ankush Shikshan Sanstha's G. H. Raisoni Institute of Engineering & Technology, Nagpur",Civil Engineering,DEF,I,2023-24,60,0
4142,"Ankush Shikshan Sanstha's G. H. Raisoni Institute of Engineering & Technology, Nagpur",Computer Science and Engineering,State Level,I,2023-24,180,44
4142,"Ankush Shikshan Sanstha's G. H. Raisoni Institute of Engineering & Technology, Nagpur",Computer Science and Engineering,PWD,I,2023-24,180,0
4142,"Ankush Shikshan Sanstha's G. H. Raisoni Institute of Engineering & Technology, Nagpur",Computer Science and Engineering,DEF,I,2023-24,180,0
4142,"Ankush Shikshan Sanstha's G. H. Raisoni Institute of Engineering & Technology, Nagpur",Information Technology,State Level,I,2023-24,60,14
4142,"Ankush Shikshan Sanstha's G. H. Raisoni Institute of Engineering & Technology, Nagpur",Information Technology,PWD,I,2023-24,60,0
4142,"Ankush Shikshan Sanstha's G. H. Raisoni Institute of Engineering & Technology, Nagpur",Information Technology,DEF,I,2023-24,60,0
4142,"Ankush Shikshan Sanstha's G. H. Raisoni Institute of Engineering & Technology, Nagpur",Electrical Engineering,State Level,I,2023-24,60,22
4142,"Ankush Shikshan Sanstha's G. H. Raisoni Institute of Engineering & Technology, Nagpur",Electrical Engineering,PWD,I,2023-24,60,0
4142,"Ankush Shikshan Sanstha's G. H. Raisoni Institute of Engineering & Technology, Nagpur",Electrical Engineering,DEF,I,2023-24,60,0
4142,"Ankush Shikshan Sanstha's G. H. Raisoni Institute of Engineering & Technology, Nagpur",Electronics and Telecommunication Engg,State Level,I,2023-24,60,14
4142,"Ankush Shikshan Sanstha's G. H. Raisoni Institute of Engineering & Technology, Nagpur",Electronics and Telecommunication Engg,PWD,I,2023-24,60,0
4142,"Ankush Shikshan Sanstha's G. H. Raisoni Institute of Engineering & Technology, Nagpur",Electronics and Telecommunication Engg,DEF,I,2023-24,60,0
4142,"Ankush Shikshan Sanstha's G. H. Raisoni Institute of Engineering & Technology, Nagpur",Mechanical Engineering,State Level,I,2023-24,60,22
4142,"Ankush Shikshan Sanstha's G. H. Raisoni Institute of Engineering & Technology, Nagpur",Mechanical Engineering,PWD,I,2023-24,60,0
4142,"Ankush Shikshan Sanstha's G. H. Raisoni Institute of Engineering & Technology, Nagpur",Mechanical Engineering,DEF,I,2023-24,60,0
4142,"Ankush Shikshan Sanstha's G. H. Raisoni Institute of Engineering & Technology, Nagpur",Computer Science and Engineering(Cyber Security),State Level,I,2023-24,60,14
4142,"Ankush Shikshan Sanstha's G. H. Raisoni Institute of Engineering & Technology, Nagpur",Computer Science and Engineering(Cyber Security),PWD,I,2023-24,60,0
4142,"Ankush Shikshan Sanstha's G. H. Raisoni Institute of Engineering & Technology, Nagpur",Computer Science and Engineering(Cyber Security),DEF,I,2023-24,60,0
4142,"Ankush Shikshan Sanstha's G. H. Raisoni Institute of Engineering & Technology, Nagpur",Data Science,State Level,I,2023-24,60,14
4142,"Ankush Shikshan Sanstha's G. H. Raisoni Institute of Engineering & Technology, Nagpur",Data Science,PWD,I,2023-24,60,0
4142,"Ankush Shikshan Sanstha's G. H. Raisoni Institute of Engineering & Technology, Nagpur",Data Science,DEF,I,2023-24,60,0
4142,"Ankush Shikshan Sanstha's G. H. Raisoni Institute of Engineering & Technology, Nagpur",Artificial Intelligence,State Level,I,2023-24,180,44
4142,"Ankush Shikshan Sanstha's G. H. Raisoni Institute of Engineering & Technology, Nagpur",Artificial Intelligence,PWD,I,2023-24,180,0
4142,"Ankush Shikshan Sanstha's G. H. Raisoni Institute of Engineering & Technology, Nagpur",Artificial Intelligence,DEF,I,2023-24,180,0
4151,"Vidarbha Bahu-Uddeshiya Shikshan Sanstha's Tulshiramji Gaikwad Patil College of Engineering & Technology, Nagpur",Aeronautical Engineering,State Level,I,2023-24,60,46
4151,"Vidarbha Bahu-Uddeshiya Shikshan Sanstha's Tulshiramji Gaikwad Patil College of Engineering & Technology, Nagpur",Aeronautical Engineering,PWD,I,2023-24,60,2
4151,"Vidarbha Bahu-Uddeshiya Shikshan Sanstha's Tulshiramji Gaikwad Patil College of Engineering & Technology, Nagpur",Aeronautical Engineering,DEF,I,2023-24,60,2
4151,"Vidarbha Bahu-Uddeshiya Shikshan Sanstha's Tulshiramji Gaikwad Patil College of Engineering & Technology, Nagpur",Bio Technology,State Level,I,2023-24,60,46
4151,"Vidarbha Bahu-Uddeshiya Shikshan Sanstha's Tulshiramji Gaikwad Patil College of Engineering & Technology, Nagpur",Bio Technology,PWD,I,2023-24,60,2
4151,"Vidarbha Bahu-Uddeshiya Shikshan Sanstha's Tulshiramji Gaikwad Patil College of Engineering & Technology, Nagpur",Bio Technology,DEF,I,2023-24,60,2
4151,"Vidarbha Bahu-Uddeshiya Shikshan Sanstha's Tulshiramji Gaikwad Patil College of Engineering & Technology, Nagpur",Civil Engineering,State Level,I,2023-24,60,46
4151,"Vidarbha Bahu-Uddeshiya Shikshan Sanstha's Tulshiramji Gaikwad Patil College of Engineering & Technology, Nagpur",Civil Engineering,PWD,I,2023-24,60,2
4151,"Vidarbha Bahu-Uddeshiya Shikshan Sanstha's Tulshiramji Gaikwad Patil College of Engineering & Technology, Nagpur",Civil Engineering,DEF,I,2023-24,60,2
4151,"Vidarbha Bahu-Uddeshiya Shikshan Sanstha's Tulshiramji Gaikwad Patil College of Engineering & Technology, Nagpur",Computer Science and Engineering,State Level,I,2023-24,150,118
4151,"Vidarbha Bahu-Uddeshiya Shikshan Sanstha's Tulshiramji Gaikwad Patil College of Engineering & Technology, Nagpur",Computer Science and Engineering,PWD,I,2023-24,150,4
4151,"Vidarbha Bahu-Uddeshiya Shikshan Sanstha's Tulshiramji Gaikwad Patil College of Engineering & Technology, Nagpur",Computer Science and Engineering,DEF,I,2023-24,150,4
4151,"Vidarbha Bahu-Uddeshiya Shikshan Sanstha's Tulshiramji Gaikwad Patil College of Engineering & Technology, Nagpur",Information Technology,State Level,I,2023-24,90,71
4151,"Vidarbha Bahu-Uddeshiya Shikshan Sanstha's Tulshiramji Gaikwad Patil College of Engineering & Technology, Nagpur",Information Technology,PWD,I,2023-24,90,2
4151,"Vidarbha Bahu-Uddeshiya Shikshan Sanstha's Tulshiramji Gaikwad Patil College of Engineering & Technology, Nagpur",Information Technology,DEF,I,2023-24,90,2
4151,"Vidarbha Bahu-Uddeshiya Shikshan Sanstha's Tulshiramji Gaikwad Patil College of Engineering & Technology, Nagpur",Electrical Engineering,State Level,I,2023-24,90,71
4151,"Vidarbha Bahu-Uddeshiya Shikshan Sanstha's Tulshiramji Gaikwad Patil College of Engineering & Technology, Nagpur",Electrical Engineering,PWD,I,2023-24,90,2
4151,"Vidarbha Bahu-Uddeshiya Shikshan Sanstha's Tulshiramji Gaikwad Patil College of Engineering & Technology, Nagpur",Electrical Engineering,DEF,I,2023-24,90,2
4151,"Vidarbha Bahu-Uddeshiya Shikshan Sanstha's Tulshiramji Gaikwad Patil College of Engineering & Technology, Nagpur",Electronics and Communication Engineering,State Level,I,2023-24,90,71
4151,"Vidarbha Bahu-Uddeshiya Shikshan Sanstha's Tulshiramji Gaikwad Patil College of Engineering & Technology, Nagpur",Electronics and Communication Engineering,PWD,I,2023-24,90,2
4151,"Vidarbha Bahu-Uddeshiya Shikshan Sanstha's Tulshiramji Gaikwad Patil College of Engineering & Technology, Nagpur",Electronics and Communication Engineering,DEF,I,2023-24,90,2
4151,"Vidarbha Bahu-Uddeshiya Shikshan Sanstha's Tulshiramji Gaikwad Patil College of Engineering & Technology, Nagpur",Mechanical Engineering,State Level,I,2023-24,90,71
4151,"Vidarbha Bahu-Uddeshiya Shikshan Sanstha's Tulshiramji Gaikwad Patil College of Engineering & Technology, Nagpur",Mechanical Engineering,PWD,I,2023-24,90,2
4151,"Vidarbha Bahu-Uddeshiya Shikshan Sanstha's Tulshiramji Gaikwad Patil College of Engineering & Technology, Nagpur",Mechanical Engineering,DEF,I,2023-24,90,2
4151,"Vidarbha Bahu-Uddeshiya Shikshan Sanstha's Tulshiramji Gaikwad Patil College of Engineering & Technology, Nagpur",Computer Science and Engineering(Data Science),State Level,I,2023-24,90,71
4151,"Vidarbha Bahu-Uddeshiya Shikshan Sanstha's Tulshiramji Gaikwad Patil College of Engineering & Technology, Nagpur",Computer Science and Engineering(Data Science),PWD,I,2023-24,90,2
4151,"Vidarbha Bahu-Uddeshiya Shikshan Sanstha's Tulshiramji Gaikwad Patil College of Engineering & Technology, Nagpur",Computer Science and Engineering(Data Science),DEF,I,2023-24,90,2
4167,"Yeshwantrao Chavan College of Engineering,Wanadongri, Nagpur",Civil Engineering,State Level,I,2023-24,120,83
4167,"Yeshwantrao Chavan College of Engineering,Wanadongri, Nagpur",Civil Engineering,PWD,I,2023-24,120,3
4167,"Yeshwantrao Chavan College of Engineering,Wanadongri, Nagpur",Civil Engineering,DEF,I,2023-24,120,3
4167,"Yeshwantrao Chavan College of Engineering,Wanadongri, Nagpur",Computer Science and Engineering,State Level,I,2023-24,180,108
4167,"Yeshwantrao Chavan College of Engineering,Wanadongri, Nagpur",Computer Science and Engineering,PWD,I,2023-24,180,4
4167,"Yeshwantrao Chavan College of Engineering,Wanadongri, Nagpur",Computer Science and Engineering,DEF,I,2023-24,180,4
4167,"Yeshwantrao Chavan College of Engineering,Wanadongri, Nagpur",Information Technology,State Level,I,2023-24,120,73
4167,"Yeshwantrao Chavan College of Engineering,Wanadongri, Nagpur",Information Technology,PWD,I,2023-24,120,2
4167,"Yeshwantrao Chavan College of Engineering,Wanadongri, Nagpur",Information Technology,DEF,I,2023-24,120,2
4167,"Yeshwantrao Chavan College of Engineering,Wanadongri, Nagpur",Computer Technology,State Level,I,2023-24,60,37
4167,"Yeshwantrao Chavan College of Engineering,Wanadongri, Nagpur",Computer Technology,PWD,I,2023-24,60,1
4167,"Yeshwantrao Chavan College of Engineering,Wanadongri, Nagpur",Computer Technology,DEF,I,2023-24,60,1
4167,"Yeshwantrao Chavan College of Engineering,Wanadongri, Nagpur",Computer Science and Design,State Level,I,2023-24,60,37
4167,"Yeshwantrao Chavan College of Engineering,Wanadongri, Nagpur",Computer Science and Design,PWD,I,2023-24,60,1
4167,"Yeshwantrao Chavan College of Engineering,Wanadongri, Nagpur",Computer Science and Design,DEF,I,2023-24,60,1
4167,"Yeshwantrao Chavan College of Engineering,Wanadongri, Nagpur",Computer Science and Engineering (IoT),State Level,I,2023-24,60,37
4167,"Yeshwantrao Chavan College of Engineering,Wanadongri, Nagpur",Computer Science and Engineering (IoT),PWD,I,2023-24,60,1
4167,"Yeshwantrao Chavan College of Engineering,Wanadongri, Nagpur",Computer Science and Engineering (IoT),DEF,I,2023-24,60,1
4167,"Yeshwantrao Chavan College of Engineering,Wanadongri, Nagpur",Electrical Engg[Electronics and Power],State Level,I,2023-24,120,95
4167,"Yeshwantrao Chavan College of Engineering,Wanadongri, Nagpur",Electrical Engg[Electronics and Power],PWD,I,2023-24,120,3
4167,"Yeshwantrao Chavan College of Engineering,Wanadongri, Nagpur",Electrical Engg[Electronics and Power],DEF,I,2023-24,120,3
4167,"Yeshwantrao Chavan College of Engineering,Wanadongri, Nagpur",Electronics and Telecommunication Engg,State Level,I,2023-24,180,108
4167,"Yeshwantrao Chavan College of Engineering,Wanadongri, Nagpur",Electronics and Telecommunication Engg,PWD,I,2023-24,180,4
4167,"Yeshwantrao Chavan College of Engineering,Wanadongri, Nagpur",Electronics and Telecommunication Engg,DEF,I,2023-24,180,4
4167,"Yeshwantrao Chavan College of Engineering,Wanadongri, Nagpur",Electronics Engineering,State Level,I,2023-24,120,73
4167,"Yeshwantrao Chavan College of Engineering,Wanadongri, Nagpur",Electronics Engineering,PWD,I,2023-24,120,2
4167,"Yeshwantrao Chavan College of Engineering,Wanadongri, Nagpur",Electronics Engineering,DEF,I,2023-24,120,2
4167,"Yeshwantrao Chavan College of Engineering,Wanadongri, Nagpur",Electronics Engineering ( VLSI Design and,State Level,I,2023-24,60,37
4167,"Yeshwantrao Chavan College of Engineering,Wanadongri, Nagpur",Electronics Engineering ( VLSI Design and,PWD,I,2023-24,60,1
4167,"Yeshwantrao Chavan College of Engineering,Wanadongri, Nagpur",Electronics Engineering ( VLSI Design and,DEF,I,2023-24,60,1
4167,"Yeshwantrao Chavan College of Engineering,Wanadongri, Nagpur",Mechanical Engineering,State Level,I,2023-24,120,95
4167,"Yeshwantrao Chavan College of Engineering,Wanadongri, Nagpur",Mechanical Engineering,PWD,I,2023-24,120,3
4167,"Yeshwantrao Chavan College of Engineering,Wanadongri, Nagpur",Mechanical Engineering,DEF,I,2023-24,120,3
4167,"Yeshwantrao Chavan College of Engineering,Wanadongri, Nagpur",Computer Science and Engineering(Artificial,State Level,I,2023-24,60,37
4167,"Yeshwantrao Chavan College of Engineering,Wanadongri, Nagpur",Computer Science and Engineering(Artificial,PWD,I,2023-24,60,1
4167,"Yeshwantrao Chavan College of Engineering,Wanadongri, Nagpur",Computer Science and Engineering(Artificial,DEF,I,2023-24,60,1
4167,"Yeshwantrao Chavan College of Engineering,Wanadongri, Nagpur",Artificial Intelligence and Data Science,State Level,I,2023-24,60,37
4167,"Yeshwantrao Chavan College of Engineering,Wanadongri, Nagpur",Artificial Intelligence and Data Science,PWD,I,2023-24,60,1
4167,"Yeshwantrao Chavan College of Engineering,Wanadongri, Nagpur",Artificial Intelligence and Data Science,DEF,I,2023-24,60,1
4174,"ST. Vincent Pallotti College of Engineering & Technology, Nagpur",Civil Engineering,State Level,I,2023-24,60,20
4174,"ST. Vincent Pallotti College of Engineering & Technology, Nagpur",Civil Engineering,PWD,I,2023-24,60,0
4174,"ST. Vincent Pallotti College of Engineering & Technology, Nagpur",Civil Engineering,DEF,I,2023-24,60,0
4174,"ST. Vincent Pallotti College of Engineering & Technology, Nagpur",Computer Engineering,State Level,I,2023-24,120,30
4174,"ST. Vincent Pallotti College of Engineering & Technology, Nagpur",Computer Engineering,PWD,I,2023-24,120,0
4174,"ST. Vincent Pallotti College of Engineering & Technology, Nagpur",Computer Engineering,DEF,I,2023-24,120,0
4174,"ST. Vincent Pallotti College of Engineering & Technology, Nagpur",Information Technology,State Level,I,2023-24,60,14
4174,"ST. Vincent Pallotti College of Engineering & Technology, Nagpur",Information Technology,PWD,I,2023-24,60,0
4174,"ST. Vincent Pallotti College of Engineering & Technology, Nagpur",Information Technology,DEF,I,2023-24,60,0
4174,"ST. Vincent Pallotti College of Engineering & Technology, Nagpur",Computer Science and Engineering (Cyber Security),State Level,I,2023-24,60,14
4174,"ST. Vincent Pallotti College of Engineering & Technology, Nagpur",Computer Science and Engineering (Cyber Security),PWD,I,2023-24,60,0
4174,"ST. Vincent Pallotti College of Engineering & Technology, Nagpur",Computer Science and Engineering (Cyber Security),DEF,I,2023-24,60,0
4174,"ST. Vincent Pallotti College of Engineering & Technology, Nagpur",Computer Science and Business Systems,State Level,I,2023-24,60,14
4174,"ST. Vincent Pallotti College of Engineering & Technology, Nagpur",Computer Science and Business Systems,PWD,I,2023-24,60,0
4174,"ST. Vincent Pallotti College of Engineering & Technology, Nagpur",Computer Science and Business Systems,DEF,I,2023-24,60,0
4174,"ST. Vincent Pallotti College of Engineering & Technology, Nagpur",Industrial IoT,State Level,I,2023-24,60,14
4174,"ST. Vincent Pallotti College of Engineering & Technology, Nagpur",Industrial IoT,PWD,I,2023-24,60,0
4174,"ST. Vincent Pallotti College of Engineering & Technology, Nagpur",Industrial IoT,DEF,I,2023-24,60,0
4174,"ST. Vincent Pallotti College of Engineering & Technology, Nagpur",Electrical Engineering,State Level,I,2023-24,60,14
4174,"ST. Vincent Pallotti College of Engineering & Technology, Nagpur",Electrical Engineering,PWD,I,2023-24,60,0
4174,"ST. Vincent Pallotti College of Engineering & Technology, Nagpur",Electrical Engineering,DEF,I,2023-24,60,0
4174,"ST. Vincent Pallotti College of Engineering & Technology, Nagpur",Electronics and Telecommunication Engg,State Level,I,2023-24,60,14
4174,"ST. Vincent Pallotti College of Engineering & Technology, Nagpur",Electronics and Telecommunication Engg,PWD,I,2023-24,60,0
4174,"ST. Vincent Pallotti College of Engineering & Technology, Nagpur",Electronics and Telecommunication Engg,DEF,I,2023-24,60,0
4174,"ST. Vincent Pallotti College of Engineering & Technology, Nagpur",Mechanical Engineering,State Level,I,2023-24,60,14
4174,"ST. Vincent Pallotti College of Engineering & Technology, Nagpur",Mechanical Engineering,PWD,I,2023-24,60,0
4174,"ST. Vincent Pallotti College of Engineering & Technology, Nagpur",Mechanical Engineering,DEF,I,2023-24,60,0
4174,"ST. Vincent Pallotti College of Engineering & Technology, Nagpur",Computer Science and Engineering(Data Science),State Level,I,2023-24,60,14
4174,"ST. Vincent Pallotti College of Engineering & Technology, Nagpur",Computer Science and Engineering(Data Science),PWD,I,2023-24,60,0
4174,"ST. Vincent Pallotti College of Engineering & Technology, Nagpur",Computer Science and Engineering(Data Science),DEF,I,2023-24,60,0
4174,"ST. Vincent Pallotti College of Engineering & Technology, Nagpur",Artificial Intelligence,State Level,I,2023-24,60,14
4174,"ST. Vincent Pallotti College of Engineering & Technology, Nagpur",Artificial Intelligence,PWD,I,2023-24,60,0
4174,"ST. Vincent Pallotti College of Engineering & Technology, Nagpur",Artificial Intelligence,DEF,I,2023-24,60,0
5004,"Government College of Engineering, Jalgaon",Civil Engineering,State Level,I,2023-24,60,55
5004,"Government College of Engineering, Jalgaon",Civil Engineering,PWD,I,2023-24,60,2
5004,"Government College of Engineering, Jalgaon",Civil Engineering,DEF,I,2023-24,60,2
5004,"Government College of Engineering, Jalgaon",Computer Engineering,State Level,I,2023-24,60,55
5004,"Government College of Engineering, Jalgaon",Computer Engineering,PWD,I,2023-24,60,2
5004,"Government College of Engineering, Jalgaon",Computer Engineering,DEF,I,2023-24,60,2
5004,"Government College of Engineering, Jalgaon",Electrical Engineering,State Level,I,2023-24,60,55
5004,"Government College of Engineering, Jalgaon",Electrical Engineering,PWD,I,2023-24,60,2
5004,"Government College of Engineering, Jalgaon",Electrical Engineering,DEF,I,2023-24,60,2
5004,"Government College of Engineering, Jalgaon",Electronics and Telecommunication Engg,State Level,I,2023-24,60,55
5004,"Government College of Engineering, Jalgaon",Electronics and Telecommunication Engg,PWD,I,2023-24,60,2
5004,"Government College of Engineering, Jalgaon",Electronics and Telecommunication Engg,DEF,I,2023-24,60,2
5004,"Government College of Engineering, Jalgaon",Instrumentation Engineering,State Level,I,2023-24,60,55
5004,"Government College of Engineering, Jalgaon",Instrumentation Engineering,PWD,I,2023-24,60,2
5004,"Government College of Engineering, Jalgaon",Instrumentation Engineering,DEF,I,2023-24,60,2
5004,"Government College of Engineering, Jalgaon",Mechanical Engineering,State Level,I,2023-24,60,55
5004,"Government College of Engineering, Jalgaon",Mechanical Engineering,PWD,I,2023-24,60,2
5004,"Government College of Engineering, Jalgaon",Mechanical Engineering,DEF,I,2023-24,60,2
5109,"Sandip Foundation, Sandip Institute of Technology and Research Centre, Mahiravani, Nashik",Civil Engineering,State Level,I,2023-24,60,46
5109,"Sandip Foundation, Sandip Institute of Technology and Research Centre, Mahiravani, Nashik",Civil Engineering,PWD,I,2023-24,60,2
5109,"Sandip Foundation, Sandip Institute of Technology and Research Centre, Mahiravani, Nashik",Civil Engineering,DEF,I,2023-24,60,2
5109,"Sandip Foundation, Sandip Institute of Technology and Research Centre, Mahiravani, Nashik",Computer Engineering,State Level,I,2023-24,120,73
5109,"Sandip Foundation, Sandip Institute of Technology and Research Centre, Mahiravani, Nashik",Computer Engineering,PWD,I,2023-24,120,2
5109,"Sandip Foundation, Sandip Institute of Technology and Research Centre, Mahiravani, Nashik",Computer Engineering,DEF,I,2023-24,120,2
5109,"Sandip Foundation, Sandip Institute of Technology and Research Centre, Mahiravani, Nashik",Information Technology,State Level,I,2023-24,60,37
5109,"Sandip Foundation, Sandip Institute of Technology and Research Centre, Mahiravani, Nashik",Information Technology,PWD,I,2023-24,60,1
5109,"Sandip Foundation, Sandip Institute of Technology and Research Centre, Mahiravani, Nashik",Information Technology,DEF,I,2023-24,60,1
5109,"Sandip Foundation, Sandip Institute of Technology and Research Centre, Mahiravani, Nashik",Electrical Engineering,State Level,I,2023-24,60,46
5109,"Sandip Foundation, Sandip Institute of Technology and Research Centre, Mahiravani, Nashik",Electrical Engineering,PWD,I,2023-24,60,2
5109,"Sandip Foundation, Sandip Institute of Technology and Research Centre, Mahiravani, Nashik",Electrical Engineering,DEF,I,2023-24,60,2
5109,"Sandip Foundation, Sandip Institute of Technology and Research Centre, Mahiravani, Nashik",Electronics and Telecommunication Engg,State Level,I,2023-24,60,37
5109,"Sandip Foundation, Sandip Institute of Technology and Research Centre, Mahiravani, Nashik",Electronics and Telecommunication Engg,PWD,I,2023-24,60,1
5109,"Sandip Foundation, Sandip Institute of Technology and Research Centre, Mahiravani, Nashik",Electronics and Telecommunication Engg,DEF,I,2023-24,60,1
5109,"Sandip Foundation, Sandip Institute of Technology and Research Centre, Mahiravani, Nashik",Mechanical Engineering,State Level,I,2023-24,60,46
5109,"Sandip Foundation, Sandip Institute of Technology and Research Centre, Mahiravani, Nashik",Mechanical Engineering,PWD,I,2023-24,60,2
5109,"Sandip Foundation, Sandip Institute of Technology and Research Centre, Mahiravani, Nashik",Mechanical Engineering,DEF,I,2023-24,60,2
5109,"Sandip Foundation, Sandip Institute of Technology and Research Centre, Mahiravani, Nashik",Automation and Robotics,State Level,I,2023-24,60,46
5109,"Sandip Foundation, Sandip Institute of Technology and Research Centre, Mahiravani, Nashik",Automation and Robotics,PWD,I,2023-24,60,2
5109,"Sandip Foundation, Sandip Institute of Technology and Research Centre, Mahiravani, Nashik",Automation and Robotics,DEF,I,2023-24,60,2
5109,"Sandip Foundation, Sandip Institute of Technology and Research Centre, Mahiravani, Nashik",Artificial Intelligence and Data Science,State Level,I,2023-24,60,37
5109,"Sandip Foundation, Sandip Institute of Technology and Research Centre, Mahiravani, Nashik",Artificial Intelligence and Data Science,PWD,I,2023-24,60,1
5109,"Sandip Foundation, Sandip Institute of Technology and Research Centre, Mahiravani, Nashik",Artificial Intelligence and Data Science,DEF,I,2023-24,60,1
5121,"K. K. Wagh Institute of Engineering Education and Research, Nashik",Civil Engineering,State Level,I,2023-24,120,95
5121,"K. K. Wagh Institute of Engineering Education and Research, Nashik",Civil Engineering,PWD,I,2023-24,120,3
5121,"K. K. Wagh Institute of Engineering Education and Research, Nashik",Civil Engineering,DEF,I,2023-24,120,3
5121,"K. K. Wagh Institute of Engineering Education and Research, Nashik",Computer Engineering,State Level,I,2023-24,120,73
5121,"K. K. Wagh Institute of Engineering Education and Research, Nashik",Computer Engineering,PWD,I,2023-24,120,2
5121,"K. K. Wagh Institute of Engineering Education and Research, Nashik",Computer Engineering,DEF,I,2023-24,120,2
5121,"K. K. Wagh Institute of Engineering Education and Research, Nashik",Information Technology,State Level,I,2023-24,120,73
5121,"K. K. Wagh Institute of Engineering Education and Research, Nashik",Information Technology,PWD,I,2023-24,120,2
5121,"K. K. Wagh Institute of Engineering Education and Research, Nashik",Information Technology,DEF,I,2023-24,120,2
5121,"K. K. Wagh Institute of Engineering Education and Research, Nashik",Computer Science and Design,State Level,I,2023-24,60,37
5121,"K. K. Wagh Institute of Engineering Education and Research, Nashik",Computer Science and Design,PWD,I,2023-24,60,1
5121,"K. K. Wagh Institute of Engineering Education and Research, Nashik",Computer Science and Design,DEF,I,2023-24,60,1
5121,"K. K. Wagh Institute of Engineering Education and Research, Nashik",Electrical Engineering,State Level,I,2023-24,120,95
5121,"K. K. Wagh Institute of Engineering Education and Research, Nashik",Electrical Engineering,PWD,I,2023-24,120,3
5121,"K. K. Wagh Institute of Engineering Education and Research, Nashik",Electrical Engineering,DEF,I,2023-24,120,3
5121,"K. K. Wagh Institute of Engineering Education and Research, Nashik",Electronics and Telecommunication Engg,State Level,I,2023-24,120,83
5121,"K. K. Wagh Institute of Engineering Education and Research, Nashik",Electronics and Telecommunication Engg,PWD,I,2023-24,120,3
5121,"K. K. Wagh Institute of Engineering Education and Research, Nashik",Electronics and Telecommunication Engg,DEF,I,2023-24,120,3
5121,"K. K. Wagh Institute of Engineering Education and Research, Nashik",Chemical Engineering,State Level,I,2023-24,60,46
5121,"K. K. Wagh Institute of Engineering Education and Research, Nashik",Chemical Engineering,PWD,I,2023-24,60,2
5121,"K. K. Wagh Institute of Engineering Education and Research, Nashik",Chemical Engineering,DEF,I,2023-24,60,2
5121,"K. K. Wagh Institute of Engineering Education and Research, Nashik",Mechanical Engineering,State Level,I,2023-24,120,83
5121,"K. K. Wagh Institute of Engineering Education and Research, Nashik",Mechanical Engineering,PWD,I,2023-24,120,3
5121,"K. K. Wagh Institute of Engineering Education and Research, Nashik",Mechanical Engineering,DEF,I,2023-24,120,3
5121,"K. K. Wagh Institute of Engineering Education and Research, Nashik",Robotics and Automation,State Level,I,2023-24,60,46
5121,"K. K. Wagh Institute of Engineering Education and Research, Nashik",Robotics and Automation,PWD,I,2023-24,60,2
5121,"K. K. Wagh Institute of Engineering Education and Research, Nashik",Robotics and Automation,DEF,I,2023-24,60,2
5121,"K. K. Wagh Institute of Engineering Education and Research, Nashik",Artificial Intelligence and Data Science,State Level,I,2023-24,120,73
5121,"K. K. Wagh Institute of Engineering Education and Research, Nashik",Artificial Intelligence and Data Science,PWD,I,2023-24,120,2
5121,"K. K. Wagh Institute of Engineering Education and Research, Nashik",Artificial Intelligence and Data Science,DEF,I,2023-24,120,2
5152,"G H Raisoni Institute of Engineering and Business Management, Jalgaon",Civil Engineering,State Level,I,2023-24,60,25
5152,"G H Raisoni Institute of Engineering and Business Management, Jalgaon",Civil Engineering,PWD,I,2023-24,60,0
5152,"G H Raisoni Institute of Engineering and Business Management, Jalgaon",Civil Engineering,DEF,I,2023-24,60,0
5152,"G H Raisoni Institute of Engineering and Business Management, Jalgaon",Computer Science and Engineering,State Level,I,2023-24,120,30
5152,"G H Raisoni Institute of Engineering and Business Management, Jalgaon",Computer Science and Engineering,PWD,I,2023-24,120,0
5152,"G H Raisoni Institute of Engineering and Business Management, Jalgaon",Computer Science and Engineering,DEF,I,2023-24,120,0
5152,"G H Raisoni Institute of Engineering and Business Management, Jalgaon",Information Technology,State Level,I,2023-24,30,8
5152,"G H Raisoni Institute of Engineering and Business Management, Jalgaon",Information Technology,PWD,I,2023-24,30,0
5152,"G H Raisoni Institute of Engineering and Business Management, Jalgaon",Information Technology,DEF,I,2023-24,30,0
5152,"G H Raisoni Institute of Engineering and Business Management, Jalgaon",Electrical Engineering,State Level,I,2023-24,30,13
5152,"G H Raisoni Institute of Engineering and Business Management, Jalgaon",Electrical Engineering,PWD,I,2023-24,30,0
5152,"G H Raisoni Institute of Engineering and Business Management, Jalgaon",Electrical Engineering,DEF,I,2023-24,30,0
5152,"G H Raisoni Institute of Engineering and Business Management, Jalgaon",Electronics and Telecommunication Engg,State Level,I,2023-24,30,10
5152,"G H Raisoni Institute of Engineering and Business Management, Jalgaon",Electronics and Telecommunication Engg,PWD,I,2023-24,30,0
5152,"G H Raisoni Institute of Engineering and Business Management, Jalgaon",Electronics and Telecommunication Engg,DEF,I,2023-24,30,0
5152,"G H Raisoni Institute of Engineering and Business Management, Jalgaon",Mechanical Engineering,State Level,I,2023-24,60,25
5152,"G H Raisoni Institute of Engineering and Business Management, Jalgaon",Mechanical Engineering,PWD,I,2023-24,60,0
5152,"G H Raisoni Institute of Engineering and Business Management, Jalgaon",Mechanical Engineering,DEF,I,2023-24,60,0
5152,"G H Raisoni Institute of Engineering and Business Management, Jalgaon",Computer Science and Engineering(Artificial,State Level,I,2023-24,60,14
5152,"G H Raisoni Institute of Engineering and Business Management, Jalgaon",Computer Science and Engineering(Artificial,PWD,I,2023-24,60,0
5152,"G H Raisoni Institute of Engineering and Business Management, Jalgaon",Computer Science and Engineering(Artificial,DEF,I,2023-24,60,0
5152,"G H Raisoni Institute of Engineering and Business Management, Jalgaon",Computer Science and Engineering(Data Science),State Level,I,2023-24,60,14
5152,"G H Raisoni Institute of Engineering and Business Management, Jalgaon",Computer Science and Engineering(Data Science),PWD,I,2023-24,60,0
5152,"G H Raisoni Institute of Engineering and Business Management, Jalgaon",Computer Science and Engineering(Data Science),DEF,I,2023-24,60,0
5152,"G H Raisoni Institute of Engineering and Business Management, Jalgaon",Computer Science and Engineering (Artificial,State Level,I,2023-24,60,14
5152,"G H Raisoni Institute of Engineering and Business Management, Jalgaon",Computer Science and Engineering (Artificial,PWD,I,2023-24,60,0
5152,"G H Raisoni Institute of Engineering and Business Management, Jalgaon",Computer Science and Engineering (Artificial,DEF,I,2023-24,60,0
5160,"Sanjivani Rural Education Society's Sanjivani College of Engineering, Kopargaon",Civil Engineering,State Level,I,2023-24,120,95
5160,"Sanjivani Rural Education Society's Sanjivani College of Engineering, Kopargaon",Civil Engineering,PWD,I,2023-24,120,3
5160,"Sanjivani Rural Education Society's Sanjivani College of Engineering, Kopargaon",Civil Engineering,DEF,I,2023-24,120,3
5160,"Sanjivani Rural Education Society's Sanjivani College of Engineering, Kopargaon",Computer Engineering,State Level,I,2023-24,120,73
5160,"Sanjivani Rural Education Society's Sanjivani College of Engineering, Kopargaon",Computer Engineering,PWD,I,2023-24,120,2
5160,"Sanjivani Rural Education Society's Sanjivani College of Engineering, Kopargaon",Computer Engineering,DEF,I,2023-24,120,2
5160,"Sanjivani Rural Education Society's Sanjivani College of Engineering, Kopargaon",Information Technology,State Level,I,2023-24,120,73
5160,"Sanjivani Rural Education Society's Sanjivani College of Engineering, Kopargaon",Information Technology,PWD,I,2023-24,120,2
5160,"Sanjivani Rural Education Society's Sanjivani College of Engineering, Kopargaon",Information Technology,DEF,I,2023-24,120,2
5160,"Sanjivani Rural Education Society's Sanjivani College of Engineering, Kopargaon",Electrical Engineering,State Level,I,2023-24,60,46
5160,"Sanjivani Rural Education Society's Sanjivani College of Engineering, Kopargaon",Electrical Engineering,PWD,I,2023-24,60,2
5160,"Sanjivani Rural Education Society's Sanjivani College of Engineering, Kopargaon",Electrical Engineering,DEF,I,2023-24,60,2
5160,"Sanjivani Rural Education Society's Sanjivani College of Engineering, Kopargaon",Mechanical Engineering,State Level,I,2023-24,120,93
5160,"Sanjivani Rural Education Society's Sanjivani College of Engineering, Kopargaon",Mechanical Engineering,PWD,I,2023-24,120,3
5160,"Sanjivani Rural Education Society's Sanjivani College of Engineering, Kopargaon",Mechanical Engineering,DEF,I,2023-24,120,3
5160,"Sanjivani Rural Education Society's Sanjivani College of Engineering, Kopargaon",Mechatronics Engineering,State Level,I,2023-24,60,43
5160,"Sanjivani Rural Education Society's Sanjivani College of Engineering, Kopargaon",Mechatronics Engineering,PWD,I,2023-24,60,1
5160,"Sanjivani Rural Education Society's Sanjivani College of Engineering, Kopargaon",Mechatronics Engineering,DEF,I,2023-24,60,1
5160,"Sanjivani Rural Education Society's Sanjivani College of Engineering, Kopargaon",Electronics and Computer Engineering,State Level,I,2023-24,60,37
5160,"Sanjivani Rural Education Society's Sanjivani College of Engineering, Kopargaon",Electronics and Computer Engineering,PWD,I,2023-24,60,1
5160,"Sanjivani Rural Education Society's Sanjivani College of Engineering, Kopargaon",Electronics and Computer Engineering,DEF,I,2023-24,60,1
5160,"Sanjivani Rural Education Society's Sanjivani College of Engineering, Kopargaon",Structural Engineering,State Level,I,2023-24,60,46
5160,"Sanjivani Rural Education Society's Sanjivani College of Engineering, Kopargaon",Structural Engineering,PWD,I,2023-24,60,2
5160,"Sanjivani Rural Education Society's Sanjivani College of Engineering, Kopargaon",Structural Engineering,DEF,I,2023-24,60,2
5172,"R. C. Patel Institute of Technology, Shirpur",Civil Engineering,State Level,I,2023-24,60,25
5172,"R. C. Patel Institute of Technology, Shirpur",Civil Engineering,PWD,I,2023-24,60,0
5172,"R. C. Patel Institute of Technology, Shirpur",Civil Engineering,DEF,I,2023-24,60,0
5172,"R. C. Patel Institute of Technology, Shirpur",Computer Engineering,State Level,I,2023-24,180,44
5172,"R. C. Patel Institute of Technology, Shirpur",Computer Engineering,PWD,I,2023-24,180,0
5172,"R. C. Patel Institute of Technology, Shirpur",Computer Engineering,DEF,I,2023-24,180,0
5172,"R. C. Patel Institute of Technology, Shirpur",Electrical Engineering,State Level,I,2023-24,60,25
5172,"R. C. Patel Institute of Technology, Shirpur",Electrical Engineering,PWD,I,2023-24,60,0
5172,"R. C. Patel Institute of Technology, Shirpur",Electrical Engineering,DEF,I,2023-24,60,0
5172,"R. C. Patel Institute of Technology, Shirpur",Electronics and Telecommunication Engg,State Level,I,2023-24,120,50
5172,"R. C. Patel Institute of Technology, Shirpur",Electronics and Telecommunication Engg,PWD,I,2023-24,120,0
5172,"R. C. Patel Institute of Technology, Shirpur",Electronics and Telecommunication Engg,DEF,I,2023-24,120,0
5172,"R. C. Patel Institute of Technology, Shirpur",Mechanical Engineering,State Level,I,2023-24,60,25
5172,"R. C. Patel Institute of Technology, Shirpur",Mechanical Engineering,PWD,I,2023-24,60,0
5172,"R. C. Patel Institute of Technology, Shirpur",Mechanical Engineering,DEF,I,2023-24,60,0
5172,"R. C. Patel Institute of Technology, Shirpur",Computer Science and Engineering(Data Science),State Level,I,2023-24,60,14
5172,"R. C. Patel Institute of Technology, Shirpur",Computer Science and Engineering(Data Science),PWD,I,2023-24,60,0
5172,"R. C. Patel Institute of Technology, Shirpur",Computer Science and Engineering(Data Science),DEF,I,2023-24,60,0
5172,"R. C. Patel Institute of Technology, Shirpur",Artificial Intelligence and Machine Learning,State Level,I,2023-24,60,14
5172,"R. C. Patel Institute of Technology, Shirpur",Artificial Intelligence and Machine Learning,PWD,I,2023-24,60,0
5172,"R. C. Patel Institute of Technology, Shirpur",Artificial Intelligence and Machine Learning,DEF,I,2023-24,60,0
6005,"Government College of Engineering, Karad",Civil Engineering,State Level,I,2023-24,60,55
6005,"Government College of Engineering, Karad",Civil Engineering,PWD,I,2023-24,60,2
6005,"Government College of Engineering, Karad",Civil Engineering,DEF,I,2023-24,60,2
6005,"Government College of Engineering, Karad",Information Technology,State Level,I,2023-24,60,55
6005,"Government College of Engineering, Karad",Information Technology,PWD,I,2023-24,60,2
6005,"Government College of Engineering, Karad",Information Technology,DEF,I,2023-24,60,2
6005,"Government College of Engineering, Karad",Electrical Engineering,State Level,I,2023-24,60,55
6005,"Government College of Engineering, Karad",Electrical Engineering,PWD,I,2023-24,60,2
6005,"Government College of Engineering, Karad",Electrical Engineering,DEF,I,2023-24,60,2
6005,"Government College of Engineering, Karad",Electronics and Telecommunication Engg,State Level,I,2023-24,60,55
6005,"Government College of Engineering, Karad",Electronics and Telecommunication Engg,PWD,I,2023-24,60,2
6005,"Government College of Engineering, Karad",Electronics and Telecommunication Engg,DEF,I,2023-24,60,2
6005,"Government College of Engineering, Karad",Mechanical Engineering,State Level,I,2023-24,60,55
6005,"Government College of Engineering, Karad",Mechanical Engineering,PWD,I,2023-24,60,2
6005,"Government College of Engineering, Karad",Mechanical Engineering,DEF,I,2023-24,60,2
6006,COEP Technological University,Civil Engineering,State Level,I,2023-24,75,55
6006,COEP Technological University,Civil Engineering,PWD,I,2023-24,75,2
6006,COEP Technological University,Civil Engineering,DEF,I,2023-24,75,2
6006,COEP Technological University,Computer Engineering,State Level,I,2023-24,150,111
6006,COEP Technological University,Computer Engineering,PWD,I,2023-24,150,4
6006,COEP Technological University,Computer Engineering,DEF,I,2023-24,150,4
6006,COEP Technological University,Electrical Engineering,State Level,I,2023-24,75,55
6006,COEP Technological University,Electrical Engineering,PWD,I,2023-24,75,2
6006,COEP Technological University,Electrical Engineering,DEF,I,2023-24,75,2
6006,COEP Technological University,Electronics and Telecommunication Engg,State Level,I,2023-24,75,55
6006,COEP Technological University,Electronics and Telecommunication Engg,PWD,I,2023-24,75,2
6006,COEP Technological University,Electronics and Telecommunication Engg,DEF,I,2023-24,75,2
6006,COEP Technological University,Instrumentation and Control Engineering,State Level,I,2023-24,38,28
6006,COEP Technological University,Instrumentation and Control Engineering,PWD,I,2023-24,38,1
6006,COEP Technological University,Instrumentation and Control Engineering,DEF,I,2023-24,38,1
6006,COEP Technological University,Mechanical Engineering,State Level,I,2023-24,150,111
6006,COEP Technological University,Mechanical Engineering,PWD,I,2023-24,150,4
6006,COEP Technological University,Mechanical Engineering,DEF,I,2023-24,150,4
6006,COEP Technological University,Manufacturing Science and Engineering,State Level,I,2023-24,75,55
6006,COEP Technological University,Manufacturing Science and Engineering,PWD,I,2023-24,75,2
6006,COEP Technological University,Manufacturing Science and Engineering,DEF,I,2023-24,75,2
6006,COEP Technological University,Metallurgy and Material Technology,State Level,I,2023-24,75,55
6006,COEP Technological University,Metallurgy and Material Technology,PWD,I,2023-24,75,2
6006,COEP Technological University,Metallurgy and Material Technology,DEF,I,2023-24,75,2
6007,"Walchand College of Engineering, Sangli",Civil Engineering,State Level,I,2023-24,60,54
6007,"Walchand College of Engineering, Sangli",Civil Engineering,PWD,I,2023-24,60,2
6007,"Walchand College of Engineering, Sangli",Civil Engineering,DEF,I,2023-24,60,2
6007,"Walchand College of Engineering, Sangli",Computer Science and Engineering,State Level,I,2023-24,90,83
6007,"Walchand College of Engineering, Sangli",Computer Science and Engineering,PWD,I,2023-24,90,2
6007,"Walchand College of Engineering, Sangli",Computer Science and Engineering,DEF,I,2023-24,90,2
6007,"Walchand College of Engineering, Sangli",Information Technology,State Level,I,2023-24,60,54
6007,"Walchand College of Engineering, Sangli",Information Technology,PWD,I,2023-24,60,2
6007,"Walchand College of Engineering, Sangli",Information Technology,DEF,I,2023-24,60,2
6007,"Walchand College of Engineering, Sangli",Electrical Engineering,State Level,I,2023-24,60,55
6007,"Walchand College of Engineering, Sangli",Electrical Engineering,PWD,I,2023-24,60,2
6007,"Walchand College of Engineering, Sangli",Electrical Engineering,DEF,I,2023-24,60,2
6007,"Walchand College of Engineering, Sangli",Electronics Engineering,State Level,I,2023-24,60,55
6007,"Walchand College of Engineering, Sangli",Electronics Engineering,PWD,I,2023-24,60,2
6007,"Walchand College of Engineering, Sangli",Electronics Engineering,DEF,I,2023-24,60,2
6007,"Walchand College of Engineering, Sangli",Mechanical Engineering,State Level,I,2023-24,60,54
6007,"Walchand College of Engineering, Sangli",Mechanical Engineering,PWD,I,2023-24,60,2
6007,"Walchand College of Engineering, Sangli",Mechanical Engineering,DEF,I,2023-24,60,2
6141,"Jaywant Shikshan Prasarak Mandal's,Rajarshi Shahu College of Engineering, Tathawade, Pune",Civil Engineering,State Level,I,2023-24,120,95
6141,"Jaywant Shikshan Prasarak Mandal's,Rajarshi Shahu College of Engineering, Tathawade, Pune",Civil Engineering,PWD,I,2023-24,120,3
6141,"Jaywant Shikshan Prasarak Mandal's,Rajarshi Shahu College of Engineering, Tathawade, Pune",Civil Engineering,DEF,I,2023-24,120,3
6141,"Jaywant Shikshan Prasarak Mandal's,Rajarshi Shahu College of Engineering, Tathawade, Pune",Computer Engineering,State Level,I,2023-24,120,73
6141,"Jaywant Shikshan Prasarak Mandal's,Rajarshi Shahu College of Engineering, Tathawade, Pune",Computer Engineering,PWD,I,2023-24,120,2
6141,"Jaywant Shikshan Prasarak Mandal's,Rajarshi Shahu College of Engineering, Tathawade, Pune",Computer Engineering,DEF,I,2023-24,120,2
6141,"Jaywant Shikshan Prasarak Mandal's,Rajarshi Shahu College of Engineering, Tathawade, Pune",Information Technology,State Level,I,2023-24,120,73
6141,"Jaywant Shikshan Prasarak Mandal's,Rajarshi Shahu College of Engineering, Tathawade, Pune",Information Technology,PWD,I,2023-24,120,2
6141,"Jaywant Shikshan Prasarak Mandal's,Rajarshi Shahu College of Engineering, Tathawade, Pune",Information Technology,DEF,I,2023-24,120,2
6141,"Jaywant Shikshan Prasarak Mandal's,Rajarshi Shahu College of Engineering, Tathawade, Pune",Computer Science and Business Systems,State Level,I,2023-24,60,37
6141,"Jaywant Shikshan Prasarak Mandal's,Rajarshi Shahu College of Engineering, Tathawade, Pune",Computer Science and Business Systems,PWD,I,2023-24,60,1
6141,"Jaywant Shikshan Prasarak Mandal's,Rajarshi Shahu College of Engineering, Tathawade, Pune",Computer Science and Business Systems,DEF,I,2023-24,60,1
6141,"Jaywant Shikshan Prasarak Mandal's,Rajarshi Shahu College of Engineering, Tathawade, Pune",Electrical Engineering,State Level,I,2023-24,60,37
6141,"Jaywant Shikshan Prasarak Mandal's,Rajarshi Shahu College of Engineering, Tathawade, Pune",Electrical Engineering,PWD,I,2023-24,60,1
6141,"Jaywant Shikshan Prasarak Mandal's,Rajarshi Shahu College of Engineering, Tathawade, Pune",Electrical Engineering,DEF,I,2023-24,60,1
6141,"Jaywant Shikshan Prasarak Mandal's,Rajarshi Shahu College of Engineering, Tathawade, Pune",Electronics and Telecommunication Engg,State Level,I,2023-24,120,73
6141,"Jaywant Shikshan Prasarak Mandal's,Rajarshi Shahu College of Engineering, Tathawade, Pune",Electronics and Telecommunication Engg,PWD,I,2023-24,120,2
6141,"Jaywant Shikshan Prasarak Mandal's,Rajarshi Shahu College of Engineering, Tathawade, Pune",Electronics and Telecommunication Engg,DEF,I,2023-24,120,2
6141,"Jaywant Shikshan Prasarak Mandal's,Rajarshi Shahu College of Engineering, Tathawade, Pune",Mechanical Engineering,State Level,I,2023-24,180,108
6141,"Jaywant Shikshan Prasarak Mandal's,Rajarshi Shahu College of Engineering, Tathawade, Pune",Mechanical Engineering,PWD,I,2023-24,180,4
6141,"Jaywant Shikshan Prasarak Mandal's,Rajarshi Shahu College of Engineering, Tathawade, Pune",Mechanical Engineering,DEF,I,2023-24,180,4
6141,"Jaywant Shikshan Prasarak Mandal's,Rajarshi Shahu College of Engineering, Tathawade, Pune",Automation and Robotics,State Level,I,2023-24,60,37
6141,"Jaywant Shikshan Prasarak Mandal's,Rajarshi Shahu College of Engineering, Tathawade, Pune",Automation and Robotics,PWD,I,2023-24,60,1
6141,"Jaywant Shikshan Prasarak Mandal's,Rajarshi Shahu College of Engineering, Tathawade, Pune",Automation and Robotics,DEF,I,2023-24,60,1
6146,"MIT Academy of Engineering,Alandi, Pune",Civil Engineering,State Level,I,2023-24,60,37
6146,"MIT Academy of Engineering,Alandi, Pune",Civil Engineering,PWD,I,2023-24,60,1
6146,"MIT Academy of Engineering,Alandi, Pune",Civil Engineering,DEF,I,2023-24,60,1
6146,"MIT Academy of Engineering,Alandi, Pune",Computer Engineering,State Level,I,2023-24,240,142
6146,"MIT Academy of Engineering,Alandi, Pune",Computer Engineering,PWD,I,2023-24,240,6
6146,"MIT Academy of Engineering,Alandi, Pune",Computer Engineering,DEF,I,2023-24,240,6
6146,"MIT Academy of Engineering,Alandi, Pune",Electronics and Telecommunication Engg,State Level,I,2023-24,180,108
6146,"MIT Academy of Engineering,Alandi, Pune",Electronics and Telecommunication Engg,PWD,I,2023-24,180,4
6146,"MIT Academy of Engineering,Alandi, Pune",Electronics and Telecommunication Engg,DEF,I,2023-24,180,4
6146,"MIT Academy of Engineering,Alandi, Pune",Electronics Engineering,State Level,I,2023-24,60,37
6146,"MIT Academy of Engineering,Alandi, Pune",Electronics Engineering,PWD,I,2023-24,60,1
6146,"MIT Academy of Engineering,Alandi, Pune",Electronics Engineering,DEF,I,2023-24,60,1
6146,"MIT Academy of Engineering,Alandi, Pune",Chemical Engineering,State Level,I,2023-24,60,37
6146,"MIT Academy of Engineering,Alandi, Pune",Chemical Engineering,PWD,I,2023-24,60,1
6146,"MIT Academy of Engineering,Alandi, Pune",Chemical Engineering,DEF,I,2023-24,60,1
6146,"MIT Academy of Engineering,Alandi, Pune",Mechanical Engineering,State Level,I,2023-24,120,73
6146,"MIT Academy of Engineering,Alandi, Pune",Mechanical Engineering,PWD,I,2023-24,120,2
6146,"MIT Academy of Engineering,Alandi, Pune",Mechanical Engineering,DEF,I,2023-24,120,2
6146,"MIT Academy of Engineering,Alandi, Pune",Computer Engineering (Software Engineering),State Level,I,2023-24,60,37
6146,"MIT Academy of Engineering,Alandi, Pune",Computer Engineering (Software Engineering),PWD,I,2023-24,60,1
6146,"MIT Academy of Engineering,Alandi, Pune",Computer Engineering (Software Engineering),DEF,I,2023-24,60,1
6155,"G.H.Raisoni College of Engineering & Management, Wagholi, Pune",Civil Engineering,State Level,I,2023-24,60,25
6155,"G.H.Raisoni College of Engineering & Management, Wagholi, Pune",Civil Engineering,PWD,I,2023-24,60,0
6155,"G.H.Raisoni College of Engineering & Management, Wagholi, Pune",Civil Engineering,DEF,I,2023-24,60,0
6155,"G.H.Raisoni College of Engineering & Management, Wagholi, Pune",Computer Engineering,State Level,I,2023-24,180,44
6155,"G.H.Raisoni College of Engineering & Management, Wagholi, Pune",Computer Engineering,PWD,I,2023-24,180,0
6155,"G.H.Raisoni College of Engineering & Management, Wagholi, Pune",Computer Engineering,DEF,I,2023-24,180,0
6155,"G.H.Raisoni College of Engineering & Management, Wagholi, Pune",Information Technology,State Level,I,2023-24,180,44
6155,"G.H.Raisoni College of Engineering & Management, Wagholi, Pune",Information Technology,PWD,I,2023-24,180,0
6155,"G.H.Raisoni College of Engineering & Management, Wagholi, Pune",Information Technology,DEF,I,2023-24,180,0
6155,"G.H.Raisoni College of Engineering & Management, Wagholi, Pune",Computer Science and Engineering (Cyber Security),State Level,I,2023-24,60,14
6155,"G.H.Raisoni College of Engineering & Management, Wagholi, Pune",Computer Science and Engineering (Cyber Security),PWD,I,2023-24,60,0
6155,"G.H.Raisoni College of Engineering & Management, Wagholi, Pune",Computer Science and Engineering (Cyber Security),DEF,I,2023-24,60,0
6155,"G.H.Raisoni College of Engineering & Management, Wagholi, Pune",Electrical Engineering,State Level,I,2023-24,60,25
6155,"G.H.Raisoni College of Engineering & Management, Wagholi, Pune",Electrical Engineering,PWD,I,2023-24,60,0
6155,"G.H.Raisoni College of Engineering & Management, Wagholi, Pune",Electrical Engineering,DEF,I,2023-24,60,0
6155,"G.H.Raisoni College of Engineering & Management, Wagholi, Pune",Electronics and Telecommunication Engg,State Level,I,2023-24,90,30
6155,"G.H.Raisoni College of Engineering & Management, Wagholi, Pune",Electronics and Telecommunication Engg,PWD,I,2023-24,90,0
6155,"G.H.Raisoni College of Engineering & Management, Wagholi, Pune",Electronics and Telecommunication Engg,DEF,I,2023-24,90,0
6155,"G.H.Raisoni College of Engineering & Management, Wagholi, Pune",Mechanical Engineering,State Level,I,2023-24,60,25
6155,"G.H.Raisoni College of Engineering & Management, Wagholi, Pune",Mechanical Engineering,PWD,I,2023-24,60,0
6155,"G.H.Raisoni College of Engineering & Management, Wagholi, Pune",Mechanical Engineering,DEF,I,2023-24,60,0
6155,"G.H.Raisoni College of Engineering & Management, Wagholi, Pune",Computer Science and Engineering(Artificial,State Level,I,2023-24,120,30
6155,"G.H.Raisoni College of Engineering & Management, Wagholi, Pune",Computer Science and Engineering(Artificial,PWD,I,2023-24,120,0
6155,"G.H.Raisoni College of Engineering & Management, Wagholi, Pune",Computer Science and Engineering(Artificial,DEF,I,2023-24,120,0
6155,"G.H.Raisoni College of Engineering & Management, Wagholi, Pune",Computer Science and Engineering(Data Science),State Level,I,2023-24,60,14
6155,"G.H.Raisoni College of Engineering & Management, Wagholi, Pune",Computer Science and Engineering(Data Science),PWD,I,2023-24,60,0
6155,"G.H.Raisoni College of Engineering & Management, Wagholi, Pune",Computer Science and Engineering(Data Science),DEF,I,2023-24,60,0
6155,"G.H.Raisoni College of Engineering & Management, Wagholi, Pune",Computer Science and Engineering (Artificial,State Level,I,2023-24,180,44
6155,"G.H.Raisoni College of Engineering & Management, Wagholi, Pune",Computer Science and Engineering (Artificial,PWD,I,2023-24,180,0
6155,"G.H.Raisoni College of Engineering & Management, Wagholi, Pune",Computer Science and Engineering (Artificial,DEF,I,2023-24,180,0
6175,"Pimpri Chinchwad Education Trust, Pimpri Chinchwad College of Engineering, Pune",Civil Engineering,State Level,I,2023-24,60,37
6175,"Pimpri Chinchwad Education Trust, Pimpri Chinchwad College of Engineering, Pune",Civil Engineering,PWD,I,2023-24,60,1
6175,"Pimpri Chinchwad Education Trust, Pimpri Chinchwad College of Engineering, Pune",Civil Engineering,DEF,I,2023-24,60,1
6175,"Pimpri Chinchwad Education Trust, Pimpri Chinchwad College of Engineering, Pune",Computer Engineering,State Level,I,2023-24,240,142
6175,"Pimpri Chinchwad Education Trust, Pimpri Chinchwad College of Engineering, Pune",Computer Engineering,PWD,I,2023-24,240,6
6175,"Pimpri Chinchwad Education Trust, Pimpri Chinchwad College of Engineering, Pune",Computer Engineering,DEF,I,2023-24,240,6
6175,"Pimpri Chinchwad Education Trust, Pimpri Chinchwad College of Engineering, Pune",Computer Engineering,State Level,I,2023-24,240,37
6175,"Pimpri Chinchwad Education Trust, Pimpri Chinchwad College of Engineering, Pune",Computer Engineering,PWD,I,2023-24,240,1
6175,"Pimpri Chinchwad Education Trust, Pimpri Chinchwad College of Engineering, Pune",Computer Engineering,DEF,I,2023-24,240,1
6175,"Pimpri Chinchwad Education Trust, Pimpri Chinchwad College of Engineering, Pune",Information Technology,State Level,I,2023-24,120,73
6175,"Pimpri Chinchwad Education Trust, Pimpri Chinchwad College of Engineering, Pune",Information Technology,PWD,I,2023-24,120,2
6175,"Pimpri Chinchwad Education Trust, Pimpri Chinchwad College of Engineering, Pune",Information Technology,DEF,I,2023-24,120,2
6175,"Pimpri Chinchwad Education Trust, Pimpri Chinchwad College of Engineering, Pune",Electronics and Telecommunication Engg,State Level,I,2023-24,180,108
6175,"Pimpri Chinchwad Education Trust, Pimpri Chinchwad College of Engineering, Pune",Electronics and Telecommunication Engg,PWD,I,2023-24,180,4
6175,"Pimpri Chinchwad Education Trust, Pimpri Chinchwad College of Engineering, Pune",Electronics and Telecommunication Engg,DEF,I,2023-24,180,4
6175,"Pimpri Chinchwad Education Trust, Pimpri Chinchwad College of Engineering, Pune",Mechanical Engineering,State Level,I,2023-24,180,108
6175,"Pimpri Chinchwad Education Trust, Pimpri Chinchwad College of Engineering, Pune",Mechanical Engineering,PWD,I,2023-24,180,4
6175,"Pimpri Chinchwad Education Trust, Pimpri Chinchwad College of Engineering, Pune",Mechanical Engineering,DEF,I,2023-24,180,4
6175,"Pimpri Chinchwad Education Trust, Pimpri Chinchwad College of Engineering, Pune",Computer Science and Engineering(Artificial,State Level,I,2023-24,60,37
6175,"Pimpri Chinchwad Education Trust, Pimpri Chinchwad College of Engineering, Pune",Computer Science and Engineering(Artificial,PWD,I,2023-24,60,1
6175,"Pimpri Chinchwad Education Trust, Pimpri Chinchwad College of Engineering, Pune",Computer Science and Engineering(Artificial,DEF,I,2023-24,60,1
6214,"K. E. Society's Rajarambapu Institute of Technology, Walwa, Sangli",Civil Engineering,State Level,I,2023-24,60,43
6214,"K. E. Society's Rajarambapu Institute of Technology, Walwa, Sangli",Civil Engineering,PWD,I,2023-24,60,1
6214,"K. E. Society's Rajarambapu Institute of Technology, Walwa, Sangli",Civil Engineering,DEF,I,2023-24,60,1
6214,"K. E. Society's Rajarambapu Institute of Technology, Walwa, Sangli",Computer Engineering,State Level,I,2023-24,120,73
6214,"K. E. Society's Rajarambapu Institute of Technology, Walwa, Sangli",Computer Engineering,PWD,I,2023-24,120,2
6214,"K. E. Society's Rajarambapu Institute of Technology, Walwa, Sangli",Computer Engineering,DEF,I,2023-24,120,2
6214,"K. E. Society's Rajarambapu Institute of Technology, Walwa, Sangli",Electrical Engineering,State Level,I,2023-24,60,43
6214,"K. E. Society's Rajarambapu Institute of Technology, Walwa, Sangli",Electrical Engineering,PWD,I,2023-24,60,1
6214,"K. E. Society's Rajarambapu Institute of Technology, Walwa, Sangli",Electrical Engineering,DEF,I,2023-24,60,1
6214,"K. E. Society's Rajarambapu Institute of Technology, Walwa, Sangli",Electronics and Telecommunication Engg,State Level,I,2023-24,120,73
6214,"K. E. Society's Rajarambapu Institute of Technology, Walwa, Sangli",Electronics and Telecommunication Engg,PWD,I,2023-24,120,2
6214,"K. E. Society's Rajarambapu Institute of Technology, Walwa, Sangli",Electronics and Telecommunication Engg,DEF,I,2023-24,120,2
6214,"K. E. Society's Rajarambapu Institute of Technology, Walwa, Sangli",Computer Science and Information Technology,State Level,I,2023-24,60,37
6214,"K. E. Society's Rajarambapu Institute of Technology, Walwa, Sangli",Computer Science and Information Technology,PWD,I,2023-24,60,1
6214,"K. E. Society's Rajarambapu Institute of Technology, Walwa, Sangli",Computer Science and Information Technology,DEF,I,2023-24,60,1
6214,"K. E. Society's Rajarambapu Institute of Technology, Walwa, Sangli",Mechanical Engineering,State Level,I,2023-24,120,90
6214,"K. E. Society's Rajarambapu Institute of Technology, Walwa, Sangli",Mechanical Engineering,PWD,I,2023-24,120,3
6214,"K. E. Society's Rajarambapu Institute of Technology, Walwa, Sangli",Mechanical Engineering,DEF,I,2023-24,120,3
6214,"K. E. Society's Rajarambapu Institute of Technology, Walwa, Sangli",Mechatronics Engineering,State Level,I,2023-24,60,45
6214,"K. E. Society's Rajarambapu Institute of Technology, Walwa, Sangli",Mechatronics Engineering,PWD,I,2023-24,60,1
6214,"K. E. Society's Rajarambapu Institute of Technology, Walwa, Sangli",Mechatronics Engineering,DEF,I,2023-24,60,1
6214,"K. E. Society's Rajarambapu Institute of Technology, Walwa, Sangli",Computer Science and Engineering(Artificial,State Level,I,2023-24,60,37
6214,"K. E. Society's Rajarambapu Institute of Technology, Walwa, Sangli",Computer Science and Engineering(Artificial,PWD,I,2023-24,60,1
6214,"K. E. Society's Rajarambapu Institute of Technology, Walwa, Sangli",Computer Science and Engineering(Artificial,DEF,I,2023-24,60,1
6214,"K. E. Society's Rajarambapu Institute of Technology, Walwa, Sangli",Robotics and Automation,State Level,I,2023-24,30,18
6214,"K. E. Society's Rajarambapu Institute of Technology, Walwa, Sangli",Robotics and Automation,PWD,I,2023-24,30,1
6214,"K. E. Society's Rajarambapu Institute of Technology, Walwa, Sangli",Robotics and Automation,DEF,I,2023-24,30,1
6222,"Dattajirao Kadam Technical Education Society's Textile & Engineering Institute, Ichalkaranji.",Civil Engineering,State Level,I,2023-24,60,43
6222,"Dattajirao Kadam Technical Education Society's Textile & Engineering Institute, Ichalkaranji.",Civil Engineering,PWD,I,2023-24,60,1
6222,"Dattajirao Kadam Technical Education Society's Textile & Engineering Institute, Ichalkaranji.",Civil Engineering,DEF,I,2023-24,60,1
6222,"Dattajirao Kadam Technical Education Society's Textile & Engineering Institute, Ichalkaranji.",Computer Science and Engineering,State Level,I,2023-24,120,73
6222,"Dattajirao Kadam Technical Education Society's Textile & Engineering Institute, Ichalkaranji.",Computer Science and Engineering,PWD,I,2023-24,120,2
6222,"Dattajirao Kadam Technical Education Society's Textile & Engineering Institute, Ichalkaranji.",Computer Science and Engineering,DEF,I,2023-24,120,2
6222,"Dattajirao Kadam Technical Education Society's Textile & Engineering Institute, Ichalkaranji.",Artificial Intelligence (AI) and Data Science,State Level,I,2023-24,60,37
6222,"Dattajirao Kadam Technical Education Society's Textile & Engineering Institute, Ichalkaranji.",Artificial Intelligence (AI) and Data Science,PWD,I,2023-24,60,1
6222,"Dattajirao Kadam Technical Education Society's Textile & Engineering Institute, Ichalkaranji.",Artificial Intelligence (AI) and Data Science,DEF,I,2023-24,60,1
6222,"Dattajirao Kadam Technical Education Society's Textile & Engineering Institute, Ichalkaranji.",Electrical Engineering,State Level,I,2023-24,60,46
6222,"Dattajirao Kadam Technical Education Society's Textile & Engineering Institute, Ichalkaranji.",Electrical Engineering,PWD,I,2023-24,60,1
6222,"Dattajirao Kadam Technical Education Society's Textile & Engineering Institute, Ichalkaranji.",Electrical Engineering,DEF,I,2023-24,60,1
6222,"Dattajirao Kadam Technical Education Society's Textile & Engineering Institute, Ichalkaranji.",Electronics and Telecommunication Engg,State Level,I,2023-24,120,73
6222,"Dattajirao Kadam Technical Education Society's Textile & Engineering Institute, Ichalkaranji.",Electronics and Telecommunication Engg,PWD,I,2023-24,120,2
6222,"Dattajirao Kadam Technical Education Society's Textile & Engineering Institute, Ichalkaranji.",Electronics and Telecommunication Engg,DEF,I,2023-24,120,2
6222,"Dattajirao Kadam Technical Education Society's Textile & Engineering Institute, Ichalkaranji.",Fashion Technology,State Level,I,2023-24,30,17
6222,"Dattajirao Kadam Technical Education Society's Textile & Engineering Institute, Ichalkaranji.",Fashion Technology,PWD,I,2023-24,30,1
6222,"Dattajirao Kadam Technical Education Society's Textile & Engineering Institute, Ichalkaranji.",Fashion Technology,DEF,I,2023-24,30,1
6222,"Dattajirao Kadam Technical Education Society's Textile & Engineering Institute, Ichalkaranji.",Mechanical Engineering,State Level,I,2023-24,60,46
6222,"Dattajirao Kadam Technical Education Society's Textile & Engineering Institute, Ichalkaranji.",Mechanical Engineering,PWD,I,2023-24,60,1
6222,"Dattajirao Kadam Technical Education Society's Textile & Engineering Institute, Ichalkaranji.",Mechanical Engineering,DEF,I,2023-24,60,1
6222,"Dattajirao Kadam Technical Education Society's Textile & Engineering Institute, Ichalkaranji.",Man Made Textile Technology,State Level,I,2023-24,30,17
6222,"Dattajirao Kadam Technical Education Society's Textile & Engineering Institute, Ichalkaranji.",Man Made Textile Technology,PWD,I,2023-24,30,1
6222,"Dattajirao Kadam Technical Education Society's Textile & Engineering Institute, Ichalkaranji.",Man Made Textile Technology,DEF,I,2023-24,30,1
6222,"Dattajirao Kadam Technical Education Society's Textile & Engineering Institute, Ichalkaranji.",Textile Chemistry,State Level,I,2023-24,60,41
6222,"Dattajirao Kadam Technical Education Society's Textile & Engineering Institute, Ichalkaranji.",Textile Chemistry,PWD,I,2023-24,60,1
6222,"Dattajirao Kadam Technical Education Society's Textile & Engineering Institute, Ichalkaranji.",Textile Chemistry,DEF,I,2023-24,60,1
6222,"Dattajirao Kadam Technical Education Society's Textile & Engineering Institute, Ichalkaranji.",Textile Plant Engineering,State Level,I,2023-24,30,20
6222,"Dattajirao Kadam Technical Education Society's Textile & Engineering Institute, Ichalkaranji.",Textile Plant Engineering,PWD,I,2023-24,30,1
6222,"Dattajirao Kadam Technical Education Society's Textile & Engineering Institute, Ichalkaranji.",Textile Plant Engineering,DEF,I,2023-24,30,1
6222,"Dattajirao Kadam Technical Education Society's Textile & Engineering Institute, Ichalkaranji.",Textile Technology,State Level,I,2023-24,60,37
6222,"Dattajirao Kadam Technical Education Society's Textile & Engineering Institute, Ichalkaranji.",Textile Technology,PWD,I,2023-24,60,1
6222,"Dattajirao Kadam Technical Education Society's Textile & Engineering Institute, Ichalkaranji.",Textile Technology,DEF,I,2023-24,60,1
6222,"Dattajirao Kadam Technical Education Society's Textile & Engineering Institute, Ichalkaranji.",Computer Science and Engineering(Artificial,State Level,I,2023-24,120,73
6222,"Dattajirao Kadam Technical Education Society's Textile & Engineering Institute, Ichalkaranji.",Computer Science and Engineering(Artificial,PWD,I,2023-24,120,2
6222,"Dattajirao Kadam Technical Education Society's Textile & Engineering Institute, Ichalkaranji.",Computer Science and Engineering(Artificial,DEF,I,2023-24,120,2
6250,"D.Y. Patil College of Engineering and Technology, Kolhapur",Civil Engineering,State Level,I,2023-24,120,95
6250,"D.Y. Patil College of Engineering and Technology, Kolhapur",Civil Engineering,PWD,I,2023-24,120,3
6250,"D.Y. Patil College of Engineering and Technology, Kolhapur",Civil Engineering,DEF,I,2023-24,120,3
6250,"D.Y. Patil College of Engineering and Technology, Kolhapur",Computer Science and Engineering,State Level,I,2023-24,240,142
6250,"D.Y. Patil College of Engineering and Technology, Kolhapur",Computer Science and Engineering,PWD,I,2023-24,240,6
6250,"D.Y. Patil College of Engineering and Technology, Kolhapur",Computer Science and Engineering,DEF,I,2023-24,240,6
6250,"D.Y. Patil College of Engineering and Technology, Kolhapur",Electronics and Telecommunication Engg,State Level,I,2023-24,60,37
6250,"D.Y. Patil College of Engineering and Technology, Kolhapur",Electronics and Telecommunication Engg,PWD,I,2023-24,60,1
6250,"D.Y. Patil College of Engineering and Technology, Kolhapur",Electronics and Telecommunication Engg,DEF,I,2023-24,60,1
6250,"D.Y. Patil College of Engineering and Technology, Kolhapur",Chemical Engineering,State Level,I,2023-24,60,46
6250,"D.Y. Patil College of Engineering and Technology, Kolhapur",Chemical Engineering,PWD,I,2023-24,60,2
6250,"D.Y. Patil College of Engineering and Technology, Kolhapur",Chemical Engineering,DEF,I,2023-24,60,2
6250,"D.Y. Patil College of Engineering and Technology, Kolhapur",Mechanical Engineering,State Level,I,2023-24,120,95
6250,"D.Y. Patil College of Engineering and Technology, Kolhapur",Mechanical Engineering,PWD,I,2023-24,120,3
6250,"D.Y. Patil College of Engineering and Technology, Kolhapur",Mechanical Engineering,DEF,I,2023-24,120,3
6250,"D.Y. Patil College of Engineering and Technology, Kolhapur",Computer Science and Engineering(Artificial,State Level,I,2023-24,120,73
6250,"D.Y. Patil College of Engineering and Technology, Kolhapur",Computer Science and Engineering(Artificial,PWD,I,2023-24,120,2
6250,"D.Y. Patil College of Engineering and Technology, Kolhapur",Computer Science and Engineering(Artificial,DEF,I,2023-24,120,2
6250,"D.Y. Patil College of Engineering and Technology, Kolhapur",Computer Science and Engineering(Data Science),State Level,I,2023-24,180,108
6250,"D.Y. Patil College of Engineering and Technology, Kolhapur",Computer Science and Engineering(Data Science),PWD,I,2023-24,180,4
6250,"D.Y. Patil College of Engineering and Technology, Kolhapur",Computer Science and Engineering(Data Science),DEF,I,2023-24,180,4
6265,"Walchand Institute of Technology, Solapur",Civil Engineering,State Level,I,2023-24,60,25
6265,"Walchand Institute of Technology, Solapur",Civil Engineering,PWD,I,2023-24,60,0
6265,"Walchand Institute of Technology, Solapur",Civil Engineering,DEF,I,2023-24,60,0
6265,"Walchand Institute of Technology, Solapur",Computer Science and Engineering,State Level,I,2023-24,180,59
6265,"Walchand Institute of Technology, Solapur",Computer Science and Engineering,PWD,I,2023-24,180,0
6265,"Walchand Institute of Technology, Solapur",Computer Science and Engineering,DEF,I,2023-24,180,0
6265,"Walchand Institute of Technology, Solapur",Information Technology,State Level,I,2023-24,120,45
6265,"Walchand Institute of Technology, Solapur",Information Technology,PWD,I,2023-24,120,0
6265,"Walchand Institute of Technology, Solapur",Information Technology,DEF,I,2023-24,120,0
6265,"Walchand Institute of Technology, Solapur",Electronics and Telecommunication Engg,State Level,I,2023-24,120,50
6265,"Walchand Institute of Technology, Solapur",Electronics and Telecommunication Engg,PWD,I,2023-24,120,0
6265,"Walchand Institute of Technology, Solapur",Electronics and Telecommunication Engg,DEF,I,2023-24,120,0
6265,"Walchand Institute of Technology, Solapur",Mechanical & Automation Engineering,State Level,I,2023-24,60,25
6265,"Walchand Institute of Technology, Solapur",Mechanical & Automation Engineering,PWD,I,2023-24,60,0
6265,"Walchand Institute of Technology, Solapur",Mechanical & Automation Engineering,DEF,I,2023-24,60,0
6265,"Walchand Institute of Technology, Solapur",Electronics and Computer Engineering,State Level,I,2023-24,60,22
6265,"Walchand Institute of Technology, Solapur",Electronics and Computer Engineering,PWD,I,2023-24,60,0
6265,"Walchand Institute of Technology, Solapur",Electronics and Computer Engineering,DEF,I,2023-24,60,0
6267,"Kolhapur Institute of Technology's College of Engineering(Autonomous), Kolhapur",Bio Technology,State Level,I,2023-24,30,17
6267,"Kolhapur Institute of Technology's College of Engineering(Autonomous), Kolhapur",Bio Technology,PWD,I,2023-24,30,1
6267,"Kolhapur Institute of Technology's College of Engineering(Autonomous), Kolhapur",Bio Technology,DEF,I,2023-24,30,1
6267,"Kolhapur Institute of Technology's College of Engineering(Autonomous), Kolhapur",Civil Engineering,State Level,I,2023-24,120,89
6267,"Kolhapur Institute of Technology's College of Engineering(Autonomous), Kolhapur",Civil Engineering,PWD,I,2023-24,120,3
6267,"Kolhapur Institute of Technology's College of Engineering(Autonomous), Kolhapur",Civil Engineering,DEF,I,2023-24,120,3
6267,"Kolhapur Institute of Technology's College of Engineering(Autonomous), Kolhapur",Computer Science and Engineering,State Level,I,2023-24,180,108
6267,"Kolhapur Institute of Technology's College of Engineering(Autonomous), Kolhapur",Computer Science and Engineering,PWD,I,2023-24,180,4
6267,"Kolhapur Institute of Technology's College of Engineering(Autonomous), Kolhapur",Computer Science and Engineering,DEF,I,2023-24,180,4
6267,"Kolhapur Institute of Technology's College of Engineering(Autonomous), Kolhapur",Computer Science and Business Systems,State Level,I,2023-24,180,108
6267,"Kolhapur Institute of Technology's College of Engineering(Autonomous), Kolhapur",Computer Science and Business Systems,PWD,I,2023-24,180,4
6267,"Kolhapur Institute of Technology's College of Engineering(Autonomous), Kolhapur",Computer Science and Business Systems,DEF,I,2023-24,180,4
6267,"Kolhapur Institute of Technology's College of Engineering(Autonomous), Kolhapur",Electrical Engineering,State Level,I,2023-24,60,37
6267,"Kolhapur Institute of Technology's College of Engineering(Autonomous), Kolhapur",Electrical Engineering,PWD,I,2023-24,60,1
6267,"Kolhapur Institute of Technology's College of Engineering(Autonomous), Kolhapur",Electrical Engineering,DEF,I,2023-24,60,1
6267,"Kolhapur Institute of Technology's College of Engineering(Autonomous), Kolhapur",Electronics and Telecommunication Engg,State Level,I,2023-24,120,73
6267,"Kolhapur Institute of Technology's College of Engineering(Autonomous), Kolhapur",Electronics and Telecommunication Engg,PWD,I,2023-24,120,2
6267,"Kolhapur Institute of Technology's College of Engineering(Autonomous), Kolhapur",Electronics and Telecommunication Engg,DEF,I,2023-24,120,2
6267,"Kolhapur Institute of Technology's College of Engineering(Autonomous), Kolhapur",Mechanical Engineering,State Level,I,2023-24,180,108
6267,"Kolhapur Institute of Technology's College of Engineering(Autonomous), Kolhapur",Mechanical Engineering,PWD,I,2023-24,180,4
6267,"Kolhapur Institute of Technology's College of Engineering(Autonomous), Kolhapur",Mechanical Engineering,DEF,I,2023-24,180,4
6267,"Kolhapur Institute of Technology's College of Engineering(Autonomous), Kolhapur",Computer Science and Engineering(Artificial,State Level,I,2023-24,120,73
6267,"Kolhapur Institute of Technology's College of Engineering(Autonomous), Kolhapur",Computer Science and Engineering(Artificial,PWD,I,2023-24,120,2
6267,"Kolhapur Institute of Technology's College of Engineering(Autonomous), Kolhapur",Computer Science and Engineering(Artificial,DEF,I,2023-24,120,2
6267,"Kolhapur Institute of Technology's College of Engineering(Autonomous), Kolhapur",Computer Science and Engineering(Data Science),State Level,I,2023-24,60,37
6267,"Kolhapur Institute of Technology's College of Engineering(Autonomous), Kolhapur",Computer Science and Engineering(Data Science),PWD,I,2023-24,60,1
6267,"Kolhapur Institute of Technology's College of Engineering(Autonomous), Kolhapur",Computer Science and Engineering(Data Science),DEF,I,2023-24,60,1
6267,"Kolhapur Institute of Technology's College of Engineering(Autonomous), Kolhapur",Civil and Environmental Engineering,State Level,I,2023-24,60,43
6267,"Kolhapur Institute of Technology's College of Engineering(Autonomous), Kolhapur",Civil and Environmental Engineering,PWD,I,2023-24,60,1
6267,"Kolhapur Institute of Technology's College of Engineering(Autonomous), Kolhapur",Civil and Environmental Engineering,DEF,I,2023-24,60,1
6268,"Tatyasaheb Kore Institute of Engineering and Technology, Warananagar",Civil Engineering,State Level,I,2023-24,120,95
6268,"Tatyasaheb Kore Institute of Engineering and Technology, Warananagar",Civil Engineering,PWD,I,2023-24,120,3
6268,"Tatyasaheb Kore Institute of Engineering and Technology, Warananagar",Civil Engineering,DEF,I,2023-24,120,3
6268,"Tatyasaheb Kore Institute of Engineering and Technology, Warananagar",Computer Science and Engineering,State Level,I,2023-24,180,108
6268,"Tatyasaheb Kore Institute of Engineering and Technology, Warananagar",Computer Science and Engineering,PWD,I,2023-24,180,4
6268,"Tatyasaheb Kore Institute of Engineering and Technology, Warananagar",Computer Science and Engineering,DEF,I,2023-24,180,4
6268,"Tatyasaheb Kore Institute of Engineering and Technology, Warananagar",Electronics and Telecommunication Engg,State Level,I,2023-24,60,37
6268,"Tatyasaheb Kore Institute of Engineering and Technology, Warananagar",Electronics and Telecommunication Engg,PWD,I,2023-24,60,1
6268,"Tatyasaheb Kore Institute of Engineering and Technology, Warananagar",Electronics and Telecommunication Engg,DEF,I,2023-24,60,1
6268,"Tatyasaheb Kore Institute of Engineering and Technology, Warananagar",Chemical Engineering,State Level,I,2023-24,60,45
6268,"Tatyasaheb Kore Institute of Engineering and Technology, Warananagar",Chemical Engineering,PWD,I,2023-24,60,2
6268,"Tatyasaheb Kore Institute of Engineering and Technology, Warananagar",Chemical Engineering,DEF,I,2023-24,60,2
6268,"Tatyasaheb Kore Institute of Engineering and Technology, Warananagar",Mechanical Engineering,State Level,I,2023-24,180,139
6268,"Tatyasaheb Kore Institute of Engineering and Technology, Warananagar",Mechanical Engineering,PWD,I,2023-24,180,6
6268,"Tatyasaheb Kore Institute of Engineering and Technology, Warananagar",Mechanical Engineering,DEF,I,2023-24,180,6
6273,"Bansilal Ramnath Agarawal Charitable Trust's Vishwakarma Institute of Technology, Bibwewadi, Pune",Computer Engineering,State Level,I,2023-24,240,142
6273,"Bansilal Ramnath Agarawal Charitable Trust's Vishwakarma Institute of Technology, Bibwewadi, Pune",Computer Engineering,PWD,I,2023-24,240,6
6273,"Bansilal Ramnath Agarawal Charitable Trust's Vishwakarma Institute of Technology, Bibwewadi, Pune",Computer Engineering,DEF,I,2023-24,240,6
6273,"Bansilal Ramnath Agarawal Charitable Trust's Vishwakarma Institute of Technology, Bibwewadi, Pune",Information Technology,State Level,I,2023-24,180,108
6273,"Bansilal Ramnath Agarawal Charitable Trust's Vishwakarma Institute of Technology, Bibwewadi, Pune",Information Technology,PWD,I,2023-24,180,4
6273,"Bansilal Ramnath Agarawal Charitable Trust's Vishwakarma Institute of Technology, Bibwewadi, Pune",Information Technology,DEF,I,2023-24,180,4
6273,"Bansilal Ramnath Agarawal Charitable Trust's Vishwakarma Institute of Technology, Bibwewadi, Pune",Electronics and Telecommunication Engg,State Level,I,2023-24,180,120
6273,"Bansilal Ramnath Agarawal Charitable Trust's Vishwakarma Institute of Technology, Bibwewadi, Pune",Electronics and Telecommunication Engg,PWD,I,2023-24,180,4
6273,"Bansilal Ramnath Agarawal Charitable Trust's Vishwakarma Institute of Technology, Bibwewadi, Pune",Electronics and Telecommunication Engg,DEF,I,2023-24,180,4
6273,"Bansilal Ramnath Agarawal Charitable Trust's Vishwakarma Institute of Technology, Bibwewadi, Pune",Instrumentation and Control Engineering,State Level,I,2023-24,60,46
6273,"Bansilal Ramnath Agarawal Charitable Trust's Vishwakarma Institute of Technology, Bibwewadi, Pune",Instrumentation and Control Engineering,PWD,I,2023-24,60,1
6273,"Bansilal Ramnath Agarawal Charitable Trust's Vishwakarma Institute of Technology, Bibwewadi, Pune",Instrumentation and Control Engineering,DEF,I,2023-24,60,1
6273,"Bansilal Ramnath Agarawal Charitable Trust's Vishwakarma Institute of Technology, Bibwewadi, Pune",Chemical Engineering,State Level,I,2023-24,60,46
6273,"Bansilal Ramnath Agarawal Charitable Trust's Vishwakarma Institute of Technology, Bibwewadi, Pune",Chemical Engineering,PWD,I,2023-24,60,1
6273,"Bansilal Ramnath Agarawal Charitable Trust's Vishwakarma Institute of Technology, Bibwewadi, Pune",Chemical Engineering,DEF,I,2023-24,60,1
6273,"Bansilal Ramnath Agarawal Charitable Trust's Vishwakarma Institute of Technology, Bibwewadi, Pune",Mechanical Engineering,State Level,I,2023-24,180,133
6273,"Bansilal Ramnath Agarawal Charitable Trust's Vishwakarma Institute of Technology, Bibwewadi, Pune",Mechanical Engineering,PWD,I,2023-24,180,5
6273,"Bansilal Ramnath Agarawal Charitable Trust's Vishwakarma Institute of Technology, Bibwewadi, Pune",Mechanical Engineering,DEF,I,2023-24,180,5
6273,"Bansilal Ramnath Agarawal Charitable Trust's Vishwakarma Institute of Technology, Bibwewadi, Pune",Computer Science and Engineering(Artificial,State Level,I,2023-24,120,73
6273,"Bansilal Ramnath Agarawal Charitable Trust's Vishwakarma Institute of Technology, Bibwewadi, Pune",Computer Science and Engineering(Artificial,PWD,I,2023-24,120,2
6273,"Bansilal Ramnath Agarawal Charitable Trust's Vishwakarma Institute of Technology, Bibwewadi, Pune",Computer Science and Engineering(Artificial,DEF,I,2023-24,120,2
6273,"Bansilal Ramnath Agarawal Charitable Trust's Vishwakarma Institute of Technology, Bibwewadi, Pune",Computer Science and Engineering (Artificial,State Level,I,2023-24,120,73
6273,"Bansilal Ramnath Agarawal Charitable Trust's Vishwakarma Institute of Technology, Bibwewadi, Pune",Computer Science and Engineering (Artificial,PWD,I,2023-24,120,2
6273,"Bansilal Ramnath Agarawal Charitable Trust's Vishwakarma Institute of Technology, Bibwewadi, Pune",Computer Science and Engineering (Artificial,DEF,I,2023-24,120,2
6273,"Bansilal Ramnath Agarawal Charitable Trust's Vishwakarma Institute of Technology, Bibwewadi, Pune",Artificial Intelligence and Data Science,State Level,I,2023-24,180,108
6273,"Bansilal Ramnath Agarawal Charitable Trust's Vishwakarma Institute of Technology, Bibwewadi, Pune",Artificial Intelligence and Data Science,PWD,I,2023-24,180,4
6273,"Bansilal Ramnath Agarawal Charitable Trust's Vishwakarma Institute of Technology, Bibwewadi, Pune",Artificial Intelligence and Data Science,DEF,I,2023-24,180,4
6276,"MKSSS's Cummins College of Engineering for Women, Karvenagar,Pune",Artificial Intelligence and Data Science,State Level,I,2023-24,180,139
6276,"MKSSS's Cummins College of Engineering for Women, Karvenagar,Pune",Artificial Intelligence and Data Science,PWD,I,2023-24,180,6
6276,"MKSSS's Cummins College of Engineering for Women, Karvenagar,Pune",Artificial Intelligence and Data Science,DEF,I,2023-24,180,6
6276,"MKSSS's Cummins College of Engineering for Women, Karvenagar,Pune",Artificial Intelligence and Data Science,State Level,I,2023-24,180,46
6276,"MKSSS's Cummins College of Engineering for Women, Karvenagar,Pune",Artificial Intelligence and Data Science,PWD,I,2023-24,180,2
6276,"MKSSS's Cummins College of Engineering for Women, Karvenagar,Pune",Artificial Intelligence and Data Science,DEF,I,2023-24,180,2
6276,"MKSSS's Cummins College of Engineering for Women, Karvenagar,Pune",Artificial Intelligence and Data Science,State Level,I,2023-24,180,139
6276,"MKSSS's Cummins College of Engineering for Women, Karvenagar,Pune",Artificial Intelligence and Data Science,PWD,I,2023-24,180,6
6276,"MKSSS's Cummins College of Engineering for Women, Karvenagar,Pune",Artificial Intelligence and Data Science,DEF,I,2023-24,180,6
6276,"MKSSS's Cummins College of Engineering for Women, Karvenagar,Pune",Artificial Intelligence and Data Science,State Level,I,2023-24,180,46
6276,"MKSSS's Cummins College of Engineering for Women, Karvenagar,Pune",Artificial Intelligence and Data Science,PWD,I,2023-24,180,2
6276,"MKSSS's Cummins College of Engineering for Women, Karvenagar,Pune",Artificial Intelligence and Data Science,DEF,I,2023-24,180,2
6276,"MKSSS's Cummins College of Engineering for Women, Karvenagar,Pune",Artificial Intelligence and Data Science,State Level,I,2023-24,180,46
6276,"MKSSS's Cummins College of Engineering for Women, Karvenagar,Pune",Artificial Intelligence and Data Science,PWD,I,2023-24,180,2
6276,"MKSSS's Cummins College of Engineering for Women, Karvenagar,Pune",Artificial Intelligence and Data Science,DEF,I,2023-24,180,2
6282,"All India Shri Shivaji Memorial Society's Institute of Information Technology,Pune",Computer Engineering,State Level,I,2023-24,120,73
6282,"All India Shri Shivaji Memorial Society's Institute of Information Technology,Pune",Computer Engineering,PWD,I,2023-24,120,2
6282,"All India Shri Shivaji Memorial Society's Institute of Information Technology,Pune",Computer Engineering,DEF,I,2023-24,120,2
6282,"All India Shri Shivaji Memorial Society's Institute of Information Technology,Pune",Information Technology,State Level,I,2023-24,60,37
6282,"All India Shri Shivaji Memorial Society's Institute of Information Technology,Pune",Information Technology,PWD,I,2023-24,60,1
6282,"All India Shri Shivaji Memorial Society's Institute of Information Technology,Pune",Information Technology,DEF,I,2023-24,60,1
6282,"All India Shri Shivaji Memorial Society's Institute of Information Technology,Pune",Electrical Engineering,State Level,I,2023-24,60,46
6282,"All India Shri Shivaji Memorial Society's Institute of Information Technology,Pune",Electrical Engineering,PWD,I,2023-24,60,1
6282,"All India Shri Shivaji Memorial Society's Institute of Information Technology,Pune",Electrical Engineering,DEF,I,2023-24,60,1
6282,"All India Shri Shivaji Memorial Society's Institute of Information Technology,Pune",Electronics and Telecommunication Engg,State Level,I,2023-24,120,73
6282,"All India Shri Shivaji Memorial Society's Institute of Information Technology,Pune",Electronics and Telecommunication Engg,PWD,I,2023-24,120,2
6282,"All India Shri Shivaji Memorial Society's Institute of Information Technology,Pune",Electronics and Telecommunication Engg,DEF,I,2023-24,120,2
6282,"All India Shri Shivaji Memorial Society's Institute of Information Technology,Pune",Instrumentation Engineering,State Level,I,2023-24,60,46
6282,"All India Shri Shivaji Memorial Society's Institute of Information Technology,Pune",Instrumentation Engineering,PWD,I,2023-24,60,1
6282,"All India Shri Shivaji Memorial Society's Institute of Information Technology,Pune",Instrumentation Engineering,DEF,I,2023-24,60,1
6282,"All India Shri Shivaji Memorial Society's Institute of Information Technology,Pune",Artificial Intelligence and Data Science,State Level,I,2023-24,120,73
6282,"All India Shri Shivaji Memorial Society's Institute of Information Technology,Pune",Artificial Intelligence and Data Science,PWD,I,2023-24,120,2
6282,"All India Shri Shivaji Memorial Society's Institute of Information Technology,Pune",Artificial Intelligence and Data Science,DEF,I,2023-24,120,2
6283,"Annasaheb Dange College of Engineering and Technology, Ashta, Sangli",Aeronautical Engineering,State Level,I,2023-24,60,46
6283,"Annasaheb Dange College of Engineering and Technology, Ashta, Sangli",Aeronautical Engineering,PWD,I,2023-24,60,2
6283,"Annasaheb Dange College of Engineering and Technology, Ashta, Sangli",Aeronautical Engineering,DEF,I,2023-24,60,2
6283,"Annasaheb Dange College of Engineering and Technology, Ashta, Sangli",Civil Engineering,State Level,I,2023-24,60,46
6283,"Annasaheb Dange College of Engineering and Technology, Ashta, Sangli",Civil Engineering,PWD,I,2023-24,60,2
6283,"Annasaheb Dange College of Engineering and Technology, Ashta, Sangli",Civil Engineering,DEF,I,2023-24,60,2
6283,"Annasaheb Dange College of Engineering and Technology, Ashta, Sangli",Computer Science and Engineering,State Level,I,2023-24,120,73
6283,"Annasaheb Dange College of Engineering and Technology, Ashta, Sangli",Computer Science and Engineering,PWD,I,2023-24,120,2
6283,"Annasaheb Dange College of Engineering and Technology, Ashta, Sangli",Computer Science and Engineering,DEF,I,2023-24,120,2
6283,"Annasaheb Dange College of Engineering and Technology, Ashta, Sangli",Artificial Intelligence (AI) and Data Science,State Level,I,2023-24,60,37
6283,"Annasaheb Dange College of Engineering and Technology, Ashta, Sangli",Artificial Intelligence (AI) and Data Science,PWD,I,2023-24,60,1
6283,"Annasaheb Dange College of Engineering and Technology, Ashta, Sangli",Artificial Intelligence (AI) and Data Science,DEF,I,2023-24,60,1
6283,"Annasaheb Dange College of Engineering and Technology, Ashta, Sangli",Electrical Engineering,State Level,I,2023-24,120,95
6283,"Annasaheb Dange College of Engineering and Technology, Ashta, Sangli",Electrical Engineering,PWD,I,2023-24,120,3
6283,"Annasaheb Dange College of Engineering and Technology, Ashta, Sangli",Electrical Engineering,DEF,I,2023-24,120,3
6283,"Annasaheb Dange College of Engineering and Technology, Ashta, Sangli",Food Technology,State Level,I,2023-24,60,46
6283,"Annasaheb Dange College of Engineering and Technology, Ashta, Sangli",Food Technology,PWD,I,2023-24,60,2
6283,"Annasaheb Dange College of Engineering and Technology, Ashta, Sangli",Food Technology,DEF,I,2023-24,60,2
6283,"Annasaheb Dange College of Engineering and Technology, Ashta, Sangli",Mechanical Engineering,State Level,I,2023-24,120,95
6283,"Annasaheb Dange College of Engineering and Technology, Ashta, Sangli",Mechanical Engineering,PWD,I,2023-24,120,3
6283,"Annasaheb Dange College of Engineering and Technology, Ashta, Sangli",Mechanical Engineering,DEF,I,2023-24,120,3
6283,"Annasaheb Dange College of Engineering and Technology, Ashta, Sangli",Computer Science and Engineering (Internet of,State Level,I,2023-24,60,37
6283,"Annasaheb Dange College of Engineering and Technology, Ashta, Sangli",Computer Science and Engineering (Internet of,PWD,I,2023-24,60,1
6283,"Annasaheb Dange College of Engineering and Technology, Ashta, Sangli",Computer Science and Engineering (Internet of,DEF,I,2023-24,60,1
6284,"Vidya Pratishthan's Kamalnayan Bajaj Institute of Engineering & Technology, Baramati Dist.Pune",Civil Engineering,State Level,I,2023-24,60,46
6284,"Vidya Pratishthan's Kamalnayan Bajaj Institute of Engineering & Technology, Baramati Dist.Pune",Civil Engineering,PWD,I,2023-24,60,2
6284,"Vidya Pratishthan's Kamalnayan Bajaj Institute of Engineering & Technology, Baramati Dist.Pune",Civil Engineering,DEF,I,2023-24,60,2
6284,"Vidya Pratishthan's Kamalnayan Bajaj Institute of Engineering & Technology, Baramati Dist.Pune",Computer Engineering,State Level,I,2023-24,120,73
6284,"Vidya Pratishthan's Kamalnayan Bajaj Institute of Engineering & Technology, Baramati Dist.Pune",Computer Engineering,PWD,I,2023-24,120,2
6284,"Vidya Pratishthan's Kamalnayan Bajaj Institute of Engineering & Technology, Baramati Dist.Pune",Computer Engineering,DEF,I,2023-24,120,2
6284,"Vidya Pratishthan's Kamalnayan Bajaj Institute of Engineering & Technology, Baramati Dist.Pune",Information Technology,State Level,I,2023-24,60,37
6284,"Vidya Pratishthan's Kamalnayan Bajaj Institute of Engineering & Technology, Baramati Dist.Pune",Information Technology,PWD,I,2023-24,60,1
6284,"Vidya Pratishthan's Kamalnayan Bajaj Institute of Engineering & Technology, Baramati Dist.Pune",Information Technology,DEF,I,2023-24,60,1
6284,"Vidya Pratishthan's Kamalnayan Bajaj Institute of Engineering & Technology, Baramati Dist.Pune",Electrical Engineering,State Level,I,2023-24,60,46
6284,"Vidya Pratishthan's Kamalnayan Bajaj Institute of Engineering & Technology, Baramati Dist.Pune",Electrical Engineering,PWD,I,2023-24,60,2
6284,"Vidya Pratishthan's Kamalnayan Bajaj Institute of Engineering & Technology, Baramati Dist.Pune",Electrical Engineering,DEF,I,2023-24,60,2
6284,"Vidya Pratishthan's Kamalnayan Bajaj Institute of Engineering & Technology, Baramati Dist.Pune",Electronics and Telecommunication Engg,State Level,I,2023-24,60,46
6284,"Vidya Pratishthan's Kamalnayan Bajaj Institute of Engineering & Technology, Baramati Dist.Pune",Electronics and Telecommunication Engg,PWD,I,2023-24,60,2
6284,"Vidya Pratishthan's Kamalnayan Bajaj Institute of Engineering & Technology, Baramati Dist.Pune",Electronics and Telecommunication Engg,DEF,I,2023-24,60,2
6284,"Vidya Pratishthan's Kamalnayan Bajaj Institute of Engineering & Technology, Baramati Dist.Pune",Mechanical Engineering,State Level,I,2023-24,60,46
6284,"Vidya Pratishthan's Kamalnayan Bajaj Institute of Engineering & Technology, Baramati Dist.Pune",Mechanical Engineering,PWD,I,2023-24,60,2
6284,"Vidya Pratishthan's Kamalnayan Bajaj Institute of Engineering & Technology, Baramati Dist.Pune",Mechanical Engineering,DEF,I,2023-24,60,2
6284,"Vidya Pratishthan's Kamalnayan Bajaj Institute of Engineering & Technology, Baramati Dist.Pune",Artificial Intelligence and Data Science,State Level,I,2023-24,120,73
6284,"Vidya Pratishthan's Kamalnayan Bajaj Institute of Engineering & Technology, Baramati Dist.Pune",Artificial Intelligence and Data Science,PWD,I,2023-24,120,2
6284,"Vidya Pratishthan's Kamalnayan Bajaj Institute of Engineering & Technology, Baramati Dist.Pune",Artificial Intelligence and Data Science,DEF,I,2023-24,120,2
6289,"B.R.A.C.T's Vishwakarma Institute of Information Technology, Kondhwa (Bk.), Pune",Civil Engineering,State Level,I,2023-24,60,46
6289,"B.R.A.C.T's Vishwakarma Institute of Information Technology, Kondhwa (Bk.), Pune",Civil Engineering,PWD,I,2023-24,60,1
6289,"B.R.A.C.T's Vishwakarma Institute of Information Technology, Kondhwa (Bk.), Pune",Civil Engineering,DEF,I,2023-24,60,1
6289,"B.R.A.C.T's Vishwakarma Institute of Information Technology, Kondhwa (Bk.), Pune",Computer Engineering,State Level,I,2023-24,240,142
6289,"B.R.A.C.T's Vishwakarma Institute of Information Technology, Kondhwa (Bk.), Pune",Computer Engineering,PWD,I,2023-24,240,6
6289,"B.R.A.C.T's Vishwakarma Institute of Information Technology, Kondhwa (Bk.), Pune",Computer Engineering,DEF,I,2023-24,240,6
6289,"B.R.A.C.T's Vishwakarma Institute of Information Technology, Kondhwa (Bk.), Pune",Information Technology,State Level,I,2023-24,180,108
6289,"B.R.A.C.T's Vishwakarma Institute of Information Technology, Kondhwa (Bk.), Pune",Information Technology,PWD,I,2023-24,180,4
6289,"B.R.A.C.T's Vishwakarma Institute of Information Technology, Kondhwa (Bk.), Pune",Information Technology,DEF,I,2023-24,180,4
6289,"B.R.A.C.T's Vishwakarma Institute of Information Technology, Kondhwa (Bk.), Pune",Electronics and Telecommunication Engg,State Level,I,2023-24,180,136
6289,"B.R.A.C.T's Vishwakarma Institute of Information Technology, Kondhwa (Bk.), Pune",Electronics and Telecommunication Engg,PWD,I,2023-24,180,6
6289,"B.R.A.C.T's Vishwakarma Institute of Information Technology, Kondhwa (Bk.), Pune",Electronics and Telecommunication Engg,DEF,I,2023-24,180,6
6289,"B.R.A.C.T's Vishwakarma Institute of Information Technology, Kondhwa (Bk.), Pune",Mechanical Engineering,State Level,I,2023-24,120,95
6289,"B.R.A.C.T's Vishwakarma Institute of Information Technology, Kondhwa (Bk.), Pune",Mechanical Engineering,PWD,I,2023-24,120,3
6289,"B.R.A.C.T's Vishwakarma Institute of Information Technology, Kondhwa (Bk.), Pune",Mechanical Engineering,DEF,I,2023-24,120,3
6289,"B.R.A.C.T's Vishwakarma Institute of Information Technology, Kondhwa (Bk.), Pune",Computer Science and Engineering(Artificial,State Level,I,2023-24,60,37
6289,"B.R.A.C.T's Vishwakarma Institute of Information Technology, Kondhwa (Bk.), Pune",Computer Science and Engineering(Artificial,PWD,I,2023-24,60,1
6289,"B.R.A.C.T's Vishwakarma Institute of Information Technology, Kondhwa (Bk.), Pune",Computer Science and Engineering(Artificial,DEF,I,2023-24,60,1
6289,"B.R.A.C.T's Vishwakarma Institute of Information Technology, Kondhwa (Bk.), Pune",Computer Science and Engineering(Data Science),State Level,I,2023-24,60,46
6289,"B.R.A.C.T's Vishwakarma Institute of Information Technology, Kondhwa (Bk.), Pune",Computer Science and Engineering(Data Science),PWD,I,2023-24,60,1
6289,"B.R.A.C.T's Vishwakarma Institute of Information Technology, Kondhwa (Bk.), Pune",Computer Science and Engineering(Data Science),DEF,I,2023-24,60,1
6289,"B.R.A.C.T's Vishwakarma Institute of Information Technology, Kondhwa (Bk.), Pune",Computer Science and Engineering (Artificial,State Level,I,2023-24,120,82
6289,"B.R.A.C.T's Vishwakarma Institute of Information Technology, Kondhwa (Bk.), Pune",Computer Science and Engineering (Artificial,PWD,I,2023-24,120,2
6289,"B.R.A.C.T's Vishwakarma Institute of Information Technology, Kondhwa (Bk.), Pune",Computer Science and Engineering (Artificial,DEF,I,2023-24,120,2
6289,"B.R.A.C.T's Vishwakarma Institute of Information Technology, Kondhwa (Bk.), Pune",Computer Science and Engineering (Internet of,State Level,I,2023-24,60,46
6289,"B.R.A.C.T's Vishwakarma Institute of Information Technology, Kondhwa (Bk.), Pune",Computer Science and Engineering (Internet of,PWD,I,2023-24,60,1
6289,"B.R.A.C.T's Vishwakarma Institute of Information Technology, Kondhwa (Bk.), Pune",Computer Science and Engineering (Internet of,DEF,I,2023-24,60,1
6289,"B.R.A.C.T's Vishwakarma Institute of Information Technology, Kondhwa (Bk.), Pune",Computer Engineering (Software Engineering),State Level,I,2023-24,60,46
6289,"B.R.A.C.T's Vishwakarma Institute of Information Technology, Kondhwa (Bk.), Pune",Computer Engineering (Software Engineering),PWD,I,2023-24,60,1
6289,"B.R.A.C.T's Vishwakarma Institute of Information Technology, Kondhwa (Bk.), Pune",Computer Engineering (Software Engineering),DEF,I,2023-24,60,1
6289,"B.R.A.C.T's Vishwakarma Institute of Information Technology, Kondhwa (Bk.), Pune",Artificial Intelligence and Data Science,State Level,I,2023-24,180,108
6289,"B.R.A.C.T's Vishwakarma Institute of Information Technology, Kondhwa (Bk.), Pune",Artificial Intelligence and Data Science,PWD,I,2023-24,180,4
6289,"B.R.A.C.T's Vishwakarma Institute of Information Technology, Kondhwa (Bk.), Pune",Artificial Intelligence and Data Science,DEF,I,2023-24,180,4
6317,"Sharad Institute of Technology College of Engineering, Yadrav(Ichalkaranji)",Civil Engineering,State Level,I,2023-24,60,46
6317,"Sharad Institute of Technology College of Engineering, Yadrav(Ichalkaranji)",Civil Engineering,PWD,I,2023-24,60,2
6317,"Sharad Institute of Technology College of Engineering, Yadrav(Ichalkaranji)",Civil Engineering,DEF,I,2023-24,60,2
6317,"Sharad Institute of Technology College of Engineering, Yadrav(Ichalkaranji)",Computer Science and Engineering,State Level,I,2023-24,180,108
6317,"Sharad Institute of Technology College of Engineering, Yadrav(Ichalkaranji)",Computer Science and Engineering,PWD,I,2023-24,180,4
6317,"Sharad Institute of Technology College of Engineering, Yadrav(Ichalkaranji)",Computer Science and Engineering,DEF,I,2023-24,180,4
6317,"Sharad Institute of Technology College of Engineering, Yadrav(Ichalkaranji)",Electrical Engineering,State Level,I,2023-24,60,46
6317,"Sharad Institute of Technology College of Engineering, Yadrav(Ichalkaranji)",Electrical Engineering,PWD,I,2023-24,60,1
6317,"Sharad Institute of Technology College of Engineering, Yadrav(Ichalkaranji)",Electrical Engineering,DEF,I,2023-24,60,1
6317,"Sharad Institute of Technology College of Engineering, Yadrav(Ichalkaranji)",Mechanical Engineering,State Level,I,2023-24,60,46
6317,"Sharad Institute of Technology College of Engineering, Yadrav(Ichalkaranji)",Mechanical Engineering,PWD,I,2023-24,60,2
6317,"Sharad Institute of Technology College of Engineering, Yadrav(Ichalkaranji)",Mechanical Engineering,DEF,I,2023-24,60,2
6317,"Sharad Institute of Technology College of Engineering, Yadrav(Ichalkaranji)",Mechatronics Engineering,State Level,I,2023-24,60,46
6317,"Sharad Institute of Technology College of Engineering, Yadrav(Ichalkaranji)",Mechatronics Engineering,PWD,I,2023-24,60,1
6317,"Sharad Institute of Technology College of Engineering, Yadrav(Ichalkaranji)",Mechatronics Engineering,DEF,I,2023-24,60,1
6317,"Sharad Institute of Technology College of Engineering, Yadrav(Ichalkaranji)",Electronics and Computer Engineering,State Level,I,2023-24,120,73
6317,"Sharad Institute of Technology College of Engineering, Yadrav(Ichalkaranji)",Electronics and Computer Engineering,PWD,I,2023-24,120,2
6317,"Sharad Institute of Technology College of Engineering, Yadrav(Ichalkaranji)",Electronics and Computer Engineering,DEF,I,2023-24,120,2
6317,"Sharad Institute of Technology College of Engineering, Yadrav(Ichalkaranji)",Automation and Robotics,State Level,I,2023-24,60,46
6317,"Sharad Institute of Technology College of Engineering, Yadrav(Ichalkaranji)",Automation and Robotics,PWD,I,2023-24,60,1
6317,"Sharad Institute of Technology College of Engineering, Yadrav(Ichalkaranji)",Automation and Robotics,DEF,I,2023-24,60,1
6317,"Sharad Institute of Technology College of Engineering, Yadrav(Ichalkaranji)",Artificial Intelligence and Data Science,State Level,I,2023-24,60,37
6317,"Sharad Institute of Technology College of Engineering, Yadrav(Ichalkaranji)",Artificial Intelligence and Data Science,PWD,I,2023-24,60,1
6317,"Sharad Institute of Technology College of Engineering, Yadrav(Ichalkaranji)",Artificial Intelligence and Data Science,DEF,I,2023-24,60,1
6780,"D.Y.Patil Education Society's,D.Y.Patil Technical Campus, Faculty of Engineering & Faculty of Management,Talsande,Kolhapur.",Computer Science and Engineering(Data Science),State Level,I,2023-24,60,46
6780,"D.Y.Patil Education Society's,D.Y.Patil Technical Campus, Faculty of Engineering & Faculty of Management,Talsande,Kolhapur.",Computer Science and Engineering(Data Science),PWD,I,2023-24,60,2
6780,"D.Y.Patil Education Society's,D.Y.Patil Technical Campus, Faculty of Engineering & Faculty of Management,Talsande,Kolhapur.",Computer Science and Engineering(Data Science),DEF,I,2023-24,60,2
2021,"University Department of Chemical Technology, Aurangabad",Food Technology,PWD,I,2023-24,10,1
2021,"University Department of Chemical Technology, Aurangabad",Food Technology,DEF,I,2023-24,10,1
2021,"University Department of Chemical Technology, Aurangabad",Pharmaceutical and Fine Chemical Technology,PWD,I,2023-24,12,1
2021,"University Department of Chemical Technology, Aurangabad",Pharmaceutical and Fine Chemical Technology,DEF,I,2023-24,12,1
2111,"Everest Education Society, Group of Institutions (Integrated Campus), Ohar",Civil Engineering,PWD,I,2023-24,30,0
2111,"Everest Education Society, Group of Institutions (Integrated Campus), Ohar",Civil Engineering,DEF,I,2023-24,30,0
2111,"Everest Education Society, Group of Institutions (Integrated Campus), Ohar",Computer Science and Engineering,PWD,I,2023-24,30,0
2111,"Everest Education Society, Group of Institutions (Integrated Campus), Ohar",Computer Science and Engineering,DEF,I,2023-24,30,0
2111,"Everest Education Society, Group of Institutions (Integrated Campus), Ohar",Electrical Engineering,PWD,I,2023-24,30,0
2111,"Everest Education Society, Group of Institutions (Integrated Campus), Ohar",Electrical Engineering,DEF,I,2023-24,30,0
2111,"Everest Education Society, Group of Institutions (Integrated Campus), Ohar",Mechanical Engineering,PWD,I,2023-24,30,0
2111,"Everest Education Society, Group of Institutions (Integrated Campus), Ohar",Mechanical Engineering,DEF,I,2023-24,30,0
2137,"Nagnathappa Halge Engineering College, Parli, Beed",Civil Engineering,PWD,I,2023-24,90,2
2137,"Nagnathappa Halge Engineering College, Parli, Beed",Civil Engineering,DEF,I,2023-24,90,2
2137,"Nagnathappa Halge Engineering College, Parli, Beed",Computer Science and Engineering,PWD,I,2023-24,30,1
2137,"Nagnathappa Halge Engineering College, Parli, Beed",Computer Science and Engineering,DEF,I,2023-24,30,1
2137,"Nagnathappa Halge Engineering College, Parli, Beed",Electrical and Electronics Engineering,PWD,I,2023-24,30,1
2137,"Nagnathappa Halge Engineering College, Parli, Beed",Electrical and Electronics Engineering,DEF,I,2023-24,30,1
2137,"Nagnathappa Halge Engineering College, Parli, Beed",Mechanical Engineering,PWD,I,2023-24,60,2
2137,"Nagnathappa Halge Engineering College, Parli, Beed",Mechanical Engineering,DEF,I,2023-24,60,2
2146,"Adarsh Shikshan Prasarak Mandal's K. T. Patil College of Engineering and Technology, Osmanabad",Civil Engineering,PWD,I,2023-24,30,1
2146,"Adarsh Shikshan Prasarak Mandal's K. T. Patil College of Engineering and Technology, Osmanabad",Civil Engineering,DEF,I,2023-24,30,1
2146,"Adarsh Shikshan Prasarak Mandal's K. T. Patil College of Engineering and Technology, Osmanabad",Electrical and Electronics Engineering,PWD,I,2023-24,30,1
2146,"Adarsh Shikshan Prasarak Mandal's K. T. Patil College of Engineering and Technology, Osmanabad",Electrical and Electronics Engineering,DEF,I,2023-24,30,1
2146,"Adarsh Shikshan Prasarak Mandal's K. T. Patil College of Engineering and Technology, Osmanabad",Mechanical Engineering,PWD,I,2023-24,30,1
2146,"Adarsh Shikshan Prasarak Mandal's K. T. Patil College of Engineering and Technology, Osmanabad",Mechanical Engineering,DEF,I,2023-24,30,1
2516,International Centre Of Excellence In Engineering and Management (ICEEM),Civil Engineering,PWD,I,2023-24,30,1
2516,International Centre Of Excellence In Engineering and Management (ICEEM),Civil Engineering,DEF,I,2023-24,30,1
2516,International Centre Of Excellence In Engineering and Management (ICEEM),Computer Science and Engineering,PWD,I,2023-24,120,2
2516,International Centre Of Excellence In Engineering and Management (ICEEM),Computer Science and Engineering,DEF,I,2023-24,120,2
2516,International Centre Of Excellence In Engineering and Management (ICEEM),Electrical and Electronics Engineering,PWD,I,2023-24,30,1
2516,International Centre Of Excellence In Engineering and Management (ICEEM),Electrical and Electronics Engineering,DEF,I,2023-24,30,1
2516,International Centre Of Excellence In Engineering and Management (ICEEM),Mechanical Engineering,PWD,I,2023-24,30,1
2516,International Centre Of Excellence In Engineering and Management (ICEEM),Mechanical Engineering,DEF,I,2023-24,30,1
2516,International Centre Of Excellence In Engineering and Management (ICEEM),Artificial Intelligence and Machine Learning,PWD,I,2023-24,60,1
2516,International Centre Of Excellence In Engineering and Management (ICEEM),Artificial Intelligence and Machine Learning,DEF,I,2023-24,60,1
1012,"Government College of Engineering,Yavatmal",Civil Engineering,PWD,I,2023-24,60,2
1012,"Government College of Engineering,Yavatmal",Civil Engineering,DEF,I,2023-24,60,2
1012,"Government College of Engineering,Yavatmal",Computer Engineering,PWD,I,2023-24,60,2
1012,"Government College of Engineering,Yavatmal",Computer Engineering,DEF,I,2023-24,60,2
1012,"Government College of Engineering,Yavatmal",Electrical Engineering,PWD,I,2023-24,60,2
1012,"Government College of Engineering,Yavatmal",Electrical Engineering,DEF,I,2023-24,60,2
1012,"Government College of Engineering,Yavatmal",Electronics and Telecommunication Engg,PWD,I,2023-24,60,2
1012,"Government College of Engineering,Yavatmal",Electronics and Telecommunication Engg,DEF,I,2023-24,60,2
1012,"Government College of Engineering,Yavatmal",Mechanical Engineering,PWD,I,2023-24,60,2
1012,"Government College of Engineering,Yavatmal",Mechanical Engineering,DEF,I,2023-24,60,2
2112,"Shree Yash Pratishthan, Shreeyash College of Engineering and Technology, Aurangabad",Civil Engineering,PWD,I,2023-24,30,1
2112,"Shree Yash Pratishthan, Shreeyash College of Engineering and Technology, Aurangabad",Civil Engineering,DEF,I,2023-24,30,1
2112,"Shree Yash Pratishthan, Shreeyash College of Engineering and Technology, Aurangabad",Computer Science and Engineering,PWD,I,2023-24,120,2
2112,"Shree Yash Pratishthan, Shreeyash College of Engineering and Technology, Aurangabad",Computer Science and Engineering,DEF,I,2023-24,120,2
2112,"Shree Yash Pratishthan, Shreeyash College of Engineering and Technology, Aurangabad",Electrical Engineering,PWD,I,2023-24,60,2
2112,"Shree Yash Pratishthan, Shreeyash College of Engineering and Technology, Aurangabad",Electrical Engineering,DEF,I,2023-24,60,2
2112,"Shree Yash Pratishthan, Shreeyash College of Engineering and Technology, Aurangabad",Mechanical Engineering,PWD,I,2023-24,60,2
2112,"Shree Yash Pratishthan, Shreeyash College of Engineering and Technology, Aurangabad",Mechanical Engineering,DEF,I,2023-24,60,2
2112,"Shree Yash Pratishthan, Shreeyash College of Engineering and Technology, Aurangabad",Electronics and Computer Engineering,PWD,I,2023-24,60,2
2112,"Shree Yash Pratishthan, Shreeyash College of Engineering and Technology, Aurangabad",Electronics and Computer Engineering,DEF,I,2023-24,60,2
2112,"Shree Yash Pratishthan, Shreeyash College of Engineering and Technology, Aurangabad",Computer Science and Engineering(Artificial,PWD,I,2023-24,30,1
2112,"Shree Yash Pratishthan, Shreeyash College of Engineering and Technology, Aurangabad",Computer Science and Engineering(Artificial,DEF,I,2023-24,30,1
2112,"Shree Yash Pratishthan, Shreeyash College of Engineering and Technology, Aurangabad",Computer Science and Engineering(Data Science),PWD,I,2023-24,60,2
2112,"Shree Yash Pratishthan, Shreeyash College of Engineering and Technology, Aurangabad",Computer Science and Engineering(Data Science),DEF,I,2023-24,60,2
2112,"Shree Yash Pratishthan, Shreeyash College of Engineering and Technology, Aurangabad",VLSI,PWD,I,2023-24,30,1
2112,"Shree Yash Pratishthan, Shreeyash College of Engineering and Technology, Aurangabad",VLSI,DEF,I,2023-24,30,1
2112,"Shree Yash Pratishthan, Shreeyash College of Engineering and Technology, Aurangabad",Logistics,PWD,I,2023-24,30,1
2112,"Shree Yash Pratishthan, Shreeyash College of Engineering and Technology, Aurangabad",Logistics,DEF,I,2023-24,30,1
2112,"Shree Yash Pratishthan, Shreeyash College of Engineering and Technology, Aurangabad",5G,PWD,I,2023-24,30,1
2112,"Shree Yash Pratishthan, Shreeyash College of Engineering and Technology, Aurangabad",5G,DEF,I,2023-24,30,1
2114,"Deogiri Institute of Engineering and Management Studies, Aurangabad",Civil Engineering,PWD,I,2023-24,120,3
2114,"Deogiri Institute of Engineering and Management Studies, Aurangabad",Civil Engineering,DEF,I,2023-24,120,3
2114,"Deogiri Institute of Engineering and Management Studies, Aurangabad",Computer Science and Engineering,PWD,I,2023-24,120,2
2114,"Deogiri Institute of Engineering and Management Studies, Aurangabad",Computer Science and Engineering,DEF,I,2023-24,120,2
2114,"Deogiri Institute of Engineering and Management Studies, Aurangabad",Electronics and Telecommunication Engg,PWD,I,2023-24,120,3
2114,"Deogiri Institute of Engineering and Management Studies, Aurangabad",Electronics and Telecommunication Engg,DEF,I,2023-24,120,3
2114,"Deogiri Institute of Engineering and Management Studies, Aurangabad",Mechanical Engineering,PWD,I,2023-24,120,3
2114,"Deogiri Institute of Engineering and Management Studies, Aurangabad",Mechanical Engineering,DEF,I,2023-24,120,3
2114,"Deogiri Institute of Engineering and Management Studies, Aurangabad",Computer Science and Engineering(Artificial,PWD,I,2023-24,60,1
2114,"Deogiri Institute of Engineering and Management Studies, Aurangabad",Computer Science and Engineering(Artificial,DEF,I,2023-24,60,1
2116,"Matoshri Pratishan's Group of Institutions (Integrated Campus), Kupsarwadi , Nanded",Civil Engineering,PWD,I,2023-24,60,2
2116,"Matoshri Pratishan's Group of Institutions (Integrated Campus), Kupsarwadi , Nanded",Civil Engineering,DEF,I,2023-24,60,2
2116,"Matoshri Pratishan's Group of Institutions (Integrated Campus), Kupsarwadi , Nanded",Computer Science and Engineering,PWD,I,2023-24,60,1
2116,"Matoshri Pratishan's Group of Institutions (Integrated Campus), Kupsarwadi , Nanded",Computer Science and Engineering,DEF,I,2023-24,60,1
2116,"Matoshri Pratishan's Group of Institutions (Integrated Campus), Kupsarwadi , Nanded",Artificial Intelligence (AI) and Data Science,PWD,I,2023-24,30,1
2116,"Matoshri Pratishan's Group of Institutions (Integrated Campus), Kupsarwadi , Nanded",Artificial Intelligence (AI) and Data Science,DEF,I,2023-24,30,1
2116,"Matoshri Pratishan's Group of Institutions (Integrated Campus), Kupsarwadi , Nanded",Electrical Engineering,PWD,I,2023-24,60,2
2116,"Matoshri Pratishan's Group of Institutions (Integrated Campus), Kupsarwadi , Nanded",Electrical Engineering,DEF,I,2023-24,60,2
2116,"Matoshri Pratishan's Group of Institutions (Integrated Campus), Kupsarwadi , Nanded",Electronics and Telecommunication Engg,PWD,I,2023-24,30,1
2116,"Matoshri Pratishan's Group of Institutions (Integrated Campus), Kupsarwadi , Nanded",Electronics and Telecommunication Engg,DEF,I,2023-24,30,1
2116,"Matoshri Pratishan's Group of Institutions (Integrated Campus), Kupsarwadi , Nanded",Mechanical & Automation Engineering,PWD,I,2023-24,30,1
2116,"Matoshri Pratishan's Group of Institutions (Integrated Campus), Kupsarwadi , Nanded",Mechanical & Automation Engineering,DEF,I,2023-24,30,1
2116,"Matoshri Pratishan's Group of Institutions (Integrated Campus), Kupsarwadi , Nanded",Computer Science and Engineering(Artificial,PWD,I,2023-24,30,1
2116,"Matoshri Pratishan's Group of Institutions (Integrated Campus), Kupsarwadi , Nanded",Computer Science and Engineering(Artificial,DEF,I,2023-24,30,1
2127,"Mahatma Gandhi Missions College of Engineering, Hingoli Rd, Nanded.",Civil Engineering,PWD,I,2023-24,60,2
2127,"Mahatma Gandhi Missions College of Engineering, Hingoli Rd, Nanded.",Civil Engineering,DEF,I,2023-24,60,2
2127,"Mahatma Gandhi Missions College of Engineering, Hingoli Rd, Nanded.",Computer Science and Engineering,PWD,I,2023-24,120,2
2127,"Mahatma Gandhi Missions College of Engineering, Hingoli Rd, Nanded.",Computer Science and Engineering,DEF,I,2023-24,120,2
2127,"Mahatma Gandhi Missions College of Engineering, Hingoli Rd, Nanded.",Information Technology,PWD,I,2023-24,60,1
2127,"Mahatma Gandhi Missions College of Engineering, Hingoli Rd, Nanded.",Information Technology,DEF,I,2023-24,60,1
2127,"Mahatma Gandhi Missions College of Engineering, Hingoli Rd, Nanded.",Electronics and Telecommunication Engg,PWD,I,2023-24,60,1
2127,"Mahatma Gandhi Missions College of Engineering, Hingoli Rd, Nanded.",Electronics and Telecommunication Engg,DEF,I,2023-24,60,1
2127,"Mahatma Gandhi Missions College of Engineering, Hingoli Rd, Nanded.",Mechanical Engineering,PWD,I,2023-24,60,2
2127,"Mahatma Gandhi Missions College of Engineering, Hingoli Rd, Nanded.",Mechanical Engineering,DEF,I,2023-24,60,2
2129,"M.S. Bidve Engineering College, Latur",Civil Engineering,PWD,I,2023-24,60,1
2129,"M.S. Bidve Engineering College, Latur",Civil Engineering,DEF,I,2023-24,60,1
2129,"M.S. Bidve Engineering College, Latur",Computer Science and Engineering,PWD,I,2023-24,60,1
2129,"M.S. Bidve Engineering College, Latur",Computer Science and Engineering,DEF,I,2023-24,60,1
2129,"M.S. Bidve Engineering College, Latur",Information Technology,PWD,I,2023-24,60,1
2129,"M.S. Bidve Engineering College, Latur",Information Technology,DEF,I,2023-24,60,1
2129,"M.S. Bidve Engineering College, Latur",Electrical Engg [Electrical and Power],PWD,I,2023-24,60,1
2129,"M.S. Bidve Engineering College, Latur",Electrical Engg [Electrical and Power],DEF,I,2023-24,60,1
2129,"M.S. Bidve Engineering College, Latur",Electronics Engineering,PWD,I,2023-24,60,1
2129,"M.S. Bidve Engineering College, Latur",Electronics Engineering,DEF,I,2023-24,60,1
2129,"M.S. Bidve Engineering College, Latur",Mechanical Engineering,PWD,I,2023-24,60,1
2129,"M.S. Bidve Engineering College, Latur",Mechanical Engineering,DEF,I,2023-24,60,1
2130,"Terna Public Charitable Trust's College of Engineering, Osmanabad",Civil Engineering,PWD,I,2023-24,60,2
2130,"Terna Public Charitable Trust's College of Engineering, Osmanabad",Civil Engineering,DEF,I,2023-24,60,2
2130,"Terna Public Charitable Trust's College of Engineering, Osmanabad",Computer Science and Engineering,PWD,I,2023-24,60,1
2130,"Terna Public Charitable Trust's College of Engineering, Osmanabad",Computer Science and Engineering,DEF,I,2023-24,60,1
2130,"Terna Public Charitable Trust's College of Engineering, Osmanabad",Electronics and Telecommunication Engg,PWD,I,2023-24,60,2
2130,"Terna Public Charitable Trust's College of Engineering, Osmanabad",Electronics and Telecommunication Engg,DEF,I,2023-24,60,2
2130,"Terna Public Charitable Trust's College of Engineering, Osmanabad",Mechanical Engineering,PWD,I,2023-24,60,2
2130,"Terna Public Charitable Trust's College of Engineering, Osmanabad",Mechanical Engineering,DEF,I,2023-24,60,2
2130,"Terna Public Charitable Trust's College of Engineering, Osmanabad",Artificial Intelligence and Data Science,PWD,I,2023-24,60,2
2130,"Terna Public Charitable Trust's College of Engineering, Osmanabad",Artificial Intelligence and Data Science,DEF,I,2023-24,60,2
2131,"Shree Tuljabhavani College of Engineering, Tuljapur",Civil Engineering,PWD,I,2023-24,30,1
2131,"Shree Tuljabhavani College of Engineering, Tuljapur",Civil Engineering,DEF,I,2023-24,30,1
2131,"Shree Tuljabhavani College of Engineering, Tuljapur",Computer Science and Engineering,PWD,I,2023-24,120,3
2131,"Shree Tuljabhavani College of Engineering, Tuljapur",Computer Science and Engineering,DEF,I,2023-24,120,3
2131,"Shree Tuljabhavani College of Engineering, Tuljapur",Electronics and Telecommunication Engg,PWD,I,2023-24,60,2
2131,"Shree Tuljabhavani College of Engineering, Tuljapur",Electronics and Telecommunication Engg,DEF,I,2023-24,60,2
2131,"Shree Tuljabhavani College of Engineering, Tuljapur",Mechanical Engineering,PWD,I,2023-24,30,1
2131,"Shree Tuljabhavani College of Engineering, Tuljapur",Mechanical Engineering,DEF,I,2023-24,30,1
2133,"Mahatma Basaweshwar Education Society's College of Engineering, Ambejogai",Civil Engineering,PWD,I,2023-24,60,2
2133,"Mahatma Basaweshwar Education Society's College of Engineering, Ambejogai",Civil Engineering,DEF,I,2023-24,60,2
2133,"Mahatma Basaweshwar Education Society's College of Engineering, Ambejogai",Computer Science and Engineering,PWD,I,2023-24,120,2
2133,"Mahatma Basaweshwar Education Society's College of Engineering, Ambejogai",Computer Science and Engineering,DEF,I,2023-24,120,2
2133,"Mahatma Basaweshwar Education Society's College of Engineering, Ambejogai",Electrical Engineering,PWD,I,2023-24,60,2
2133,"Mahatma Basaweshwar Education Society's College of Engineering, Ambejogai",Electrical Engineering,DEF,I,2023-24,60,2
2133,"Mahatma Basaweshwar Education Society's College of Engineering, Ambejogai",Mechanical Engineering,PWD,I,2023-24,30,1
2133,"Mahatma Basaweshwar Education Society's College of Engineering, Ambejogai",Mechanical Engineering,DEF,I,2023-24,30,1
2133,"Mahatma Basaweshwar Education Society's College of Engineering, Ambejogai",Electronics and Computer Engineering,PWD,I,2023-24,60,1
2133,"Mahatma Basaweshwar Education Society's College of Engineering, Ambejogai",Electronics and Computer Engineering,DEF,I,2023-24,60,1
2134,"Peoples Education Society's College of Engineering, Aurangabad",Civil Engineering,PWD,I,2023-24,60,2
2134,"Peoples Education Society's College of Engineering, Aurangabad",Civil Engineering,DEF,I,2023-24,60,2
2134,"Peoples Education Society's College of Engineering, Aurangabad",Computer Science and Engineering,PWD,I,2023-24,60,1
2134,"Peoples Education Society's College of Engineering, Aurangabad",Computer Science and Engineering,DEF,I,2023-24,60,1
2134,"Peoples Education Society's College of Engineering, Aurangabad",Electrical Engineering,PWD,I,2023-24,60,2
2134,"Peoples Education Society's College of Engineering, Aurangabad",Electrical Engineering,DEF,I,2023-24,60,2
2134,"Peoples Education Society's College of Engineering, Aurangabad",Electronics Engineering ( VLSI Design and,PWD,I,2023-24,60,1
2134,"Peoples Education Society's College of Engineering, Aurangabad",Electronics Engineering ( VLSI Design and,DEF,I,2023-24,60,1
2134,"Peoples Education Society's College of Engineering, Aurangabad",Mechanical & Automation Engineering,PWD,I,2023-24,60,2
2134,"Peoples Education Society's College of Engineering, Aurangabad",Mechanical & Automation Engineering,DEF,I,2023-24,60,2
2134,"Peoples Education Society's College of Engineering, Aurangabad",Electronics and Computer Engineering,PWD,I,2023-24,30,1
2134,"Peoples Education Society's College of Engineering, Aurangabad",Electronics and Computer Engineering,DEF,I,2023-24,30,1
2134,"Peoples Education Society's College of Engineering, Aurangabad",Computer Science and Engineering(Data Science),PWD,I,2023-24,60,1
2134,"Peoples Education Society's College of Engineering, Aurangabad",Computer Science and Engineering(Data Science),DEF,I,2023-24,60,1
2135,"Hi-Tech Institute of Technology, Aurangabad",Civil Engineering,PWD,I,2023-24,60,2
2135,"Hi-Tech Institute of Technology, Aurangabad",Civil Engineering,DEF,I,2023-24,60,2
2135,"Hi-Tech Institute of Technology, Aurangabad",Computer Science and Engineering,PWD,I,2023-24,180,6
2135,"Hi-Tech Institute of Technology, Aurangabad",Computer Science and Engineering,DEF,I,2023-24,180,6
2135,"Hi-Tech Institute of Technology, Aurangabad",Mechanical Engineering,PWD,I,2023-24,60,2
2135,"Hi-Tech Institute of Technology, Aurangabad",Mechanical Engineering,DEF,I,2023-24,60,2
2135,"Hi-Tech Institute of Technology, Aurangabad",Computer Science and Engineering(Artificial,PWD,I,2023-24,60,2
2135,"Hi-Tech Institute of Technology, Aurangabad",Computer Science and Engineering(Artificial,DEF,I,2023-24,60,2
2136,"Aditya Engineering College , Beed",Civil Engineering,PWD,I,2023-24,60,2
2136,"Aditya Engineering College , Beed",Civil Engineering,DEF,I,2023-24,60,2
2136,"Aditya Engineering College , Beed",Computer Science and Engineering,PWD,I,2023-24,60,2
2136,"Aditya Engineering College , Beed",Computer Science and Engineering,DEF,I,2023-24,60,2
2136,"Aditya Engineering College , Beed",Information Technology,PWD,I,2023-24,60,2
2136,"Aditya Engineering College , Beed",Information Technology,DEF,I,2023-24,60,2
2136,"Aditya Engineering College , Beed",Electrical Engineering,PWD,I,2023-24,60,2
2136,"Aditya Engineering College , Beed",Electrical Engineering,DEF,I,2023-24,60,2
2136,"Aditya Engineering College , Beed",Electronics and Telecommunication Engg,PWD,I,2023-24,60,2
2136,"Aditya Engineering College , Beed",Electronics and Telecommunication Engg,DEF,I,2023-24,60,2
2136,"Aditya Engineering College , Beed",Mechanical Engineering,PWD,I,2023-24,60,2
2136,"Aditya Engineering College , Beed",Mechanical Engineering,DEF,I,2023-24,60,2
2136,"Aditya Engineering College , Beed",Computer Science and Engineering(Data Science),PWD,I,2023-24,30,1
2136,"Aditya Engineering College , Beed",Computer Science and Engineering(Data Science),DEF,I,2023-24,30,1
2136,"Aditya Engineering College , Beed",Artificial Intelligence and Machine Learning,PWD,I,2023-24,30,1
2136,"Aditya Engineering College , Beed",Artificial Intelligence and Machine Learning,DEF,I,2023-24,30,1
2138,"Matsyodari Shikshan Sansatha's College of Engineering and Technology, Jalna",Civil Engineering,PWD,I,2023-24,60,2
2138,"Matsyodari Shikshan Sansatha's College of Engineering and Technology, Jalna",Civil Engineering,DEF,I,2023-24,60,2
2138,"Matsyodari Shikshan Sansatha's College of Engineering and Technology, Jalna",Computer Science and Engineering,PWD,I,2023-24,60,1
2138,"Matsyodari Shikshan Sansatha's College of Engineering and Technology, Jalna",Computer Science and Engineering,DEF,I,2023-24,60,1
2138,"Matsyodari Shikshan Sansatha's College of Engineering and Technology, Jalna",Electrical Engineering,PWD,I,2023-24,30,1
2138,"Matsyodari Shikshan Sansatha's College of Engineering and Technology, Jalna",Electrical Engineering,DEF,I,2023-24,30,1
2138,"Matsyodari Shikshan Sansatha's College of Engineering and Technology, Jalna",Mechanical Engineering,PWD,I,2023-24,60,2
2138,"Matsyodari Shikshan Sansatha's College of Engineering and Technology, Jalna",Mechanical Engineering,DEF,I,2023-24,60,2
2250,"Aurangabad College of Engineering, Naygaon Savangi, Aurangabad",Civil Engineering,PWD,I,2023-24,36,1
2250,"Aurangabad College of Engineering, Naygaon Savangi, Aurangabad",Civil Engineering,DEF,I,2023-24,36,1
2250,"Aurangabad College of Engineering, Naygaon Savangi, Aurangabad",Computer Science and Engineering,PWD,I,2023-24,15,1
2250,"Aurangabad College of Engineering, Naygaon Savangi, Aurangabad",Computer Science and Engineering,DEF,I,2023-24,15,1
2250,"Aurangabad College of Engineering, Naygaon Savangi, Aurangabad",Electrical Engineering,PWD,I,2023-24,54,1
2250,"Aurangabad College of Engineering, Naygaon Savangi, Aurangabad",Electrical Engineering,DEF,I,2023-24,54,1
2250,"Aurangabad College of Engineering, Naygaon Savangi, Aurangabad",Electronics and Telecommunication Engg,PWD,I,2023-24,15,1
2250,"Aurangabad College of Engineering, Naygaon Savangi, Aurangabad",Electronics and Telecommunication Engg,DEF,I,2023-24,15,1
2250,"Aurangabad College of Engineering, Naygaon Savangi, Aurangabad",Mechanical Engineering,PWD,I,2023-24,54,1
2250,"Aurangabad College of Engineering, Naygaon Savangi, Aurangabad",Mechanical Engineering,DEF,I,2023-24,54,1
2252,"Marathwada Shikshan Prasarak Mandal's Shri Shivaji Institute of Engineering and Management Studies, Parbhani",Civil Engineering,PWD,I,2023-24,60,2
2252,"Marathwada Shikshan Prasarak Mandal's Shri Shivaji Institute of Engineering and Management Studies, Parbhani",Civil Engineering,DEF,I,2023-24,60,2
2252,"Marathwada Shikshan Prasarak Mandal's Shri Shivaji Institute of Engineering and Management Studies, Parbhani",Computer Science and Engineering,PWD,I,2023-24,60,2
2252,"Marathwada Shikshan Prasarak Mandal's Shri Shivaji Institute of Engineering and Management Studies, Parbhani",Computer Science and Engineering,DEF,I,2023-24,60,2
2252,"Marathwada Shikshan Prasarak Mandal's Shri Shivaji Institute of Engineering and Management Studies, Parbhani",Electrical and Electronics Engineering,PWD,I,2023-24,30,1
2252,"Marathwada Shikshan Prasarak Mandal's Shri Shivaji Institute of Engineering and Management Studies, Parbhani",Electrical and Electronics Engineering,DEF,I,2023-24,30,1
2252,"Marathwada Shikshan Prasarak Mandal's Shri Shivaji Institute of Engineering and Management Studies, Parbhani",Mechanical Engineering,PWD,I,2023-24,60,2
2252,"Marathwada Shikshan Prasarak Mandal's Shri Shivaji Institute of Engineering and Management Studies, Parbhani",Mechanical Engineering,DEF,I,2023-24,60,2
2254,"Vilasrao Deshmukh Foundation Group of Institutions, Latur",Civil Engineering,PWD,I,2023-24,60,2
2254,"Vilasrao Deshmukh Foundation Group of Institutions, Latur",Civil Engineering,DEF,I,2023-24,60,2
2254,"Vilasrao Deshmukh Foundation Group of Institutions, Latur",Computer Engineering,PWD,I,2023-24,60,1
2254,"Vilasrao Deshmukh Foundation Group of Institutions, Latur",Computer Engineering,DEF,I,2023-24,60,1
2254,"Vilasrao Deshmukh Foundation Group of Institutions, Latur",Electrical Engineering,PWD,I,2023-24,60,2
2254,"Vilasrao Deshmukh Foundation Group of Institutions, Latur",Electrical Engineering,DEF,I,2023-24,60,2
2254,"Vilasrao Deshmukh Foundation Group of Institutions, Latur",Electronics and Telecommunication Engg,PWD,I,2023-24,60,2
2254,"Vilasrao Deshmukh Foundation Group of Institutions, Latur",Electronics and Telecommunication Engg,DEF,I,2023-24,60,2
2254,"Vilasrao Deshmukh Foundation Group of Institutions, Latur",Mechanical Engineering,PWD,I,2023-24,60,2
2254,"Vilasrao Deshmukh Foundation Group of Institutions, Latur",Mechanical Engineering,DEF,I,2023-24,60,2
2282,"Aditya Education Trust's Mitthulalji Sarada Polytechnic, Nalwandi Road, Beed",Civil Engineering,PWD,I,2023-24,60,2
2282,"Aditya Education Trust's Mitthulalji Sarada Polytechnic, Nalwandi Road, Beed",Civil Engineering,DEF,I,2023-24,60,2
2282,"Aditya Education Trust's Mitthulalji Sarada Polytechnic, Nalwandi Road, Beed",Computer Engineering,PWD,I,2023-24,90,2
2282,"Aditya Education Trust's Mitthulalji Sarada Polytechnic, Nalwandi Road, Beed",Computer Engineering,DEF,I,2023-24,90,2
2282,"Aditya Education Trust's Mitthulalji Sarada Polytechnic, Nalwandi Road, Beed",Information Technology,PWD,I,2023-24,30,1
2282,"Aditya Education Trust's Mitthulalji Sarada Polytechnic, Nalwandi Road, Beed",Information Technology,DEF,I,2023-24,30,1
2282,"Aditya Education Trust's Mitthulalji Sarada Polytechnic, Nalwandi Road, Beed",Electrical Engineering,PWD,I,2023-24,90,2
2282,"Aditya Education Trust's Mitthulalji Sarada Polytechnic, Nalwandi Road, Beed",Electrical Engineering,DEF,I,2023-24,90,2
2282,"Aditya Education Trust's Mitthulalji Sarada Polytechnic, Nalwandi Road, Beed",Mechanical Engineering,PWD,I,2023-24,30,1
2282,"Aditya Education Trust's Mitthulalji Sarada Polytechnic, Nalwandi Road, Beed",Mechanical Engineering,DEF,I,2023-24,30,1
2282,"Aditya Education Trust's Mitthulalji Sarada Polytechnic, Nalwandi Road, Beed",Electronics and Computer Science,PWD,I,2023-24,60,2
2282,"Aditya Education Trust's Mitthulalji Sarada Polytechnic, Nalwandi Road, Beed",Electronics and Computer Science,DEF,I,2023-24,60,2
2508,GRAMIN TECHNICAL AND MANAGEMENT CAMPUS NANDED.,Civil Engineering,PWD,I,2023-24,60,2
2508,GRAMIN TECHNICAL AND MANAGEMENT CAMPUS NANDED.,Civil Engineering,DEF,I,2023-24,60,2
2508,GRAMIN TECHNICAL AND MANAGEMENT CAMPUS NANDED.,Computer Engineering,PWD,I,2023-24,120,3
2508,GRAMIN TECHNICAL AND MANAGEMENT CAMPUS NANDED.,Computer Engineering,DEF,I,2023-24,120,3
2508,GRAMIN TECHNICAL AND MANAGEMENT CAMPUS NANDED.,Electrical Engineering,PWD,I,2023-24,60,2
2508,GRAMIN TECHNICAL AND MANAGEMENT CAMPUS NANDED.,Electrical Engineering,DEF,I,2023-24,60,2
2508,GRAMIN TECHNICAL AND MANAGEMENT CAMPUS NANDED.,Food Technology,PWD,I,2023-24,30,1
2508,GRAMIN TECHNICAL AND MANAGEMENT CAMPUS NANDED.,Food Technology,DEF,I,2023-24,30,1
2508,GRAMIN TECHNICAL AND MANAGEMENT CAMPUS NANDED.,Mechanical Engineering,PWD,I,2023-24,30,1
2508,GRAMIN TECHNICAL AND MANAGEMENT CAMPUS NANDED.,Mechanical Engineering,DEF,I,2023-24,30,1
2508,GRAMIN TECHNICAL AND MANAGEMENT CAMPUS NANDED.,Safety and Fire Engineering,PWD,I,2023-24,60,2
2508,GRAMIN TECHNICAL AND MANAGEMENT CAMPUS NANDED.,Safety and Fire Engineering,DEF,I,2023-24,60,2
2522,"STMEI's Sandipani Technical Campus-Faculty of Engineering, Latur.",Civil Engineering,PWD,I,2023-24,60,2
2522,"STMEI's Sandipani Technical Campus-Faculty of Engineering, Latur.",Civil Engineering,DEF,I,2023-24,60,2
2522,"STMEI's Sandipani Technical Campus-Faculty of Engineering, Latur.",Computer Engineering,PWD,I,2023-24,60,2
2522,"STMEI's Sandipani Technical Campus-Faculty of Engineering, Latur.",Computer Engineering,DEF,I,2023-24,60,2
2522,"STMEI's Sandipani Technical Campus-Faculty of Engineering, Latur.",Electronics and Telecommunication Engg,PWD,I,2023-24,60,2
2522,"STMEI's Sandipani Technical Campus-Faculty of Engineering, Latur.",Electronics and Telecommunication Engg,DEF,I,2023-24,60,2
2522,"STMEI's Sandipani Technical Campus-Faculty of Engineering, Latur.",Mechanical Engineering,PWD,I,2023-24,60,2
2522,"STMEI's Sandipani Technical Campus-Faculty of Engineering, Latur.",Mechanical Engineering,DEF,I,2023-24,60,2
2533,"CSMSS Chh. Shahu College of Engineering, Aurangabad",Civil Engineering,PWD,I,2023-24,60,2
2533,"CSMSS Chh. Shahu College of Engineering, Aurangabad",Civil Engineering,DEF,I,2023-24,60,2
2533,"CSMSS Chh. Shahu College of Engineering, Aurangabad",Computer Science and Engineering,PWD,I,2023-24,120,2
2533,"CSMSS Chh. Shahu College of Engineering, Aurangabad",Computer Science and Engineering,DEF,I,2023-24,120,2
2533,"CSMSS Chh. Shahu College of Engineering, Aurangabad",Electrical Engineering,PWD,I,2023-24,60,2
2533,"CSMSS Chh. Shahu College of Engineering, Aurangabad",Electrical Engineering,DEF,I,2023-24,60,2
2533,"CSMSS Chh. Shahu College of Engineering, Aurangabad",Electronics Engineering ( VLSI Design and,PWD,I,2023-24,60,1
2533,"CSMSS Chh. Shahu College of Engineering, Aurangabad",Electronics Engineering ( VLSI Design and,DEF,I,2023-24,60,1
2533,"CSMSS Chh. Shahu College of Engineering, Aurangabad",Mechanical Engineering,PWD,I,2023-24,60,2
2533,"CSMSS Chh. Shahu College of Engineering, Aurangabad",Mechanical Engineering,DEF,I,2023-24,60,2
2533,"CSMSS Chh. Shahu College of Engineering, Aurangabad",Electronics and Computer Engineering,PWD,I,2023-24,60,1
2533,"CSMSS Chh. Shahu College of Engineering, Aurangabad",Electronics and Computer Engineering,DEF,I,2023-24,60,1
2533,"CSMSS Chh. Shahu College of Engineering, Aurangabad",Electronics and Communication(Advanced,PWD,I,2023-24,60,1
2533,"CSMSS Chh. Shahu College of Engineering, Aurangabad",Electronics and Communication(Advanced,DEF,I,2023-24,60,1
2533,"CSMSS Chh. Shahu College of Engineering, Aurangabad",Artificial Intelligence and Data Science,PWD,I,2023-24,60,1
2533,"CSMSS Chh. Shahu College of Engineering, Aurangabad",Artificial Intelligence and Data Science,DEF,I,2023-24,60,1
3033,"Dr. Babasaheb Ambedkar Technological University, Lonere",Civil Engineering,State Level,I,2023-24,46,44
3033,"Dr. Babasaheb Ambedkar Technological University, Lonere",Civil Engineering,PWD,I,2023-24,46,1
3033,"Dr. Babasaheb Ambedkar Technological University, Lonere",Civil Engineering,DEF,I,2023-24,46,1
3033,"Dr. Babasaheb Ambedkar Technological University, Lonere",Civil Engineering,State Level,I,2023-24,46,8
3033,"Dr. Babasaheb Ambedkar Technological University, Lonere",Civil Engineering,PWD,I,2023-24,46,0
3033,"Dr. Babasaheb Ambedkar Technological University, Lonere",Civil Engineering,DEF,I,2023-24,46,0
3033,"Dr. Babasaheb Ambedkar Technological University, Lonere",Computer Engineering,State Level,I,2023-24,46,44
3033,"Dr. Babasaheb Ambedkar Technological University, Lonere",Computer Engineering,PWD,I,2023-24,46,1
3033,"Dr. Babasaheb Ambedkar Technological University, Lonere",Computer Engineering,DEF,I,2023-24,46,1
3033,"Dr. Babasaheb Ambedkar Technological University, Lonere",Computer Engineering,State Level,I,2023-24,46,8
3033,"Dr. Babasaheb Ambedkar Technological University, Lonere",Computer Engineering,PWD,I,2023-24,46,0
3033,"Dr. Babasaheb Ambedkar Technological University, Lonere",Computer Engineering,DEF,I,2023-24,46,0
3033,"Dr. Babasaheb Ambedkar Technological University, Lonere",Information Technology,State Level,I,2023-24,46,44
3033,"Dr. Babasaheb Ambedkar Technological University, Lonere",Information Technology,PWD,I,2023-24,46,1
3033,"Dr. Babasaheb Ambedkar Technological University, Lonere",Information Technology,DEF,I,2023-24,46,1
3033,"Dr. Babasaheb Ambedkar Technological University, Lonere",Information Technology,State Level,I,2023-24,46,8
3033,"Dr. Babasaheb Ambedkar Technological University, Lonere",Information Technology,PWD,I,2023-24,46,0
3033,"Dr. Babasaheb Ambedkar Technological University, Lonere",Information Technology,DEF,I,2023-24,46,0
3033,"Dr. Babasaheb Ambedkar Technological University, Lonere",Electrical Engineering,State Level,I,2023-24,46,44
3033,"Dr. Babasaheb Ambedkar Technological University, Lonere",Electrical Engineering,PWD,I,2023-24,46,1
3033,"Dr. Babasaheb Ambedkar Technological University, Lonere",Electrical Engineering,DEF,I,2023-24,46,1
3033,"Dr. Babasaheb Ambedkar Technological University, Lonere",Electrical Engineering,State Level,I,2023-24,46,8
3033,"Dr. Babasaheb Ambedkar Technological University, Lonere",Electrical Engineering,PWD,I,2023-24,46,0
3033,"Dr. Babasaheb Ambedkar Technological University, Lonere",Electrical Engineering,DEF,I,2023-24,46,0
3033,"Dr. Babasaheb Ambedkar Technological University, Lonere",Electronics and Telecommunication Engg,State Level,I,2023-24,51,46
3033,"Dr. Babasaheb Ambedkar Technological University, Lonere",Electronics and Telecommunication Engg,PWD,I,2023-24,51,2
3033,"Dr. Babasaheb Ambedkar Technological University, Lonere",Electronics and Telecommunication Engg,DEF,I,2023-24,51,2
3033,"Dr. Babasaheb Ambedkar Technological University, Lonere",Electronics and Telecommunication Engg,State Level,I,2023-24,51,9
3033,"Dr. Babasaheb Ambedkar Technological University, Lonere",Electronics and Telecommunication Engg,PWD,I,2023-24,51,0
3033,"Dr. Babasaheb Ambedkar Technological University, Lonere",Electronics and Telecommunication Engg,DEF,I,2023-24,51,0
3033,"Dr. Babasaheb Ambedkar Technological University, Lonere",Electronics and Telecommunication Engg,State Level,I,2023-24,51,23
3033,"Dr. Babasaheb Ambedkar Technological University, Lonere",Electronics and Telecommunication Engg,PWD,I,2023-24,51,1
3033,"Dr. Babasaheb Ambedkar Technological University, Lonere",Electronics and Telecommunication Engg,DEF,I,2023-24,51,1
3033,"Dr. Babasaheb Ambedkar Technological University, Lonere",Electronics and Telecommunication Engg,State Level,I,2023-24,51,5
3033,"Dr. Babasaheb Ambedkar Technological University, Lonere",Electronics and Telecommunication Engg,PWD,I,2023-24,51,0
3033,"Dr. Babasaheb Ambedkar Technological University, Lonere",Electronics and Telecommunication Engg,DEF,I,2023-24,51,0
3033,"Dr. Babasaheb Ambedkar Technological University, Lonere",Electronics Engineering ( VLSI Design and,State Level,I,2023-24,25,23
3033,"Dr. Babasaheb Ambedkar Technological University, Lonere",Electronics Engineering ( VLSI Design and,PWD,I,2023-24,25,1
3033,"Dr. Babasaheb Ambedkar Technological University, Lonere",Electronics Engineering ( VLSI Design and,DEF,I,2023-24,25,1
3033,"Dr. Babasaheb Ambedkar Technological University, Lonere",Electronics Engineering ( VLSI Design and,State Level,I,2023-24,25,5
3033,"Dr. Babasaheb Ambedkar Technological University, Lonere",Electronics Engineering ( VLSI Design and,PWD,I,2023-24,25,0
3033,"Dr. Babasaheb Ambedkar Technological University, Lonere",Electronics Engineering ( VLSI Design and,DEF,I,2023-24,25,0
3033,"Dr. Babasaheb Ambedkar Technological University, Lonere",Chemical Engineering,State Level,I,2023-24,46,44
3033,"Dr. Babasaheb Ambedkar Technological University, Lonere",Chemical Engineering,PWD,I,2023-24,46,1
3033,"Dr. Babasaheb Ambedkar Technological University, Lonere",Chemical Engineering,DEF,I,2023-24,46,1
3033,"Dr. Babasaheb Ambedkar Technological University, Lonere",Chemical Engineering,State Level,I,2023-24,46,8
3033,"Dr. Babasaheb Ambedkar Technological University, Lonere",Chemical Engineering,PWD,I,2023-24,46,0
3033,"Dr. Babasaheb Ambedkar Technological University, Lonere",Chemical Engineering,DEF,I,2023-24,46,0
3033,"Dr. Babasaheb Ambedkar Technological University, Lonere",Petro Chemical Engineering,State Level,I,2023-24,46,44
3033,"Dr. Babasaheb Ambedkar Technological University, Lonere",Petro Chemical Engineering,PWD,I,2023-24,46,1
3033,"Dr. Babasaheb Ambedkar Technological University, Lonere",Petro Chemical Engineering,DEF,I,2023-24,46,1
3033,"Dr. Babasaheb Ambedkar Technological University, Lonere",Petro Chemical Engineering,State Level,I,2023-24,46,8
3033,"Dr. Babasaheb Ambedkar Technological University, Lonere",Petro Chemical Engineering,PWD,I,2023-24,46,0
3033,"Dr. Babasaheb Ambedkar Technological University, Lonere",Petro Chemical Engineering,DEF,I,2023-24,46,0
3033,"Dr. Babasaheb Ambedkar Technological University, Lonere",Mechanical Engineering,State Level,I,2023-24,46,44
3033,"Dr. Babasaheb Ambedkar Technological University, Lonere",Mechanical Engineering,PWD,I,2023-24,46,1
3033,"Dr. Babasaheb Ambedkar Technological University, Lonere",Mechanical Engineering,DEF,I,2023-24,46,1
3033,"Dr. Babasaheb Ambedkar Technological University, Lonere",Mechanical Engineering,State Level,I,2023-24,46,8
3033,"Dr. Babasaheb Ambedkar Technological University, Lonere",Mechanical Engineering,PWD,I,2023-24,46,0
3033,"Dr. Babasaheb Ambedkar Technological University, Lonere",Mechanical Engineering,DEF,I,2023-24,46,0
3042,"Government College of Engineering, Ratnagiri",Electrical Engineering,PWD,I,2023-24,60,2
3042,"Government College of Engineering, Ratnagiri",Electrical Engineering,DEF,I,2023-24,60,2
3042,"Government College of Engineering, Ratnagiri",Food Technology And Management,PWD,I,2023-24,60,2
3042,"Government College of Engineering, Ratnagiri",Food Technology And Management,DEF,I,2023-24,60,2
3042,"Government College of Engineering, Ratnagiri",Mechatronics Engineering,PWD,I,2023-24,60,2
3042,"Government College of Engineering, Ratnagiri",Mechatronics Engineering,DEF,I,2023-24,60,2
3042,"Government College of Engineering, Ratnagiri",Civil and infrastructure Engineering,PWD,I,2023-24,60,2
3042,"Government College of Engineering, Ratnagiri",Civil and infrastructure Engineering,DEF,I,2023-24,60,2
3042,"Government College of Engineering, Ratnagiri",Artificial Intelligence and Data Science,PWD,I,2023-24,60,2
3042,"Government College of Engineering, Ratnagiri",Artificial Intelligence and Data Science,DEF,I,2023-24,60,2
4135,"Amar Seva Mandal's Shree Govindrao Vanjari College of Engineering & Technology, Nagpur",Civil Engineering,PWD,I,2023-24,60,2
4135,"Amar Seva Mandal's Shree Govindrao Vanjari College of Engineering & Technology, Nagpur",Civil Engineering,DEF,I,2023-24,60,2
4135,"Amar Seva Mandal's Shree Govindrao Vanjari College of Engineering & Technology, Nagpur",Computer Science and Engineering,PWD,I,2023-24,90,2
4135,"Amar Seva Mandal's Shree Govindrao Vanjari College of Engineering & Technology, Nagpur",Computer Science and Engineering,DEF,I,2023-24,90,2
4135,"Amar Seva Mandal's Shree Govindrao Vanjari College of Engineering & Technology, Nagpur",Information Technology,PWD,I,2023-24,60,2
4135,"Amar Seva Mandal's Shree Govindrao Vanjari College of Engineering & Technology, Nagpur",Information Technology,DEF,I,2023-24,60,2
4135,"Amar Seva Mandal's Shree Govindrao Vanjari College of Engineering & Technology, Nagpur",Electrical Engineering,PWD,I,2023-24,60,2
4135,"Amar Seva Mandal's Shree Govindrao Vanjari College of Engineering & Technology, Nagpur",Electrical Engineering,DEF,I,2023-24,60,2
4135,"Amar Seva Mandal's Shree Govindrao Vanjari College of Engineering & Technology, Nagpur",Electronics and Telecommunication Engg,PWD,I,2023-24,30,1
4135,"Amar Seva Mandal's Shree Govindrao Vanjari College of Engineering & Technology, Nagpur",Electronics and Telecommunication Engg,DEF,I,2023-24,30,1
4135,"Amar Seva Mandal's Shree Govindrao Vanjari College of Engineering & Technology, Nagpur",Mechanical Engineering,PWD,I,2023-24,60,2
4135,"Amar Seva Mandal's Shree Govindrao Vanjari College of Engineering & Technology, Nagpur",Mechanical Engineering,DEF,I,2023-24,60,2
4141,"Shriram Gram Vikas Shikshan Sanstha, Vilasrao Deshmukh College of Engineering and Technology, Nagpur",Civil Engineering,PWD,I,2023-24,60,2
4141,"Shriram Gram Vikas Shikshan Sanstha, Vilasrao Deshmukh College of Engineering and Technology, Nagpur",Civil Engineering,DEF,I,2023-24,60,2
4141,"Shriram Gram Vikas Shikshan Sanstha, Vilasrao Deshmukh College of Engineering and Technology, Nagpur",Computer Engineering,PWD,I,2023-24,120,3
4141,"Shriram Gram Vikas Shikshan Sanstha, Vilasrao Deshmukh College of Engineering and Technology, Nagpur",Computer Engineering,DEF,I,2023-24,120,3
4141,"Shriram Gram Vikas Shikshan Sanstha, Vilasrao Deshmukh College of Engineering and Technology, Nagpur",Mechanical Engineering,PWD,I,2023-24,30,1
4141,"Shriram Gram Vikas Shikshan Sanstha, Vilasrao Deshmukh College of Engineering and Technology, Nagpur",Mechanical Engineering,DEF,I,2023-24,30,1
4141,"Shriram Gram Vikas Shikshan Sanstha, Vilasrao Deshmukh College of Engineering and Technology, Nagpur",Artificial Intelligence and Data Science,PWD,I,2023-24,30,1
4141,"Shriram Gram Vikas Shikshan Sanstha, Vilasrao Deshmukh College of Engineering and Technology, Nagpur",Artificial Intelligence and Data Science,DEF,I,2023-24,30,1
4163,Rajiv Gandhi College of Engineering Research & Technology Chandrapur,Civil Engineering,PWD,I,2023-24,60,2
4163,Rajiv Gandhi College of Engineering Research & Technology Chandrapur,Civil Engineering,DEF,I,2023-24,60,2
4163,Rajiv Gandhi College of Engineering Research & Technology Chandrapur,Computer Science and Engineering,PWD,I,2023-24,120,3
4163,Rajiv Gandhi College of Engineering Research & Technology Chandrapur,Computer Science and Engineering,DEF,I,2023-24,120,3
4163,Rajiv Gandhi College of Engineering Research & Technology Chandrapur,Electrical Engineering,PWD,I,2023-24,60,2
4163,Rajiv Gandhi College of Engineering Research & Technology Chandrapur,Electrical Engineering,DEF,I,2023-24,60,2
4163,Rajiv Gandhi College of Engineering Research & Technology Chandrapur,Electronics and Communication Engineering,PWD,I,2023-24,60,2
4163,Rajiv Gandhi College of Engineering Research & Technology Chandrapur,Electronics and Communication Engineering,DEF,I,2023-24,60,2
4163,Rajiv Gandhi College of Engineering Research & Technology Chandrapur,Mechanical Engineering,PWD,I,2023-24,60,2
4163,Rajiv Gandhi College of Engineering Research & Technology Chandrapur,Mechanical Engineering,DEF,I,2023-24,60,2
4163,Rajiv Gandhi College of Engineering Research & Technology Chandrapur,Mining Engineering,PWD,I,2023-24,60,1
4163,Rajiv Gandhi College of Engineering Research & Technology Chandrapur,Mining Engineering,DEF,I,2023-24,60,1
4163,Rajiv Gandhi College of Engineering Research & Technology Chandrapur,Computer Science and Engineering(Data Science),PWD,I,2023-24,30,1
4163,Rajiv Gandhi College of Engineering Research & Technology Chandrapur,Computer Science and Engineering(Data Science),DEF,I,2023-24,30,1
4181,"Swaminarayan Siddhanta Institute Of Technology, Nagpur",Civil Engineering,PWD,I,2023-24,30,1
4181,"Swaminarayan Siddhanta Institute Of Technology, Nagpur",Civil Engineering,DEF,I,2023-24,30,1
4181,"Swaminarayan Siddhanta Institute Of Technology, Nagpur",Computer Engineering,PWD,I,2023-24,60,2
4181,"Swaminarayan Siddhanta Institute Of Technology, Nagpur",Computer Engineering,DEF,I,2023-24,60,2
4181,"Swaminarayan Siddhanta Institute Of Technology, Nagpur",Electronics and Telecommunication Engg,PWD,I,2023-24,30,1
4181,"Swaminarayan Siddhanta Institute Of Technology, Nagpur",Electronics and Telecommunication Engg,DEF,I,2023-24,30,1
4181,"Swaminarayan Siddhanta Institute Of Technology, Nagpur",Mechanical Engineering,PWD,I,2023-24,30,1
4181,"Swaminarayan Siddhanta Institute Of Technology, Nagpur",Mechanical Engineering,DEF,I,2023-24,30,1
4188,"Krushi Jivan Vikas Pratishthan, Ballarpur Institute of Technology, Mouza Bamni",Civil Engineering,PWD,I,2023-24,60,2
4188,"Krushi Jivan Vikas Pratishthan, Ballarpur Institute of Technology, Mouza Bamni",Civil Engineering,DEF,I,2023-24,60,2
4188,"Krushi Jivan Vikas Pratishthan, Ballarpur Institute of Technology, Mouza Bamni",Computer Science and Engineering,PWD,I,2023-24,60,1
4188,"Krushi Jivan Vikas Pratishthan, Ballarpur Institute of Technology, Mouza Bamni",Computer Science and Engineering,DEF,I,2023-24,60,1
4188,"Krushi Jivan Vikas Pratishthan, Ballarpur Institute of Technology, Mouza Bamni",Electrical Engineering,PWD,I,2023-24,60,2
4188,"Krushi Jivan Vikas Pratishthan, Ballarpur Institute of Technology, Mouza Bamni",Electrical Engineering,DEF,I,2023-24,60,2
4188,"Krushi Jivan Vikas Pratishthan, Ballarpur Institute of Technology, Mouza Bamni",Electronics and Telecommunication Engg,PWD,I,2023-24,30,1
4188,"Krushi Jivan Vikas Pratishthan, Ballarpur Institute of Technology, Mouza Bamni",Electronics and Telecommunication Engg,DEF,I,2023-24,30,1
4188,"Krushi Jivan Vikas Pratishthan, Ballarpur Institute of Technology, Mouza Bamni",Food Technology,PWD,I,2023-24,60,2
4188,"Krushi Jivan Vikas Pratishthan, Ballarpur Institute of Technology, Mouza Bamni",Food Technology,DEF,I,2023-24,60,2
4188,"Krushi Jivan Vikas Pratishthan, Ballarpur Institute of Technology, Mouza Bamni",Mechanical Engineering,PWD,I,2023-24,60,2
4188,"Krushi Jivan Vikas Pratishthan, Ballarpur Institute of Technology, Mouza Bamni",Mechanical Engineering,DEF,I,2023-24,60,2
4188,"Krushi Jivan Vikas Pratishthan, Ballarpur Institute of Technology, Mouza Bamni",Mining Engineering,PWD,I,2023-24,120,3
4188,"Krushi Jivan Vikas Pratishthan, Ballarpur Institute of Technology, Mouza Bamni",Mining Engineering,DEF,I,2023-24,120,3
4190,"M.D. Yergude Memorial Shikshan Prasarak Mandal's Shri Sai College of Engineering & Technology, Bhadrawati",Civil Engineering,PWD,I,2023-24,60,2
4190,"M.D. Yergude Memorial Shikshan Prasarak Mandal's Shri Sai College of Engineering & Technology, Bhadrawati",Civil Engineering,DEF,I,2023-24,60,2
4190,"M.D. Yergude Memorial Shikshan Prasarak Mandal's Shri Sai College of Engineering & Technology, Bhadrawati",Computer Science and Engineering,PWD,I,2023-24,60,1
4190,"M.D. Yergude Memorial Shikshan Prasarak Mandal's Shri Sai College of Engineering & Technology, Bhadrawati",Computer Science and Engineering,DEF,I,2023-24,60,1
4190,"M.D. Yergude Memorial Shikshan Prasarak Mandal's Shri Sai College of Engineering & Technology, Bhadrawati",Electrical Engineering,PWD,I,2023-24,60,2
4190,"M.D. Yergude Memorial Shikshan Prasarak Mandal's Shri Sai College of Engineering & Technology, Bhadrawati",Electrical Engineering,DEF,I,2023-24,60,2
4190,"M.D. Yergude Memorial Shikshan Prasarak Mandal's Shri Sai College of Engineering & Technology, Bhadrawati",Electronics and Communication Engineering,PWD,I,2023-24,30,1
4190,"M.D. Yergude Memorial Shikshan Prasarak Mandal's Shri Sai College of Engineering & Technology, Bhadrawati",Electronics and Communication Engineering,DEF,I,2023-24,30,1
4190,"M.D. Yergude Memorial Shikshan Prasarak Mandal's Shri Sai College of Engineering & Technology, Bhadrawati",Mechanical Engineering,PWD,I,2023-24,60,2
4190,"M.D. Yergude Memorial Shikshan Prasarak Mandal's Shri Sai College of Engineering & Technology, Bhadrawati",Mechanical Engineering,DEF,I,2023-24,60,2
4193,"K.D.M. Education Society, Vidharbha Institute of Technology,Umred Road ,Nagpur",Computer Science and Engineering,PWD,I,2023-24,60,0
4193,"K.D.M. Education Society, Vidharbha Institute of Technology,Umred Road ,Nagpur",Computer Science and Engineering,DEF,I,2023-24,60,0
4193,"K.D.M. Education Society, Vidharbha Institute of Technology,Umred Road ,Nagpur",Electrical Engineering,PWD,I,2023-24,120,0
4193,"K.D.M. Education Society, Vidharbha Institute of Technology,Umred Road ,Nagpur",Electrical Engineering,DEF,I,2023-24,120,0
4193,"K.D.M. Education Society, Vidharbha Institute of Technology,Umred Road ,Nagpur",Electronics and Communication Engineering,PWD,I,2023-24,60,0
4193,"K.D.M. Education Society, Vidharbha Institute of Technology,Umred Road ,Nagpur",Electronics and Communication Engineering,DEF,I,2023-24,60,0
4193,"K.D.M. Education Society, Vidharbha Institute of Technology,Umred Road ,Nagpur",Mechanical Engineering,PWD,I,2023-24,120,0
4193,"K.D.M. Education Society, Vidharbha Institute of Technology,Umred Road ,Nagpur",Mechanical Engineering,DEF,I,2023-24,120,0
4649,"Bajaj Institute of Technology, Wardha",Civil Engineering,PWD,I,2023-24,60,0
4649,"Bajaj Institute of Technology, Wardha",Civil Engineering,DEF,I,2023-24,60,0
4649,"Bajaj Institute of Technology, Wardha",Computer Engineering,PWD,I,2023-24,120,0
4649,"Bajaj Institute of Technology, Wardha",Computer Engineering,DEF,I,2023-24,120,0
4649,"Bajaj Institute of Technology, Wardha",Electrical Engineering,PWD,I,2023-24,60,0
4649,"Bajaj Institute of Technology, Wardha",Electrical Engineering,DEF,I,2023-24,60,0
4649,"Bajaj Institute of Technology, Wardha",Mechanical Engineering,PWD,I,2023-24,60,0
4649,"Bajaj Institute of Technology, Wardha",Mechanical Engineering,DEF,I,2023-24,60,0
5103,"Shri Shivaji Vidya Prasarak Sanstha's Late Bapusaheb Shivaji Rao Deore College of Engineering,Dhule",Civil Engineering,PWD,I,2023-24,60,1
5103,"Shri Shivaji Vidya Prasarak Sanstha's Late Bapusaheb Shivaji Rao Deore College of Engineering,Dhule",Civil Engineering,DEF,I,2023-24,60,1
5103,"Shri Shivaji Vidya Prasarak Sanstha's Late Bapusaheb Shivaji Rao Deore College of Engineering,Dhule",Computer Engineering,PWD,I,2023-24,120,2
5103,"Shri Shivaji Vidya Prasarak Sanstha's Late Bapusaheb Shivaji Rao Deore College of Engineering,Dhule",Computer Engineering,DEF,I,2023-24,120,2
5103,"Shri Shivaji Vidya Prasarak Sanstha's Late Bapusaheb Shivaji Rao Deore College of Engineering,Dhule",Electronics and Telecommunication Engg,PWD,I,2023-24,60,1
5103,"Shri Shivaji Vidya Prasarak Sanstha's Late Bapusaheb Shivaji Rao Deore College of Engineering,Dhule",Electronics and Telecommunication Engg,DEF,I,2023-24,60,1
5103,"Shri Shivaji Vidya Prasarak Sanstha's Late Bapusaheb Shivaji Rao Deore College of Engineering,Dhule",Electronics Engineering,PWD,I,2023-24,60,2
5103,"Shri Shivaji Vidya Prasarak Sanstha's Late Bapusaheb Shivaji Rao Deore College of Engineering,Dhule",Electronics Engineering,DEF,I,2023-24,60,2
5103,"Shri Shivaji Vidya Prasarak Sanstha's Late Bapusaheb Shivaji Rao Deore College of Engineering,Dhule",Mechanical Engineering,PWD,I,2023-24,60,2
5103,"Shri Shivaji Vidya Prasarak Sanstha's Late Bapusaheb Shivaji Rao Deore College of Engineering,Dhule",Mechanical Engineering,DEF,I,2023-24,60,2
5106,"Khandesh College Education Society's College Of Engineering And Management, Jalgaon",Computer Engineering,PWD,I,2023-24,120,2
5106,"Khandesh College Education Society's College Of Engineering And Management, Jalgaon",Computer Engineering,DEF,I,2023-24,120,2
5106,"Khandesh College Education Society's College Of Engineering And Management, Jalgaon",Electrical Engineering,PWD,I,2023-24,60,2
5106,"Khandesh College Education Society's College Of Engineering And Management, Jalgaon",Electrical Engineering,DEF,I,2023-24,60,2
5106,"Khandesh College Education Society's College Of Engineering And Management, Jalgaon",Mechanical Engineering,PWD,I,2023-24,60,2
5106,"Khandesh College Education Society's College Of Engineering And Management, Jalgaon",Mechanical Engineering,DEF,I,2023-24,60,2
5106,"Khandesh College Education Society's College Of Engineering And Management, Jalgaon",Electronics and Computer Engineering,PWD,I,2023-24,60,1
5106,"Khandesh College Education Society's College Of Engineering And Management, Jalgaon",Electronics and Computer Engineering,DEF,I,2023-24,60,1
5106,"Khandesh College Education Society's College Of Engineering And Management, Jalgaon",Computer Science and Engineering(Data Science),PWD,I,2023-24,60,1
5106,"Khandesh College Education Society's College Of Engineering And Management, Jalgaon",Computer Science and Engineering(Data Science),DEF,I,2023-24,60,1
5164,"P.S.G.V.P. Mandal's D.N. Patel College of Engineering, Shahada, Dist. Nandurbar",Civil Engineering,PWD,I,2023-24,60,0
5164,"P.S.G.V.P. Mandal's D.N. Patel College of Engineering, Shahada, Dist. Nandurbar",Civil Engineering,DEF,I,2023-24,60,0
5164,"P.S.G.V.P. Mandal's D.N. Patel College of Engineering, Shahada, Dist. Nandurbar",Computer Engineering,PWD,I,2023-24,60,0
5164,"P.S.G.V.P. Mandal's D.N. Patel College of Engineering, Shahada, Dist. Nandurbar",Computer Engineering,DEF,I,2023-24,60,0
5164,"P.S.G.V.P. Mandal's D.N. Patel College of Engineering, Shahada, Dist. Nandurbar",Electrical Engineering,PWD,I,2023-24,60,0
5164,"P.S.G.V.P. Mandal's D.N. Patel College of Engineering, Shahada, Dist. Nandurbar",Electrical Engineering,DEF,I,2023-24,60,0
5164,"P.S.G.V.P. Mandal's D.N. Patel College of Engineering, Shahada, Dist. Nandurbar",Electronics and Telecommunication Engg,PWD,I,2023-24,48,0
5164,"P.S.G.V.P. Mandal's D.N. Patel College of Engineering, Shahada, Dist. Nandurbar",Electronics and Telecommunication Engg,DEF,I,2023-24,48,0
5164,"P.S.G.V.P. Mandal's D.N. Patel College of Engineering, Shahada, Dist. Nandurbar",Instrumentation Engineering,PWD,I,2023-24,48,0
5164,"P.S.G.V.P. Mandal's D.N. Patel College of Engineering, Shahada, Dist. Nandurbar",Instrumentation Engineering,DEF,I,2023-24,48,0
5164,"P.S.G.V.P. Mandal's D.N. Patel College of Engineering, Shahada, Dist. Nandurbar",Mechanical Engineering,PWD,I,2023-24,60,0
5164,"P.S.G.V.P. Mandal's D.N. Patel College of Engineering, Shahada, Dist. Nandurbar",Mechanical Engineering,DEF,I,2023-24,60,0
5168,"T.M.E. Society's J.T.Mahajan College of Engineering, Faizpur",Civil Engineering,PWD,I,2023-24,30,1
5168,"T.M.E. Society's J.T.Mahajan College of Engineering, Faizpur",Civil Engineering,DEF,I,2023-24,30,1
5168,"T.M.E. Society's J.T.Mahajan College of Engineering, Faizpur",Computer Engineering,PWD,I,2023-24,60,1
5168,"T.M.E. Society's J.T.Mahajan College of Engineering, Faizpur",Computer Engineering,DEF,I,2023-24,60,1
5168,"T.M.E. Society's J.T.Mahajan College of Engineering, Faizpur",Electronics and Telecommunication Engg,PWD,I,2023-24,60,2
5168,"T.M.E. Society's J.T.Mahajan College of Engineering, Faizpur",Electronics and Telecommunication Engg,DEF,I,2023-24,60,2
5168,"T.M.E. Society's J.T.Mahajan College of Engineering, Faizpur",Mechanical Engineering,PWD,I,2023-24,60,2
5168,"T.M.E. Society's J.T.Mahajan College of Engineering, Faizpur",Mechanical Engineering,DEF,I,2023-24,60,2
5170,"Hindi Seva Mandal's Shri Sant Gadgebaba College of Engineering & Technology, Bhusawal",Civil Engineering,PWD,I,2023-24,60,0
5170,"Hindi Seva Mandal's Shri Sant Gadgebaba College of Engineering & Technology, Bhusawal",Civil Engineering,DEF,I,2023-24,60,0
5170,"Hindi Seva Mandal's Shri Sant Gadgebaba College of Engineering & Technology, Bhusawal",Computer Science and Engineering,PWD,I,2023-24,60,0
5170,"Hindi Seva Mandal's Shri Sant Gadgebaba College of Engineering & Technology, Bhusawal",Computer Science and Engineering,DEF,I,2023-24,60,0
5170,"Hindi Seva Mandal's Shri Sant Gadgebaba College of Engineering & Technology, Bhusawal",Electrical Engineering,PWD,I,2023-24,60,0
5170,"Hindi Seva Mandal's Shri Sant Gadgebaba College of Engineering & Technology, Bhusawal",Electrical Engineering,DEF,I,2023-24,60,0
5170,"Hindi Seva Mandal's Shri Sant Gadgebaba College of Engineering & Technology, Bhusawal",Electronics and Telecommunication Engg,PWD,I,2023-24,30,0
5170,"Hindi Seva Mandal's Shri Sant Gadgebaba College of Engineering & Technology, Bhusawal",Electronics and Telecommunication Engg,DEF,I,2023-24,30,0
5170,"Hindi Seva Mandal's Shri Sant Gadgebaba College of Engineering & Technology, Bhusawal",Mechanical Engineering,PWD,I,2023-24,60,0
5170,"Hindi Seva Mandal's Shri Sant Gadgebaba College of Engineering & Technology, Bhusawal",Mechanical Engineering,DEF,I,2023-24,60,0
5170,"Hindi Seva Mandal's Shri Sant Gadgebaba College of Engineering & Technology, Bhusawal",Electronics and Computer Engineering,PWD,I,2023-24,30,0
5170,"Hindi Seva Mandal's Shri Sant Gadgebaba College of Engineering & Technology, Bhusawal",Electronics and Computer Engineering,DEF,I,2023-24,30,0
5170,"Hindi Seva Mandal's Shri Sant Gadgebaba College of Engineering & Technology, Bhusawal",Computer Science and Engineering(Data Science),PWD,I,2023-24,60,0
5170,"Hindi Seva Mandal's Shri Sant Gadgebaba College of Engineering & Technology, Bhusawal",Computer Science and Engineering(Data Science),DEF,I,2023-24,60,0
5171,"Godavari Foundation's Godavari College Of Engineering, Jalgaon",Computer Engineering,PWD,I,2023-24,120,2
5171,"Godavari Foundation's Godavari College Of Engineering, Jalgaon",Computer Engineering,DEF,I,2023-24,120,2
5171,"Godavari Foundation's Godavari College Of Engineering, Jalgaon",Artificial Intelligence (AI) and Data Science,PWD,I,2023-24,60,1
5171,"Godavari Foundation's Godavari College Of Engineering, Jalgaon",Artificial Intelligence (AI) and Data Science,DEF,I,2023-24,60,1
5171,"Godavari Foundation's Godavari College Of Engineering, Jalgaon",Electrical Engineering,PWD,I,2023-24,60,2
5171,"Godavari Foundation's Godavari College Of Engineering, Jalgaon",Electrical Engineering,DEF,I,2023-24,60,2
5171,"Godavari Foundation's Godavari College Of Engineering, Jalgaon",Electronics and Telecommunication Engg,PWD,I,2023-24,30,1
5171,"Godavari Foundation's Godavari College Of Engineering, Jalgaon",Electronics and Telecommunication Engg,DEF,I,2023-24,30,1
5171,"Godavari Foundation's Godavari College Of Engineering, Jalgaon",Mechanical Engineering,PWD,I,2023-24,60,2
5171,"Godavari Foundation's Godavari College Of Engineering, Jalgaon",Mechanical Engineering,DEF,I,2023-24,60,2
5244,"MET's Institute of Technology Polytechnic, Bhujbal Knowledge City, Adgaon Nashik",Computer Science and Design,PWD,I,2023-24,60,1
5244,"MET's Institute of Technology Polytechnic, Bhujbal Knowledge City, Adgaon Nashik",Computer Science and Design,DEF,I,2023-24,60,1
5244,"MET's Institute of Technology Polytechnic, Bhujbal Knowledge City, Adgaon Nashik",Automation and Robotics,PWD,I,2023-24,60,1
5244,"MET's Institute of Technology Polytechnic, Bhujbal Knowledge City, Adgaon Nashik",Automation and Robotics,DEF,I,2023-24,60,1
5244,"MET's Institute of Technology Polytechnic, Bhujbal Knowledge City, Adgaon Nashik",Civil and Environmental Engineering,PWD,I,2023-24,60,2
5244,"MET's Institute of Technology Polytechnic, Bhujbal Knowledge City, Adgaon Nashik",Civil and Environmental Engineering,DEF,I,2023-24,60,2
5365,"Vardhaman Education & Welfare Society, Ahinsa Institute of Technology, Post. Dondaicha, Dhule",Computer Technology,PWD,I,2023-24,60,0
5365,"Vardhaman Education & Welfare Society, Ahinsa Institute of Technology, Post. Dondaicha, Dhule",Computer Technology,DEF,I,2023-24,60,0
5365,"Vardhaman Education & Welfare Society, Ahinsa Institute of Technology, Post. Dondaicha, Dhule",Electrical Engineering,PWD,I,2023-24,60,0
5365,"Vardhaman Education & Welfare Society, Ahinsa Institute of Technology, Post. Dondaicha, Dhule",Electrical Engineering,DEF,I,2023-24,60,0
5365,"Vardhaman Education & Welfare Society, Ahinsa Institute of Technology, Post. Dondaicha, Dhule",Mechanical Engineering,PWD,I,2023-24,60,0
5365,"Vardhaman Education & Welfare Society, Ahinsa Institute of Technology, Post. Dondaicha, Dhule",Mechanical Engineering,DEF,I,2023-24,60,0
5396,"College of Engineering and Technology ,North Maharashtra Knowledge City, Jalgaon",Civil Engineering,PWD,I,2023-24,30,1
5396,"College of Engineering and Technology ,North Maharashtra Knowledge City, Jalgaon",Civil Engineering,DEF,I,2023-24,30,1
5396,"College of Engineering and Technology ,North Maharashtra Knowledge City, Jalgaon",Computer Engineering,PWD,I,2023-24,30,1
5396,"College of Engineering and Technology ,North Maharashtra Knowledge City, Jalgaon",Computer Engineering,DEF,I,2023-24,30,1
5396,"College of Engineering and Technology ,North Maharashtra Knowledge City, Jalgaon",Electrical Engineering,PWD,I,2023-24,30,1
5396,"College of Engineering and Technology ,North Maharashtra Knowledge City, Jalgaon",Electrical Engineering,DEF,I,2023-24,30,1
5396,"College of Engineering and Technology ,North Maharashtra Knowledge City, Jalgaon",Mechanical Engineering,PWD,I,2023-24,30,1
5396,"College of Engineering and Technology ,North Maharashtra Knowledge City, Jalgaon",Mechanical Engineering,DEF,I,2023-24,30,1
5449,"Shri Vile Parle Kelavani Mandal's Institute of Technology, Dhule",Civil Engineering,PWD,I,2023-24,60,0
5449,"Shri Vile Parle Kelavani Mandal's Institute of Technology, Dhule",Civil Engineering,DEF,I,2023-24,60,0
5449,"Shri Vile Parle Kelavani Mandal's Institute of Technology, Dhule",Computer Engineering,PWD,I,2023-24,120,0
5449,"Shri Vile Parle Kelavani Mandal's Institute of Technology, Dhule",Computer Engineering,DEF,I,2023-24,120,0
5449,"Shri Vile Parle Kelavani Mandal's Institute of Technology, Dhule",Information Technology,PWD,I,2023-24,60,0
5449,"Shri Vile Parle Kelavani Mandal's Institute of Technology, Dhule",Information Technology,DEF,I,2023-24,60,0
5449,"Shri Vile Parle Kelavani Mandal's Institute of Technology, Dhule",Electrical Engineering,PWD,I,2023-24,60,0
5449,"Shri Vile Parle Kelavani Mandal's Institute of Technology, Dhule",Electrical Engineering,DEF,I,2023-24,60,0
5449,"Shri Vile Parle Kelavani Mandal's Institute of Technology, Dhule",Mechanical Engineering,PWD,I,2023-24,60,0
5449,"Shri Vile Parle Kelavani Mandal's Institute of Technology, Dhule",Mechanical Engineering,DEF,I,2023-24,60,0
5497,"P.G. College of Engineering & Technology, Nandurbar",Civil Engineering,PWD,I,2023-24,60,1
5497,"P.G. College of Engineering & Technology, Nandurbar",Civil Engineering,DEF,I,2023-24,60,1
5497,"P.G. College of Engineering & Technology, Nandurbar",Computer Engineering,PWD,I,2023-24,60,1
5497,"P.G. College of Engineering & Technology, Nandurbar",Computer Engineering,DEF,I,2023-24,60,1
5497,"P.G. College of Engineering & Technology, Nandurbar",Mechanical Engineering,PWD,I,2023-24,60,1
5497,"P.G. College of Engineering & Technology, Nandurbar",Mechanical Engineering,DEF,I,2023-24,60,1
5497,"P.G. College of Engineering & Technology, Nandurbar",Data Science,PWD,I,2023-24,60,1
5497,"P.G. College of Engineering & Technology, Nandurbar",Data Science,DEF,I,2023-24,60,1
6036,"Government College of Engineering, Kolhapur",Computer Science and Engineering,PWD,I,2023-24,60,2
6036,"Government College of Engineering, Kolhapur",Computer Science and Engineering,DEF,I,2023-24,60,2
6036,"Government College of Engineering, Kolhapur",Artificial Intelligence (AI) and Data Science,PWD,I,2023-24,60,2
6036,"Government College of Engineering, Kolhapur",Artificial Intelligence (AI) and Data Science,DEF,I,2023-24,60,2
6036,"Government College of Engineering, Kolhapur",Electrical Engineering,PWD,I,2023-24,60,2
6036,"Government College of Engineering, Kolhapur",Electrical Engineering,DEF,I,2023-24,60,2
6036,"Government College of Engineering, Kolhapur",Electronics and Telecommunication Engg,PWD,I,2023-24,60,2
6036,"Government College of Engineering, Kolhapur",Electronics and Telecommunication Engg,DEF,I,2023-24,60,2
6036,"Government College of Engineering, Kolhapur",Mechanical & Automation Engineering,PWD,I,2023-24,60,2
6036,"Government College of Engineering, Kolhapur",Mechanical & Automation Engineering,DEF,I,2023-24,60,2
6217,"Shri. Balasaheb Mane Shikshan Prasarak Mandal's, Ashokrao Mane Group of Institutions",Civil Engineering,PWD,I,2023-24,60,2
6217,"Shri. Balasaheb Mane Shikshan Prasarak Mandal's, Ashokrao Mane Group of Institutions",Civil Engineering,DEF,I,2023-24,60,2
6217,"Shri. Balasaheb Mane Shikshan Prasarak Mandal's, Ashokrao Mane Group of Institutions",Computer Science and Engineering,PWD,I,2023-24,180,6
6217,"Shri. Balasaheb Mane Shikshan Prasarak Mandal's, Ashokrao Mane Group of Institutions",Computer Science and Engineering,DEF,I,2023-24,180,6
6217,"Shri. Balasaheb Mane Shikshan Prasarak Mandal's, Ashokrao Mane Group of Institutions",Artificial Intelligence (AI) and Data Science,PWD,I,2023-24,60,2
6217,"Shri. Balasaheb Mane Shikshan Prasarak Mandal's, Ashokrao Mane Group of Institutions",Artificial Intelligence (AI) and Data Science,DEF,I,2023-24,60,2
6217,"Shri. Balasaheb Mane Shikshan Prasarak Mandal's, Ashokrao Mane Group of Institutions",Electrical Engineering,PWD,I,2023-24,60,2
6217,"Shri. Balasaheb Mane Shikshan Prasarak Mandal's, Ashokrao Mane Group of Institutions",Electrical Engineering,DEF,I,2023-24,60,2
6217,"Shri. Balasaheb Mane Shikshan Prasarak Mandal's, Ashokrao Mane Group of Institutions",Electronics and Telecommunication Engg,PWD,I,2023-24,60,2
6217,"Shri. Balasaheb Mane Shikshan Prasarak Mandal's, Ashokrao Mane Group of Institutions",Electronics and Telecommunication Engg,DEF,I,2023-24,60,2
6217,"Shri. Balasaheb Mane Shikshan Prasarak Mandal's, Ashokrao Mane Group of Institutions",Mechanical Engineering,PWD,I,2023-24,60,2
6217,"Shri. Balasaheb Mane Shikshan Prasarak Mandal's, Ashokrao Mane Group of Institutions",Mechanical Engineering,DEF,I,2023-24,60,2
6217,"Shri. Balasaheb Mane Shikshan Prasarak Mandal's, Ashokrao Mane Group of Institutions",Artificial Intelligence and Machine Learning,PWD,I,2023-24,30,1
6217,"Shri. Balasaheb Mane Shikshan Prasarak Mandal's, Ashokrao Mane Group of Institutions",Artificial Intelligence and Machine Learning,DEF,I,2023-24,30,1
6219,"KSGBS's Bharat- Ratna Indira Gandhi College of Engineering, Kegaon, Solapur",Civil Engineering,PWD,I,2023-24,54,1
6219,"KSGBS's Bharat- Ratna Indira Gandhi College of Engineering, Kegaon, Solapur",Civil Engineering,DEF,I,2023-24,54,1
6219,"KSGBS's Bharat- Ratna Indira Gandhi College of Engineering, Kegaon, Solapur",Computer Science and Engineering,PWD,I,2023-24,120,3
6219,"KSGBS's Bharat- Ratna Indira Gandhi College of Engineering, Kegaon, Solapur",Computer Science and Engineering,DEF,I,2023-24,120,3
6219,"KSGBS's Bharat- Ratna Indira Gandhi College of Engineering, Kegaon, Solapur",Electrical Engineering,PWD,I,2023-24,30,1
6219,"KSGBS's Bharat- Ratna Indira Gandhi College of Engineering, Kegaon, Solapur",Electrical Engineering,DEF,I,2023-24,30,1
6219,"KSGBS's Bharat- Ratna Indira Gandhi College of Engineering, Kegaon, Solapur",Electronics and Telecommunication Engg,PWD,I,2023-24,30,1
6219,"KSGBS's Bharat- Ratna Indira Gandhi College of Engineering, Kegaon, Solapur",Electronics and Telecommunication Engg,DEF,I,2023-24,30,1
6219,"KSGBS's Bharat- Ratna Indira Gandhi College of Engineering, Kegaon, Solapur",Bio Medical Engineering,PWD,I,2023-24,54,1
6219,"KSGBS's Bharat- Ratna Indira Gandhi College of Engineering, Kegaon, Solapur",Bio Medical Engineering,DEF,I,2023-24,54,1
6219,"KSGBS's Bharat- Ratna Indira Gandhi College of Engineering, Kegaon, Solapur",Mechanical Engineering,PWD,I,2023-24,54,1
6219,"KSGBS's Bharat- Ratna Indira Gandhi College of Engineering, Kegaon, Solapur",Mechanical Engineering,DEF,I,2023-24,54,1
6223,"Pradnya Niketan Education Society's Nagesh Karajagi Orchid College of Engineering & Technology, Solapur",Civil Engineering,PWD,I,2023-24,120,3
6223,"Pradnya Niketan Education Society's Nagesh Karajagi Orchid College of Engineering & Technology, Solapur",Civil Engineering,DEF,I,2023-24,120,3
6223,"Pradnya Niketan Education Society's Nagesh Karajagi Orchid College of Engineering & Technology, Solapur",Computer Science and Engineering,PWD,I,2023-24,120,2
6223,"Pradnya Niketan Education Society's Nagesh Karajagi Orchid College of Engineering & Technology, Solapur",Computer Science and Engineering,DEF,I,2023-24,120,2
6223,"Pradnya Niketan Education Society's Nagesh Karajagi Orchid College of Engineering & Technology, Solapur",Electrical Engineering,PWD,I,2023-24,60,2
6223,"Pradnya Niketan Education Society's Nagesh Karajagi Orchid College of Engineering & Technology, Solapur",Electrical Engineering,DEF,I,2023-24,60,2
6223,"Pradnya Niketan Education Society's Nagesh Karajagi Orchid College of Engineering & Technology, Solapur",Electronics and Telecommunication Engg,PWD,I,2023-24,60,1
6223,"Pradnya Niketan Education Society's Nagesh Karajagi Orchid College of Engineering & Technology, Solapur",Electronics and Telecommunication Engg,DEF,I,2023-24,60,1
6223,"Pradnya Niketan Education Society's Nagesh Karajagi Orchid College of Engineering & Technology, Solapur",Mechanical Engineering,PWD,I,2023-24,120,3
6223,"Pradnya Niketan Education Society's Nagesh Karajagi Orchid College of Engineering & Technology, Solapur",Mechanical Engineering,DEF,I,2023-24,120,3
6223,"Pradnya Niketan Education Society's Nagesh Karajagi Orchid College of Engineering & Technology, Solapur",Artificial Intelligence and Data Science,PWD,I,2023-24,60,1
6223,"Pradnya Niketan Education Society's Nagesh Karajagi Orchid College of Engineering & Technology, Solapur",Artificial Intelligence and Data Science,DEF,I,2023-24,60,1
6269,"Shetkari Shikshan Mandal's Pad. Vasantraodada Patil Institute of Technology, Budhgaon, Sangli",Civil Engineering,PWD,I,2023-24,90,2
6269,"Shetkari Shikshan Mandal's Pad. Vasantraodada Patil Institute of Technology, Budhgaon, Sangli",Civil Engineering,DEF,I,2023-24,90,2
6269,"Shetkari Shikshan Mandal's Pad. Vasantraodada Patil Institute of Technology, Budhgaon, Sangli",Computer Science and Engineering,PWD,I,2023-24,120,2
6269,"Shetkari Shikshan Mandal's Pad. Vasantraodada Patil Institute of Technology, Budhgaon, Sangli",Computer Science and Engineering,DEF,I,2023-24,120,2
6269,"Shetkari Shikshan Mandal's Pad. Vasantraodada Patil Institute of Technology, Budhgaon, Sangli",Electronics and Telecommunication Engg,PWD,I,2023-24,60,2
6269,"Shetkari Shikshan Mandal's Pad. Vasantraodada Patil Institute of Technology, Budhgaon, Sangli",Electronics and Telecommunication Engg,DEF,I,2023-24,60,2
6269,"Shetkari Shikshan Mandal's Pad. Vasantraodada Patil Institute of Technology, Budhgaon, Sangli",Instrumentation and Control Engineering,PWD,I,2023-24,30,1
6269,"Shetkari Shikshan Mandal's Pad. Vasantraodada Patil Institute of Technology, Budhgaon, Sangli",Instrumentation and Control Engineering,DEF,I,2023-24,30,1
6269,"Shetkari Shikshan Mandal's Pad. Vasantraodada Patil Institute of Technology, Budhgaon, Sangli",Chemical Engineering,PWD,I,2023-24,60,2
6269,"Shetkari Shikshan Mandal's Pad. Vasantraodada Patil Institute of Technology, Budhgaon, Sangli",Chemical Engineering,DEF,I,2023-24,60,2
6269,"Shetkari Shikshan Mandal's Pad. Vasantraodada Patil Institute of Technology, Budhgaon, Sangli",Mechanical Engineering,PWD,I,2023-24,60,2
6269,"Shetkari Shikshan Mandal's Pad. Vasantraodada Patil Institute of Technology, Budhgaon, Sangli",Mechanical Engineering,DEF,I,2023-24,60,2
6269,"Shetkari Shikshan Mandal's Pad. Vasantraodada Patil Institute of Technology, Budhgaon, Sangli",Mechatronics Engineering,PWD,I,2023-24,30,1
6269,"Shetkari Shikshan Mandal's Pad. Vasantraodada Patil Institute of Technology, Budhgaon, Sangli",Mechatronics Engineering,DEF,I,2023-24,30,1
6269,"Shetkari Shikshan Mandal's Pad. Vasantraodada Patil Institute of Technology, Budhgaon, Sangli",Electronics and Computer Science,PWD,I,2023-24,90,2
6269,"Shetkari Shikshan Mandal's Pad. Vasantraodada Patil Institute of Technology, Budhgaon, Sangli",Electronics and Computer Science,DEF,I,2023-24,90,2
6269,"Shetkari Shikshan Mandal's Pad. Vasantraodada Patil Institute of Technology, Budhgaon, Sangli",Computer Science and Engineering (Artificial,PWD,I,2023-24,30,1
6269,"Shetkari Shikshan Mandal's Pad. Vasantraodada Patil Institute of Technology, Budhgaon, Sangli",Computer Science and Engineering (Artificial,DEF,I,2023-24,30,1
6269,"Shetkari Shikshan Mandal's Pad. Vasantraodada Patil Institute of Technology, Budhgaon, Sangli",Electrical and Computer Engineering,PWD,I,2023-24,60,2
6269,"Shetkari Shikshan Mandal's Pad. Vasantraodada Patil Institute of Technology, Budhgaon, Sangli",Electrical and Computer Engineering,DEF,I,2023-24,60,2
6270,"Rayat Shikshan Sanstha's Karmaveer Bhaurao Patil College of Engineering, Satara",Civil Engineering,PWD,I,2023-24,60,2
6270,"Rayat Shikshan Sanstha's Karmaveer Bhaurao Patil College of Engineering, Satara",Civil Engineering,DEF,I,2023-24,60,2
6270,"Rayat Shikshan Sanstha's Karmaveer Bhaurao Patil College of Engineering, Satara",Computer Science and Engineering,PWD,I,2023-24,120,3
6270,"Rayat Shikshan Sanstha's Karmaveer Bhaurao Patil College of Engineering, Satara",Computer Science and Engineering,DEF,I,2023-24,120,3
6270,"Rayat Shikshan Sanstha's Karmaveer Bhaurao Patil College of Engineering, Satara",Electronics and Telecommunication Engg,PWD,I,2023-24,60,2
6270,"Rayat Shikshan Sanstha's Karmaveer Bhaurao Patil College of Engineering, Satara",Electronics and Telecommunication Engg,DEF,I,2023-24,60,2
6270,"Rayat Shikshan Sanstha's Karmaveer Bhaurao Patil College of Engineering, Satara",Mechanical Engineering,PWD,I,2023-24,60,2
6270,"Rayat Shikshan Sanstha's Karmaveer Bhaurao Patil College of Engineering, Satara",Mechanical Engineering,DEF,I,2023-24,60,2
6304,"Loknete Hanumantrao Charitable Trust's Adarsh Institute of Technology and Research Centre, Vita,Sangli",Civil Engineering,PWD,I,2023-24,30,1
6304,"Loknete Hanumantrao Charitable Trust's Adarsh Institute of Technology and Research Centre, Vita,Sangli",Civil Engineering,DEF,I,2023-24,30,1
6304,"Loknete Hanumantrao Charitable Trust's Adarsh Institute of Technology and Research Centre, Vita,Sangli",Computer Science and Engineering,PWD,I,2023-24,60,1
6304,"Loknete Hanumantrao Charitable Trust's Adarsh Institute of Technology and Research Centre, Vita,Sangli",Computer Science and Engineering,DEF,I,2023-24,60,1
6304,"Loknete Hanumantrao Charitable Trust's Adarsh Institute of Technology and Research Centre, Vita,Sangli",Electronics and Telecommunication Engg,PWD,I,2023-24,30,1
6304,"Loknete Hanumantrao Charitable Trust's Adarsh Institute of Technology and Research Centre, Vita,Sangli",Electronics and Telecommunication Engg,DEF,I,2023-24,30,1
6304,"Loknete Hanumantrao Charitable Trust's Adarsh Institute of Technology and Research Centre, Vita,Sangli",Mechanical Engineering,PWD,I,2023-24,30,1
6304,"Loknete Hanumantrao Charitable Trust's Adarsh Institute of Technology and Research Centre, Vita,Sangli",Mechanical Engineering,DEF,I,2023-24,30,1
6304,"Loknete Hanumantrao Charitable Trust's Adarsh Institute of Technology and Research Centre, Vita,Sangli",Artificial Intelligence and Machine Learning,PWD,I,2023-24,60,2
6304,"Loknete Hanumantrao Charitable Trust's Adarsh Institute of Technology and Research Centre, Vita,Sangli",Artificial Intelligence and Machine Learning,DEF,I,2023-24,60,2
6304,"Loknete Hanumantrao Charitable Trust's Adarsh Institute of Technology and Research Centre, Vita,Sangli",Electrical and Computer Engineering,PWD,I,2023-24,30,1
6304,"Loknete Hanumantrao Charitable Trust's Adarsh Institute of Technology and Research Centre, Vita,Sangli",Electrical and Computer Engineering,DEF,I,2023-24,30,1
6305,"Late Narayandas Bhawandas Chhabada Institute of Engineering & Technology, Satara",Civil Engineering,PWD,I,2023-24,18,1
6305,"Late Narayandas Bhawandas Chhabada Institute of Engineering & Technology, Satara",Civil Engineering,DEF,I,2023-24,18,1
6305,"Late Narayandas Bhawandas Chhabada Institute of Engineering & Technology, Satara",Computer Science and Engineering,PWD,I,2023-24,60,1
6305,"Late Narayandas Bhawandas Chhabada Institute of Engineering & Technology, Satara",Computer Science and Engineering,DEF,I,2023-24,60,1
6305,"Late Narayandas Bhawandas Chhabada Institute of Engineering & Technology, Satara",Information Technology,PWD,I,2023-24,60,1
6305,"Late Narayandas Bhawandas Chhabada Institute of Engineering & Technology, Satara",Information Technology,DEF,I,2023-24,60,1
6305,"Late Narayandas Bhawandas Chhabada Institute of Engineering & Technology, Satara",Electronics and Telecommunication Engg,PWD,I,2023-24,36,1
6305,"Late Narayandas Bhawandas Chhabada Institute of Engineering & Technology, Satara",Electronics and Telecommunication Engg,DEF,I,2023-24,36,1
6305,"Late Narayandas Bhawandas Chhabada Institute of Engineering & Technology, Satara",Mechanical Engineering,PWD,I,2023-24,36,1
6305,"Late Narayandas Bhawandas Chhabada Institute of Engineering & Technology, Satara",Mechanical Engineering,DEF,I,2023-24,36,1
6308,"Shanti Education Society, A.G. Patil Institute of Technology, Soregaon, Solapur(North)",Civil Engineering,PWD,I,2023-24,60,2
6308,"Shanti Education Society, A.G. Patil Institute of Technology, Soregaon, Solapur(North)",Civil Engineering,DEF,I,2023-24,60,2
6308,"Shanti Education Society, A.G. Patil Institute of Technology, Soregaon, Solapur(North)",Computer Engineering,PWD,I,2023-24,60,1
6308,"Shanti Education Society, A.G. Patil Institute of Technology, Soregaon, Solapur(North)",Computer Engineering,DEF,I,2023-24,60,1
6308,"Shanti Education Society, A.G. Patil Institute of Technology, Soregaon, Solapur(North)",Electronics and Telecommunication Engg,PWD,I,2023-24,60,1
6308,"Shanti Education Society, A.G. Patil Institute of Technology, Soregaon, Solapur(North)",Electronics and Telecommunication Engg,DEF,I,2023-24,60,1
6308,"Shanti Education Society, A.G. Patil Institute of Technology, Soregaon, Solapur(North)",Mechanical Engineering,PWD,I,2023-24,60,2
6308,"Shanti Education Society, A.G. Patil Institute of Technology, Soregaon, Solapur(North)",Mechanical Engineering,DEF,I,2023-24,60,2
6313,"Jaywant College of Engineering & Polytechnic , Kille Macchindragad Tal. Walva District- Sangali",Civil Engineering,PWD,I,2023-24,60,2
6313,"Jaywant College of Engineering & Polytechnic , Kille Macchindragad Tal. Walva District- Sangali",Civil Engineering,DEF,I,2023-24,60,2
6313,"Jaywant College of Engineering & Polytechnic , Kille Macchindragad Tal. Walva District- Sangali",Computer Engineering,PWD,I,2023-24,60,1
6313,"Jaywant College of Engineering & Polytechnic , Kille Macchindragad Tal. Walva District- Sangali",Computer Engineering,DEF,I,2023-24,60,1
6313,"Jaywant College of Engineering & Polytechnic , Kille Macchindragad Tal. Walva District- Sangali",Electrical Engineering,PWD,I,2023-24,60,1
6313,"Jaywant College of Engineering & Polytechnic , Kille Macchindragad Tal. Walva District- Sangali",Electrical Engineering,DEF,I,2023-24,60,1
6313,"Jaywant College of Engineering & Polytechnic , Kille Macchindragad Tal. Walva District- Sangali",Electronics and Telecommunication Engg,PWD,I,2023-24,30,1
6313,"Jaywant College of Engineering & Polytechnic , Kille Macchindragad Tal. Walva District- Sangali",Electronics and Telecommunication Engg,DEF,I,2023-24,30,1
6313,"Jaywant College of Engineering & Polytechnic , Kille Macchindragad Tal. Walva District- Sangali",Mechanical Engineering,PWD,I,2023-24,60,2
6313,"Jaywant College of Engineering & Polytechnic , Kille Macchindragad Tal. Walva District- Sangali",Mechanical Engineering,DEF,I,2023-24,60,2
6315,"Holy-Wood Academy's Sanjeevan Engineering and Technology Institute, Panhala",Civil Engineering,PWD,I,2023-24,60,2
6315,"Holy-Wood Academy's Sanjeevan Engineering and Technology Institute, Panhala",Civil Engineering,DEF,I,2023-24,60,2
6315,"Holy-Wood Academy's Sanjeevan Engineering and Technology Institute, Panhala",Computer Science and Engineering,PWD,I,2023-24,120,3
6315,"Holy-Wood Academy's Sanjeevan Engineering and Technology Institute, Panhala",Computer Science and Engineering,DEF,I,2023-24,120,3
6315,"Holy-Wood Academy's Sanjeevan Engineering and Technology Institute, Panhala",Electrical Engineering,PWD,I,2023-24,60,2
6315,"Holy-Wood Academy's Sanjeevan Engineering and Technology Institute, Panhala",Electrical Engineering,DEF,I,2023-24,60,2
6315,"Holy-Wood Academy's Sanjeevan Engineering and Technology Institute, Panhala",Mechanical Engineering,PWD,I,2023-24,60,2
6315,"Holy-Wood Academy's Sanjeevan Engineering and Technology Institute, Panhala",Mechanical Engineering,DEF,I,2023-24,60,2
6315,"Holy-Wood Academy's Sanjeevan Engineering and Technology Institute, Panhala",Electronics and Computer Engineering,PWD,I,2023-24,60,2
6315,"Holy-Wood Academy's Sanjeevan Engineering and Technology Institute, Panhala",Electronics and Computer Engineering,DEF,I,2023-24,60,2
6318,"Abhinav Education Society's College of Engineering and Technology (Degree), Wadwadi",Computer Science and Engineering,PWD,I,2023-24,30,1
6318,"Abhinav Education Society's College of Engineering and Technology (Degree), Wadwadi",Computer Science and Engineering,DEF,I,2023-24,30,1
6318,"Abhinav Education Society's College of Engineering and Technology (Degree), Wadwadi",Electrical Engineering,PWD,I,2023-24,15,1
6318,"Abhinav Education Society's College of Engineering and Technology (Degree), Wadwadi",Electrical Engineering,DEF,I,2023-24,15,1
6318,"Abhinav Education Society's College of Engineering and Technology (Degree), Wadwadi",Mechanical Engineering,PWD,I,2023-24,15,1
6318,"Abhinav Education Society's College of Engineering and Technology (Degree), Wadwadi",Mechanical Engineering,DEF,I,2023-24,15,1
6321,"Vidya Vikas Pratishthan Institute of Engineering and Technology, Solapur",Civil Engineering,PWD,I,2023-24,30,1
6321,"Vidya Vikas Pratishthan Institute of Engineering and Technology, Solapur",Civil Engineering,DEF,I,2023-24,30,1
6321,"Vidya Vikas Pratishthan Institute of Engineering and Technology, Solapur",Computer Science and Engineering,PWD,I,2023-24,90,2
6321,"Vidya Vikas Pratishthan Institute of Engineering and Technology, Solapur",Computer Science and Engineering,DEF,I,2023-24,90,2
6321,"Vidya Vikas Pratishthan Institute of Engineering and Technology, Solapur",Electrical Engineering,PWD,I,2023-24,60,2
6321,"Vidya Vikas Pratishthan Institute of Engineering and Technology, Solapur",Electrical Engineering,DEF,I,2023-24,60,2
6321,"Vidya Vikas Pratishthan Institute of Engineering and Technology, Solapur",Electronics and Telecommunication Engg,PWD,I,2023-24,60,2
6321,"Vidya Vikas Pratishthan Institute of Engineering and Technology, Solapur",Electronics and Telecommunication Engg,DEF,I,2023-24,60,2
6321,"Vidya Vikas Pratishthan Institute of Engineering and Technology, Solapur",Mechanical Engineering,PWD,I,2023-24,30,1
6321,"Vidya Vikas Pratishthan Institute of Engineering and Technology, Solapur",Mechanical Engineering,DEF,I,2023-24,30,1
6321,"Vidya Vikas Pratishthan Institute of Engineering and Technology, Solapur",Artificial Intelligence and Data Science,PWD,I,2023-24,30,1
6321,"Vidya Vikas Pratishthan Institute of Engineering and Technology, Solapur",Artificial Intelligence and Data Science,DEF,I,2023-24,30,1
6326,Karmayogi Institute of Technology,Civil Engineering,PWD,I,2023-24,60,1
6326,Karmayogi Institute of Technology,Civil Engineering,DEF,I,2023-24,60,1
6326,Karmayogi Institute of Technology,Computer Science and Engineering,PWD,I,2023-24,60,1
6326,Karmayogi Institute of Technology,Computer Science and Engineering,DEF,I,2023-24,60,1
6326,Karmayogi Institute of Technology,Electronics and Telecommunication Engg,PWD,I,2023-24,60,1
6326,Karmayogi Institute of Technology,Electronics and Telecommunication Engg,DEF,I,2023-24,60,1
6326,Karmayogi Institute of Technology,Mechanical Engineering,PWD,I,2023-24,60,1
6326,Karmayogi Institute of Technology,Mechanical Engineering,DEF,I,2023-24,60,1
6419,"Nutan College of Engineering and Research, Talegaon Dabhade Tal. Maval, Pune",Computer Science and Engineering,PWD,I,2023-24,180,4
6419,"Nutan College of Engineering and Research, Talegaon Dabhade Tal. Maval, Pune",Computer Science and Engineering,DEF,I,2023-24,180,4
6419,"Nutan College of Engineering and Research, Talegaon Dabhade Tal. Maval, Pune",Electronics and Telecommunication Engg,PWD,I,2023-24,60,1
6419,"Nutan College of Engineering and Research, Talegaon Dabhade Tal. Maval, Pune",Electronics and Telecommunication Engg,DEF,I,2023-24,60,1
6419,"Nutan College of Engineering and Research, Talegaon Dabhade Tal. Maval, Pune",Mechanical Engineering,PWD,I,2023-24,60,2
6419,"Nutan College of Engineering and Research, Talegaon Dabhade Tal. Maval, Pune",Mechanical Engineering,DEF,I,2023-24,60,2
6419,"Nutan College of Engineering and Research, Talegaon Dabhade Tal. Maval, Pune",Computer Science and Engineering (Artificial,PWD,I,2023-24,60,1
6419,"Nutan College of Engineering and Research, Talegaon Dabhade Tal. Maval, Pune",Computer Science and Engineering (Artificial,DEF,I,2023-24,60,1
6466,"Shree Santkrupa Shikshan Sanstha, Shree Santkrupa Institute Of Engineering & Technology, Karad",Civil Engineering,PWD,I,2023-24,30,1
6466,"Shree Santkrupa Shikshan Sanstha, Shree Santkrupa Institute Of Engineering & Technology, Karad",Civil Engineering,DEF,I,2023-24,30,1
6466,"Shree Santkrupa Shikshan Sanstha, Shree Santkrupa Institute Of Engineering & Technology, Karad",Computer Science and Engineering,PWD,I,2023-24,60,2
6466,"Shree Santkrupa Shikshan Sanstha, Shree Santkrupa Institute Of Engineering & Technology, Karad",Computer Science and Engineering,DEF,I,2023-24,60,2
6466,"Shree Santkrupa Shikshan Sanstha, Shree Santkrupa Institute Of Engineering & Technology, Karad",Electrical Engineering,PWD,I,2023-24,60,2
6466,"Shree Santkrupa Shikshan Sanstha, Shree Santkrupa Institute Of Engineering & Technology, Karad",Electrical Engineering,DEF,I,2023-24,60,2
6466,"Shree Santkrupa Shikshan Sanstha, Shree Santkrupa Institute Of Engineering & Technology, Karad",Mechanical Engineering,PWD,I,2023-24,30,1
6466,"Shree Santkrupa Shikshan Sanstha, Shree Santkrupa Institute Of Engineering & Technology, Karad",Mechanical Engineering,DEF,I,2023-24,30,1
6468,"Swami Vivekananda Shikshan Sanstha, Dr. Bapuji Salunkhe Institute Of Engineering & Technology,Kolhapur",Computer Science and Engineering,PWD,I,2023-24,60,1
6468,"Swami Vivekananda Shikshan Sanstha, Dr. Bapuji Salunkhe Institute Of Engineering & Technology,Kolhapur",Computer Science and Engineering,DEF,I,2023-24,60,1
6468,"Swami Vivekananda Shikshan Sanstha, Dr. Bapuji Salunkhe Institute Of Engineering & Technology,Kolhapur",Electrical Engineering,PWD,I,2023-24,60,2
6468,"Swami Vivekananda Shikshan Sanstha, Dr. Bapuji Salunkhe Institute Of Engineering & Technology,Kolhapur",Electrical Engineering,DEF,I,2023-24,60,2
6468,"Swami Vivekananda Shikshan Sanstha, Dr. Bapuji Salunkhe Institute Of Engineering & Technology,Kolhapur",Electronics and Telecommunication Engg,PWD,I,2023-24,60,1
6468,"Swami Vivekananda Shikshan Sanstha, Dr. Bapuji Salunkhe Institute Of Engineering & Technology,Kolhapur",Electronics and Telecommunication Engg,DEF,I,2023-24,60,1
6545,"Samarth Education Trust's Arvind Gavali College Of Engineering Panwalewadi, Varye,Satara.",Civil Engineering,PWD,I,2023-24,30,1
6545,"Samarth Education Trust's Arvind Gavali College Of Engineering Panwalewadi, Varye,Satara.",Civil Engineering,DEF,I,2023-24,30,1
6545,"Samarth Education Trust's Arvind Gavali College Of Engineering Panwalewadi, Varye,Satara.",Computer Science and Engineering,PWD,I,2023-24,120,3
6545,"Samarth Education Trust's Arvind Gavali College Of Engineering Panwalewadi, Varye,Satara.",Computer Science and Engineering,DEF,I,2023-24,120,3
6545,"Samarth Education Trust's Arvind Gavali College Of Engineering Panwalewadi, Varye,Satara.",Artificial Intelligence (AI) and Data Science,PWD,I,2023-24,60,2
6545,"Samarth Education Trust's Arvind Gavali College Of Engineering Panwalewadi, Varye,Satara.",Artificial Intelligence (AI) and Data Science,DEF,I,2023-24,60,2
6545,"Samarth Education Trust's Arvind Gavali College Of Engineering Panwalewadi, Varye,Satara.",Electrical Engineering,PWD,I,2023-24,30,1
6545,"Samarth Education Trust's Arvind Gavali College Of Engineering Panwalewadi, Varye,Satara.",Electrical Engineering,DEF,I,2023-24,30,1
6545,"Samarth Education Trust's Arvind Gavali College Of Engineering Panwalewadi, Varye,Satara.",Electronics and Telecommunication Engg,PWD,I,2023-24,30,1
6545,"Samarth Education Trust's Arvind Gavali College Of Engineering Panwalewadi, Varye,Satara.",Electronics and Telecommunication Engg,DEF,I,2023-24,30,1
6545,"Samarth Education Trust's Arvind Gavali College Of Engineering Panwalewadi, Varye,Satara.",Mechanical Engineering,PWD,I,2023-24,90,2
6545,"Samarth Education Trust's Arvind Gavali College Of Engineering Panwalewadi, Varye,Satara.",Mechanical Engineering,DEF,I,2023-24,90,2
6644,"Shri. Ambabai Talim Sanstha's Sanjay Bhokare Group of Institutes, Miraj",Civil Engineering,PWD,I,2023-24,30,1
6644,"Shri. Ambabai Talim Sanstha's Sanjay Bhokare Group of Institutes, Miraj",Civil Engineering,DEF,I,2023-24,30,1
6644,"Shri. Ambabai Talim Sanstha's Sanjay Bhokare Group of Institutes, Miraj",Computer Engineering,PWD,I,2023-24,60,1
6644,"Shri. Ambabai Talim Sanstha's Sanjay Bhokare Group of Institutes, Miraj",Computer Engineering,DEF,I,2023-24,60,1
6644,"Shri. Ambabai Talim Sanstha's Sanjay Bhokare Group of Institutes, Miraj",Electrical Engineering,PWD,I,2023-24,30,1
6644,"Shri. Ambabai Talim Sanstha's Sanjay Bhokare Group of Institutes, Miraj",Electrical Engineering,DEF,I,2023-24,30,1
6644,"Shri. Ambabai Talim Sanstha's Sanjay Bhokare Group of Institutes, Miraj",Electronics and Telecommunication Engg,PWD,I,2023-24,30,1
6644,"Shri. Ambabai Talim Sanstha's Sanjay Bhokare Group of Institutes, Miraj",Electronics and Telecommunication Engg,DEF,I,2023-24,30,1
6644,"Shri. Ambabai Talim Sanstha's Sanjay Bhokare Group of Institutes, Miraj",Mechanical Engineering,PWD,I,2023-24,30,1
6644,"Shri. Ambabai Talim Sanstha's Sanjay Bhokare Group of Institutes, Miraj",Mechanical Engineering,DEF,I,2023-24,30,1
6644,"Shri. Ambabai Talim Sanstha's Sanjay Bhokare Group of Institutes, Miraj",Electronics and Computer Science,PWD,I,2023-24,60,2
6644,"Shri. Ambabai Talim Sanstha's Sanjay Bhokare Group of Institutes, Miraj",Electronics and Computer Science,DEF,I,2023-24,60,2
6644,"Shri. Ambabai Talim Sanstha's Sanjay Bhokare Group of Institutes, Miraj",Computer Science and Engineering(Artificial,PWD,I,2023-24,60,1
6644,"Shri. Ambabai Talim Sanstha's Sanjay Bhokare Group of Institutes, Miraj",Computer Science and Engineering(Artificial,DEF,I,2023-24,60,1
6756,"Fabtech Technical Campus College of Engineering and Research, Sangola",Civil Engineering,PWD,I,2023-24,60,2
6756,"Fabtech Technical Campus College of Engineering and Research, Sangola",Civil Engineering,DEF,I,2023-24,60,2
6756,"Fabtech Technical Campus College of Engineering and Research, Sangola",Computer Science and Engineering,PWD,I,2023-24,120,3
6756,"Fabtech Technical Campus College of Engineering and Research, Sangola",Computer Science and Engineering,DEF,I,2023-24,120,3
6756,"Fabtech Technical Campus College of Engineering and Research, Sangola",Artificial Intelligence (AI) and Data Science,PWD,I,2023-24,30,1
6756,"Fabtech Technical Campus College of Engineering and Research, Sangola",Artificial Intelligence (AI) and Data Science,DEF,I,2023-24,30,1
6756,"Fabtech Technical Campus College of Engineering and Research, Sangola",Electrical Engineering,PWD,I,2023-24,30,1
6756,"Fabtech Technical Campus College of Engineering and Research, Sangola",Electrical Engineering,DEF,I,2023-24,30,1
6756,"Fabtech Technical Campus College of Engineering and Research, Sangola",Electronics and Telecommunication Engg,PWD,I,2023-24,60,2
6756,"Fabtech Technical Campus College of Engineering and Research, Sangola",Electronics and Telecommunication Engg,DEF,I,2023-24,60,2
6756,"Fabtech Technical Campus College of Engineering and Research, Sangola",Mechanical Engineering,PWD,I,2023-24,60,2
6756,"Fabtech Technical Campus College of Engineering and Research, Sangola",Mechanical Engineering,DEF,I,2023-24,60,2
6757,"Yashoda Technical Campus, Wadhe, Satara.",Civil Engineering,PWD,I,2023-24,30,1
6757,"Yashoda Technical Campus, Wadhe, Satara.",Civil Engineering,DEF,I,2023-24,30,1
6757,"Yashoda Technical Campus, Wadhe, Satara.",Computer Science and Engineering,PWD,I,2023-24,120,3
6757,"Yashoda Technical Campus, Wadhe, Satara.",Computer Science and Engineering,DEF,I,2023-24,120,3
6757,"Yashoda Technical Campus, Wadhe, Satara.",Electrical Engineering,PWD,I,2023-24,30,1
6757,"Yashoda Technical Campus, Wadhe, Satara.",Electrical Engineering,DEF,I,2023-24,30,1
6757,"Yashoda Technical Campus, Wadhe, Satara.",Electronics and Telecommunication Engg,PWD,I,2023-24,90,2
6757,"Yashoda Technical Campus, Wadhe, Satara.",Electronics and Telecommunication Engg,DEF,I,2023-24,90,2
6757,"Yashoda Technical Campus, Wadhe, Satara.",Mechanical Engineering,PWD,I,2023-24,30,1
6757,"Yashoda Technical Campus, Wadhe, Satara.",Mechanical Engineering,DEF,I,2023-24,30,1
6757,"Yashoda Technical Campus, Wadhe, Satara.",Artificial Intelligence and Data Science,PWD,I,2023-24,60,2
6757,"Yashoda Technical Campus, Wadhe, Satara.",Artificial Intelligence and Data Science,DEF,I,2023-24,60,2
6762,"Nanasaheb Mahadik College of Engineering,Walwa, Sangli.",Civil Engineering,PWD,I,2023-24,45,1
6762,"Nanasaheb Mahadik College of Engineering,Walwa, Sangli.",Civil Engineering,DEF,I,2023-24,45,1
6762,"Nanasaheb Mahadik College of Engineering,Walwa, Sangli.",Computer Science and Engineering,PWD,I,2023-24,60,1
6762,"Nanasaheb Mahadik College of Engineering,Walwa, Sangli.",Computer Science and Engineering,DEF,I,2023-24,60,1
6762,"Nanasaheb Mahadik College of Engineering,Walwa, Sangli.",Electrical Engineering,PWD,I,2023-24,60,2
6762,"Nanasaheb Mahadik College of Engineering,Walwa, Sangli.",Electrical Engineering,DEF,I,2023-24,60,2
6762,"Nanasaheb Mahadik College of Engineering,Walwa, Sangli.",Electronics and Telecommunication Engg,PWD,I,2023-24,60,2
6762,"Nanasaheb Mahadik College of Engineering,Walwa, Sangli.",Electronics and Telecommunication Engg,DEF,I,2023-24,60,2
6762,"Nanasaheb Mahadik College of Engineering,Walwa, Sangli.",Mechanical Engineering,PWD,I,2023-24,90,2
6762,"Nanasaheb Mahadik College of Engineering,Walwa, Sangli.",Mechanical Engineering,DEF,I,2023-24,90,2
6766,Phaltan Education Society's College of Engineering Thakurki Tal- Phaltan Dist-Satara,Civil Engineering,PWD,I,2023-24,30,1
6766,Phaltan Education Society's College of Engineering Thakurki Tal- Phaltan Dist-Satara,Civil Engineering,DEF,I,2023-24,30,1
6766,Phaltan Education Society's College of Engineering Thakurki Tal- Phaltan Dist-Satara,Computer Engineering,PWD,I,2023-24,120,3
6766,Phaltan Education Society's College of Engineering Thakurki Tal- Phaltan Dist-Satara,Computer Engineering,DEF,I,2023-24,120,3
6766,Phaltan Education Society's College of Engineering Thakurki Tal- Phaltan Dist-Satara,Electronics and Telecommunication Engg,PWD,I,2023-24,60,2
6766,Phaltan Education Society's College of Engineering Thakurki Tal- Phaltan Dist-Satara,Electronics and Telecommunication Engg,DEF,I,2023-24,60,2
6766,Phaltan Education Society's College of Engineering Thakurki Tal- Phaltan Dist-Satara,Mechanical Engineering,PWD,I,2023-24,60,2
6766,Phaltan Education Society's College of Engineering Thakurki Tal- Phaltan Dist-Satara,Mechanical Engineering,DEF,I,2023-24,60,2
6766,Phaltan Education Society's College of Engineering Thakurki Tal- Phaltan Dist-Satara,Artificial Intelligence and Data Science,PWD,I,2023-24,30,1
6766,Phaltan Education Society's College of Engineering Thakurki Tal- Phaltan Dist-Satara,Artificial Intelligence and Data Science,DEF,I,2023-24,30,1
6781,"Bhagwant Institute of Technology, Barshi",Civil Engineering,PWD,I,2023-24,60,2
6781,"Bhagwant Institute of Technology, Barshi",Civil Engineering,DEF,I,2023-24,60,2
6781,"Bhagwant Institute of Technology, Barshi",Computer Science and Engineering,PWD,I,2023-24,120,2
6781,"Bhagwant Institute of Technology, Barshi",Computer Science and Engineering,DEF,I,2023-24,120,2
6781,"Bhagwant Institute of Technology, Barshi",Electronics and Telecommunication Engg,PWD,I,2023-24,60,2
6781,"Bhagwant Institute of Technology, Barshi",Electronics and Telecommunication Engg,DEF,I,2023-24,60,2
6781,"Bhagwant Institute of Technology, Barshi",Mechanical Engineering,PWD,I,2023-24,60,2
6781,"Bhagwant Institute of Technology, Barshi",Mechanical Engineering,DEF,I,2023-24,60,2
6782,"Sahakar Maharshee Shankarrao Mohite Patil Institute of Technology & Research, Akluj",Civil Engineering,PWD,I,2023-24,30,1
6782,"Sahakar Maharshee Shankarrao Mohite Patil Institute of Technology & Research, Akluj",Civil Engineering,DEF,I,2023-24,30,1
6782,"Sahakar Maharshee Shankarrao Mohite Patil Institute of Technology & Research, Akluj",Computer Science and Engineering,PWD,I,2023-24,45,1
6782,"Sahakar Maharshee Shankarrao Mohite Patil Institute of Technology & Research, Akluj",Computer Science and Engineering,DEF,I,2023-24,45,1
6782,"Sahakar Maharshee Shankarrao Mohite Patil Institute of Technology & Research, Akluj",Electrical Engineering,PWD,I,2023-24,30,1
6782,"Sahakar Maharshee Shankarrao Mohite Patil Institute of Technology & Research, Akluj",Electrical Engineering,DEF,I,2023-24,30,1
6782,"Sahakar Maharshee Shankarrao Mohite Patil Institute of Technology & Research, Akluj",Mechanical Engineering,PWD,I,2023-24,23,1
6782,"Sahakar Maharshee Shankarrao Mohite Patil Institute of Technology & Research, Akluj",Mechanical Engineering,DEF,I,2023-24,23,1
6797,"Dnyanshree Institute Engineering and Technology, Satara",Civil Engineering,PWD,I,2023-24,30,1
6797,"Dnyanshree Institute Engineering and Technology, Satara",Civil Engineering,DEF,I,2023-24,30,1
6797,"Dnyanshree Institute Engineering and Technology, Satara",Computer Science and Engineering,PWD,I,2023-24,90,2
6797,"Dnyanshree Institute Engineering and Technology, Satara",Computer Science and Engineering,DEF,I,2023-24,90,2
6797,"Dnyanshree Institute Engineering and Technology, Satara",Electrical Engineering,PWD,I,2023-24,30,1
6797,"Dnyanshree Institute Engineering and Technology, Satara",Electrical Engineering,DEF,I,2023-24,30,1
6797,"Dnyanshree Institute Engineering and Technology, Satara",Electronics and Telecommunication Engg,PWD,I,2023-24,60,2
6797,"Dnyanshree Institute Engineering and Technology, Satara",Electronics and Telecommunication Engg,DEF,I,2023-24,60,2
6797,"Dnyanshree Institute Engineering and Technology, Satara",Mechanical Engineering,PWD,I,2023-24,30,1
6797,"Dnyanshree Institute Engineering and Technology, Satara",Mechanical Engineering,DEF,I,2023-24,30,1
6799,"Shivganga Charitable Trust, Sangli Vishveshwarya Technical Campus, Faculty of Diploma Engineering, Patgaon, Miraj",Computer Science and Engineering,PWD,I,2023-24,60,2
6799,"Shivganga Charitable Trust, Sangli Vishveshwarya Technical Campus, Faculty of Diploma Engineering, Patgaon, Miraj",Computer Science and Engineering,DEF,I,2023-24,60,2
6799,"Shivganga Charitable Trust, Sangli Vishveshwarya Technical Campus, Faculty of Diploma Engineering, Patgaon, Miraj",Computer Engineering,PWD,I,2023-24,60,2
6799,"Shivganga Charitable Trust, Sangli Vishveshwarya Technical Campus, Faculty of Diploma Engineering, Patgaon, Miraj",Computer Engineering,DEF,I,2023-24,60,2
6799,"Shivganga Charitable Trust, Sangli Vishveshwarya Technical Campus, Faculty of Diploma Engineering, Patgaon, Miraj",Electrical Engineering,PWD,I,2023-24,30,1
6799,"Shivganga Charitable Trust, Sangli Vishveshwarya Technical Campus, Faculty of Diploma Engineering, Patgaon, Miraj",Electrical Engineering,DEF,I,2023-24,30,1
6811,Sanjay Ghodawat Institute,Civil Engineering,PWD,I,2023-24,60,2
6811,Sanjay Ghodawat Institute,Civil Engineering,DEF,I,2023-24,60,2
6811,Sanjay Ghodawat Institute,Computer Science and Engineering,PWD,I,2023-24,60,1
6811,Sanjay Ghodawat Institute,Computer Science and Engineering,DEF,I,2023-24,60,1
6811,Sanjay Ghodawat Institute,Electrical Engineering,PWD,I,2023-24,60,1
6811,Sanjay Ghodawat Institute,Electrical Engineering,DEF,I,2023-24,60,1
6811,Sanjay Ghodawat Institute,Electronics and Telecommunication Engg,PWD,I,2023-24,60,1
6811,Sanjay Ghodawat Institute,Electronics and Telecommunication Engg,DEF,I,2023-24,60,1
6811,Sanjay Ghodawat Institute,Mechanical Engineering,PWD,I,2023-24,60,2
6811,Sanjay Ghodawat Institute,Mechanical Engineering,DEF,I,2023-24,60,2
6938,Shree Siddheshwar Women's College Of Engineering Solapur.,Mechanical Engineering,PWD,I,2023-24,60,2
6938,Shree Siddheshwar Women's College Of Engineering Solapur.,Mechanical Engineering,DEF,I,2023-24,60,2
6938,Shree Siddheshwar Women's College Of Engineering Solapur.,Mechanical Engineering,PWD,I,2023-24,60,1
6938,Shree Siddheshwar Women's College Of Engineering Solapur.,Mechanical Engineering,DEF,I,2023-24,60,1
6938,Shree Siddheshwar Women's College Of Engineering Solapur.,Mechanical Engineering,PWD,I,2023-24,60,2
6938,Shree Siddheshwar Women's College Of Engineering Solapur.,Mechanical Engineering,DEF,I,2023-24,60,2
6938,Shree Siddheshwar Women's College Of Engineering Solapur.,Mechanical Engineering,PWD,I,2023-24,60,2
6938,Shree Siddheshwar Women's College Of Engineering Solapur.,Mechanical Engineering,DEF,I,2023-24,60,2
6938,Shree Siddheshwar Women's College Of Engineering Solapur.,Mechanical Engineering,PWD,I,2023-24,60,2
6938,Shree Siddheshwar Women's College Of Engineering Solapur.,Mechanical Engineering,DEF,I,2023-24,60,2
4004,"Government College of Engineering, Chandrapur",Civil Engineering,PWD,I,2023-24,60,2
4004,"Government College of Engineering, Chandrapur",Civil Engineering,DEF,I,2023-24,60,2
4004,"Government College of Engineering, Chandrapur",Computer Science and Engineering,PWD,I,2023-24,60,2
4004,"Government College of Engineering, Chandrapur",Computer Science and Engineering,DEF,I,2023-24,60,2
4004,"Government College of Engineering, Chandrapur",Electrical Engineering,PWD,I,2023-24,60,2
4004,"Government College of Engineering, Chandrapur",Electrical Engineering,DEF,I,2023-24,60,2
4004,"Government College of Engineering, Chandrapur",Electronics and Telecommunication Engg,PWD,I,2023-24,60,2
4004,"Government College of Engineering, Chandrapur",Electronics and Telecommunication Engg,DEF,I,2023-24,60,2
4004,"Government College of Engineering, Chandrapur",Instrumentation Engineering,PWD,I,2023-24,30,1
4004,"Government College of Engineering, Chandrapur",Instrumentation Engineering,DEF,I,2023-24,30,1
4004,"Government College of Engineering, Chandrapur",Mechanical Engineering,PWD,I,2023-24,60,2
4004,"Government College of Engineering, Chandrapur",Mechanical Engineering,DEF,I,2023-24,60,2
5003,"University Institute of Chemical Technology, North Maharashtra University, Jalgaon",Food Technology,PWD,I,2023-24,15,1
5003,"University Institute of Chemical Technology, North Maharashtra University, Jalgaon",Food Technology,DEF,I,2023-24,15,1
5003,"University Institute of Chemical Technology, North Maharashtra University, Jalgaon",Chemical Engineering,PWD,I,2023-24,60,2
5003,"University Institute of Chemical Technology, North Maharashtra University, Jalgaon",Chemical Engineering,DEF,I,2023-24,60,2
5003,"University Institute of Chemical Technology, North Maharashtra University, Jalgaon",Plastic Technology,PWD,I,2023-24,15,1
5003,"University Institute of Chemical Technology, North Maharashtra University, Jalgaon",Plastic Technology,DEF,I,2023-24,15,1
5003,"University Institute of Chemical Technology, North Maharashtra University, Jalgaon",Oil Fats and Waxes Technology,PWD,I,2023-24,15,1
5003,"University Institute of Chemical Technology, North Maharashtra University, Jalgaon",Oil Fats and Waxes Technology,DEF,I,2023-24,15,1
5003,"University Institute of Chemical Technology, North Maharashtra University, Jalgaon",Paints Technology,PWD,I,2023-24,15,1
5003,"University Institute of Chemical Technology, North Maharashtra University, Jalgaon",Paints Technology,DEF,I,2023-24,15,1
5104,"Shramsadhana Bombay Trust, College of Engineering & Technology, Jalgaon",Civil Engineering,PWD,I,2023-24,60,2
5104,"Shramsadhana Bombay Trust, College of Engineering & Technology, Jalgaon",Civil Engineering,DEF,I,2023-24,60,2
5104,"Shramsadhana Bombay Trust, College of Engineering & Technology, Jalgaon",Computer Engineering,PWD,I,2023-24,180,4
5104,"Shramsadhana Bombay Trust, College of Engineering & Technology, Jalgaon",Computer Engineering,DEF,I,2023-24,180,4
5104,"Shramsadhana Bombay Trust, College of Engineering & Technology, Jalgaon",Electrical Engineering,PWD,I,2023-24,60,2
5104,"Shramsadhana Bombay Trust, College of Engineering & Technology, Jalgaon",Electrical Engineering,DEF,I,2023-24,60,2
5104,"Shramsadhana Bombay Trust, College of Engineering & Technology, Jalgaon",Electronics and Telecommunication Engg,PWD,I,2023-24,30,1
5104,"Shramsadhana Bombay Trust, College of Engineering & Technology, Jalgaon",Electronics and Telecommunication Engg,DEF,I,2023-24,30,1
5104,"Shramsadhana Bombay Trust, College of Engineering & Technology, Jalgaon",Chemical Engineering,PWD,I,2023-24,30,1
5104,"Shramsadhana Bombay Trust, College of Engineering & Technology, Jalgaon",Chemical Engineering,DEF,I,2023-24,30,1
5104,"Shramsadhana Bombay Trust, College of Engineering & Technology, Jalgaon",Mechanical Engineering,PWD,I,2023-24,30,1
5104,"Shramsadhana Bombay Trust, College of Engineering & Technology, Jalgaon",Mechanical Engineering,DEF,I,2023-24,30,1
5169,"Nagaon Education Society's Gangamai College of Engineering, Nagaon, Tal Dist Dhule",Civil Engineering,PWD,I,2023-24,30,1
5169,"Nagaon Education Society's Gangamai College of Engineering, Nagaon, Tal Dist Dhule",Civil Engineering,DEF,I,2023-24,30,1
5169,"Nagaon Education Society's Gangamai College of Engineering, Nagaon, Tal Dist Dhule",Computer Engineering,PWD,I,2023-24,60,1
5169,"Nagaon Education Society's Gangamai College of Engineering, Nagaon, Tal Dist Dhule",Computer Engineering,DEF,I,2023-24,60,1
5169,"Nagaon Education Society's Gangamai College of Engineering, Nagaon, Tal Dist Dhule",Electrical Engineering,PWD,I,2023-24,60,2
5169,"Nagaon Education Society's Gangamai College of Engineering, Nagaon, Tal Dist Dhule",Electrical Engineering,DEF,I,2023-24,60,2
5169,"Nagaon Education Society's Gangamai College of Engineering, Nagaon, Tal Dist Dhule",Electronics and Telecommunication Engg,PWD,I,2023-24,60,2
5169,"Nagaon Education Society's Gangamai College of Engineering, Nagaon, Tal Dist Dhule",Electronics and Telecommunication Engg,DEF,I,2023-24,60,2
5169,"Nagaon Education Society's Gangamai College of Engineering, Nagaon, Tal Dist Dhule",Mechanical Engineering,PWD,I,2023-24,60,2
5169,"Nagaon Education Society's Gangamai College of Engineering, Nagaon, Tal Dist Dhule",Mechanical Engineering,DEF,I,2023-24,60,2
5322,"Jamia Institute Of Engineering And Management Studies, Akkalkuwa",Civil Engineering,PWD,I,2023-24,60,0
5322,"Jamia Institute Of Engineering And Management Studies, Akkalkuwa",Civil Engineering,DEF,I,2023-24,60,0
5322,"Jamia Institute Of Engineering And Management Studies, Akkalkuwa",Electrical Engineering,PWD,I,2023-24,30,0
5322,"Jamia Institute Of Engineering And Management Studies, Akkalkuwa",Electrical Engineering,DEF,I,2023-24,30,0
5322,"Jamia Institute Of Engineering And Management Studies, Akkalkuwa",Mechanical Engineering,PWD,I,2023-24,30,0
5322,"Jamia Institute Of Engineering And Management Studies, Akkalkuwa",Mechanical Engineering,DEF,I,2023-24,30,0
5381,"Shri. Jaykumar Rawal Institute of Technology, Dondaicha.",Civil Engineering,PWD,I,2023-24,60,2
5381,"Shri. Jaykumar Rawal Institute of Technology, Dondaicha.",Civil Engineering,DEF,I,2023-24,60,2
5381,"Shri. Jaykumar Rawal Institute of Technology, Dondaicha.",Computer Science and Engineering,PWD,I,2023-24,60,1
5381,"Shri. Jaykumar Rawal Institute of Technology, Dondaicha.",Computer Science and Engineering,DEF,I,2023-24,60,1
5381,"Shri. Jaykumar Rawal Institute of Technology, Dondaicha.",Electrical Engineering,PWD,I,2023-24,60,2
5381,"Shri. Jaykumar Rawal Institute of Technology, Dondaicha.",Electrical Engineering,DEF,I,2023-24,60,2
5381,"Shri. Jaykumar Rawal Institute of Technology, Dondaicha.",Mechanical Engineering,PWD,I,2023-24,60,2
5381,"Shri. Jaykumar Rawal Institute of Technology, Dondaicha.",Mechanical Engineering,DEF,I,2023-24,60,2
3135,"Manjara Charitable Trust's Rajiv Gandhi Institute of Technology, Mumbai",Computer Engineering,PWD,I,2023-24,120,2
3135,"Manjara Charitable Trust's Rajiv Gandhi Institute of Technology, Mumbai",Computer Engineering,DEF,I,2023-24,120,2
3135,"Manjara Charitable Trust's Rajiv Gandhi Institute of Technology, Mumbai",Information Technology,PWD,I,2023-24,60,1
3135,"Manjara Charitable Trust's Rajiv Gandhi Institute of Technology, Mumbai",Information Technology,DEF,I,2023-24,60,1
3135,"Manjara Charitable Trust's Rajiv Gandhi Institute of Technology, Mumbai",Electronics and Telecommunication Engg,PWD,I,2023-24,120,2
3135,"Manjara Charitable Trust's Rajiv Gandhi Institute of Technology, Mumbai",Electronics and Telecommunication Engg,DEF,I,2023-24,120,2
3135,"Manjara Charitable Trust's Rajiv Gandhi Institute of Technology, Mumbai",Mechanical Engineering,PWD,I,2023-24,120,2
3135,"Manjara Charitable Trust's Rajiv Gandhi Institute of Technology, Mumbai",Mechanical Engineering,DEF,I,2023-24,120,2
3135,"Manjara Charitable Trust's Rajiv Gandhi Institute of Technology, Mumbai",Artificial Intelligence and Data Science,PWD,I,2023-24,60,1
3135,"Manjara Charitable Trust's Rajiv Gandhi Institute of Technology, Mumbai",Artificial Intelligence and Data Science,DEF,I,2023-24,60,1
3146,"Jawahar Education Society's Annasaheb Chudaman Patil College of Engineering,Kharghar, Navi Mumbai",Computer Engineering,PWD,I,2023-24,60,1
3146,"Jawahar Education Society's Annasaheb Chudaman Patil College of Engineering,Kharghar, Navi Mumbai",Computer Engineering,DEF,I,2023-24,60,1
3146,"Jawahar Education Society's Annasaheb Chudaman Patil College of Engineering,Kharghar, Navi Mumbai",Information Technology,PWD,I,2023-24,60,1
3146,"Jawahar Education Society's Annasaheb Chudaman Patil College of Engineering,Kharghar, Navi Mumbai",Information Technology,DEF,I,2023-24,60,1
3146,"Jawahar Education Society's Annasaheb Chudaman Patil College of Engineering,Kharghar, Navi Mumbai",Electrical Engineering,PWD,I,2023-24,90,2
3146,"Jawahar Education Society's Annasaheb Chudaman Patil College of Engineering,Kharghar, Navi Mumbai",Electrical Engineering,DEF,I,2023-24,90,2
3146,"Jawahar Education Society's Annasaheb Chudaman Patil College of Engineering,Kharghar, Navi Mumbai",Electronics and Telecommunication Engg,PWD,I,2023-24,60,1
3146,"Jawahar Education Society's Annasaheb Chudaman Patil College of Engineering,Kharghar, Navi Mumbai",Electronics and Telecommunication Engg,DEF,I,2023-24,60,1
3146,"Jawahar Education Society's Annasaheb Chudaman Patil College of Engineering,Kharghar, Navi Mumbai",Mechanical Engineering,PWD,I,2023-24,60,1
3146,"Jawahar Education Society's Annasaheb Chudaman Patil College of Engineering,Kharghar, Navi Mumbai",Mechanical Engineering,DEF,I,2023-24,60,1
3146,"Jawahar Education Society's Annasaheb Chudaman Patil College of Engineering,Kharghar, Navi Mumbai",Computer Science and Engineering (Internet of,PWD,I,2023-24,60,1
3146,"Jawahar Education Society's Annasaheb Chudaman Patil College of Engineering,Kharghar, Navi Mumbai",Computer Science and Engineering (Internet of,DEF,I,2023-24,60,1
3146,"Jawahar Education Society's Annasaheb Chudaman Patil College of Engineering,Kharghar, Navi Mumbai",Artificial Intelligence and Data Science,PWD,I,2023-24,60,1
3146,"Jawahar Education Society's Annasaheb Chudaman Patil College of Engineering,Kharghar, Navi Mumbai",Artificial Intelligence and Data Science,DEF,I,2023-24,60,1
3147,"Saraswati Education Society, Yadavrao Tasgaonkar Institute of Engineering & Technology, Karjat",Civil Engineering,PWD,I,2023-24,30,1
3147,"Saraswati Education Society, Yadavrao Tasgaonkar Institute of Engineering & Technology, Karjat",Civil Engineering,DEF,I,2023-24,30,1
3147,"Saraswati Education Society, Yadavrao Tasgaonkar Institute of Engineering & Technology, Karjat",Computer Engineering,PWD,I,2023-24,60,1
3147,"Saraswati Education Society, Yadavrao Tasgaonkar Institute of Engineering & Technology, Karjat",Computer Engineering,DEF,I,2023-24,60,1
3147,"Saraswati Education Society, Yadavrao Tasgaonkar Institute of Engineering & Technology, Karjat",Information Technology,PWD,I,2023-24,60,1
3147,"Saraswati Education Society, Yadavrao Tasgaonkar Institute of Engineering & Technology, Karjat",Information Technology,DEF,I,2023-24,60,1
3147,"Saraswati Education Society, Yadavrao Tasgaonkar Institute of Engineering & Technology, Karjat",Electrical Engineering,PWD,I,2023-24,30,1
3147,"Saraswati Education Society, Yadavrao Tasgaonkar Institute of Engineering & Technology, Karjat",Electrical Engineering,DEF,I,2023-24,30,1
3147,"Saraswati Education Society, Yadavrao Tasgaonkar Institute of Engineering & Technology, Karjat",Mechanical Engineering,PWD,I,2023-24,60,2
3147,"Saraswati Education Society, Yadavrao Tasgaonkar Institute of Engineering & Technology, Karjat",Mechanical Engineering,DEF,I,2023-24,60,2
3147,"Saraswati Education Society, Yadavrao Tasgaonkar Institute of Engineering & Technology, Karjat",Data Science,PWD,I,2023-24,30,1
3147,"Saraswati Education Society, Yadavrao Tasgaonkar Institute of Engineering & Technology, Karjat",Data Science,DEF,I,2023-24,30,1
3147,"Saraswati Education Society, Yadavrao Tasgaonkar Institute of Engineering & Technology, Karjat",Artificial Intelligence and Machine Learning,PWD,I,2023-24,30,1
3147,"Saraswati Education Society, Yadavrao Tasgaonkar Institute of Engineering & Technology, Karjat",Artificial Intelligence and Machine Learning,DEF,I,2023-24,30,1
3148,"Mahavir Education Trust's Shah & Anchor Kutchhi Engineering College, Mumbai",Computer Engineering,PWD,I,2023-24,180,0
3148,"Mahavir Education Trust's Shah & Anchor Kutchhi Engineering College, Mumbai",Computer Engineering,DEF,I,2023-24,180,0
3148,"Mahavir Education Trust's Shah & Anchor Kutchhi Engineering College, Mumbai",Information Technology,PWD,I,2023-24,120,0
3148,"Mahavir Education Trust's Shah & Anchor Kutchhi Engineering College, Mumbai",Information Technology,DEF,I,2023-24,120,0
3148,"Mahavir Education Trust's Shah & Anchor Kutchhi Engineering College, Mumbai",Cyber Security,PWD,I,2023-24,60,0
3148,"Mahavir Education Trust's Shah & Anchor Kutchhi Engineering College, Mumbai",Cyber Security,DEF,I,2023-24,60,0
3148,"Mahavir Education Trust's Shah & Anchor Kutchhi Engineering College, Mumbai",Electronics and Telecommunication Engg,PWD,I,2023-24,60,0
3148,"Mahavir Education Trust's Shah & Anchor Kutchhi Engineering College, Mumbai",Electronics and Telecommunication Engg,DEF,I,2023-24,60,0
3148,"Mahavir Education Trust's Shah & Anchor Kutchhi Engineering College, Mumbai",Electronics Engineering ( VLSI Design and,PWD,I,2023-24,60,0
3148,"Mahavir Education Trust's Shah & Anchor Kutchhi Engineering College, Mumbai",Electronics Engineering ( VLSI Design and,DEF,I,2023-24,60,0
3148,"Mahavir Education Trust's Shah & Anchor Kutchhi Engineering College, Mumbai",Electronics and Computer Science,PWD,I,2023-24,120,0
3148,"Mahavir Education Trust's Shah & Anchor Kutchhi Engineering College, Mumbai",Electronics and Computer Science,DEF,I,2023-24,120,0
3148,"Mahavir Education Trust's Shah & Anchor Kutchhi Engineering College, Mumbai",Electronics and Communication(Advanced,PWD,I,2023-24,60,0
3148,"Mahavir Education Trust's Shah & Anchor Kutchhi Engineering College, Mumbai",Electronics and Communication(Advanced,DEF,I,2023-24,60,0
3148,"Mahavir Education Trust's Shah & Anchor Kutchhi Engineering College, Mumbai",Artificial Intelligence and Data Science,PWD,I,2023-24,60,0
3148,"Mahavir Education Trust's Shah & Anchor Kutchhi Engineering College, Mumbai",Artificial Intelligence and Data Science,DEF,I,2023-24,60,0
3154,"Saraswati Education Society's Saraswati College of Engineering,Kharghar Navi Mumbai",Civil Engineering,PWD,I,2023-24,180,4
3154,"Saraswati Education Society's Saraswati College of Engineering,Kharghar Navi Mumbai",Civil Engineering,DEF,I,2023-24,180,4
3154,"Saraswati Education Society's Saraswati College of Engineering,Kharghar Navi Mumbai",Computer Engineering,PWD,I,2023-24,120,2
3154,"Saraswati Education Society's Saraswati College of Engineering,Kharghar Navi Mumbai",Computer Engineering,DEF,I,2023-24,120,2
3154,"Saraswati Education Society's Saraswati College of Engineering,Kharghar Navi Mumbai",Information Technology,PWD,I,2023-24,60,1
3154,"Saraswati Education Society's Saraswati College of Engineering,Kharghar Navi Mumbai",Information Technology,DEF,I,2023-24,60,1
3154,"Saraswati Education Society's Saraswati College of Engineering,Kharghar Navi Mumbai",Automobile Engineering,PWD,I,2023-24,60,1
3154,"Saraswati Education Society's Saraswati College of Engineering,Kharghar Navi Mumbai",Automobile Engineering,DEF,I,2023-24,60,1
3154,"Saraswati Education Society's Saraswati College of Engineering,Kharghar Navi Mumbai",Mechanical Engineering,PWD,I,2023-24,60,1
3154,"Saraswati Education Society's Saraswati College of Engineering,Kharghar Navi Mumbai",Mechanical Engineering,DEF,I,2023-24,60,1
3154,"Saraswati Education Society's Saraswati College of Engineering,Kharghar Navi Mumbai",Computer Science and Engineering(Artificial,PWD,I,2023-24,60,1
3154,"Saraswati Education Society's Saraswati College of Engineering,Kharghar Navi Mumbai",Computer Science and Engineering(Artificial,DEF,I,2023-24,60,1
3154,"Saraswati Education Society's Saraswati College of Engineering,Kharghar Navi Mumbai",Computer Science and Engineering(Data Science),PWD,I,2023-24,60,1
3154,"Saraswati Education Society's Saraswati College of Engineering,Kharghar Navi Mumbai",Computer Science and Engineering(Data Science),DEF,I,2023-24,60,1
3175,"M.G.M.'s College of Engineering and Technology, Kamothe, Navi Mumbai",Civil Engineering,PWD,I,2023-24,60,2
3175,"M.G.M.'s College of Engineering and Technology, Kamothe, Navi Mumbai",Civil Engineering,DEF,I,2023-24,60,2
3175,"M.G.M.'s College of Engineering and Technology, Kamothe, Navi Mumbai",Computer Engineering,PWD,I,2023-24,120,2
3175,"M.G.M.'s College of Engineering and Technology, Kamothe, Navi Mumbai",Computer Engineering,DEF,I,2023-24,120,2
3175,"M.G.M.'s College of Engineering and Technology, Kamothe, Navi Mumbai",Information Technology,PWD,I,2023-24,60,1
3175,"M.G.M.'s College of Engineering and Technology, Kamothe, Navi Mumbai",Information Technology,DEF,I,2023-24,60,1
3175,"M.G.M.'s College of Engineering and Technology, Kamothe, Navi Mumbai",Electrical Engineering,PWD,I,2023-24,60,2
3175,"M.G.M.'s College of Engineering and Technology, Kamothe, Navi Mumbai",Electrical Engineering,DEF,I,2023-24,60,2
3175,"M.G.M.'s College of Engineering and Technology, Kamothe, Navi Mumbai",Electronics and Telecommunication Engg,PWD,I,2023-24,60,2
3175,"M.G.M.'s College of Engineering and Technology, Kamothe, Navi Mumbai",Electronics and Telecommunication Engg,DEF,I,2023-24,60,2
3175,"M.G.M.'s College of Engineering and Technology, Kamothe, Navi Mumbai",Bio Medical Engineering,PWD,I,2023-24,30,1
3175,"M.G.M.'s College of Engineering and Technology, Kamothe, Navi Mumbai",Bio Medical Engineering,DEF,I,2023-24,30,1
3175,"M.G.M.'s College of Engineering and Technology, Kamothe, Navi Mumbai",Chemical Engineering,PWD,I,2023-24,60,2
3175,"M.G.M.'s College of Engineering and Technology, Kamothe, Navi Mumbai",Chemical Engineering,DEF,I,2023-24,60,2
3175,"M.G.M.'s College of Engineering and Technology, Kamothe, Navi Mumbai",Mechanical Engineering,PWD,I,2023-24,60,2
3175,"M.G.M.'s College of Engineering and Technology, Kamothe, Navi Mumbai",Mechanical Engineering,DEF,I,2023-24,60,2
3175,"M.G.M.'s College of Engineering and Technology, Kamothe, Navi Mumbai",Computer Science and Engineering(Artificial,PWD,I,2023-24,60,1
3175,"M.G.M.'s College of Engineering and Technology, Kamothe, Navi Mumbai",Computer Science and Engineering(Artificial,DEF,I,2023-24,60,1
3175,"M.G.M.'s College of Engineering and Technology, Kamothe, Navi Mumbai",Computer Science and Engineering(Data Science),PWD,I,2023-24,60,1
3175,"M.G.M.'s College of Engineering and Technology, Kamothe, Navi Mumbai",Computer Science and Engineering(Data Science),DEF,I,2023-24,60,1
3182,"Thadomal Shahani Engineering College, Bandra, Mumbai",Computer Engineering,PWD,I,2023-24,180,0
3182,"Thadomal Shahani Engineering College, Bandra, Mumbai",Computer Engineering,DEF,I,2023-24,180,0
3182,"Thadomal Shahani Engineering College, Bandra, Mumbai",Information Technology,PWD,I,2023-24,120,0
3182,"Thadomal Shahani Engineering College, Bandra, Mumbai",Information Technology,DEF,I,2023-24,120,0
3182,"Thadomal Shahani Engineering College, Bandra, Mumbai",Electronics and Telecommunication Engg,PWD,I,2023-24,60,0
3182,"Thadomal Shahani Engineering College, Bandra, Mumbai",Electronics and Telecommunication Engg,DEF,I,2023-24,60,0
3182,"Thadomal Shahani Engineering College, Bandra, Mumbai",Chemical Engineering,PWD,I,2023-24,60,0
3182,"Thadomal Shahani Engineering College, Bandra, Mumbai",Chemical Engineering,DEF,I,2023-24,60,0
3182,"Thadomal Shahani Engineering College, Bandra, Mumbai",Artificial Intelligence and Data Science,PWD,I,2023-24,120,0
3182,"Thadomal Shahani Engineering College, Bandra, Mumbai",Artificial Intelligence and Data Science,DEF,I,2023-24,120,0
3183,"Anjuman-I-Islam's M.H. Saboo Siddik College of Engineering, Byculla, Mumbai",Civil Engineering,PWD,I,2023-24,60,0
3183,"Anjuman-I-Islam's M.H. Saboo Siddik College of Engineering, Byculla, Mumbai",Civil Engineering,DEF,I,2023-24,60,0
3183,"Anjuman-I-Islam's M.H. Saboo Siddik College of Engineering, Byculla, Mumbai",Computer Engineering,PWD,I,2023-24,60,0
3183,"Anjuman-I-Islam's M.H. Saboo Siddik College of Engineering, Byculla, Mumbai",Computer Engineering,DEF,I,2023-24,60,0
3183,"Anjuman-I-Islam's M.H. Saboo Siddik College of Engineering, Byculla, Mumbai",Information Technology,PWD,I,2023-24,60,0
3183,"Anjuman-I-Islam's M.H. Saboo Siddik College of Engineering, Byculla, Mumbai",Information Technology,DEF,I,2023-24,60,0
3183,"Anjuman-I-Islam's M.H. Saboo Siddik College of Engineering, Byculla, Mumbai",Electronics and Telecommunication Engg,PWD,I,2023-24,60,0
3183,"Anjuman-I-Islam's M.H. Saboo Siddik College of Engineering, Byculla, Mumbai",Electronics and Telecommunication Engg,DEF,I,2023-24,60,0
3183,"Anjuman-I-Islam's M.H. Saboo Siddik College of Engineering, Byculla, Mumbai",Mechanical Engineering,PWD,I,2023-24,60,0
3183,"Anjuman-I-Islam's M.H. Saboo Siddik College of Engineering, Byculla, Mumbai",Mechanical Engineering,DEF,I,2023-24,60,0
3183,"Anjuman-I-Islam's M.H. Saboo Siddik College of Engineering, Byculla, Mumbai",Computer Science and Engineering(Artificial,PWD,I,2023-24,60,0
3183,"Anjuman-I-Islam's M.H. Saboo Siddik College of Engineering, Byculla, Mumbai",Computer Science and Engineering(Artificial,DEF,I,2023-24,60,0
3183,"Anjuman-I-Islam's M.H. Saboo Siddik College of Engineering, Byculla, Mumbai",Computer Science and Engineering (Internet of,PWD,I,2023-24,60,0
3183,"Anjuman-I-Islam's M.H. Saboo Siddik College of Engineering, Byculla, Mumbai",Computer Science and Engineering (Internet of,DEF,I,2023-24,60,0
3184,"Fr. Conceicao Rodrigues College of Engineering, Bandra,Mumbai",Computer Engineering,PWD,I,2023-24,120,0
3184,"Fr. Conceicao Rodrigues College of Engineering, Bandra,Mumbai",Computer Engineering,DEF,I,2023-24,120,0
3184,"Fr. Conceicao Rodrigues College of Engineering, Bandra,Mumbai",Mechanical Engineering,PWD,I,2023-24,60,0
3184,"Fr. Conceicao Rodrigues College of Engineering, Bandra,Mumbai",Mechanical Engineering,DEF,I,2023-24,60,0
3184,"Fr. Conceicao Rodrigues College of Engineering, Bandra,Mumbai",Electronics and Computer Science,PWD,I,2023-24,60,0
3184,"Fr. Conceicao Rodrigues College of Engineering, Bandra,Mumbai",Electronics and Computer Science,DEF,I,2023-24,60,0
3184,"Fr. Conceicao Rodrigues College of Engineering, Bandra,Mumbai",Artificial Intelligence and Data Science,PWD,I,2023-24,60,0
3184,"Fr. Conceicao Rodrigues College of Engineering, Bandra,Mumbai",Artificial Intelligence and Data Science,DEF,I,2023-24,60,0
3187,"N.Y.S.S.'s Datta Meghe College of Engineering, Airoli, Navi Mumbai",Civil Engineering,PWD,I,2023-24,120,2
3187,"N.Y.S.S.'s Datta Meghe College of Engineering, Airoli, Navi Mumbai",Civil Engineering,DEF,I,2023-24,120,2
3187,"N.Y.S.S.'s Datta Meghe College of Engineering, Airoli, Navi Mumbai",Computer Engineering,PWD,I,2023-24,120,2
3187,"N.Y.S.S.'s Datta Meghe College of Engineering, Airoli, Navi Mumbai",Computer Engineering,DEF,I,2023-24,120,2
3187,"N.Y.S.S.'s Datta Meghe College of Engineering, Airoli, Navi Mumbai",Information Technology,PWD,I,2023-24,120,2
3187,"N.Y.S.S.'s Datta Meghe College of Engineering, Airoli, Navi Mumbai",Information Technology,DEF,I,2023-24,120,2
3187,"N.Y.S.S.'s Datta Meghe College of Engineering, Airoli, Navi Mumbai",Electronics and Telecommunication Engg,PWD,I,2023-24,60,1
3187,"N.Y.S.S.'s Datta Meghe College of Engineering, Airoli, Navi Mumbai",Electronics and Telecommunication Engg,DEF,I,2023-24,60,1
3187,"N.Y.S.S.'s Datta Meghe College of Engineering, Airoli, Navi Mumbai",Chemical Engineering,PWD,I,2023-24,60,1
3187,"N.Y.S.S.'s Datta Meghe College of Engineering, Airoli, Navi Mumbai",Chemical Engineering,DEF,I,2023-24,60,1
3187,"N.Y.S.S.'s Datta Meghe College of Engineering, Airoli, Navi Mumbai",Mechanical Engineering,PWD,I,2023-24,60,1
3187,"N.Y.S.S.'s Datta Meghe College of Engineering, Airoli, Navi Mumbai",Mechanical Engineering,DEF,I,2023-24,60,1
3187,"N.Y.S.S.'s Datta Meghe College of Engineering, Airoli, Navi Mumbai",Civil and infrastructure Engineering,PWD,I,2023-24,60,1
3187,"N.Y.S.S.'s Datta Meghe College of Engineering, Airoli, Navi Mumbai",Civil and infrastructure Engineering,DEF,I,2023-24,60,1
3187,"N.Y.S.S.'s Datta Meghe College of Engineering, Airoli, Navi Mumbai",Artificial Intelligence and Data Science,PWD,I,2023-24,120,2
3187,"N.Y.S.S.'s Datta Meghe College of Engineering, Airoli, Navi Mumbai",Artificial Intelligence and Data Science,DEF,I,2023-24,120,2
3188,"Vasantdada Patil Pratishthan's College Of Engineering and Visual Arts, Sion, Mumbai",Computer Engineering,PWD,I,2023-24,120,2
3188,"Vasantdada Patil Pratishthan's College Of Engineering and Visual Arts, Sion, Mumbai",Computer Engineering,DEF,I,2023-24,120,2
3188,"Vasantdada Patil Pratishthan's College Of Engineering and Visual Arts, Sion, Mumbai",Information Technology,PWD,I,2023-24,120,2
3188,"Vasantdada Patil Pratishthan's College Of Engineering and Visual Arts, Sion, Mumbai",Information Technology,DEF,I,2023-24,120,2
3188,"Vasantdada Patil Pratishthan's College Of Engineering and Visual Arts, Sion, Mumbai",Artificial Intelligence (AI) and Data Science,PWD,I,2023-24,60,1
3188,"Vasantdada Patil Pratishthan's College Of Engineering and Visual Arts, Sion, Mumbai",Artificial Intelligence (AI) and Data Science,DEF,I,2023-24,60,1
3189,"Bharati Vidyapeeth College of Engineering, Navi Mumbai",Computer Engineering,PWD,I,2023-24,60,1
3189,"Bharati Vidyapeeth College of Engineering, Navi Mumbai",Computer Engineering,DEF,I,2023-24,60,1
3189,"Bharati Vidyapeeth College of Engineering, Navi Mumbai",Information Technology,PWD,I,2023-24,60,1
3189,"Bharati Vidyapeeth College of Engineering, Navi Mumbai",Information Technology,DEF,I,2023-24,60,1
3189,"Bharati Vidyapeeth College of Engineering, Navi Mumbai",Electronics and Telecommunication Engg,PWD,I,2023-24,120,3
3189,"Bharati Vidyapeeth College of Engineering, Navi Mumbai",Electronics and Telecommunication Engg,DEF,I,2023-24,120,3
3189,"Bharati Vidyapeeth College of Engineering, Navi Mumbai",Instrumentation Engineering,PWD,I,2023-24,60,2
3189,"Bharati Vidyapeeth College of Engineering, Navi Mumbai",Instrumentation Engineering,DEF,I,2023-24,60,2
3189,"Bharati Vidyapeeth College of Engineering, Navi Mumbai",Chemical Engineering,PWD,I,2023-24,60,1
3189,"Bharati Vidyapeeth College of Engineering, Navi Mumbai",Chemical Engineering,DEF,I,2023-24,60,1
3189,"Bharati Vidyapeeth College of Engineering, Navi Mumbai",Mechanical Engineering,PWD,I,2023-24,120,3
3189,"Bharati Vidyapeeth College of Engineering, Navi Mumbai",Mechanical Engineering,DEF,I,2023-24,120,3
3190,"Terna Engineering College, Nerul, Navi Mumbai",Civil Engineering,PWD,I,2023-24,60,2
3190,"Terna Engineering College, Nerul, Navi Mumbai",Civil Engineering,DEF,I,2023-24,60,2
3190,"Terna Engineering College, Nerul, Navi Mumbai",Computer Engineering,PWD,I,2023-24,180,4
3190,"Terna Engineering College, Nerul, Navi Mumbai",Computer Engineering,DEF,I,2023-24,180,4
3190,"Terna Engineering College, Nerul, Navi Mumbai",Information Technology,PWD,I,2023-24,60,1
3190,"Terna Engineering College, Nerul, Navi Mumbai",Information Technology,DEF,I,2023-24,60,1
3190,"Terna Engineering College, Nerul, Navi Mumbai",Artificial Intelligence (AI) and Data Science,PWD,I,2023-24,60,1
3190,"Terna Engineering College, Nerul, Navi Mumbai",Artificial Intelligence (AI) and Data Science,DEF,I,2023-24,60,1
3190,"Terna Engineering College, Nerul, Navi Mumbai",Electronics and Telecommunication Engg,PWD,I,2023-24,120,2
3190,"Terna Engineering College, Nerul, Navi Mumbai",Electronics and Telecommunication Engg,DEF,I,2023-24,120,2
3190,"Terna Engineering College, Nerul, Navi Mumbai",Electronics Engineering,PWD,I,2023-24,60,1
3190,"Terna Engineering College, Nerul, Navi Mumbai",Electronics Engineering,DEF,I,2023-24,60,1
3190,"Terna Engineering College, Nerul, Navi Mumbai",Mechanical Engineering,PWD,I,2023-24,60,2
3190,"Terna Engineering College, Nerul, Navi Mumbai",Mechanical Engineering,DEF,I,2023-24,60,2
3190,"Terna Engineering College, Nerul, Navi Mumbai",Mechatronics Engineering,PWD,I,2023-24,60,2
3190,"Terna Engineering College, Nerul, Navi Mumbai",Mechatronics Engineering,DEF,I,2023-24,60,2
3192,"Smt. Indira Gandhi College of Engineering, Navi Mumbai",Computer Engineering,PWD,I,2023-24,60,1
3192,"Smt. Indira Gandhi College of Engineering, Navi Mumbai",Computer Engineering,DEF,I,2023-24,60,1
3192,"Smt. Indira Gandhi College of Engineering, Navi Mumbai",Electrical Engineering,PWD,I,2023-24,60,1
3192,"Smt. Indira Gandhi College of Engineering, Navi Mumbai",Electrical Engineering,DEF,I,2023-24,60,1
3192,"Smt. Indira Gandhi College of Engineering, Navi Mumbai",Mechanical Engineering,PWD,I,2023-24,60,1
3192,"Smt. Indira Gandhi College of Engineering, Navi Mumbai",Mechanical Engineering,DEF,I,2023-24,60,1
3192,"Smt. Indira Gandhi College of Engineering, Navi Mumbai",Computer Science and Engineering(Artificial,PWD,I,2023-24,60,1
3192,"Smt. Indira Gandhi College of Engineering, Navi Mumbai",Computer Science and Engineering(Artificial,DEF,I,2023-24,60,1
3192,"Smt. Indira Gandhi College of Engineering, Navi Mumbai",Computer Science and Engineering (Internet of,PWD,I,2023-24,60,1
3192,"Smt. Indira Gandhi College of Engineering, Navi Mumbai",Computer Science and Engineering (Internet of,DEF,I,2023-24,60,1
3192,"Smt. Indira Gandhi College of Engineering, Navi Mumbai",Artificial Intelligence and Data Science,PWD,I,2023-24,60,1
3192,"Smt. Indira Gandhi College of Engineering, Navi Mumbai",Artificial Intelligence and Data Science,DEF,I,2023-24,60,1
3193,"Shivajirao S. Jondhale College of Engineering, Dombivali,Mumbai",Computer Engineering,PWD,I,2023-24,90,2
3193,"Shivajirao S. Jondhale College of Engineering, Dombivali,Mumbai",Computer Engineering,DEF,I,2023-24,90,2
3193,"Shivajirao S. Jondhale College of Engineering, Dombivali,Mumbai",Information Technology,PWD,I,2023-24,40,1
3193,"Shivajirao S. Jondhale College of Engineering, Dombivali,Mumbai",Information Technology,DEF,I,2023-24,40,1
3193,"Shivajirao S. Jondhale College of Engineering, Dombivali,Mumbai",Electronics and Telecommunication Engg,PWD,I,2023-24,60,1
3193,"Shivajirao S. Jondhale College of Engineering, Dombivali,Mumbai",Electronics and Telecommunication Engg,DEF,I,2023-24,60,1
3193,"Shivajirao S. Jondhale College of Engineering, Dombivali,Mumbai",Chemical Engineering,PWD,I,2023-24,60,1
3193,"Shivajirao S. Jondhale College of Engineering, Dombivali,Mumbai",Chemical Engineering,DEF,I,2023-24,60,1
3193,"Shivajirao S. Jondhale College of Engineering, Dombivali,Mumbai",Mechanical Engineering,PWD,I,2023-24,60,1
3193,"Shivajirao S. Jondhale College of Engineering, Dombivali,Mumbai",Mechanical Engineering,DEF,I,2023-24,60,1
3193,"Shivajirao S. Jondhale College of Engineering, Dombivali,Mumbai",Artificial Intelligence and Machine Learning,PWD,I,2023-24,30,1
3193,"Shivajirao S. Jondhale College of Engineering, Dombivali,Mumbai",Artificial Intelligence and Machine Learning,DEF,I,2023-24,30,1
3194,"Vidyavardhini's College of Engineering and Technology, Vasai",Civil Engineering,PWD,I,2023-24,60,1
3194,"Vidyavardhini's College of Engineering and Technology, Vasai",Civil Engineering,DEF,I,2023-24,60,1
3194,"Vidyavardhini's College of Engineering and Technology, Vasai",Computer Engineering,PWD,I,2023-24,180,4
3194,"Vidyavardhini's College of Engineering and Technology, Vasai",Computer Engineering,DEF,I,2023-24,180,4
3194,"Vidyavardhini's College of Engineering and Technology, Vasai",Information Technology,PWD,I,2023-24,60,1
3194,"Vidyavardhini's College of Engineering and Technology, Vasai",Information Technology,DEF,I,2023-24,60,1
3194,"Vidyavardhini's College of Engineering and Technology, Vasai",Electronics and Telecommunication Engg,PWD,I,2023-24,60,1
3194,"Vidyavardhini's College of Engineering and Technology, Vasai",Electronics and Telecommunication Engg,DEF,I,2023-24,60,1
3194,"Vidyavardhini's College of Engineering and Technology, Vasai",Electronics Engineering ( VLSI Design and,PWD,I,2023-24,60,1
3194,"Vidyavardhini's College of Engineering and Technology, Vasai",Electronics Engineering ( VLSI Design and,DEF,I,2023-24,60,1
3194,"Vidyavardhini's College of Engineering and Technology, Vasai",Mechanical Engineering,PWD,I,2023-24,60,1
3194,"Vidyavardhini's College of Engineering and Technology, Vasai",Mechanical Engineering,DEF,I,2023-24,60,1
3194,"Vidyavardhini's College of Engineering and Technology, Vasai",Computer Science and Engineering(Data Science),PWD,I,2023-24,180,5
3194,"Vidyavardhini's College of Engineering and Technology, Vasai",Computer Science and Engineering(Data Science),DEF,I,2023-24,180,5
3194,"Vidyavardhini's College of Engineering and Technology, Vasai",Artificial Intelligence and Data Science,PWD,I,2023-24,60,1
3194,"Vidyavardhini's College of Engineering and Technology, Vasai",Artificial Intelligence and Data Science,DEF,I,2023-24,60,1
3196,"Lokmanya Tilak College of Engineering, Kopar Khairane, Navi Mumbai",Computer Engineering,PWD,I,2023-24,120,0
3196,"Lokmanya Tilak College of Engineering, Kopar Khairane, Navi Mumbai",Computer Engineering,DEF,I,2023-24,120,0
3196,"Lokmanya Tilak College of Engineering, Kopar Khairane, Navi Mumbai",Electrical Engineering,PWD,I,2023-24,60,0
3196,"Lokmanya Tilak College of Engineering, Kopar Khairane, Navi Mumbai",Electrical Engineering,DEF,I,2023-24,60,0
3196,"Lokmanya Tilak College of Engineering, Kopar Khairane, Navi Mumbai",Electronics and Telecommunication Engg,PWD,I,2023-24,60,0
3196,"Lokmanya Tilak College of Engineering, Kopar Khairane, Navi Mumbai",Electronics and Telecommunication Engg,DEF,I,2023-24,60,0
3196,"Lokmanya Tilak College of Engineering, Kopar Khairane, Navi Mumbai",Mechanical Engineering,PWD,I,2023-24,60,0
3196,"Lokmanya Tilak College of Engineering, Kopar Khairane, Navi Mumbai",Mechanical Engineering,DEF,I,2023-24,60,0
3196,"Lokmanya Tilak College of Engineering, Kopar Khairane, Navi Mumbai",Computer Science and Engineering(Artificial,PWD,I,2023-24,120,0
3196,"Lokmanya Tilak College of Engineering, Kopar Khairane, Navi Mumbai",Computer Science and Engineering(Artificial,DEF,I,2023-24,120,0
3196,"Lokmanya Tilak College of Engineering, Kopar Khairane, Navi Mumbai",Computer Science and Engineering(Data Science),PWD,I,2023-24,60,0
3196,"Lokmanya Tilak College of Engineering, Kopar Khairane, Navi Mumbai",Computer Science and Engineering(Data Science),DEF,I,2023-24,60,0
3196,"Lokmanya Tilak College of Engineering, Kopar Khairane, Navi Mumbai",Computer Science and Engineering (Internet of,PWD,I,2023-24,60,0
3196,"Lokmanya Tilak College of Engineering, Kopar Khairane, Navi Mumbai",Computer Science and Engineering (Internet of,DEF,I,2023-24,60,0
3197,"Agnel Charities' FR. C. Rodrigues Institute of Technology, Vashi, Navi Mumbai",Computer Engineering,PWD,I,2023-24,120,0
3197,"Agnel Charities' FR. C. Rodrigues Institute of Technology, Vashi, Navi Mumbai",Computer Engineering,DEF,I,2023-24,120,0
3197,"Agnel Charities' FR. C. Rodrigues Institute of Technology, Vashi, Navi Mumbai",Information Technology,PWD,I,2023-24,60,0
3197,"Agnel Charities' FR. C. Rodrigues Institute of Technology, Vashi, Navi Mumbai",Information Technology,DEF,I,2023-24,60,0
3197,"Agnel Charities' FR. C. Rodrigues Institute of Technology, Vashi, Navi Mumbai",Electrical Engineering,PWD,I,2023-24,60,0
3197,"Agnel Charities' FR. C. Rodrigues Institute of Technology, Vashi, Navi Mumbai",Electrical Engineering,DEF,I,2023-24,60,0
3197,"Agnel Charities' FR. C. Rodrigues Institute of Technology, Vashi, Navi Mumbai",Electronics and Telecommunication Engg,PWD,I,2023-24,60,0
3197,"Agnel Charities' FR. C. Rodrigues Institute of Technology, Vashi, Navi Mumbai",Electronics and Telecommunication Engg,DEF,I,2023-24,60,0
3197,"Agnel Charities' FR. C. Rodrigues Institute of Technology, Vashi, Navi Mumbai",Mechanical Engineering,PWD,I,2023-24,120,0
3197,"Agnel Charities' FR. C. Rodrigues Institute of Technology, Vashi, Navi Mumbai",Mechanical Engineering,DEF,I,2023-24,120,0
3198,"Konkan Gyanpeeth College of Engineering, Karjat",Computer Science and Engineering,PWD,I,2023-24,60,2
3198,"Konkan Gyanpeeth College of Engineering, Karjat",Computer Science and Engineering,DEF,I,2023-24,60,2
3198,"Konkan Gyanpeeth College of Engineering, Karjat",Computer Engineering,PWD,I,2023-24,60,2
3198,"Konkan Gyanpeeth College of Engineering, Karjat",Computer Engineering,DEF,I,2023-24,60,2
3198,"Konkan Gyanpeeth College of Engineering, Karjat",Information Technology,PWD,I,2023-24,60,2
3198,"Konkan Gyanpeeth College of Engineering, Karjat",Information Technology,DEF,I,2023-24,60,2
3198,"Konkan Gyanpeeth College of Engineering, Karjat",Mechanical Engineering,PWD,I,2023-24,60,2
3198,"Konkan Gyanpeeth College of Engineering, Karjat",Mechanical Engineering,DEF,I,2023-24,60,2
3198,"Konkan Gyanpeeth College of Engineering, Karjat",Artificial Intelligence and Data Science,PWD,I,2023-24,60,2
3198,"Konkan Gyanpeeth College of Engineering, Karjat",Artificial Intelligence and Data Science,DEF,I,2023-24,60,2
3200,"Hope Foundation and research center's Finolex Academy of Management and Technology, Ratnagiri",Information Technology,PWD,I,2023-24,60,1
3200,"Hope Foundation and research center's Finolex Academy of Management and Technology, Ratnagiri",Information Technology,DEF,I,2023-24,60,1
3200,"Hope Foundation and research center's Finolex Academy of Management and Technology, Ratnagiri",Electrical Engineering,PWD,I,2023-24,60,1
3200,"Hope Foundation and research center's Finolex Academy of Management and Technology, Ratnagiri",Electrical Engineering,DEF,I,2023-24,60,1
3200,"Hope Foundation and research center's Finolex Academy of Management and Technology, Ratnagiri",Electronics and Telecommunication Engg,PWD,I,2023-24,60,1
3200,"Hope Foundation and research center's Finolex Academy of Management and Technology, Ratnagiri",Electronics and Telecommunication Engg,DEF,I,2023-24,60,1
3200,"Hope Foundation and research center's Finolex Academy of Management and Technology, Ratnagiri",Chemical Engineering,PWD,I,2023-24,30,1
3200,"Hope Foundation and research center's Finolex Academy of Management and Technology, Ratnagiri",Chemical Engineering,DEF,I,2023-24,30,1
3200,"Hope Foundation and research center's Finolex Academy of Management and Technology, Ratnagiri",Mechanical Engineering,PWD,I,2023-24,90,2
3200,"Hope Foundation and research center's Finolex Academy of Management and Technology, Ratnagiri",Mechanical Engineering,DEF,I,2023-24,90,2
3200,"Hope Foundation and research center's Finolex Academy of Management and Technology, Ratnagiri",Computer Science and Engineering(Artificial,PWD,I,2023-24,60,1
3200,"Hope Foundation and research center's Finolex Academy of Management and Technology, Ratnagiri",Computer Science and Engineering(Artificial,DEF,I,2023-24,60,1
3201,"Rizvi Education Society's Rizvi College of Engineering, Bandra,Mumbai",Civil Engineering,PWD,I,2023-24,60,0
3201,"Rizvi Education Society's Rizvi College of Engineering, Bandra,Mumbai",Civil Engineering,DEF,I,2023-24,60,0
3201,"Rizvi Education Society's Rizvi College of Engineering, Bandra,Mumbai",Computer Engineering,PWD,I,2023-24,120,0
3201,"Rizvi Education Society's Rizvi College of Engineering, Bandra,Mumbai",Computer Engineering,DEF,I,2023-24,120,0
3201,"Rizvi Education Society's Rizvi College of Engineering, Bandra,Mumbai",Mechanical Engineering,PWD,I,2023-24,60,0
3201,"Rizvi Education Society's Rizvi College of Engineering, Bandra,Mumbai",Mechanical Engineering,DEF,I,2023-24,60,0
3201,"Rizvi Education Society's Rizvi College of Engineering, Bandra,Mumbai",Electronics and Computer Science,PWD,I,2023-24,60,0
3201,"Rizvi Education Society's Rizvi College of Engineering, Bandra,Mumbai",Electronics and Computer Science,DEF,I,2023-24,60,0
3201,"Rizvi Education Society's Rizvi College of Engineering, Bandra,Mumbai",Artificial Intelligence and Data Science,PWD,I,2023-24,60,0
3201,"Rizvi Education Society's Rizvi College of Engineering, Bandra,Mumbai",Artificial Intelligence and Data Science,DEF,I,2023-24,60,0
3202,Rajendra Mane College of Engineering & Technology Ambav Deorukh,Computer Engineering,PWD,I,2023-24,60,1
3202,Rajendra Mane College of Engineering & Technology Ambav Deorukh,Computer Engineering,DEF,I,2023-24,60,1
3202,Rajendra Mane College of Engineering & Technology Ambav Deorukh,Automobile Engineering,PWD,I,2023-24,30,1
3202,Rajendra Mane College of Engineering & Technology Ambav Deorukh,Automobile Engineering,DEF,I,2023-24,30,1
3202,Rajendra Mane College of Engineering & Technology Ambav Deorukh,Mechanical Engineering,PWD,I,2023-24,60,2
3202,Rajendra Mane College of Engineering & Technology Ambav Deorukh,Mechanical Engineering,DEF,I,2023-24,60,2
3202,Rajendra Mane College of Engineering & Technology Ambav Deorukh,Electronics and Computer Science,PWD,I,2023-24,30,1
3202,Rajendra Mane College of Engineering & Technology Ambav Deorukh,Electronics and Computer Science,DEF,I,2023-24,30,1
3203,"Atharva College of Engineering,Malad(West),Mumbai",Computer Engineering,PWD,I,2023-24,120,2
3203,"Atharva College of Engineering,Malad(West),Mumbai",Computer Engineering,DEF,I,2023-24,120,2
3203,"Atharva College of Engineering,Malad(West),Mumbai",Information Technology,PWD,I,2023-24,120,2
3203,"Atharva College of Engineering,Malad(West),Mumbai",Information Technology,DEF,I,2023-24,120,2
3203,"Atharva College of Engineering,Malad(West),Mumbai",Electrical Engineering,PWD,I,2023-24,60,1
3203,"Atharva College of Engineering,Malad(West),Mumbai",Electrical Engineering,DEF,I,2023-24,60,1
3203,"Atharva College of Engineering,Malad(West),Mumbai",Electronics and Telecommunication Engg,PWD,I,2023-24,120,2
3203,"Atharva College of Engineering,Malad(West),Mumbai",Electronics and Telecommunication Engg,DEF,I,2023-24,120,2
3203,"Atharva College of Engineering,Malad(West),Mumbai",Electronics and Computer Science,PWD,I,2023-24,60,1
3203,"Atharva College of Engineering,Malad(West),Mumbai",Electronics and Computer Science,DEF,I,2023-24,60,1
3204,"St. Francis Institute of Technology,Borivali, Mumbai",Computer Engineering,PWD,I,2023-24,180,0
3204,"St. Francis Institute of Technology,Borivali, Mumbai",Computer Engineering,DEF,I,2023-24,180,0
3204,"St. Francis Institute of Technology,Borivali, Mumbai",Information Technology,PWD,I,2023-24,120,0
3204,"St. Francis Institute of Technology,Borivali, Mumbai",Information Technology,DEF,I,2023-24,120,0
3204,"St. Francis Institute of Technology,Borivali, Mumbai",Electrical Engineering,PWD,I,2023-24,60,0
3204,"St. Francis Institute of Technology,Borivali, Mumbai",Electrical Engineering,DEF,I,2023-24,60,0
3204,"St. Francis Institute of Technology,Borivali, Mumbai",Electronics and Telecommunication Engg,PWD,I,2023-24,120,0
3204,"St. Francis Institute of Technology,Borivali, Mumbai",Electronics and Telecommunication Engg,DEF,I,2023-24,120,0
3204,"St. Francis Institute of Technology,Borivali, Mumbai",Mechanical Engineering,PWD,I,2023-24,60,0
3204,"St. Francis Institute of Technology,Borivali, Mumbai",Mechanical Engineering,DEF,I,2023-24,60,0
3206,"S.S.P.M.'s College of Engineering, Kankavli",Computer Engineering,PWD,I,2023-24,60,1
3206,"S.S.P.M.'s College of Engineering, Kankavli",Computer Engineering,DEF,I,2023-24,60,1
3206,"S.S.P.M.'s College of Engineering, Kankavli",Electrical Engineering,PWD,I,2023-24,30,1
3206,"S.S.P.M.'s College of Engineering, Kankavli",Electrical Engineering,DEF,I,2023-24,30,1
3206,"S.S.P.M.'s College of Engineering, Kankavli",Computer Science,PWD,I,2023-24,30,1
3206,"S.S.P.M.'s College of Engineering, Kankavli",Computer Science,DEF,I,2023-24,30,1
3206,"S.S.P.M.'s College of Engineering, Kankavli",Mechanical Engineering,PWD,I,2023-24,60,2
3206,"S.S.P.M.'s College of Engineering, Kankavli",Mechanical Engineering,DEF,I,2023-24,60,2
3206,"S.S.P.M.'s College of Engineering, Kankavli",Mechatronics Engineering,PWD,I,2023-24,30,1
3206,"S.S.P.M.'s College of Engineering, Kankavli",Mechatronics Engineering,DEF,I,2023-24,30,1
3206,"S.S.P.M.'s College of Engineering, Kankavli",Computer Science and Engineering(Artificial,PWD,I,2023-24,60,1
3206,"S.S.P.M.'s College of Engineering, Kankavli",Computer Science and Engineering(Artificial,DEF,I,2023-24,60,1
3208,"Don Bosco Institute of Technology, Mumbai",Computer Engineering,PWD,I,2023-24,120,0
3208,"Don Bosco Institute of Technology, Mumbai",Computer Engineering,DEF,I,2023-24,120,0
3208,"Don Bosco Institute of Technology, Mumbai",Information Technology,PWD,I,2023-24,60,0
3208,"Don Bosco Institute of Technology, Mumbai",Information Technology,DEF,I,2023-24,60,0
3208,"Don Bosco Institute of Technology, Mumbai",Electronics and Telecommunication Engg,PWD,I,2023-24,60,0
3208,"Don Bosco Institute of Technology, Mumbai",Electronics and Telecommunication Engg,DEF,I,2023-24,60,0
3208,"Don Bosco Institute of Technology, Mumbai",Mechanical Engineering,PWD,I,2023-24,60,0
3208,"Don Bosco Institute of Technology, Mumbai",Mechanical Engineering,DEF,I,2023-24,60,0
3210,"Excelsior Education Society's K.C. College of Engineering and Management Studies and Research, Kopri, Thane (E)",Computer Engineering,PWD,I,2023-24,90,0
3210,"Excelsior Education Society's K.C. College of Engineering and Management Studies and Research, Kopri, Thane (E)",Computer Engineering,DEF,I,2023-24,90,0
3210,"Excelsior Education Society's K.C. College of Engineering and Management Studies and Research, Kopri, Thane (E)",Information Technology,PWD,I,2023-24,60,0
3210,"Excelsior Education Society's K.C. College of Engineering and Management Studies and Research, Kopri, Thane (E)",Information Technology,DEF,I,2023-24,60,0
3210,"Excelsior Education Society's K.C. College of Engineering and Management Studies and Research, Kopri, Thane (E)",Electronics and Telecommunication Engg,PWD,I,2023-24,90,0
3210,"Excelsior Education Society's K.C. College of Engineering and Management Studies and Research, Kopri, Thane (E)",Electronics and Telecommunication Engg,DEF,I,2023-24,90,0
3211,"S.I.E.S. Graduate School of Technology, Nerul, Navi Mumbai",Computer Engineering,PWD,I,2023-24,120,0
3211,"S.I.E.S. Graduate School of Technology, Nerul, Navi Mumbai",Computer Engineering,DEF,I,2023-24,120,0
3211,"S.I.E.S. Graduate School of Technology, Nerul, Navi Mumbai",Information Technology,PWD,I,2023-24,60,0
3211,"S.I.E.S. Graduate School of Technology, Nerul, Navi Mumbai",Information Technology,DEF,I,2023-24,60,0
3211,"S.I.E.S. Graduate School of Technology, Nerul, Navi Mumbai",Electronics and Telecommunication Engg,PWD,I,2023-24,60,0
3211,"S.I.E.S. Graduate School of Technology, Nerul, Navi Mumbai",Electronics and Telecommunication Engg,DEF,I,2023-24,60,0
3211,"S.I.E.S. Graduate School of Technology, Nerul, Navi Mumbai",Mechanical Engineering,PWD,I,2023-24,60,0
3211,"S.I.E.S. Graduate School of Technology, Nerul, Navi Mumbai",Mechanical Engineering,DEF,I,2023-24,60,0
3211,"S.I.E.S. Graduate School of Technology, Nerul, Navi Mumbai",Electronics and Computer Science,PWD,I,2023-24,60,0
3211,"S.I.E.S. Graduate School of Technology, Nerul, Navi Mumbai",Electronics and Computer Science,DEF,I,2023-24,60,0
3211,"S.I.E.S. Graduate School of Technology, Nerul, Navi Mumbai",Computer Science and Engineering (Internet of,PWD,I,2023-24,60,0
3211,"S.I.E.S. Graduate School of Technology, Nerul, Navi Mumbai",Computer Science and Engineering (Internet of,DEF,I,2023-24,60,0
3211,"S.I.E.S. Graduate School of Technology, Nerul, Navi Mumbai",Artificial Intelligence and Machine Learning,PWD,I,2023-24,60,0
3211,"S.I.E.S. Graduate School of Technology, Nerul, Navi Mumbai",Artificial Intelligence and Machine Learning,DEF,I,2023-24,60,0
3211,"S.I.E.S. Graduate School of Technology, Nerul, Navi Mumbai",Artificial Intelligence and Data Science,PWD,I,2023-24,60,0
3211,"S.I.E.S. Graduate School of Technology, Nerul, Navi Mumbai",Artificial Intelligence and Data Science,DEF,I,2023-24,60,0
3212,"WATUMULL INSTITUTE OF ELECTRONICS ENGINEERING & COMPUTER TECHNOLOGY, ULHASNAGAR",Civil Engineering,PWD,I,2023-24,60,0
3212,"WATUMULL INSTITUTE OF ELECTRONICS ENGINEERING & COMPUTER TECHNOLOGY, ULHASNAGAR",Civil Engineering,DEF,I,2023-24,60,0
3212,"WATUMULL INSTITUTE OF ELECTRONICS ENGINEERING & COMPUTER TECHNOLOGY, ULHASNAGAR",Computer Engineering,PWD,I,2023-24,120,0
3212,"WATUMULL INSTITUTE OF ELECTRONICS ENGINEERING & COMPUTER TECHNOLOGY, ULHASNAGAR",Computer Engineering,DEF,I,2023-24,120,0
3214,"Xavier Institute Of Engineering C/O Xavier Technical Institute,Mahim,Mumbai",Computer Engineering,PWD,I,2023-24,60,0
3214,"Xavier Institute Of Engineering C/O Xavier Technical Institute,Mahim,Mumbai",Computer Engineering,DEF,I,2023-24,60,0
3214,"Xavier Institute Of Engineering C/O Xavier Technical Institute,Mahim,Mumbai",Information Technology,PWD,I,2023-24,60,0
3214,"Xavier Institute Of Engineering C/O Xavier Technical Institute,Mahim,Mumbai",Information Technology,DEF,I,2023-24,60,0
3214,"Xavier Institute Of Engineering C/O Xavier Technical Institute,Mahim,Mumbai",Electronics and Telecommunication Engg,PWD,I,2023-24,60,0
3214,"Xavier Institute Of Engineering C/O Xavier Technical Institute,Mahim,Mumbai",Electronics and Telecommunication Engg,DEF,I,2023-24,60,0
3214,"Xavier Institute Of Engineering C/O Xavier Technical Institute,Mahim,Mumbai",Computer Science and Engineering (Internet of,PWD,I,2023-24,60,0
3214,"Xavier Institute Of Engineering C/O Xavier Technical Institute,Mahim,Mumbai",Computer Science and Engineering (Internet of,DEF,I,2023-24,60,0
3216,"Gharda Foundation's Gharda Institute of Technology,Khed, Ratnagiri",Civil Engineering,PWD,I,2023-24,60,2
3216,"Gharda Foundation's Gharda Institute of Technology,Khed, Ratnagiri",Civil Engineering,DEF,I,2023-24,60,2
3216,"Gharda Foundation's Gharda Institute of Technology,Khed, Ratnagiri",Computer Engineering,PWD,I,2023-24,60,1
3216,"Gharda Foundation's Gharda Institute of Technology,Khed, Ratnagiri",Computer Engineering,DEF,I,2023-24,60,1
3216,"Gharda Foundation's Gharda Institute of Technology,Khed, Ratnagiri",Electronics and Telecommunication Engg,PWD,I,2023-24,30,1
3216,"Gharda Foundation's Gharda Institute of Technology,Khed, Ratnagiri",Electronics and Telecommunication Engg,DEF,I,2023-24,30,1
3216,"Gharda Foundation's Gharda Institute of Technology,Khed, Ratnagiri",Chemical Engineering,PWD,I,2023-24,60,2
3216,"Gharda Foundation's Gharda Institute of Technology,Khed, Ratnagiri",Chemical Engineering,DEF,I,2023-24,60,2
3216,"Gharda Foundation's Gharda Institute of Technology,Khed, Ratnagiri",Mechanical Engineering,PWD,I,2023-24,30,1
3216,"Gharda Foundation's Gharda Institute of Technology,Khed, Ratnagiri",Mechanical Engineering,DEF,I,2023-24,30,1
3216,"Gharda Foundation's Gharda Institute of Technology,Khed, Ratnagiri",Computer Science and Engineering(Artificial,PWD,I,2023-24,60,1
3216,"Gharda Foundation's Gharda Institute of Technology,Khed, Ratnagiri",Computer Science and Engineering(Artificial,DEF,I,2023-24,60,1
3217,"Vighnaharata Trust's Shivajirao S. Jondhale College of Engineering & Technology, Shahapur, Asangaon, Dist Thane",Civil Engineering,PWD,I,2023-24,60,1
3217,"Vighnaharata Trust's Shivajirao S. Jondhale College of Engineering & Technology, Shahapur, Asangaon, Dist Thane",Civil Engineering,DEF,I,2023-24,60,1
3217,"Vighnaharata Trust's Shivajirao S. Jondhale College of Engineering & Technology, Shahapur, Asangaon, Dist Thane",Computer Engineering,PWD,I,2023-24,60,1
3217,"Vighnaharata Trust's Shivajirao S. Jondhale College of Engineering & Technology, Shahapur, Asangaon, Dist Thane",Computer Engineering,DEF,I,2023-24,60,1
3217,"Vighnaharata Trust's Shivajirao S. Jondhale College of Engineering & Technology, Shahapur, Asangaon, Dist Thane",Electronics and Telecommunication Engg,PWD,I,2023-24,60,1
3217,"Vighnaharata Trust's Shivajirao S. Jondhale College of Engineering & Technology, Shahapur, Asangaon, Dist Thane",Electronics and Telecommunication Engg,DEF,I,2023-24,60,1
3217,"Vighnaharata Trust's Shivajirao S. Jondhale College of Engineering & Technology, Shahapur, Asangaon, Dist Thane",Mechanical Engineering,PWD,I,2023-24,60,1
3217,"Vighnaharata Trust's Shivajirao S. Jondhale College of Engineering & Technology, Shahapur, Asangaon, Dist Thane",Mechanical Engineering,DEF,I,2023-24,60,1
3217,"Vighnaharata Trust's Shivajirao S. Jondhale College of Engineering & Technology, Shahapur, Asangaon, Dist Thane",Automation and Robotics,PWD,I,2023-24,60,1
3217,"Vighnaharata Trust's Shivajirao S. Jondhale College of Engineering & Technology, Shahapur, Asangaon, Dist Thane",Automation and Robotics,DEF,I,2023-24,60,1
3218,"Aldel Education Trust's St. John College of Engineering & Management, Vevoor, Palghar",Civil Engineering,PWD,I,2023-24,30,0
3218,"Aldel Education Trust's St. John College of Engineering & Management, Vevoor, Palghar",Civil Engineering,DEF,I,2023-24,30,0
3218,"Aldel Education Trust's St. John College of Engineering & Management, Vevoor, Palghar",Computer Engineering,PWD,I,2023-24,120,0
3218,"Aldel Education Trust's St. John College of Engineering & Management, Vevoor, Palghar",Computer Engineering,DEF,I,2023-24,120,0
3218,"Aldel Education Trust's St. John College of Engineering & Management, Vevoor, Palghar",Information Technology,PWD,I,2023-24,60,0
3218,"Aldel Education Trust's St. John College of Engineering & Management, Vevoor, Palghar",Information Technology,DEF,I,2023-24,60,0
3218,"Aldel Education Trust's St. John College of Engineering & Management, Vevoor, Palghar",Mechanical Engineering,PWD,I,2023-24,30,0
3218,"Aldel Education Trust's St. John College of Engineering & Management, Vevoor, Palghar",Mechanical Engineering,DEF,I,2023-24,30,0
3218,"Aldel Education Trust's St. John College of Engineering & Management, Vevoor, Palghar",Electronics and Computer Science,PWD,I,2023-24,60,0
3218,"Aldel Education Trust's St. John College of Engineering & Management, Vevoor, Palghar",Electronics and Computer Science,DEF,I,2023-24,60,0
3218,"Aldel Education Trust's St. John College of Engineering & Management, Vevoor, Palghar",Computer Science and Engineering(Data Science),PWD,I,2023-24,60,0
3218,"Aldel Education Trust's St. John College of Engineering & Management, Vevoor, Palghar",Computer Science and Engineering(Data Science),DEF,I,2023-24,60,0
3218,"Aldel Education Trust's St. John College of Engineering & Management, Vevoor, Palghar",Artificial Intelligence and Machine Learning,PWD,I,2023-24,60,0
3218,"Aldel Education Trust's St. John College of Engineering & Management, Vevoor, Palghar",Artificial Intelligence and Machine Learning,DEF,I,2023-24,60,0
3219,"Koti Vidya Charitable Trust's Smt. Alamuri Ratnamala Institute of Engineering and Technology, Sapgaon, Tal. Shahapur",Civil Engineering,PWD,I,2023-24,60,0
3219,"Koti Vidya Charitable Trust's Smt. Alamuri Ratnamala Institute of Engineering and Technology, Sapgaon, Tal. Shahapur",Civil Engineering,DEF,I,2023-24,60,0
3219,"Koti Vidya Charitable Trust's Smt. Alamuri Ratnamala Institute of Engineering and Technology, Sapgaon, Tal. Shahapur",Computer Engineering,PWD,I,2023-24,120,0
3219,"Koti Vidya Charitable Trust's Smt. Alamuri Ratnamala Institute of Engineering and Technology, Sapgaon, Tal. Shahapur",Computer Engineering,DEF,I,2023-24,120,0
3219,"Koti Vidya Charitable Trust's Smt. Alamuri Ratnamala Institute of Engineering and Technology, Sapgaon, Tal. Shahapur",Information Technology,PWD,I,2023-24,30,0
3219,"Koti Vidya Charitable Trust's Smt. Alamuri Ratnamala Institute of Engineering and Technology, Sapgaon, Tal. Shahapur",Information Technology,DEF,I,2023-24,30,0
3219,"Koti Vidya Charitable Trust's Smt. Alamuri Ratnamala Institute of Engineering and Technology, Sapgaon, Tal. Shahapur",Electrical Engineering,PWD,I,2023-24,60,0
3219,"Koti Vidya Charitable Trust's Smt. Alamuri Ratnamala Institute of Engineering and Technology, Sapgaon, Tal. Shahapur",Electrical Engineering,DEF,I,2023-24,60,0
3219,"Koti Vidya Charitable Trust's Smt. Alamuri Ratnamala Institute of Engineering and Technology, Sapgaon, Tal. Shahapur",Electronics and Telecommunication Engg,PWD,I,2023-24,30,0
3219,"Koti Vidya Charitable Trust's Smt. Alamuri Ratnamala Institute of Engineering and Technology, Sapgaon, Tal. Shahapur",Electronics and Telecommunication Engg,DEF,I,2023-24,30,0
3219,"Koti Vidya Charitable Trust's Smt. Alamuri Ratnamala Institute of Engineering and Technology, Sapgaon, Tal. Shahapur",Mechanical Engineering,PWD,I,2023-24,60,0
3219,"Koti Vidya Charitable Trust's Smt. Alamuri Ratnamala Institute of Engineering and Technology, Sapgaon, Tal. Shahapur",Mechanical Engineering,DEF,I,2023-24,60,0
3219,"Koti Vidya Charitable Trust's Smt. Alamuri Ratnamala Institute of Engineering and Technology, Sapgaon, Tal. Shahapur",Computer Science and Engineering(Artificial,PWD,I,2023-24,60,0
3219,"Koti Vidya Charitable Trust's Smt. Alamuri Ratnamala Institute of Engineering and Technology, Sapgaon, Tal. Shahapur",Computer Science and Engineering(Artificial,DEF,I,2023-24,60,0
3220,Yadavrao Tasgaonkar College of Engineering & Management,Civil Engineering,PWD,I,2023-24,60,2
3220,Yadavrao Tasgaonkar College of Engineering & Management,Civil Engineering,DEF,I,2023-24,60,2
3220,Yadavrao Tasgaonkar College of Engineering & Management,Computer Engineering,PWD,I,2023-24,42,1
3220,Yadavrao Tasgaonkar College of Engineering & Management,Computer Engineering,DEF,I,2023-24,42,1
3220,Yadavrao Tasgaonkar College of Engineering & Management,Information Technology,PWD,I,2023-24,42,1
3220,Yadavrao Tasgaonkar College of Engineering & Management,Information Technology,DEF,I,2023-24,42,1
3220,Yadavrao Tasgaonkar College of Engineering & Management,Cyber Security,PWD,I,2023-24,30,1
3220,Yadavrao Tasgaonkar College of Engineering & Management,Cyber Security,DEF,I,2023-24,30,1
3220,Yadavrao Tasgaonkar College of Engineering & Management,Electronics and Telecommunication Engg,PWD,I,2023-24,30,1
3220,Yadavrao Tasgaonkar College of Engineering & Management,Electronics and Telecommunication Engg,DEF,I,2023-24,30,1
3220,Yadavrao Tasgaonkar College of Engineering & Management,Mechanical Engineering,PWD,I,2023-24,60,2
3220,Yadavrao Tasgaonkar College of Engineering & Management,Mechanical Engineering,DEF,I,2023-24,60,2
3220,Yadavrao Tasgaonkar College of Engineering & Management,Artificial Intelligence and Machine Learning,PWD,I,2023-24,30,1
3220,Yadavrao Tasgaonkar College of Engineering & Management,Artificial Intelligence and Machine Learning,DEF,I,2023-24,30,1
3221,"Late Shri. Vishnu Waman Thakur Charitable Trust, Viva Institute of Technology, Shirgaon",Civil Engineering,PWD,I,2023-24,60,1
3221,"Late Shri. Vishnu Waman Thakur Charitable Trust, Viva Institute of Technology, Shirgaon",Civil Engineering,DEF,I,2023-24,60,1
3221,"Late Shri. Vishnu Waman Thakur Charitable Trust, Viva Institute of Technology, Shirgaon",Computer Engineering,PWD,I,2023-24,60,1
3221,"Late Shri. Vishnu Waman Thakur Charitable Trust, Viva Institute of Technology, Shirgaon",Computer Engineering,DEF,I,2023-24,60,1
3221,"Late Shri. Vishnu Waman Thakur Charitable Trust, Viva Institute of Technology, Shirgaon",Electrical Engineering,PWD,I,2023-24,60,1
3221,"Late Shri. Vishnu Waman Thakur Charitable Trust, Viva Institute of Technology, Shirgaon",Electrical Engineering,DEF,I,2023-24,60,1
3221,"Late Shri. Vishnu Waman Thakur Charitable Trust, Viva Institute of Technology, Shirgaon",Electronics and Telecommunication Engg,PWD,I,2023-24,60,1
3221,"Late Shri. Vishnu Waman Thakur Charitable Trust, Viva Institute of Technology, Shirgaon",Electronics and Telecommunication Engg,DEF,I,2023-24,60,1
3221,"Late Shri. Vishnu Waman Thakur Charitable Trust, Viva Institute of Technology, Shirgaon",Mechanical Engineering,PWD,I,2023-24,60,1
3221,"Late Shri. Vishnu Waman Thakur Charitable Trust, Viva Institute of Technology, Shirgaon",Mechanical Engineering,DEF,I,2023-24,60,1
3221,"Late Shri. Vishnu Waman Thakur Charitable Trust, Viva Institute of Technology, Shirgaon",Computer Science and Engineering(Artificial,PWD,I,2023-24,120,2
3221,"Late Shri. Vishnu Waman Thakur Charitable Trust, Viva Institute of Technology, Shirgaon",Computer Science and Engineering(Artificial,DEF,I,2023-24,120,2
3222,"Haji Jamaluddin Thim Trust's Theem College of Engineering, At. Villege Betegaon, Boisar",Civil Engineering,PWD,I,2023-24,30,0
3222,"Haji Jamaluddin Thim Trust's Theem College of Engineering, At. Villege Betegaon, Boisar",Civil Engineering,DEF,I,2023-24,30,0
3222,"Haji Jamaluddin Thim Trust's Theem College of Engineering, At. Villege Betegaon, Boisar",Computer Engineering,PWD,I,2023-24,60,0
3222,"Haji Jamaluddin Thim Trust's Theem College of Engineering, At. Villege Betegaon, Boisar",Computer Engineering,DEF,I,2023-24,60,0
3222,"Haji Jamaluddin Thim Trust's Theem College of Engineering, At. Villege Betegaon, Boisar",Information Technology,PWD,I,2023-24,60,0
3222,"Haji Jamaluddin Thim Trust's Theem College of Engineering, At. Villege Betegaon, Boisar",Information Technology,DEF,I,2023-24,60,0
3222,"Haji Jamaluddin Thim Trust's Theem College of Engineering, At. Villege Betegaon, Boisar",Electrical Engineering,PWD,I,2023-24,30,0
3222,"Haji Jamaluddin Thim Trust's Theem College of Engineering, At. Villege Betegaon, Boisar",Electrical Engineering,DEF,I,2023-24,30,0
3222,"Haji Jamaluddin Thim Trust's Theem College of Engineering, At. Villege Betegaon, Boisar",Automobile Engineering,PWD,I,2023-24,30,0
3222,"Haji Jamaluddin Thim Trust's Theem College of Engineering, At. Villege Betegaon, Boisar",Automobile Engineering,DEF,I,2023-24,30,0
3222,"Haji Jamaluddin Thim Trust's Theem College of Engineering, At. Villege Betegaon, Boisar",Mechanical Engineering,PWD,I,2023-24,60,0
3222,"Haji Jamaluddin Thim Trust's Theem College of Engineering, At. Villege Betegaon, Boisar",Mechanical Engineering,DEF,I,2023-24,60,0
3222,"Haji Jamaluddin Thim Trust's Theem College of Engineering, At. Villege Betegaon, Boisar",Computer Science and Engineering(Artificial,PWD,I,2023-24,90,0
3222,"Haji Jamaluddin Thim Trust's Theem College of Engineering, At. Villege Betegaon, Boisar",Computer Science and Engineering(Artificial,DEF,I,2023-24,90,0
3223,"Mahatma Education Society's Pillai HOC College of Engineering & Technology, Tal. Khalapur. Dist. Raigad",Civil Engineering,PWD,I,2023-24,60,0
3223,"Mahatma Education Society's Pillai HOC College of Engineering & Technology, Tal. Khalapur. Dist. Raigad",Civil Engineering,DEF,I,2023-24,60,0
3223,"Mahatma Education Society's Pillai HOC College of Engineering & Technology, Tal. Khalapur. Dist. Raigad",Computer Engineering,PWD,I,2023-24,180,0
3223,"Mahatma Education Society's Pillai HOC College of Engineering & Technology, Tal. Khalapur. Dist. Raigad",Computer Engineering,DEF,I,2023-24,180,0
3223,"Mahatma Education Society's Pillai HOC College of Engineering & Technology, Tal. Khalapur. Dist. Raigad",Information Technology,PWD,I,2023-24,120,0
3223,"Mahatma Education Society's Pillai HOC College of Engineering & Technology, Tal. Khalapur. Dist. Raigad",Information Technology,DEF,I,2023-24,120,0
3223,"Mahatma Education Society's Pillai HOC College of Engineering & Technology, Tal. Khalapur. Dist. Raigad",Mechanical Engineering,PWD,I,2023-24,60,0
3223,"Mahatma Education Society's Pillai HOC College of Engineering & Technology, Tal. Khalapur. Dist. Raigad",Mechanical Engineering,DEF,I,2023-24,60,0
3223,"Mahatma Education Society's Pillai HOC College of Engineering & Technology, Tal. Khalapur. Dist. Raigad",Electronics and Computer Science,PWD,I,2023-24,60,0
3223,"Mahatma Education Society's Pillai HOC College of Engineering & Technology, Tal. Khalapur. Dist. Raigad",Electronics and Computer Science,DEF,I,2023-24,60,0
3223,"Mahatma Education Society's Pillai HOC College of Engineering & Technology, Tal. Khalapur. Dist. Raigad",Electrical and Computer Engineering,PWD,I,2023-24,60,0
3223,"Mahatma Education Society's Pillai HOC College of Engineering & Technology, Tal. Khalapur. Dist. Raigad",Electrical and Computer Engineering,DEF,I,2023-24,60,0
3277,"Shree Shankar Narayan Education Trust,Pravin Patil College of Diploma Engg. & Technology, Bhayinder (E) Western Rly",Computer Engineering,PWD,I,2023-24,60,1
3277,"Shree Shankar Narayan Education Trust,Pravin Patil College of Diploma Engg. & Technology, Bhayinder (E) Western Rly",Computer Engineering,DEF,I,2023-24,60,1
3277,"Shree Shankar Narayan Education Trust,Pravin Patil College of Diploma Engg. & Technology, Bhayinder (E) Western Rly",Information Technology,PWD,I,2023-24,60,1
3277,"Shree Shankar Narayan Education Trust,Pravin Patil College of Diploma Engg. & Technology, Bhayinder (E) Western Rly",Information Technology,DEF,I,2023-24,60,1
3277,"Shree Shankar Narayan Education Trust,Pravin Patil College of Diploma Engg. & Technology, Bhayinder (E) Western Rly",Electrical Engg[Electronics and Power],PWD,I,2023-24,60,1
3277,"Shree Shankar Narayan Education Trust,Pravin Patil College of Diploma Engg. & Technology, Bhayinder (E) Western Rly",Electrical Engg[Electronics and Power],DEF,I,2023-24,60,1
3277,"Shree Shankar Narayan Education Trust,Pravin Patil College of Diploma Engg. & Technology, Bhayinder (E) Western Rly",Mechanical & Automation Engineering,PWD,I,2023-24,60,1
3277,"Shree Shankar Narayan Education Trust,Pravin Patil College of Diploma Engg. & Technology, Bhayinder (E) Western Rly",Mechanical & Automation Engineering,DEF,I,2023-24,60,1
3277,"Shree Shankar Narayan Education Trust,Pravin Patil College of Diploma Engg. & Technology, Bhayinder (E) Western Rly",Civil Engineering and Planning,PWD,I,2023-24,60,1
3277,"Shree Shankar Narayan Education Trust,Pravin Patil College of Diploma Engg. & Technology, Bhayinder (E) Western Rly",Civil Engineering and Planning,DEF,I,2023-24,60,1
3277,"Shree Shankar Narayan Education Trust,Pravin Patil College of Diploma Engg. & Technology, Bhayinder (E) Western Rly",Electronics and Biomedical Engineering,PWD,I,2023-24,60,1
3277,"Shree Shankar Narayan Education Trust,Pravin Patil College of Diploma Engg. & Technology, Bhayinder (E) Western Rly",Electronics and Biomedical Engineering,DEF,I,2023-24,60,1
3351,"Bharat College of Engineering, Kanhor, Badlapur(W)",Civil Engineering,PWD,I,2023-24,30,1
3351,"Bharat College of Engineering, Kanhor, Badlapur(W)",Civil Engineering,DEF,I,2023-24,30,1
3351,"Bharat College of Engineering, Kanhor, Badlapur(W)",Computer Engineering,PWD,I,2023-24,60,1
3351,"Bharat College of Engineering, Kanhor, Badlapur(W)",Computer Engineering,DEF,I,2023-24,60,1
3351,"Bharat College of Engineering, Kanhor, Badlapur(W)",Mechanical Engineering,PWD,I,2023-24,60,2
3351,"Bharat College of Engineering, Kanhor, Badlapur(W)",Mechanical Engineering,DEF,I,2023-24,60,2
3351,"Bharat College of Engineering, Kanhor, Badlapur(W)",Computer Science and Engineering(Artificial,PWD,I,2023-24,60,1
3351,"Bharat College of Engineering, Kanhor, Badlapur(W)",Computer Science and Engineering(Artificial,DEF,I,2023-24,60,1
3423,"Shree L.R. Tiwari College of Engineering, Mira Road, Mumbai",Civil Engineering,PWD,I,2023-24,30,0
3423,"Shree L.R. Tiwari College of Engineering, Mira Road, Mumbai",Civil Engineering,DEF,I,2023-24,30,0
3423,"Shree L.R. Tiwari College of Engineering, Mira Road, Mumbai",Computer Engineering,PWD,I,2023-24,180,0
3423,"Shree L.R. Tiwari College of Engineering, Mira Road, Mumbai",Computer Engineering,DEF,I,2023-24,180,0
3423,"Shree L.R. Tiwari College of Engineering, Mira Road, Mumbai",Information Technology,PWD,I,2023-24,120,0
3423,"Shree L.R. Tiwari College of Engineering, Mira Road, Mumbai",Information Technology,DEF,I,2023-24,120,0
3423,"Shree L.R. Tiwari College of Engineering, Mira Road, Mumbai",Electronics and Telecommunication Engg,PWD,I,2023-24,60,0
3423,"Shree L.R. Tiwari College of Engineering, Mira Road, Mumbai",Electronics and Telecommunication Engg,DEF,I,2023-24,60,0
3423,"Shree L.R. Tiwari College of Engineering, Mira Road, Mumbai",Mechanical Engineering,PWD,I,2023-24,30,0
3423,"Shree L.R. Tiwari College of Engineering, Mira Road, Mumbai",Mechanical Engineering,DEF,I,2023-24,30,0
3423,"Shree L.R. Tiwari College of Engineering, Mira Road, Mumbai",Electronics and Computer Science,PWD,I,2023-24,60,0
3423,"Shree L.R. Tiwari College of Engineering, Mira Road, Mumbai",Electronics and Computer Science,DEF,I,2023-24,60,0
3436,"B.R. Harne College of Engineering & Technology, Karav, Tal-Ambernath.",Civil Engineering,PWD,I,2023-24,60,2
3436,"B.R. Harne College of Engineering & Technology, Karav, Tal-Ambernath.",Civil Engineering,DEF,I,2023-24,60,2
3436,"B.R. Harne College of Engineering & Technology, Karav, Tal-Ambernath.",Computer Engineering,PWD,I,2023-24,90,2
3436,"B.R. Harne College of Engineering & Technology, Karav, Tal-Ambernath.",Computer Engineering,DEF,I,2023-24,90,2
3436,"B.R. Harne College of Engineering & Technology, Karav, Tal-Ambernath.",Electrical Engineering,PWD,I,2023-24,60,2
3436,"B.R. Harne College of Engineering & Technology, Karav, Tal-Ambernath.",Electrical Engineering,DEF,I,2023-24,60,2
3436,"B.R. Harne College of Engineering & Technology, Karav, Tal-Ambernath.",Mechanical Engineering,PWD,I,2023-24,60,2
3436,"B.R. Harne College of Engineering & Technology, Karav, Tal-Ambernath.",Mechanical Engineering,DEF,I,2023-24,60,2
3436,"B.R. Harne College of Engineering & Technology, Karav, Tal-Ambernath.",Computer Science and Engineering(Artificial,PWD,I,2023-24,60,2
3436,"B.R. Harne College of Engineering & Technology, Karav, Tal-Ambernath.",Computer Science and Engineering(Artificial,DEF,I,2023-24,60,2
3439,"Anjuman-I-Islam's Kalsekar Technical Campus, Panvel",Civil Engineering,PWD,I,2023-24,60,0
3439,"Anjuman-I-Islam's Kalsekar Technical Campus, Panvel",Civil Engineering,DEF,I,2023-24,60,0
3439,"Anjuman-I-Islam's Kalsekar Technical Campus, Panvel",Computer Engineering,PWD,I,2023-24,60,0
3439,"Anjuman-I-Islam's Kalsekar Technical Campus, Panvel",Computer Engineering,DEF,I,2023-24,60,0
3439,"Anjuman-I-Islam's Kalsekar Technical Campus, Panvel",Electrical Engineering,PWD,I,2023-24,60,0
3439,"Anjuman-I-Islam's Kalsekar Technical Campus, Panvel",Electrical Engineering,DEF,I,2023-24,60,0
3439,"Anjuman-I-Islam's Kalsekar Technical Campus, Panvel",Mechanical Engineering,PWD,I,2023-24,60,0
3439,"Anjuman-I-Islam's Kalsekar Technical Campus, Panvel",Mechanical Engineering,DEF,I,2023-24,60,0
3439,"Anjuman-I-Islam's Kalsekar Technical Campus, Panvel",Electronics and Computer Science,PWD,I,2023-24,60,0
3439,"Anjuman-I-Islam's Kalsekar Technical Campus, Panvel",Electronics and Computer Science,DEF,I,2023-24,60,0
3439,"Anjuman-I-Islam's Kalsekar Technical Campus, Panvel",Computer Science and Engineering(Artificial,PWD,I,2023-24,60,0
3439,"Anjuman-I-Islam's Kalsekar Technical Campus, Panvel",Computer Science and Engineering(Artificial,DEF,I,2023-24,60,0
3439,"Anjuman-I-Islam's Kalsekar Technical Campus, Panvel",Computer Science and Engineering(Data Science),PWD,I,2023-24,60,0
3439,"Anjuman-I-Islam's Kalsekar Technical Campus, Panvel",Computer Science and Engineering(Data Science),DEF,I,2023-24,60,0
3440,"Metropolitan Institute of Technology & Management, Sukhalwad, Sindhudurg.",Civil Engineering,PWD,I,2023-24,90,2
3440,"Metropolitan Institute of Technology & Management, Sukhalwad, Sindhudurg.",Civil Engineering,DEF,I,2023-24,90,2
3440,"Metropolitan Institute of Technology & Management, Sukhalwad, Sindhudurg.",Computer Engineering,PWD,I,2023-24,45,1
3440,"Metropolitan Institute of Technology & Management, Sukhalwad, Sindhudurg.",Computer Engineering,DEF,I,2023-24,45,1
3440,"Metropolitan Institute of Technology & Management, Sukhalwad, Sindhudurg.",Electronics and Telecommunication Engg,PWD,I,2023-24,45,1
3440,"Metropolitan Institute of Technology & Management, Sukhalwad, Sindhudurg.",Electronics and Telecommunication Engg,DEF,I,2023-24,45,1
3440,"Metropolitan Institute of Technology & Management, Sukhalwad, Sindhudurg.",Mechanical Engineering,PWD,I,2023-24,90,2
3440,"Metropolitan Institute of Technology & Management, Sukhalwad, Sindhudurg.",Mechanical Engineering,DEF,I,2023-24,90,2
3445,"Vishwatmak Jangli Maharaj Ashram Trust (Kokamthan), Atma Malik Institute Of Technology & Research",Civil Engineering,PWD,I,2023-24,60,2
3445,"Vishwatmak Jangli Maharaj Ashram Trust (Kokamthan), Atma Malik Institute Of Technology & Research",Civil Engineering,DEF,I,2023-24,60,2
3445,"Vishwatmak Jangli Maharaj Ashram Trust (Kokamthan), Atma Malik Institute Of Technology & Research",Computer Engineering,PWD,I,2023-24,60,1
3445,"Vishwatmak Jangli Maharaj Ashram Trust (Kokamthan), Atma Malik Institute Of Technology & Research",Computer Engineering,DEF,I,2023-24,60,1
3445,"Vishwatmak Jangli Maharaj Ashram Trust (Kokamthan), Atma Malik Institute Of Technology & Research",Electronics and Telecommunication Engg,PWD,I,2023-24,30,1
3445,"Vishwatmak Jangli Maharaj Ashram Trust (Kokamthan), Atma Malik Institute Of Technology & Research",Electronics and Telecommunication Engg,DEF,I,2023-24,30,1
3445,"Vishwatmak Jangli Maharaj Ashram Trust (Kokamthan), Atma Malik Institute Of Technology & Research",Mechanical Engineering,PWD,I,2023-24,60,2
3445,"Vishwatmak Jangli Maharaj Ashram Trust (Kokamthan), Atma Malik Institute Of Technology & Research",Mechanical Engineering,DEF,I,2023-24,60,2
3447,"G.M.Vedak Institute of Technology, Tala, Raigad.",Civil Engineering,PWD,I,2023-24,30,1
3447,"G.M.Vedak Institute of Technology, Tala, Raigad.",Civil Engineering,DEF,I,2023-24,30,1
3447,"G.M.Vedak Institute of Technology, Tala, Raigad.",Computer Engineering,PWD,I,2023-24,60,2
3447,"G.M.Vedak Institute of Technology, Tala, Raigad.",Computer Engineering,DEF,I,2023-24,60,2
3447,"G.M.Vedak Institute of Technology, Tala, Raigad.",Mechanical Engineering,PWD,I,2023-24,30,1
3447,"G.M.Vedak Institute of Technology, Tala, Raigad.",Mechanical Engineering,DEF,I,2023-24,30,1
3460,"Universal College of Engineering,Kaman Dist. Palghar",Civil Engineering,PWD,I,2023-24,60,0
3460,"Universal College of Engineering,Kaman Dist. Palghar",Civil Engineering,DEF,I,2023-24,60,0
3460,"Universal College of Engineering,Kaman Dist. Palghar",Computer Engineering,PWD,I,2023-24,120,0
3460,"Universal College of Engineering,Kaman Dist. Palghar",Computer Engineering,DEF,I,2023-24,120,0
3460,"Universal College of Engineering,Kaman Dist. Palghar",Information Technology,PWD,I,2023-24,60,0
3460,"Universal College of Engineering,Kaman Dist. Palghar",Information Technology,DEF,I,2023-24,60,0
3460,"Universal College of Engineering,Kaman Dist. Palghar",Artificial Intelligence and Machine Learning,PWD,I,2023-24,120,0
3460,"Universal College of Engineering,Kaman Dist. Palghar",Artificial Intelligence and Machine Learning,DEF,I,2023-24,120,0
3460,"Universal College of Engineering,Kaman Dist. Palghar",Data Engineering,PWD,I,2023-24,60,0
3460,"Universal College of Engineering,Kaman Dist. Palghar",Data Engineering,DEF,I,2023-24,60,0
3462,"VPM's Maharshi Parshuram College of Engineering, Velneshwar, Ratnagiri.",Civil Engineering,PWD,I,2023-24,30,1
3462,"VPM's Maharshi Parshuram College of Engineering, Velneshwar, Ratnagiri.",Civil Engineering,DEF,I,2023-24,30,1
3462,"VPM's Maharshi Parshuram College of Engineering, Velneshwar, Ratnagiri.",Electrical Engineering,PWD,I,2023-24,30,1
3462,"VPM's Maharshi Parshuram College of Engineering, Velneshwar, Ratnagiri.",Electrical Engineering,DEF,I,2023-24,30,1
3462,"VPM's Maharshi Parshuram College of Engineering, Velneshwar, Ratnagiri.",Instrumentation Engineering,PWD,I,2023-24,30,1
3462,"VPM's Maharshi Parshuram College of Engineering, Velneshwar, Ratnagiri.",Instrumentation Engineering,DEF,I,2023-24,30,1
3462,"VPM's Maharshi Parshuram College of Engineering, Velneshwar, Ratnagiri.",Mechanical Engineering,PWD,I,2023-24,30,1
3462,"VPM's Maharshi Parshuram College of Engineering, Velneshwar, Ratnagiri.",Mechanical Engineering,DEF,I,2023-24,30,1
3465,"Ideal Institute of Technology, Wada, Dist.Thane",Civil Engineering,PWD,I,2023-24,60,2
3465,"Ideal Institute of Technology, Wada, Dist.Thane",Civil Engineering,DEF,I,2023-24,60,2
3465,"Ideal Institute of Technology, Wada, Dist.Thane",Computer Science and Engineering,PWD,I,2023-24,60,1
3465,"Ideal Institute of Technology, Wada, Dist.Thane",Computer Science and Engineering,DEF,I,2023-24,60,1
3465,"Ideal Institute of Technology, Wada, Dist.Thane",Electrical Engineering,PWD,I,2023-24,30,1
3465,"Ideal Institute of Technology, Wada, Dist.Thane",Electrical Engineering,DEF,I,2023-24,30,1
3465,"Ideal Institute of Technology, Wada, Dist.Thane",Electronics and Telecommunication Engg,PWD,I,2023-24,30,1
3465,"Ideal Institute of Technology, Wada, Dist.Thane",Electronics and Telecommunication Engg,DEF,I,2023-24,30,1
3465,"Ideal Institute of Technology, Wada, Dist.Thane",Mechanical Engineering,PWD,I,2023-24,60,2
3465,"Ideal Institute of Technology, Wada, Dist.Thane",Mechanical Engineering,DEF,I,2023-24,60,2
3467,"Vishwaniketan's Institute of Management Entrepreneurship and Engineering Technology(i MEET), Khalapur Dist Raigad",Civil Engineering,PWD,I,2023-24,60,1
3467,"Vishwaniketan's Institute of Management Entrepreneurship and Engineering Technology(i MEET), Khalapur Dist Raigad",Civil Engineering,DEF,I,2023-24,60,1
3467,"Vishwaniketan's Institute of Management Entrepreneurship and Engineering Technology(i MEET), Khalapur Dist Raigad",Computer Engineering,PWD,I,2023-24,60,1
3467,"Vishwaniketan's Institute of Management Entrepreneurship and Engineering Technology(i MEET), Khalapur Dist Raigad",Computer Engineering,DEF,I,2023-24,60,1
3467,"Vishwaniketan's Institute of Management Entrepreneurship and Engineering Technology(i MEET), Khalapur Dist Raigad",Electrical Engineering,PWD,I,2023-24,60,1
3467,"Vishwaniketan's Institute of Management Entrepreneurship and Engineering Technology(i MEET), Khalapur Dist Raigad",Electrical Engineering,DEF,I,2023-24,60,1
3467,"Vishwaniketan's Institute of Management Entrepreneurship and Engineering Technology(i MEET), Khalapur Dist Raigad",Electronics and Telecommunication Engg,PWD,I,2023-24,30,1
3467,"Vishwaniketan's Institute of Management Entrepreneurship and Engineering Technology(i MEET), Khalapur Dist Raigad",Electronics and Telecommunication Engg,DEF,I,2023-24,30,1
3467,"Vishwaniketan's Institute of Management Entrepreneurship and Engineering Technology(i MEET), Khalapur Dist Raigad",Mechanical Engineering,PWD,I,2023-24,60,1
3467,"Vishwaniketan's Institute of Management Entrepreneurship and Engineering Technology(i MEET), Khalapur Dist Raigad",Mechanical Engineering,DEF,I,2023-24,60,1
3467,"Vishwaniketan's Institute of Management Entrepreneurship and Engineering Technology(i MEET), Khalapur Dist Raigad",Computer Science and Engineering(Artificial,PWD,I,2023-24,90,2
3467,"Vishwaniketan's Institute of Management Entrepreneurship and Engineering Technology(i MEET), Khalapur Dist Raigad",Computer Science and Engineering(Artificial,DEF,I,2023-24,90,2
3470,YASHWANTRAO BHONSALE INSTITUTE OF TECHNOLOGY,Computer Science and Engineering,PWD,I,2023-24,60,1
3470,YASHWANTRAO BHONSALE INSTITUTE OF TECHNOLOGY,Computer Science and Engineering,DEF,I,2023-24,60,1
3470,YASHWANTRAO BHONSALE INSTITUTE OF TECHNOLOGY,Computer Engineering,PWD,I,2023-24,120,3
3470,YASHWANTRAO BHONSALE INSTITUTE OF TECHNOLOGY,Computer Engineering,DEF,I,2023-24,120,3
3470,YASHWANTRAO BHONSALE INSTITUTE OF TECHNOLOGY,Electrical Engineering,PWD,I,2023-24,60,2
3470,YASHWANTRAO BHONSALE INSTITUTE OF TECHNOLOGY,Electrical Engineering,DEF,I,2023-24,60,2
3470,YASHWANTRAO BHONSALE INSTITUTE OF TECHNOLOGY,Mechanical Engineering,PWD,I,2023-24,60,2
3470,YASHWANTRAO BHONSALE INSTITUTE OF TECHNOLOGY,Mechanical Engineering,DEF,I,2023-24,60,2
3471,"New Horizon Institute of Technology & Management, Thane",Civil Engineering,PWD,I,2023-24,60,1
3471,"New Horizon Institute of Technology & Management, Thane",Civil Engineering,DEF,I,2023-24,60,1
3471,"New Horizon Institute of Technology & Management, Thane",Computer Engineering,PWD,I,2023-24,120,2
3471,"New Horizon Institute of Technology & Management, Thane",Computer Engineering,DEF,I,2023-24,120,2
3471,"New Horizon Institute of Technology & Management, Thane",Computer Science and Design,PWD,I,2023-24,60,1
3471,"New Horizon Institute of Technology & Management, Thane",Computer Science and Design,DEF,I,2023-24,60,1
3471,"New Horizon Institute of Technology & Management, Thane",Mechanical Engineering,PWD,I,2023-24,30,1
3471,"New Horizon Institute of Technology & Management, Thane",Mechanical Engineering,DEF,I,2023-24,30,1
3471,"New Horizon Institute of Technology & Management, Thane",Mechatronics Engineering,PWD,I,2023-24,30,1
3471,"New Horizon Institute of Technology & Management, Thane",Mechatronics Engineering,DEF,I,2023-24,30,1
3471,"New Horizon Institute of Technology & Management, Thane",Artificial Intelligence and Data Science,PWD,I,2023-24,60,1
3471,"New Horizon Institute of Technology & Management, Thane",Artificial Intelligence and Data Science,DEF,I,2023-24,60,1
3475,"A. P. Shah Institute of Technology, Thane",Civil Engineering,PWD,I,2023-24,60,0
3475,"A. P. Shah Institute of Technology, Thane",Civil Engineering,DEF,I,2023-24,60,0
3475,"A. P. Shah Institute of Technology, Thane",Computer Engineering,PWD,I,2023-24,180,0
3475,"A. P. Shah Institute of Technology, Thane",Computer Engineering,DEF,I,2023-24,180,0
3475,"A. P. Shah Institute of Technology, Thane",Information Technology,PWD,I,2023-24,180,0
3475,"A. P. Shah Institute of Technology, Thane",Information Technology,DEF,I,2023-24,180,0
3475,"A. P. Shah Institute of Technology, Thane",Mechanical Engineering,PWD,I,2023-24,60,0
3475,"A. P. Shah Institute of Technology, Thane",Mechanical Engineering,DEF,I,2023-24,60,0
3475,"A. P. Shah Institute of Technology, Thane",Computer Science and Engineering(Artificial,PWD,I,2023-24,120,0
3475,"A. P. Shah Institute of Technology, Thane",Computer Science and Engineering(Artificial,DEF,I,2023-24,120,0
3475,"A. P. Shah Institute of Technology, Thane",Computer Science and Engineering(Data Science),PWD,I,2023-24,120,0
3475,"A. P. Shah Institute of Technology, Thane",Computer Science and Engineering(Data Science),DEF,I,2023-24,120,0
3477,"Chhartrapati Shivaji Maharaj Institute of Technology, Shedung, Panvel",Civil Engineering,PWD,I,2023-24,120,3
3477,"Chhartrapati Shivaji Maharaj Institute of Technology, Shedung, Panvel",Civil Engineering,DEF,I,2023-24,120,3
3477,"Chhartrapati Shivaji Maharaj Institute of Technology, Shedung, Panvel",Computer Engineering,PWD,I,2023-24,60,1
3477,"Chhartrapati Shivaji Maharaj Institute of Technology, Shedung, Panvel",Computer Engineering,DEF,I,2023-24,60,1
3477,"Chhartrapati Shivaji Maharaj Institute of Technology, Shedung, Panvel",Mechanical Engineering,PWD,I,2023-24,120,3
3477,"Chhartrapati Shivaji Maharaj Institute of Technology, Shedung, Panvel",Mechanical Engineering,DEF,I,2023-24,120,3
3503,"Indala College Of Engineering, Bapsai Tal.Kalyan",Civil Engineering,PWD,I,2023-24,60,2
3503,"Indala College Of Engineering, Bapsai Tal.Kalyan",Civil Engineering,DEF,I,2023-24,60,2
3503,"Indala College Of Engineering, Bapsai Tal.Kalyan",Computer Engineering,PWD,I,2023-24,60,2
3503,"Indala College Of Engineering, Bapsai Tal.Kalyan",Computer Engineering,DEF,I,2023-24,60,2
3503,"Indala College Of Engineering, Bapsai Tal.Kalyan",Information Technology,PWD,I,2023-24,60,2
3503,"Indala College Of Engineering, Bapsai Tal.Kalyan",Information Technology,DEF,I,2023-24,60,2
3503,"Indala College Of Engineering, Bapsai Tal.Kalyan",Electrical Engineering,PWD,I,2023-24,60,2
3503,"Indala College Of Engineering, Bapsai Tal.Kalyan",Electrical Engineering,DEF,I,2023-24,60,2
3503,"Indala College Of Engineering, Bapsai Tal.Kalyan",Mechanical Engineering,PWD,I,2023-24,60,2
3503,"Indala College Of Engineering, Bapsai Tal.Kalyan",Mechanical Engineering,DEF,I,2023-24,60,2
6220,"Shri Vithal Education and Research Institute's College of Engineering, Pandharpur",Civil Engineering,PWD,I,2023-24,120,3
6220,"Shri Vithal Education and Research Institute's College of Engineering, Pandharpur",Civil Engineering,DEF,I,2023-24,120,3
6220,"Shri Vithal Education and Research Institute's College of Engineering, Pandharpur",Computer Science and Engineering,PWD,I,2023-24,120,2
6220,"Shri Vithal Education and Research Institute's College of Engineering, Pandharpur",Computer Science and Engineering,DEF,I,2023-24,120,2
6220,"Shri Vithal Education and Research Institute's College of Engineering, Pandharpur",Electrical Engineering,PWD,I,2023-24,60,1
6220,"Shri Vithal Education and Research Institute's College of Engineering, Pandharpur",Electrical Engineering,DEF,I,2023-24,60,1
6220,"Shri Vithal Education and Research Institute's College of Engineering, Pandharpur",Electronics and Telecommunication Engg,PWD,I,2023-24,120,2
6220,"Shri Vithal Education and Research Institute's College of Engineering, Pandharpur",Electronics and Telecommunication Engg,DEF,I,2023-24,120,2
6220,"Shri Vithal Education and Research Institute's College of Engineering, Pandharpur",Mechanical Engineering,PWD,I,2023-24,120,3
6220,"Shri Vithal Education and Research Institute's College of Engineering, Pandharpur",Mechanical Engineering,DEF,I,2023-24,120,3
6293,"Kai Amdar Bramhadevdada Mane Shikshan & Samajik Prathistan's Bramhadevdada Mane Institute of Technology, Solapur",Computer Science and Engineering,PWD,I,2023-24,120,3
6293,"Kai Amdar Bramhadevdada Mane Shikshan & Samajik Prathistan's Bramhadevdada Mane Institute of Technology, Solapur",Computer Science and Engineering,DEF,I,2023-24,120,3
6293,"Kai Amdar Bramhadevdada Mane Shikshan & Samajik Prathistan's Bramhadevdada Mane Institute of Technology, Solapur",Electrical Engineering,PWD,I,2023-24,60,2
6293,"Kai Amdar Bramhadevdada Mane Shikshan & Samajik Prathistan's Bramhadevdada Mane Institute of Technology, Solapur",Electrical Engineering,DEF,I,2023-24,60,2
6293,"Kai Amdar Bramhadevdada Mane Shikshan & Samajik Prathistan's Bramhadevdada Mane Institute of Technology, Solapur",Electronics and Telecommunication Engg,PWD,I,2023-24,60,2
6293,"Kai Amdar Bramhadevdada Mane Shikshan & Samajik Prathistan's Bramhadevdada Mane Institute of Technology, Solapur",Electronics and Telecommunication Engg,DEF,I,2023-24,60,2
6293,"Kai Amdar Bramhadevdada Mane Shikshan & Samajik Prathistan's Bramhadevdada Mane Institute of Technology, Solapur",Mechanical Engineering,PWD,I,2023-24,60,2
6293,"Kai Amdar Bramhadevdada Mane Shikshan & Samajik Prathistan's Bramhadevdada Mane Institute of Technology, Solapur",Mechanical Engineering,DEF,I,2023-24,60,2
6640,"N. B. Navale Sinhgad College of Engineering, Kegaon, solapur",Civil Engineering,PWD,I,2023-24,60,2
6640,"N. B. Navale Sinhgad College of Engineering, Kegaon, solapur",Civil Engineering,DEF,I,2023-24,60,2
6640,"N. B. Navale Sinhgad College of Engineering, Kegaon, solapur",Computer Science and Engineering,PWD,I,2023-24,60,1
6640,"N. B. Navale Sinhgad College of Engineering, Kegaon, solapur",Computer Science and Engineering,DEF,I,2023-24,60,1
6640,"N. B. Navale Sinhgad College of Engineering, Kegaon, solapur",Electrical Engineering,PWD,I,2023-24,60,2
6640,"N. B. Navale Sinhgad College of Engineering, Kegaon, solapur",Electrical Engineering,DEF,I,2023-24,60,2
6640,"N. B. Navale Sinhgad College of Engineering, Kegaon, solapur",Electronics and Telecommunication Engg,PWD,I,2023-24,60,1
6640,"N. B. Navale Sinhgad College of Engineering, Kegaon, solapur",Electronics and Telecommunication Engg,DEF,I,2023-24,60,1
6640,"N. B. Navale Sinhgad College of Engineering, Kegaon, solapur",Mechanical Engineering,PWD,I,2023-24,120,3
6640,"N. B. Navale Sinhgad College of Engineering, Kegaon, solapur",Mechanical Engineering,DEF,I,2023-24,120,3
6643,"S K N Sinhgad College of Engineering, Korti Tal. Pandharpur Dist Solapur",Civil Engineering,PWD,I,2023-24,60,2
6643,"S K N Sinhgad College of Engineering, Korti Tal. Pandharpur Dist Solapur",Civil Engineering,DEF,I,2023-24,60,2
6643,"S K N Sinhgad College of Engineering, Korti Tal. Pandharpur Dist Solapur",Computer Science and Engineering,PWD,I,2023-24,60,1
6643,"S K N Sinhgad College of Engineering, Korti Tal. Pandharpur Dist Solapur",Computer Science and Engineering,DEF,I,2023-24,60,1
6643,"S K N Sinhgad College of Engineering, Korti Tal. Pandharpur Dist Solapur",Electrical Engineering,PWD,I,2023-24,60,2
6643,"S K N Sinhgad College of Engineering, Korti Tal. Pandharpur Dist Solapur",Electrical Engineering,DEF,I,2023-24,60,2
6643,"S K N Sinhgad College of Engineering, Korti Tal. Pandharpur Dist Solapur",Electronics and Telecommunication Engg,PWD,I,2023-24,60,1
6643,"S K N Sinhgad College of Engineering, Korti Tal. Pandharpur Dist Solapur",Electronics and Telecommunication Engg,DEF,I,2023-24,60,1
6643,"S K N Sinhgad College of Engineering, Korti Tal. Pandharpur Dist Solapur",Mechanical Engineering,PWD,I,2023-24,120,3
6643,"S K N Sinhgad College of Engineering, Korti Tal. Pandharpur Dist Solapur",Mechanical Engineering,DEF,I,2023-24,120,3
6901,"MAEER's MIT College of Railway Engineering and Research, Jamgaon, Barshi",Civil Engineering,PWD,I,2023-24,30,1
6901,"MAEER's MIT College of Railway Engineering and Research, Jamgaon, Barshi",Civil Engineering,DEF,I,2023-24,30,1
6901,"MAEER's MIT College of Railway Engineering and Research, Jamgaon, Barshi",Computer Science and Engineering,PWD,I,2023-24,90,2
6901,"MAEER's MIT College of Railway Engineering and Research, Jamgaon, Barshi",Computer Science and Engineering,DEF,I,2023-24,90,2
6901,"MAEER's MIT College of Railway Engineering and Research, Jamgaon, Barshi",Electronics and Telecommunication Engg,PWD,I,2023-24,60,2
6901,"MAEER's MIT College of Railway Engineering and Research, Jamgaon, Barshi",Electronics and Telecommunication Engg,DEF,I,2023-24,60,2
6901,"MAEER's MIT College of Railway Engineering and Research, Jamgaon, Barshi",Mechanical Engineering,PWD,I,2023-24,60,2
6901,"MAEER's MIT College of Railway Engineering and Research, Jamgaon, Barshi",Mechanical Engineering,DEF,I,2023-24,60,2
4005,"Laxminarayan Institute of Technology, Nagpur",Food Technology,PWD,I,2023-24,12,1
4005,"Laxminarayan Institute of Technology, Nagpur",Food Technology,DEF,I,2023-24,12,1
4005,"Laxminarayan Institute of Technology, Nagpur",Chemical Engineering,PWD,I,2023-24,62,2
4005,"Laxminarayan Institute of Technology, Nagpur",Chemical Engineering,DEF,I,2023-24,62,2
4005,"Laxminarayan Institute of Technology, Nagpur",Plastic and Polymer Technology,PWD,I,2023-24,11,1
4005,"Laxminarayan Institute of Technology, Nagpur",Plastic and Polymer Technology,DEF,I,2023-24,11,1
4005,"Laxminarayan Institute of Technology, Nagpur",Paper and Pulp Technology,PWD,I,2023-24,11,1
4005,"Laxminarayan Institute of Technology, Nagpur",Paper and Pulp Technology,DEF,I,2023-24,11,1
4005,"Laxminarayan Institute of Technology, Nagpur",Petro Chemical Technology,PWD,I,2023-24,11,1
4005,"Laxminarayan Institute of Technology, Nagpur",Petro Chemical Technology,DEF,I,2023-24,11,1
4005,"Laxminarayan Institute of Technology, Nagpur",Oil Technology,PWD,I,2023-24,11,1
4005,"Laxminarayan Institute of Technology, Nagpur",Oil Technology,DEF,I,2023-24,11,1
4005,"Laxminarayan Institute of Technology, Nagpur",Surface Coating Technology,PWD,I,2023-24,14,1
4005,"Laxminarayan Institute of Technology, Nagpur",Surface Coating Technology,DEF,I,2023-24,14,1
4025,"Government College of Engineering, Nagpur",Civil Engineering,PWD,I,2023-24,60,2
4025,"Government College of Engineering, Nagpur",Civil Engineering,DEF,I,2023-24,60,2
4025,"Government College of Engineering, Nagpur",Computer Science and Engineering,PWD,I,2023-24,60,2
4025,"Government College of Engineering, Nagpur",Computer Science and Engineering,DEF,I,2023-24,60,2
4025,"Government College of Engineering, Nagpur",Electrical Engineering,PWD,I,2023-24,60,2
4025,"Government College of Engineering, Nagpur",Electrical Engineering,DEF,I,2023-24,60,2
4025,"Government College of Engineering, Nagpur",Electronics and Telecommunication Engg,PWD,I,2023-24,60,2
4025,"Government College of Engineering, Nagpur",Electronics and Telecommunication Engg,DEF,I,2023-24,60,2
4025,"Government College of Engineering, Nagpur",Mechanical Engineering,PWD,I,2023-24,60,2
4025,"Government College of Engineering, Nagpur",Mechanical Engineering,DEF,I,2023-24,60,2
4104,"Kavi Kulguru Institute of Technology & Science, Ramtek",Civil Engineering,PWD,I,2023-24,60,1
4104,"Kavi Kulguru Institute of Technology & Science, Ramtek",Civil Engineering,DEF,I,2023-24,60,1
4104,"Kavi Kulguru Institute of Technology & Science, Ramtek",Information Technology,PWD,I,2023-24,60,1
4104,"Kavi Kulguru Institute of Technology & Science, Ramtek",Information Technology,DEF,I,2023-24,60,1
4104,"Kavi Kulguru Institute of Technology & Science, Ramtek",Computer Technology,PWD,I,2023-24,90,2
4104,"Kavi Kulguru Institute of Technology & Science, Ramtek",Computer Technology,DEF,I,2023-24,90,2
4104,"Kavi Kulguru Institute of Technology & Science, Ramtek",Electrical Engineering,PWD,I,2023-24,60,1
4104,"Kavi Kulguru Institute of Technology & Science, Ramtek",Electrical Engineering,DEF,I,2023-24,60,1
4104,"Kavi Kulguru Institute of Technology & Science, Ramtek",Electronics and Communication Engineering,PWD,I,2023-24,60,1
4104,"Kavi Kulguru Institute of Technology & Science, Ramtek",Electronics and Communication Engineering,DEF,I,2023-24,60,1
4104,"Kavi Kulguru Institute of Technology & Science, Ramtek",Mechanical Engineering,PWD,I,2023-24,60,1
4104,"Kavi Kulguru Institute of Technology & Science, Ramtek",Mechanical Engineering,DEF,I,2023-24,60,1
4118,"Bapurao Deshmukh College of Engineering, Sevagram",Civil Engineering,PWD,I,2023-24,54,1
4118,"Bapurao Deshmukh College of Engineering, Sevagram",Civil Engineering,DEF,I,2023-24,54,1
4118,"Bapurao Deshmukh College of Engineering, Sevagram",Computer Engineering,PWD,I,2023-24,108,3
4118,"Bapurao Deshmukh College of Engineering, Sevagram",Computer Engineering,DEF,I,2023-24,108,3
4118,"Bapurao Deshmukh College of Engineering, Sevagram",Electrical Engineering,PWD,I,2023-24,54,1
4118,"Bapurao Deshmukh College of Engineering, Sevagram",Electrical Engineering,DEF,I,2023-24,54,1
4118,"Bapurao Deshmukh College of Engineering, Sevagram",Electronics and Telecommunication Engg,PWD,I,2023-24,27,1
4118,"Bapurao Deshmukh College of Engineering, Sevagram",Electronics and Telecommunication Engg,DEF,I,2023-24,27,1
4118,"Bapurao Deshmukh College of Engineering, Sevagram",Mechanical Engineering,PWD,I,2023-24,54,1
4118,"Bapurao Deshmukh College of Engineering, Sevagram",Mechanical Engineering,DEF,I,2023-24,54,1
4133,"Sanmarg Shikshan Sanstha's Smt. Radhikatai Pandav College of Engineering, Nagpur",Civil Engineering,PWD,I,2023-24,60,2
4133,"Sanmarg Shikshan Sanstha's Smt. Radhikatai Pandav College of Engineering, Nagpur",Civil Engineering,DEF,I,2023-24,60,2
4133,"Sanmarg Shikshan Sanstha's Smt. Radhikatai Pandav College of Engineering, Nagpur",Computer Engineering,PWD,I,2023-24,60,1
4133,"Sanmarg Shikshan Sanstha's Smt. Radhikatai Pandav College of Engineering, Nagpur",Computer Engineering,DEF,I,2023-24,60,1
4133,"Sanmarg Shikshan Sanstha's Smt. Radhikatai Pandav College of Engineering, Nagpur",Electrical Engineering,PWD,I,2023-24,60,2
4133,"Sanmarg Shikshan Sanstha's Smt. Radhikatai Pandav College of Engineering, Nagpur",Electrical Engineering,DEF,I,2023-24,60,2
4133,"Sanmarg Shikshan Sanstha's Smt. Radhikatai Pandav College of Engineering, Nagpur",Electronics and Telecommunication Engg,PWD,I,2023-24,60,2
4133,"Sanmarg Shikshan Sanstha's Smt. Radhikatai Pandav College of Engineering, Nagpur",Electronics and Telecommunication Engg,DEF,I,2023-24,60,2
4133,"Sanmarg Shikshan Sanstha's Smt. Radhikatai Pandav College of Engineering, Nagpur",Mechanical Engineering,PWD,I,2023-24,90,2
4133,"Sanmarg Shikshan Sanstha's Smt. Radhikatai Pandav College of Engineering, Nagpur",Mechanical Engineering,DEF,I,2023-24,90,2
4134,"Guru Nanak Institute of Engineering & Technology,Kalmeshwar, Nagpur",Civil Engineering,PWD,I,2023-24,60,2
4134,"Guru Nanak Institute of Engineering & Technology,Kalmeshwar, Nagpur",Civil Engineering,DEF,I,2023-24,60,2
4134,"Guru Nanak Institute of Engineering & Technology,Kalmeshwar, Nagpur",Computer Science and Engineering,PWD,I,2023-24,60,1
4134,"Guru Nanak Institute of Engineering & Technology,Kalmeshwar, Nagpur",Computer Science and Engineering,DEF,I,2023-24,60,1
4134,"Guru Nanak Institute of Engineering & Technology,Kalmeshwar, Nagpur",Electrical Engineering,PWD,I,2023-24,60,2
4134,"Guru Nanak Institute of Engineering & Technology,Kalmeshwar, Nagpur",Electrical Engineering,DEF,I,2023-24,60,2
4134,"Guru Nanak Institute of Engineering & Technology,Kalmeshwar, Nagpur",Electronics and Telecommunication Engg,PWD,I,2023-24,60,2
4134,"Guru Nanak Institute of Engineering & Technology,Kalmeshwar, Nagpur",Electronics and Telecommunication Engg,DEF,I,2023-24,60,2
4134,"Guru Nanak Institute of Engineering & Technology,Kalmeshwar, Nagpur",Computer Science and Engineering(Data Science),PWD,I,2023-24,60,1
4134,"Guru Nanak Institute of Engineering & Technology,Kalmeshwar, Nagpur",Computer Science and Engineering(Data Science),DEF,I,2023-24,60,1
4134,"Guru Nanak Institute of Engineering & Technology,Kalmeshwar, Nagpur",Artificial Intelligence,PWD,I,2023-24,60,2
4134,"Guru Nanak Institute of Engineering & Technology,Kalmeshwar, Nagpur",Artificial Intelligence,DEF,I,2023-24,60,2
4143,"Sanmarg Shikshan Sanstha, Mandukarrao Pandav College of Engineering, Bhandara",Civil Engineering,PWD,I,2023-24,54,1
4143,"Sanmarg Shikshan Sanstha, Mandukarrao Pandav College of Engineering, Bhandara",Civil Engineering,DEF,I,2023-24,54,1
4143,"Sanmarg Shikshan Sanstha, Mandukarrao Pandav College of Engineering, Bhandara",Computer Engineering,PWD,I,2023-24,54,1
4143,"Sanmarg Shikshan Sanstha, Mandukarrao Pandav College of Engineering, Bhandara",Computer Engineering,DEF,I,2023-24,54,1
4143,"Sanmarg Shikshan Sanstha, Mandukarrao Pandav College of Engineering, Bhandara",Electrical Engineering,PWD,I,2023-24,54,1
4143,"Sanmarg Shikshan Sanstha, Mandukarrao Pandav College of Engineering, Bhandara",Electrical Engineering,DEF,I,2023-24,54,1
4143,"Sanmarg Shikshan Sanstha, Mandukarrao Pandav College of Engineering, Bhandara",Electronics and Telecommunication Engg,PWD,I,2023-24,54,1
4143,"Sanmarg Shikshan Sanstha, Mandukarrao Pandav College of Engineering, Bhandara",Electronics and Telecommunication Engg,DEF,I,2023-24,54,1
4143,"Sanmarg Shikshan Sanstha, Mandukarrao Pandav College of Engineering, Bhandara",Mechanical Engineering,PWD,I,2023-24,54,1
4143,"Sanmarg Shikshan Sanstha, Mandukarrao Pandav College of Engineering, Bhandara",Mechanical Engineering,DEF,I,2023-24,54,1
4144,"Shri. Sai Shikshan Sanstha, Nagpur Institute of Technology, Nagpur",Civil Engineering,PWD,I,2023-24,60,2
4144,"Shri. Sai Shikshan Sanstha, Nagpur Institute of Technology, Nagpur",Civil Engineering,DEF,I,2023-24,60,2
4144,"Shri. Sai Shikshan Sanstha, Nagpur Institute of Technology, Nagpur",Computer Science and Engineering,PWD,I,2023-24,120,3
4144,"Shri. Sai Shikshan Sanstha, Nagpur Institute of Technology, Nagpur",Computer Science and Engineering,DEF,I,2023-24,120,3
4144,"Shri. Sai Shikshan Sanstha, Nagpur Institute of Technology, Nagpur",Information Technology,PWD,I,2023-24,60,2
4144,"Shri. Sai Shikshan Sanstha, Nagpur Institute of Technology, Nagpur",Information Technology,DEF,I,2023-24,60,2
4144,"Shri. Sai Shikshan Sanstha, Nagpur Institute of Technology, Nagpur",Electrical Engineering,PWD,I,2023-24,60,2
4144,"Shri. Sai Shikshan Sanstha, Nagpur Institute of Technology, Nagpur",Electrical Engineering,DEF,I,2023-24,60,2
4144,"Shri. Sai Shikshan Sanstha, Nagpur Institute of Technology, Nagpur",Mechanical Engineering,PWD,I,2023-24,60,2
4144,"Shri. Sai Shikshan Sanstha, Nagpur Institute of Technology, Nagpur",Mechanical Engineering,DEF,I,2023-24,60,2
4145,"Wainganga College of Engineering and Management, Dongargaon, Nagpur",Civil Engineering,PWD,I,2023-24,60,2
4145,"Wainganga College of Engineering and Management, Dongargaon, Nagpur",Civil Engineering,DEF,I,2023-24,60,2
4145,"Wainganga College of Engineering and Management, Dongargaon, Nagpur",Computer Science and Engineering,PWD,I,2023-24,120,3
4145,"Wainganga College of Engineering and Management, Dongargaon, Nagpur",Computer Science and Engineering,DEF,I,2023-24,120,3
4145,"Wainganga College of Engineering and Management, Dongargaon, Nagpur",Electrical Engineering,PWD,I,2023-24,60,2
4145,"Wainganga College of Engineering and Management, Dongargaon, Nagpur",Electrical Engineering,DEF,I,2023-24,60,2
4145,"Wainganga College of Engineering and Management, Dongargaon, Nagpur",Electronics and Telecommunication Engg,PWD,I,2023-24,30,1
4145,"Wainganga College of Engineering and Management, Dongargaon, Nagpur",Electronics and Telecommunication Engg,DEF,I,2023-24,30,1
4145,"Wainganga College of Engineering and Management, Dongargaon, Nagpur",Mechanical Engineering,PWD,I,2023-24,60,2
4145,"Wainganga College of Engineering and Management, Dongargaon, Nagpur",Mechanical Engineering,DEF,I,2023-24,60,2
4145,"Wainganga College of Engineering and Management, Dongargaon, Nagpur",Artificial Intelligence and Data Science,PWD,I,2023-24,60,2
4145,"Wainganga College of Engineering and Management, Dongargaon, Nagpur",Artificial Intelligence and Data Science,DEF,I,2023-24,60,2
4147,"K.D.K. College of Engineering, Nagpur",Civil Engineering,PWD,I,2023-24,60,2
4147,"K.D.K. College of Engineering, Nagpur",Civil Engineering,DEF,I,2023-24,60,2
4147,"K.D.K. College of Engineering, Nagpur",Computer Science and Engineering,PWD,I,2023-24,180,4
4147,"K.D.K. College of Engineering, Nagpur",Computer Science and Engineering,DEF,I,2023-24,180,4
4147,"K.D.K. College of Engineering, Nagpur",Information Technology,PWD,I,2023-24,60,1
4147,"K.D.K. College of Engineering, Nagpur",Information Technology,DEF,I,2023-24,60,1
4147,"K.D.K. College of Engineering, Nagpur",Electrical Engineering,PWD,I,2023-24,90,2
4147,"K.D.K. College of Engineering, Nagpur",Electrical Engineering,DEF,I,2023-24,90,2
4147,"K.D.K. College of Engineering, Nagpur",Electronics and Telecommunication Engg,PWD,I,2023-24,90,2
4147,"K.D.K. College of Engineering, Nagpur",Electronics and Telecommunication Engg,DEF,I,2023-24,90,2
4147,"K.D.K. College of Engineering, Nagpur",Mechanical Engineering,PWD,I,2023-24,60,2
4147,"K.D.K. College of Engineering, Nagpur",Mechanical Engineering,DEF,I,2023-24,60,2
4147,"K.D.K. College of Engineering, Nagpur",Artificial Intelligence and Data Science,PWD,I,2023-24,60,1
4147,"K.D.K. College of Engineering, Nagpur",Artificial Intelligence and Data Science,DEF,I,2023-24,60,1
4172,"Anjuman College of Engineering & Technology, Nagpur",Civil Engineering,PWD,I,2023-24,30,0
4172,"Anjuman College of Engineering & Technology, Nagpur",Civil Engineering,DEF,I,2023-24,30,0
4172,"Anjuman College of Engineering & Technology, Nagpur",Computer Science and Engineering,PWD,I,2023-24,120,0
4172,"Anjuman College of Engineering & Technology, Nagpur",Computer Science and Engineering,DEF,I,2023-24,120,0
4172,"Anjuman College of Engineering & Technology, Nagpur",Artificial Intelligence (AI) and Data Science,PWD,I,2023-24,60,0
4172,"Anjuman College of Engineering & Technology, Nagpur",Artificial Intelligence (AI) and Data Science,DEF,I,2023-24,60,0
4172,"Anjuman College of Engineering & Technology, Nagpur",Electrical Engineering,PWD,I,2023-24,60,0
4172,"Anjuman College of Engineering & Technology, Nagpur",Electrical Engineering,DEF,I,2023-24,60,0
4172,"Anjuman College of Engineering & Technology, Nagpur",Electronics and Telecommunication Engg,PWD,I,2023-24,60,0
4172,"Anjuman College of Engineering & Technology, Nagpur",Electronics and Telecommunication Engg,DEF,I,2023-24,60,0
4172,"Anjuman College of Engineering & Technology, Nagpur",Mechanical Engineering,PWD,I,2023-24,60,0
4172,"Anjuman College of Engineering & Technology, Nagpur",Mechanical Engineering,DEF,I,2023-24,60,0
4175,"JMSS Shri Shankarprasad Agnihotri College of Engineering, Wardha",Civil Engineering,PWD,I,2023-24,60,2
4175,"JMSS Shri Shankarprasad Agnihotri College of Engineering, Wardha",Civil Engineering,DEF,I,2023-24,60,2
4175,"JMSS Shri Shankarprasad Agnihotri College of Engineering, Wardha",Computer Science and Engineering,PWD,I,2023-24,60,2
4175,"JMSS Shri Shankarprasad Agnihotri College of Engineering, Wardha",Computer Science and Engineering,DEF,I,2023-24,60,2
4175,"JMSS Shri Shankarprasad Agnihotri College of Engineering, Wardha",Electronics and Telecommunication Engg,PWD,I,2023-24,60,2
4175,"JMSS Shri Shankarprasad Agnihotri College of Engineering, Wardha",Electronics and Telecommunication Engg,DEF,I,2023-24,60,2
4175,"JMSS Shri Shankarprasad Agnihotri College of Engineering, Wardha",Mechanical Engineering,PWD,I,2023-24,30,1
4175,"JMSS Shri Shankarprasad Agnihotri College of Engineering, Wardha",Mechanical Engineering,DEF,I,2023-24,30,1
4177,"Priyadarshini Bhagwati College of Engineering, Harpur Nagar, Umred Road,Nagpur",Civil Engineering,PWD,I,2023-24,60,0
4177,"Priyadarshini Bhagwati College of Engineering, Harpur Nagar, Umred Road,Nagpur",Civil Engineering,DEF,I,2023-24,60,0
4177,"Priyadarshini Bhagwati College of Engineering, Harpur Nagar, Umred Road,Nagpur",Computer Science and Engineering,PWD,I,2023-24,60,0
4177,"Priyadarshini Bhagwati College of Engineering, Harpur Nagar, Umred Road,Nagpur",Computer Science and Engineering,DEF,I,2023-24,60,0
4177,"Priyadarshini Bhagwati College of Engineering, Harpur Nagar, Umred Road,Nagpur",Information Technology,PWD,I,2023-24,60,0
4177,"Priyadarshini Bhagwati College of Engineering, Harpur Nagar, Umred Road,Nagpur",Information Technology,DEF,I,2023-24,60,0
4177,"Priyadarshini Bhagwati College of Engineering, Harpur Nagar, Umred Road,Nagpur",Electronics and Communication Engineering,PWD,I,2023-24,60,0
4177,"Priyadarshini Bhagwati College of Engineering, Harpur Nagar, Umred Road,Nagpur",Electronics and Communication Engineering,DEF,I,2023-24,60,0
4177,"Priyadarshini Bhagwati College of Engineering, Harpur Nagar, Umred Road,Nagpur",Mechanical Engineering,PWD,I,2023-24,60,0
4177,"Priyadarshini Bhagwati College of Engineering, Harpur Nagar, Umred Road,Nagpur",Mechanical Engineering,DEF,I,2023-24,60,0
4192,"Maitraya Education Society, Nagarjuna Institute of Engineering Technology & Management, Nagpur",Civil Engineering,PWD,I,2023-24,60,2
4192,"Maitraya Education Society, Nagarjuna Institute of Engineering Technology & Management, Nagpur",Civil Engineering,DEF,I,2023-24,60,2
4192,"Maitraya Education Society, Nagarjuna Institute of Engineering Technology & Management, Nagpur",Computer Science and Engineering,PWD,I,2023-24,60,1
4192,"Maitraya Education Society, Nagarjuna Institute of Engineering Technology & Management, Nagpur",Computer Science and Engineering,DEF,I,2023-24,60,1
4192,"Maitraya Education Society, Nagarjuna Institute of Engineering Technology & Management, Nagpur",Electrical Engg[Electronics and Power],PWD,I,2023-24,60,2
4192,"Maitraya Education Society, Nagarjuna Institute of Engineering Technology & Management, Nagpur",Electrical Engg[Electronics and Power],DEF,I,2023-24,60,2
4192,"Maitraya Education Society, Nagarjuna Institute of Engineering Technology & Management, Nagpur",Mechanical Engineering,PWD,I,2023-24,60,2
4192,"Maitraya Education Society, Nagarjuna Institute of Engineering Technology & Management, Nagpur",Mechanical Engineering,DEF,I,2023-24,60,2
4192,"Maitraya Education Society, Nagarjuna Institute of Engineering Technology & Management, Nagpur",Computer Science and Engineering(Artificial,PWD,I,2023-24,60,1
4192,"Maitraya Education Society, Nagarjuna Institute of Engineering Technology & Management, Nagpur",Computer Science and Engineering(Artificial,DEF,I,2023-24,60,1
4196,"Gurunanak Educational Society's Gurunanak Institute of Technology, Nagpur",Civil Engineering,PWD,I,2023-24,60,2
4196,"Gurunanak Educational Society's Gurunanak Institute of Technology, Nagpur",Civil Engineering,DEF,I,2023-24,60,2
4196,"Gurunanak Educational Society's Gurunanak Institute of Technology, Nagpur",Computer Science and Engineering,PWD,I,2023-24,60,1
4196,"Gurunanak Educational Society's Gurunanak Institute of Technology, Nagpur",Computer Science and Engineering,DEF,I,2023-24,60,1
4196,"Gurunanak Educational Society's Gurunanak Institute of Technology, Nagpur",Electronics and Telecommunication Engg,PWD,I,2023-24,60,2
4196,"Gurunanak Educational Society's Gurunanak Institute of Technology, Nagpur",Electronics and Telecommunication Engg,DEF,I,2023-24,60,2
4196,"Gurunanak Educational Society's Gurunanak Institute of Technology, Nagpur",Mechanical Engineering,PWD,I,2023-24,60,2
4196,"Gurunanak Educational Society's Gurunanak Institute of Technology, Nagpur",Mechanical Engineering,DEF,I,2023-24,60,2
4196,"Gurunanak Educational Society's Gurunanak Institute of Technology, Nagpur",Computer Science and Engineering(Data Science),PWD,I,2023-24,60,2
4196,"Gurunanak Educational Society's Gurunanak Institute of Technology, Nagpur",Computer Science and Engineering(Data Science),DEF,I,2023-24,60,2
4196,"Gurunanak Educational Society's Gurunanak Institute of Technology, Nagpur",Artificial Intelligence and Machine Learning,PWD,I,2023-24,60,2
4196,"Gurunanak Educational Society's Gurunanak Institute of Technology, Nagpur",Artificial Intelligence and Machine Learning,DEF,I,2023-24,60,2
4197,"Jai Mahakali Shikshan Sanstha, Agnihotri College of Engineering, Sindhi(Meghe)",Civil Engineering,PWD,I,2023-24,30,1
4197,"Jai Mahakali Shikshan Sanstha, Agnihotri College of Engineering, Sindhi(Meghe)",Civil Engineering,DEF,I,2023-24,30,1
4197,"Jai Mahakali Shikshan Sanstha, Agnihotri College of Engineering, Sindhi(Meghe)",Computer Science and Engineering,PWD,I,2023-24,30,1
4197,"Jai Mahakali Shikshan Sanstha, Agnihotri College of Engineering, Sindhi(Meghe)",Computer Science and Engineering,DEF,I,2023-24,30,1
4197,"Jai Mahakali Shikshan Sanstha, Agnihotri College of Engineering, Sindhi(Meghe)",Electrical Engineering,PWD,I,2023-24,30,1
4197,"Jai Mahakali Shikshan Sanstha, Agnihotri College of Engineering, Sindhi(Meghe)",Electrical Engineering,DEF,I,2023-24,30,1
4197,"Jai Mahakali Shikshan Sanstha, Agnihotri College of Engineering, Sindhi(Meghe)",Electronics and Communication Engineering,PWD,I,2023-24,30,1
4197,"Jai Mahakali Shikshan Sanstha, Agnihotri College of Engineering, Sindhi(Meghe)",Electronics and Communication Engineering,DEF,I,2023-24,30,1
4197,"Jai Mahakali Shikshan Sanstha, Agnihotri College of Engineering, Sindhi(Meghe)",Mechanical Engineering,PWD,I,2023-24,15,1
4197,"Jai Mahakali Shikshan Sanstha, Agnihotri College of Engineering, Sindhi(Meghe)",Mechanical Engineering,DEF,I,2023-24,15,1
4285,"V M Institute of Engineering and Technology, Dongargaon, Nagpur",Civil Engineering,PWD,I,2023-24,60,2
4285,"V M Institute of Engineering and Technology, Dongargaon, Nagpur",Civil Engineering,DEF,I,2023-24,60,2
4285,"V M Institute of Engineering and Technology, Dongargaon, Nagpur",Information Technology,PWD,I,2023-24,60,2
4285,"V M Institute of Engineering and Technology, Dongargaon, Nagpur",Information Technology,DEF,I,2023-24,60,2
4285,"V M Institute of Engineering and Technology, Dongargaon, Nagpur",Electrical Engineering,PWD,I,2023-24,60,2
4285,"V M Institute of Engineering and Technology, Dongargaon, Nagpur",Electrical Engineering,DEF,I,2023-24,60,2
4285,"V M Institute of Engineering and Technology, Dongargaon, Nagpur",Mechanical Engineering,PWD,I,2023-24,120,3
4285,"V M Institute of Engineering and Technology, Dongargaon, Nagpur",Mechanical Engineering,DEF,I,2023-24,120,3
4302,"Gondia Education Society's Manoharbhai Patel Institute Of Engineering & Technology, Shahapur, Bhandara",Civil Engineering,PWD,I,2023-24,30,1
4302,"Gondia Education Society's Manoharbhai Patel Institute Of Engineering & Technology, Shahapur, Bhandara",Civil Engineering,DEF,I,2023-24,30,1
4302,"Gondia Education Society's Manoharbhai Patel Institute Of Engineering & Technology, Shahapur, Bhandara",Computer Engineering,PWD,I,2023-24,54,1
4302,"Gondia Education Society's Manoharbhai Patel Institute Of Engineering & Technology, Shahapur, Bhandara",Computer Engineering,DEF,I,2023-24,54,1
4302,"Gondia Education Society's Manoharbhai Patel Institute Of Engineering & Technology, Shahapur, Bhandara",Mechanical Engineering,PWD,I,2023-24,30,1
4302,"Gondia Education Society's Manoharbhai Patel Institute Of Engineering & Technology, Shahapur, Bhandara",Mechanical Engineering,DEF,I,2023-24,30,1
4304,"Cummins College of Engineering For Women, Sukhali (Gupchup), Tal. Hingna Hingna Nagpur",Mechanical Engineering,PWD,I,2023-24,30,2
4304,"Cummins College of Engineering For Women, Sukhali (Gupchup), Tal. Hingna Hingna Nagpur",Mechanical Engineering,DEF,I,2023-24,30,2
4304,"Cummins College of Engineering For Women, Sukhali (Gupchup), Tal. Hingna Hingna Nagpur",Mechanical Engineering,PWD,I,2023-24,30,1
4304,"Cummins College of Engineering For Women, Sukhali (Gupchup), Tal. Hingna Hingna Nagpur",Mechanical Engineering,DEF,I,2023-24,30,1
4304,"Cummins College of Engineering For Women, Sukhali (Gupchup), Tal. Hingna Hingna Nagpur",Mechanical Engineering,PWD,I,2023-24,30,2
4304,"Cummins College of Engineering For Women, Sukhali (Gupchup), Tal. Hingna Hingna Nagpur",Mechanical Engineering,DEF,I,2023-24,30,2
4613,"Suryodaya College of Engineering & Technology, Nagpur",Civil Engineering,PWD,I,2023-24,30,1
4613,"Suryodaya College of Engineering & Technology, Nagpur",Civil Engineering,DEF,I,2023-24,30,1
4613,"Suryodaya College of Engineering & Technology, Nagpur",Computer Engineering,PWD,I,2023-24,90,2
4613,"Suryodaya College of Engineering & Technology, Nagpur",Computer Engineering,DEF,I,2023-24,90,2
4613,"Suryodaya College of Engineering & Technology, Nagpur",Electrical Engineering,PWD,I,2023-24,60,2
4613,"Suryodaya College of Engineering & Technology, Nagpur",Electrical Engineering,DEF,I,2023-24,60,2
4613,"Suryodaya College of Engineering & Technology, Nagpur",Electronics and Telecommunication Engg,PWD,I,2023-24,60,2
4613,"Suryodaya College of Engineering & Technology, Nagpur",Electronics and Telecommunication Engg,DEF,I,2023-24,60,2
4613,"Suryodaya College of Engineering & Technology, Nagpur",Mechanical Engineering,PWD,I,2023-24,60,2
4613,"Suryodaya College of Engineering & Technology, Nagpur",Mechanical Engineering,DEF,I,2023-24,60,2
4613,"Suryodaya College of Engineering & Technology, Nagpur",Computer Science and Engineering(Data Science),PWD,I,2023-24,60,1
4613,"Suryodaya College of Engineering & Technology, Nagpur",Computer Science and Engineering(Data Science),DEF,I,2023-24,60,1
4648,"R.V. Parankar College of Engineering & Technology, Arvi, Dist Wardha",Civil Engineering,PWD,I,2023-24,30,1
4648,"R.V. Parankar College of Engineering & Technology, Arvi, Dist Wardha",Civil Engineering,DEF,I,2023-24,30,1
4648,"R.V. Parankar College of Engineering & Technology, Arvi, Dist Wardha",Computer Science and Engineering,PWD,I,2023-24,60,1
4648,"R.V. Parankar College of Engineering & Technology, Arvi, Dist Wardha",Computer Science and Engineering,DEF,I,2023-24,60,1
4648,"R.V. Parankar College of Engineering & Technology, Arvi, Dist Wardha",Information Technology,PWD,I,2023-24,30,1
4648,"R.V. Parankar College of Engineering & Technology, Arvi, Dist Wardha",Information Technology,DEF,I,2023-24,30,1
4648,"R.V. Parankar College of Engineering & Technology, Arvi, Dist Wardha",Electrical Engineering,PWD,I,2023-24,30,1
4648,"R.V. Parankar College of Engineering & Technology, Arvi, Dist Wardha",Electrical Engineering,DEF,I,2023-24,30,1
4648,"R.V. Parankar College of Engineering & Technology, Arvi, Dist Wardha",Mechanical Engineering,PWD,I,2023-24,30,1
4648,"R.V. Parankar College of Engineering & Technology, Arvi, Dist Wardha",Mechanical Engineering,DEF,I,2023-24,30,1
1005,"Sant Gadge Baba Amravati University,Amravati",Food Technology,PWD,I,2023-24,15,1
1005,"Sant Gadge Baba Amravati University,Amravati",Food Technology,DEF,I,2023-24,15,1
1005,"Sant Gadge Baba Amravati University,Amravati",Oil and Paints Technology,PWD,I,2023-24,15,1
1005,"Sant Gadge Baba Amravati University,Amravati",Oil and Paints Technology,DEF,I,2023-24,15,1
1005,"Sant Gadge Baba Amravati University,Amravati",Paper and Pulp Technology,PWD,I,2023-24,15,1
1005,"Sant Gadge Baba Amravati University,Amravati",Paper and Pulp Technology,DEF,I,2023-24,15,1
1005,"Sant Gadge Baba Amravati University,Amravati",Petro Chemical Engineering,PWD,I,2023-24,15,1
1005,"Sant Gadge Baba Amravati University,Amravati",Petro Chemical Engineering,DEF,I,2023-24,15,1
1101,"Shri Sant Gajanan Maharaj College of Engineering,Shegaon",Computer Science and Engineering,PWD,I,2023-24,60,1
1101,"Shri Sant Gajanan Maharaj College of Engineering,Shegaon",Computer Science and Engineering,DEF,I,2023-24,60,1
1101,"Shri Sant Gajanan Maharaj College of Engineering,Shegaon",Information Technology,PWD,I,2023-24,60,1
1101,"Shri Sant Gajanan Maharaj College of Engineering,Shegaon",Information Technology,DEF,I,2023-24,60,1
1101,"Shri Sant Gajanan Maharaj College of Engineering,Shegaon",Electrical Engg[Electronics and Power],PWD,I,2023-24,60,1
1101,"Shri Sant Gajanan Maharaj College of Engineering,Shegaon",Electrical Engg[Electronics and Power],DEF,I,2023-24,60,1
1101,"Shri Sant Gajanan Maharaj College of Engineering,Shegaon",Electronics and Telecommunication Engg,PWD,I,2023-24,120,2
1101,"Shri Sant Gajanan Maharaj College of Engineering,Shegaon",Electronics and Telecommunication Engg,DEF,I,2023-24,120,2
1101,"Shri Sant Gajanan Maharaj College of Engineering,Shegaon",Mechanical Engineering,PWD,I,2023-24,60,1
1101,"Shri Sant Gajanan Maharaj College of Engineering,Shegaon",Mechanical Engineering,DEF,I,2023-24,60,1
1107,"P. R. Pote (Patil) Education & Welfare Trust's Group of Institution(Integrated Campus), Amravati",Civil Engineering,PWD,I,2023-24,60,1
1107,"P. R. Pote (Patil) Education & Welfare Trust's Group of Institution(Integrated Campus), Amravati",Civil Engineering,DEF,I,2023-24,60,1
1107,"P. R. Pote (Patil) Education & Welfare Trust's Group of Institution(Integrated Campus), Amravati",Computer Science and Engineering,PWD,I,2023-24,180,4
1107,"P. R. Pote (Patil) Education & Welfare Trust's Group of Institution(Integrated Campus), Amravati",Computer Science and Engineering,DEF,I,2023-24,180,4
1107,"P. R. Pote (Patil) Education & Welfare Trust's Group of Institution(Integrated Campus), Amravati",Electrical Engineering,PWD,I,2023-24,60,1
1107,"P. R. Pote (Patil) Education & Welfare Trust's Group of Institution(Integrated Campus), Amravati",Electrical Engineering,DEF,I,2023-24,60,1
1107,"P. R. Pote (Patil) Education & Welfare Trust's Group of Institution(Integrated Campus), Amravati",Electronics and Telecommunication Engg,PWD,I,2023-24,60,1
1107,"P. R. Pote (Patil) Education & Welfare Trust's Group of Institution(Integrated Campus), Amravati",Electronics and Telecommunication Engg,DEF,I,2023-24,60,1
1107,"P. R. Pote (Patil) Education & Welfare Trust's Group of Institution(Integrated Campus), Amravati",Mechanical Engineering,PWD,I,2023-24,60,1
1107,"P. R. Pote (Patil) Education & Welfare Trust's Group of Institution(Integrated Campus), Amravati",Mechanical Engineering,DEF,I,2023-24,60,1
1107,"P. R. Pote (Patil) Education & Welfare Trust's Group of Institution(Integrated Campus), Amravati",Artificial Intelligence and Data Science,PWD,I,2023-24,60,1
1107,"P. R. Pote (Patil) Education & Welfare Trust's Group of Institution(Integrated Campus), Amravati",Artificial Intelligence and Data Science,DEF,I,2023-24,60,1
1114,"Sipna Shikshan Prasarak Mandal College of Engineering & Technology, Amravati",Civil Engineering,PWD,I,2023-24,60,1
1114,"Sipna Shikshan Prasarak Mandal College of Engineering & Technology, Amravati",Civil Engineering,DEF,I,2023-24,60,1
1114,"Sipna Shikshan Prasarak Mandal College of Engineering & Technology, Amravati",Computer Science and Engineering,PWD,I,2023-24,180,4
1114,"Sipna Shikshan Prasarak Mandal College of Engineering & Technology, Amravati",Computer Science and Engineering,DEF,I,2023-24,180,4
1114,"Sipna Shikshan Prasarak Mandal College of Engineering & Technology, Amravati",Information Technology,PWD,I,2023-24,120,2
1114,"Sipna Shikshan Prasarak Mandal College of Engineering & Technology, Amravati",Information Technology,DEF,I,2023-24,120,2
1114,"Sipna Shikshan Prasarak Mandal College of Engineering & Technology, Amravati",Electronics and Telecommunication Engg,PWD,I,2023-24,120,2
1114,"Sipna Shikshan Prasarak Mandal College of Engineering & Technology, Amravati",Electronics and Telecommunication Engg,DEF,I,2023-24,120,2
1114,"Sipna Shikshan Prasarak Mandal College of Engineering & Technology, Amravati",Mechanical Engineering,PWD,I,2023-24,60,1
1114,"Sipna Shikshan Prasarak Mandal College of Engineering & Technology, Amravati",Mechanical Engineering,DEF,I,2023-24,60,1
1116,"Shri Shivaji Education Society's College of Engineering and Technology, Akola",Civil Engineering,PWD,I,2023-24,60,2
1116,"Shri Shivaji Education Society's College of Engineering and Technology, Akola",Civil Engineering,DEF,I,2023-24,60,2
1116,"Shri Shivaji Education Society's College of Engineering and Technology, Akola",Computer Science and Engineering,PWD,I,2023-24,120,3
1116,"Shri Shivaji Education Society's College of Engineering and Technology, Akola",Computer Science and Engineering,DEF,I,2023-24,120,3
1116,"Shri Shivaji Education Society's College of Engineering and Technology, Akola",Chemical Engineering,PWD,I,2023-24,60,2
1116,"Shri Shivaji Education Society's College of Engineering and Technology, Akola",Chemical Engineering,DEF,I,2023-24,60,2
1116,"Shri Shivaji Education Society's College of Engineering and Technology, Akola",Mechanical Engineering,PWD,I,2023-24,60,2
1116,"Shri Shivaji Education Society's College of Engineering and Technology, Akola",Mechanical Engineering,DEF,I,2023-24,60,2
1117,"Janata Shikshan Prasarak Mandal’s Babasaheb Naik College Of Engineering, Pusad",Civil Engineering,PWD,I,2023-24,60,1
1117,"Janata Shikshan Prasarak Mandal’s Babasaheb Naik College Of Engineering, Pusad",Civil Engineering,DEF,I,2023-24,60,1
1117,"Janata Shikshan Prasarak Mandal’s Babasaheb Naik College Of Engineering, Pusad",Computer Science and Engineering,PWD,I,2023-24,120,2
1117,"Janata Shikshan Prasarak Mandal’s Babasaheb Naik College Of Engineering, Pusad",Computer Science and Engineering,DEF,I,2023-24,120,2
1117,"Janata Shikshan Prasarak Mandal’s Babasaheb Naik College Of Engineering, Pusad",Electrical Engg[Electronics and Power],PWD,I,2023-24,30,1
1117,"Janata Shikshan Prasarak Mandal’s Babasaheb Naik College Of Engineering, Pusad",Electrical Engg[Electronics and Power],DEF,I,2023-24,30,1
1117,"Janata Shikshan Prasarak Mandal’s Babasaheb Naik College Of Engineering, Pusad",Mechanical Engineering,PWD,I,2023-24,60,1
1117,"Janata Shikshan Prasarak Mandal’s Babasaheb Naik College Of Engineering, Pusad",Mechanical Engineering,DEF,I,2023-24,60,1
1117,"Janata Shikshan Prasarak Mandal’s Babasaheb Naik College Of Engineering, Pusad",Artificial Intelligence and Data Science,PWD,I,2023-24,60,1
1117,"Janata Shikshan Prasarak Mandal’s Babasaheb Naik College Of Engineering, Pusad",Artificial Intelligence and Data Science,DEF,I,2023-24,60,1
1119,"Paramhansa Ramkrishna Maunibaba Shikshan Santha's , Anuradha Engineering College, Chikhali",Computer Science and Engineering,PWD,I,2023-24,60,1
1119,"Paramhansa Ramkrishna Maunibaba Shikshan Santha's , Anuradha Engineering College, Chikhali",Computer Science and Engineering,DEF,I,2023-24,60,1
1119,"Paramhansa Ramkrishna Maunibaba Shikshan Santha's , Anuradha Engineering College, Chikhali",Information Technology,PWD,I,2023-24,60,1
1119,"Paramhansa Ramkrishna Maunibaba Shikshan Santha's , Anuradha Engineering College, Chikhali",Information Technology,DEF,I,2023-24,60,1
1119,"Paramhansa Ramkrishna Maunibaba Shikshan Santha's , Anuradha Engineering College, Chikhali",Electronics and Telecommunication Engg,PWD,I,2023-24,60,2
1119,"Paramhansa Ramkrishna Maunibaba Shikshan Santha's , Anuradha Engineering College, Chikhali",Electronics and Telecommunication Engg,DEF,I,2023-24,60,2
1119,"Paramhansa Ramkrishna Maunibaba Shikshan Santha's , Anuradha Engineering College, Chikhali",Chemical Engineering,PWD,I,2023-24,45,1
1119,"Paramhansa Ramkrishna Maunibaba Shikshan Santha's , Anuradha Engineering College, Chikhali",Chemical Engineering,DEF,I,2023-24,45,1
1119,"Paramhansa Ramkrishna Maunibaba Shikshan Santha's , Anuradha Engineering College, Chikhali",Mechanical Engineering,PWD,I,2023-24,60,2
1119,"Paramhansa Ramkrishna Maunibaba Shikshan Santha's , Anuradha Engineering College, Chikhali",Mechanical Engineering,DEF,I,2023-24,60,2
1120,"Jawaharlal Darda Institute of Engineering and Technology, Yavatmal",Civil Engineering,PWD,I,2023-24,60,0
1120,"Jawaharlal Darda Institute of Engineering and Technology, Yavatmal",Civil Engineering,DEF,I,2023-24,60,0
1120,"Jawaharlal Darda Institute of Engineering and Technology, Yavatmal",Computer Science and Engineering,PWD,I,2023-24,60,0
1120,"Jawaharlal Darda Institute of Engineering and Technology, Yavatmal",Computer Science and Engineering,DEF,I,2023-24,60,0
1120,"Jawaharlal Darda Institute of Engineering and Technology, Yavatmal",Electrical Engineering,PWD,I,2023-24,60,0
1120,"Jawaharlal Darda Institute of Engineering and Technology, Yavatmal",Electrical Engineering,DEF,I,2023-24,60,0
1120,"Jawaharlal Darda Institute of Engineering and Technology, Yavatmal",Electronics and Telecommunication Engg,PWD,I,2023-24,30,0
1120,"Jawaharlal Darda Institute of Engineering and Technology, Yavatmal",Electronics and Telecommunication Engg,DEF,I,2023-24,30,0
1120,"Jawaharlal Darda Institute of Engineering and Technology, Yavatmal",Chemical Engineering,PWD,I,2023-24,30,0
1120,"Jawaharlal Darda Institute of Engineering and Technology, Yavatmal",Chemical Engineering,DEF,I,2023-24,30,0
1120,"Jawaharlal Darda Institute of Engineering and Technology, Yavatmal",Mechanical Engineering,PWD,I,2023-24,60,0
1120,"Jawaharlal Darda Institute of Engineering and Technology, Yavatmal",Mechanical Engineering,DEF,I,2023-24,60,0
1120,"Jawaharlal Darda Institute of Engineering and Technology, Yavatmal",Textile Engineering / Technology,PWD,I,2023-24,30,0
1120,"Jawaharlal Darda Institute of Engineering and Technology, Yavatmal",Textile Engineering / Technology,DEF,I,2023-24,30,0
1121,"Shri Hanuman Vyayam Prasarak Mandals College of Engineering & Technology, Amravati",Computer Science and Engineering,PWD,I,2023-24,60,1
1121,"Shri Hanuman Vyayam Prasarak Mandals College of Engineering & Technology, Amravati",Computer Science and Engineering,DEF,I,2023-24,60,1
1121,"Shri Hanuman Vyayam Prasarak Mandals College of Engineering & Technology, Amravati",Information Technology,PWD,I,2023-24,60,1
1121,"Shri Hanuman Vyayam Prasarak Mandals College of Engineering & Technology, Amravati",Information Technology,DEF,I,2023-24,60,1
1121,"Shri Hanuman Vyayam Prasarak Mandals College of Engineering & Technology, Amravati",Electronics and Telecommunication Engg,PWD,I,2023-24,60,2
1121,"Shri Hanuman Vyayam Prasarak Mandals College of Engineering & Technology, Amravati",Electronics and Telecommunication Engg,DEF,I,2023-24,60,2
1121,"Shri Hanuman Vyayam Prasarak Mandals College of Engineering & Technology, Amravati",Mechanical Engineering,PWD,I,2023-24,60,2
1121,"Shri Hanuman Vyayam Prasarak Mandals College of Engineering & Technology, Amravati",Mechanical Engineering,DEF,I,2023-24,60,2
1123,"Dr.Rajendra Gode Institute of Technology & Research, Amravati",Civil Engineering,PWD,I,2023-24,60,2
1123,"Dr.Rajendra Gode Institute of Technology & Research, Amravati",Civil Engineering,DEF,I,2023-24,60,2
1123,"Dr.Rajendra Gode Institute of Technology & Research, Amravati",Computer Science and Engineering,PWD,I,2023-24,60,2
1123,"Dr.Rajendra Gode Institute of Technology & Research, Amravati",Computer Science and Engineering,DEF,I,2023-24,60,2
1123,"Dr.Rajendra Gode Institute of Technology & Research, Amravati",Electronics and Telecommunication Engg,PWD,I,2023-24,60,2
1123,"Dr.Rajendra Gode Institute of Technology & Research, Amravati",Electronics and Telecommunication Engg,DEF,I,2023-24,60,2
1123,"Dr.Rajendra Gode Institute of Technology & Research, Amravati",Mechanical Engineering,PWD,I,2023-24,60,2
1123,"Dr.Rajendra Gode Institute of Technology & Research, Amravati",Mechanical Engineering,DEF,I,2023-24,60,2
1125,"Dwarka Bahu Uddeshiya Gramin Vikas Foundation, Rajarshi Shahu College of Engineering, Buldhana",Civil Engineering,PWD,I,2023-24,60,2
1125,"Dwarka Bahu Uddeshiya Gramin Vikas Foundation, Rajarshi Shahu College of Engineering, Buldhana",Civil Engineering,DEF,I,2023-24,60,2
1125,"Dwarka Bahu Uddeshiya Gramin Vikas Foundation, Rajarshi Shahu College of Engineering, Buldhana",Computer Science and Engineering,PWD,I,2023-24,30,1
1125,"Dwarka Bahu Uddeshiya Gramin Vikas Foundation, Rajarshi Shahu College of Engineering, Buldhana",Computer Science and Engineering,DEF,I,2023-24,30,1
1125,"Dwarka Bahu Uddeshiya Gramin Vikas Foundation, Rajarshi Shahu College of Engineering, Buldhana",Electrical Engineering,PWD,I,2023-24,30,1
1125,"Dwarka Bahu Uddeshiya Gramin Vikas Foundation, Rajarshi Shahu College of Engineering, Buldhana",Electrical Engineering,DEF,I,2023-24,30,1
1125,"Dwarka Bahu Uddeshiya Gramin Vikas Foundation, Rajarshi Shahu College of Engineering, Buldhana",Mechanical Engineering,PWD,I,2023-24,30,1
1125,"Dwarka Bahu Uddeshiya Gramin Vikas Foundation, Rajarshi Shahu College of Engineering, Buldhana",Mechanical Engineering,DEF,I,2023-24,30,1
1126,"Shri. Dadasaheb Gawai Charitable Trust's Dr. Smt. Kamaltai Gawai Institute of Engineering & Technology, Darapur, Amravati",Civil Engineering,PWD,I,2023-24,60,2
1126,"Shri. Dadasaheb Gawai Charitable Trust's Dr. Smt. Kamaltai Gawai Institute of Engineering & Technology, Darapur, Amravati",Civil Engineering,DEF,I,2023-24,60,2
1126,"Shri. Dadasaheb Gawai Charitable Trust's Dr. Smt. Kamaltai Gawai Institute of Engineering & Technology, Darapur, Amravati",Computer Science and Engineering,PWD,I,2023-24,60,1
1126,"Shri. Dadasaheb Gawai Charitable Trust's Dr. Smt. Kamaltai Gawai Institute of Engineering & Technology, Darapur, Amravati",Computer Science and Engineering,DEF,I,2023-24,60,1
1126,"Shri. Dadasaheb Gawai Charitable Trust's Dr. Smt. Kamaltai Gawai Institute of Engineering & Technology, Darapur, Amravati",Electrical Engineering,PWD,I,2023-24,60,2
1126,"Shri. Dadasaheb Gawai Charitable Trust's Dr. Smt. Kamaltai Gawai Institute of Engineering & Technology, Darapur, Amravati",Electrical Engineering,DEF,I,2023-24,60,2
1126,"Shri. Dadasaheb Gawai Charitable Trust's Dr. Smt. Kamaltai Gawai Institute of Engineering & Technology, Darapur, Amravati",Electronics and Telecommunication Engg,PWD,I,2023-24,30,1
1126,"Shri. Dadasaheb Gawai Charitable Trust's Dr. Smt. Kamaltai Gawai Institute of Engineering & Technology, Darapur, Amravati",Electronics and Telecommunication Engg,DEF,I,2023-24,30,1
1126,"Shri. Dadasaheb Gawai Charitable Trust's Dr. Smt. Kamaltai Gawai Institute of Engineering & Technology, Darapur, Amravati",Mechanical Engineering,PWD,I,2023-24,30,1
1126,"Shri. Dadasaheb Gawai Charitable Trust's Dr. Smt. Kamaltai Gawai Institute of Engineering & Technology, Darapur, Amravati",Mechanical Engineering,DEF,I,2023-24,30,1
1127,"Jagadambha Bahuuddeshiya Gramin Vikas Sanstha's Jagdambha College of Engineering and Technology, Yavatmal",Civil Engineering,PWD,I,2023-24,30,1
1127,"Jagadambha Bahuuddeshiya Gramin Vikas Sanstha's Jagdambha College of Engineering and Technology, Yavatmal",Civil Engineering,DEF,I,2023-24,30,1
1127,"Jagadambha Bahuuddeshiya Gramin Vikas Sanstha's Jagdambha College of Engineering and Technology, Yavatmal",Computer Engineering,PWD,I,2023-24,120,2
1127,"Jagadambha Bahuuddeshiya Gramin Vikas Sanstha's Jagdambha College of Engineering and Technology, Yavatmal",Computer Engineering,DEF,I,2023-24,120,2
1127,"Jagadambha Bahuuddeshiya Gramin Vikas Sanstha's Jagdambha College of Engineering and Technology, Yavatmal",Electrical Engineering,PWD,I,2023-24,60,2
1127,"Jagadambha Bahuuddeshiya Gramin Vikas Sanstha's Jagdambha College of Engineering and Technology, Yavatmal",Electrical Engineering,DEF,I,2023-24,60,2
1127,"Jagadambha Bahuuddeshiya Gramin Vikas Sanstha's Jagdambha College of Engineering and Technology, Yavatmal",Electronics and Telecommunication Engg,PWD,I,2023-24,30,1
1127,"Jagadambha Bahuuddeshiya Gramin Vikas Sanstha's Jagdambha College of Engineering and Technology, Yavatmal",Electronics and Telecommunication Engg,DEF,I,2023-24,30,1
1127,"Jagadambha Bahuuddeshiya Gramin Vikas Sanstha's Jagdambha College of Engineering and Technology, Yavatmal",Mechanical Engineering,PWD,I,2023-24,30,1
1127,"Jagadambha Bahuuddeshiya Gramin Vikas Sanstha's Jagdambha College of Engineering and Technology, Yavatmal",Mechanical Engineering,DEF,I,2023-24,30,1
1128,"Prof Ram Meghe College of Engineering and Management, Badnera",Civil Engineering,PWD,I,2023-24,60,2
1128,"Prof Ram Meghe College of Engineering and Management, Badnera",Civil Engineering,DEF,I,2023-24,60,2
1128,"Prof Ram Meghe College of Engineering and Management, Badnera",Computer Science and Engineering,PWD,I,2023-24,120,2
1128,"Prof Ram Meghe College of Engineering and Management, Badnera",Computer Science and Engineering,DEF,I,2023-24,120,2
1128,"Prof Ram Meghe College of Engineering and Management, Badnera",Information Technology,PWD,I,2023-24,120,2
1128,"Prof Ram Meghe College of Engineering and Management, Badnera",Information Technology,DEF,I,2023-24,120,2
1128,"Prof Ram Meghe College of Engineering and Management, Badnera",Electrical Engineering,PWD,I,2023-24,60,2
1128,"Prof Ram Meghe College of Engineering and Management, Badnera",Electrical Engineering,DEF,I,2023-24,60,2
1128,"Prof Ram Meghe College of Engineering and Management, Badnera",Electronics and Telecommunication Engg,PWD,I,2023-24,60,1
1128,"Prof Ram Meghe College of Engineering and Management, Badnera",Electronics and Telecommunication Engg,DEF,I,2023-24,60,1
1128,"Prof Ram Meghe College of Engineering and Management, Badnera",Computer Science and Engineering(Data Science),PWD,I,2023-24,60,1
1128,"Prof Ram Meghe College of Engineering and Management, Badnera",Computer Science and Engineering(Data Science),DEF,I,2023-24,60,1
1130,"Vision Buldhana Educational & Welfare Society's Pankaj Laddhad Institute of Technology & Management Studies, Yelgaon",Civil Engineering,PWD,I,2023-24,30,1
1130,"Vision Buldhana Educational & Welfare Society's Pankaj Laddhad Institute of Technology & Management Studies, Yelgaon",Civil Engineering,DEF,I,2023-24,30,1
1130,"Vision Buldhana Educational & Welfare Society's Pankaj Laddhad Institute of Technology & Management Studies, Yelgaon",Computer Science and Engineering,PWD,I,2023-24,60,1
1130,"Vision Buldhana Educational & Welfare Society's Pankaj Laddhad Institute of Technology & Management Studies, Yelgaon",Computer Science and Engineering,DEF,I,2023-24,60,1
1130,"Vision Buldhana Educational & Welfare Society's Pankaj Laddhad Institute of Technology & Management Studies, Yelgaon",Electrical Engg[Electronics and Power],PWD,I,2023-24,30,1
1130,"Vision Buldhana Educational & Welfare Society's Pankaj Laddhad Institute of Technology & Management Studies, Yelgaon",Electrical Engg[Electronics and Power],DEF,I,2023-24,30,1
1130,"Vision Buldhana Educational & Welfare Society's Pankaj Laddhad Institute of Technology & Management Studies, Yelgaon",Electronics and Telecommunication Engg,PWD,I,2023-24,30,1
1130,"Vision Buldhana Educational & Welfare Society's Pankaj Laddhad Institute of Technology & Management Studies, Yelgaon",Electronics and Telecommunication Engg,DEF,I,2023-24,30,1
1130,"Vision Buldhana Educational & Welfare Society's Pankaj Laddhad Institute of Technology & Management Studies, Yelgaon",Mechanical Engineering,PWD,I,2023-24,30,1
1130,"Vision Buldhana Educational & Welfare Society's Pankaj Laddhad Institute of Technology & Management Studies, Yelgaon",Mechanical Engineering,DEF,I,2023-24,30,1
1180,"Sanmati Engineering College, Sawargaon Barde, Washim",Civil Engineering,PWD,I,2023-24,60,2
1180,"Sanmati Engineering College, Sawargaon Barde, Washim",Civil Engineering,DEF,I,2023-24,60,2
1180,"Sanmati Engineering College, Sawargaon Barde, Washim",Computer Science and Engineering,PWD,I,2023-24,60,2
1180,"Sanmati Engineering College, Sawargaon Barde, Washim",Computer Science and Engineering,DEF,I,2023-24,60,2
1180,"Sanmati Engineering College, Sawargaon Barde, Washim",Artificial Intelligence (AI) and Data Science,PWD,I,2023-24,60,2
1180,"Sanmati Engineering College, Sawargaon Barde, Washim",Artificial Intelligence (AI) and Data Science,DEF,I,2023-24,60,2
1180,"Sanmati Engineering College, Sawargaon Barde, Washim",Electrical Engineering,PWD,I,2023-24,60,2
1180,"Sanmati Engineering College, Sawargaon Barde, Washim",Electrical Engineering,DEF,I,2023-24,60,2
1180,"Sanmati Engineering College, Sawargaon Barde, Washim",Mechanical Engineering,PWD,I,2023-24,60,2
1180,"Sanmati Engineering College, Sawargaon Barde, Washim",Mechanical Engineering,DEF,I,2023-24,60,2
1182,"Padmashri Dr. V.B. Kolte College of Engineering, Malkapur, Buldhana",Civil Engineering,PWD,I,2023-24,60,2
1182,"Padmashri Dr. V.B. Kolte College of Engineering, Malkapur, Buldhana",Civil Engineering,DEF,I,2023-24,60,2
1182,"Padmashri Dr. V.B. Kolte College of Engineering, Malkapur, Buldhana",Computer Science and Engineering,PWD,I,2023-24,60,2
1182,"Padmashri Dr. V.B. Kolte College of Engineering, Malkapur, Buldhana",Computer Science and Engineering,DEF,I,2023-24,60,2
1182,"Padmashri Dr. V.B. Kolte College of Engineering, Malkapur, Buldhana",Electrical Engineering,PWD,I,2023-24,60,2
1182,"Padmashri Dr. V.B. Kolte College of Engineering, Malkapur, Buldhana",Electrical Engineering,DEF,I,2023-24,60,2
1182,"Padmashri Dr. V.B. Kolte College of Engineering, Malkapur, Buldhana",Mechanical Engineering,PWD,I,2023-24,60,2
1182,"Padmashri Dr. V.B. Kolte College of Engineering, Malkapur, Buldhana",Mechanical Engineering,DEF,I,2023-24,60,2
1265,"Mauli Group of Institutions, College of Engineering and Technology, Shegaon.",Civil Engineering,PWD,I,2023-24,60,2
1265,"Mauli Group of Institutions, College of Engineering and Technology, Shegaon.",Civil Engineering,DEF,I,2023-24,60,2
1265,"Mauli Group of Institutions, College of Engineering and Technology, Shegaon.",Computer Science and Engineering,PWD,I,2023-24,60,1
1265,"Mauli Group of Institutions, College of Engineering and Technology, Shegaon.",Computer Science and Engineering,DEF,I,2023-24,60,1
1265,"Mauli Group of Institutions, College of Engineering and Technology, Shegaon.",Information Technology,PWD,I,2023-24,60,1
1265,"Mauli Group of Institutions, College of Engineering and Technology, Shegaon.",Information Technology,DEF,I,2023-24,60,1
1265,"Mauli Group of Institutions, College of Engineering and Technology, Shegaon.",Electrical Engg[Electronics and Power],PWD,I,2023-24,60,1
1265,"Mauli Group of Institutions, College of Engineering and Technology, Shegaon.",Electrical Engg[Electronics and Power],DEF,I,2023-24,60,1
1265,"Mauli Group of Institutions, College of Engineering and Technology, Shegaon.",Electronics and Telecommunication Engg,PWD,I,2023-24,60,1
1265,"Mauli Group of Institutions, College of Engineering and Technology, Shegaon.",Electronics and Telecommunication Engg,DEF,I,2023-24,60,1
1265,"Mauli Group of Institutions, College of Engineering and Technology, Shegaon.",Mechanical Engineering,PWD,I,2023-24,60,2
1265,"Mauli Group of Institutions, College of Engineering and Technology, Shegaon.",Mechanical Engineering,DEF,I,2023-24,60,2
1268,"Siddhivinayak Technical Campus, School of Engineering & Research Technology, Shirasgon, Nile",Civil Engineering,PWD,I,2023-24,30,1
1268,"Siddhivinayak Technical Campus, School of Engineering & Research Technology, Shirasgon, Nile",Civil Engineering,DEF,I,2023-24,30,1
1268,"Siddhivinayak Technical Campus, School of Engineering & Research Technology, Shirasgon, Nile",Computer Science and Engineering,PWD,I,2023-24,30,1
1268,"Siddhivinayak Technical Campus, School of Engineering & Research Technology, Shirasgon, Nile",Computer Science and Engineering,DEF,I,2023-24,30,1
1268,"Siddhivinayak Technical Campus, School of Engineering & Research Technology, Shirasgon, Nile",Electrical Engg[Electronics and Power],PWD,I,2023-24,30,1
1268,"Siddhivinayak Technical Campus, School of Engineering & Research Technology, Shirasgon, Nile",Electrical Engg[Electronics and Power],DEF,I,2023-24,30,1
1268,"Siddhivinayak Technical Campus, School of Engineering & Research Technology, Shirasgon, Nile",Electronics and Telecommunication Engg,PWD,I,2023-24,30,1
1268,"Siddhivinayak Technical Campus, School of Engineering & Research Technology, Shirasgon, Nile",Electronics and Telecommunication Engg,DEF,I,2023-24,30,1
1268,"Siddhivinayak Technical Campus, School of Engineering & Research Technology, Shirasgon, Nile",Mechanical Engineering,PWD,I,2023-24,30,1
1268,"Siddhivinayak Technical Campus, School of Engineering & Research Technology, Shirasgon, Nile",Mechanical Engineering,DEF,I,2023-24,30,1
1276,"Manav School of Engineering & Technology, Gut No. 1035 Nagpur Surat Highway, NH No. 6 Tal.Vyala, Balapur, Akola, 444302",Civil Engineering,PWD,I,2023-24,27,1
1276,"Manav School of Engineering & Technology, Gut No. 1035 Nagpur Surat Highway, NH No. 6 Tal.Vyala, Balapur, Akola, 444302",Civil Engineering,DEF,I,2023-24,27,1
1276,"Manav School of Engineering & Technology, Gut No. 1035 Nagpur Surat Highway, NH No. 6 Tal.Vyala, Balapur, Akola, 444302",Computer Engineering,PWD,I,2023-24,27,1
1276,"Manav School of Engineering & Technology, Gut No. 1035 Nagpur Surat Highway, NH No. 6 Tal.Vyala, Balapur, Akola, 444302",Computer Engineering,DEF,I,2023-24,27,1
1276,"Manav School of Engineering & Technology, Gut No. 1035 Nagpur Surat Highway, NH No. 6 Tal.Vyala, Balapur, Akola, 444302",Electrical Engineering,PWD,I,2023-24,27,1
1276,"Manav School of Engineering & Technology, Gut No. 1035 Nagpur Surat Highway, NH No. 6 Tal.Vyala, Balapur, Akola, 444302",Electrical Engineering,DEF,I,2023-24,27,1
1276,"Manav School of Engineering & Technology, Gut No. 1035 Nagpur Surat Highway, NH No. 6 Tal.Vyala, Balapur, Akola, 444302",Mechanical Engineering,PWD,I,2023-24,27,1
1276,"Manav School of Engineering & Technology, Gut No. 1035 Nagpur Surat Highway, NH No. 6 Tal.Vyala, Balapur, Akola, 444302",Mechanical Engineering,DEF,I,2023-24,27,1
5108,"Maratha Vidya Prasarak Samaj's Karmaveer Adv. Baburao Ganpatrao Thakare College Of Engineering, Nashik",Civil Engineering,PWD,I,2023-24,60,1
5108,"Maratha Vidya Prasarak Samaj's Karmaveer Adv. Baburao Ganpatrao Thakare College Of Engineering, Nashik",Civil Engineering,DEF,I,2023-24,60,1
5108,"Maratha Vidya Prasarak Samaj's Karmaveer Adv. Baburao Ganpatrao Thakare College Of Engineering, Nashik",Computer Engineering,PWD,I,2023-24,120,2
5108,"Maratha Vidya Prasarak Samaj's Karmaveer Adv. Baburao Ganpatrao Thakare College Of Engineering, Nashik",Computer Engineering,DEF,I,2023-24,120,2
5108,"Maratha Vidya Prasarak Samaj's Karmaveer Adv. Baburao Ganpatrao Thakare College Of Engineering, Nashik",Information Technology,PWD,I,2023-24,120,2
5108,"Maratha Vidya Prasarak Samaj's Karmaveer Adv. Baburao Ganpatrao Thakare College Of Engineering, Nashik",Information Technology,DEF,I,2023-24,120,2
5108,"Maratha Vidya Prasarak Samaj's Karmaveer Adv. Baburao Ganpatrao Thakare College Of Engineering, Nashik",Artificial Intelligence (AI) and Data Science,PWD,I,2023-24,60,1
5108,"Maratha Vidya Prasarak Samaj's Karmaveer Adv. Baburao Ganpatrao Thakare College Of Engineering, Nashik",Artificial Intelligence (AI) and Data Science,DEF,I,2023-24,60,1
5108,"Maratha Vidya Prasarak Samaj's Karmaveer Adv. Baburao Ganpatrao Thakare College Of Engineering, Nashik",Electronics and Telecommunication Engg,PWD,I,2023-24,60,1
5108,"Maratha Vidya Prasarak Samaj's Karmaveer Adv. Baburao Ganpatrao Thakare College Of Engineering, Nashik",Electronics and Telecommunication Engg,DEF,I,2023-24,60,1
5108,"Maratha Vidya Prasarak Samaj's Karmaveer Adv. Baburao Ganpatrao Thakare College Of Engineering, Nashik",Instrumentation and Control Engineering,PWD,I,2023-24,40,1
5108,"Maratha Vidya Prasarak Samaj's Karmaveer Adv. Baburao Ganpatrao Thakare College Of Engineering, Nashik",Instrumentation and Control Engineering,DEF,I,2023-24,40,1
5108,"Maratha Vidya Prasarak Samaj's Karmaveer Adv. Baburao Ganpatrao Thakare College Of Engineering, Nashik",Mechanical Engineering,PWD,I,2023-24,120,3
5108,"Maratha Vidya Prasarak Samaj's Karmaveer Adv. Baburao Ganpatrao Thakare College Of Engineering, Nashik",Mechanical Engineering,DEF,I,2023-24,120,3
5124,"Jagadamba Education Soc. Nashik's S.N.D. College of Engineering & Reserch, Babulgaon",Civil Engineering,PWD,I,2023-24,60,2
5124,"Jagadamba Education Soc. Nashik's S.N.D. College of Engineering & Reserch, Babulgaon",Civil Engineering,DEF,I,2023-24,60,2
5124,"Jagadamba Education Soc. Nashik's S.N.D. College of Engineering & Reserch, Babulgaon",Computer Engineering,PWD,I,2023-24,60,1
5124,"Jagadamba Education Soc. Nashik's S.N.D. College of Engineering & Reserch, Babulgaon",Computer Engineering,DEF,I,2023-24,60,1
5124,"Jagadamba Education Soc. Nashik's S.N.D. College of Engineering & Reserch, Babulgaon",Information Technology,PWD,I,2023-24,60,1
5124,"Jagadamba Education Soc. Nashik's S.N.D. College of Engineering & Reserch, Babulgaon",Information Technology,DEF,I,2023-24,60,1
5124,"Jagadamba Education Soc. Nashik's S.N.D. College of Engineering & Reserch, Babulgaon",Electrical Engineering,PWD,I,2023-24,120,3
5124,"Jagadamba Education Soc. Nashik's S.N.D. College of Engineering & Reserch, Babulgaon",Electrical Engineering,DEF,I,2023-24,120,3
5124,"Jagadamba Education Soc. Nashik's S.N.D. College of Engineering & Reserch, Babulgaon",Mechanical Engineering,PWD,I,2023-24,60,2
5124,"Jagadamba Education Soc. Nashik's S.N.D. College of Engineering & Reserch, Babulgaon",Mechanical Engineering,DEF,I,2023-24,60,2
5124,"Jagadamba Education Soc. Nashik's S.N.D. College of Engineering & Reserch, Babulgaon",Mechatronics Engineering,PWD,I,2023-24,60,2
5124,"Jagadamba Education Soc. Nashik's S.N.D. College of Engineering & Reserch, Babulgaon",Mechatronics Engineering,DEF,I,2023-24,60,2
5124,"Jagadamba Education Soc. Nashik's S.N.D. College of Engineering & Reserch, Babulgaon",Electronics and Computer Engineering,PWD,I,2023-24,60,2
5124,"Jagadamba Education Soc. Nashik's S.N.D. College of Engineering & Reserch, Babulgaon",Electronics and Computer Engineering,DEF,I,2023-24,60,2
5125,"Pravara Rural Education Society's Sir Visvesvaraya Institute of Technology, Chincholi Dist. Nashik",Computer Engineering,PWD,I,2023-24,60,1
5125,"Pravara Rural Education Society's Sir Visvesvaraya Institute of Technology, Chincholi Dist. Nashik",Computer Engineering,DEF,I,2023-24,60,1
5125,"Pravara Rural Education Society's Sir Visvesvaraya Institute of Technology, Chincholi Dist. Nashik",Information Technology,PWD,I,2023-24,60,1
5125,"Pravara Rural Education Society's Sir Visvesvaraya Institute of Technology, Chincholi Dist. Nashik",Information Technology,DEF,I,2023-24,60,1
5125,"Pravara Rural Education Society's Sir Visvesvaraya Institute of Technology, Chincholi Dist. Nashik",Chemical Engineering,PWD,I,2023-24,60,2
5125,"Pravara Rural Education Society's Sir Visvesvaraya Institute of Technology, Chincholi Dist. Nashik",Chemical Engineering,DEF,I,2023-24,60,2
5125,"Pravara Rural Education Society's Sir Visvesvaraya Institute of Technology, Chincholi Dist. Nashik",Electronics and Computer Engineering,PWD,I,2023-24,60,2
5125,"Pravara Rural Education Society's Sir Visvesvaraya Institute of Technology, Chincholi Dist. Nashik",Electronics and Computer Engineering,DEF,I,2023-24,60,2
5130,"Brahma Valley College of Engineering & Research, Trimbakeshwar, Nashik",Civil Engineering,PWD,I,2023-24,60,2
5130,"Brahma Valley College of Engineering & Research, Trimbakeshwar, Nashik",Civil Engineering,DEF,I,2023-24,60,2
5130,"Brahma Valley College of Engineering & Research, Trimbakeshwar, Nashik",Computer Engineering,PWD,I,2023-24,60,2
5130,"Brahma Valley College of Engineering & Research, Trimbakeshwar, Nashik",Computer Engineering,DEF,I,2023-24,60,2
5130,"Brahma Valley College of Engineering & Research, Trimbakeshwar, Nashik",Electrical Engineering,PWD,I,2023-24,60,2
5130,"Brahma Valley College of Engineering & Research, Trimbakeshwar, Nashik",Electrical Engineering,DEF,I,2023-24,60,2
5130,"Brahma Valley College of Engineering & Research, Trimbakeshwar, Nashik",Mechanical Engineering,PWD,I,2023-24,120,3
5130,"Brahma Valley College of Engineering & Research, Trimbakeshwar, Nashik",Mechanical Engineering,DEF,I,2023-24,120,3
5139,"Pravara Rural College of Engineering, Loni, Pravaranagar, Ahmednagar.",Civil Engineering,PWD,I,2023-24,60,2
5139,"Pravara Rural College of Engineering, Loni, Pravaranagar, Ahmednagar.",Civil Engineering,DEF,I,2023-24,60,2
5139,"Pravara Rural College of Engineering, Loni, Pravaranagar, Ahmednagar.",Computer Engineering,PWD,I,2023-24,60,1
5139,"Pravara Rural College of Engineering, Loni, Pravaranagar, Ahmednagar.",Computer Engineering,DEF,I,2023-24,60,1
5139,"Pravara Rural College of Engineering, Loni, Pravaranagar, Ahmednagar.",Information Technology,PWD,I,2023-24,60,1
5139,"Pravara Rural College of Engineering, Loni, Pravaranagar, Ahmednagar.",Information Technology,DEF,I,2023-24,60,1
5139,"Pravara Rural College of Engineering, Loni, Pravaranagar, Ahmednagar.",Electronics and Telecommunication Engg,PWD,I,2023-24,60,1
5139,"Pravara Rural College of Engineering, Loni, Pravaranagar, Ahmednagar.",Electronics and Telecommunication Engg,DEF,I,2023-24,60,1
5139,"Pravara Rural College of Engineering, Loni, Pravaranagar, Ahmednagar.",Instrumentation and Control Engineering,PWD,I,2023-24,30,1
5139,"Pravara Rural College of Engineering, Loni, Pravaranagar, Ahmednagar.",Instrumentation and Control Engineering,DEF,I,2023-24,30,1
5139,"Pravara Rural College of Engineering, Loni, Pravaranagar, Ahmednagar.",Chemical Engineering,PWD,I,2023-24,60,2
5139,"Pravara Rural College of Engineering, Loni, Pravaranagar, Ahmednagar.",Chemical Engineering,DEF,I,2023-24,60,2
5139,"Pravara Rural College of Engineering, Loni, Pravaranagar, Ahmednagar.",Mechanical Engineering,PWD,I,2023-24,60,2
5139,"Pravara Rural College of Engineering, Loni, Pravaranagar, Ahmednagar.",Mechanical Engineering,DEF,I,2023-24,60,2
5139,"Pravara Rural College of Engineering, Loni, Pravaranagar, Ahmednagar.",Electronics and Computer Engineering,PWD,I,2023-24,60,1
5139,"Pravara Rural College of Engineering, Loni, Pravaranagar, Ahmednagar.",Electronics and Computer Engineering,DEF,I,2023-24,60,1
5139,"Pravara Rural College of Engineering, Loni, Pravaranagar, Ahmednagar.",Automation and Robotics,PWD,I,2023-24,30,1
5139,"Pravara Rural College of Engineering, Loni, Pravaranagar, Ahmednagar.",Automation and Robotics,DEF,I,2023-24,30,1
5151,"MET Bhujbal Knowledge City MET League's Engineering College, Adgaon, Nashik.",Civil Engineering,PWD,I,2023-24,60,2
5151,"MET Bhujbal Knowledge City MET League's Engineering College, Adgaon, Nashik.",Civil Engineering,DEF,I,2023-24,60,2
5151,"MET Bhujbal Knowledge City MET League's Engineering College, Adgaon, Nashik.",Computer Engineering,PWD,I,2023-24,120,2
5151,"MET Bhujbal Knowledge City MET League's Engineering College, Adgaon, Nashik.",Computer Engineering,DEF,I,2023-24,120,2
5151,"MET Bhujbal Knowledge City MET League's Engineering College, Adgaon, Nashik.",Information Technology,PWD,I,2023-24,60,1
5151,"MET Bhujbal Knowledge City MET League's Engineering College, Adgaon, Nashik.",Information Technology,DEF,I,2023-24,60,1
5151,"MET Bhujbal Knowledge City MET League's Engineering College, Adgaon, Nashik.",Electrical Engineering,PWD,I,2023-24,60,1
5151,"MET Bhujbal Knowledge City MET League's Engineering College, Adgaon, Nashik.",Electrical Engineering,DEF,I,2023-24,60,1
5151,"MET Bhujbal Knowledge City MET League's Engineering College, Adgaon, Nashik.",Electronics and Telecommunication Engg,PWD,I,2023-24,60,1
5151,"MET Bhujbal Knowledge City MET League's Engineering College, Adgaon, Nashik.",Electronics and Telecommunication Engg,DEF,I,2023-24,60,1
5151,"MET Bhujbal Knowledge City MET League's Engineering College, Adgaon, Nashik.",Mechanical Engineering,PWD,I,2023-24,120,3
5151,"MET Bhujbal Knowledge City MET League's Engineering College, Adgaon, Nashik.",Mechanical Engineering,DEF,I,2023-24,120,3
5151,"MET Bhujbal Knowledge City MET League's Engineering College, Adgaon, Nashik.",Artificial Intelligence and Data Science,PWD,I,2023-24,60,1
5151,"MET Bhujbal Knowledge City MET League's Engineering College, Adgaon, Nashik.",Artificial Intelligence and Data Science,DEF,I,2023-24,60,1
5161,"Dr. Vithalrao Vikhe Patil College of Engineering, Ahmednagar",Civil Engineering,PWD,I,2023-24,60,2
5161,"Dr. Vithalrao Vikhe Patil College of Engineering, Ahmednagar",Civil Engineering,DEF,I,2023-24,60,2
5161,"Dr. Vithalrao Vikhe Patil College of Engineering, Ahmednagar",Computer Engineering,PWD,I,2023-24,60,1
5161,"Dr. Vithalrao Vikhe Patil College of Engineering, Ahmednagar",Computer Engineering,DEF,I,2023-24,60,1
5161,"Dr. Vithalrao Vikhe Patil College of Engineering, Ahmednagar",Information Technology,PWD,I,2023-24,60,1
5161,"Dr. Vithalrao Vikhe Patil College of Engineering, Ahmednagar",Information Technology,DEF,I,2023-24,60,1
5161,"Dr. Vithalrao Vikhe Patil College of Engineering, Ahmednagar",Computer Science and Design,PWD,I,2023-24,60,1
5161,"Dr. Vithalrao Vikhe Patil College of Engineering, Ahmednagar",Computer Science and Design,DEF,I,2023-24,60,1
5161,"Dr. Vithalrao Vikhe Patil College of Engineering, Ahmednagar",Electrical Engineering,PWD,I,2023-24,60,2
5161,"Dr. Vithalrao Vikhe Patil College of Engineering, Ahmednagar",Electrical Engineering,DEF,I,2023-24,60,2
5161,"Dr. Vithalrao Vikhe Patil College of Engineering, Ahmednagar",Electronics and Telecommunication Engg,PWD,I,2023-24,60,2
5161,"Dr. Vithalrao Vikhe Patil College of Engineering, Ahmednagar",Electronics and Telecommunication Engg,DEF,I,2023-24,60,2
5161,"Dr. Vithalrao Vikhe Patil College of Engineering, Ahmednagar",Electronics Engineering ( VLSI Design and,PWD,I,2023-24,60,2
5161,"Dr. Vithalrao Vikhe Patil College of Engineering, Ahmednagar",Electronics Engineering ( VLSI Design and,DEF,I,2023-24,60,2
5161,"Dr. Vithalrao Vikhe Patil College of Engineering, Ahmednagar",Mechanical Engineering,PWD,I,2023-24,60,2
5161,"Dr. Vithalrao Vikhe Patil College of Engineering, Ahmednagar",Mechanical Engineering,DEF,I,2023-24,60,2
5162,"Amrutvahini Sheti & Shikshan Vikas Sanstha's Amrutvahini College of Engineering, Sangamner",Civil Engineering,PWD,I,2023-24,120,3
5162,"Amrutvahini Sheti & Shikshan Vikas Sanstha's Amrutvahini College of Engineering, Sangamner",Civil Engineering,DEF,I,2023-24,120,3
5162,"Amrutvahini Sheti & Shikshan Vikas Sanstha's Amrutvahini College of Engineering, Sangamner",Computer Engineering,PWD,I,2023-24,120,2
5162,"Amrutvahini Sheti & Shikshan Vikas Sanstha's Amrutvahini College of Engineering, Sangamner",Computer Engineering,DEF,I,2023-24,120,2
5162,"Amrutvahini Sheti & Shikshan Vikas Sanstha's Amrutvahini College of Engineering, Sangamner",Information Technology,PWD,I,2023-24,120,2
5162,"Amrutvahini Sheti & Shikshan Vikas Sanstha's Amrutvahini College of Engineering, Sangamner",Information Technology,DEF,I,2023-24,120,2
5162,"Amrutvahini Sheti & Shikshan Vikas Sanstha's Amrutvahini College of Engineering, Sangamner",Artificial Intelligence (AI) and Data Science,PWD,I,2023-24,60,1
5162,"Amrutvahini Sheti & Shikshan Vikas Sanstha's Amrutvahini College of Engineering, Sangamner",Artificial Intelligence (AI) and Data Science,DEF,I,2023-24,60,1
5162,"Amrutvahini Sheti & Shikshan Vikas Sanstha's Amrutvahini College of Engineering, Sangamner",Electrical Engineering,PWD,I,2023-24,60,2
5162,"Amrutvahini Sheti & Shikshan Vikas Sanstha's Amrutvahini College of Engineering, Sangamner",Electrical Engineering,DEF,I,2023-24,60,2
5162,"Amrutvahini Sheti & Shikshan Vikas Sanstha's Amrutvahini College of Engineering, Sangamner",Electronics and Telecommunication Engg,PWD,I,2023-24,120,2
5162,"Amrutvahini Sheti & Shikshan Vikas Sanstha's Amrutvahini College of Engineering, Sangamner",Electronics and Telecommunication Engg,DEF,I,2023-24,120,2
5162,"Amrutvahini Sheti & Shikshan Vikas Sanstha's Amrutvahini College of Engineering, Sangamner",Mechanical Engineering,PWD,I,2023-24,120,3
5162,"Amrutvahini Sheti & Shikshan Vikas Sanstha's Amrutvahini College of Engineering, Sangamner",Mechanical Engineering,DEF,I,2023-24,120,3
5162,"Amrutvahini Sheti & Shikshan Vikas Sanstha's Amrutvahini College of Engineering, Sangamner",Electronics and Computer Engineering,PWD,I,2023-24,60,1
5162,"Amrutvahini Sheti & Shikshan Vikas Sanstha's Amrutvahini College of Engineering, Sangamner",Electronics and Computer Engineering,DEF,I,2023-24,60,1
5162,"Amrutvahini Sheti & Shikshan Vikas Sanstha's Amrutvahini College of Engineering, Sangamner",Automation and Robotics,PWD,I,2023-24,60,2
5162,"Amrutvahini Sheti & Shikshan Vikas Sanstha's Amrutvahini College of Engineering, Sangamner",Automation and Robotics,DEF,I,2023-24,60,2
5173,"SNJB's Late Sau. Kantabai Bhavarlalji Jain College of Engineering, (Jain Gurukul), Neminagar,Chandwad,(Nashik)",Civil Engineering,PWD,I,2023-24,60,0
5173,"SNJB's Late Sau. Kantabai Bhavarlalji Jain College of Engineering, (Jain Gurukul), Neminagar,Chandwad,(Nashik)",Civil Engineering,DEF,I,2023-24,60,0
5173,"SNJB's Late Sau. Kantabai Bhavarlalji Jain College of Engineering, (Jain Gurukul), Neminagar,Chandwad,(Nashik)",Computer Engineering,PWD,I,2023-24,150,0
5173,"SNJB's Late Sau. Kantabai Bhavarlalji Jain College of Engineering, (Jain Gurukul), Neminagar,Chandwad,(Nashik)",Computer Engineering,DEF,I,2023-24,150,0
5173,"SNJB's Late Sau. Kantabai Bhavarlalji Jain College of Engineering, (Jain Gurukul), Neminagar,Chandwad,(Nashik)",Electronics and Telecommunication Engg,PWD,I,2023-24,60,0
5173,"SNJB's Late Sau. Kantabai Bhavarlalji Jain College of Engineering, (Jain Gurukul), Neminagar,Chandwad,(Nashik)",Electronics and Telecommunication Engg,DEF,I,2023-24,60,0
5173,"SNJB's Late Sau. Kantabai Bhavarlalji Jain College of Engineering, (Jain Gurukul), Neminagar,Chandwad,(Nashik)",Mechanical Engineering,PWD,I,2023-24,60,0
5173,"SNJB's Late Sau. Kantabai Bhavarlalji Jain College of Engineering, (Jain Gurukul), Neminagar,Chandwad,(Nashik)",Mechanical Engineering,DEF,I,2023-24,60,0
5173,"SNJB's Late Sau. Kantabai Bhavarlalji Jain College of Engineering, (Jain Gurukul), Neminagar,Chandwad,(Nashik)",Artificial Intelligence and Data Science,PWD,I,2023-24,60,0
5173,"SNJB's Late Sau. Kantabai Bhavarlalji Jain College of Engineering, (Jain Gurukul), Neminagar,Chandwad,(Nashik)",Artificial Intelligence and Data Science,DEF,I,2023-24,60,0
5177,"Matoshri College of Engineering and Research Centre, Eklahare, Nashik",Civil Engineering,PWD,I,2023-24,120,3
5177,"Matoshri College of Engineering and Research Centre, Eklahare, Nashik",Civil Engineering,DEF,I,2023-24,120,3
5177,"Matoshri College of Engineering and Research Centre, Eklahare, Nashik",Computer Engineering,PWD,I,2023-24,120,2
5177,"Matoshri College of Engineering and Research Centre, Eklahare, Nashik",Computer Engineering,DEF,I,2023-24,120,2
5177,"Matoshri College of Engineering and Research Centre, Eklahare, Nashik",Information Technology,PWD,I,2023-24,60,1
5177,"Matoshri College of Engineering and Research Centre, Eklahare, Nashik",Information Technology,DEF,I,2023-24,60,1
5177,"Matoshri College of Engineering and Research Centre, Eklahare, Nashik",Electrical Engineering,PWD,I,2023-24,60,2
5177,"Matoshri College of Engineering and Research Centre, Eklahare, Nashik",Electrical Engineering,DEF,I,2023-24,60,2
5177,"Matoshri College of Engineering and Research Centre, Eklahare, Nashik",Electronics and Telecommunication Engg,PWD,I,2023-24,60,2
5177,"Matoshri College of Engineering and Research Centre, Eklahare, Nashik",Electronics and Telecommunication Engg,DEF,I,2023-24,60,2
5177,"Matoshri College of Engineering and Research Centre, Eklahare, Nashik",Mechanical Engineering,PWD,I,2023-24,60,2
5177,"Matoshri College of Engineering and Research Centre, Eklahare, Nashik",Mechanical Engineering,DEF,I,2023-24,60,2
5177,"Matoshri College of Engineering and Research Centre, Eklahare, Nashik",Electronics and Computer Engineering,PWD,I,2023-24,60,2
5177,"Matoshri College of Engineering and Research Centre, Eklahare, Nashik",Electronics and Computer Engineering,DEF,I,2023-24,60,2
5177,"Matoshri College of Engineering and Research Centre, Eklahare, Nashik",Artificial Intelligence and Data Science,PWD,I,2023-24,60,1
5177,"Matoshri College of Engineering and Research Centre, Eklahare, Nashik",Artificial Intelligence and Data Science,DEF,I,2023-24,60,1
5179,"Vishwabharati Academy's College of Engineering, Ahmednagar",Civil Engineering,PWD,I,2023-24,60,2
5179,"Vishwabharati Academy's College of Engineering, Ahmednagar",Civil Engineering,DEF,I,2023-24,60,2
5179,"Vishwabharati Academy's College of Engineering, Ahmednagar",Computer Engineering,PWD,I,2023-24,90,2
5179,"Vishwabharati Academy's College of Engineering, Ahmednagar",Computer Engineering,DEF,I,2023-24,90,2
5179,"Vishwabharati Academy's College of Engineering, Ahmednagar",Artificial Intelligence (AI) and Data Science,PWD,I,2023-24,60,1
5179,"Vishwabharati Academy's College of Engineering, Ahmednagar",Artificial Intelligence (AI) and Data Science,DEF,I,2023-24,60,1
5179,"Vishwabharati Academy's College of Engineering, Ahmednagar",Mechanical Engineering,PWD,I,2023-24,60,2
5179,"Vishwabharati Academy's College of Engineering, Ahmednagar",Mechanical Engineering,DEF,I,2023-24,60,2
5179,"Vishwabharati Academy's College of Engineering, Ahmednagar",Mechanical Engineering[Sandwich],PWD,I,2023-24,30,1
5179,"Vishwabharati Academy's College of Engineering, Ahmednagar",Mechanical Engineering[Sandwich],DEF,I,2023-24,30,1
5179,"Vishwabharati Academy's College of Engineering, Ahmednagar",Electronics and Computer Engineering,PWD,I,2023-24,60,1
5179,"Vishwabharati Academy's College of Engineering, Ahmednagar",Electronics and Computer Engineering,DEF,I,2023-24,60,1
5181,"Gokhale Education Society's, R.H. Sapat College of Engineering, Management Studies and Research, Nashik",Civil Engineering,PWD,I,2023-24,60,2
5181,"Gokhale Education Society's, R.H. Sapat College of Engineering, Management Studies and Research, Nashik",Civil Engineering,DEF,I,2023-24,60,2
5181,"Gokhale Education Society's, R.H. Sapat College of Engineering, Management Studies and Research, Nashik",Computer Engineering,PWD,I,2023-24,120,2
5181,"Gokhale Education Society's, R.H. Sapat College of Engineering, Management Studies and Research, Nashik",Computer Engineering,DEF,I,2023-24,120,2
5181,"Gokhale Education Society's, R.H. Sapat College of Engineering, Management Studies and Research, Nashik",Electrical Engineering,PWD,I,2023-24,120,3
5181,"Gokhale Education Society's, R.H. Sapat College of Engineering, Management Studies and Research, Nashik",Electrical Engineering,DEF,I,2023-24,120,3
5181,"Gokhale Education Society's, R.H. Sapat College of Engineering, Management Studies and Research, Nashik",Electronics and Telecommunication Engg,PWD,I,2023-24,60,1
5181,"Gokhale Education Society's, R.H. Sapat College of Engineering, Management Studies and Research, Nashik",Electronics and Telecommunication Engg,DEF,I,2023-24,60,1
5181,"Gokhale Education Society's, R.H. Sapat College of Engineering, Management Studies and Research, Nashik",Mechanical Engineering,PWD,I,2023-24,120,3
5181,"Gokhale Education Society's, R.H. Sapat College of Engineering, Management Studies and Research, Nashik",Mechanical Engineering,DEF,I,2023-24,120,3
5182,"Kalyani Charitable Trust, Late Gambhirrao Natuba Sapkal College of Engineering, Anjaneri, Trimbakeshwar Road, Nashik",Civil Engineering,PWD,I,2023-24,60,2
5182,"Kalyani Charitable Trust, Late Gambhirrao Natuba Sapkal College of Engineering, Anjaneri, Trimbakeshwar Road, Nashik",Civil Engineering,DEF,I,2023-24,60,2
5182,"Kalyani Charitable Trust, Late Gambhirrao Natuba Sapkal College of Engineering, Anjaneri, Trimbakeshwar Road, Nashik",Computer Engineering,PWD,I,2023-24,120,2
5182,"Kalyani Charitable Trust, Late Gambhirrao Natuba Sapkal College of Engineering, Anjaneri, Trimbakeshwar Road, Nashik",Computer Engineering,DEF,I,2023-24,120,2
5182,"Kalyani Charitable Trust, Late Gambhirrao Natuba Sapkal College of Engineering, Anjaneri, Trimbakeshwar Road, Nashik",Artificial Intelligence (AI) and Data Science,PWD,I,2023-24,60,1
5182,"Kalyani Charitable Trust, Late Gambhirrao Natuba Sapkal College of Engineering, Anjaneri, Trimbakeshwar Road, Nashik",Artificial Intelligence (AI) and Data Science,DEF,I,2023-24,60,1
5182,"Kalyani Charitable Trust, Late Gambhirrao Natuba Sapkal College of Engineering, Anjaneri, Trimbakeshwar Road, Nashik",Electrical Engineering,PWD,I,2023-24,30,1
5182,"Kalyani Charitable Trust, Late Gambhirrao Natuba Sapkal College of Engineering, Anjaneri, Trimbakeshwar Road, Nashik",Electrical Engineering,DEF,I,2023-24,30,1
5182,"Kalyani Charitable Trust, Late Gambhirrao Natuba Sapkal College of Engineering, Anjaneri, Trimbakeshwar Road, Nashik",Electronics and Telecommunication Engg,PWD,I,2023-24,60,1
5182,"Kalyani Charitable Trust, Late Gambhirrao Natuba Sapkal College of Engineering, Anjaneri, Trimbakeshwar Road, Nashik",Electronics and Telecommunication Engg,DEF,I,2023-24,60,1
5182,"Kalyani Charitable Trust, Late Gambhirrao Natuba Sapkal College of Engineering, Anjaneri, Trimbakeshwar Road, Nashik",Mechanical Engineering,PWD,I,2023-24,60,2
5182,"Kalyani Charitable Trust, Late Gambhirrao Natuba Sapkal College of Engineering, Anjaneri, Trimbakeshwar Road, Nashik",Mechanical Engineering,DEF,I,2023-24,60,2
5184,"Amruta Vaishnavi Education & Welfare Trust's Shatabdi Institute of Engineering & Research, Agaskhind Tal. Sinnar",Civil Engineering,PWD,I,2023-24,27,0
5184,"Amruta Vaishnavi Education & Welfare Trust's Shatabdi Institute of Engineering & Research, Agaskhind Tal. Sinnar",Civil Engineering,DEF,I,2023-24,27,0
5184,"Amruta Vaishnavi Education & Welfare Trust's Shatabdi Institute of Engineering & Research, Agaskhind Tal. Sinnar",Computer Engineering,PWD,I,2023-24,27,0
5184,"Amruta Vaishnavi Education & Welfare Trust's Shatabdi Institute of Engineering & Research, Agaskhind Tal. Sinnar",Computer Engineering,DEF,I,2023-24,27,0
5184,"Amruta Vaishnavi Education & Welfare Trust's Shatabdi Institute of Engineering & Research, Agaskhind Tal. Sinnar",Electrical Engineering,PWD,I,2023-24,30,0
5184,"Amruta Vaishnavi Education & Welfare Trust's Shatabdi Institute of Engineering & Research, Agaskhind Tal. Sinnar",Electrical Engineering,DEF,I,2023-24,30,0
5184,"Amruta Vaishnavi Education & Welfare Trust's Shatabdi Institute of Engineering & Research, Agaskhind Tal. Sinnar",Electronics and Telecommunication Engg,PWD,I,2023-24,27,0
5184,"Amruta Vaishnavi Education & Welfare Trust's Shatabdi Institute of Engineering & Research, Agaskhind Tal. Sinnar",Electronics and Telecommunication Engg,DEF,I,2023-24,27,0
5184,"Amruta Vaishnavi Education & Welfare Trust's Shatabdi Institute of Engineering & Research, Agaskhind Tal. Sinnar",Mechanical Engineering,PWD,I,2023-24,27,0
5184,"Amruta Vaishnavi Education & Welfare Trust's Shatabdi Institute of Engineering & Research, Agaskhind Tal. Sinnar",Mechanical Engineering,DEF,I,2023-24,27,0
5303,"Hon. Shri. Babanrao Pachpute Vichardhara Trust, Group of Institutions (Integrated Campus)-Parikrama, Kashti Shrigondha,",Civil Engineering,PWD,I,2023-24,60,2
5303,"Hon. Shri. Babanrao Pachpute Vichardhara Trust, Group of Institutions (Integrated Campus)-Parikrama, Kashti Shrigondha,",Civil Engineering,DEF,I,2023-24,60,2
5303,"Hon. Shri. Babanrao Pachpute Vichardhara Trust, Group of Institutions (Integrated Campus)-Parikrama, Kashti Shrigondha,",Computer Engineering,PWD,I,2023-24,120,3
5303,"Hon. Shri. Babanrao Pachpute Vichardhara Trust, Group of Institutions (Integrated Campus)-Parikrama, Kashti Shrigondha,",Computer Engineering,DEF,I,2023-24,120,3
5303,"Hon. Shri. Babanrao Pachpute Vichardhara Trust, Group of Institutions (Integrated Campus)-Parikrama, Kashti Shrigondha,",Electrical Engineering,PWD,I,2023-24,60,2
5303,"Hon. Shri. Babanrao Pachpute Vichardhara Trust, Group of Institutions (Integrated Campus)-Parikrama, Kashti Shrigondha,",Electrical Engineering,DEF,I,2023-24,60,2
5303,"Hon. Shri. Babanrao Pachpute Vichardhara Trust, Group of Institutions (Integrated Campus)-Parikrama, Kashti Shrigondha,",Mechanical Engineering,PWD,I,2023-24,60,2
5303,"Hon. Shri. Babanrao Pachpute Vichardhara Trust, Group of Institutions (Integrated Campus)-Parikrama, Kashti Shrigondha,",Mechanical Engineering,DEF,I,2023-24,60,2
5303,"Hon. Shri. Babanrao Pachpute Vichardhara Trust, Group of Institutions (Integrated Campus)-Parikrama, Kashti Shrigondha,",Electronics and Computer Engineering,PWD,I,2023-24,60,2
5303,"Hon. Shri. Babanrao Pachpute Vichardhara Trust, Group of Institutions (Integrated Campus)-Parikrama, Kashti Shrigondha,",Electronics and Computer Engineering,DEF,I,2023-24,60,2
5330,"PUNE VIDYARTHI GRIHA’S COLLEGE OF ENGINEERING & SHRIKRUSHNA S. DHAMANKAR INSTITUTE OF MANAGEMENT, NASHIK",Computer Engineering,PWD,I,2023-24,60,1
5330,"PUNE VIDYARTHI GRIHA’S COLLEGE OF ENGINEERING & SHRIKRUSHNA S. DHAMANKAR INSTITUTE OF MANAGEMENT, NASHIK",Computer Engineering,DEF,I,2023-24,60,1
5330,"PUNE VIDYARTHI GRIHA’S COLLEGE OF ENGINEERING & SHRIKRUSHNA S. DHAMANKAR INSTITUTE OF MANAGEMENT, NASHIK",Information Technology,PWD,I,2023-24,60,1
5330,"PUNE VIDYARTHI GRIHA’S COLLEGE OF ENGINEERING & SHRIKRUSHNA S. DHAMANKAR INSTITUTE OF MANAGEMENT, NASHIK",Information Technology,DEF,I,2023-24,60,1
5330,"PUNE VIDYARTHI GRIHA’S COLLEGE OF ENGINEERING & SHRIKRUSHNA S. DHAMANKAR INSTITUTE OF MANAGEMENT, NASHIK",Electronics and Telecommunication Engg,PWD,I,2023-24,60,2
5330,"PUNE VIDYARTHI GRIHA’S COLLEGE OF ENGINEERING & SHRIKRUSHNA S. DHAMANKAR INSTITUTE OF MANAGEMENT, NASHIK",Electronics and Telecommunication Engg,DEF,I,2023-24,60,2
5330,"PUNE VIDYARTHI GRIHA’S COLLEGE OF ENGINEERING & SHRIKRUSHNA S. DHAMANKAR INSTITUTE OF MANAGEMENT, NASHIK",Mechanical Engineering,PWD,I,2023-24,60,2
5330,"PUNE VIDYARTHI GRIHA’S COLLEGE OF ENGINEERING & SHRIKRUSHNA S. DHAMANKAR INSTITUTE OF MANAGEMENT, NASHIK",Mechanical Engineering,DEF,I,2023-24,60,2
5330,"PUNE VIDYARTHI GRIHA’S COLLEGE OF ENGINEERING & SHRIKRUSHNA S. DHAMANKAR INSTITUTE OF MANAGEMENT, NASHIK",Artificial Intelligence and Data Science,PWD,I,2023-24,60,1
5330,"PUNE VIDYARTHI GRIHA’S COLLEGE OF ENGINEERING & SHRIKRUSHNA S. DHAMANKAR INSTITUTE OF MANAGEMENT, NASHIK",Artificial Intelligence and Data Science,DEF,I,2023-24,60,1
5331,"Sandip Foundation's, Sandip Institute of Engineering & Management, Nashik",Civil Engineering,PWD,I,2023-24,120,3
5331,"Sandip Foundation's, Sandip Institute of Engineering & Management, Nashik",Civil Engineering,DEF,I,2023-24,120,3
5331,"Sandip Foundation's, Sandip Institute of Engineering & Management, Nashik",Computer Engineering,PWD,I,2023-24,60,1
5331,"Sandip Foundation's, Sandip Institute of Engineering & Management, Nashik",Computer Engineering,DEF,I,2023-24,60,1
5331,"Sandip Foundation's, Sandip Institute of Engineering & Management, Nashik",Electrical Engineering,PWD,I,2023-24,60,2
5331,"Sandip Foundation's, Sandip Institute of Engineering & Management, Nashik",Electrical Engineering,DEF,I,2023-24,60,2
5331,"Sandip Foundation's, Sandip Institute of Engineering & Management, Nashik",Electronics and Telecommunication Engg,PWD,I,2023-24,60,1
5331,"Sandip Foundation's, Sandip Institute of Engineering & Management, Nashik",Electronics and Telecommunication Engg,DEF,I,2023-24,60,1
5331,"Sandip Foundation's, Sandip Institute of Engineering & Management, Nashik",Mechanical Engineering,PWD,I,2023-24,60,2
5331,"Sandip Foundation's, Sandip Institute of Engineering & Management, Nashik",Mechanical Engineering,DEF,I,2023-24,60,2
5380,"Adsul's Technical Campus, Chas Dist. Ahmednagar",Civil Engineering,PWD,I,2023-24,30,1
5380,"Adsul's Technical Campus, Chas Dist. Ahmednagar",Civil Engineering,DEF,I,2023-24,30,1
5380,"Adsul's Technical Campus, Chas Dist. Ahmednagar",Computer Engineering,PWD,I,2023-24,180,6
5380,"Adsul's Technical Campus, Chas Dist. Ahmednagar",Computer Engineering,DEF,I,2023-24,180,6
5380,"Adsul's Technical Campus, Chas Dist. Ahmednagar",Electrical Engineering,PWD,I,2023-24,30,1
5380,"Adsul's Technical Campus, Chas Dist. Ahmednagar",Electrical Engineering,DEF,I,2023-24,30,1
5380,"Adsul's Technical Campus, Chas Dist. Ahmednagar",Electronics and Telecommunication Engg,PWD,I,2023-24,60,2
5380,"Adsul's Technical Campus, Chas Dist. Ahmednagar",Electronics and Telecommunication Engg,DEF,I,2023-24,60,2
5380,"Adsul's Technical Campus, Chas Dist. Ahmednagar",Mechanical Engineering,PWD,I,2023-24,60,2
5380,"Adsul's Technical Campus, Chas Dist. Ahmednagar",Mechanical Engineering,DEF,I,2023-24,60,2
5382,"Ahmednagar Jilha Maratha Vidya Prasarak Samajache, Shri. Chhatrapati Shivaji Maharaj College of Engineering, Nepti",Civil Engineering,PWD,I,2023-24,60,2
5382,"Ahmednagar Jilha Maratha Vidya Prasarak Samajache, Shri. Chhatrapati Shivaji Maharaj College of Engineering, Nepti",Civil Engineering,DEF,I,2023-24,60,2
5382,"Ahmednagar Jilha Maratha Vidya Prasarak Samajache, Shri. Chhatrapati Shivaji Maharaj College of Engineering, Nepti",Computer Engineering,PWD,I,2023-24,60,1
5382,"Ahmednagar Jilha Maratha Vidya Prasarak Samajache, Shri. Chhatrapati Shivaji Maharaj College of Engineering, Nepti",Computer Engineering,DEF,I,2023-24,60,1
5382,"Ahmednagar Jilha Maratha Vidya Prasarak Samajache, Shri. Chhatrapati Shivaji Maharaj College of Engineering, Nepti",Artificial Intelligence (AI) and Data Science,PWD,I,2023-24,60,1
5382,"Ahmednagar Jilha Maratha Vidya Prasarak Samajache, Shri. Chhatrapati Shivaji Maharaj College of Engineering, Nepti",Artificial Intelligence (AI) and Data Science,DEF,I,2023-24,60,1
5382,"Ahmednagar Jilha Maratha Vidya Prasarak Samajache, Shri. Chhatrapati Shivaji Maharaj College of Engineering, Nepti",Electronics and Telecommunication Engg,PWD,I,2023-24,60,2
5382,"Ahmednagar Jilha Maratha Vidya Prasarak Samajache, Shri. Chhatrapati Shivaji Maharaj College of Engineering, Nepti",Electronics and Telecommunication Engg,DEF,I,2023-24,60,2
5382,"Ahmednagar Jilha Maratha Vidya Prasarak Samajache, Shri. Chhatrapati Shivaji Maharaj College of Engineering, Nepti",Mechanical Engineering,PWD,I,2023-24,60,2
5382,"Ahmednagar Jilha Maratha Vidya Prasarak Samajache, Shri. Chhatrapati Shivaji Maharaj College of Engineering, Nepti",Mechanical Engineering,DEF,I,2023-24,60,2
5390,"K.V.N. Naik S. P. Sansth's Loknete Gopinathji Munde Institute of Engineering Education & Research, Nashik.",Civil Engineering,PWD,I,2023-24,60,2
5390,"K.V.N. Naik S. P. Sansth's Loknete Gopinathji Munde Institute of Engineering Education & Research, Nashik.",Civil Engineering,DEF,I,2023-24,60,2
5390,"K.V.N. Naik S. P. Sansth's Loknete Gopinathji Munde Institute of Engineering Education & Research, Nashik.",Computer Engineering,PWD,I,2023-24,60,1
5390,"K.V.N. Naik S. P. Sansth's Loknete Gopinathji Munde Institute of Engineering Education & Research, Nashik.",Computer Engineering,DEF,I,2023-24,60,1
5390,"K.V.N. Naik S. P. Sansth's Loknete Gopinathji Munde Institute of Engineering Education & Research, Nashik.",Electrical Engineering,PWD,I,2023-24,60,2
5390,"K.V.N. Naik S. P. Sansth's Loknete Gopinathji Munde Institute of Engineering Education & Research, Nashik.",Electrical Engineering,DEF,I,2023-24,60,2
5390,"K.V.N. Naik S. P. Sansth's Loknete Gopinathji Munde Institute of Engineering Education & Research, Nashik.",Mechanical Engineering,PWD,I,2023-24,60,2
5390,"K.V.N. Naik S. P. Sansth's Loknete Gopinathji Munde Institute of Engineering Education & Research, Nashik.",Mechanical Engineering,DEF,I,2023-24,60,2
5390,"K.V.N. Naik S. P. Sansth's Loknete Gopinathji Munde Institute of Engineering Education & Research, Nashik.",Artificial Intelligence and Machine Learning,PWD,I,2023-24,30,1
5390,"K.V.N. Naik S. P. Sansth's Loknete Gopinathji Munde Institute of Engineering Education & Research, Nashik.",Artificial Intelligence and Machine Learning,DEF,I,2023-24,30,1
5399,"Sanghavi College of Engineering, Varvandi, Nashik.",Civil Engineering,PWD,I,2023-24,60,2
5399,"Sanghavi College of Engineering, Varvandi, Nashik.",Civil Engineering,DEF,I,2023-24,60,2
5399,"Sanghavi College of Engineering, Varvandi, Nashik.",Computer Engineering,PWD,I,2023-24,60,1
5399,"Sanghavi College of Engineering, Varvandi, Nashik.",Computer Engineering,DEF,I,2023-24,60,1
5399,"Sanghavi College of Engineering, Varvandi, Nashik.",Electrical Engineering,PWD,I,2023-24,60,2
5399,"Sanghavi College of Engineering, Varvandi, Nashik.",Electrical Engineering,DEF,I,2023-24,60,2
5399,"Sanghavi College of Engineering, Varvandi, Nashik.",Mechanical Engineering,PWD,I,2023-24,60,2
5399,"Sanghavi College of Engineering, Varvandi, Nashik.",Mechanical Engineering,DEF,I,2023-24,60,2
5401,"Jawahar Education Society's Institute of Technology, Management & Research, Nashik.",Civil Engineering,PWD,I,2023-24,23,1
5401,"Jawahar Education Society's Institute of Technology, Management & Research, Nashik.",Civil Engineering,DEF,I,2023-24,23,1
5401,"Jawahar Education Society's Institute of Technology, Management & Research, Nashik.",Computer Engineering,PWD,I,2023-24,90,2
5401,"Jawahar Education Society's Institute of Technology, Management & Research, Nashik.",Computer Engineering,DEF,I,2023-24,90,2
5401,"Jawahar Education Society's Institute of Technology, Management & Research, Nashik.",Information Technology,PWD,I,2023-24,60,1
5401,"Jawahar Education Society's Institute of Technology, Management & Research, Nashik.",Information Technology,DEF,I,2023-24,60,1
5401,"Jawahar Education Society's Institute of Technology, Management & Research, Nashik.",Artificial Intelligence (AI) and Data Science,PWD,I,2023-24,60,1
5401,"Jawahar Education Society's Institute of Technology, Management & Research, Nashik.",Artificial Intelligence (AI) and Data Science,DEF,I,2023-24,60,1
5401,"Jawahar Education Society's Institute of Technology, Management & Research, Nashik.",Electrical Engineering,PWD,I,2023-24,60,1
5401,"Jawahar Education Society's Institute of Technology, Management & Research, Nashik.",Electrical Engineering,DEF,I,2023-24,60,1
5401,"Jawahar Education Society's Institute of Technology, Management & Research, Nashik.",Mechanical Engineering,PWD,I,2023-24,23,1
5401,"Jawahar Education Society's Institute of Technology, Management & Research, Nashik.",Mechanical Engineering,DEF,I,2023-24,23,1
5408,"Vidya Niketan College of Engineering, Bota Sangamner",Civil Engineering,PWD,I,2023-24,60,2
5408,"Vidya Niketan College of Engineering, Bota Sangamner",Civil Engineering,DEF,I,2023-24,60,2
5408,"Vidya Niketan College of Engineering, Bota Sangamner",Computer Engineering,PWD,I,2023-24,60,2
5408,"Vidya Niketan College of Engineering, Bota Sangamner",Computer Engineering,DEF,I,2023-24,60,2
5408,"Vidya Niketan College of Engineering, Bota Sangamner",Electrical Engineering,PWD,I,2023-24,30,1
5408,"Vidya Niketan College of Engineering, Bota Sangamner",Electrical Engineering,DEF,I,2023-24,30,1
5408,"Vidya Niketan College of Engineering, Bota Sangamner",Electronics and Telecommunication Engg,PWD,I,2023-24,60,2
5408,"Vidya Niketan College of Engineering, Bota Sangamner",Electronics and Telecommunication Engg,DEF,I,2023-24,60,2
5408,"Vidya Niketan College of Engineering, Bota Sangamner",Mechanical Engineering,PWD,I,2023-24,60,2
5408,"Vidya Niketan College of Engineering, Bota Sangamner",Mechanical Engineering,DEF,I,2023-24,60,2
5409,"Rajiv Gandhi College of Engineering, At Post Karjule Hariya Tal.Parner, Dist.Ahmednagar",Computer Engineering,PWD,I,2023-24,120,3
5409,"Rajiv Gandhi College of Engineering, At Post Karjule Hariya Tal.Parner, Dist.Ahmednagar",Computer Engineering,DEF,I,2023-24,120,3
5409,"Rajiv Gandhi College of Engineering, At Post Karjule Hariya Tal.Parner, Dist.Ahmednagar",Electrical Engineering,PWD,I,2023-24,60,2
5409,"Rajiv Gandhi College of Engineering, At Post Karjule Hariya Tal.Parner, Dist.Ahmednagar",Electrical Engineering,DEF,I,2023-24,60,2
5409,"Rajiv Gandhi College of Engineering, At Post Karjule Hariya Tal.Parner, Dist.Ahmednagar",Electronics and Telecommunication Engg,PWD,I,2023-24,60,2
5409,"Rajiv Gandhi College of Engineering, At Post Karjule Hariya Tal.Parner, Dist.Ahmednagar",Electronics and Telecommunication Engg,DEF,I,2023-24,60,2
5409,"Rajiv Gandhi College of Engineering, At Post Karjule Hariya Tal.Parner, Dist.Ahmednagar",Mechanical Engineering,PWD,I,2023-24,120,3
5409,"Rajiv Gandhi College of Engineering, At Post Karjule Hariya Tal.Parner, Dist.Ahmednagar",Mechanical Engineering,DEF,I,2023-24,120,3
5411,"Maulana Mukhtar Ahmad Nadvi Technical Campus, Malegaon.",Civil Engineering,PWD,I,2023-24,60,0
5411,"Maulana Mukhtar Ahmad Nadvi Technical Campus, Malegaon.",Civil Engineering,DEF,I,2023-24,60,0
5411,"Maulana Mukhtar Ahmad Nadvi Technical Campus, Malegaon.",Computer Engineering,PWD,I,2023-24,120,0
5411,"Maulana Mukhtar Ahmad Nadvi Technical Campus, Malegaon.",Computer Engineering,DEF,I,2023-24,120,0
5411,"Maulana Mukhtar Ahmad Nadvi Technical Campus, Malegaon.",Electrical Engineering,PWD,I,2023-24,30,0
5411,"Maulana Mukhtar Ahmad Nadvi Technical Campus, Malegaon.",Electrical Engineering,DEF,I,2023-24,30,0
5411,"Maulana Mukhtar Ahmad Nadvi Technical Campus, Malegaon.",Electronics and Telecommunication Engg,PWD,I,2023-24,30,0
5411,"Maulana Mukhtar Ahmad Nadvi Technical Campus, Malegaon.",Electronics and Telecommunication Engg,DEF,I,2023-24,30,0
5411,"Maulana Mukhtar Ahmad Nadvi Technical Campus, Malegaon.",Mechanical Engineering,PWD,I,2023-24,60,0
5411,"Maulana Mukhtar Ahmad Nadvi Technical Campus, Malegaon.",Mechanical Engineering,DEF,I,2023-24,60,0
5418,"Guru Gobind Singh College of Engineering & Research Centre, Nashik.",Civil Engineering,PWD,I,2023-24,60,2
5418,"Guru Gobind Singh College of Engineering & Research Centre, Nashik.",Civil Engineering,DEF,I,2023-24,60,2
5418,"Guru Gobind Singh College of Engineering & Research Centre, Nashik.",Computer Engineering,PWD,I,2023-24,120,2
5418,"Guru Gobind Singh College of Engineering & Research Centre, Nashik.",Computer Engineering,DEF,I,2023-24,120,2
5418,"Guru Gobind Singh College of Engineering & Research Centre, Nashik.",Artificial Intelligence (AI) and Data Science,PWD,I,2023-24,60,1
5418,"Guru Gobind Singh College of Engineering & Research Centre, Nashik.",Artificial Intelligence (AI) and Data Science,DEF,I,2023-24,60,1
5418,"Guru Gobind Singh College of Engineering & Research Centre, Nashik.",Electrical Engineering,PWD,I,2023-24,60,2
5418,"Guru Gobind Singh College of Engineering & Research Centre, Nashik.",Electrical Engineering,DEF,I,2023-24,60,2
5418,"Guru Gobind Singh College of Engineering & Research Centre, Nashik.",Mechanical Engineering,PWD,I,2023-24,60,2
5418,"Guru Gobind Singh College of Engineering & Research Centre, Nashik.",Mechanical Engineering,DEF,I,2023-24,60,2
5418,"Guru Gobind Singh College of Engineering & Research Centre, Nashik.",Automation and Robotics,PWD,I,2023-24,60,2
5418,"Guru Gobind Singh College of Engineering & Research Centre, Nashik.",Automation and Robotics,DEF,I,2023-24,60,2
6004,"Government College of Engineering & Research, Avasari Khurd",Civil Engineering,PWD,I,2023-24,60,2
6004,"Government College of Engineering & Research, Avasari Khurd",Civil Engineering,DEF,I,2023-24,60,2
6004,"Government College of Engineering & Research, Avasari Khurd",Computer Engineering,PWD,I,2023-24,60,2
6004,"Government College of Engineering & Research, Avasari Khurd",Computer Engineering,DEF,I,2023-24,60,2
6004,"Government College of Engineering & Research, Avasari Khurd",Electronics and Telecommunication Engg,PWD,I,2023-24,60,2
6004,"Government College of Engineering & Research, Avasari Khurd",Electronics and Telecommunication Engg,DEF,I,2023-24,60,2
6004,"Government College of Engineering & Research, Avasari Khurd",Instrumentation and Control Engineering,PWD,I,2023-24,60,2
6004,"Government College of Engineering & Research, Avasari Khurd",Instrumentation and Control Engineering,DEF,I,2023-24,60,2
6004,"Government College of Engineering & Research, Avasari Khurd",Automobile Engineering,PWD,I,2023-24,60,2
6004,"Government College of Engineering & Research, Avasari Khurd",Automobile Engineering,DEF,I,2023-24,60,2
6004,"Government College of Engineering & Research, Avasari Khurd",Mechanical Engineering,PWD,I,2023-24,60,2
6004,"Government College of Engineering & Research, Avasari Khurd",Mechanical Engineering,DEF,I,2023-24,60,2
6122,"TSSMS's Pd. Vasantdada Patil Institute of Technology, Bavdhan, Pune",Civil Engineering,PWD,I,2023-24,60,2
6122,"TSSMS's Pd. Vasantdada Patil Institute of Technology, Bavdhan, Pune",Civil Engineering,DEF,I,2023-24,60,2
6122,"TSSMS's Pd. Vasantdada Patil Institute of Technology, Bavdhan, Pune",Computer Engineering,PWD,I,2023-24,180,4
6122,"TSSMS's Pd. Vasantdada Patil Institute of Technology, Bavdhan, Pune",Computer Engineering,DEF,I,2023-24,180,4
6122,"TSSMS's Pd. Vasantdada Patil Institute of Technology, Bavdhan, Pune",Electronics and Telecommunication Engg,PWD,I,2023-24,60,2
6122,"TSSMS's Pd. Vasantdada Patil Institute of Technology, Bavdhan, Pune",Electronics and Telecommunication Engg,DEF,I,2023-24,60,2
6122,"TSSMS's Pd. Vasantdada Patil Institute of Technology, Bavdhan, Pune",Mechanical Engineering,PWD,I,2023-24,120,3
6122,"TSSMS's Pd. Vasantdada Patil Institute of Technology, Bavdhan, Pune",Mechanical Engineering,DEF,I,2023-24,120,3
6122,"TSSMS's Pd. Vasantdada Patil Institute of Technology, Bavdhan, Pune",Computer Science and Engineering(Data Science),PWD,I,2023-24,60,1
6122,"TSSMS's Pd. Vasantdada Patil Institute of Technology, Bavdhan, Pune",Computer Science and Engineering(Data Science),DEF,I,2023-24,60,1
6138,"Genba Sopanrao Moze Trust Parvatibai Genba Moze College of Engineering,Wagholi, Pune",Civil Engineering,PWD,I,2023-24,30,1
6138,"Genba Sopanrao Moze Trust Parvatibai Genba Moze College of Engineering,Wagholi, Pune",Civil Engineering,DEF,I,2023-24,30,1
6138,"Genba Sopanrao Moze Trust Parvatibai Genba Moze College of Engineering,Wagholi, Pune",Computer Engineering,PWD,I,2023-24,120,2
6138,"Genba Sopanrao Moze Trust Parvatibai Genba Moze College of Engineering,Wagholi, Pune",Computer Engineering,DEF,I,2023-24,120,2
6138,"Genba Sopanrao Moze Trust Parvatibai Genba Moze College of Engineering,Wagholi, Pune",Information Technology,PWD,I,2023-24,90,2
6138,"Genba Sopanrao Moze Trust Parvatibai Genba Moze College of Engineering,Wagholi, Pune",Information Technology,DEF,I,2023-24,90,2
6138,"Genba Sopanrao Moze Trust Parvatibai Genba Moze College of Engineering,Wagholi, Pune",Artificial Intelligence (AI) and Data Science,PWD,I,2023-24,90,2
6138,"Genba Sopanrao Moze Trust Parvatibai Genba Moze College of Engineering,Wagholi, Pune",Artificial Intelligence (AI) and Data Science,DEF,I,2023-24,90,2
6138,"Genba Sopanrao Moze Trust Parvatibai Genba Moze College of Engineering,Wagholi, Pune",Electronics and Telecommunication Engg,PWD,I,2023-24,60,1
6138,"Genba Sopanrao Moze Trust Parvatibai Genba Moze College of Engineering,Wagholi, Pune",Electronics and Telecommunication Engg,DEF,I,2023-24,60,1
6138,"Genba Sopanrao Moze Trust Parvatibai Genba Moze College of Engineering,Wagholi, Pune",Mechanical Engineering,PWD,I,2023-24,30,1
6138,"Genba Sopanrao Moze Trust Parvatibai Genba Moze College of Engineering,Wagholi, Pune",Mechanical Engineering,DEF,I,2023-24,30,1
6139,"Progressive Education Society's Modern College of Engineering, Pune",Computer Engineering,PWD,I,2023-24,180,4
6139,"Progressive Education Society's Modern College of Engineering, Pune",Computer Engineering,DEF,I,2023-24,180,4
6139,"Progressive Education Society's Modern College of Engineering, Pune",Information Technology,PWD,I,2023-24,120,2
6139,"Progressive Education Society's Modern College of Engineering, Pune",Information Technology,DEF,I,2023-24,120,2
6139,"Progressive Education Society's Modern College of Engineering, Pune",Electrical Engineering,PWD,I,2023-24,120,3
6139,"Progressive Education Society's Modern College of Engineering, Pune",Electrical Engineering,DEF,I,2023-24,120,3
6139,"Progressive Education Society's Modern College of Engineering, Pune",Electronics and Telecommunication Engg,PWD,I,2023-24,120,3
6139,"Progressive Education Society's Modern College of Engineering, Pune",Electronics and Telecommunication Engg,DEF,I,2023-24,120,3
6139,"Progressive Education Society's Modern College of Engineering, Pune",Mechanical Engineering,PWD,I,2023-24,180,6
6139,"Progressive Education Society's Modern College of Engineering, Pune",Mechanical Engineering,DEF,I,2023-24,180,6
6139,"Progressive Education Society's Modern College of Engineering, Pune",Electronics and Computer Engineering,PWD,I,2023-24,60,1
6139,"Progressive Education Society's Modern College of Engineering, Pune",Electronics and Computer Engineering,DEF,I,2023-24,60,1
6139,"Progressive Education Society's Modern College of Engineering, Pune",Artificial Intelligence and Machine Learning,PWD,I,2023-24,60,1
6139,"Progressive Education Society's Modern College of Engineering, Pune",Artificial Intelligence and Machine Learning,DEF,I,2023-24,60,1
6139,"Progressive Education Society's Modern College of Engineering, Pune",Artificial Intelligence and Data Science,PWD,I,2023-24,120,2
6139,"Progressive Education Society's Modern College of Engineering, Pune",Artificial Intelligence and Data Science,DEF,I,2023-24,120,2
6144,"Genba Sopanrao Moze College of Engineering, Baner-Balewadi, Pune",Civil Engineering,PWD,I,2023-24,60,2
6144,"Genba Sopanrao Moze College of Engineering, Baner-Balewadi, Pune",Civil Engineering,DEF,I,2023-24,60,2
6144,"Genba Sopanrao Moze College of Engineering, Baner-Balewadi, Pune",Computer Engineering,PWD,I,2023-24,150,3
6144,"Genba Sopanrao Moze College of Engineering, Baner-Balewadi, Pune",Computer Engineering,DEF,I,2023-24,150,3
6144,"Genba Sopanrao Moze College of Engineering, Baner-Balewadi, Pune",Information Technology,PWD,I,2023-24,90,2
6144,"Genba Sopanrao Moze College of Engineering, Baner-Balewadi, Pune",Information Technology,DEF,I,2023-24,90,2
6144,"Genba Sopanrao Moze College of Engineering, Baner-Balewadi, Pune",Electronics and Telecommunication Engg,PWD,I,2023-24,30,1
6144,"Genba Sopanrao Moze College of Engineering, Baner-Balewadi, Pune",Electronics and Telecommunication Engg,DEF,I,2023-24,30,1
6144,"Genba Sopanrao Moze College of Engineering, Baner-Balewadi, Pune",Mechanical Engineering,PWD,I,2023-24,30,1
6144,"Genba Sopanrao Moze College of Engineering, Baner-Balewadi, Pune",Mechanical Engineering,DEF,I,2023-24,30,1
6144,"Genba Sopanrao Moze College of Engineering, Baner-Balewadi, Pune",Artificial Intelligence and Machine Learning,PWD,I,2023-24,30,1
6144,"Genba Sopanrao Moze College of Engineering, Baner-Balewadi, Pune",Artificial Intelligence and Machine Learning,DEF,I,2023-24,30,1
6144,"Genba Sopanrao Moze College of Engineering, Baner-Balewadi, Pune",Artificial Intelligence and Data Science,PWD,I,2023-24,90,2
6144,"Genba Sopanrao Moze College of Engineering, Baner-Balewadi, Pune",Artificial Intelligence and Data Science,DEF,I,2023-24,90,2
6145,"JSPM'S Jaywantrao Sawant College of Engineering,Pune",Computer Engineering,PWD,I,2023-24,120,2
6145,"JSPM'S Jaywantrao Sawant College of Engineering,Pune",Computer Engineering,DEF,I,2023-24,120,2
6145,"JSPM'S Jaywantrao Sawant College of Engineering,Pune",Information Technology,PWD,I,2023-24,120,2
6145,"JSPM'S Jaywantrao Sawant College of Engineering,Pune",Information Technology,DEF,I,2023-24,120,2
6145,"JSPM'S Jaywantrao Sawant College of Engineering,Pune",Artificial Intelligence (AI) and Data Science,PWD,I,2023-24,60,1
6145,"JSPM'S Jaywantrao Sawant College of Engineering,Pune",Artificial Intelligence (AI) and Data Science,DEF,I,2023-24,60,1
6145,"JSPM'S Jaywantrao Sawant College of Engineering,Pune",Electrical Engineering,PWD,I,2023-24,60,2
6145,"JSPM'S Jaywantrao Sawant College of Engineering,Pune",Electrical Engineering,DEF,I,2023-24,60,2
6145,"JSPM'S Jaywantrao Sawant College of Engineering,Pune",Electronics and Telecommunication Engg,PWD,I,2023-24,120,3
6145,"JSPM'S Jaywantrao Sawant College of Engineering,Pune",Electronics and Telecommunication Engg,DEF,I,2023-24,120,3
6145,"JSPM'S Jaywantrao Sawant College of Engineering,Pune",Mechanical Engineering,PWD,I,2023-24,120,3
6145,"JSPM'S Jaywantrao Sawant College of Engineering,Pune",Mechanical Engineering,DEF,I,2023-24,120,3
6149,"Siddhant College of Engineering, A/p Sudumbare, Tal.Maval, Dist-Pune",Civil Engineering,PWD,I,2023-24,60,0
6149,"Siddhant College of Engineering, A/p Sudumbare, Tal.Maval, Dist-Pune",Civil Engineering,DEF,I,2023-24,60,0
6149,"Siddhant College of Engineering, A/p Sudumbare, Tal.Maval, Dist-Pune",Computer Engineering,PWD,I,2023-24,120,0
6149,"Siddhant College of Engineering, A/p Sudumbare, Tal.Maval, Dist-Pune",Computer Engineering,DEF,I,2023-24,120,0
6149,"Siddhant College of Engineering, A/p Sudumbare, Tal.Maval, Dist-Pune",Information Technology,PWD,I,2023-24,60,0
6149,"Siddhant College of Engineering, A/p Sudumbare, Tal.Maval, Dist-Pune",Information Technology,DEF,I,2023-24,60,0
6149,"Siddhant College of Engineering, A/p Sudumbare, Tal.Maval, Dist-Pune",Electronics and Telecommunication Engg,PWD,I,2023-24,60,0
6149,"Siddhant College of Engineering, A/p Sudumbare, Tal.Maval, Dist-Pune",Electronics and Telecommunication Engg,DEF,I,2023-24,60,0
6149,"Siddhant College of Engineering, A/p Sudumbare, Tal.Maval, Dist-Pune",Mechanical Engineering,PWD,I,2023-24,60,0
6149,"Siddhant College of Engineering, A/p Sudumbare, Tal.Maval, Dist-Pune",Mechanical Engineering,DEF,I,2023-24,60,0
6156,"Marathwada Mitra Mandal's College of Engineering, Karvenagar, Pune",Computer Engineering,PWD,I,2023-24,120,2
6156,"Marathwada Mitra Mandal's College of Engineering, Karvenagar, Pune",Computer Engineering,DEF,I,2023-24,120,2
6156,"Marathwada Mitra Mandal's College of Engineering, Karvenagar, Pune",Information Technology,PWD,I,2023-24,60,1
6156,"Marathwada Mitra Mandal's College of Engineering, Karvenagar, Pune",Information Technology,DEF,I,2023-24,60,1
6156,"Marathwada Mitra Mandal's College of Engineering, Karvenagar, Pune",Electrical Engineering,PWD,I,2023-24,60,1
6156,"Marathwada Mitra Mandal's College of Engineering, Karvenagar, Pune",Electrical Engineering,DEF,I,2023-24,60,1
6156,"Marathwada Mitra Mandal's College of Engineering, Karvenagar, Pune",Electronics and Telecommunication Engg,PWD,I,2023-24,120,2
6156,"Marathwada Mitra Mandal's College of Engineering, Karvenagar, Pune",Electronics and Telecommunication Engg,DEF,I,2023-24,120,2
6156,"Marathwada Mitra Mandal's College of Engineering, Karvenagar, Pune",Mechanical Engineering,PWD,I,2023-24,120,3
6156,"Marathwada Mitra Mandal's College of Engineering, Karvenagar, Pune",Mechanical Engineering,DEF,I,2023-24,120,3
6156,"Marathwada Mitra Mandal's College of Engineering, Karvenagar, Pune",Artificial Intelligence and Data Science,PWD,I,2023-24,60,1
6156,"Marathwada Mitra Mandal's College of Engineering, Karvenagar, Pune",Artificial Intelligence and Data Science,DEF,I,2023-24,60,1
6177,"Sinhgad College of Engineering, Vadgaon (BK), Pune",Bio Technology,PWD,I,2023-24,60,2
6177,"Sinhgad College of Engineering, Vadgaon (BK), Pune",Bio Technology,DEF,I,2023-24,60,2
6177,"Sinhgad College of Engineering, Vadgaon (BK), Pune",Civil Engineering,PWD,I,2023-24,180,6
6177,"Sinhgad College of Engineering, Vadgaon (BK), Pune",Civil Engineering,DEF,I,2023-24,180,6
6177,"Sinhgad College of Engineering, Vadgaon (BK), Pune",Computer Engineering,PWD,I,2023-24,180,4
6177,"Sinhgad College of Engineering, Vadgaon (BK), Pune",Computer Engineering,DEF,I,2023-24,180,4
6177,"Sinhgad College of Engineering, Vadgaon (BK), Pune",Information Technology,PWD,I,2023-24,120,2
6177,"Sinhgad College of Engineering, Vadgaon (BK), Pune",Information Technology,DEF,I,2023-24,120,2
6177,"Sinhgad College of Engineering, Vadgaon (BK), Pune",Electronics and Telecommunication Engg,PWD,I,2023-24,240,6
6177,"Sinhgad College of Engineering, Vadgaon (BK), Pune",Electronics and Telecommunication Engg,DEF,I,2023-24,240,6
6177,"Sinhgad College of Engineering, Vadgaon (BK), Pune",Chemical Engineering,PWD,I,2023-24,60,2
6177,"Sinhgad College of Engineering, Vadgaon (BK), Pune",Chemical Engineering,DEF,I,2023-24,60,2
6177,"Sinhgad College of Engineering, Vadgaon (BK), Pune",Production Engineering,PWD,I,2023-24,60,2
6177,"Sinhgad College of Engineering, Vadgaon (BK), Pune",Production Engineering,DEF,I,2023-24,60,2
6177,"Sinhgad College of Engineering, Vadgaon (BK), Pune",Mechanical Engineering,PWD,I,2023-24,300,10
6177,"Sinhgad College of Engineering, Vadgaon (BK), Pune",Mechanical Engineering,DEF,I,2023-24,300,10
6178,"Sinhgad Technical Education Society's Smt. Kashibai Navale College of Engineering,Vadgaon,Pune",Computer Engineering,PWD,I,2023-24,300,7
6178,"Sinhgad Technical Education Society's Smt. Kashibai Navale College of Engineering,Vadgaon,Pune",Computer Engineering,DEF,I,2023-24,300,7
6178,"Sinhgad Technical Education Society's Smt. Kashibai Navale College of Engineering,Vadgaon,Pune",Information Technology,PWD,I,2023-24,120,2
6178,"Sinhgad Technical Education Society's Smt. Kashibai Navale College of Engineering,Vadgaon,Pune",Information Technology,DEF,I,2023-24,120,2
6178,"Sinhgad Technical Education Society's Smt. Kashibai Navale College of Engineering,Vadgaon,Pune",Electronics and Telecommunication Engg,PWD,I,2023-24,300,7
6178,"Sinhgad Technical Education Society's Smt. Kashibai Navale College of Engineering,Vadgaon,Pune",Electronics and Telecommunication Engg,DEF,I,2023-24,300,7
6178,"Sinhgad Technical Education Society's Smt. Kashibai Navale College of Engineering,Vadgaon,Pune",Mechanical Engineering,PWD,I,2023-24,330,10
6178,"Sinhgad Technical Education Society's Smt. Kashibai Navale College of Engineering,Vadgaon,Pune",Mechanical Engineering,DEF,I,2023-24,330,10
6179,"Indira College of Engineering & Management, Pune",Civil Engineering,PWD,I,2023-24,30,1
6179,"Indira College of Engineering & Management, Pune",Civil Engineering,DEF,I,2023-24,30,1
6179,"Indira College of Engineering & Management, Pune",Computer Engineering,PWD,I,2023-24,120,2
6179,"Indira College of Engineering & Management, Pune",Computer Engineering,DEF,I,2023-24,120,2
6179,"Indira College of Engineering & Management, Pune",Electronics and Telecommunication Engg,PWD,I,2023-24,30,1
6179,"Indira College of Engineering & Management, Pune",Electronics and Telecommunication Engg,DEF,I,2023-24,30,1
6179,"Indira College of Engineering & Management, Pune",Mechanical Engineering,PWD,I,2023-24,60,2
6179,"Indira College of Engineering & Management, Pune",Mechanical Engineering,DEF,I,2023-24,60,2
6179,"Indira College of Engineering & Management, Pune",Artificial Intelligence and Data Science,PWD,I,2023-24,60,1
6179,"Indira College of Engineering & Management, Pune",Artificial Intelligence and Data Science,DEF,I,2023-24,60,1
6182,"Sinhgad Technical Education Society, Sinhgad Institute of Technology and Science, Narhe (Ambegaon)",Civil Engineering,PWD,I,2023-24,60,2
6182,"Sinhgad Technical Education Society, Sinhgad Institute of Technology and Science, Narhe (Ambegaon)",Civil Engineering,DEF,I,2023-24,60,2
6182,"Sinhgad Technical Education Society, Sinhgad Institute of Technology and Science, Narhe (Ambegaon)",Computer Engineering,PWD,I,2023-24,120,2
6182,"Sinhgad Technical Education Society, Sinhgad Institute of Technology and Science, Narhe (Ambegaon)",Computer Engineering,DEF,I,2023-24,120,2
6182,"Sinhgad Technical Education Society, Sinhgad Institute of Technology and Science, Narhe (Ambegaon)",Information Technology,PWD,I,2023-24,60,1
6182,"Sinhgad Technical Education Society, Sinhgad Institute of Technology and Science, Narhe (Ambegaon)",Information Technology,DEF,I,2023-24,60,1
6182,"Sinhgad Technical Education Society, Sinhgad Institute of Technology and Science, Narhe (Ambegaon)",Electronics and Telecommunication Engg,PWD,I,2023-24,120,2
6182,"Sinhgad Technical Education Society, Sinhgad Institute of Technology and Science, Narhe (Ambegaon)",Electronics and Telecommunication Engg,DEF,I,2023-24,120,2
6182,"Sinhgad Technical Education Society, Sinhgad Institute of Technology and Science, Narhe (Ambegaon)",Mechanical Engineering,PWD,I,2023-24,90,2
6182,"Sinhgad Technical Education Society, Sinhgad Institute of Technology and Science, Narhe (Ambegaon)",Mechanical Engineering,DEF,I,2023-24,90,2
6183,"Al-Ameen Educational and Medical Foundation, College of Engineering, Koregaon, Bhima",Computer Engineering,PWD,I,2023-24,54,0
6183,"Al-Ameen Educational and Medical Foundation, College of Engineering, Koregaon, Bhima",Computer Engineering,DEF,I,2023-24,54,0
6183,"Al-Ameen Educational and Medical Foundation, College of Engineering, Koregaon, Bhima",Electronics and Telecommunication Engg,PWD,I,2023-24,30,0
6183,"Al-Ameen Educational and Medical Foundation, College of Engineering, Koregaon, Bhima",Electronics and Telecommunication Engg,DEF,I,2023-24,30,0
6183,"Al-Ameen Educational and Medical Foundation, College of Engineering, Koregaon, Bhima",Mechanical Engineering,PWD,I,2023-24,54,0
6183,"Al-Ameen Educational and Medical Foundation, College of Engineering, Koregaon, Bhima",Mechanical Engineering,DEF,I,2023-24,54,0
6184,"K. J.'s Educational Institut Trinity College of Engineering and Research, Pisoli, Haveli",Civil Engineering,PWD,I,2023-24,60,2
6184,"K. J.'s Educational Institut Trinity College of Engineering and Research, Pisoli, Haveli",Civil Engineering,DEF,I,2023-24,60,2
6184,"K. J.'s Educational Institut Trinity College of Engineering and Research, Pisoli, Haveli",Computer Engineering,PWD,I,2023-24,120,3
6184,"K. J.'s Educational Institut Trinity College of Engineering and Research, Pisoli, Haveli",Computer Engineering,DEF,I,2023-24,120,3
6184,"K. J.'s Educational Institut Trinity College of Engineering and Research, Pisoli, Haveli",Information Technology,PWD,I,2023-24,60,2
6184,"K. J.'s Educational Institut Trinity College of Engineering and Research, Pisoli, Haveli",Information Technology,DEF,I,2023-24,60,2
6184,"K. J.'s Educational Institut Trinity College of Engineering and Research, Pisoli, Haveli",Electrical Engineering,PWD,I,2023-24,60,2
6184,"K. J.'s Educational Institut Trinity College of Engineering and Research, Pisoli, Haveli",Electrical Engineering,DEF,I,2023-24,60,2
6184,"K. J.'s Educational Institut Trinity College of Engineering and Research, Pisoli, Haveli",Electronics and Telecommunication Engg,PWD,I,2023-24,60,2
6184,"K. J.'s Educational Institut Trinity College of Engineering and Research, Pisoli, Haveli",Electronics and Telecommunication Engg,DEF,I,2023-24,60,2
6184,"K. J.'s Educational Institut Trinity College of Engineering and Research, Pisoli, Haveli",Mechanical Engineering,PWD,I,2023-24,60,2
6184,"K. J.'s Educational Institut Trinity College of Engineering and Research, Pisoli, Haveli",Mechanical Engineering,DEF,I,2023-24,60,2
6185,Sinhgad Institute of Technology,Computer Engineering,PWD,I,2023-24,180,4
6185,Sinhgad Institute of Technology,Computer Engineering,DEF,I,2023-24,180,4
6185,Sinhgad Institute of Technology,Information Technology,PWD,I,2023-24,60,1
6185,Sinhgad Institute of Technology,Information Technology,DEF,I,2023-24,60,1
6185,Sinhgad Institute of Technology,Electrical Engineering,PWD,I,2023-24,60,2
6185,Sinhgad Institute of Technology,Electrical Engineering,DEF,I,2023-24,60,2
6185,Sinhgad Institute of Technology,Electronics and Telecommunication Engg,PWD,I,2023-24,120,3
6185,Sinhgad Institute of Technology,Electronics and Telecommunication Engg,DEF,I,2023-24,120,3
6185,Sinhgad Institute of Technology,Mechanical Engineering,PWD,I,2023-24,210,7
6185,Sinhgad Institute of Technology,Mechanical Engineering,DEF,I,2023-24,210,7
6187,"Sinhgad Academy of Engineering, Kondhwa (BK) Kondhwa-Saswad Road, Pune",Civil Engineering,PWD,I,2023-24,90,2
6187,"Sinhgad Academy of Engineering, Kondhwa (BK) Kondhwa-Saswad Road, Pune",Civil Engineering,DEF,I,2023-24,90,2
6187,"Sinhgad Academy of Engineering, Kondhwa (BK) Kondhwa-Saswad Road, Pune",Computer Engineering,PWD,I,2023-24,180,4
6187,"Sinhgad Academy of Engineering, Kondhwa (BK) Kondhwa-Saswad Road, Pune",Computer Engineering,DEF,I,2023-24,180,4
6187,"Sinhgad Academy of Engineering, Kondhwa (BK) Kondhwa-Saswad Road, Pune",Information Technology,PWD,I,2023-24,60,1
6187,"Sinhgad Academy of Engineering, Kondhwa (BK) Kondhwa-Saswad Road, Pune",Information Technology,DEF,I,2023-24,60,1
6187,"Sinhgad Academy of Engineering, Kondhwa (BK) Kondhwa-Saswad Road, Pune",Electronics and Telecommunication Engg,PWD,I,2023-24,120,2
6187,"Sinhgad Academy of Engineering, Kondhwa (BK) Kondhwa-Saswad Road, Pune",Electronics and Telecommunication Engg,DEF,I,2023-24,120,2
6187,"Sinhgad Academy of Engineering, Kondhwa (BK) Kondhwa-Saswad Road, Pune",Mechanical Engineering,PWD,I,2023-24,150,4
6187,"Sinhgad Academy of Engineering, Kondhwa (BK) Kondhwa-Saswad Road, Pune",Mechanical Engineering,DEF,I,2023-24,150,4
6203,"Marathwada Mitra Mandal's Institute of Technology, Lohgaon, Pune",Civil Engineering,PWD,I,2023-24,60,2
6203,"Marathwada Mitra Mandal's Institute of Technology, Lohgaon, Pune",Civil Engineering,DEF,I,2023-24,60,2
6203,"Marathwada Mitra Mandal's Institute of Technology, Lohgaon, Pune",Computer Engineering,PWD,I,2023-24,120,2
6203,"Marathwada Mitra Mandal's Institute of Technology, Lohgaon, Pune",Computer Engineering,DEF,I,2023-24,120,2
6203,"Marathwada Mitra Mandal's Institute of Technology, Lohgaon, Pune",Mechanical Engineering,PWD,I,2023-24,60,2
6203,"Marathwada Mitra Mandal's Institute of Technology, Lohgaon, Pune",Mechanical Engineering,DEF,I,2023-24,60,2
6203,"Marathwada Mitra Mandal's Institute of Technology, Lohgaon, Pune",Mechatronics Engineering,PWD,I,2023-24,60,1
6203,"Marathwada Mitra Mandal's Institute of Technology, Lohgaon, Pune",Mechatronics Engineering,DEF,I,2023-24,60,1
6203,"Marathwada Mitra Mandal's Institute of Technology, Lohgaon, Pune",Artificial Intelligence and Data Science,PWD,I,2023-24,60,1
6203,"Marathwada Mitra Mandal's Institute of Technology, Lohgaon, Pune",Artificial Intelligence and Data Science,DEF,I,2023-24,60,1
6206,"Pune District Education Association's College of Engineering, Pune",Computer Engineering,PWD,I,2023-24,180,4
6206,"Pune District Education Association's College of Engineering, Pune",Computer Engineering,DEF,I,2023-24,180,4
6206,"Pune District Education Association's College of Engineering, Pune",Information Technology,PWD,I,2023-24,60,1
6206,"Pune District Education Association's College of Engineering, Pune",Information Technology,DEF,I,2023-24,60,1
6206,"Pune District Education Association's College of Engineering, Pune",Electronics and Telecommunication Engg,PWD,I,2023-24,60,2
6206,"Pune District Education Association's College of Engineering, Pune",Electronics and Telecommunication Engg,DEF,I,2023-24,60,2
6206,"Pune District Education Association's College of Engineering, Pune",Mechanical Engineering,PWD,I,2023-24,60,2
6206,"Pune District Education Association's College of Engineering, Pune",Mechanical Engineering,DEF,I,2023-24,60,2
6207,"Dr. D. Y. Patil Unitech Society's Dr. D. Y. Patil Institute of Technology, Pimpri, Pune",Civil Engineering,PWD,I,2023-24,120,3
6207,"Dr. D. Y. Patil Unitech Society's Dr. D. Y. Patil Institute of Technology, Pimpri, Pune",Civil Engineering,DEF,I,2023-24,120,3
6207,"Dr. D. Y. Patil Unitech Society's Dr. D. Y. Patil Institute of Technology, Pimpri, Pune",Computer Engineering,PWD,I,2023-24,240,6
6207,"Dr. D. Y. Patil Unitech Society's Dr. D. Y. Patil Institute of Technology, Pimpri, Pune",Computer Engineering,DEF,I,2023-24,240,6
6207,"Dr. D. Y. Patil Unitech Society's Dr. D. Y. Patil Institute of Technology, Pimpri, Pune",Information Technology,PWD,I,2023-24,60,1
6207,"Dr. D. Y. Patil Unitech Society's Dr. D. Y. Patil Institute of Technology, Pimpri, Pune",Information Technology,DEF,I,2023-24,60,1
6207,"Dr. D. Y. Patil Unitech Society's Dr. D. Y. Patil Institute of Technology, Pimpri, Pune",Electrical Engineering,PWD,I,2023-24,60,1
6207,"Dr. D. Y. Patil Unitech Society's Dr. D. Y. Patil Institute of Technology, Pimpri, Pune",Electrical Engineering,DEF,I,2023-24,60,1
6207,"Dr. D. Y. Patil Unitech Society's Dr. D. Y. Patil Institute of Technology, Pimpri, Pune",Electronics and Telecommunication Engg,PWD,I,2023-24,180,4
6207,"Dr. D. Y. Patil Unitech Society's Dr. D. Y. Patil Institute of Technology, Pimpri, Pune",Electronics and Telecommunication Engg,DEF,I,2023-24,180,4
6207,"Dr. D. Y. Patil Unitech Society's Dr. D. Y. Patil Institute of Technology, Pimpri, Pune",Instrumentation Engineering,PWD,I,2023-24,30,1
6207,"Dr. D. Y. Patil Unitech Society's Dr. D. Y. Patil Institute of Technology, Pimpri, Pune",Instrumentation Engineering,DEF,I,2023-24,30,1
6207,"Dr. D. Y. Patil Unitech Society's Dr. D. Y. Patil Institute of Technology, Pimpri, Pune",Mechanical Engineering,PWD,I,2023-24,180,5
6207,"Dr. D. Y. Patil Unitech Society's Dr. D. Y. Patil Institute of Technology, Pimpri, Pune",Mechanical Engineering,DEF,I,2023-24,180,5
6207,"Dr. D. Y. Patil Unitech Society's Dr. D. Y. Patil Institute of Technology, Pimpri, Pune",Automation and Robotics,PWD,I,2023-24,60,1
6207,"Dr. D. Y. Patil Unitech Society's Dr. D. Y. Patil Institute of Technology, Pimpri, Pune",Automation and Robotics,DEF,I,2023-24,60,1
6207,"Dr. D. Y. Patil Unitech Society's Dr. D. Y. Patil Institute of Technology, Pimpri, Pune",Artificial Intelligence and Data Science,PWD,I,2023-24,180,4
6207,"Dr. D. Y. Patil Unitech Society's Dr. D. Y. Patil Institute of Technology, Pimpri, Pune",Artificial Intelligence and Data Science,DEF,I,2023-24,180,4
6271,"Pune Institute of Computer Technology, Dhankavdi, Pune",Computer Engineering,PWD,I,2023-24,240,6
6271,"Pune Institute of Computer Technology, Dhankavdi, Pune",Computer Engineering,DEF,I,2023-24,240,6
6271,"Pune Institute of Computer Technology, Dhankavdi, Pune",Information Technology,PWD,I,2023-24,180,4
6271,"Pune Institute of Computer Technology, Dhankavdi, Pune",Information Technology,DEF,I,2023-24,180,4
6271,"Pune Institute of Computer Technology, Dhankavdi, Pune",Artificial Intelligence (AI) and Data Science,PWD,I,2023-24,60,1
6271,"Pune Institute of Computer Technology, Dhankavdi, Pune",Artificial Intelligence (AI) and Data Science,DEF,I,2023-24,60,1
6271,"Pune Institute of Computer Technology, Dhankavdi, Pune",Electronics and Telecommunication Engg,PWD,I,2023-24,240,6
6271,"Pune Institute of Computer Technology, Dhankavdi, Pune",Electronics and Telecommunication Engg,DEF,I,2023-24,240,6
6271,"Pune Institute of Computer Technology, Dhankavdi, Pune",Electronics and Computer Engineering,PWD,I,2023-24,60,1
6271,"Pune Institute of Computer Technology, Dhankavdi, Pune",Electronics and Computer Engineering,DEF,I,2023-24,60,1
6272,"Dr. D. Y. Patil Pratishthan's D.Y.Patil College of Engineering Akurdi, Pune",Civil Engineering,PWD,I,2023-24,120,3
6272,"Dr. D. Y. Patil Pratishthan's D.Y.Patil College of Engineering Akurdi, Pune",Civil Engineering,DEF,I,2023-24,120,3
6272,"Dr. D. Y. Patil Pratishthan's D.Y.Patil College of Engineering Akurdi, Pune",Robotics and Automation,PWD,I,2023-24,60,1
6272,"Dr. D. Y. Patil Pratishthan's D.Y.Patil College of Engineering Akurdi, Pune",Robotics and Automation,DEF,I,2023-24,60,1
6272,"Dr. D. Y. Patil Pratishthan's D.Y.Patil College of Engineering Akurdi, Pune",Computer Engineering,PWD,I,2023-24,180,4
6272,"Dr. D. Y. Patil Pratishthan's D.Y.Patil College of Engineering Akurdi, Pune",Computer Engineering,DEF,I,2023-24,180,4
6272,"Dr. D. Y. Patil Pratishthan's D.Y.Patil College of Engineering Akurdi, Pune",Information Technology,PWD,I,2023-24,180,4
6272,"Dr. D. Y. Patil Pratishthan's D.Y.Patil College of Engineering Akurdi, Pune",Information Technology,DEF,I,2023-24,180,4
6272,"Dr. D. Y. Patil Pratishthan's D.Y.Patil College of Engineering Akurdi, Pune",Electronics and Telecommunication Engg,PWD,I,2023-24,180,4
6272,"Dr. D. Y. Patil Pratishthan's D.Y.Patil College of Engineering Akurdi, Pune",Electronics and Telecommunication Engg,DEF,I,2023-24,180,4
6272,"Dr. D. Y. Patil Pratishthan's D.Y.Patil College of Engineering Akurdi, Pune",Instrumentation Engineering,PWD,I,2023-24,60,2
6272,"Dr. D. Y. Patil Pratishthan's D.Y.Patil College of Engineering Akurdi, Pune",Instrumentation Engineering,DEF,I,2023-24,60,2
6272,"Dr. D. Y. Patil Pratishthan's D.Y.Patil College of Engineering Akurdi, Pune",Mechanical Engineering,PWD,I,2023-24,120,2
6272,"Dr. D. Y. Patil Pratishthan's D.Y.Patil College of Engineering Akurdi, Pune",Mechanical Engineering,DEF,I,2023-24,120,2
6272,"Dr. D. Y. Patil Pratishthan's D.Y.Patil College of Engineering Akurdi, Pune",Artificial Intelligence and Data Science,PWD,I,2023-24,180,4
6272,"Dr. D. Y. Patil Pratishthan's D.Y.Patil College of Engineering Akurdi, Pune",Artificial Intelligence and Data Science,DEF,I,2023-24,180,4
6274,"Pune Vidyarthi Griha's College of Engineering and Technology and G K Pate(Wani) Institute of Management, Pune",Computer Engineering,PWD,I,2023-24,60,2
6274,"Pune Vidyarthi Griha's College of Engineering and Technology and G K Pate(Wani) Institute of Management, Pune",Computer Engineering,DEF,I,2023-24,60,2
6274,"Pune Vidyarthi Griha's College of Engineering and Technology and G K Pate(Wani) Institute of Management, Pune",Information Technology,PWD,I,2023-24,60,2
6274,"Pune Vidyarthi Griha's College of Engineering and Technology and G K Pate(Wani) Institute of Management, Pune",Information Technology,DEF,I,2023-24,60,2
6274,"Pune Vidyarthi Griha's College of Engineering and Technology and G K Pate(Wani) Institute of Management, Pune",Electrical Engineering,PWD,I,2023-24,60,2
6274,"Pune Vidyarthi Griha's College of Engineering and Technology and G K Pate(Wani) Institute of Management, Pune",Electrical Engineering,DEF,I,2023-24,60,2
6274,"Pune Vidyarthi Griha's College of Engineering and Technology and G K Pate(Wani) Institute of Management, Pune",Electronics and Telecommunication Engg,PWD,I,2023-24,120,3
6274,"Pune Vidyarthi Griha's College of Engineering and Technology and G K Pate(Wani) Institute of Management, Pune",Electronics and Telecommunication Engg,DEF,I,2023-24,120,3
6274,"Pune Vidyarthi Griha's College of Engineering and Technology and G K Pate(Wani) Institute of Management, Pune",Mechanical Engineering,PWD,I,2023-24,120,3
6274,"Pune Vidyarthi Griha's College of Engineering and Technology and G K Pate(Wani) Institute of Management, Pune",Mechanical Engineering,DEF,I,2023-24,120,3
6274,"Pune Vidyarthi Griha's College of Engineering and Technology and G K Pate(Wani) Institute of Management, Pune",Printing Technology,PWD,I,2023-24,60,2
6274,"Pune Vidyarthi Griha's College of Engineering and Technology and G K Pate(Wani) Institute of Management, Pune",Printing Technology,DEF,I,2023-24,60,2
6274,"Pune Vidyarthi Griha's College of Engineering and Technology and G K Pate(Wani) Institute of Management, Pune",Artificial Intelligence and Data Science,PWD,I,2023-24,60,2
6274,"Pune Vidyarthi Griha's College of Engineering and Technology and G K Pate(Wani) Institute of Management, Pune",Artificial Intelligence and Data Science,DEF,I,2023-24,60,2
6275,"Shivnagar Vidya Prasarak Mandal's College of Engineering, Malegaon-Baramati",Civil Engineering,PWD,I,2023-24,60,2
6275,"Shivnagar Vidya Prasarak Mandal's College of Engineering, Malegaon-Baramati",Civil Engineering,DEF,I,2023-24,60,2
6275,"Shivnagar Vidya Prasarak Mandal's College of Engineering, Malegaon-Baramati",Computer Engineering,PWD,I,2023-24,90,2
6275,"Shivnagar Vidya Prasarak Mandal's College of Engineering, Malegaon-Baramati",Computer Engineering,DEF,I,2023-24,90,2
6275,"Shivnagar Vidya Prasarak Mandal's College of Engineering, Malegaon-Baramati",Information Technology,PWD,I,2023-24,60,1
6275,"Shivnagar Vidya Prasarak Mandal's College of Engineering, Malegaon-Baramati",Information Technology,DEF,I,2023-24,60,1
6275,"Shivnagar Vidya Prasarak Mandal's College of Engineering, Malegaon-Baramati",Electrical Engineering,PWD,I,2023-24,60,2
6275,"Shivnagar Vidya Prasarak Mandal's College of Engineering, Malegaon-Baramati",Electrical Engineering,DEF,I,2023-24,60,2
6275,"Shivnagar Vidya Prasarak Mandal's College of Engineering, Malegaon-Baramati",Electronics and Telecommunication Engg,PWD,I,2023-24,60,1
6275,"Shivnagar Vidya Prasarak Mandal's College of Engineering, Malegaon-Baramati",Electronics and Telecommunication Engg,DEF,I,2023-24,60,1
6275,"Shivnagar Vidya Prasarak Mandal's College of Engineering, Malegaon-Baramati",Mechanical Engineering,PWD,I,2023-24,60,2
6275,"Shivnagar Vidya Prasarak Mandal's College of Engineering, Malegaon-Baramati",Mechanical Engineering,DEF,I,2023-24,60,2
6278,"All India Shri Shivaji Memorial Society's College of Engineering, Pune",Civil Engineering,PWD,I,2023-24,120,3
6278,"All India Shri Shivaji Memorial Society's College of Engineering, Pune",Civil Engineering,DEF,I,2023-24,120,3
6278,"All India Shri Shivaji Memorial Society's College of Engineering, Pune",Robotics and Automation,PWD,I,2023-24,30,1
6278,"All India Shri Shivaji Memorial Society's College of Engineering, Pune",Robotics and Automation,DEF,I,2023-24,30,1
6278,"All India Shri Shivaji Memorial Society's College of Engineering, Pune",Computer Engineering,PWD,I,2023-24,120,2
6278,"All India Shri Shivaji Memorial Society's College of Engineering, Pune",Computer Engineering,DEF,I,2023-24,120,2
6278,"All India Shri Shivaji Memorial Society's College of Engineering, Pune",Electrical Engineering,PWD,I,2023-24,60,1
6278,"All India Shri Shivaji Memorial Society's College of Engineering, Pune",Electrical Engineering,DEF,I,2023-24,60,1
6278,"All India Shri Shivaji Memorial Society's College of Engineering, Pune",Electronics and Telecommunication Engg,PWD,I,2023-24,60,1
6278,"All India Shri Shivaji Memorial Society's College of Engineering, Pune",Electronics and Telecommunication Engg,DEF,I,2023-24,60,1
6278,"All India Shri Shivaji Memorial Society's College of Engineering, Pune",Electronics Engineering ( VLSI Design and,PWD,I,2023-24,60,1
6278,"All India Shri Shivaji Memorial Society's College of Engineering, Pune",Electronics Engineering ( VLSI Design and,DEF,I,2023-24,60,1
6278,"All India Shri Shivaji Memorial Society's College of Engineering, Pune",Chemical Engineering,PWD,I,2023-24,60,1
6278,"All India Shri Shivaji Memorial Society's College of Engineering, Pune",Chemical Engineering,DEF,I,2023-24,60,1
6278,"All India Shri Shivaji Memorial Society's College of Engineering, Pune",Mechanical Engineering,PWD,I,2023-24,120,3
6278,"All India Shri Shivaji Memorial Society's College of Engineering, Pune",Mechanical Engineering,DEF,I,2023-24,120,3
6278,"All India Shri Shivaji Memorial Society's College of Engineering, Pune",Mechanical Engineering[Sandwich],PWD,I,2023-24,60,1
6278,"All India Shri Shivaji Memorial Society's College of Engineering, Pune",Mechanical Engineering[Sandwich],DEF,I,2023-24,60,1
6281,"Modern Education Society's College of Engineering, Pune",Computer Engineering,PWD,I,2023-24,180,6
6281,"Modern Education Society's College of Engineering, Pune",Computer Engineering,DEF,I,2023-24,180,6
6281,"Modern Education Society's College of Engineering, Pune",Electronics and Telecommunication Engg,PWD,I,2023-24,120,3
6281,"Modern Education Society's College of Engineering, Pune",Electronics and Telecommunication Engg,DEF,I,2023-24,120,3
6281,"Modern Education Society's College of Engineering, Pune",Mechanical Engineering,PWD,I,2023-24,120,3
6281,"Modern Education Society's College of Engineering, Pune",Mechanical Engineering,DEF,I,2023-24,120,3
6281,"Modern Education Society's College of Engineering, Pune",Automation and Robotics,PWD,I,2023-24,60,2
6281,"Modern Education Society's College of Engineering, Pune",Automation and Robotics,DEF,I,2023-24,60,2
6285,"Bharati Vidyapeeth's College of Engineering for Women, Katraj, Dhankawadi, Pune",Automation and Robotics,PWD,I,2023-24,60,1
6285,"Bharati Vidyapeeth's College of Engineering for Women, Katraj, Dhankawadi, Pune",Automation and Robotics,DEF,I,2023-24,60,1
6285,"Bharati Vidyapeeth's College of Engineering for Women, Katraj, Dhankawadi, Pune",Automation and Robotics,PWD,I,2023-24,60,1
6285,"Bharati Vidyapeeth's College of Engineering for Women, Katraj, Dhankawadi, Pune",Automation and Robotics,DEF,I,2023-24,60,1
6285,"Bharati Vidyapeeth's College of Engineering for Women, Katraj, Dhankawadi, Pune",Automation and Robotics,PWD,I,2023-24,60,3
6285,"Bharati Vidyapeeth's College of Engineering for Women, Katraj, Dhankawadi, Pune",Automation and Robotics,DEF,I,2023-24,60,3
6298,"Zeal Education Society's Zeal College of Engineering & Reserch, Narhe, Pune",Civil Engineering,PWD,I,2023-24,60,2
6298,"Zeal Education Society's Zeal College of Engineering & Reserch, Narhe, Pune",Civil Engineering,DEF,I,2023-24,60,2
6298,"Zeal Education Society's Zeal College of Engineering & Reserch, Narhe, Pune",Robotics and Automation,PWD,I,2023-24,60,2
6298,"Zeal Education Society's Zeal College of Engineering & Reserch, Narhe, Pune",Robotics and Automation,DEF,I,2023-24,60,2
6298,"Zeal Education Society's Zeal College of Engineering & Reserch, Narhe, Pune",Computer Engineering,PWD,I,2023-24,180,4
6298,"Zeal Education Society's Zeal College of Engineering & Reserch, Narhe, Pune",Computer Engineering,DEF,I,2023-24,180,4
6298,"Zeal Education Society's Zeal College of Engineering & Reserch, Narhe, Pune",Information Technology,PWD,I,2023-24,120,2
6298,"Zeal Education Society's Zeal College of Engineering & Reserch, Narhe, Pune",Information Technology,DEF,I,2023-24,120,2
6298,"Zeal Education Society's Zeal College of Engineering & Reserch, Narhe, Pune",Electrical Engineering,PWD,I,2023-24,60,2
6298,"Zeal Education Society's Zeal College of Engineering & Reserch, Narhe, Pune",Electrical Engineering,DEF,I,2023-24,60,2
6298,"Zeal Education Society's Zeal College of Engineering & Reserch, Narhe, Pune",Electronics and Telecommunication Engg,PWD,I,2023-24,120,3
6298,"Zeal Education Society's Zeal College of Engineering & Reserch, Narhe, Pune",Electronics and Telecommunication Engg,DEF,I,2023-24,120,3
6298,"Zeal Education Society's Zeal College of Engineering & Reserch, Narhe, Pune",Mechanical Engineering,PWD,I,2023-24,120,3
6298,"Zeal Education Society's Zeal College of Engineering & Reserch, Narhe, Pune",Mechanical Engineering,DEF,I,2023-24,120,3
6298,"Zeal Education Society's Zeal College of Engineering & Reserch, Narhe, Pune",Electronics and Computer Engineering,PWD,I,2023-24,60,1
6298,"Zeal Education Society's Zeal College of Engineering & Reserch, Narhe, Pune",Electronics and Computer Engineering,DEF,I,2023-24,60,1
6298,"Zeal Education Society's Zeal College of Engineering & Reserch, Narhe, Pune",Artificial Intelligence and Machine Learning,PWD,I,2023-24,60,1
6298,"Zeal Education Society's Zeal College of Engineering & Reserch, Narhe, Pune",Artificial Intelligence and Machine Learning,DEF,I,2023-24,60,1
6298,"Zeal Education Society's Zeal College of Engineering & Reserch, Narhe, Pune",Artificial Intelligence and Data Science,PWD,I,2023-24,60,1
6298,"Zeal Education Society's Zeal College of Engineering & Reserch, Narhe, Pune",Artificial Intelligence and Data Science,DEF,I,2023-24,60,1
6307,"Dhole Patil Education Society, Dhole Patil College of Engineering, Wagholi, Tal. Haveli",Computer Engineering,PWD,I,2023-24,90,2
6307,"Dhole Patil Education Society, Dhole Patil College of Engineering, Wagholi, Tal. Haveli",Computer Engineering,DEF,I,2023-24,90,2
6307,"Dhole Patil Education Society, Dhole Patil College of Engineering, Wagholi, Tal. Haveli",Information Technology,PWD,I,2023-24,45,1
6307,"Dhole Patil Education Society, Dhole Patil College of Engineering, Wagholi, Tal. Haveli",Information Technology,DEF,I,2023-24,45,1
6307,"Dhole Patil Education Society, Dhole Patil College of Engineering, Wagholi, Tal. Haveli",Electronics and Telecommunication Engg,PWD,I,2023-24,60,1
6307,"Dhole Patil Education Society, Dhole Patil College of Engineering, Wagholi, Tal. Haveli",Electronics and Telecommunication Engg,DEF,I,2023-24,60,1
6307,"Dhole Patil Education Society, Dhole Patil College of Engineering, Wagholi, Tal. Haveli",Automobile Engineering,PWD,I,2023-24,60,1
6307,"Dhole Patil Education Society, Dhole Patil College of Engineering, Wagholi, Tal. Haveli",Automobile Engineering,DEF,I,2023-24,60,1
6310,"Nutan Maharashtra Vidya Prasarak Mandal, Nutan Maharashtra Institute of Engineering &Technology, Talegaon station, Pune",Computer Engineering,PWD,I,2023-24,180,4
6310,"Nutan Maharashtra Vidya Prasarak Mandal, Nutan Maharashtra Institute of Engineering &Technology, Talegaon station, Pune",Computer Engineering,DEF,I,2023-24,180,4
6310,"Nutan Maharashtra Vidya Prasarak Mandal, Nutan Maharashtra Institute of Engineering &Technology, Talegaon station, Pune",Information Technology,PWD,I,2023-24,60,1
6310,"Nutan Maharashtra Vidya Prasarak Mandal, Nutan Maharashtra Institute of Engineering &Technology, Talegaon station, Pune",Information Technology,DEF,I,2023-24,60,1
6310,"Nutan Maharashtra Vidya Prasarak Mandal, Nutan Maharashtra Institute of Engineering &Technology, Talegaon station, Pune",Electronics and Telecommunication Engg,PWD,I,2023-24,60,1
6310,"Nutan Maharashtra Vidya Prasarak Mandal, Nutan Maharashtra Institute of Engineering &Technology, Talegaon station, Pune",Electronics and Telecommunication Engg,DEF,I,2023-24,60,1
6310,"Nutan Maharashtra Vidya Prasarak Mandal, Nutan Maharashtra Institute of Engineering &Technology, Talegaon station, Pune",Mechanical Engineering,PWD,I,2023-24,60,1
6310,"Nutan Maharashtra Vidya Prasarak Mandal, Nutan Maharashtra Institute of Engineering &Technology, Talegaon station, Pune",Mechanical Engineering,DEF,I,2023-24,60,1
6311,"Jayawant Shikshan Prasarak Mandal, Bhivarabai Sawant Institute of Technology & Research, Wagholi",Computer Engineering,PWD,I,2023-24,180,4
6311,"Jayawant Shikshan Prasarak Mandal, Bhivarabai Sawant Institute of Technology & Research, Wagholi",Computer Engineering,DEF,I,2023-24,180,4
6311,"Jayawant Shikshan Prasarak Mandal, Bhivarabai Sawant Institute of Technology & Research, Wagholi",Information Technology,PWD,I,2023-24,120,2
6311,"Jayawant Shikshan Prasarak Mandal, Bhivarabai Sawant Institute of Technology & Research, Wagholi",Information Technology,DEF,I,2023-24,120,2
6311,"Jayawant Shikshan Prasarak Mandal, Bhivarabai Sawant Institute of Technology & Research, Wagholi",Electrical Engineering,PWD,I,2023-24,60,2
6311,"Jayawant Shikshan Prasarak Mandal, Bhivarabai Sawant Institute of Technology & Research, Wagholi",Electrical Engineering,DEF,I,2023-24,60,2
6311,"Jayawant Shikshan Prasarak Mandal, Bhivarabai Sawant Institute of Technology & Research, Wagholi",Electronics and Telecommunication Engg,PWD,I,2023-24,60,1
6311,"Jayawant Shikshan Prasarak Mandal, Bhivarabai Sawant Institute of Technology & Research, Wagholi",Electronics and Telecommunication Engg,DEF,I,2023-24,60,1
6311,"Jayawant Shikshan Prasarak Mandal, Bhivarabai Sawant Institute of Technology & Research, Wagholi",Mechanical Engineering,PWD,I,2023-24,120,3
6311,"Jayawant Shikshan Prasarak Mandal, Bhivarabai Sawant Institute of Technology & Research, Wagholi",Mechanical Engineering,DEF,I,2023-24,120,3
6319,"Shahajirao Patil Vikas Pratishthan, S.B.Patil College of Engineering, Vangali, Tal. Indapur",Civil Engineering,PWD,I,2023-24,60,2
6319,"Shahajirao Patil Vikas Pratishthan, S.B.Patil College of Engineering, Vangali, Tal. Indapur",Civil Engineering,DEF,I,2023-24,60,2
6319,"Shahajirao Patil Vikas Pratishthan, S.B.Patil College of Engineering, Vangali, Tal. Indapur",Computer Engineering,PWD,I,2023-24,120,3
6319,"Shahajirao Patil Vikas Pratishthan, S.B.Patil College of Engineering, Vangali, Tal. Indapur",Computer Engineering,DEF,I,2023-24,120,3
6319,"Shahajirao Patil Vikas Pratishthan, S.B.Patil College of Engineering, Vangali, Tal. Indapur",Artificial Intelligence (AI) and Data Science,PWD,I,2023-24,30,1
6319,"Shahajirao Patil Vikas Pratishthan, S.B.Patil College of Engineering, Vangali, Tal. Indapur",Artificial Intelligence (AI) and Data Science,DEF,I,2023-24,30,1
6319,"Shahajirao Patil Vikas Pratishthan, S.B.Patil College of Engineering, Vangali, Tal. Indapur",Electrical Engineering,PWD,I,2023-24,60,2
6319,"Shahajirao Patil Vikas Pratishthan, S.B.Patil College of Engineering, Vangali, Tal. Indapur",Electrical Engineering,DEF,I,2023-24,60,2
6319,"Shahajirao Patil Vikas Pratishthan, S.B.Patil College of Engineering, Vangali, Tal. Indapur",Electronics and Telecommunication Engg,PWD,I,2023-24,60,2
6319,"Shahajirao Patil Vikas Pratishthan, S.B.Patil College of Engineering, Vangali, Tal. Indapur",Electronics and Telecommunication Engg,DEF,I,2023-24,60,2
6319,"Shahajirao Patil Vikas Pratishthan, S.B.Patil College of Engineering, Vangali, Tal. Indapur",Mechanical Engineering,PWD,I,2023-24,30,1
6319,"Shahajirao Patil Vikas Pratishthan, S.B.Patil College of Engineering, Vangali, Tal. Indapur",Mechanical Engineering,DEF,I,2023-24,30,1
6320,"K.J.'s Educational Institute's K.J.College of Engineering & Management Research, Pisoli",Civil Engineering,PWD,I,2023-24,60,2
6320,"K.J.'s Educational Institute's K.J.College of Engineering & Management Research, Pisoli",Civil Engineering,DEF,I,2023-24,60,2
6320,"K.J.'s Educational Institute's K.J.College of Engineering & Management Research, Pisoli",Computer Engineering,PWD,I,2023-24,180,5
6320,"K.J.'s Educational Institute's K.J.College of Engineering & Management Research, Pisoli",Computer Engineering,DEF,I,2023-24,180,5
6320,"K.J.'s Educational Institute's K.J.College of Engineering & Management Research, Pisoli",Electrical Engineering,PWD,I,2023-24,60,2
6320,"K.J.'s Educational Institute's K.J.College of Engineering & Management Research, Pisoli",Electrical Engineering,DEF,I,2023-24,60,2
6320,"K.J.'s Educational Institute's K.J.College of Engineering & Management Research, Pisoli",Electronics and Telecommunication Engg,PWD,I,2023-24,60,2
6320,"K.J.'s Educational Institute's K.J.College of Engineering & Management Research, Pisoli",Electronics and Telecommunication Engg,DEF,I,2023-24,60,2
6320,"K.J.'s Educational Institute's K.J.College of Engineering & Management Research, Pisoli",Electronics Engineering ( VLSI Design and,PWD,I,2023-24,60,2
6320,"K.J.'s Educational Institute's K.J.College of Engineering & Management Research, Pisoli",Electronics Engineering ( VLSI Design and,DEF,I,2023-24,60,2
6320,"K.J.'s Educational Institute's K.J.College of Engineering & Management Research, Pisoli",Mechanical Engineering,PWD,I,2023-24,90,2
6320,"K.J.'s Educational Institute's K.J.College of Engineering & Management Research, Pisoli",Mechanical Engineering,DEF,I,2023-24,90,2
6320,"K.J.'s Educational Institute's K.J.College of Engineering & Management Research, Pisoli",Electronics and Communication(Advanced,PWD,I,2023-24,60,2
6320,"K.J.'s Educational Institute's K.J.College of Engineering & Management Research, Pisoli",Electronics and Communication(Advanced,DEF,I,2023-24,60,2
6322,"Shree Gajanan Maharaj Shikshan Prasarak Manda'l Sharadchandra Pawar College of Engineering, Dumbarwadi",Computer Engineering,PWD,I,2023-24,30,1
6322,"Shree Gajanan Maharaj Shikshan Prasarak Manda'l Sharadchandra Pawar College of Engineering, Dumbarwadi",Computer Engineering,DEF,I,2023-24,30,1
6322,"Shree Gajanan Maharaj Shikshan Prasarak Manda'l Sharadchandra Pawar College of Engineering, Dumbarwadi",Electronics and Telecommunication Engg,PWD,I,2023-24,30,1
6322,"Shree Gajanan Maharaj Shikshan Prasarak Manda'l Sharadchandra Pawar College of Engineering, Dumbarwadi",Electronics and Telecommunication Engg,DEF,I,2023-24,30,1
6322,"Shree Gajanan Maharaj Shikshan Prasarak Manda'l Sharadchandra Pawar College of Engineering, Dumbarwadi",Mechanical Engineering,PWD,I,2023-24,30,1
6322,"Shree Gajanan Maharaj Shikshan Prasarak Manda'l Sharadchandra Pawar College of Engineering, Dumbarwadi",Mechanical Engineering,DEF,I,2023-24,30,1
6324,"Rajgad Dnyanpeeth's Technical Campus,Dhangwadi, Bhor",Civil Engineering,PWD,I,2023-24,60,2
6324,"Rajgad Dnyanpeeth's Technical Campus,Dhangwadi, Bhor",Civil Engineering,DEF,I,2023-24,60,2
6324,"Rajgad Dnyanpeeth's Technical Campus,Dhangwadi, Bhor",Computer Engineering,PWD,I,2023-24,90,2
6324,"Rajgad Dnyanpeeth's Technical Campus,Dhangwadi, Bhor",Computer Engineering,DEF,I,2023-24,90,2
6324,"Rajgad Dnyanpeeth's Technical Campus,Dhangwadi, Bhor",Artificial Intelligence (AI) and Data Science,PWD,I,2023-24,90,2
6324,"Rajgad Dnyanpeeth's Technical Campus,Dhangwadi, Bhor",Artificial Intelligence (AI) and Data Science,DEF,I,2023-24,90,2
6324,"Rajgad Dnyanpeeth's Technical Campus,Dhangwadi, Bhor",Electronics and Telecommunication Engg,PWD,I,2023-24,60,2
6324,"Rajgad Dnyanpeeth's Technical Campus,Dhangwadi, Bhor",Electronics and Telecommunication Engg,DEF,I,2023-24,60,2
6324,"Rajgad Dnyanpeeth's Technical Campus,Dhangwadi, Bhor",Mechanical Engineering,PWD,I,2023-24,60,2
6324,"Rajgad Dnyanpeeth's Technical Campus,Dhangwadi, Bhor",Mechanical Engineering,DEF,I,2023-24,60,2
6325,"Alard Charitable Trust's Alard College of Engineering and Management, Pune",Civil Engineering,PWD,I,2023-24,30,0
6325,"Alard Charitable Trust's Alard College of Engineering and Management, Pune",Civil Engineering,DEF,I,2023-24,30,0
6325,"Alard Charitable Trust's Alard College of Engineering and Management, Pune",Computer Engineering,PWD,I,2023-24,60,0
6325,"Alard Charitable Trust's Alard College of Engineering and Management, Pune",Computer Engineering,DEF,I,2023-24,60,0
6325,"Alard Charitable Trust's Alard College of Engineering and Management, Pune",Computer Science and Design,PWD,I,2023-24,60,0
6325,"Alard Charitable Trust's Alard College of Engineering and Management, Pune",Computer Science and Design,DEF,I,2023-24,60,0
6325,"Alard Charitable Trust's Alard College of Engineering and Management, Pune",Electrical Engineering,PWD,I,2023-24,30,0
6325,"Alard Charitable Trust's Alard College of Engineering and Management, Pune",Electrical Engineering,DEF,I,2023-24,30,0
6325,"Alard Charitable Trust's Alard College of Engineering and Management, Pune",Electronics and Telecommunication Engg,PWD,I,2023-24,60,0
6325,"Alard Charitable Trust's Alard College of Engineering and Management, Pune",Electronics and Telecommunication Engg,DEF,I,2023-24,60,0
6325,"Alard Charitable Trust's Alard College of Engineering and Management, Pune",Electronics Engineering ( VLSI Design and,PWD,I,2023-24,60,0
6325,"Alard Charitable Trust's Alard College of Engineering and Management, Pune",Electronics Engineering ( VLSI Design and,DEF,I,2023-24,60,0
6325,"Alard Charitable Trust's Alard College of Engineering and Management, Pune",Mechanical Engineering,PWD,I,2023-24,60,0
6325,"Alard Charitable Trust's Alard College of Engineering and Management, Pune",Mechanical Engineering,DEF,I,2023-24,60,0
6325,"Alard Charitable Trust's Alard College of Engineering and Management, Pune",Artificial Intelligence and Machine Learning,PWD,I,2023-24,60,0
6325,"Alard Charitable Trust's Alard College of Engineering and Management, Pune",Artificial Intelligence and Machine Learning,DEF,I,2023-24,60,0
6325,"Alard Charitable Trust's Alard College of Engineering and Management, Pune",Electronics and Communication (Advanced,PWD,I,2023-24,60,0
6325,"Alard Charitable Trust's Alard College of Engineering and Management, Pune",Electronics and Communication (Advanced,DEF,I,2023-24,60,0
6609,"Jaihind College Of Engineering,Kuran",Civil Engineering,PWD,I,2023-24,60,2
6609,"Jaihind College Of Engineering,Kuran",Civil Engineering,DEF,I,2023-24,60,2
6609,"Jaihind College Of Engineering,Kuran",Computer Engineering,PWD,I,2023-24,60,1
6609,"Jaihind College Of Engineering,Kuran",Computer Engineering,DEF,I,2023-24,60,1
6609,"Jaihind College Of Engineering,Kuran",Artificial Intelligence (AI) and Data Science,PWD,I,2023-24,60,1
6609,"Jaihind College Of Engineering,Kuran",Artificial Intelligence (AI) and Data Science,DEF,I,2023-24,60,1
6609,"Jaihind College Of Engineering,Kuran",Electronics and Telecommunication Engg,PWD,I,2023-24,60,2
6609,"Jaihind College Of Engineering,Kuran",Electronics and Telecommunication Engg,DEF,I,2023-24,60,2
6609,"Jaihind College Of Engineering,Kuran",Mechanical Engineering,PWD,I,2023-24,60,2
6609,"Jaihind College Of Engineering,Kuran",Mechanical Engineering,DEF,I,2023-24,60,2
6622,ISBM College Of Engineering Pune,Computer Engineering,PWD,I,2023-24,150,0
6622,ISBM College Of Engineering Pune,Computer Engineering,DEF,I,2023-24,150,0
6622,ISBM College Of Engineering Pune,Electronics and Telecommunication Engg,PWD,I,2023-24,30,0
6622,ISBM College Of Engineering Pune,Electronics and Telecommunication Engg,DEF,I,2023-24,30,0
6622,ISBM College Of Engineering Pune,Mechanical Engineering,PWD,I,2023-24,60,0
6622,ISBM College Of Engineering Pune,Mechanical Engineering,DEF,I,2023-24,60,0
6622,ISBM College Of Engineering Pune,Artificial Intelligence and Machine Learning,PWD,I,2023-24,60,0
6622,ISBM College Of Engineering Pune,Artificial Intelligence and Machine Learning,DEF,I,2023-24,60,0
6622,ISBM College Of Engineering Pune,Artificial Intelligence and Data Science,PWD,I,2023-24,60,0
6622,ISBM College Of Engineering Pune,Artificial Intelligence and Data Science,DEF,I,2023-24,60,0
6625,"Universal College of Engineering & Research, Sasewadi",Civil Engineering,PWD,I,2023-24,23,1
6625,"Universal College of Engineering & Research, Sasewadi",Civil Engineering,DEF,I,2023-24,23,1
6625,"Universal College of Engineering & Research, Sasewadi",Computer Engineering,PWD,I,2023-24,15,1
6625,"Universal College of Engineering & Research, Sasewadi",Computer Engineering,DEF,I,2023-24,15,1
6625,"Universal College of Engineering & Research, Sasewadi",Electrical Engineering,PWD,I,2023-24,23,1
6625,"Universal College of Engineering & Research, Sasewadi",Electrical Engineering,DEF,I,2023-24,23,1
6625,"Universal College of Engineering & Research, Sasewadi",Mechanical Engineering,PWD,I,2023-24,30,1
6625,"Universal College of Engineering & Research, Sasewadi",Mechanical Engineering,DEF,I,2023-24,30,1
6628,"Dattakala Group Of Institutions, Swami - Chincholi Tal. Daund Dist. Pune",Civil Engineering,PWD,I,2023-24,60,2
6628,"Dattakala Group Of Institutions, Swami - Chincholi Tal. Daund Dist. Pune",Civil Engineering,DEF,I,2023-24,60,2
6628,"Dattakala Group Of Institutions, Swami - Chincholi Tal. Daund Dist. Pune",Computer Engineering,PWD,I,2023-24,120,3
6628,"Dattakala Group Of Institutions, Swami - Chincholi Tal. Daund Dist. Pune",Computer Engineering,DEF,I,2023-24,120,3
6628,"Dattakala Group Of Institutions, Swami - Chincholi Tal. Daund Dist. Pune",Information Technology,PWD,I,2023-24,60,2
6628,"Dattakala Group Of Institutions, Swami - Chincholi Tal. Daund Dist. Pune",Information Technology,DEF,I,2023-24,60,2
6628,"Dattakala Group Of Institutions, Swami - Chincholi Tal. Daund Dist. Pune",Electrical Engineering,PWD,I,2023-24,60,2
6628,"Dattakala Group Of Institutions, Swami - Chincholi Tal. Daund Dist. Pune",Electrical Engineering,DEF,I,2023-24,60,2
6628,"Dattakala Group Of Institutions, Swami - Chincholi Tal. Daund Dist. Pune",Mechanical Engineering,PWD,I,2023-24,30,1
6628,"Dattakala Group Of Institutions, Swami - Chincholi Tal. Daund Dist. Pune",Mechanical Engineering,DEF,I,2023-24,30,1
6628,"Dattakala Group Of Institutions, Swami - Chincholi Tal. Daund Dist. Pune",Electronics and Computer Engineering,PWD,I,2023-24,60,2
6628,"Dattakala Group Of Institutions, Swami - Chincholi Tal. Daund Dist. Pune",Electronics and Computer Engineering,DEF,I,2023-24,60,2
6632,Navsahyadri Education Society's Group of Institutions,Civil Engineering,PWD,I,2023-24,30,1
6632,Navsahyadri Education Society's Group of Institutions,Civil Engineering,DEF,I,2023-24,30,1
6632,Navsahyadri Education Society's Group of Institutions,Computer Engineering,PWD,I,2023-24,120,2
6632,Navsahyadri Education Society's Group of Institutions,Computer Engineering,DEF,I,2023-24,120,2
6632,Navsahyadri Education Society's Group of Institutions,Electrical Engineering,PWD,I,2023-24,60,2
6632,Navsahyadri Education Society's Group of Institutions,Electrical Engineering,DEF,I,2023-24,60,2
6632,Navsahyadri Education Society's Group of Institutions,Electronics and Telecommunication Engg,PWD,I,2023-24,60,2
6632,Navsahyadri Education Society's Group of Institutions,Electronics and Telecommunication Engg,DEF,I,2023-24,60,2
6632,Navsahyadri Education Society's Group of Institutions,Mechanical Engineering,PWD,I,2023-24,30,1
6632,Navsahyadri Education Society's Group of Institutions,Mechanical Engineering,DEF,I,2023-24,30,1
6632,Navsahyadri Education Society's Group of Institutions,Artificial Intelligence and Machine Learning,PWD,I,2023-24,60,2
6632,Navsahyadri Education Society's Group of Institutions,Artificial Intelligence and Machine Learning,DEF,I,2023-24,60,2
6634,"KJEI's Trinity Academy of Engineering, Yewalewadi, Pune",Civil Engineering,PWD,I,2023-24,60,2
6634,"KJEI's Trinity Academy of Engineering, Yewalewadi, Pune",Civil Engineering,DEF,I,2023-24,60,2
6634,"KJEI's Trinity Academy of Engineering, Yewalewadi, Pune",Computer Engineering,PWD,I,2023-24,60,1
6634,"KJEI's Trinity Academy of Engineering, Yewalewadi, Pune",Computer Engineering,DEF,I,2023-24,60,1
6634,"KJEI's Trinity Academy of Engineering, Yewalewadi, Pune",Information Technology,PWD,I,2023-24,60,1
6634,"KJEI's Trinity Academy of Engineering, Yewalewadi, Pune",Information Technology,DEF,I,2023-24,60,1
6634,"KJEI's Trinity Academy of Engineering, Yewalewadi, Pune",Electronics and Telecommunication Engg,PWD,I,2023-24,120,3
6634,"KJEI's Trinity Academy of Engineering, Yewalewadi, Pune",Electronics and Telecommunication Engg,DEF,I,2023-24,120,3
6634,"KJEI's Trinity Academy of Engineering, Yewalewadi, Pune",Mechanical Engineering,PWD,I,2023-24,60,2
6634,"KJEI's Trinity Academy of Engineering, Yewalewadi, Pune",Mechanical Engineering,DEF,I,2023-24,60,2
6635,"Samarth Group of Institutions, Bangarwadi, Post Belhe Tal. Junnar Dist. Pune",Civil Engineering,PWD,I,2023-24,30,1
6635,"Samarth Group of Institutions, Bangarwadi, Post Belhe Tal. Junnar Dist. Pune",Civil Engineering,DEF,I,2023-24,30,1
6635,"Samarth Group of Institutions, Bangarwadi, Post Belhe Tal. Junnar Dist. Pune",Computer Engineering,PWD,I,2023-24,90,2
6635,"Samarth Group of Institutions, Bangarwadi, Post Belhe Tal. Junnar Dist. Pune",Computer Engineering,DEF,I,2023-24,90,2
6635,"Samarth Group of Institutions, Bangarwadi, Post Belhe Tal. Junnar Dist. Pune",Electrical Engineering,PWD,I,2023-24,30,1
6635,"Samarth Group of Institutions, Bangarwadi, Post Belhe Tal. Junnar Dist. Pune",Electrical Engineering,DEF,I,2023-24,30,1
6635,"Samarth Group of Institutions, Bangarwadi, Post Belhe Tal. Junnar Dist. Pune",Mechanical Engineering,PWD,I,2023-24,60,2
6635,"Samarth Group of Institutions, Bangarwadi, Post Belhe Tal. Junnar Dist. Pune",Mechanical Engineering,DEF,I,2023-24,60,2
6635,"Samarth Group of Institutions, Bangarwadi, Post Belhe Tal. Junnar Dist. Pune",Computer Science and Engineering(Data Science),PWD,I,2023-24,30,1
6635,"Samarth Group of Institutions, Bangarwadi, Post Belhe Tal. Junnar Dist. Pune",Computer Science and Engineering(Data Science),DEF,I,2023-24,30,1
6635,"Samarth Group of Institutions, Bangarwadi, Post Belhe Tal. Junnar Dist. Pune",Artificial Intelligence and Machine Learning,PWD,I,2023-24,60,2
6635,"Samarth Group of Institutions, Bangarwadi, Post Belhe Tal. Junnar Dist. Pune",Artificial Intelligence and Machine Learning,DEF,I,2023-24,60,2
6649,"TSSM's Bhivarabai Sawant College of Engineering and Research, Narhe, Pune",Civil Engineering,PWD,I,2023-24,60,2
6649,"TSSM's Bhivarabai Sawant College of Engineering and Research, Narhe, Pune",Civil Engineering,DEF,I,2023-24,60,2
6649,"TSSM's Bhivarabai Sawant College of Engineering and Research, Narhe, Pune",Computer Engineering,PWD,I,2023-24,180,4
6649,"TSSM's Bhivarabai Sawant College of Engineering and Research, Narhe, Pune",Computer Engineering,DEF,I,2023-24,180,4
6649,"TSSM's Bhivarabai Sawant College of Engineering and Research, Narhe, Pune",Electrical Engineering,PWD,I,2023-24,60,2
6649,"TSSM's Bhivarabai Sawant College of Engineering and Research, Narhe, Pune",Electrical Engineering,DEF,I,2023-24,60,2
6649,"TSSM's Bhivarabai Sawant College of Engineering and Research, Narhe, Pune",Electronics and Telecommunication Engg,PWD,I,2023-24,60,1
6649,"TSSM's Bhivarabai Sawant College of Engineering and Research, Narhe, Pune",Electronics and Telecommunication Engg,DEF,I,2023-24,60,1
6649,"TSSM's Bhivarabai Sawant College of Engineering and Research, Narhe, Pune",Mechanical Engineering,PWD,I,2023-24,60,2
6649,"TSSM's Bhivarabai Sawant College of Engineering and Research, Narhe, Pune",Mechanical Engineering,DEF,I,2023-24,60,2
6732,"Ajeenkya DY Patil School of Engineering, Lohegaon, Pune",Civil Engineering,PWD,I,2023-24,120,3
6732,"Ajeenkya DY Patil School of Engineering, Lohegaon, Pune",Civil Engineering,DEF,I,2023-24,120,3
6732,"Ajeenkya DY Patil School of Engineering, Lohegaon, Pune",Computer Engineering,PWD,I,2023-24,180,4
6732,"Ajeenkya DY Patil School of Engineering, Lohegaon, Pune",Computer Engineering,DEF,I,2023-24,180,4
6732,"Ajeenkya DY Patil School of Engineering, Lohegaon, Pune",Electronics and Telecommunication Engg,PWD,I,2023-24,180,4
6732,"Ajeenkya DY Patil School of Engineering, Lohegaon, Pune",Electronics and Telecommunication Engg,DEF,I,2023-24,180,4
6732,"Ajeenkya DY Patil School of Engineering, Lohegaon, Pune",Mechanical Engineering,PWD,I,2023-24,180,6
6732,"Ajeenkya DY Patil School of Engineering, Lohegaon, Pune",Mechanical Engineering,DEF,I,2023-24,180,6
6732,"Ajeenkya DY Patil School of Engineering, Lohegaon, Pune",Artificial Intelligence and Data Science,PWD,I,2023-24,180,4
6732,"Ajeenkya DY Patil School of Engineering, Lohegaon, Pune",Artificial Intelligence and Data Science,DEF,I,2023-24,180,4
6754,"International Institute of Information Technology (I²IT), Pune.",Computer Engineering,PWD,I,2023-24,179,4
6754,"International Institute of Information Technology (I²IT), Pune.",Computer Engineering,DEF,I,2023-24,179,4
6754,"International Institute of Information Technology (I²IT), Pune.",Information Technology,PWD,I,2023-24,120,2
6754,"International Institute of Information Technology (I²IT), Pune.",Information Technology,DEF,I,2023-24,120,2
6754,"International Institute of Information Technology (I²IT), Pune.",Electronics and Telecommunication Engg,PWD,I,2023-24,60,1
6754,"International Institute of Information Technology (I²IT), Pune.",Electronics and Telecommunication Engg,DEF,I,2023-24,60,1
6755,"JSPM Narhe Technical Campus, Pune.",Civil Engineering,PWD,I,2023-24,120,3
6755,"JSPM Narhe Technical Campus, Pune.",Civil Engineering,DEF,I,2023-24,120,3
6755,"JSPM Narhe Technical Campus, Pune.",Computer Engineering,PWD,I,2023-24,120,2
6755,"JSPM Narhe Technical Campus, Pune.",Computer Engineering,DEF,I,2023-24,120,2
6755,"JSPM Narhe Technical Campus, Pune.",Artificial Intelligence (AI) and Data Science,PWD,I,2023-24,60,1
6755,"JSPM Narhe Technical Campus, Pune.",Artificial Intelligence (AI) and Data Science,DEF,I,2023-24,60,1
6755,"JSPM Narhe Technical Campus, Pune.",Electronics and Telecommunication Engg,PWD,I,2023-24,60,1
6755,"JSPM Narhe Technical Campus, Pune.",Electronics and Telecommunication Engg,DEF,I,2023-24,60,1
6755,"JSPM Narhe Technical Campus, Pune.",Mechanical Engineering,PWD,I,2023-24,120,3
6755,"JSPM Narhe Technical Campus, Pune.",Mechanical Engineering,DEF,I,2023-24,120,3
6758,"Sahyadri Valley College of Engineering & Technology, Rajuri, Pune.",Civil Engineering,PWD,I,2023-24,30,1
6758,"Sahyadri Valley College of Engineering & Technology, Rajuri, Pune.",Civil Engineering,DEF,I,2023-24,30,1
6758,"Sahyadri Valley College of Engineering & Technology, Rajuri, Pune.",Computer Engineering,PWD,I,2023-24,30,1
6758,"Sahyadri Valley College of Engineering & Technology, Rajuri, Pune.",Computer Engineering,DEF,I,2023-24,30,1
6758,"Sahyadri Valley College of Engineering & Technology, Rajuri, Pune.",Electronics and Telecommunication Engg,PWD,I,2023-24,30,1
6758,"Sahyadri Valley College of Engineering & Technology, Rajuri, Pune.",Electronics and Telecommunication Engg,DEF,I,2023-24,30,1
6758,"Sahyadri Valley College of Engineering & Technology, Rajuri, Pune.",Mechanical Engineering,PWD,I,2023-24,30,1
6758,"Sahyadri Valley College of Engineering & Technology, Rajuri, Pune.",Mechanical Engineering,DEF,I,2023-24,30,1
6758,"Sahyadri Valley College of Engineering & Technology, Rajuri, Pune.",Artificial Intelligence and Machine Learning,PWD,I,2023-24,30,1
6758,"Sahyadri Valley College of Engineering & Technology, Rajuri, Pune.",Artificial Intelligence and Machine Learning,DEF,I,2023-24,30,1
6758,"Sahyadri Valley College of Engineering & Technology, Rajuri, Pune.",Artificial Intelligence and Data Science,PWD,I,2023-24,30,1
6758,"Sahyadri Valley College of Engineering & Technology, Rajuri, Pune.",Artificial Intelligence and Data Science,DEF,I,2023-24,30,1
6759,"Shree Ramchandra College of Engineering, Lonikand,Pune",Civil Engineering,PWD,I,2023-24,60,1
6759,"Shree Ramchandra College of Engineering, Lonikand,Pune",Civil Engineering,DEF,I,2023-24,60,1
6759,"Shree Ramchandra College of Engineering, Lonikand,Pune",Computer Engineering,PWD,I,2023-24,60,1
6759,"Shree Ramchandra College of Engineering, Lonikand,Pune",Computer Engineering,DEF,I,2023-24,60,1
6759,"Shree Ramchandra College of Engineering, Lonikand,Pune",Electrical Engineering,PWD,I,2023-24,30,1
6759,"Shree Ramchandra College of Engineering, Lonikand,Pune",Electrical Engineering,DEF,I,2023-24,30,1
6759,"Shree Ramchandra College of Engineering, Lonikand,Pune",Mechanical Engineering,PWD,I,2023-24,60,1
6759,"Shree Ramchandra College of Engineering, Lonikand,Pune",Mechanical Engineering,DEF,I,2023-24,60,1
6759,"Shree Ramchandra College of Engineering, Lonikand,Pune",Artificial Intelligence and Data Science,PWD,I,2023-24,60,1
6759,"Shree Ramchandra College of Engineering, Lonikand,Pune",Artificial Intelligence and Data Science,DEF,I,2023-24,60,1
6767,"Suman Ramesh Tulsiani Technical Campus: Faculty of Engineering, Kamshet,Pune.",Computer Engineering,PWD,I,2023-24,180,4
6767,"Suman Ramesh Tulsiani Technical Campus: Faculty of Engineering, Kamshet,Pune.",Computer Engineering,DEF,I,2023-24,180,4
6767,"Suman Ramesh Tulsiani Technical Campus: Faculty of Engineering, Kamshet,Pune.",Mechanical Engineering,PWD,I,2023-24,30,1
6767,"Suman Ramesh Tulsiani Technical Campus: Faculty of Engineering, Kamshet,Pune.",Mechanical Engineering,DEF,I,2023-24,30,1
6767,"Suman Ramesh Tulsiani Technical Campus: Faculty of Engineering, Kamshet,Pune.",Computer Science and Engineering(Data Science),PWD,I,2023-24,60,1
6767,"Suman Ramesh Tulsiani Technical Campus: Faculty of Engineering, Kamshet,Pune.",Computer Science and Engineering(Data Science),DEF,I,2023-24,60,1
6767,"Suman Ramesh Tulsiani Technical Campus: Faculty of Engineering, Kamshet,Pune.",Artificial Intelligence and Data Science,PWD,I,2023-24,60,1
6767,"Suman Ramesh Tulsiani Technical Campus: Faculty of Engineering, Kamshet,Pune.",Artificial Intelligence and Data Science,DEF,I,2023-24,60,1
6768,"P.K. Technical Campus, Pune.",Civil Engineering,PWD,I,2023-24,60,2
6768,"P.K. Technical Campus, Pune.",Civil Engineering,DEF,I,2023-24,60,2
6768,"P.K. Technical Campus, Pune.",Computer Engineering,PWD,I,2023-24,60,1
6768,"P.K. Technical Campus, Pune.",Computer Engineering,DEF,I,2023-24,60,1
6768,"P.K. Technical Campus, Pune.",Mechanical Engineering,PWD,I,2023-24,60,2
6768,"P.K. Technical Campus, Pune.",Mechanical Engineering,DEF,I,2023-24,60,2
6769,"Rasiklal M. Dhariwal Sinhgad Technical Institutes Campus, Warje, Pune.",Civil Engineering,PWD,I,2023-24,90,2
6769,"Rasiklal M. Dhariwal Sinhgad Technical Institutes Campus, Warje, Pune.",Civil Engineering,DEF,I,2023-24,90,2
6769,"Rasiklal M. Dhariwal Sinhgad Technical Institutes Campus, Warje, Pune.",Computer Engineering,PWD,I,2023-24,120,2
6769,"Rasiklal M. Dhariwal Sinhgad Technical Institutes Campus, Warje, Pune.",Computer Engineering,DEF,I,2023-24,120,2
6769,"Rasiklal M. Dhariwal Sinhgad Technical Institutes Campus, Warje, Pune.",Information Technology,PWD,I,2023-24,60,1
6769,"Rasiklal M. Dhariwal Sinhgad Technical Institutes Campus, Warje, Pune.",Information Technology,DEF,I,2023-24,60,1
6769,"Rasiklal M. Dhariwal Sinhgad Technical Institutes Campus, Warje, Pune.",Electronics and Telecommunication Engg,PWD,I,2023-24,60,1
6769,"Rasiklal M. Dhariwal Sinhgad Technical Institutes Campus, Warje, Pune.",Electronics and Telecommunication Engg,DEF,I,2023-24,60,1
6769,"Rasiklal M. Dhariwal Sinhgad Technical Institutes Campus, Warje, Pune.",Mechanical Engineering,PWD,I,2023-24,150,4
6769,"Rasiklal M. Dhariwal Sinhgad Technical Institutes Campus, Warje, Pune.",Mechanical Engineering,DEF,I,2023-24,150,4
6770,"SKN Sinhgad Institute of Technology & Science, Kusgaon(BK),Pune.",Computer Engineering,PWD,I,2023-24,120,3
6770,"SKN Sinhgad Institute of Technology & Science, Kusgaon(BK),Pune.",Computer Engineering,DEF,I,2023-24,120,3
6770,"SKN Sinhgad Institute of Technology & Science, Kusgaon(BK),Pune.",Information Technology,PWD,I,2023-24,60,2
6770,"SKN Sinhgad Institute of Technology & Science, Kusgaon(BK),Pune.",Information Technology,DEF,I,2023-24,60,2
6770,"SKN Sinhgad Institute of Technology & Science, Kusgaon(BK),Pune.",Mechanical Engineering,PWD,I,2023-24,30,1
6770,"SKN Sinhgad Institute of Technology & Science, Kusgaon(BK),Pune.",Mechanical Engineering,DEF,I,2023-24,30,1
6772,"NBN Sinhgad Technical Institutes Campus, Pune",Computer Engineering,PWD,I,2023-24,120,2
6772,"NBN Sinhgad Technical Institutes Campus, Pune",Computer Engineering,DEF,I,2023-24,120,2
6772,"NBN Sinhgad Technical Institutes Campus, Pune",Information Technology,PWD,I,2023-24,60,1
6772,"NBN Sinhgad Technical Institutes Campus, Pune",Information Technology,DEF,I,2023-24,60,1
6772,"NBN Sinhgad Technical Institutes Campus, Pune",Electrical Engineering,PWD,I,2023-24,60,2
6772,"NBN Sinhgad Technical Institutes Campus, Pune",Electrical Engineering,DEF,I,2023-24,60,2
6772,"NBN Sinhgad Technical Institutes Campus, Pune",Electronics and Telecommunication Engg,PWD,I,2023-24,60,1
6772,"NBN Sinhgad Technical Institutes Campus, Pune",Electronics and Telecommunication Engg,DEF,I,2023-24,60,1
6772,"NBN Sinhgad Technical Institutes Campus, Pune",Mechanical Engineering,PWD,I,2023-24,150,4
6772,"NBN Sinhgad Technical Institutes Campus, Pune",Mechanical Engineering,DEF,I,2023-24,150,4
6794,"Anantrao Pawar College of Engineering & Research, Pune",Civil Engineering,PWD,I,2023-24,60,2
6794,"Anantrao Pawar College of Engineering & Research, Pune",Civil Engineering,DEF,I,2023-24,60,2
6794,"Anantrao Pawar College of Engineering & Research, Pune",Computer Engineering,PWD,I,2023-24,60,1
6794,"Anantrao Pawar College of Engineering & Research, Pune",Computer Engineering,DEF,I,2023-24,60,1
6794,"Anantrao Pawar College of Engineering & Research, Pune",Information Technology,PWD,I,2023-24,60,1
6794,"Anantrao Pawar College of Engineering & Research, Pune",Information Technology,DEF,I,2023-24,60,1
6794,"Anantrao Pawar College of Engineering & Research, Pune",Electronics and Telecommunication Engg,PWD,I,2023-24,60,1
6794,"Anantrao Pawar College of Engineering & Research, Pune",Electronics and Telecommunication Engg,DEF,I,2023-24,60,1
6794,"Anantrao Pawar College of Engineering & Research, Pune",Electronics Engineering ( VLSI Design and,PWD,I,2023-24,60,2
6794,"Anantrao Pawar College of Engineering & Research, Pune",Electronics Engineering ( VLSI Design and,DEF,I,2023-24,60,2
6794,"Anantrao Pawar College of Engineering & Research, Pune",Mechanical Engineering,PWD,I,2023-24,60,2
6794,"Anantrao Pawar College of Engineering & Research, Pune",Mechanical Engineering,DEF,I,2023-24,60,2
6794,"Anantrao Pawar College of Engineering & Research, Pune",Electronics and Communication(Advanced,PWD,I,2023-24,60,2
6794,"Anantrao Pawar College of Engineering & Research, Pune",Electronics and Communication(Advanced,DEF,I,2023-24,60,2
6794,"Anantrao Pawar College of Engineering & Research, Pune",Artificial Intelligence and Data Science,PWD,I,2023-24,60,1
6794,"Anantrao Pawar College of Engineering & Research, Pune",Artificial Intelligence and Data Science,DEF,I,2023-24,60,1
6795,"Shri.Someshwar Shikshan Prasarak Mandal, Sharadchandra Pawar College of Engineering & Technology, Someshwar Nagar",Civil Engineering,PWD,I,2023-24,30,1
6795,"Shri.Someshwar Shikshan Prasarak Mandal, Sharadchandra Pawar College of Engineering & Technology, Someshwar Nagar",Civil Engineering,DEF,I,2023-24,30,1
6795,"Shri.Someshwar Shikshan Prasarak Mandal, Sharadchandra Pawar College of Engineering & Technology, Someshwar Nagar",Computer Engineering,PWD,I,2023-24,120,2
6795,"Shri.Someshwar Shikshan Prasarak Mandal, Sharadchandra Pawar College of Engineering & Technology, Someshwar Nagar",Computer Engineering,DEF,I,2023-24,120,2
6795,"Shri.Someshwar Shikshan Prasarak Mandal, Sharadchandra Pawar College of Engineering & Technology, Someshwar Nagar",Electrical Engineering,PWD,I,2023-24,30,1
6795,"Shri.Someshwar Shikshan Prasarak Mandal, Sharadchandra Pawar College of Engineering & Technology, Someshwar Nagar",Electrical Engineering,DEF,I,2023-24,30,1
6795,"Shri.Someshwar Shikshan Prasarak Mandal, Sharadchandra Pawar College of Engineering & Technology, Someshwar Nagar",Mechanical Engineering,PWD,I,2023-24,30,1
6795,"Shri.Someshwar Shikshan Prasarak Mandal, Sharadchandra Pawar College of Engineering & Technology, Someshwar Nagar",Mechanical Engineering,DEF,I,2023-24,30,1
6796,"Bharati Vidyapeeth's College of Engineering,Lavale, Pune",Civil Engineering,PWD,I,2023-24,60,2
6796,"Bharati Vidyapeeth's College of Engineering,Lavale, Pune",Civil Engineering,DEF,I,2023-24,60,2
6796,"Bharati Vidyapeeth's College of Engineering,Lavale, Pune",Computer Engineering,PWD,I,2023-24,60,1
6796,"Bharati Vidyapeeth's College of Engineering,Lavale, Pune",Computer Engineering,DEF,I,2023-24,60,1
6796,"Bharati Vidyapeeth's College of Engineering,Lavale, Pune",Electronics and Telecommunication Engg,PWD,I,2023-24,60,2
6796,"Bharati Vidyapeeth's College of Engineering,Lavale, Pune",Electronics and Telecommunication Engg,DEF,I,2023-24,60,2
6796,"Bharati Vidyapeeth's College of Engineering,Lavale, Pune",Mechanical Engineering,PWD,I,2023-24,60,2
6796,"Bharati Vidyapeeth's College of Engineering,Lavale, Pune",Mechanical Engineering,DEF,I,2023-24,60,2
6802,"Dr. D.Y.Patil Institute of Engineering, Management & Reseach, Akurdi, Pune",Civil Engineering,PWD,I,2023-24,60,2
6802,"Dr. D.Y.Patil Institute of Engineering, Management & Reseach, Akurdi, Pune",Civil Engineering,DEF,I,2023-24,60,2
6802,"Dr. D.Y.Patil Institute of Engineering, Management & Reseach, Akurdi, Pune",Computer Engineering,PWD,I,2023-24,120,2
6802,"Dr. D.Y.Patil Institute of Engineering, Management & Reseach, Akurdi, Pune",Computer Engineering,DEF,I,2023-24,120,2
6802,"Dr. D.Y.Patil Institute of Engineering, Management & Reseach, Akurdi, Pune",Electronics and Telecommunication Engg,PWD,I,2023-24,60,1
6802,"Dr. D.Y.Patil Institute of Engineering, Management & Reseach, Akurdi, Pune",Electronics and Telecommunication Engg,DEF,I,2023-24,60,1
6802,"Dr. D.Y.Patil Institute of Engineering, Management & Reseach, Akurdi, Pune",Chemical Engineering,PWD,I,2023-24,60,2
6802,"Dr. D.Y.Patil Institute of Engineering, Management & Reseach, Akurdi, Pune",Chemical Engineering,DEF,I,2023-24,60,2
6802,"Dr. D.Y.Patil Institute of Engineering, Management & Reseach, Akurdi, Pune",Mechanical Engineering,PWD,I,2023-24,120,3
6802,"Dr. D.Y.Patil Institute of Engineering, Management & Reseach, Akurdi, Pune",Mechanical Engineering,DEF,I,2023-24,120,3
6802,"Dr. D.Y.Patil Institute of Engineering, Management & Reseach, Akurdi, Pune",Artificial Intelligence and Data Science,PWD,I,2023-24,120,2
6802,"Dr. D.Y.Patil Institute of Engineering, Management & Reseach, Akurdi, Pune",Artificial Intelligence and Data Science,DEF,I,2023-24,120,2
6808,"Keystone School of Engineering, Pune",Computer Engineering,PWD,I,2023-24,180,4
6808,"Keystone School of Engineering, Pune",Computer Engineering,DEF,I,2023-24,180,4
6808,"Keystone School of Engineering, Pune",Artificial Intelligence (AI) and Data Science,PWD,I,2023-24,60,1
6808,"Keystone School of Engineering, Pune",Artificial Intelligence (AI) and Data Science,DEF,I,2023-24,60,1
6808,"Keystone School of Engineering, Pune",Electronics and Telecommunication Engg,PWD,I,2023-24,54,1
6808,"Keystone School of Engineering, Pune",Electronics and Telecommunication Engg,DEF,I,2023-24,54,1
6808,"Keystone School of Engineering, Pune",Mechanical Engineering,PWD,I,2023-24,60,1
6808,"Keystone School of Engineering, Pune",Mechanical Engineering,DEF,I,2023-24,60,1
6815,"Vidya Prasarini Sabha's College of Engineering & Technology, Lonavala",Civil Engineering,PWD,I,2023-24,30,1
6815,"Vidya Prasarini Sabha's College of Engineering & Technology, Lonavala",Civil Engineering,DEF,I,2023-24,30,1
6815,"Vidya Prasarini Sabha's College of Engineering & Technology, Lonavala",Computer Engineering,PWD,I,2023-24,30,1
6815,"Vidya Prasarini Sabha's College of Engineering & Technology, Lonavala",Computer Engineering,DEF,I,2023-24,30,1
6815,"Vidya Prasarini Sabha's College of Engineering & Technology, Lonavala",Mechanical Engineering,PWD,I,2023-24,60,1
6815,"Vidya Prasarini Sabha's College of Engineering & Technology, Lonavala",Mechanical Engineering,DEF,I,2023-24,60,1
6822,"Pimpri Chinchwad Education Trust's Pimpri Chinchwad College Of Engineering And Research, Ravet",Civil Engineering,PWD,I,2023-24,60,1
6822,"Pimpri Chinchwad Education Trust's Pimpri Chinchwad College Of Engineering And Research, Ravet",Civil Engineering,DEF,I,2023-24,60,1
6822,"Pimpri Chinchwad Education Trust's Pimpri Chinchwad College Of Engineering And Research, Ravet",Computer Engineering,PWD,I,2023-24,240,6
6822,"Pimpri Chinchwad Education Trust's Pimpri Chinchwad College Of Engineering And Research, Ravet",Computer Engineering,DEF,I,2023-24,240,6
6822,"Pimpri Chinchwad Education Trust's Pimpri Chinchwad College Of Engineering And Research, Ravet",Information Technology,PWD,I,2023-24,60,1
6822,"Pimpri Chinchwad Education Trust's Pimpri Chinchwad College Of Engineering And Research, Ravet",Information Technology,DEF,I,2023-24,60,1
6822,"Pimpri Chinchwad Education Trust's Pimpri Chinchwad College Of Engineering And Research, Ravet",Electronics and Telecommunication Engg,PWD,I,2023-24,60,1
6822,"Pimpri Chinchwad Education Trust's Pimpri Chinchwad College Of Engineering And Research, Ravet",Electronics and Telecommunication Engg,DEF,I,2023-24,60,1
6822,"Pimpri Chinchwad Education Trust's Pimpri Chinchwad College Of Engineering And Research, Ravet",Mechanical Engineering,PWD,I,2023-24,60,1
6822,"Pimpri Chinchwad Education Trust's Pimpri Chinchwad College Of Engineering And Research, Ravet",Mechanical Engineering,DEF,I,2023-24,60,1
6834,"Dr.D.Y.Patil College Of Engineering & Innovation,Talegaon",Computer Engineering,PWD,I,2023-24,180,4
6834,"Dr.D.Y.Patil College Of Engineering & Innovation,Talegaon",Computer Engineering,DEF,I,2023-24,180,4
6834,"Dr.D.Y.Patil College Of Engineering & Innovation,Talegaon",Artificial Intelligence (AI) and Data Science,PWD,I,2023-24,60,1
6834,"Dr.D.Y.Patil College Of Engineering & Innovation,Talegaon",Artificial Intelligence (AI) and Data Science,DEF,I,2023-24,60,1
6991,"Dr. D.Y. Technical Campus, Varale, Talegaon, Pune",Computer Engineering,PWD,I,2023-24,180,4
6991,"Dr. D.Y. Technical Campus, Varale, Talegaon, Pune",Computer Engineering,DEF,I,2023-24,180,4
6991,"Dr. D.Y. Technical Campus, Varale, Talegaon, Pune",Information Technology,PWD,I,2023-24,30,1
6991,"Dr. D.Y. Technical Campus, Varale, Talegaon, Pune",Information Technology,DEF,I,2023-24,30,1
6991,"Dr. D.Y. Technical Campus, Varale, Talegaon, Pune",Artificial Intelligence (AI) and Data Science,PWD,I,2023-24,30,1
6991,"Dr. D.Y. Technical Campus, Varale, Talegaon, Pune",Artificial Intelligence (AI) and Data Science,DEF,I,2023-24,30,1
6991,"Dr. D.Y. Technical Campus, Varale, Talegaon, Pune",Computer Science,PWD,I,2023-24,120,3
6991,"Dr. D.Y. Technical Campus, Varale, Talegaon, Pune",Computer Science,DEF,I,2023-24,120,3
6028,"Department of Technology, Shivaji University, Kolhapur",Civil Engineering,PWD,I,2023-24,60,2
6028,"Department of Technology, Shivaji University, Kolhapur",Civil Engineering,DEF,I,2023-24,60,2
6028,"Department of Technology, Shivaji University, Kolhapur",Computer Science and Technology,PWD,I,2023-24,60,2
6028,"Department of Technology, Shivaji University, Kolhapur",Computer Science and Technology,DEF,I,2023-24,60,2
6028,"Department of Technology, Shivaji University, Kolhapur",Electronics and Telecommunication Engg,PWD,I,2023-24,60,2
6028,"Department of Technology, Shivaji University, Kolhapur",Electronics and Telecommunication Engg,DEF,I,2023-24,60,2
6028,"Department of Technology, Shivaji University, Kolhapur",Food Technology,PWD,I,2023-24,60,2
6028,"Department of Technology, Shivaji University, Kolhapur",Food Technology,DEF,I,2023-24,60,2
6028,"Department of Technology, Shivaji University, Kolhapur",Chemical Engineering,PWD,I,2023-24,60,2
6028,"Department of Technology, Shivaji University, Kolhapur",Chemical Engineering,DEF,I,2023-24,60,2
6028,"Department of Technology, Shivaji University, Kolhapur",Mechanical Engineering,PWD,I,2023-24,60,2
6028,"Department of Technology, Shivaji University, Kolhapur",Mechanical Engineering,DEF,I,2023-24,60,2
6277,"Dr. J. J. Magdum Charitable Trust's Dr. J.J. Magdum College of Engineering, Jaysingpur",Civil Engineering,PWD,I,2023-24,60,2
6277,"Dr. J. J. Magdum Charitable Trust's Dr. J.J. Magdum College of Engineering, Jaysingpur",Civil Engineering,DEF,I,2023-24,60,2
6277,"Dr. J. J. Magdum Charitable Trust's Dr. J.J. Magdum College of Engineering, Jaysingpur",Computer Science and Engineering,PWD,I,2023-24,60,1
6277,"Dr. J. J. Magdum Charitable Trust's Dr. J.J. Magdum College of Engineering, Jaysingpur",Computer Science and Engineering,DEF,I,2023-24,60,1
6277,"Dr. J. J. Magdum Charitable Trust's Dr. J.J. Magdum College of Engineering, Jaysingpur",Information Technology,PWD,I,2023-24,60,1
6277,"Dr. J. J. Magdum Charitable Trust's Dr. J.J. Magdum College of Engineering, Jaysingpur",Information Technology,DEF,I,2023-24,60,1
6277,"Dr. J. J. Magdum Charitable Trust's Dr. J.J. Magdum College of Engineering, Jaysingpur",Artificial Intelligence (AI) and Data Science,PWD,I,2023-24,60,1
6277,"Dr. J. J. Magdum Charitable Trust's Dr. J.J. Magdum College of Engineering, Jaysingpur",Artificial Intelligence (AI) and Data Science,DEF,I,2023-24,60,1
6277,"Dr. J. J. Magdum Charitable Trust's Dr. J.J. Magdum College of Engineering, Jaysingpur",Electronics and Telecommunication Engg,PWD,I,2023-24,60,1
6277,"Dr. J. J. Magdum Charitable Trust's Dr. J.J. Magdum College of Engineering, Jaysingpur",Electronics and Telecommunication Engg,DEF,I,2023-24,60,1
6277,"Dr. J. J. Magdum Charitable Trust's Dr. J.J. Magdum College of Engineering, Jaysingpur",Mechanical Engineering,PWD,I,2023-24,60,2
6277,"Dr. J. J. Magdum Charitable Trust's Dr. J.J. Magdum College of Engineering, Jaysingpur",Mechanical Engineering,DEF,I,2023-24,60,2
6288,"Bharati Vidyapeeth's College of Engineering, Kolhapur",Civil Engineering,PWD,I,2023-24,60,2
6288,"Bharati Vidyapeeth's College of Engineering, Kolhapur",Civil Engineering,DEF,I,2023-24,60,2
6288,"Bharati Vidyapeeth's College of Engineering, Kolhapur",Computer Science and Engineering,PWD,I,2023-24,60,1
6288,"Bharati Vidyapeeth's College of Engineering, Kolhapur",Computer Science and Engineering,DEF,I,2023-24,60,1
6288,"Bharati Vidyapeeth's College of Engineering, Kolhapur",Electronics and Telecommunication Engg,PWD,I,2023-24,60,2
6288,"Bharati Vidyapeeth's College of Engineering, Kolhapur",Electronics and Telecommunication Engg,DEF,I,2023-24,60,2
6288,"Bharati Vidyapeeth's College of Engineering, Kolhapur",Mechanical Engineering,PWD,I,2023-24,60,2
6288,"Bharati Vidyapeeth's College of Engineering, Kolhapur",Mechanical Engineering,DEF,I,2023-24,60,2
6288,"Bharati Vidyapeeth's College of Engineering, Kolhapur",Computer Science and Engineering(Artificial,PWD,I,2023-24,60,1
6288,"Bharati Vidyapeeth's College of Engineering, Kolhapur",Computer Science and Engineering(Artificial,DEF,I,2023-24,60,1
6303,"Dr. Ashok Gujar Technical Institute's Dr. Daulatrao Aher College of Engineering, Karad",Civil Engineering,PWD,I,2023-24,60,2
6303,"Dr. Ashok Gujar Technical Institute's Dr. Daulatrao Aher College of Engineering, Karad",Civil Engineering,DEF,I,2023-24,60,2
6303,"Dr. Ashok Gujar Technical Institute's Dr. Daulatrao Aher College of Engineering, Karad",Computer Science and Engineering,PWD,I,2023-24,60,1
6303,"Dr. Ashok Gujar Technical Institute's Dr. Daulatrao Aher College of Engineering, Karad",Computer Science and Engineering,DEF,I,2023-24,60,1
6303,"Dr. Ashok Gujar Technical Institute's Dr. Daulatrao Aher College of Engineering, Karad",Electronics and Telecommunication Engg,PWD,I,2023-24,60,1
6303,"Dr. Ashok Gujar Technical Institute's Dr. Daulatrao Aher College of Engineering, Karad",Electronics and Telecommunication Engg,DEF,I,2023-24,60,1
6303,"Dr. Ashok Gujar Technical Institute's Dr. Daulatrao Aher College of Engineering, Karad",Mechanical Engineering,PWD,I,2023-24,60,2
6303,"Dr. Ashok Gujar Technical Institute's Dr. Daulatrao Aher College of Engineering, Karad",Mechanical Engineering,DEF,I,2023-24,60,2
6780,"D.Y.Patil Education Society's,D.Y.Patil Technical Campus, Faculty of Engineering & Faculty of Management,Talsande,Kolhapur.",Civil Engineering,PWD,I,2023-24,30,1
6780,"D.Y.Patil Education Society's,D.Y.Patil Technical Campus, Faculty of Engineering & Faculty of Management,Talsande,Kolhapur.",Civil Engineering,DEF,I,2023-24,30,1
6780,"D.Y.Patil Education Society's,D.Y.Patil Technical Campus, Faculty of Engineering & Faculty of Management,Talsande,Kolhapur.",Computer Science and Engineering,PWD,I,2023-24,180,5
6780,"D.Y.Patil Education Society's,D.Y.Patil Technical Campus, Faculty of Engineering & Faculty of Management,Talsande,Kolhapur.",Computer Science and Engineering,DEF,I,2023-24,180,5
6780,"D.Y.Patil Education Society's,D.Y.Patil Technical Campus, Faculty of Engineering & Faculty of Management,Talsande,Kolhapur.",Electrical Engineering,PWD,I,2023-24,60,2
6780,"D.Y.Patil Education Society's,D.Y.Patil Technical Campus, Faculty of Engineering & Faculty of Management,Talsande,Kolhapur.",Electrical Engineering,DEF,I,2023-24,60,2
6780,"D.Y.Patil Education Society's,D.Y.Patil Technical Campus, Faculty of Engineering & Faculty of Management,Talsande,Kolhapur.",Mechanical Engineering,PWD,I,2023-24,30,1
6780,"D.Y.Patil Education Society's,D.Y.Patil Technical Campus, Faculty of Engineering & Faculty of Management,Talsande,Kolhapur.",Mechanical Engineering,DEF,I,2023-24,30,1
6803,"Sant Gajanan Maharaj College of Engineering, Gadhinglaj",Civil Engineering,PWD,I,2023-24,60,2
6803,"Sant Gajanan Maharaj College of Engineering, Gadhinglaj",Civil Engineering,DEF,I,2023-24,60,2
6803,"Sant Gajanan Maharaj College of Engineering, Gadhinglaj",Computer Science and Engineering,PWD,I,2023-24,60,1
6803,"Sant Gajanan Maharaj College of Engineering, Gadhinglaj",Computer Science and Engineering,DEF,I,2023-24,60,1
6803,"Sant Gajanan Maharaj College of Engineering, Gadhinglaj",Electrical Engineering,PWD,I,2023-24,60,2
6803,"Sant Gajanan Maharaj College of Engineering, Gadhinglaj",Electrical Engineering,DEF,I,2023-24,60,2
6803,"Sant Gajanan Maharaj College of Engineering, Gadhinglaj",Electronics and Telecommunication Engg,PWD,I,2023-24,60,1
6803,"Sant Gajanan Maharaj College of Engineering, Gadhinglaj",Electronics and Telecommunication Engg,DEF,I,2023-24,60,1
6803,"Sant Gajanan Maharaj College of Engineering, Gadhinglaj",Mechanical Engineering,PWD,I,2023-24,60,2
6803,"Sant Gajanan Maharaj College of Engineering, Gadhinglaj",Mechanical Engineering,DEF,I,2023-24,60,2
6839,"Dr. D Y Patil Pratishthan's College of Engineering, Kolhapur",Civil Engineering,PWD,I,2023-24,60,2
6839,"Dr. D Y Patil Pratishthan's College of Engineering, Kolhapur",Civil Engineering,DEF,I,2023-24,60,2
6839,"Dr. D Y Patil Pratishthan's College of Engineering, Kolhapur",Computer Science and Engineering,PWD,I,2023-24,180,5
6839,"Dr. D Y Patil Pratishthan's College of Engineering, Kolhapur",Computer Science and Engineering,DEF,I,2023-24,180,5
6839,"Dr. D Y Patil Pratishthan's College of Engineering, Kolhapur",Electrical Engineering,PWD,I,2023-24,60,2
6839,"Dr. D Y Patil Pratishthan's College of Engineering, Kolhapur",Electrical Engineering,DEF,I,2023-24,60,2
6839,"Dr. D Y Patil Pratishthan's College of Engineering, Kolhapur",Computer Science and Engineering(Data Science),PWD,I,2023-24,60,2
6839,"Dr. D Y Patil Pratishthan's College of Engineering, Kolhapur",Computer Science and Engineering(Data Science),DEF,I,2023-24,60,2
6878,"Dr. A. D. Shinde College Of Engineering, Tal.Gadhinglaj, Kolhapur",Civil Engineering,PWD,I,2023-24,60,2
6878,"Dr. A. D. Shinde College Of Engineering, Tal.Gadhinglaj, Kolhapur",Civil Engineering,DEF,I,2023-24,60,2
6878,"Dr. A. D. Shinde College Of Engineering, Tal.Gadhinglaj, Kolhapur",Computer Science and Engineering,PWD,I,2023-24,60,1
6878,"Dr. A. D. Shinde College Of Engineering, Tal.Gadhinglaj, Kolhapur",Computer Science and Engineering,DEF,I,2023-24,60,1
6878,"Dr. A. D. Shinde College Of Engineering, Tal.Gadhinglaj, Kolhapur",Electrical Engineering,PWD,I,2023-24,60,2
6878,"Dr. A. D. Shinde College Of Engineering, Tal.Gadhinglaj, Kolhapur",Electrical Engineering,DEF,I,2023-24,60,2
6878,"Dr. A. D. Shinde College Of Engineering, Tal.Gadhinglaj, Kolhapur",Mechanical Engineering,PWD,I,2023-24,60,2
6878,"Dr. A. D. Shinde College Of Engineering, Tal.Gadhinglaj, Kolhapur",Mechanical Engineering,DEF,I,2023-24,60,2
6878,"Dr. A. D. Shinde College Of Engineering, Tal.Gadhinglaj, Kolhapur",Electronics and Computer Science,PWD,I,2023-24,60,2
6878,"Dr. A. D. Shinde College Of Engineering, Tal.Gadhinglaj, Kolhapur",Electronics and Computer Science,DEF,I,2023-24,60,2
3035,"Usha Mittal Institute of Technology SNDT Women's University, Mumbai",Electronics and Computer Science,State Level,I,2023-24,60,55
3035,"Usha Mittal Institute of Technology SNDT Women's University, Mumbai",Electronics and Computer Science,PWD,I,2023-24,60,2
3035,"Usha Mittal Institute of Technology SNDT Women's University, Mumbai",Electronics and Computer Science,DEF,I,2023-24,60,2
3035,"Usha Mittal Institute of Technology SNDT Women's University, Mumbai",Electronics and Computer Science,State Level,I,2023-24,60,55
3035,"Usha Mittal Institute of Technology SNDT Women's University, Mumbai",Electronics and Computer Science,PWD,I,2023-24,60,2
3035,"Usha Mittal Institute of Technology SNDT Women's University, Mumbai",Electronics and Computer Science,DEF,I,2023-24,60,2
3035,"Usha Mittal Institute of Technology SNDT Women's University, Mumbai",Electronics and Computer Science,State Level,I,2023-24,60,55
3035,"Usha Mittal Institute of Technology SNDT Women's University, Mumbai",Electronics and Computer Science,PWD,I,2023-24,60,2
3035,"Usha Mittal Institute of Technology SNDT Women's University, Mumbai",Electronics and Computer Science,DEF,I,2023-24,60,2
3035,"Usha Mittal Institute of Technology SNDT Women's University, Mumbai",Electronics and Computer Science,State Level,I,2023-24,60,55
3035,"Usha Mittal Institute of Technology SNDT Women's University, Mumbai",Electronics and Computer Science,PWD,I,2023-24,60,2
3035,"Usha Mittal Institute of Technology SNDT Women's University, Mumbai",Electronics and Computer Science,DEF,I,2023-24,60,2
3035,"Usha Mittal Institute of Technology SNDT Women's University, Mumbai",Electronics and Computer Science,State Level,I,2023-24,60,55
3035,"Usha Mittal Institute of Technology SNDT Women's University, Mumbai",Electronics and Computer Science,PWD,I,2023-24,60,2
3035,"Usha Mittal Institute of Technology SNDT Women's University, Mumbai",Electronics and Computer Science,DEF,I,2023-24,60,2
3035,"Usha Mittal Institute of Technology SNDT Women's University, Mumbai",Electronics and Computer Science,State Level,I,2023-24,60,55
3035,"Usha Mittal Institute of Technology SNDT Women's University, Mumbai",Electronics and Computer Science,PWD,I,2023-24,60,2
3035,"Usha Mittal Institute of Technology SNDT Women's University, Mumbai",Electronics and Computer Science,DEF,I,2023-24,60,2
6006,COEP Technological University,Robotics and Artificial Intelligence,PWD,I,2023-24,60,1
6006,COEP Technological University,Robotics and Artificial Intelligence,DEF,I,2023-24,60,1
